{
 "type": "FeatureCollection",
 "generated": "2024-12-23T09:25:00.749104",
 "suburb": "EUDUNDA",
 "features": [
  {
   "type": "Feature",
   "geometry": {
    "type": "Point",
    "coordinates": [
     139.08141739,
     -34.1656073
    ]
   },
   "properties": {
    "name": "5 PARK DRIVE EUDUNDA 5374",
    "locID": "LOC000056669455",
    "tech": "WIRELESS",
    "upgrade": "NULL_NA",
    "gnaf_pid": "GASA_414931602",
    "tech_change_status": "Not Planned",
    "program_type": "Fixed Wireless and Satellite Upgrade Program",
    "target_eligibility_quarter": "NA"
   }
  },
  {
   "type": "Feature",
   "geometry": {
    "type": "Point",
    "coordinates": [
     139.08160247,
     -34.16550192
    ]
   },
   "properties": {
    "name": "7 PARK DRIVE EUDUNDA 5374",
    "locID": "LOC000040686891",
    "tech": "WIRELESS",
    "upgrade": "NULL_NA",
    "gnaf_pid": "GASA_414931603",
    "tech_change_status": "Not Planned",
    "program_type": "Fixed Wireless and Satellite Upgrade Program",
    "target_eligibility_quarter": "NA"
   }
  },
  {
   "type": "Feature",
   "geometry": {
    "type": "Point",
    "coordinates": [
     139.08222058,
     -34.16526002
    ]
   },
   "properties": {
    "name": "13 PARK DRIVE EUDUNDA 5374",
    "locID": "LOC000089057365",
    "tech": "WIRELESS",
    "upgrade": "NULL_NA",
    "gnaf_pid": "GASA_414931606",
    "tech_change_status": "Not Planned",
    "program_type": "Fixed Wireless and Satellite Upgrade Program",
    "target_eligibility_quarter": "NA"
   }
  },
  {
   "type": "Feature",
   "geometry": {
    "type": "Point",
    "coordinates": [
     139.08243974,
     -34.16514377
    ]
   },
   "properties": {
    "name": "15 PARK DRIVE EUDUNDA 5374",
    "locID": "LOC000075262773",
    "tech": "WIRELESS",
    "upgrade": "NULL_NA",
    "gnaf_pid": "GASA_414931607",
    "tech_change_status": "Not Planned",
    "program_type": "Fixed Wireless and Satellite Upgrade Program",
    "target_eligibility_quarter": "NA"
   }
  },
  {
   "type": "Feature",
   "geometry": {
    "type": "Point",
    "coordinates": [
     139.08054044,
     -34.16651859
    ]
   },
   "properties": {
    "name": "2 SHEOAK CRESCENT EUDUNDA 5374",
    "locID": "LOC000052518075",
    "tech": "WIRELESS",
    "upgrade": "NULL_NA",
    "gnaf_pid": "GASA_414931608",
    "tech_change_status": "Not Planned",
    "program_type": "Fixed Wireless and Satellite Upgrade Program",
    "target_eligibility_quarter": "NA"
   }
  },
  {
   "type": "Feature",
   "geometry": {
    "type": "Point",
    "coordinates": [
     139.08126421,
     -34.16800077
    ]
   },
   "properties": {
    "name": "2 MICHAEL STREET EUDUNDA 5374",
    "locID": "LOC000010273116",
    "tech": "WIRELESS",
    "upgrade": "NULL_NA",
    "gnaf_pid": "GASA_414931609",
    "tech_change_status": "Not Planned",
    "program_type": "Fixed Wireless and Satellite Upgrade Program",
    "target_eligibility_quarter": "NA"
   }
  },
  {
   "type": "Feature",
   "geometry": {
    "type": "Point",
    "coordinates": [
     139.079754,
     -34.16627547
    ]
   },
   "properties": {
    "name": "6 SHEOAK CRESCENT EUDUNDA 5374",
    "locID": "LOC000032587190",
    "tech": "WIRELESS",
    "upgrade": "NULL_NA",
    "gnaf_pid": "GASA_414931614",
    "tech_change_status": "Not Planned",
    "program_type": "Fixed Wireless and Satellite Upgrade Program",
    "target_eligibility_quarter": "NA"
   }
  },
  {
   "type": "Feature",
   "geometry": {
    "type": "Point",
    "coordinates": [
     139.08003625,
     -34.16611672
    ]
   },
   "properties": {
    "name": "7 SHEOAK CRESCENT EUDUNDA 5374",
    "locID": "LOC000005264008",
    "tech": "WIRELESS",
    "upgrade": "NULL_NA",
    "gnaf_pid": "GASA_414931615",
    "tech_change_status": "Not Planned",
    "program_type": "Fixed Wireless and Satellite Upgrade Program",
    "target_eligibility_quarter": "NA"
   }
  },
  {
   "type": "Feature",
   "geometry": {
    "type": "Point",
    "coordinates": [
     139.08027015,
     -34.16604326
    ]
   },
   "properties": {
    "name": "8 SHEOAK CRESCENT EUDUNDA 5374",
    "locID": "LOC000070164833",
    "tech": "WIRELESS",
    "upgrade": "NULL_NA",
    "gnaf_pid": "GASA_414933525",
    "tech_change_status": "Not Planned",
    "program_type": "Fixed Wireless and Satellite Upgrade Program",
    "target_eligibility_quarter": "NA"
   }
  },
  {
   "type": "Feature",
   "geometry": {
    "type": "Point",
    "coordinates": [
     139.08047406,
     -34.16596121
    ]
   },
   "properties": {
    "name": "9 SHEOAK CRESCENT EUDUNDA 5374",
    "locID": "LOC000060343864",
    "tech": "WIRELESS",
    "upgrade": "NULL_NA",
    "gnaf_pid": "GASA_414933526",
    "tech_change_status": "Not Planned",
    "program_type": "Fixed Wireless and Satellite Upgrade Program",
    "target_eligibility_quarter": "NA"
   }
  },
  {
   "type": "Feature",
   "geometry": {
    "type": "Point",
    "coordinates": [
     139.08086491,
     -34.165681
    ]
   },
   "properties": {
    "name": "23 MICHAEL STREET EUDUNDA 5374",
    "locID": "LOC000067893924",
    "tech": "WIRELESS",
    "upgrade": "NULL_NA",
    "gnaf_pid": "GASA_414940491",
    "tech_change_status": "Not Planned",
    "program_type": "Fixed Wireless and Satellite Upgrade Program",
    "target_eligibility_quarter": "NA"
   }
  },
  {
   "type": "Feature",
   "geometry": {
    "type": "Point",
    "coordinates": [
     139.08096651,
     -34.16586045
    ]
   },
   "properties": {
    "name": "21 MICHAEL STREET EUDUNDA 5374",
    "locID": "LOC000049176952",
    "tech": "WIRELESS",
    "upgrade": "NULL_NA",
    "gnaf_pid": "GASA_414940492",
    "tech_change_status": "Not Planned",
    "program_type": "Fixed Wireless and Satellite Upgrade Program",
    "target_eligibility_quarter": "NA"
   }
  },
  {
   "type": "Feature",
   "geometry": {
    "type": "Point",
    "coordinates": [
     139.0812512,
     -34.16573533
    ]
   },
   "properties": {
    "name": "3 PARK DRIVE EUDUNDA 5374",
    "locID": "LOC000089948114",
    "tech": "WIRELESS",
    "upgrade": "NULL_NA",
    "gnaf_pid": "GASA_414940494",
    "tech_change_status": "Not Planned",
    "program_type": "Fixed Wireless and Satellite Upgrade Program",
    "target_eligibility_quarter": "NA"
   }
  },
  {
   "type": "Feature",
   "geometry": {
    "type": "Point",
    "coordinates": [
     139.0825555,
     -34.16754606
    ]
   },
   "properties": {
    "name": "58 BARWELL STREET EUDUNDA 5374",
    "locID": "LOC000099347197",
    "tech": "WIRELESS",
    "upgrade": "NULL_NA",
    "gnaf_pid": "GASA_414953092",
    "tech_change_status": "Not Planned",
    "program_type": "Fixed Wireless and Satellite Upgrade Program",
    "target_eligibility_quarter": "NA"
   }
  },
  {
   "type": "Feature",
   "geometry": {
    "type": "Point",
    "coordinates": [
     139.08295707,
     -34.16710177
    ]
   },
   "properties": {
    "name": "64 BARWELL STREET EUDUNDA 5374",
    "locID": "LOC000078264203",
    "tech": "WIRELESS",
    "upgrade": "NULL_NA",
    "gnaf_pid": "GASA_414953093",
    "tech_change_status": "Not Planned",
    "program_type": "Fixed Wireless and Satellite Upgrade Program",
    "target_eligibility_quarter": "NA"
   }
  },
  {
   "type": "Feature",
   "geometry": {
    "type": "Point",
    "coordinates": [
     139.08311949,
     -34.16698713
    ]
   },
   "properties": {
    "name": "66 BARWELL STREET EUDUNDA 5374",
    "locID": "LOC000002638587",
    "tech": "WIRELESS",
    "upgrade": "NULL_NA",
    "gnaf_pid": "GASA_414953094",
    "tech_change_status": "Not Planned",
    "program_type": "Fixed Wireless and Satellite Upgrade Program",
    "target_eligibility_quarter": "NA"
   }
  },
  {
   "type": "Feature",
   "geometry": {
    "type": "Point",
    "coordinates": [
     139.08329355,
     -34.16686427
    ]
   },
   "properties": {
    "name": "68 BARWELL STREET EUDUNDA 5374",
    "locID": "LOC000069985286",
    "tech": "WIRELESS",
    "upgrade": "NULL_NA",
    "gnaf_pid": "GASA_414953095",
    "tech_change_status": "Not Planned",
    "program_type": "Fixed Wireless and Satellite Upgrade Program",
    "target_eligibility_quarter": "NA"
   }
  },
  {
   "type": "Feature",
   "geometry": {
    "type": "Point",
    "coordinates": [
     139.08239429,
     -34.16774542
    ]
   },
   "properties": {
    "name": "56 BARWELL STREET EUDUNDA 5374",
    "locID": "LOC000005851573",
    "tech": "WIRELESS",
    "upgrade": "NULL_NA",
    "gnaf_pid": "GASA_414955268",
    "tech_change_status": "Not Planned",
    "program_type": "Fixed Wireless and Satellite Upgrade Program",
    "target_eligibility_quarter": "NA"
   }
  },
  {
   "type": "Feature",
   "geometry": {
    "type": "Point",
    "coordinates": [
     139.08507613,
     -34.17091108
    ]
   },
   "properties": {
    "name": "4 HANNAN STREET EUDUNDA 5374",
    "locID": "LOC000070257789",
    "tech": "WIRELESS",
    "upgrade": "NULL_NA",
    "gnaf_pid": "GASA_414977449",
    "tech_change_status": "Not Planned",
    "program_type": "Fixed Wireless and Satellite Upgrade Program",
    "target_eligibility_quarter": "NA"
   }
  },
  {
   "type": "Feature",
   "geometry": {
    "type": "Point",
    "coordinates": [
     139.08319131,
     -34.17077876
    ]
   },
   "properties": {
    "name": "22 BARWELL STREET EUDUNDA 5374",
    "locID": "LOC000028399550",
    "tech": "WIRELESS",
    "upgrade": "NULL_NA",
    "gnaf_pid": "GASA_414997380",
    "tech_change_status": "Not Planned",
    "program_type": "Fixed Wireless and Satellite Upgrade Program",
    "target_eligibility_quarter": "NA"
   }
  },
  {
   "type": "Feature",
   "geometry": {
    "type": "Point",
    "coordinates": [
     139.08243877,
     -34.16718442
    ]
   },
   "properties": {
    "name": "62 BARWELL STREET EUDUNDA 5374",
    "locID": "LOC000023318155",
    "tech": "WIRELESS",
    "upgrade": "NULL_NA",
    "gnaf_pid": "GASA_415002829",
    "tech_change_status": "Not Planned",
    "program_type": "Fixed Wireless and Satellite Upgrade Program",
    "target_eligibility_quarter": "NA"
   }
  },
  {
   "type": "Feature",
   "geometry": {
    "type": "Point",
    "coordinates": [
     139.08177669,
     -34.16752964
    ]
   },
   "properties": {
    "name": "3 MICHAEL STREET EUDUNDA 5374",
    "locID": "LOC000083917857",
    "tech": "WIRELESS",
    "upgrade": "NULL_NA",
    "gnaf_pid": "GASA_415003802",
    "tech_change_status": "Not Planned",
    "program_type": "Fixed Wireless and Satellite Upgrade Program",
    "target_eligibility_quarter": "NA"
   }
  },
  {
   "type": "Feature",
   "geometry": {
    "type": "Point",
    "coordinates": [
     139.08233209,
     -34.17000291
    ]
   },
   "properties": {
    "name": "8 LAURENCE STREET EUDUNDA 5374",
    "locID": "LOC000035403702",
    "tech": "WIRELESS",
    "upgrade": "NULL_NA",
    "gnaf_pid": "GASA_415003803",
    "tech_change_status": "Not Planned",
    "program_type": "Fixed Wireless and Satellite Upgrade Program",
    "target_eligibility_quarter": "NA"
   }
  },
  {
   "type": "Feature",
   "geometry": {
    "type": "Point",
    "coordinates": [
     139.08240894,
     -34.17034315
    ]
   },
   "properties": {
    "name": "4 LAURENCE STREET EUDUNDA 5374",
    "locID": "LOC000006835779",
    "tech": "WIRELESS",
    "upgrade": "NULL_NA",
    "gnaf_pid": "GASA_415003804",
    "tech_change_status": "Not Planned",
    "program_type": "Fixed Wireless and Satellite Upgrade Program",
    "target_eligibility_quarter": "NA"
   }
  },
  {
   "type": "Feature",
   "geometry": {
    "type": "Point",
    "coordinates": [
     139.08201336,
     -34.17077197
    ]
   },
   "properties": {
    "name": "3 LAURENCE STREET EUDUNDA 5374",
    "locID": "LOC000091114454",
    "tech": "WIRELESS",
    "upgrade": "NULL_NA",
    "gnaf_pid": "GASA_415003806",
    "tech_change_status": "Not Planned",
    "program_type": "Fixed Wireless and Satellite Upgrade Program",
    "target_eligibility_quarter": "NA"
   }
  },
  {
   "type": "Feature",
   "geometry": {
    "type": "Point",
    "coordinates": [
     139.08187503,
     -34.17040091
    ]
   },
   "properties": {
    "name": "5 LAURENCE STREET EUDUNDA 5374",
    "locID": "LOC000076885327",
    "tech": "WIRELESS",
    "upgrade": "NULL_NA",
    "gnaf_pid": "GASA_415003807",
    "tech_change_status": "Not Planned",
    "program_type": "Fixed Wireless and Satellite Upgrade Program",
    "target_eligibility_quarter": "NA"
   }
  },
  {
   "type": "Feature",
   "geometry": {
    "type": "Point",
    "coordinates": [
     139.08177562,
     -34.17013374
    ]
   },
   "properties": {
    "name": "7 LAURENCE STREET EUDUNDA 5374",
    "locID": "LOC000063998581",
    "tech": "WIRELESS",
    "upgrade": "NULL_NA",
    "gnaf_pid": "GASA_415003808",
    "tech_change_status": "Not Planned",
    "program_type": "Fixed Wireless and Satellite Upgrade Program",
    "target_eligibility_quarter": "NA"
   }
  },
  {
   "type": "Feature",
   "geometry": {
    "type": "Point",
    "coordinates": [
     139.08169439,
     -34.16990846
    ]
   },
   "properties": {
    "name": "9 LAURENCE STREET EUDUNDA 5374",
    "locID": "LOC000074359753",
    "tech": "WIRELESS",
    "upgrade": "NULL_NA",
    "gnaf_pid": "GASA_415026129",
    "tech_change_status": "Not Planned",
    "program_type": "Fixed Wireless and Satellite Upgrade Program",
    "target_eligibility_quarter": "NA"
   }
  },
  {
   "type": "Feature",
   "geometry": {
    "type": "Point",
    "coordinates": [
     139.0817631,
     -34.16787749
    ]
   },
   "properties": {
    "name": "5 ALLAN STREET EUDUNDA 5374",
    "locID": "LOC000073962932",
    "tech": "WIRELESS",
    "upgrade": "NULL_NA",
    "gnaf_pid": "GASA_415026130",
    "tech_change_status": "Not Planned",
    "program_type": "Fixed Wireless and Satellite Upgrade Program",
    "target_eligibility_quarter": "NA"
   }
  },
  {
   "type": "Feature",
   "geometry": {
    "type": "Point",
    "coordinates": [
     139.08159845,
     -34.16962494
    ]
   },
   "properties": {
    "name": "11 LAURENCE STREET EUDUNDA 5374",
    "locID": "LOC000002680751",
    "tech": "WIRELESS",
    "upgrade": "NULL_NA",
    "gnaf_pid": "GASA_415026131",
    "tech_change_status": "Not Planned",
    "program_type": "Fixed Wireless and Satellite Upgrade Program",
    "target_eligibility_quarter": "NA"
   }
  },
  {
   "type": "Feature",
   "geometry": {
    "type": "Point",
    "coordinates": [
     139.08151078,
     -34.1693656
    ]
   },
   "properties": {
    "name": "15 LAURENCE STREET EUDUNDA 5374",
    "locID": "LOC000069688575",
    "tech": "WIRELESS",
    "upgrade": "NULL_NA",
    "gnaf_pid": "GASA_415026133",
    "tech_change_status": "Not Planned",
    "program_type": "Fixed Wireless and Satellite Upgrade Program",
    "target_eligibility_quarter": "NA"
   }
  },
  {
   "type": "Feature",
   "geometry": {
    "type": "Point",
    "coordinates": [
     139.08145129,
     -34.16919045
    ]
   },
   "properties": {
    "name": "17 LAURENCE STREET EUDUNDA 5374",
    "locID": "LOC000085923249",
    "tech": "WIRELESS",
    "upgrade": "NULL_NA",
    "gnaf_pid": "GASA_415026134",
    "tech_change_status": "Not Planned",
    "program_type": "Fixed Wireless and Satellite Upgrade Program",
    "target_eligibility_quarter": "NA"
   }
  },
  {
   "type": "Feature",
   "geometry": {
    "type": "Point",
    "coordinates": [
     139.08138893,
     -34.1690157
    ]
   },
   "properties": {
    "name": "19 LAURENCE STREET EUDUNDA 5374",
    "locID": "LOC000081746806",
    "tech": "WIRELESS",
    "upgrade": "NULL_NA",
    "gnaf_pid": "GASA_415026135",
    "tech_change_status": "Not Planned",
    "program_type": "Fixed Wireless and Satellite Upgrade Program",
    "target_eligibility_quarter": "NA"
   }
  },
  {
   "type": "Feature",
   "geometry": {
    "type": "Point",
    "coordinates": [
     139.08132416,
     -34.16884161
    ]
   },
   "properties": {
    "name": "21 LAURENCE STREET EUDUNDA 5374",
    "locID": "LOC000040995765",
    "tech": "WIRELESS",
    "upgrade": "NULL_NA",
    "gnaf_pid": "GASA_415026136",
    "tech_change_status": "Not Planned",
    "program_type": "Fixed Wireless and Satellite Upgrade Program",
    "target_eligibility_quarter": "NA"
   }
  },
  {
   "type": "Feature",
   "geometry": {
    "type": "Point",
    "coordinates": [
     139.0812181,
     -34.16765751
    ]
   },
   "properties": {
    "name": "6 MICHAEL STREET EUDUNDA 5374",
    "locID": "LOC000052863162",
    "tech": "WIRELESS",
    "upgrade": "NULL_NA",
    "gnaf_pid": "GASA_415026140",
    "tech_change_status": "Not Planned",
    "program_type": "Fixed Wireless and Satellite Upgrade Program",
    "target_eligibility_quarter": "NA"
   }
  },
  {
   "type": "Feature",
   "geometry": {
    "type": "Point",
    "coordinates": [
     139.0819802,
     -34.1682726
    ]
   },
   "properties": {
    "name": "24 LAURENCE STREET EUDUNDA 5374",
    "locID": "LOC000020901468",
    "tech": "WIRELESS",
    "upgrade": "NULL_NA",
    "gnaf_pid": "GASA_415026947",
    "tech_change_status": "Not Planned",
    "program_type": "Fixed Wireless and Satellite Upgrade Program",
    "target_eligibility_quarter": "NA"
   }
  },
  {
   "type": "Feature",
   "geometry": {
    "type": "Point",
    "coordinates": [
     139.08202066,
     -34.16850167
    ]
   },
   "properties": {
    "name": "22 LAURENCE STREET EUDUNDA 5374",
    "locID": "LOC000027449095",
    "tech": "WIRELESS",
    "upgrade": "NULL_NA",
    "gnaf_pid": "GASA_415026948",
    "tech_change_status": "Not Planned",
    "program_type": "Fixed Wireless and Satellite Upgrade Program",
    "target_eligibility_quarter": "NA"
   }
  },
  {
   "type": "Feature",
   "geometry": {
    "type": "Point",
    "coordinates": [
     139.08206515,
     -34.16871613
    ]
   },
   "properties": {
    "name": "20 LAURENCE STREET EUDUNDA 5374",
    "locID": "LOC000009328000",
    "tech": "WIRELESS",
    "upgrade": "NULL_NA",
    "gnaf_pid": "GASA_415026949",
    "tech_change_status": "Not Planned",
    "program_type": "Fixed Wireless and Satellite Upgrade Program",
    "target_eligibility_quarter": "NA"
   }
  },
  {
   "type": "Feature",
   "geometry": {
    "type": "Point",
    "coordinates": [
     139.08210964,
     -34.1689306
    ]
   },
   "properties": {
    "name": "18 LAURENCE STREET EUDUNDA 5374",
    "locID": "LOC000083274395",
    "tech": "WIRELESS",
    "upgrade": "NULL_NA",
    "gnaf_pid": "GASA_415026950",
    "tech_change_status": "Not Planned",
    "program_type": "Fixed Wireless and Satellite Upgrade Program",
    "target_eligibility_quarter": "NA"
   }
  },
  {
   "type": "Feature",
   "geometry": {
    "type": "Point",
    "coordinates": [
     139.08215413,
     -34.16914506
    ]
   },
   "properties": {
    "name": "16 LAURENCE STREET EUDUNDA 5374",
    "locID": "LOC000019205378",
    "tech": "WIRELESS",
    "upgrade": "NULL_NA",
    "gnaf_pid": "GASA_415026951",
    "tech_change_status": "Not Planned",
    "program_type": "Fixed Wireless and Satellite Upgrade Program",
    "target_eligibility_quarter": "NA"
   }
  },
  {
   "type": "Feature",
   "geometry": {
    "type": "Point",
    "coordinates": [
     139.08219862,
     -34.16935952
    ]
   },
   "properties": {
    "name": "14 LAURENCE STREET EUDUNDA 5374",
    "locID": "LOC000003425549",
    "tech": "WIRELESS",
    "upgrade": "NULL_NA",
    "gnaf_pid": "GASA_415026952",
    "tech_change_status": "Not Planned",
    "program_type": "Fixed Wireless and Satellite Upgrade Program",
    "target_eligibility_quarter": "NA"
   }
  },
  {
   "type": "Feature",
   "geometry": {
    "type": "Point",
    "coordinates": [
     139.08710076,
     -34.17110932
    ]
   },
   "properties": {
    "name": "15 KAPUNDA STREET EUDUNDA 5374",
    "locID": "LOC000104396323",
    "tech": "WIRELESS",
    "upgrade": "NULL_NA",
    "gnaf_pid": "GASA_415037266",
    "tech_change_status": "Not Planned",
    "program_type": "Fixed Wireless and Satellite Upgrade Program",
    "target_eligibility_quarter": "NA"
   }
  },
  {
   "type": "Feature",
   "geometry": {
    "type": "Point",
    "coordinates": [
     139.08682688,
     -34.1705169
    ]
   },
   "properties": {
    "name": "1 VIEW STREET EUDUNDA 5374",
    "locID": "LOC000048991361",
    "tech": "WIRELESS",
    "upgrade": "NULL_NA",
    "gnaf_pid": "GASA_415127398",
    "tech_change_status": "Not Planned",
    "program_type": "Fixed Wireless and Satellite Upgrade Program",
    "target_eligibility_quarter": "NA"
   }
  },
  {
   "type": "Feature",
   "geometry": {
    "type": "Point",
    "coordinates": [
     139.08661362,
     -34.17033564
    ]
   },
   "properties": {
    "name": "3 VIEW STREET EUDUNDA 5374",
    "locID": "LOC000104562565",
    "tech": "WIRELESS",
    "upgrade": "NULL_NA",
    "gnaf_pid": "GASA_415127399",
    "tech_change_status": "Not Planned",
    "program_type": "Fixed Wireless and Satellite Upgrade Program",
    "target_eligibility_quarter": "NA"
   }
  },
  {
   "type": "Feature",
   "geometry": {
    "type": "Point",
    "coordinates": [
     139.08649251,
     -34.17007416
    ]
   },
   "properties": {
    "name": "5 VIEW STREET EUDUNDA 5374",
    "locID": "LOC000011210705",
    "tech": "WIRELESS",
    "upgrade": "NULL_NA",
    "gnaf_pid": "GASA_415127400",
    "tech_change_status": "Not Planned",
    "program_type": "Fixed Wireless and Satellite Upgrade Program",
    "target_eligibility_quarter": "NA"
   }
  },
  {
   "type": "Feature",
   "geometry": {
    "type": "Point",
    "coordinates": [
     139.0864532,
     -34.16980206
    ]
   },
   "properties": {
    "name": "9 VIEW STREET EUDUNDA 5374",
    "locID": "LOC000097251063",
    "tech": "WIRELESS",
    "upgrade": "NULL_NA",
    "gnaf_pid": "GASA_415127402",
    "tech_change_status": "Not Planned",
    "program_type": "Fixed Wireless and Satellite Upgrade Program",
    "target_eligibility_quarter": "NA"
   }
  },
  {
   "type": "Feature",
   "geometry": {
    "type": "Point",
    "coordinates": [
     139.08220428,
     -34.16690465
    ]
   },
   "properties": {
    "name": "3 HAMBOUR AVENUE EUDUNDA 5374",
    "locID": "LOC000003534573",
    "tech": "WIRELESS",
    "upgrade": "NULL_NA",
    "gnaf_pid": "GASA_415196351",
    "tech_change_status": "Not Planned",
    "program_type": "Fixed Wireless and Satellite Upgrade Program",
    "target_eligibility_quarter": "NA"
   }
  },
  {
   "type": "Feature",
   "geometry": {
    "type": "Point",
    "coordinates": [
     139.08200979,
     -34.1669807
    ]
   },
   "properties": {
    "name": "1 HAMBOUR AVENUE EUDUNDA 5374",
    "locID": "LOC000051227583",
    "tech": "WIRELESS",
    "upgrade": "NULL_NA",
    "gnaf_pid": "GASA_415196352",
    "tech_change_status": "Not Planned",
    "program_type": "Fixed Wireless and Satellite Upgrade Program",
    "target_eligibility_quarter": "NA"
   }
  },
  {
   "type": "Feature",
   "geometry": {
    "type": "Point",
    "coordinates": [
     139.08173472,
     -34.16719129
    ]
   },
   "properties": {
    "name": "5 MICHAEL STREET EUDUNDA 5374",
    "locID": "LOC000104912530",
    "tech": "WIRELESS",
    "upgrade": "NULL_NA",
    "gnaf_pid": "GASA_415196353",
    "tech_change_status": "Not Planned",
    "program_type": "Fixed Wireless and Satellite Upgrade Program",
    "target_eligibility_quarter": "NA"
   }
  },
  {
   "type": "Feature",
   "geometry": {
    "type": "Point",
    "coordinates": [
     139.08165785,
     -34.16701577
    ]
   },
   "properties": {
    "name": "7 MICHAEL STREET EUDUNDA 5374",
    "locID": "LOC000078154577",
    "tech": "WIRELESS",
    "upgrade": "NULL_NA",
    "gnaf_pid": "GASA_415196354",
    "tech_change_status": "Not Planned",
    "program_type": "Fixed Wireless and Satellite Upgrade Program",
    "target_eligibility_quarter": "NA"
   }
  },
  {
   "type": "Feature",
   "geometry": {
    "type": "Point",
    "coordinates": [
     139.08149083,
     -34.16671583
    ]
   },
   "properties": {
    "name": "2 HAMBOUR AVENUE EUDUNDA 5374",
    "locID": "LOC000038256154",
    "tech": "WIRELESS",
    "upgrade": "NULL_NA",
    "gnaf_pid": "GASA_415196355",
    "tech_change_status": "Not Planned",
    "program_type": "Fixed Wireless and Satellite Upgrade Program",
    "target_eligibility_quarter": "NA"
   }
  },
  {
   "type": "Feature",
   "geometry": {
    "type": "Point",
    "coordinates": [
     139.0817445,
     -34.16651234
    ]
   },
   "properties": {
    "name": "4 HAMBOUR AVENUE EUDUNDA 5374",
    "locID": "LOC000007535805",
    "tech": "WIRELESS",
    "upgrade": "NULL_NA",
    "gnaf_pid": "GASA_415205873",
    "tech_change_status": "Not Planned",
    "program_type": "Fixed Wireless and Satellite Upgrade Program",
    "target_eligibility_quarter": "NA"
   }
  },
  {
   "type": "Feature",
   "geometry": {
    "type": "Point",
    "coordinates": [
     139.08193996,
     -34.16643814
    ]
   },
   "properties": {
    "name": "6 HAMBOUR AVENUE EUDUNDA 5374",
    "locID": "LOC000014205073",
    "tech": "WIRELESS",
    "upgrade": "NULL_NA",
    "gnaf_pid": "GASA_415205874",
    "tech_change_status": "Not Planned",
    "program_type": "Fixed Wireless and Satellite Upgrade Program",
    "target_eligibility_quarter": "NA"
   }
  },
  {
   "type": "Feature",
   "geometry": {
    "type": "Point",
    "coordinates": [
     139.08339982,
     -34.17445408
    ]
   },
   "properties": {
    "name": "34 GUNN STREET EUDUNDA 5374",
    "locID": "LOC000104680725",
    "tech": "WIRELESS",
    "upgrade": "NULL_NA",
    "gnaf_pid": "GASA_415225997",
    "tech_change_status": "Not Planned",
    "program_type": "Fixed Wireless and Satellite Upgrade Program",
    "target_eligibility_quarter": "NA"
   }
  },
  {
   "type": "Feature",
   "geometry": {
    "type": "Point",
    "coordinates": [
     139.08316839,
     -34.17413724
    ]
   },
   "properties": {
    "name": "40 GUNN STREET EUDUNDA 5374",
    "locID": "LOC000031641832",
    "tech": "WIRELESS",
    "upgrade": "NULL_NA",
    "gnaf_pid": "GASA_415225998",
    "tech_change_status": "Not Planned",
    "program_type": "Fixed Wireless and Satellite Upgrade Program",
    "target_eligibility_quarter": "NA"
   }
  },
  {
   "type": "Feature",
   "geometry": {
    "type": "Point",
    "coordinates": [
     139.08299615,
     -34.17389789
    ]
   },
   "properties": {
    "name": "42 GUNN STREET EUDUNDA 5374",
    "locID": "LOC000018670575",
    "tech": "WIRELESS",
    "upgrade": "NULL_NA",
    "gnaf_pid": "GASA_415226000",
    "tech_change_status": "Not Planned",
    "program_type": "Fixed Wireless and Satellite Upgrade Program",
    "target_eligibility_quarter": "NA"
   }
  },
  {
   "type": "Feature",
   "geometry": {
    "type": "Point",
    "coordinates": [
     139.08283157,
     -34.17366864
    ]
   },
   "properties": {
    "name": "44 GUNN STREET EUDUNDA 5374",
    "locID": "LOC000103202282",
    "tech": "WIRELESS",
    "upgrade": "NULL_NA",
    "gnaf_pid": "GASA_415226001",
    "tech_change_status": "Not Planned",
    "program_type": "Fixed Wireless and Satellite Upgrade Program",
    "target_eligibility_quarter": "NA"
   }
  },
  {
   "type": "Feature",
   "geometry": {
    "type": "Point",
    "coordinates": [
     139.08374218,
     -34.17547078
    ]
   },
   "properties": {
    "name": "18 GUNN STREET EUDUNDA 5374",
    "locID": "LOC000103625667",
    "tech": "WIRELESS",
    "upgrade": "NULL_NA",
    "gnaf_pid": "GASA_415234498",
    "tech_change_status": "Not Planned",
    "program_type": "Fixed Wireless and Satellite Upgrade Program",
    "target_eligibility_quarter": "NA"
   }
  },
  {
   "type": "Feature",
   "geometry": {
    "type": "Point",
    "coordinates": [
     139.08386646,
     -34.17013536
    ]
   },
   "properties": {
    "name": "33 BRUCE STREET EUDUNDA 5374",
    "locID": "LOC000043948037",
    "tech": "WIRELESS",
    "upgrade": "NULL_NA",
    "gnaf_pid": "GASA_415234499",
    "tech_change_status": "Not Planned",
    "program_type": "Fixed Wireless and Satellite Upgrade Program",
    "target_eligibility_quarter": "NA"
   }
  },
  {
   "type": "Feature",
   "geometry": {
    "type": "Point",
    "coordinates": [
     139.0835371,
     -34.16852612
    ]
   },
   "properties": {
    "name": "53 BRUCE STREET EUDUNDA 5374",
    "locID": "LOC000023326534",
    "tech": "WIRELESS",
    "upgrade": "NULL_NA",
    "gnaf_pid": "GASA_415234506",
    "tech_change_status": "Not Planned",
    "program_type": "Fixed Wireless and Satellite Upgrade Program",
    "target_eligibility_quarter": "NA"
   }
  },
  {
   "type": "Feature",
   "geometry": {
    "type": "Point",
    "coordinates": [
     139.08342732,
     -34.16798971
    ]
   },
   "properties": {
    "name": "59 BRUCE STREET EUDUNDA 5374",
    "locID": "LOC000086046271",
    "tech": "WIRELESS",
    "upgrade": "NULL_NA",
    "gnaf_pid": "GASA_415234507",
    "tech_change_status": "Not Planned",
    "program_type": "Fixed Wireless and Satellite Upgrade Program",
    "target_eligibility_quarter": "NA"
   }
  },
  {
   "type": "Feature",
   "geometry": {
    "type": "Point",
    "coordinates": [
     139.08250832,
     -34.16810993
    ]
   },
   "properties": {
    "name": "54 BARWELL STREET EUDUNDA 5374",
    "locID": "LOC000065823200",
    "tech": "WIRELESS",
    "upgrade": "NULL_NA",
    "gnaf_pid": "GASA_415234508",
    "tech_change_status": "Not Planned",
    "program_type": "Fixed Wireless and Satellite Upgrade Program",
    "target_eligibility_quarter": "NA"
   }
  },
  {
   "type": "Feature",
   "geometry": {
    "type": "Point",
    "coordinates": [
     139.08254519,
     -34.16828872
    ]
   },
   "properties": {
    "name": "52 BARWELL STREET EUDUNDA 5374",
    "locID": "LOC000083104872",
    "tech": "WIRELESS",
    "upgrade": "NULL_NA",
    "gnaf_pid": "GASA_415234509",
    "tech_change_status": "Not Planned",
    "program_type": "Fixed Wireless and Satellite Upgrade Program",
    "target_eligibility_quarter": "NA"
   }
  },
  {
   "type": "Feature",
   "geometry": {
    "type": "Point",
    "coordinates": [
     139.08258205,
     -34.16846748
    ]
   },
   "properties": {
    "name": "50 BARWELL STREET EUDUNDA 5374",
    "locID": "LOC000054814474",
    "tech": "WIRELESS",
    "upgrade": "NULL_NA",
    "gnaf_pid": "GASA_415234510",
    "tech_change_status": "Not Planned",
    "program_type": "Fixed Wireless and Satellite Upgrade Program",
    "target_eligibility_quarter": "NA"
   }
  },
  {
   "type": "Feature",
   "geometry": {
    "type": "Point",
    "coordinates": [
     139.0826189,
     -34.16864623
    ]
   },
   "properties": {
    "name": "48 BARWELL STREET EUDUNDA 5374",
    "locID": "LOC000040872839",
    "tech": "WIRELESS",
    "upgrade": "NULL_NA",
    "gnaf_pid": "GASA_415234511",
    "tech_change_status": "Not Planned",
    "program_type": "Fixed Wireless and Satellite Upgrade Program",
    "target_eligibility_quarter": "NA"
   }
  },
  {
   "type": "Feature",
   "geometry": {
    "type": "Point",
    "coordinates": [
     139.08265576,
     -34.16882499
    ]
   },
   "properties": {
    "name": "46 BARWELL STREET EUDUNDA 5374",
    "locID": "LOC000065028460",
    "tech": "WIRELESS",
    "upgrade": "NULL_NA",
    "gnaf_pid": "GASA_415234512",
    "tech_change_status": "Not Planned",
    "program_type": "Fixed Wireless and Satellite Upgrade Program",
    "target_eligibility_quarter": "NA"
   }
  },
  {
   "type": "Feature",
   "geometry": {
    "type": "Point",
    "coordinates": [
     139.08369775,
     -34.17519876
    ]
   },
   "properties": {
    "name": "22 GUNN STREET EUDUNDA 5374",
    "locID": "LOC000096497728",
    "tech": "WIRELESS",
    "upgrade": "NULL_NA",
    "gnaf_pid": "GASA_415234513",
    "tech_change_status": "Not Planned",
    "program_type": "Fixed Wireless and Satellite Upgrade Program",
    "target_eligibility_quarter": "NA"
   }
  },
  {
   "type": "Feature",
   "geometry": {
    "type": "Point",
    "coordinates": [
     139.08269262,
     -34.16900374
    ]
   },
   "properties": {
    "name": "44 BARWELL STREET EUDUNDA 5374",
    "locID": "LOC000065827553",
    "tech": "WIRELESS",
    "upgrade": "NULL_NA",
    "gnaf_pid": "GASA_415234514",
    "tech_change_status": "Not Planned",
    "program_type": "Fixed Wireless and Satellite Upgrade Program",
    "target_eligibility_quarter": "NA"
   }
  },
  {
   "type": "Feature",
   "geometry": {
    "type": "Point",
    "coordinates": [
     139.08272948,
     -34.1691825
    ]
   },
   "properties": {
    "name": "42 BARWELL STREET EUDUNDA 5374",
    "locID": "LOC000031630044",
    "tech": "WIRELESS",
    "upgrade": "NULL_NA",
    "gnaf_pid": "GASA_415234515",
    "tech_change_status": "Not Planned",
    "program_type": "Fixed Wireless and Satellite Upgrade Program",
    "target_eligibility_quarter": "NA"
   }
  },
  {
   "type": "Feature",
   "geometry": {
    "type": "Point",
    "coordinates": [
     139.08276633,
     -34.16936125
    ]
   },
   "properties": {
    "name": "40 BARWELL STREET EUDUNDA 5374",
    "locID": "LOC000039698292",
    "tech": "WIRELESS",
    "upgrade": "NULL_NA",
    "gnaf_pid": "GASA_415234516",
    "tech_change_status": "Not Planned",
    "program_type": "Fixed Wireless and Satellite Upgrade Program",
    "target_eligibility_quarter": "NA"
   }
  },
  {
   "type": "Feature",
   "geometry": {
    "type": "Point",
    "coordinates": [
     139.08280319,
     -34.16954001
    ]
   },
   "properties": {
    "name": "38 BARWELL STREET EUDUNDA 5374",
    "locID": "LOC000041331335",
    "tech": "WIRELESS",
    "upgrade": "NULL_NA",
    "gnaf_pid": "GASA_415234517",
    "tech_change_status": "Not Planned",
    "program_type": "Fixed Wireless and Satellite Upgrade Program",
    "target_eligibility_quarter": "NA"
   }
  },
  {
   "type": "Feature",
   "geometry": {
    "type": "Point",
    "coordinates": [
     139.08287691,
     -34.16989752
    ]
   },
   "properties": {
    "name": "34 BARWELL STREET EUDUNDA 5374",
    "locID": "LOC000084325815",
    "tech": "WIRELESS",
    "upgrade": "NULL_NA",
    "gnaf_pid": "GASA_415234519",
    "tech_change_status": "Not Planned",
    "program_type": "Fixed Wireless and Satellite Upgrade Program",
    "target_eligibility_quarter": "NA"
   }
  },
  {
   "type": "Feature",
   "geometry": {
    "type": "Point",
    "coordinates": [
     139.08291377,
     -34.17007627
    ]
   },
   "properties": {
    "name": "32 BARWELL STREET EUDUNDA 5374",
    "locID": "LOC000060362940",
    "tech": "WIRELESS",
    "upgrade": "NULL_NA",
    "gnaf_pid": "GASA_415234520",
    "tech_change_status": "Not Planned",
    "program_type": "Fixed Wireless and Satellite Upgrade Program",
    "target_eligibility_quarter": "NA"
   }
  },
  {
   "type": "Feature",
   "geometry": {
    "type": "Point",
    "coordinates": [
     139.08311111,
     -34.17143876
    ]
   },
   "properties": {
    "name": "18 BARWELL STREET EUDUNDA 5374",
    "locID": "LOC000082405084",
    "tech": "WIRELESS",
    "upgrade": "NULL_NA",
    "gnaf_pid": "GASA_415234523",
    "tech_change_status": "Not Planned",
    "program_type": "Fixed Wireless and Satellite Upgrade Program",
    "target_eligibility_quarter": "NA"
   }
  },
  {
   "type": "Feature",
   "geometry": {
    "type": "Point",
    "coordinates": [
     139.08310823,
     -34.17162009
    ]
   },
   "properties": {
    "name": "16 BARWELL STREET EUDUNDA 5374",
    "locID": "LOC000072689879",
    "tech": "WIRELESS",
    "upgrade": "NULL_NA",
    "gnaf_pid": "GASA_415234524",
    "tech_change_status": "Not Planned",
    "program_type": "Fixed Wireless and Satellite Upgrade Program",
    "target_eligibility_quarter": "NA"
   }
  },
  {
   "type": "Feature",
   "geometry": {
    "type": "Point",
    "coordinates": [
     139.08310535,
     -34.17180146
    ]
   },
   "properties": {
    "name": "14 BARWELL STREET EUDUNDA 5374",
    "locID": "LOC000071446179",
    "tech": "WIRELESS",
    "upgrade": "NULL_NA",
    "gnaf_pid": "GASA_415237190",
    "tech_change_status": "Not Planned",
    "program_type": "Fixed Wireless and Satellite Upgrade Program",
    "target_eligibility_quarter": "NA"
   }
  },
  {
   "type": "Feature",
   "geometry": {
    "type": "Point",
    "coordinates": [
     139.08310247,
     -34.17198283
    ]
   },
   "properties": {
    "name": "12 BARWELL STREET EUDUNDA 5374",
    "locID": "LOC000064239442",
    "tech": "WIRELESS",
    "upgrade": "NULL_NA",
    "gnaf_pid": "GASA_415237191",
    "tech_change_status": "Not Planned",
    "program_type": "Fixed Wireless and Satellite Upgrade Program",
    "target_eligibility_quarter": "NA"
   }
  },
  {
   "type": "Feature",
   "geometry": {
    "type": "Point",
    "coordinates": [
     139.08263267,
     -34.17339328
    ]
   },
   "properties": {
    "name": "48 GUNN STREET EUDUNDA 5374",
    "locID": "LOC000025408611",
    "tech": "WIRELESS",
    "upgrade": "NULL_NA",
    "gnaf_pid": "GASA_415240752",
    "tech_change_status": "Not Planned",
    "program_type": "Fixed Wireless and Satellite Upgrade Program",
    "target_eligibility_quarter": "NA"
   }
  },
  {
   "type": "Feature",
   "geometry": {
    "type": "Point",
    "coordinates": [
     139.08393546,
     -34.17144846
    ]
   },
   "properties": {
    "name": "19 BARWELL STREET EUDUNDA 5374",
    "locID": "LOC000036246525",
    "tech": "WIRELESS",
    "upgrade": "NULL_NA",
    "gnaf_pid": "GASA_415240758",
    "tech_change_status": "Not Planned",
    "program_type": "Fixed Wireless and Satellite Upgrade Program",
    "target_eligibility_quarter": "NA"
   }
  },
  {
   "type": "Feature",
   "geometry": {
    "type": "Point",
    "coordinates": [
     139.08729507,
     -34.17269596
    ]
   },
   "properties": {
    "name": "12 WARD STREET EUDUNDA 5374",
    "locID": "LOC000095128835",
    "tech": "WIRELESS",
    "upgrade": "NULL_NA",
    "gnaf_pid": "GASA_415247223",
    "tech_change_status": "Not Planned",
    "program_type": "Fixed Wireless and Satellite Upgrade Program",
    "target_eligibility_quarter": "NA"
   }
  },
  {
   "type": "Feature",
   "geometry": {
    "type": "Point",
    "coordinates": [
     139.08613914,
     -34.1726699
    ]
   },
   "properties": {
    "name": "9 WARD STREET EUDUNDA 5374",
    "locID": "LOC000051050177",
    "tech": "WIRELESS",
    "upgrade": "NULL_NA",
    "gnaf_pid": "GASA_415247229",
    "tech_change_status": "Not Planned",
    "program_type": "Fixed Wireless and Satellite Upgrade Program",
    "target_eligibility_quarter": "NA"
   }
  },
  {
   "type": "Feature",
   "geometry": {
    "type": "Point",
    "coordinates": [
     139.0863465,
     -34.17287936
    ]
   },
   "properties": {
    "name": "11 WARD STREET EUDUNDA 5374",
    "locID": "LOC000093910549",
    "tech": "WIRELESS",
    "upgrade": "NULL_NA",
    "gnaf_pid": "GASA_415247231",
    "tech_change_status": "Not Planned",
    "program_type": "Fixed Wireless and Satellite Upgrade Program",
    "target_eligibility_quarter": "NA"
   }
  },
  {
   "type": "Feature",
   "geometry": {
    "type": "Point",
    "coordinates": [
     139.08550956,
     -34.17274752
    ]
   },
   "properties": {
    "name": "10 WEIGALL STREET EUDUNDA 5374",
    "locID": "LOC000020006220",
    "tech": "WIRELESS",
    "upgrade": "NULL_NA",
    "gnaf_pid": "GASA_415247951",
    "tech_change_status": "Not Planned",
    "program_type": "Fixed Wireless and Satellite Upgrade Program",
    "target_eligibility_quarter": "NA"
   }
  },
  {
   "type": "Feature",
   "geometry": {
    "type": "Point",
    "coordinates": [
     139.08564895,
     -34.17288751
    ]
   },
   "properties": {
    "name": "12 WEIGALL STREET EUDUNDA 5374",
    "locID": "LOC000059174475",
    "tech": "WIRELESS",
    "upgrade": "NULL_NA",
    "gnaf_pid": "GASA_415247952",
    "tech_change_status": "Not Planned",
    "program_type": "Fixed Wireless and Satellite Upgrade Program",
    "target_eligibility_quarter": "NA"
   }
  },
  {
   "type": "Feature",
   "geometry": {
    "type": "Point",
    "coordinates": [
     139.0857873,
     -34.17302702
    ]
   },
   "properties": {
    "name": "14 WEIGALL STREET EUDUNDA 5374",
    "locID": "LOC000005396832",
    "tech": "WIRELESS",
    "upgrade": "NULL_NA",
    "gnaf_pid": "GASA_415247953",
    "tech_change_status": "Not Planned",
    "program_type": "Fixed Wireless and Satellite Upgrade Program",
    "target_eligibility_quarter": "NA"
   }
  },
  {
   "type": "Feature",
   "geometry": {
    "type": "Point",
    "coordinates": [
     139.08592645,
     -34.17316799
    ]
   },
   "properties": {
    "name": "16 WEIGALL STREET EUDUNDA 5374",
    "locID": "LOC000016179914",
    "tech": "WIRELESS",
    "upgrade": "NULL_NA",
    "gnaf_pid": "GASA_415247954",
    "tech_change_status": "Not Planned",
    "program_type": "Fixed Wireless and Satellite Upgrade Program",
    "target_eligibility_quarter": "NA"
   }
  },
  {
   "type": "Feature",
   "geometry": {
    "type": "Point",
    "coordinates": [
     139.08606633,
     -34.1733079
    ]
   },
   "properties": {
    "name": "18 WEIGALL STREET EUDUNDA 5374",
    "locID": "LOC000083760576",
    "tech": "WIRELESS",
    "upgrade": "NULL_NA",
    "gnaf_pid": "GASA_415247955",
    "tech_change_status": "Not Planned",
    "program_type": "Fixed Wireless and Satellite Upgrade Program",
    "target_eligibility_quarter": "NA"
   }
  },
  {
   "type": "Feature",
   "geometry": {
    "type": "Point",
    "coordinates": [
     139.08648321,
     -34.17372907
    ]
   },
   "properties": {
    "name": "24 WEIGALL STREET EUDUNDA 5374",
    "locID": "LOC000064609139",
    "tech": "WIRELESS",
    "upgrade": "NULL_NA",
    "gnaf_pid": "GASA_415247956",
    "tech_change_status": "Not Planned",
    "program_type": "Fixed Wireless and Satellite Upgrade Program",
    "target_eligibility_quarter": "NA"
   }
  },
  {
   "type": "Feature",
   "geometry": {
    "type": "Point",
    "coordinates": [
     139.08662177,
     -34.17386775
    ]
   },
   "properties": {
    "name": "26 WEIGALL STREET EUDUNDA 5374",
    "locID": "LOC000049792026",
    "tech": "WIRELESS",
    "upgrade": "NULL_NA",
    "gnaf_pid": "GASA_415247957",
    "tech_change_status": "Not Planned",
    "program_type": "Fixed Wireless and Satellite Upgrade Program",
    "target_eligibility_quarter": "NA"
   }
  },
  {
   "type": "Feature",
   "geometry": {
    "type": "Point",
    "coordinates": [
     139.08676157,
     -34.17400955
    ]
   },
   "properties": {
    "name": "28 WEIGALL STREET EUDUNDA 5374",
    "locID": "LOC000087113242",
    "tech": "WIRELESS",
    "upgrade": "NULL_NA",
    "gnaf_pid": "GASA_415247958",
    "tech_change_status": "Not Planned",
    "program_type": "Fixed Wireless and Satellite Upgrade Program",
    "target_eligibility_quarter": "NA"
   }
  },
  {
   "type": "Feature",
   "geometry": {
    "type": "Point",
    "coordinates": [
     139.08701321,
     -34.17424984
    ]
   },
   "properties": {
    "name": "30 WEIGALL STREET EUDUNDA 5374",
    "locID": "LOC000071039871",
    "tech": "WIRELESS",
    "upgrade": "NULL_NA",
    "gnaf_pid": "GASA_415247959",
    "tech_change_status": "Not Planned",
    "program_type": "Fixed Wireless and Satellite Upgrade Program",
    "target_eligibility_quarter": "NA"
   }
  },
  {
   "type": "Feature",
   "geometry": {
    "type": "Point",
    "coordinates": [
     139.08714994,
     -34.17439001
    ]
   },
   "properties": {
    "name": "32 WEIGALL STREET EUDUNDA 5374",
    "locID": "LOC000057229912",
    "tech": "WIRELESS",
    "upgrade": "NULL_NA",
    "gnaf_pid": "GASA_415247960",
    "tech_change_status": "Not Planned",
    "program_type": "Fixed Wireless and Satellite Upgrade Program",
    "target_eligibility_quarter": "NA"
   }
  },
  {
   "type": "Feature",
   "geometry": {
    "type": "Point",
    "coordinates": [
     139.08728874,
     -34.17453055
    ]
   },
   "properties": {
    "name": "34 WEIGALL STREET EUDUNDA 5374",
    "locID": "LOC000081909773",
    "tech": "WIRELESS",
    "upgrade": "NULL_NA",
    "gnaf_pid": "GASA_415247961",
    "tech_change_status": "Not Planned",
    "program_type": "Fixed Wireless and Satellite Upgrade Program",
    "target_eligibility_quarter": "NA"
   }
  },
  {
   "type": "Feature",
   "geometry": {
    "type": "Point",
    "coordinates": [
     139.08770149,
     -34.17494829
    ]
   },
   "properties": {
    "name": "40 WEIGALL STREET EUDUNDA 5374",
    "locID": "LOC000064643315",
    "tech": "WIRELESS",
    "upgrade": "NULL_NA",
    "gnaf_pid": "GASA_415247964",
    "tech_change_status": "Not Planned",
    "program_type": "Fixed Wireless and Satellite Upgrade Program",
    "target_eligibility_quarter": "NA"
   }
  },
  {
   "type": "Feature",
   "geometry": {
    "type": "Point",
    "coordinates": [
     139.08565696,
     -34.17382822
    ]
   },
   "properties": {
    "name": "16 RAILWAY PARADE EUDUNDA 5374",
    "locID": "LOC000048440277",
    "tech": "WIRELESS",
    "upgrade": "NULL_NA",
    "gnaf_pid": "GASA_415249927",
    "tech_change_status": "Not Planned",
    "program_type": "Fixed Wireless and Satellite Upgrade Program",
    "target_eligibility_quarter": "NA"
   }
  },
  {
   "type": "Feature",
   "geometry": {
    "type": "Point",
    "coordinates": [
     139.08551818,
     -34.17368826
    ]
   },
   "properties": {
    "name": "14 RAILWAY PARADE EUDUNDA 5374",
    "locID": "LOC000013499598",
    "tech": "WIRELESS",
    "upgrade": "NULL_NA",
    "gnaf_pid": "GASA_415249928",
    "tech_change_status": "Not Planned",
    "program_type": "Fixed Wireless and Satellite Upgrade Program",
    "target_eligibility_quarter": "NA"
   }
  },
  {
   "type": "Feature",
   "geometry": {
    "type": "Point",
    "coordinates": [
     139.08531002,
     -34.17347833
    ]
   },
   "properties": {
    "name": "10 RAILWAY PARADE EUDUNDA 5374",
    "locID": "LOC000055303830",
    "tech": "WIRELESS",
    "upgrade": "NULL_NA",
    "gnaf_pid": "GASA_415249929",
    "tech_change_status": "Not Planned",
    "program_type": "Fixed Wireless and Satellite Upgrade Program",
    "target_eligibility_quarter": "NA"
   }
  },
  {
   "type": "Feature",
   "geometry": {
    "type": "Point",
    "coordinates": [
     139.08510186,
     -34.1732684
    ]
   },
   "properties": {
    "name": "8 RAILWAY PARADE EUDUNDA 5374",
    "locID": "LOC000053084527",
    "tech": "WIRELESS",
    "upgrade": "NULL_NA",
    "gnaf_pid": "GASA_415249931",
    "tech_change_status": "Not Planned",
    "program_type": "Fixed Wireless and Satellite Upgrade Program",
    "target_eligibility_quarter": "NA"
   }
  },
  {
   "type": "Feature",
   "geometry": {
    "type": "Point",
    "coordinates": [
     139.08536929,
     -34.17260563
    ]
   },
   "properties": {
    "name": "8 WEIGALL STREET EUDUNDA 5374",
    "locID": "LOC000008299215",
    "tech": "WIRELESS",
    "upgrade": "NULL_NA",
    "gnaf_pid": "GASA_415249932",
    "tech_change_status": "Not Planned",
    "program_type": "Fixed Wireless and Satellite Upgrade Program",
    "target_eligibility_quarter": "NA"
   }
  },
  {
   "type": "Feature",
   "geometry": {
    "type": "Point",
    "coordinates": [
     139.08446151,
     -34.16841103
    ]
   },
   "properties": {
    "name": "54 BRUCE STREET EUDUNDA 5374",
    "locID": "LOC000056427598",
    "tech": "WIRELESS",
    "upgrade": "NULL_NA",
    "gnaf_pid": "GASA_415249933",
    "tech_change_status": "Not Planned",
    "program_type": "Fixed Wireless and Satellite Upgrade Program",
    "target_eligibility_quarter": "NA"
   }
  },
  {
   "type": "Feature",
   "geometry": {
    "type": "Point",
    "coordinates": [
     139.08449798,
     -34.16859201
    ]
   },
   "properties": {
    "name": "52 BRUCE STREET EUDUNDA 5374",
    "locID": "LOC000091418404",
    "tech": "WIRELESS",
    "upgrade": "NULL_NA",
    "gnaf_pid": "GASA_415249934",
    "tech_change_status": "Not Planned",
    "program_type": "Fixed Wireless and Satellite Upgrade Program",
    "target_eligibility_quarter": "NA"
   }
  },
  {
   "type": "Feature",
   "geometry": {
    "type": "Point",
    "coordinates": [
     139.08455269,
     -34.16886347
    ]
   },
   "properties": {
    "name": "50 BRUCE STREET EUDUNDA 5374",
    "locID": "LOC000022585312",
    "tech": "WIRELESS",
    "upgrade": "NULL_NA",
    "gnaf_pid": "GASA_415249936",
    "tech_change_status": "Not Planned",
    "program_type": "Fixed Wireless and Satellite Upgrade Program",
    "target_eligibility_quarter": "NA"
   }
  },
  {
   "type": "Feature",
   "geometry": {
    "type": "Point",
    "coordinates": [
     139.08460737,
     -34.16913386
    ]
   },
   "properties": {
    "name": "46 BRUCE STREET EUDUNDA 5374",
    "locID": "LOC000049914154",
    "tech": "WIRELESS",
    "upgrade": "NULL_NA",
    "gnaf_pid": "GASA_415249937",
    "tech_change_status": "Not Planned",
    "program_type": "Fixed Wireless and Satellite Upgrade Program",
    "target_eligibility_quarter": "NA"
   }
  },
  {
   "type": "Feature",
   "geometry": {
    "type": "Point",
    "coordinates": [
     139.08464342,
     -34.16931274
    ]
   },
   "properties": {
    "name": "44 BRUCE STREET EUDUNDA 5374",
    "locID": "LOC000103792033",
    "tech": "WIRELESS",
    "upgrade": "NULL_NA",
    "gnaf_pid": "GASA_415249938",
    "tech_change_status": "Not Planned",
    "program_type": "Fixed Wireless and Satellite Upgrade Program",
    "target_eligibility_quarter": "NA"
   }
  },
  {
   "type": "Feature",
   "geometry": {
    "type": "Point",
    "coordinates": [
     139.08471549,
     -34.16967047
    ]
   },
   "properties": {
    "name": "40 BRUCE STREET EUDUNDA 5374",
    "locID": "LOC000082111641",
    "tech": "WIRELESS",
    "upgrade": "NULL_NA",
    "gnaf_pid": "GASA_415249939",
    "tech_change_status": "Not Planned",
    "program_type": "Fixed Wireless and Satellite Upgrade Program",
    "target_eligibility_quarter": "NA"
   }
  },
  {
   "type": "Feature",
   "geometry": {
    "type": "Point",
    "coordinates": [
     139.08906823,
     -34.17709236
    ]
   },
   "properties": {
    "name": "34 SOUTH TERRACE EUDUNDA 5374",
    "locID": "LOC000047437439",
    "tech": "WIRELESS",
    "upgrade": "NULL_NA",
    "gnaf_pid": "GASA_415249943",
    "tech_change_status": "Not Planned",
    "program_type": "Fixed Wireless and Satellite Upgrade Program",
    "target_eligibility_quarter": "NA"
   }
  },
  {
   "type": "Feature",
   "geometry": {
    "type": "Point",
    "coordinates": [
     139.08934381,
     -34.17718455
    ]
   },
   "properties": {
    "name": "63 WEIGALL STREET EUDUNDA 5374",
    "locID": "LOC000103157565",
    "tech": "WIRELESS",
    "upgrade": "NULL_NA",
    "gnaf_pid": "GASA_415249944",
    "tech_change_status": "Not Planned",
    "program_type": "Fixed Wireless and Satellite Upgrade Program",
    "target_eligibility_quarter": "NA"
   }
  },
  {
   "type": "Feature",
   "geometry": {
    "type": "Point",
    "coordinates": [
     139.08707268,
     -34.17538979
    ]
   },
   "properties": {
    "name": "41 WEIGALL STREET EUDUNDA 5374",
    "locID": "LOC000104304408",
    "tech": "WIRELESS",
    "upgrade": "NULL_NA",
    "gnaf_pid": "GASA_415249946",
    "tech_change_status": "Not Planned",
    "program_type": "Fixed Wireless and Satellite Upgrade Program",
    "target_eligibility_quarter": "NA"
   }
  },
  {
   "type": "Feature",
   "geometry": {
    "type": "Point",
    "coordinates": [
     139.08686305,
     -34.1751811
    ]
   },
   "properties": {
    "name": "37 WEIGALL STREET EUDUNDA 5374",
    "locID": "LOC000078121523",
    "tech": "WIRELESS",
    "upgrade": "NULL_NA",
    "gnaf_pid": "GASA_415249947",
    "tech_change_status": "Not Planned",
    "program_type": "Fixed Wireless and Satellite Upgrade Program",
    "target_eligibility_quarter": "NA"
   }
  },
  {
   "type": "Feature",
   "geometry": {
    "type": "Point",
    "coordinates": [
     139.0866543,
     -34.1749716
    ]
   },
   "properties": {
    "name": "35 WEIGALL STREET EUDUNDA 5374",
    "locID": "LOC000068109122",
    "tech": "WIRELESS",
    "upgrade": "NULL_NA",
    "gnaf_pid": "GASA_415249949",
    "tech_change_status": "Not Planned",
    "program_type": "Fixed Wireless and Satellite Upgrade Program",
    "target_eligibility_quarter": "NA"
   }
  },
  {
   "type": "Feature",
   "geometry": {
    "type": "Point",
    "coordinates": [
     139.08621425,
     -34.17438857
    ]
   },
   "properties": {
    "name": "24 RAILWAY PARADE EUDUNDA 5374",
    "locID": "LOC000062072727",
    "tech": "WIRELESS",
    "upgrade": "NULL_NA",
    "gnaf_pid": "GASA_415249950",
    "tech_change_status": "Not Planned",
    "program_type": "Fixed Wireless and Satellite Upgrade Program",
    "target_eligibility_quarter": "NA"
   }
  },
  {
   "type": "Feature",
   "geometry": {
    "type": "Point",
    "coordinates": [
     139.08600391,
     -34.17417811
    ]
   },
   "properties": {
    "name": "20 RAILWAY PARADE EUDUNDA 5374",
    "locID": "LOC000056798858",
    "tech": "WIRELESS",
    "upgrade": "NULL_NA",
    "gnaf_pid": "GASA_415249951",
    "tech_change_status": "Not Planned",
    "program_type": "Fixed Wireless and Satellite Upgrade Program",
    "target_eligibility_quarter": "NA"
   }
  },
  {
   "type": "Feature",
   "geometry": {
    "type": "Point",
    "coordinates": [
     139.08579574,
     -34.17396817
    ]
   },
   "properties": {
    "name": "18 RAILWAY PARADE EUDUNDA 5374",
    "locID": "LOC000044885518",
    "tech": "WIRELESS",
    "upgrade": "NULL_NA",
    "gnaf_pid": "GASA_415249953",
    "tech_change_status": "Not Planned",
    "program_type": "Fixed Wireless and Satellite Upgrade Program",
    "target_eligibility_quarter": "NA"
   }
  },
  {
   "type": "Feature",
   "geometry": {
    "type": "Point",
    "coordinates": [
     139.08910178,
     -34.17565361
    ]
   },
   "properties": {
    "name": "39 WARD STREET EUDUNDA 5374",
    "locID": "LOC000060447198",
    "tech": "WIRELESS",
    "upgrade": "NULL_NA",
    "gnaf_pid": "GASA_415252588",
    "tech_change_status": "Not Planned",
    "program_type": "Fixed Wireless and Satellite Upgrade Program",
    "target_eligibility_quarter": "NA"
   }
  },
  {
   "type": "Feature",
   "geometry": {
    "type": "Point",
    "coordinates": [
     139.08924011,
     -34.17579386
    ]
   },
   "properties": {
    "name": "41 WARD STREET EUDUNDA 5374",
    "locID": "LOC000079289607",
    "tech": "WIRELESS",
    "upgrade": "NULL_NA",
    "gnaf_pid": "GASA_415252589",
    "tech_change_status": "Not Planned",
    "program_type": "Fixed Wireless and Satellite Upgrade Program",
    "target_eligibility_quarter": "NA"
   }
  },
  {
   "type": "Feature",
   "geometry": {
    "type": "Point",
    "coordinates": [
     139.08435209,
     -34.16786811
    ]
   },
   "properties": {
    "name": "60 BRUCE STREET EUDUNDA 5374",
    "locID": "LOC000072744595",
    "tech": "WIRELESS",
    "upgrade": "NULL_NA",
    "gnaf_pid": "GASA_415252590",
    "tech_change_status": "Not Planned",
    "program_type": "Fixed Wireless and Satellite Upgrade Program",
    "target_eligibility_quarter": "NA"
   }
  },
  {
   "type": "Feature",
   "geometry": {
    "type": "Point",
    "coordinates": [
     139.08438856,
     -34.16804908
    ]
   },
   "properties": {
    "name": "58 BRUCE STREET EUDUNDA 5374",
    "locID": "LOC000097796329",
    "tech": "WIRELESS",
    "upgrade": "NULL_NA",
    "gnaf_pid": "GASA_415252591",
    "tech_change_status": "Not Planned",
    "program_type": "Fixed Wireless and Satellite Upgrade Program",
    "target_eligibility_quarter": "NA"
   }
  },
  {
   "type": "Feature",
   "geometry": {
    "type": "Point",
    "coordinates": [
     139.08442503,
     -34.16823006
    ]
   },
   "properties": {
    "name": "56 BRUCE STREET EUDUNDA 5374",
    "locID": "LOC000050371809",
    "tech": "WIRELESS",
    "upgrade": "NULL_NA",
    "gnaf_pid": "GASA_415252592",
    "tech_change_status": "Not Planned",
    "program_type": "Fixed Wireless and Satellite Upgrade Program",
    "target_eligibility_quarter": "NA"
   }
  },
  {
   "type": "Feature",
   "geometry": {
    "type": "Point",
    "coordinates": [
     139.08760665,
     -34.17301302
    ]
   },
   "properties": {
    "name": "16 WARD STREET EUDUNDA 5374",
    "locID": "LOC000041262971",
    "tech": "WIRELESS",
    "upgrade": "NULL_NA",
    "gnaf_pid": "GASA_415264878",
    "tech_change_status": "Not Planned",
    "program_type": "Fixed Wireless and Satellite Upgrade Program",
    "target_eligibility_quarter": "NA"
   }
  },
  {
   "type": "Feature",
   "geometry": {
    "type": "Point",
    "coordinates": [
     139.08662573,
     -34.17315966
    ]
   },
   "properties": {
    "name": "13 WARD STREET EUDUNDA 5374",
    "locID": "LOC000001830802",
    "tech": "WIRELESS",
    "upgrade": "NULL_NA",
    "gnaf_pid": "GASA_415265066",
    "tech_change_status": "Not Planned",
    "program_type": "Fixed Wireless and Satellite Upgrade Program",
    "target_eligibility_quarter": "NA"
   }
  },
  {
   "type": "Feature",
   "geometry": {
    "type": "Point",
    "coordinates": [
     139.08704226,
     -34.17357869
    ]
   },
   "properties": {
    "name": "17 WARD STREET EUDUNDA 5374",
    "locID": "LOC000038443946",
    "tech": "WIRELESS",
    "upgrade": "NULL_NA",
    "gnaf_pid": "GASA_415265070",
    "tech_change_status": "Not Planned",
    "program_type": "Fixed Wireless and Satellite Upgrade Program",
    "target_eligibility_quarter": "NA"
   }
  },
  {
   "type": "Feature",
   "geometry": {
    "type": "Point",
    "coordinates": [
     139.08718197,
     -34.17372046
    ]
   },
   "properties": {
    "name": "19 WARD STREET EUDUNDA 5374",
    "locID": "LOC000024438623",
    "tech": "WIRELESS",
    "upgrade": "NULL_NA",
    "gnaf_pid": "GASA_415265071",
    "tech_change_status": "Not Planned",
    "program_type": "Fixed Wireless and Satellite Upgrade Program",
    "target_eligibility_quarter": "NA"
   }
  },
  {
   "type": "Feature",
   "geometry": {
    "type": "Point",
    "coordinates": [
     139.08770905,
     -34.17424346
    ]
   },
   "properties": {
    "name": "23 WARD STREET EUDUNDA 5374",
    "locID": "LOC000017885142",
    "tech": "WIRELESS",
    "upgrade": "NULL_NA",
    "gnaf_pid": "GASA_415265074",
    "tech_change_status": "Not Planned",
    "program_type": "Fixed Wireless and Satellite Upgrade Program",
    "target_eligibility_quarter": "NA"
   }
  },
  {
   "type": "Feature",
   "geometry": {
    "type": "Point",
    "coordinates": [
     139.08762931,
     -34.17453004
    ]
   },
   "properties": {
    "name": "36 WEIGALL STREET EUDUNDA 5374",
    "locID": "LOC000093357266",
    "tech": "WIRELESS",
    "upgrade": "NULL_NA",
    "gnaf_pid": "GASA_415265075",
    "tech_change_status": "Not Planned",
    "program_type": "Fixed Wireless and Satellite Upgrade Program",
    "target_eligibility_quarter": "NA"
   }
  },
  {
   "type": "Feature",
   "geometry": {
    "type": "Point",
    "coordinates": [
     139.08867671,
     -34.17522575
    ]
   },
   "properties": {
    "name": "33 WARD STREET EUDUNDA 5374",
    "locID": "LOC000062774635",
    "tech": "WIRELESS",
    "upgrade": "NULL_NA",
    "gnaf_pid": "GASA_415267780",
    "tech_change_status": "Not Planned",
    "program_type": "Fixed Wireless and Satellite Upgrade Program",
    "target_eligibility_quarter": "NA"
   }
  },
  {
   "type": "Feature",
   "geometry": {
    "type": "Point",
    "coordinates": [
     139.08882182,
     -34.17537026
    ]
   },
   "properties": {
    "name": "35 WARD STREET EUDUNDA 5374",
    "locID": "LOC000030795726",
    "tech": "WIRELESS",
    "upgrade": "NULL_NA",
    "gnaf_pid": "GASA_415267781",
    "tech_change_status": "Not Planned",
    "program_type": "Fixed Wireless and Satellite Upgrade Program",
    "target_eligibility_quarter": "NA"
   }
  },
  {
   "type": "Feature",
   "geometry": {
    "type": "Point",
    "coordinates": [
     139.0889658,
     -34.17551552
    ]
   },
   "properties": {
    "name": "37 WARD STREET EUDUNDA 5374",
    "locID": "LOC000086044993",
    "tech": "WIRELESS",
    "upgrade": "NULL_NA",
    "gnaf_pid": "GASA_415267782",
    "tech_change_status": "Not Planned",
    "program_type": "Fixed Wireless and Satellite Upgrade Program",
    "target_eligibility_quarter": "NA"
   }
  },
  {
   "type": "Feature",
   "geometry": {
    "type": "Point",
    "coordinates": [
     139.09031359,
     -34.17713506
    ]
   },
   "properties": {
    "name": "70 WEIGALL STREET EUDUNDA 5374",
    "locID": "LOC000009300340",
    "tech": "WIRELESS",
    "upgrade": "NULL_NA",
    "gnaf_pid": "GASA_415297921",
    "tech_change_status": "Not Planned",
    "program_type": "Fixed Wireless and Satellite Upgrade Program",
    "target_eligibility_quarter": "NA"
   }
  },
  {
   "type": "Feature",
   "geometry": {
    "type": "Point",
    "coordinates": [
     139.08938938,
     -34.17481009
    ]
   },
   "properties": {
    "name": "32 WARD STREET EUDUNDA 5374",
    "locID": "LOC000065716503",
    "tech": "WIRELESS",
    "upgrade": "NULL_NA",
    "gnaf_pid": "GASA_415297923",
    "tech_change_status": "Not Planned",
    "program_type": "Fixed Wireless and Satellite Upgrade Program",
    "target_eligibility_quarter": "NA"
   }
  },
  {
   "type": "Feature",
   "geometry": {
    "type": "Point",
    "coordinates": [
     139.08917947,
     -34.17459734
    ]
   },
   "properties": {
    "name": "30 WARD STREET EUDUNDA 5374",
    "locID": "LOC000011782720",
    "tech": "WIRELESS",
    "upgrade": "NULL_NA",
    "gnaf_pid": "GASA_415297924",
    "tech_change_status": "Not Planned",
    "program_type": "Fixed Wireless and Satellite Upgrade Program",
    "target_eligibility_quarter": "NA"
   }
  },
  {
   "type": "Feature",
   "geometry": {
    "type": "Point",
    "coordinates": [
     139.08875846,
     -34.17417375
    ]
   },
   "properties": {
    "name": "26 WARD STREET EUDUNDA 5374",
    "locID": "LOC000077191810",
    "tech": "WIRELESS",
    "upgrade": "NULL_NA",
    "gnaf_pid": "GASA_415297925",
    "tech_change_status": "Not Planned",
    "program_type": "Fixed Wireless and Satellite Upgrade Program",
    "target_eligibility_quarter": "NA"
   }
  },
  {
   "type": "Feature",
   "geometry": {
    "type": "Point",
    "coordinates": [
     139.08847015,
     -34.175727
    ]
   },
   "properties": {
    "name": "50 WEIGALL STREET EUDUNDA 5374",
    "locID": "LOC000043593615",
    "tech": "WIRELESS",
    "upgrade": "NULL_NA",
    "gnaf_pid": "GASA_415297950",
    "tech_change_status": "Not Planned",
    "program_type": "Fixed Wireless and Satellite Upgrade Program",
    "target_eligibility_quarter": "NA"
   }
  },
  {
   "type": "Feature",
   "geometry": {
    "type": "Point",
    "coordinates": [
     139.08875131,
     -34.17601187
    ]
   },
   "properties": {
    "name": "54 WEIGALL STREET EUDUNDA 5374",
    "locID": "LOC000054275997",
    "tech": "WIRELESS",
    "upgrade": "NULL_NA",
    "gnaf_pid": "GASA_415297951",
    "tech_change_status": "Not Planned",
    "program_type": "Fixed Wireless and Satellite Upgrade Program",
    "target_eligibility_quarter": "NA"
   }
  },
  {
   "type": "Feature",
   "geometry": {
    "type": "Point",
    "coordinates": [
     139.08854885,
     -34.17396159
    ]
   },
   "properties": {
    "name": "24 WARD STREET EUDUNDA 5374",
    "locID": "LOC000025274840",
    "tech": "WIRELESS",
    "upgrade": "NULL_NA",
    "gnaf_pid": "GASA_415297977",
    "tech_change_status": "Not Planned",
    "program_type": "Fixed Wireless and Satellite Upgrade Program",
    "target_eligibility_quarter": "NA"
   }
  },
  {
   "type": "Feature",
   "geometry": {
    "type": "Point",
    "coordinates": [
     139.0882324,
     -34.17364246
    ]
   },
   "properties": {
    "name": "22 WARD STREET EUDUNDA 5374",
    "locID": "LOC000029203024",
    "tech": "WIRELESS",
    "upgrade": "NULL_NA",
    "gnaf_pid": "GASA_415297978",
    "tech_change_status": "Not Planned",
    "program_type": "Fixed Wireless and Satellite Upgrade Program",
    "target_eligibility_quarter": "NA"
   }
  },
  {
   "type": "Feature",
   "geometry": {
    "type": "Point",
    "coordinates": [
     139.08214148,
     -34.16636161
    ]
   },
   "properties": {
    "name": "8 HAMBOUR AVENUE EUDUNDA 5374",
    "locID": "LOC000023353109",
    "tech": "WIRELESS",
    "upgrade": "NULL_NA",
    "gnaf_pid": "GASA_415366164",
    "tech_change_status": "Not Planned",
    "program_type": "Fixed Wireless and Satellite Upgrade Program",
    "target_eligibility_quarter": "NA"
   }
  },
  {
   "type": "Feature",
   "geometry": {
    "type": "Point",
    "coordinates": [
     139.08234694,
     -34.16628131
    ]
   },
   "properties": {
    "name": "10 HAMBOUR AVENUE EUDUNDA 5374",
    "locID": "LOC000031851899",
    "tech": "WIRELESS",
    "upgrade": "NULL_NA",
    "gnaf_pid": "GASA_415366165",
    "tech_change_status": "Not Planned",
    "program_type": "Fixed Wireless and Satellite Upgrade Program",
    "target_eligibility_quarter": "NA"
   }
  },
  {
   "type": "Feature",
   "geometry": {
    "type": "Point",
    "coordinates": [
     139.08256297,
     -34.1661761
    ]
   },
   "properties": {
    "name": "12 HAMBOUR AVENUE EUDUNDA 5374",
    "locID": "LOC000030280870",
    "tech": "WIRELESS",
    "upgrade": "NULL_NA",
    "gnaf_pid": "GASA_415366166",
    "tech_change_status": "Not Planned",
    "program_type": "Fixed Wireless and Satellite Upgrade Program",
    "target_eligibility_quarter": "NA"
   }
  },
  {
   "type": "Feature",
   "geometry": {
    "type": "Point",
    "coordinates": [
     139.08240477,
     -34.16682627
    ]
   },
   "properties": {
    "name": "5 HAMBOUR AVENUE EUDUNDA 5374",
    "locID": "LOC000015086564",
    "tech": "WIRELESS",
    "upgrade": "NULL_NA",
    "gnaf_pid": "GASA_415366167",
    "tech_change_status": "Not Planned",
    "program_type": "Fixed Wireless and Satellite Upgrade Program",
    "target_eligibility_quarter": "NA"
   }
  },
  {
   "type": "Feature",
   "geometry": {
    "type": "Point",
    "coordinates": [
     139.08261134,
     -34.16674785
    ]
   },
   "properties": {
    "name": "7 HAMBOUR AVENUE EUDUNDA 5374",
    "locID": "LOC000058642740",
    "tech": "WIRELESS",
    "upgrade": "NULL_NA",
    "gnaf_pid": "GASA_415366168",
    "tech_change_status": "Not Planned",
    "program_type": "Fixed Wireless and Satellite Upgrade Program",
    "target_eligibility_quarter": "NA"
   }
  },
  {
   "type": "Feature",
   "geometry": {
    "type": "Point",
    "coordinates": [
     139.08116784,
     -34.16741359
    ]
   },
   "properties": {
    "name": "8 MICHAEL STREET EUDUNDA 5374",
    "locID": "LOC000048751437",
    "tech": "WIRELESS",
    "upgrade": "NULL_NA",
    "gnaf_pid": "GASA_415366170",
    "tech_change_status": "Not Planned",
    "program_type": "Fixed Wireless and Satellite Upgrade Program",
    "target_eligibility_quarter": "NA"
   }
  },
  {
   "type": "Feature",
   "geometry": {
    "type": "Point",
    "coordinates": [
     139.08107195,
     -34.16724408
    ]
   },
   "properties": {
    "name": "10 MICHAEL STREET EUDUNDA 5374",
    "locID": "LOC000041408432",
    "tech": "WIRELESS",
    "upgrade": "NULL_NA",
    "gnaf_pid": "GASA_415366171",
    "tech_change_status": "Not Planned",
    "program_type": "Fixed Wireless and Satellite Upgrade Program",
    "target_eligibility_quarter": "NA"
   }
  },
  {
   "type": "Feature",
   "geometry": {
    "type": "Point",
    "coordinates": [
     139.0851844,
     -34.17583728
    ]
   },
   "properties": {
    "name": "8 SOUTH TERRACE EUDUNDA 5374",
    "locID": "LOC000015057641",
    "tech": "WIRELESS",
    "upgrade": "NULL_NA",
    "gnaf_pid": "GASA_415391196",
    "tech_change_status": "Not Planned",
    "program_type": "Fixed Wireless and Satellite Upgrade Program",
    "target_eligibility_quarter": "NA"
   }
  },
  {
   "type": "Feature",
   "geometry": {
    "type": "Point",
    "coordinates": [
     139.08441572,
     -34.16163233
    ]
   },
   "properties": {
    "name": "95 BRUCE STREET EUDUNDA 5374",
    "locID": "LOC000010390727",
    "tech": "WIRELESS",
    "upgrade": "NULL_NA",
    "gnaf_pid": "GASA_415395142",
    "tech_change_status": "Not Planned",
    "program_type": "Fixed Wireless and Satellite Upgrade Program",
    "target_eligibility_quarter": "NA"
   }
  },
  {
   "type": "Feature",
   "geometry": {
    "type": "Point",
    "coordinates": [
     139.08355463,
     -34.17621152
    ]
   },
   "properties": {
    "name": "2 GUNN STREET EUDUNDA 5374",
    "locID": "LOC000021723107",
    "tech": "WIRELESS",
    "upgrade": "NULL_NA",
    "gnaf_pid": "GASA_415395755",
    "tech_change_status": "Not Planned",
    "program_type": "Fixed Wireless and Satellite Upgrade Program",
    "target_eligibility_quarter": "NA"
   }
  },
  {
   "type": "Feature",
   "geometry": {
    "type": "Point",
    "coordinates": [
     139.08654471,
     -34.15903884
    ]
   },
   "properties": {
    "name": "90 INDUSTRY ROAD EUDUNDA 5374",
    "locID": "LOC000045015457",
    "tech": "WIRELESS",
    "upgrade": "NULL_NA",
    "gnaf_pid": "GASA_415416980",
    "tech_change_status": "Not Planned",
    "program_type": "Fixed Wireless and Satellite Upgrade Program",
    "target_eligibility_quarter": "NA"
   }
  },
  {
   "type": "Feature",
   "geometry": {
    "type": "Point",
    "coordinates": [
     139.08474486,
     -34.17090911
    ]
   },
   "properties": {
    "name": "26 BRUCE STREET EUDUNDA 5374",
    "locID": "LOC000131542933",
    "tech": "WIRELESS",
    "upgrade": "NULL_NA",
    "gnaf_pid": "GASA_415434420",
    "tech_change_status": "Not Planned",
    "program_type": "Fixed Wireless and Satellite Upgrade Program",
    "target_eligibility_quarter": "NA"
   }
  },
  {
   "type": "Feature",
   "geometry": {
    "type": "Point",
    "coordinates": [
     139.08313893,
     -34.17234253
    ]
   },
   "properties": {
    "name": "8 BARWELL STREET EUDUNDA 5374",
    "locID": "LOC000059804844",
    "tech": "WIRELESS",
    "upgrade": "NULL_NA",
    "gnaf_pid": "GASA_415436903",
    "tech_change_status": "Not Planned",
    "program_type": "Fixed Wireless and Satellite Upgrade Program",
    "target_eligibility_quarter": "NA"
   }
  },
  {
   "type": "Feature",
   "geometry": {
    "type": "Point",
    "coordinates": [
     139.0845412,
     -34.16549765
    ]
   },
   "properties": {
    "name": "74 BRUCE STREET EUDUNDA 5374",
    "locID": "LOC000048844708",
    "tech": "WIRELESS",
    "upgrade": "NULL_NA",
    "gnaf_pid": "GASA_415437537",
    "tech_change_status": "Not Planned",
    "program_type": "Fixed Wireless and Satellite Upgrade Program",
    "target_eligibility_quarter": "NA"
   }
  },
  {
   "type": "Feature",
   "geometry": {
    "type": "Point",
    "coordinates": [
     139.08291709,
     -34.17216026
    ]
   },
   "properties": {
    "name": "10 BARWELL STREET EUDUNDA 5374",
    "locID": "LOC000075557065",
    "tech": "WIRELESS",
    "upgrade": "NULL_NA",
    "gnaf_pid": "GASA_415442432",
    "tech_change_status": "Not Planned",
    "program_type": "Fixed Wireless and Satellite Upgrade Program",
    "target_eligibility_quarter": "NA"
   }
  },
  {
   "type": "Feature",
   "geometry": {
    "type": "Point",
    "coordinates": [
     139.08323494,
     -34.16538151
    ]
   },
   "properties": {
    "name": "75 BRUCE STREET EUDUNDA 5374",
    "locID": "LOC000067818737",
    "tech": "WIRELESS",
    "upgrade": "NULL_NA",
    "gnaf_pid": "GASA_415446974",
    "tech_change_status": "Not Planned",
    "program_type": "Fixed Wireless and Satellite Upgrade Program",
    "target_eligibility_quarter": "NA"
   }
  },
  {
   "type": "Feature",
   "geometry": {
    "type": "Point",
    "coordinates": [
     139.08590124,
     -34.1762576
    ]
   },
   "properties": {
    "name": "16 SOUTH TERRACE EUDUNDA 5374",
    "locID": "LOC000075500455",
    "tech": "WIRELESS",
    "upgrade": "NULL_NA",
    "gnaf_pid": "GASA_415449207",
    "tech_change_status": "Not Planned",
    "program_type": "Fixed Wireless and Satellite Upgrade Program",
    "target_eligibility_quarter": "NA"
   }
  },
  {
   "type": "Feature",
   "geometry": {
    "type": "Point",
    "coordinates": [
     139.08532233,
     -34.172083
    ]
   },
   "properties": {
    "name": "5 KAPUNDA STREET EUDUNDA 5374",
    "locID": "LOC000025368756",
    "tech": "WIRELESS",
    "upgrade": "NULL_NA",
    "gnaf_pid": "GASA_415454591",
    "tech_change_status": "Not Planned",
    "program_type": "Fixed Wireless and Satellite Upgrade Program",
    "target_eligibility_quarter": "NA"
   }
  },
  {
   "type": "Feature",
   "geometry": {
    "type": "Point",
    "coordinates": [
     139.08522788,
     -34.16785166
    ]
   },
   "properties": {
    "name": "31 HANNAN STREET EUDUNDA 5374",
    "locID": "LOC000104504926",
    "tech": "WIRELESS",
    "upgrade": "NULL_NA",
    "gnaf_pid": "GASA_415460528",
    "tech_change_status": "Not Planned",
    "program_type": "Fixed Wireless and Satellite Upgrade Program",
    "target_eligibility_quarter": "NA"
   }
  },
  {
   "type": "Feature",
   "geometry": {
    "type": "Point",
    "coordinates": [
     139.08625181,
     -34.17065338
    ]
   },
   "properties": {
    "name": "UNIT 1, 2 VIEW STREET EUDUNDA 5374",
    "locID": "LOC000083044975",
    "tech": "WIRELESS",
    "upgrade": "NULL_NA",
    "gnaf_pid": "GASA_415460530",
    "tech_change_status": "Not Planned",
    "program_type": "Fixed Wireless and Satellite Upgrade Program",
    "target_eligibility_quarter": "NA"
   }
  },
  {
   "type": "Feature",
   "geometry": {
    "type": "Point",
    "coordinates": [
     139.08449191,
     -34.1753814
    ]
   },
   "properties": {
    "name": "9 GUNN STREET EUDUNDA 5374",
    "locID": "LOC000047519618",
    "tech": "WIRELESS",
    "upgrade": "NULL_NA",
    "gnaf_pid": "GASA_415465932",
    "tech_change_status": "Not Planned",
    "program_type": "Fixed Wireless and Satellite Upgrade Program",
    "target_eligibility_quarter": "NA"
   }
  },
  {
   "type": "Feature",
   "geometry": {
    "type": "Point",
    "coordinates": [
     139.08430176,
     -34.16765038
    ]
   },
   "properties": {
    "name": "62 BRUCE STREET EUDUNDA 5374",
    "locID": "LOC000009224352",
    "tech": "WIRELESS",
    "upgrade": "NULL_NA",
    "gnaf_pid": "GASA_415466691",
    "tech_change_status": "Not Planned",
    "program_type": "Fixed Wireless and Satellite Upgrade Program",
    "target_eligibility_quarter": "NA"
   }
  },
  {
   "type": "Feature",
   "geometry": {
    "type": "Point",
    "coordinates": [
     139.08143108,
     -34.16850919
    ]
   },
   "properties": {
    "name": "25 LAURENCE STREET EUDUNDA 5374",
    "locID": "LOC000043890290",
    "tech": "WIRELESS",
    "upgrade": "NULL_NA",
    "gnaf_pid": "GASA_415471254",
    "tech_change_status": "Not Planned",
    "program_type": "Fixed Wireless and Satellite Upgrade Program",
    "target_eligibility_quarter": "NA"
   }
  },
  {
   "type": "Feature",
   "geometry": {
    "type": "Point",
    "coordinates": [
     139.08427347,
     -34.16740266
    ]
   },
   "properties": {
    "name": "64 BRUCE STREET EUDUNDA 5374",
    "locID": "LOC000079755241",
    "tech": "WIRELESS",
    "upgrade": "NULL_NA",
    "gnaf_pid": "GASA_415483286",
    "tech_change_status": "Not Planned",
    "program_type": "Fixed Wireless and Satellite Upgrade Program",
    "target_eligibility_quarter": "NA"
   }
  },
  {
   "type": "Feature",
   "geometry": {
    "type": "Point",
    "coordinates": [
     139.08419693,
     -34.16699071
    ]
   },
   "properties": {
    "name": "66 BRUCE STREET EUDUNDA 5374",
    "locID": "LOC000083477445",
    "tech": "WIRELESS",
    "upgrade": "NULL_NA",
    "gnaf_pid": "GASA_415483287",
    "tech_change_status": "Not Planned",
    "program_type": "Fixed Wireless and Satellite Upgrade Program",
    "target_eligibility_quarter": "NA"
   }
  },
  {
   "type": "Feature",
   "geometry": {
    "type": "Point",
    "coordinates": [
     139.08390379,
     -34.16302004
    ]
   },
   "properties": {
    "name": "89 BRUCE STREET EUDUNDA 5374",
    "locID": "LOC000102363232",
    "tech": "WIRELESS",
    "upgrade": "NULL_NA",
    "gnaf_pid": "GASA_415483994",
    "tech_change_status": "Not Planned",
    "program_type": "Fixed Wireless and Satellite Upgrade Program",
    "target_eligibility_quarter": "NA"
   }
  },
  {
   "type": "Feature",
   "geometry": {
    "type": "Point",
    "coordinates": [
     139.08378245,
     -34.16334553
    ]
   },
   "properties": {
    "name": "87 BRUCE STREET EUDUNDA 5374",
    "locID": "LOC000091830059",
    "tech": "WIRELESS",
    "upgrade": "NULL_NA",
    "gnaf_pid": "GASA_415483995",
    "tech_change_status": "Not Planned",
    "program_type": "Fixed Wireless and Satellite Upgrade Program",
    "target_eligibility_quarter": "NA"
   }
  },
  {
   "type": "Feature",
   "geometry": {
    "type": "Point",
    "coordinates": [
     139.0834944,
     -34.16672239
    ]
   },
   "properties": {
    "name": "70 BARWELL STREET EUDUNDA 5374",
    "locID": "LOC000075313168",
    "tech": "WIRELESS",
    "upgrade": "NULL_NA",
    "gnaf_pid": "GASA_415485069",
    "tech_change_status": "Not Planned",
    "program_type": "Fixed Wireless and Satellite Upgrade Program",
    "target_eligibility_quarter": "NA"
   }
  },
  {
   "type": "Feature",
   "geometry": {
    "type": "Point",
    "coordinates": [
     139.08327818,
     -34.1664017
    ]
   },
   "properties": {
    "name": "65 BRUCE STREET EUDUNDA 5374",
    "locID": "LOC000010098361",
    "tech": "WIRELESS",
    "upgrade": "NULL_NA",
    "gnaf_pid": "GASA_415485070",
    "tech_change_status": "Not Planned",
    "program_type": "Fixed Wireless and Satellite Upgrade Program",
    "target_eligibility_quarter": "NA"
   }
  },
  {
   "type": "Feature",
   "geometry": {
    "type": "Point",
    "coordinates": [
     139.08638162,
     -34.17143172
    ]
   },
   "properties": {
    "name": "13 KAPUNDA STREET EUDUNDA 5374",
    "locID": "LOC000073206990",
    "tech": "WIRELESS",
    "upgrade": "NULL_NA",
    "gnaf_pid": "GASA_415485072",
    "tech_change_status": "Not Planned",
    "program_type": "Fixed Wireless and Satellite Upgrade Program",
    "target_eligibility_quarter": "NA"
   }
  },
  {
   "type": "Feature",
   "geometry": {
    "type": "Point",
    "coordinates": [
     139.08996871,
     -34.17696441
    ]
   },
   "properties": {
    "name": "68 WEIGALL STREET EUDUNDA 5374",
    "locID": "LOC000002622677",
    "tech": "WIRELESS",
    "upgrade": "NULL_NA",
    "gnaf_pid": "GASA_415487039",
    "tech_change_status": "Not Planned",
    "program_type": "Fixed Wireless and Satellite Upgrade Program",
    "target_eligibility_quarter": "NA"
   }
  },
  {
   "type": "Feature",
   "geometry": {
    "type": "Point",
    "coordinates": [
     139.08929219,
     -34.17645627
    ]
   },
   "properties": {
    "name": "60 WEIGALL STREET EUDUNDA 5374",
    "locID": "LOC000017017143",
    "tech": "WIRELESS",
    "upgrade": "NULL_NA",
    "gnaf_pid": "GASA_415487049",
    "tech_change_status": "Not Planned",
    "program_type": "Fixed Wireless and Satellite Upgrade Program",
    "target_eligibility_quarter": "NA"
   }
  },
  {
   "type": "Feature",
   "geometry": {
    "type": "Point",
    "coordinates": [
     139.08796912,
     -34.17520342
    ]
   },
   "properties": {
    "name": "42 WEIGALL STREET EUDUNDA 5374",
    "locID": "LOC000029175743",
    "tech": "WIRELESS",
    "upgrade": "NULL_NA",
    "gnaf_pid": "GASA_415487052",
    "tech_change_status": "Not Planned",
    "program_type": "Fixed Wireless and Satellite Upgrade Program",
    "target_eligibility_quarter": "NA"
   }
  },
  {
   "type": "Feature",
   "geometry": {
    "type": "Point",
    "coordinates": [
     139.08822482,
     -34.17476653
    ]
   },
   "properties": {
    "name": "29 WARD STREET EUDUNDA 5374",
    "locID": "LOC000082521283",
    "tech": "WIRELESS",
    "upgrade": "NULL_NA",
    "gnaf_pid": "GASA_415487055",
    "tech_change_status": "Not Planned",
    "program_type": "Fixed Wireless and Satellite Upgrade Program",
    "target_eligibility_quarter": "NA"
   }
  },
  {
   "type": "Feature",
   "geometry": {
    "type": "Point",
    "coordinates": [
     139.08981621,
     -34.17633106
    ]
   },
   "properties": {
    "name": "49 WARD STREET EUDUNDA 5374",
    "locID": "LOC000027532115",
    "tech": "WIRELESS",
    "upgrade": "NULL_NA",
    "gnaf_pid": "GASA_415487060",
    "tech_change_status": "Not Planned",
    "program_type": "Fixed Wireless and Satellite Upgrade Program",
    "target_eligibility_quarter": "NA"
   }
  },
  {
   "type": "Feature",
   "geometry": {
    "type": "Point",
    "coordinates": [
     139.09015926,
     -34.17666405
    ]
   },
   "properties": {
    "name": "53 WARD STREET EUDUNDA 5374",
    "locID": "LOC000031956475",
    "tech": "WIRELESS",
    "upgrade": "NULL_NA",
    "gnaf_pid": "GASA_415487061",
    "tech_change_status": "Not Planned",
    "program_type": "Fixed Wireless and Satellite Upgrade Program",
    "target_eligibility_quarter": "NA"
   }
  },
  {
   "type": "Feature",
   "geometry": {
    "type": "Point",
    "coordinates": [
     139.08635435,
     -34.1735982
    ]
   },
   "properties": {
    "name": "22 WEIGALL STREET EUDUNDA 5374",
    "locID": "LOC000102583444",
    "tech": "WIRELESS",
    "upgrade": "NULL_NA",
    "gnaf_pid": "GASA_415487064",
    "tech_change_status": "Not Planned",
    "program_type": "Fixed Wireless and Satellite Upgrade Program",
    "target_eligibility_quarter": "NA"
   }
  },
  {
   "type": "Feature",
   "geometry": {
    "type": "Point",
    "coordinates": [
     139.08621468,
     -34.17345804
    ]
   },
   "properties": {
    "name": "20 WEIGALL STREET EUDUNDA 5374",
    "locID": "LOC000055337287",
    "tech": "WIRELESS",
    "upgrade": "NULL_NA",
    "gnaf_pid": "GASA_415487065",
    "tech_change_status": "Not Planned",
    "program_type": "Fixed Wireless and Satellite Upgrade Program",
    "target_eligibility_quarter": "NA"
   }
  },
  {
   "type": "Feature",
   "geometry": {
    "type": "Point",
    "coordinates": [
     139.09093687,
     -34.17746369
    ]
   },
   "properties": {
    "name": "62 WARD STREET EUDUNDA 5374",
    "locID": "LOC000027571129",
    "tech": "WIRELESS",
    "upgrade": "NULL_NA",
    "gnaf_pid": "GASA_415487077",
    "tech_change_status": "Not Planned",
    "program_type": "Fixed Wireless and Satellite Upgrade Program",
    "target_eligibility_quarter": "NA"
   }
  },
  {
   "type": "Feature",
   "geometry": {
    "type": "Point",
    "coordinates": [
     139.09080409,
     -34.17693008
    ]
   },
   "properties": {
    "name": "60 WARD STREET EUDUNDA 5374",
    "locID": "LOC000038700550",
    "tech": "WIRELESS",
    "upgrade": "NULL_NA",
    "gnaf_pid": "GASA_415487079",
    "tech_change_status": "Not Planned",
    "program_type": "Fixed Wireless and Satellite Upgrade Program",
    "target_eligibility_quarter": "NA"
   }
  },
  {
   "type": "Feature",
   "geometry": {
    "type": "Point",
    "coordinates": [
     139.08556611,
     -34.17047357
    ]
   },
   "properties": {
    "name": "7 HANNAN STREET EUDUNDA 5374",
    "locID": "LOC000025811028",
    "tech": "WIRELESS",
    "upgrade": "NULL_NA",
    "gnaf_pid": "GASA_415488679",
    "tech_change_status": "Not Planned",
    "program_type": "Fixed Wireless and Satellite Upgrade Program",
    "target_eligibility_quarter": "NA"
   }
  },
  {
   "type": "Feature",
   "geometry": {
    "type": "Point",
    "coordinates": [
     139.08592367,
     -34.17033429
    ]
   },
   "properties": {
    "name": "4 VIEW STREET EUDUNDA 5374",
    "locID": "LOC000058687319",
    "tech": "WIRELESS",
    "upgrade": "NULL_NA",
    "gnaf_pid": "GASA_415488680",
    "tech_change_status": "Not Planned",
    "program_type": "Fixed Wireless and Satellite Upgrade Program",
    "target_eligibility_quarter": "NA"
   }
  },
  {
   "type": "Feature",
   "geometry": {
    "type": "Point",
    "coordinates": [
     139.08552792,
     -34.17029383
    ]
   },
   "properties": {
    "name": "9 HANNAN STREET EUDUNDA 5374",
    "locID": "LOC000052539592",
    "tech": "WIRELESS",
    "upgrade": "NULL_NA",
    "gnaf_pid": "GASA_415488681",
    "tech_change_status": "Not Planned",
    "program_type": "Fixed Wireless and Satellite Upgrade Program",
    "target_eligibility_quarter": "NA"
   }
  },
  {
   "type": "Feature",
   "geometry": {
    "type": "Point",
    "coordinates": [
     139.08568359,
     -34.17008987
    ]
   },
   "properties": {
    "name": "11 HANNAN STREET EUDUNDA 5374",
    "locID": "LOC000021706314",
    "tech": "WIRELESS",
    "upgrade": "NULL_NA",
    "gnaf_pid": "GASA_415488682",
    "tech_change_status": "Not Planned",
    "program_type": "Fixed Wireless and Satellite Upgrade Program",
    "target_eligibility_quarter": "NA"
   }
  },
  {
   "type": "Feature",
   "geometry": {
    "type": "Point",
    "coordinates": [
     139.08564759,
     -34.16990972
    ]
   },
   "properties": {
    "name": "13 HANNAN STREET EUDUNDA 5374",
    "locID": "LOC000057396821",
    "tech": "WIRELESS",
    "upgrade": "NULL_NA",
    "gnaf_pid": "GASA_415488683",
    "tech_change_status": "Not Planned",
    "program_type": "Fixed Wireless and Satellite Upgrade Program",
    "target_eligibility_quarter": "NA"
   }
  },
  {
   "type": "Feature",
   "geometry": {
    "type": "Point",
    "coordinates": [
     139.08561061,
     -34.16973031
    ]
   },
   "properties": {
    "name": "15 HANNAN STREET EUDUNDA 5374",
    "locID": "LOC000078360931",
    "tech": "WIRELESS",
    "upgrade": "NULL_NA",
    "gnaf_pid": "GASA_415488684",
    "tech_change_status": "Not Planned",
    "program_type": "Fixed Wireless and Satellite Upgrade Program",
    "target_eligibility_quarter": "NA"
   }
  },
  {
   "type": "Feature",
   "geometry": {
    "type": "Point",
    "coordinates": [
     139.08557496,
     -34.16955113
    ]
   },
   "properties": {
    "name": "17 HANNAN STREET EUDUNDA 5374",
    "locID": "LOC000029238874",
    "tech": "WIRELESS",
    "upgrade": "NULL_NA",
    "gnaf_pid": "GASA_415488685",
    "tech_change_status": "Not Planned",
    "program_type": "Fixed Wireless and Satellite Upgrade Program",
    "target_eligibility_quarter": "NA"
   }
  },
  {
   "type": "Feature",
   "geometry": {
    "type": "Point",
    "coordinates": [
     139.08553904,
     -34.16937222
    ]
   },
   "properties": {
    "name": "19 HANNAN STREET EUDUNDA 5374",
    "locID": "LOC000105715154",
    "tech": "WIRELESS",
    "upgrade": "NULL_NA",
    "gnaf_pid": "GASA_415488686",
    "tech_change_status": "Not Planned",
    "program_type": "Fixed Wireless and Satellite Upgrade Program",
    "target_eligibility_quarter": "NA"
   }
  },
  {
   "type": "Feature",
   "geometry": {
    "type": "Point",
    "coordinates": [
     139.08550309,
     -34.16919333
    ]
   },
   "properties": {
    "name": "21 HANNAN STREET EUDUNDA 5374",
    "locID": "LOC000064857272",
    "tech": "WIRELESS",
    "upgrade": "NULL_NA",
    "gnaf_pid": "GASA_415488687",
    "tech_change_status": "Not Planned",
    "program_type": "Fixed Wireless and Satellite Upgrade Program",
    "target_eligibility_quarter": "NA"
   }
  },
  {
   "type": "Feature",
   "geometry": {
    "type": "Point",
    "coordinates": [
     139.08546686,
     -34.16901426
    ]
   },
   "properties": {
    "name": "23 HANNAN STREET EUDUNDA 5374",
    "locID": "LOC000064817858",
    "tech": "WIRELESS",
    "upgrade": "NULL_NA",
    "gnaf_pid": "GASA_415488688",
    "tech_change_status": "Not Planned",
    "program_type": "Fixed Wireless and Satellite Upgrade Program",
    "target_eligibility_quarter": "NA"
   }
  },
  {
   "type": "Feature",
   "geometry": {
    "type": "Point",
    "coordinates": [
     139.08543086,
     -34.16883495
    ]
   },
   "properties": {
    "name": "25 HANNAN STREET EUDUNDA 5374",
    "locID": "LOC000103652138",
    "tech": "WIRELESS",
    "upgrade": "NULL_NA",
    "gnaf_pid": "GASA_415488689",
    "tech_change_status": "Not Planned",
    "program_type": "Fixed Wireless and Satellite Upgrade Program",
    "target_eligibility_quarter": "NA"
   }
  },
  {
   "type": "Feature",
   "geometry": {
    "type": "Point",
    "coordinates": [
     139.08530324,
     -34.16821047
    ]
   },
   "properties": {
    "name": "29 HANNAN STREET EUDUNDA 5374",
    "locID": "LOC000070285614",
    "tech": "WIRELESS",
    "upgrade": "NULL_NA",
    "gnaf_pid": "GASA_415488692",
    "tech_change_status": "Not Planned",
    "program_type": "Fixed Wireless and Satellite Upgrade Program",
    "target_eligibility_quarter": "NA"
   }
  },
  {
   "type": "Feature",
   "geometry": {
    "type": "Point",
    "coordinates": [
     139.08760528,
     -34.17336605
    ]
   },
   "properties": {
    "name": "18 WARD STREET EUDUNDA 5374",
    "locID": "LOC000017873512",
    "tech": "WIRELESS",
    "upgrade": "NULL_NA",
    "gnaf_pid": "GASA_415488981",
    "tech_change_status": "Not Planned",
    "program_type": "Fixed Wireless and Satellite Upgrade Program",
    "target_eligibility_quarter": "NA"
   }
  },
  {
   "type": "Feature",
   "geometry": {
    "type": "Point",
    "coordinates": [
     139.08911048,
     -34.17775275
    ]
   },
   "properties": {
    "name": "35 SOUTH TERRACE EUDUNDA 5374",
    "locID": "LOC000078263004",
    "tech": "WIRELESS",
    "upgrade": "NULL_NA",
    "gnaf_pid": "GASA_415488987",
    "tech_change_status": "Not Planned",
    "program_type": "Fixed Wireless and Satellite Upgrade Program",
    "target_eligibility_quarter": "NA"
   }
  },
  {
   "type": "Feature",
   "geometry": {
    "type": "Point",
    "coordinates": [
     139.08805732,
     -34.17305527
    ]
   },
   "properties": {
    "name": "10 HILL STREET EUDUNDA 5374",
    "locID": "LOC000071697013",
    "tech": "WIRELESS",
    "upgrade": "NULL_NA",
    "gnaf_pid": "GASA_415488990",
    "tech_change_status": "Not Planned",
    "program_type": "Fixed Wireless and Satellite Upgrade Program",
    "target_eligibility_quarter": "NA"
   }
  },
  {
   "type": "Feature",
   "geometry": {
    "type": "Point",
    "coordinates": [
     139.0851147,
     -34.16218752
    ]
   },
   "properties": {
    "name": "92 BRUCE STREET EUDUNDA 5374",
    "locID": "LOC000094806644",
    "tech": "WIRELESS",
    "upgrade": "NULL_NA",
    "gnaf_pid": "GASA_415489006",
    "tech_change_status": "Not Planned",
    "program_type": "Fixed Wireless and Satellite Upgrade Program",
    "target_eligibility_quarter": "NA"
   }
  },
  {
   "type": "Feature",
   "geometry": {
    "type": "Point",
    "coordinates": [
     139.08546013,
     -34.17198561
    ]
   },
   "properties": {
    "name": "7 KAPUNDA STREET EUDUNDA 5374",
    "locID": "LOC000103451909",
    "tech": "WIRELESS",
    "upgrade": "NULL_NA",
    "gnaf_pid": "GASA_415492979",
    "tech_change_status": "Not Planned",
    "program_type": "Fixed Wireless and Satellite Upgrade Program",
    "target_eligibility_quarter": "NA"
   }
  },
  {
   "type": "Feature",
   "geometry": {
    "type": "Point",
    "coordinates": [
     139.08560051,
     -34.17189141
    ]
   },
   "properties": {
    "name": "9 KAPUNDA STREET EUDUNDA 5374",
    "locID": "LOC000092142837",
    "tech": "WIRELESS",
    "upgrade": "NULL_NA",
    "gnaf_pid": "GASA_415492980",
    "tech_change_status": "Not Planned",
    "program_type": "Fixed Wireless and Satellite Upgrade Program",
    "target_eligibility_quarter": "NA"
   }
  },
  {
   "type": "Feature",
   "geometry": {
    "type": "Point",
    "coordinates": [
     139.08365863,
     -34.16731268
    ]
   },
   "properties": {
    "name": "63 BRUCE STREET EUDUNDA 5374",
    "locID": "LOC000012551602",
    "tech": "WIRELESS",
    "upgrade": "NULL_NA",
    "gnaf_pid": "GASA_415492981",
    "tech_change_status": "Not Planned",
    "program_type": "Fixed Wireless and Satellite Upgrade Program",
    "target_eligibility_quarter": "NA"
   }
  },
  {
   "type": "Feature",
   "geometry": {
    "type": "Point",
    "coordinates": [
     139.08347763,
     -34.16769457
    ]
   },
   "properties": {
    "name": "61 BRUCE STREET EUDUNDA 5374",
    "locID": "LOC000016700520",
    "tech": "WIRELESS",
    "upgrade": "NULL_NA",
    "gnaf_pid": "GASA_415492982",
    "tech_change_status": "Not Planned",
    "program_type": "Fixed Wireless and Satellite Upgrade Program",
    "target_eligibility_quarter": "NA"
   }
  },
  {
   "type": "Feature",
   "geometry": {
    "type": "Point",
    "coordinates": [
     139.08629956,
     -34.17088639
    ]
   },
   "properties": {
    "name": "UNIT 2, 14 KAPUNDA STREET EUDUNDA 5374",
    "locID": "LOC000037195615",
    "tech": "WIRELESS",
    "upgrade": "NULL_NA",
    "gnaf_pid": "GASA_415493660",
    "tech_change_status": "Not Planned",
    "program_type": "Fixed Wireless and Satellite Upgrade Program",
    "target_eligibility_quarter": "NA"
   }
  },
  {
   "type": "Feature",
   "geometry": {
    "type": "Point",
    "coordinates": [
     139.08608817,
     -34.17068386
    ]
   },
   "properties": {
    "name": "UNIT 2, 2 VIEW STREET EUDUNDA 5374",
    "locID": "LOC000082421155",
    "tech": "WIRELESS",
    "upgrade": "NULL_NA",
    "gnaf_pid": "GASA_415493661",
    "tech_change_status": "Not Planned",
    "program_type": "Fixed Wireless and Satellite Upgrade Program",
    "target_eligibility_quarter": "NA"
   }
  },
  {
   "type": "Feature",
   "geometry": {
    "type": "Point",
    "coordinates": [
     139.08642231,
     -34.17079907
    ]
   },
   "properties": {
    "name": "UNIT 3, 14 KAPUNDA STREET EUDUNDA 5374",
    "locID": "LOC000037002098",
    "tech": "WIRELESS",
    "upgrade": "NULL_NA",
    "gnaf_pid": "GASA_415493662",
    "tech_change_status": "Not Planned",
    "program_type": "Fixed Wireless and Satellite Upgrade Program",
    "target_eligibility_quarter": "NA"
   }
  },
  {
   "type": "Feature",
   "geometry": {
    "type": "Point",
    "coordinates": [
     139.0861723,
     -34.17096649
    ]
   },
   "properties": {
    "name": "UNIT 1, 14 KAPUNDA STREET EUDUNDA 5374",
    "locID": "LOC000037195615",
    "tech": "WIRELESS",
    "upgrade": "NULL_NA",
    "gnaf_pid": "GASA_415493664",
    "tech_change_status": "Not Planned",
    "program_type": "Fixed Wireless and Satellite Upgrade Program",
    "target_eligibility_quarter": "NA"
   }
  },
  {
   "type": "Feature",
   "geometry": {
    "type": "Point",
    "coordinates": [
     139.08593464,
     -34.17071148
    ]
   },
   "properties": {
    "name": "UNIT 3, 2 VIEW STREET EUDUNDA 5374",
    "locID": "LOC000082954651",
    "tech": "WIRELESS",
    "upgrade": "NULL_NA",
    "gnaf_pid": "GASA_415493666",
    "tech_change_status": "Not Planned",
    "program_type": "Fixed Wireless and Satellite Upgrade Program",
    "target_eligibility_quarter": "NA"
   }
  },
  {
   "type": "Feature",
   "geometry": {
    "type": "Point",
    "coordinates": [
     139.0872711,
     -34.17550951
    ]
   },
   "properties": {
    "name": "43 WEIGALL STREET EUDUNDA 5374",
    "locID": "LOC000030372921",
    "tech": "WIRELESS",
    "upgrade": "NULL_NA",
    "gnaf_pid": "GASA_415494747",
    "tech_change_status": "Not Planned",
    "program_type": "Fixed Wireless and Satellite Upgrade Program",
    "target_eligibility_quarter": "NA"
   }
  },
  {
   "type": "Feature",
   "geometry": {
    "type": "Point",
    "coordinates": [
     139.08512185,
     -34.17679762
    ]
   },
   "properties": {
    "name": "9 SOUTH TERRACE EUDUNDA 5374",
    "locID": "LOC000055213695",
    "tech": "WIRELESS",
    "upgrade": "NULL_NA",
    "gnaf_pid": "GASA_415494748",
    "tech_change_status": "Not Planned",
    "program_type": "Fixed Wireless and Satellite Upgrade Program",
    "target_eligibility_quarter": "NA"
   }
  },
  {
   "type": "Feature",
   "geometry": {
    "type": "Point",
    "coordinates": [
     139.08482198,
     -34.17611658
    ]
   },
   "properties": {
    "name": "4 SOUTH TERRACE EUDUNDA 5374",
    "locID": "LOC000020879052",
    "tech": "WIRELESS",
    "upgrade": "NULL_NA",
    "gnaf_pid": "GASA_415495453",
    "tech_change_status": "Not Planned",
    "program_type": "Fixed Wireless and Satellite Upgrade Program",
    "target_eligibility_quarter": "NA"
   }
  },
  {
   "type": "Feature",
   "geometry": {
    "type": "Point",
    "coordinates": [
     139.08784692,
     -34.17320018
    ]
   },
   "properties": {
    "name": "8 HILL STREET EUDUNDA 5374",
    "locID": "LOC000083085413",
    "tech": "WIRELESS",
    "upgrade": "NULL_NA",
    "gnaf_pid": "GASA_415497380",
    "tech_change_status": "Not Planned",
    "program_type": "Fixed Wireless and Satellite Upgrade Program",
    "target_eligibility_quarter": "NA"
   }
  },
  {
   "type": "Feature",
   "geometry": {
    "type": "Point",
    "coordinates": [
     139.08491002,
     -34.17191319
    ]
   },
   "properties": {
    "name": "2 BRUCE STREET EUDUNDA 5374",
    "locID": "LOC000094208374",
    "tech": "WIRELESS",
    "upgrade": "NULL_NA",
    "gnaf_pid": "GASA_415503757",
    "tech_change_status": "Not Planned",
    "program_type": "Fixed Wireless and Satellite Upgrade Program",
    "target_eligibility_quarter": "NA"
   }
  },
  {
   "type": "Feature",
   "geometry": {
    "type": "Point",
    "coordinates": [
     139.08235569,
     -34.1713732
    ]
   },
   "properties": {
    "name": "10 LLOYD STREET EUDUNDA 5374",
    "locID": "LOC000018353770",
    "tech": "WIRELESS",
    "upgrade": "NULL_NA",
    "gnaf_pid": "GASA_415504458",
    "tech_change_status": "Not Planned",
    "program_type": "Fixed Wireless and Satellite Upgrade Program",
    "target_eligibility_quarter": "NA"
   }
  },
  {
   "type": "Feature",
   "geometry": {
    "type": "Point",
    "coordinates": [
     139.08263667,
     -34.17143462
    ]
   },
   "properties": {
    "name": "8 LLOYD STREET EUDUNDA 5374",
    "locID": "LOC000034296163",
    "tech": "WIRELESS",
    "upgrade": "NULL_NA",
    "gnaf_pid": "GASA_415504459",
    "tech_change_status": "Not Planned",
    "program_type": "Fixed Wireless and Satellite Upgrade Program",
    "target_eligibility_quarter": "NA"
   }
  },
  {
   "type": "Feature",
   "geometry": {
    "type": "Point",
    "coordinates": [
     139.08280227,
     -34.17121214
    ]
   },
   "properties": {
    "name": "LOT 838 LLOYD STREET EUDUNDA 5374",
    "locID": "LOC000077842684",
    "tech": "WIRELESS",
    "upgrade": "NULL_NA",
    "gnaf_pid": "GASA_415504462",
    "tech_change_status": "Not Planned",
    "program_type": "Fixed Wireless and Satellite Upgrade Program",
    "target_eligibility_quarter": "NA"
   }
  },
  {
   "type": "Feature",
   "geometry": {
    "type": "Point",
    "coordinates": [
     139.08295752,
     -34.17126079
    ]
   },
   "properties": {
    "name": "6 LLOYD STREET EUDUNDA 5374",
    "locID": "LOC000077842684",
    "tech": "WIRELESS",
    "upgrade": "NULL_NA",
    "gnaf_pid": "GASA_415504463",
    "tech_change_status": "Not Planned",
    "program_type": "Fixed Wireless and Satellite Upgrade Program",
    "target_eligibility_quarter": "NA"
   }
  },
  {
   "type": "Feature",
   "geometry": {
    "type": "Point",
    "coordinates": [
     139.08473258,
     -34.17191643
    ]
   },
   "properties": {
    "name": "4 BRUCE STREET EUDUNDA 5374",
    "locID": "LOC000082472238",
    "tech": "WIRELESS",
    "upgrade": "NULL_NA",
    "gnaf_pid": "GASA_415506334",
    "tech_change_status": "Not Planned",
    "program_type": "Fixed Wireless and Satellite Upgrade Program",
    "target_eligibility_quarter": "NA"
   }
  },
  {
   "type": "Feature",
   "geometry": {
    "type": "Point",
    "coordinates": [
     139.0848591,
     -34.17038313
    ]
   },
   "properties": {
    "name": "32 BRUCE STREET EUDUNDA 5374",
    "locID": "LOC000064471453",
    "tech": "WIRELESS",
    "upgrade": "NULL_NA",
    "gnaf_pid": "GASA_415506336",
    "tech_change_status": "Not Planned",
    "program_type": "Fixed Wireless and Satellite Upgrade Program",
    "target_eligibility_quarter": "NA"
   }
  },
  {
   "type": "Feature",
   "geometry": {
    "type": "Point",
    "coordinates": [
     139.08474321,
     -34.17024073
    ]
   },
   "properties": {
    "name": "34 BRUCE STREET EUDUNDA 5374",
    "locID": "LOC000018342277",
    "tech": "WIRELESS",
    "upgrade": "NULL_NA",
    "gnaf_pid": "GASA_415506337",
    "tech_change_status": "Not Planned",
    "program_type": "Fixed Wireless and Satellite Upgrade Program",
    "target_eligibility_quarter": "NA"
   }
  },
  {
   "type": "Feature",
   "geometry": {
    "type": "Point",
    "coordinates": [
     139.08473858,
     -34.17003468
    ]
   },
   "properties": {
    "name": "36 BRUCE STREET EUDUNDA 5374",
    "locID": "LOC000054920160",
    "tech": "WIRELESS",
    "upgrade": "NULL_NA",
    "gnaf_pid": "GASA_415506338",
    "tech_change_status": "Not Planned",
    "program_type": "Fixed Wireless and Satellite Upgrade Program",
    "target_eligibility_quarter": "NA"
   }
  },
  {
   "type": "Feature",
   "geometry": {
    "type": "Point",
    "coordinates": [
     139.08327796,
     -34.17126431
    ]
   },
   "properties": {
    "name": "20 BARWELL STREET EUDUNDA 5374",
    "locID": "LOC000027656131",
    "tech": "WIRELESS",
    "upgrade": "NULL_NA",
    "gnaf_pid": "GASA_415506356",
    "tech_change_status": "Not Planned",
    "program_type": "Fixed Wireless and Satellite Upgrade Program",
    "target_eligibility_quarter": "NA"
   }
  },
  {
   "type": "Feature",
   "geometry": {
    "type": "Point",
    "coordinates": [
     139.08321176,
     -34.1725237
    ]
   },
   "properties": {
    "name": "6 BARWELL STREET EUDUNDA 5374",
    "locID": "LOC000050647574",
    "tech": "WIRELESS",
    "upgrade": "NULL_NA",
    "gnaf_pid": "GASA_415506357",
    "tech_change_status": "Not Planned",
    "program_type": "Fixed Wireless and Satellite Upgrade Program",
    "target_eligibility_quarter": "NA"
   }
  },
  {
   "type": "Feature",
   "geometry": {
    "type": "Point",
    "coordinates": [
     139.08330573,
     -34.17273919
    ]
   },
   "properties": {
    "name": "4 BARWELL STREET EUDUNDA 5374",
    "locID": "LOC000058527977",
    "tech": "WIRELESS",
    "upgrade": "NULL_NA",
    "gnaf_pid": "GASA_415506358",
    "tech_change_status": "Not Planned",
    "program_type": "Fixed Wireless and Satellite Upgrade Program",
    "target_eligibility_quarter": "NA"
   }
  },
  {
   "type": "Feature",
   "geometry": {
    "type": "Point",
    "coordinates": [
     139.08265948,
     -34.17082164
    ]
   },
   "properties": {
    "name": "5 LLOYD STREET EUDUNDA 5374",
    "locID": "LOC000059820119",
    "tech": "WIRELESS",
    "upgrade": "NULL_NA",
    "gnaf_pid": "GASA_415506360",
    "tech_change_status": "Not Planned",
    "program_type": "Fixed Wireless and Satellite Upgrade Program",
    "target_eligibility_quarter": "NA"
   }
  },
  {
   "type": "Feature",
   "geometry": {
    "type": "Point",
    "coordinates": [
     139.08242279,
     -34.17081723
    ]
   },
   "properties": {
    "name": "7 LLOYD STREET EUDUNDA 5374",
    "locID": "LOC000025758042",
    "tech": "WIRELESS",
    "upgrade": "NULL_NA",
    "gnaf_pid": "GASA_415506361",
    "tech_change_status": "Not Planned",
    "program_type": "Fixed Wireless and Satellite Upgrade Program",
    "target_eligibility_quarter": "NA"
   }
  },
  {
   "type": "Feature",
   "geometry": {
    "type": "Point",
    "coordinates": [
     139.0822876,
     -34.16978844
    ]
   },
   "properties": {
    "name": "10 LAURENCE STREET EUDUNDA 5374",
    "locID": "LOC000006276813",
    "tech": "WIRELESS",
    "upgrade": "NULL_NA",
    "gnaf_pid": "GASA_415506362",
    "tech_change_status": "Not Planned",
    "program_type": "Fixed Wireless and Satellite Upgrade Program",
    "target_eligibility_quarter": "NA"
   }
  },
  {
   "type": "Feature",
   "geometry": {
    "type": "Point",
    "coordinates": [
     139.08224311,
     -34.16957398
    ]
   },
   "properties": {
    "name": "12 LAURENCE STREET EUDUNDA 5374",
    "locID": "LOC000107095849",
    "tech": "WIRELESS",
    "upgrade": "NULL_NA",
    "gnaf_pid": "GASA_415506363",
    "tech_change_status": "Not Planned",
    "program_type": "Fixed Wireless and Satellite Upgrade Program",
    "target_eligibility_quarter": "NA"
   }
  },
  {
   "type": "Feature",
   "geometry": {
    "type": "Point",
    "coordinates": [
     139.08299027,
     -34.17041504
    ]
   },
   "properties": {
    "name": "28 BARWELL STREET EUDUNDA 5374",
    "locID": "LOC000032538639",
    "tech": "WIRELESS",
    "upgrade": "NULL_NA",
    "gnaf_pid": "GASA_415506364",
    "tech_change_status": "Not Planned",
    "program_type": "Fixed Wireless and Satellite Upgrade Program",
    "target_eligibility_quarter": "NA"
   }
  },
  {
   "type": "Feature",
   "geometry": {
    "type": "Point",
    "coordinates": [
     139.08301746,
     -34.17059719
    ]
   },
   "properties": {
    "name": "26 BARWELL STREET EUDUNDA 5374",
    "locID": "LOC000078343605",
    "tech": "WIRELESS",
    "upgrade": "NULL_NA",
    "gnaf_pid": "GASA_415506365",
    "tech_change_status": "Not Planned",
    "program_type": "Fixed Wireless and Satellite Upgrade Program",
    "target_eligibility_quarter": "NA"
   }
  },
  {
   "type": "Feature",
   "geometry": {
    "type": "Point",
    "coordinates": [
     139.08334338,
     -34.16836898
    ]
   },
   "properties": {
    "name": "51 BARWELL STREET EUDUNDA 5374",
    "locID": "LOC000002716078",
    "tech": "WIRELESS",
    "upgrade": "NULL_NA",
    "gnaf_pid": "GASA_415506369",
    "tech_change_status": "Not Planned",
    "program_type": "Fixed Wireless and Satellite Upgrade Program",
    "target_eligibility_quarter": "NA"
   }
  },
  {
   "type": "Feature",
   "geometry": {
    "type": "Point",
    "coordinates": [
     139.08323494,
     -34.1682001
    ]
   },
   "properties": {
    "name": "53 BARWELL STREET EUDUNDA 5374",
    "locID": "LOC000087811098",
    "tech": "WIRELESS",
    "upgrade": "NULL_NA",
    "gnaf_pid": "GASA_415506370",
    "tech_change_status": "Not Planned",
    "program_type": "Fixed Wireless and Satellite Upgrade Program",
    "target_eligibility_quarter": "NA"
   }
  },
  {
   "type": "Feature",
   "geometry": {
    "type": "Point",
    "coordinates": [
     139.08361349,
     -34.16814788
    ]
   },
   "properties": {
    "name": "57 BRUCE STREET EUDUNDA 5374",
    "locID": "LOC000009223801",
    "tech": "WIRELESS",
    "upgrade": "NULL_NA",
    "gnaf_pid": "GASA_415506371",
    "tech_change_status": "Not Planned",
    "program_type": "Fixed Wireless and Satellite Upgrade Program",
    "target_eligibility_quarter": "NA"
   }
  },
  {
   "type": "Feature",
   "geometry": {
    "type": "Point",
    "coordinates": [
     139.08372189,
     -34.16831678
    ]
   },
   "properties": {
    "name": "55 BRUCE STREET EUDUNDA 5374",
    "locID": "LOC000010261312",
    "tech": "WIRELESS",
    "upgrade": "NULL_NA",
    "gnaf_pid": "GASA_415506372",
    "tech_change_status": "Not Planned",
    "program_type": "Fixed Wireless and Satellite Upgrade Program",
    "target_eligibility_quarter": "NA"
   }
  },
  {
   "type": "Feature",
   "geometry": {
    "type": "Point",
    "coordinates": [
     139.08079353,
     -34.16172333
    ]
   },
   "properties": {
    "name": "9 PINE AVENUE EUDUNDA 5374",
    "locID": "LOC000067010209",
    "tech": "WIRELESS",
    "upgrade": "NULL_NA",
    "gnaf_pid": "GASA_415506376",
    "tech_change_status": "Not Planned",
    "program_type": "Fixed Wireless and Satellite Upgrade Program",
    "target_eligibility_quarter": "NA"
   }
  },
  {
   "type": "Feature",
   "geometry": {
    "type": "Point",
    "coordinates": [
     139.08243624,
     -34.15853208
    ]
   },
   "properties": {
    "name": "12 PINE AVENUE EUDUNDA 5374",
    "locID": "LOC000095240368",
    "tech": "WIRELESS",
    "upgrade": "NULL_NA",
    "gnaf_pid": "GASA_415506378",
    "tech_change_status": "Not Planned",
    "program_type": "Fixed Wireless and Satellite Upgrade Program",
    "target_eligibility_quarter": "NA"
   }
  },
  {
   "type": "Feature",
   "geometry": {
    "type": "Point",
    "coordinates": [
     139.08334204,
     -34.15943776
    ]
   },
   "properties": {
    "name": "8 PINE AVENUE EUDUNDA 5374",
    "locID": "LOC000018677359",
    "tech": "WIRELESS",
    "upgrade": "NULL_NA",
    "gnaf_pid": "GASA_415506380",
    "tech_change_status": "Not Planned",
    "program_type": "Fixed Wireless and Satellite Upgrade Program",
    "target_eligibility_quarter": "NA"
   }
  },
  {
   "type": "Feature",
   "geometry": {
    "type": "Point",
    "coordinates": [
     139.08392705,
     -34.16060015
    ]
   },
   "properties": {
    "name": "5 PINE AVENUE EUDUNDA 5374",
    "locID": "LOC000070957629",
    "tech": "WIRELESS",
    "upgrade": "NULL_NA",
    "gnaf_pid": "GASA_415506382",
    "tech_change_status": "Not Planned",
    "program_type": "Fixed Wireless and Satellite Upgrade Program",
    "target_eligibility_quarter": "NA"
   }
  },
  {
   "type": "Feature",
   "geometry": {
    "type": "Point",
    "coordinates": [
     139.08100363,
     -34.16858282
    ]
   },
   "properties": {
    "name": "LOT 866 ALLAN STREET EUDUNDA 5374",
    "locID": "LOC000073962932",
    "tech": "WIRELESS",
    "upgrade": "NULL_NA",
    "gnaf_pid": "GASA_415506383",
    "tech_change_status": "Not Planned",
    "program_type": "Fixed Wireless and Satellite Upgrade Program",
    "target_eligibility_quarter": "NA"
   }
  },
  {
   "type": "Feature",
   "geometry": {
    "type": "Point",
    "coordinates": [
     139.08274525,
     -34.16745634
    ]
   },
   "properties": {
    "name": "60 BARWELL STREET EUDUNDA 5374",
    "locID": "LOC000074155884",
    "tech": "WIRELESS",
    "upgrade": "NULL_NA",
    "gnaf_pid": "GASA_415506385",
    "tech_change_status": "Not Planned",
    "program_type": "Fixed Wireless and Satellite Upgrade Program",
    "target_eligibility_quarter": "NA"
   }
  },
  {
   "type": "Feature",
   "geometry": {
    "type": "Point",
    "coordinates": [
     139.08433238,
     -34.16246306
    ]
   },
   "properties": {
    "name": "91 BRUCE STREET EUDUNDA 5374",
    "locID": "LOC000003431886",
    "tech": "WIRELESS",
    "upgrade": "NULL_NA",
    "gnaf_pid": "GASA_415508256",
    "tech_change_status": "Not Planned",
    "program_type": "Fixed Wireless and Satellite Upgrade Program",
    "target_eligibility_quarter": "NA"
   }
  },
  {
   "type": "Feature",
   "geometry": {
    "type": "Point",
    "coordinates": [
     139.08388044,
     -34.16376911
    ]
   },
   "properties": {
    "name": "83 BRUCE STREET EUDUNDA 5374",
    "locID": "LOC000015093323",
    "tech": "WIRELESS",
    "upgrade": "NULL_NA",
    "gnaf_pid": "GASA_415508257",
    "tech_change_status": "Not Planned",
    "program_type": "Fixed Wireless and Satellite Upgrade Program",
    "target_eligibility_quarter": "NA"
   }
  },
  {
   "type": "Feature",
   "geometry": {
    "type": "Point",
    "coordinates": [
     139.08290656,
     -34.16408904
    ]
   },
   "properties": {
    "name": "81 BRUCE STREET EUDUNDA 5374",
    "locID": "LOC000049698584",
    "tech": "WIRELESS",
    "upgrade": "NULL_NA",
    "gnaf_pid": "GASA_415508258",
    "tech_change_status": "Not Planned",
    "program_type": "Fixed Wireless and Satellite Upgrade Program",
    "target_eligibility_quarter": "NA"
   }
  },
  {
   "type": "Feature",
   "geometry": {
    "type": "Point",
    "coordinates": [
     139.0832461,
     -34.16497688
    ]
   },
   "properties": {
    "name": "79 BRUCE STREET EUDUNDA 5374",
    "locID": "LOC000060552089",
    "tech": "WIRELESS",
    "upgrade": "NULL_NA",
    "gnaf_pid": "GASA_415508260",
    "tech_change_status": "Not Planned",
    "program_type": "Fixed Wireless and Satellite Upgrade Program",
    "target_eligibility_quarter": "NA"
   }
  },
  {
   "type": "Feature",
   "geometry": {
    "type": "Point",
    "coordinates": [
     139.08331937,
     -34.16564923
    ]
   },
   "properties": {
    "name": "73 BRUCE STREET EUDUNDA 5374",
    "locID": "LOC000062574157",
    "tech": "WIRELESS",
    "upgrade": "NULL_NA",
    "gnaf_pid": "GASA_415508261",
    "tech_change_status": "Not Planned",
    "program_type": "Fixed Wireless and Satellite Upgrade Program",
    "target_eligibility_quarter": "NA"
   }
  },
  {
   "type": "Feature",
   "geometry": {
    "type": "Point",
    "coordinates": [
     139.08331459,
     -34.16594066
    ]
   },
   "properties": {
    "name": "71 BRUCE STREET EUDUNDA 5374",
    "locID": "LOC000011790211",
    "tech": "WIRELESS",
    "upgrade": "NULL_NA",
    "gnaf_pid": "GASA_415508262",
    "tech_change_status": "Not Planned",
    "program_type": "Fixed Wireless and Satellite Upgrade Program",
    "target_eligibility_quarter": "NA"
   }
  },
  {
   "type": "Feature",
   "geometry": {
    "type": "Point",
    "coordinates": [
     139.08363558,
     -34.16610986
    ]
   },
   "properties": {
    "name": "67 BRUCE STREET EUDUNDA 5374",
    "locID": "LOC000068098579",
    "tech": "WIRELESS",
    "upgrade": "NULL_NA",
    "gnaf_pid": "GASA_415508263",
    "tech_change_status": "Not Planned",
    "program_type": "Fixed Wireless and Satellite Upgrade Program",
    "target_eligibility_quarter": "NA"
   }
  },
  {
   "type": "Feature",
   "geometry": {
    "type": "Point",
    "coordinates": [
     139.08646262,
     -34.17463235
    ]
   },
   "properties": {
    "name": "31 WEIGALL STREET EUDUNDA 5374",
    "locID": "LOC000084182143",
    "tech": "WIRELESS",
    "upgrade": "NULL_NA",
    "gnaf_pid": "GASA_415510888",
    "tech_change_status": "Not Planned",
    "program_type": "Fixed Wireless and Satellite Upgrade Program",
    "target_eligibility_quarter": "NA"
   }
  },
  {
   "type": "Feature",
   "geometry": {
    "type": "Point",
    "coordinates": [
     139.08486013,
     -34.17299077
    ]
   },
   "properties": {
    "name": "6 RAILWAY PARADE EUDUNDA 5374",
    "locID": "LOC000069642296",
    "tech": "WIRELESS",
    "upgrade": "NULL_NA",
    "gnaf_pid": "GASA_415512695",
    "tech_change_status": "Not Planned",
    "program_type": "Fixed Wireless and Satellite Upgrade Program",
    "target_eligibility_quarter": "NA"
   }
  },
  {
   "type": "Feature",
   "geometry": {
    "type": "Point",
    "coordinates": [
     139.08400837,
     -34.17470826
    ]
   },
   "properties": {
    "name": "30 GUNN STREET EUDUNDA 5374",
    "locID": "LOC000105620539",
    "tech": "WIRELESS",
    "upgrade": "NULL_NA",
    "gnaf_pid": "GASA_415512696",
    "tech_change_status": "Not Planned",
    "program_type": "Fixed Wireless and Satellite Upgrade Program",
    "target_eligibility_quarter": "NA"
   }
  },
  {
   "type": "Feature",
   "geometry": {
    "type": "Point",
    "coordinates": [
     139.0839487,
     -34.17487534
    ]
   },
   "properties": {
    "name": "28 GUNN STREET EUDUNDA 5374",
    "locID": "LOC000097640857",
    "tech": "WIRELESS",
    "upgrade": "NULL_NA",
    "gnaf_pid": "GASA_415512697",
    "tech_change_status": "Not Planned",
    "program_type": "Fixed Wireless and Satellite Upgrade Program",
    "target_eligibility_quarter": "NA"
   }
  },
  {
   "type": "Feature",
   "geometry": {
    "type": "Point",
    "coordinates": [
     139.08379391,
     -34.17572012
    ]
   },
   "properties": {
    "name": "16 GUNN STREET EUDUNDA 5374",
    "locID": "LOC000033202708",
    "tech": "WIRELESS",
    "upgrade": "NULL_NA",
    "gnaf_pid": "GASA_415512698",
    "tech_change_status": "Not Planned",
    "program_type": "Fixed Wireless and Satellite Upgrade Program",
    "target_eligibility_quarter": "NA"
   }
  },
  {
   "type": "Feature",
   "geometry": {
    "type": "Point",
    "coordinates": [
     139.08378698,
     -34.17580883
    ]
   },
   "properties": {
    "name": "14 GUNN STREET EUDUNDA 5374",
    "locID": "LOC000039679550",
    "tech": "WIRELESS",
    "upgrade": "NULL_NA",
    "gnaf_pid": "GASA_415512701",
    "tech_change_status": "Not Planned",
    "program_type": "Fixed Wireless and Satellite Upgrade Program",
    "target_eligibility_quarter": "NA"
   }
  },
  {
   "type": "Feature",
   "geometry": {
    "type": "Point",
    "coordinates": [
     139.08878179,
     -34.17695551
    ]
   },
   "properties": {
    "name": "32 SOUTH TERRACE EUDUNDA 5374",
    "locID": "LOC000069897716",
    "tech": "WIRELESS",
    "upgrade": "NULL_NA",
    "gnaf_pid": "GASA_415512737",
    "tech_change_status": "Not Planned",
    "program_type": "Fixed Wireless and Satellite Upgrade Program",
    "target_eligibility_quarter": "NA"
   }
  },
  {
   "type": "Feature",
   "geometry": {
    "type": "Point",
    "coordinates": [
     139.08609928,
     -34.17632566
    ]
   },
   "properties": {
    "name": "18 SOUTH TERRACE EUDUNDA 5374",
    "locID": "LOC000023407734",
    "tech": "WIRELESS",
    "upgrade": "NULL_NA",
    "gnaf_pid": "GASA_415512748",
    "tech_change_status": "Not Planned",
    "program_type": "Fixed Wireless and Satellite Upgrade Program",
    "target_eligibility_quarter": "NA"
   }
  },
  {
   "type": "Feature",
   "geometry": {
    "type": "Point",
    "coordinates": [
     139.08644512,
     -34.17488022
    ]
   },
   "properties": {
    "name": "1 HILL STREET EUDUNDA 5374",
    "locID": "LOC000104879371",
    "tech": "WIRELESS",
    "upgrade": "NULL_NA",
    "gnaf_pid": "GASA_415512750",
    "tech_change_status": "Not Planned",
    "program_type": "Fixed Wireless and Satellite Upgrade Program",
    "target_eligibility_quarter": "NA"
   }
  },
  {
   "type": "Feature",
   "geometry": {
    "type": "Point",
    "coordinates": [
     139.08238202,
     -34.17310521
    ]
   },
   "properties": {
    "name": "50 GUNN STREET EUDUNDA 5374",
    "locID": "LOC000038525570",
    "tech": "WIRELESS",
    "upgrade": "NULL_NA",
    "gnaf_pid": "GASA_415512752",
    "tech_change_status": "Not Planned",
    "program_type": "Fixed Wireless and Satellite Upgrade Program",
    "target_eligibility_quarter": "NA"
   }
  },
  {
   "type": "Feature",
   "geometry": {
    "type": "Point",
    "coordinates": [
     139.08363826,
     -34.17468517
    ]
   },
   "properties": {
    "name": "32 GUNN STREET EUDUNDA 5374",
    "locID": "LOC000071049202",
    "tech": "WIRELESS",
    "upgrade": "NULL_NA",
    "gnaf_pid": "GASA_415512753",
    "tech_change_status": "Not Planned",
    "program_type": "Fixed Wireless and Satellite Upgrade Program",
    "target_eligibility_quarter": "NA"
   }
  },
  {
   "type": "Feature",
   "geometry": {
    "type": "Point",
    "coordinates": [
     139.08761877,
     -34.1756765
    ]
   },
   "properties": {
    "name": "45 WEIGALL STREET EUDUNDA 5374",
    "locID": "LOC000046625504",
    "tech": "WIRELESS",
    "upgrade": "NULL_NA",
    "gnaf_pid": "GASA_415516930",
    "tech_change_status": "Not Planned",
    "program_type": "Fixed Wireless and Satellite Upgrade Program",
    "target_eligibility_quarter": "NA"
   }
  },
  {
   "type": "Feature",
   "geometry": {
    "type": "Point",
    "coordinates": [
     139.08522467,
     -34.17245908
    ]
   },
   "properties": {
    "name": "6 WEIGALL STREET EUDUNDA 5374",
    "locID": "LOC000013455751",
    "tech": "WIRELESS",
    "upgrade": "NULL_NA",
    "gnaf_pid": "GASA_415552912",
    "tech_change_status": "Not Planned",
    "program_type": "Fixed Wireless and Satellite Upgrade Program",
    "target_eligibility_quarter": "NA"
   }
  },
  {
   "type": "Feature",
   "geometry": {
    "type": "Point",
    "coordinates": [
     139.08355739,
     -34.16971834
    ]
   },
   "properties": {
    "name": "35 BARWELL STREET EUDUNDA 5374",
    "locID": "LOC000061577291",
    "tech": "WIRELESS",
    "upgrade": "NULL_NA",
    "gnaf_pid": "GASA_415555768",
    "tech_change_status": "Not Planned",
    "program_type": "Fixed Wireless and Satellite Upgrade Program",
    "target_eligibility_quarter": "NA"
   }
  },
  {
   "type": "Feature",
   "geometry": {
    "type": "Point",
    "coordinates": [
     139.08393552,
     -34.16966621
    ]
   },
   "properties": {
    "name": "41 BRUCE STREET EUDUNDA 5374",
    "locID": "LOC000024146193",
    "tech": "WIRELESS",
    "upgrade": "NULL_NA",
    "gnaf_pid": "GASA_415555769",
    "tech_change_status": "Not Planned",
    "program_type": "Fixed Wireless and Satellite Upgrade Program",
    "target_eligibility_quarter": "NA"
   }
  },
  {
   "type": "Feature",
   "geometry": {
    "type": "Point",
    "coordinates": [
     139.08697525,
     -34.17694106
    ]
   },
   "properties": {
    "name": "2 MORGAN ROAD EUDUNDA 5374",
    "locID": "LOC000070772450",
    "tech": "WIRELESS",
    "upgrade": "NULL_NA",
    "gnaf_pid": "GASA_415575595",
    "tech_change_status": "Not Planned",
    "program_type": "Fixed Wireless and Satellite Upgrade Program",
    "target_eligibility_quarter": "NA"
   }
  },
  {
   "type": "Feature",
   "geometry": {
    "type": "Point",
    "coordinates": [
     139.08721592,
     -34.17716003
    ]
   },
   "properties": {
    "name": "4 MORGAN ROAD EUDUNDA 5374",
    "locID": "LOC100077367556",
    "tech": "WIRELESS",
    "upgrade": "NULL_NA",
    "gnaf_pid": "GASA_415575596",
    "tech_change_status": "Not Planned",
    "program_type": "Fixed Wireless and Satellite Upgrade Program",
    "target_eligibility_quarter": "NA"
   }
  },
  {
   "type": "Feature",
   "geometry": {
    "type": "Point",
    "coordinates": [
     139.08600925,
     -34.1776243
    ]
   },
   "properties": {
    "name": "3 EYRE STREET EUDUNDA 5374",
    "locID": "LOC000050028805",
    "tech": "WIRELESS",
    "upgrade": "NULL_NA",
    "gnaf_pid": "GASA_415692382",
    "tech_change_status": "Not Planned",
    "program_type": "Fixed Wireless and Satellite Upgrade Program",
    "target_eligibility_quarter": "NA"
   }
  },
  {
   "type": "Feature",
   "geometry": {
    "type": "Point",
    "coordinates": [
     139.08605183,
     -34.1778022
    ]
   },
   "properties": {
    "name": "5 EYRE STREET EUDUNDA 5374",
    "locID": "LOC000008533793",
    "tech": "WIRELESS",
    "upgrade": "NULL_NA",
    "gnaf_pid": "GASA_415692383",
    "tech_change_status": "Not Planned",
    "program_type": "Fixed Wireless and Satellite Upgrade Program",
    "target_eligibility_quarter": "NA"
   }
  },
  {
   "type": "Feature",
   "geometry": {
    "type": "Point",
    "coordinates": [
     139.0860944,
     -34.1779801
    ]
   },
   "properties": {
    "name": "7 EYRE STREET EUDUNDA 5374",
    "locID": "LOC000084679340",
    "tech": "WIRELESS",
    "upgrade": "NULL_NA",
    "gnaf_pid": "GASA_415692384",
    "tech_change_status": "Not Planned",
    "program_type": "Fixed Wireless and Satellite Upgrade Program",
    "target_eligibility_quarter": "NA"
   }
  },
  {
   "type": "Feature",
   "geometry": {
    "type": "Point",
    "coordinates": [
     139.08689546,
     -34.17752434
    ]
   },
   "properties": {
    "name": "7 MORGAN ROAD EUDUNDA 5374",
    "locID": "LOC000071390967",
    "tech": "WIRELESS",
    "upgrade": "NULL_NA",
    "gnaf_pid": "GASA_415692389",
    "tech_change_status": "Not Planned",
    "program_type": "Fixed Wireless and Satellite Upgrade Program",
    "target_eligibility_quarter": "NA"
   }
  },
  {
   "type": "Feature",
   "geometry": {
    "type": "Point",
    "coordinates": [
     139.08680228,
     -34.17812924
    ]
   },
   "properties": {
    "name": "8 EYRE STREET EUDUNDA 5374",
    "locID": "LOC000044939687",
    "tech": "WIRELESS",
    "upgrade": "NULL_NA",
    "gnaf_pid": "GASA_415692564",
    "tech_change_status": "Not Planned",
    "program_type": "Fixed Wireless and Satellite Upgrade Program",
    "target_eligibility_quarter": "NA"
   }
  },
  {
   "type": "Feature",
   "geometry": {
    "type": "Point",
    "coordinates": [
     139.08719619,
     -34.17788293
    ]
   },
   "properties": {
    "name": "9 MORGAN ROAD EUDUNDA 5374",
    "locID": "LOC000080234167",
    "tech": "WIRELESS",
    "upgrade": "NULL_NA",
    "gnaf_pid": "GASA_415692565",
    "tech_change_status": "Not Planned",
    "program_type": "Fixed Wireless and Satellite Upgrade Program",
    "target_eligibility_quarter": "NA"
   }
  },
  {
   "type": "Feature",
   "geometry": {
    "type": "Point",
    "coordinates": [
     139.08674961,
     -34.17779997
    ]
   },
   "properties": {
    "name": "6 EYRE STREET EUDUNDA 5374",
    "locID": "LOC000069993106",
    "tech": "WIRELESS",
    "upgrade": "NULL_NA",
    "gnaf_pid": "GASA_415695049",
    "tech_change_status": "Not Planned",
    "program_type": "Fixed Wireless and Satellite Upgrade Program",
    "target_eligibility_quarter": "NA"
   }
  },
  {
   "type": "Feature",
   "geometry": {
    "type": "Point",
    "coordinates": [
     139.08739421,
     -34.17799481
    ]
   },
   "properties": {
    "name": "11 MORGAN ROAD EUDUNDA 5374",
    "locID": "LOC000015160974",
    "tech": "WIRELESS",
    "upgrade": "NULL_NA",
    "gnaf_pid": "GASA_415696036",
    "tech_change_status": "Not Planned",
    "program_type": "Fixed Wireless and Satellite Upgrade Program",
    "target_eligibility_quarter": "NA"
   }
  },
  {
   "type": "Feature",
   "geometry": {
    "type": "Point",
    "coordinates": [
     139.0876099,
     -34.17810688
    ]
   },
   "properties": {
    "name": "13 MORGAN ROAD EUDUNDA 5374",
    "locID": "LOC000050873154",
    "tech": "WIRELESS",
    "upgrade": "NULL_NA",
    "gnaf_pid": "GASA_415696037",
    "tech_change_status": "Not Planned",
    "program_type": "Fixed Wireless and Satellite Upgrade Program",
    "target_eligibility_quarter": "NA"
   }
  },
  {
   "type": "Feature",
   "geometry": {
    "type": "Point",
    "coordinates": [
     139.08797154,
     -34.17838807
    ]
   },
   "properties": {
    "name": "17 MORGAN ROAD EUDUNDA 5374",
    "locID": "LOC000049577820",
    "tech": "WIRELESS",
    "upgrade": "NULL_NA",
    "gnaf_pid": "GASA_415696039",
    "tech_change_status": "Not Planned",
    "program_type": "Fixed Wireless and Satellite Upgrade Program",
    "target_eligibility_quarter": "NA"
   }
  },
  {
   "type": "Feature",
   "geometry": {
    "type": "Point",
    "coordinates": [
     139.08533403,
     -34.1768401
    ]
   },
   "properties": {
    "name": "11 SOUTH TERRACE EUDUNDA 5374",
    "locID": "LOC000040961833",
    "tech": "WIRELESS",
    "upgrade": "NULL_NA",
    "gnaf_pid": "GASA_415696723",
    "tech_change_status": "Not Planned",
    "program_type": "Fixed Wireless and Satellite Upgrade Program",
    "target_eligibility_quarter": "NA"
   }
  },
  {
   "type": "Feature",
   "geometry": {
    "type": "Point",
    "coordinates": [
     139.0855462,
     -34.17688258
    ]
   },
   "properties": {
    "name": "13 SOUTH TERRACE EUDUNDA 5374",
    "locID": "LOC000075066143",
    "tech": "WIRELESS",
    "upgrade": "NULL_NA",
    "gnaf_pid": "GASA_415696724",
    "tech_change_status": "Not Planned",
    "program_type": "Fixed Wireless and Satellite Upgrade Program",
    "target_eligibility_quarter": "NA"
   }
  },
  {
   "type": "Feature",
   "geometry": {
    "type": "Point",
    "coordinates": [
     139.08607669,
     -34.17698878
    ]
   },
   "properties": {
    "name": "17 SOUTH TERRACE EUDUNDA 5374",
    "locID": "LOC000029454521",
    "tech": "WIRELESS",
    "upgrade": "NULL_NA",
    "gnaf_pid": "GASA_415698198",
    "tech_change_status": "Not Planned",
    "program_type": "Fixed Wireless and Satellite Upgrade Program",
    "target_eligibility_quarter": "NA"
   }
  },
  {
   "type": "Feature",
   "geometry": {
    "type": "Point",
    "coordinates": [
     139.08591974,
     -34.17738704
    ]
   },
   "properties": {
    "name": "1 EYRE STREET EUDUNDA 5374",
    "locID": "LOC000097762186",
    "tech": "WIRELESS",
    "upgrade": "NULL_NA",
    "gnaf_pid": "GASA_415698200",
    "tech_change_status": "Not Planned",
    "program_type": "Fixed Wireless and Satellite Upgrade Program",
    "target_eligibility_quarter": "NA"
   }
  },
  {
   "type": "Feature",
   "geometry": {
    "type": "Point",
    "coordinates": [
     139.08519433,
     -34.17058438
    ]
   },
   "properties": {
    "name": "UNIT 1, 6 HANNAN STREET EUDUNDA 5374",
    "locID": "LOC000039449081",
    "tech": "WIRELESS",
    "upgrade": "NULL_NA",
    "gnaf_pid": "GASA_415972396",
    "tech_change_status": "Not Planned",
    "program_type": "Fixed Wireless and Satellite Upgrade Program",
    "target_eligibility_quarter": "NA"
   }
  },
  {
   "type": "Feature",
   "geometry": {
    "type": "Point",
    "coordinates": [
     139.0852064,
     -34.17066643
    ]
   },
   "properties": {
    "name": "UNIT 2, 6 HANNAN STREET EUDUNDA 5374",
    "locID": "LOC000039367783",
    "tech": "WIRELESS",
    "upgrade": "NULL_NA",
    "gnaf_pid": "GASA_415972397",
    "tech_change_status": "Not Planned",
    "program_type": "Fixed Wireless and Satellite Upgrade Program",
    "target_eligibility_quarter": "NA"
   }
  },
  {
   "type": "Feature",
   "geometry": {
    "type": "Point",
    "coordinates": [
     139.0852389,
     -34.17074632
    ]
   },
   "properties": {
    "name": "UNIT 3, 6 HANNAN STREET EUDUNDA 5374",
    "locID": "LOC000039367796",
    "tech": "WIRELESS",
    "upgrade": "NULL_NA",
    "gnaf_pid": "GASA_415972398",
    "tech_change_status": "Not Planned",
    "program_type": "Fixed Wireless and Satellite Upgrade Program",
    "target_eligibility_quarter": "NA"
   }
  },
  {
   "type": "Feature",
   "geometry": {
    "type": "Point",
    "coordinates": [
     139.08523121,
     -34.17082894
    ]
   },
   "properties": {
    "name": "UNIT 4, 6 HANNAN STREET EUDUNDA 5374",
    "locID": "LOC000039444750",
    "tech": "WIRELESS",
    "upgrade": "NULL_NA",
    "gnaf_pid": "GASA_415972399",
    "tech_change_status": "Not Planned",
    "program_type": "Fixed Wireless and Satellite Upgrade Program",
    "target_eligibility_quarter": "NA"
   }
  },
  {
   "type": "Feature",
   "geometry": {
    "type": "Point",
    "coordinates": [
     139.09043762,
     -34.17303624
    ]
   },
   "properties": {
    "name": "12 HILL STREET EUDUNDA 5374",
    "locID": "LOC000093083673",
    "tech": "WIRELESS",
    "upgrade": "NULL_NA",
    "gnaf_pid": "GASA_415972404",
    "tech_change_status": "Not Planned",
    "program_type": "Fixed Wireless and Satellite Upgrade Program",
    "target_eligibility_quarter": "NA"
   }
  },
  {
   "type": "Feature",
   "geometry": {
    "type": "Point",
    "coordinates": [
     139.0896375,
     -34.17731082
    ]
   },
   "properties": {
    "name": "65 WEIGALL STREET EUDUNDA 5374",
    "locID": "LOC100077367560",
    "tech": "WIRELESS",
    "upgrade": "NULL_NA",
    "gnaf_pid": "GASA_415973818",
    "tech_change_status": "Not Planned",
    "program_type": "Fixed Wireless and Satellite Upgrade Program",
    "target_eligibility_quarter": "NA"
   }
  },
  {
   "type": "Feature",
   "geometry": {
    "type": "Point",
    "coordinates": [
     139.08785932,
     -34.17641387
    ]
   },
   "properties": {
    "name": "28 SOUTH TERRACE EUDUNDA 5374",
    "locID": "LOC000039128276",
    "tech": "WIRELESS",
    "upgrade": "NULL_NA",
    "gnaf_pid": "GASA_415974236",
    "tech_change_status": "Not Planned",
    "program_type": "Fixed Wireless and Satellite Upgrade Program",
    "target_eligibility_quarter": "NA"
   }
  },
  {
   "type": "Feature",
   "geometry": {
    "type": "Point",
    "coordinates": [
     139.08819404,
     -34.17667347
    ]
   },
   "properties": {
    "name": "30 SOUTH TERRACE EUDUNDA 5374",
    "locID": "LOC000062321413",
    "tech": "WIRELESS",
    "upgrade": "NULL_NA",
    "gnaf_pid": "GASA_415974238",
    "tech_change_status": "Not Planned",
    "program_type": "Fixed Wireless and Satellite Upgrade Program",
    "target_eligibility_quarter": "NA"
   }
  },
  {
   "type": "Feature",
   "geometry": {
    "type": "Point",
    "coordinates": [
     139.0863991,
     -34.16953373
    ]
   },
   "properties": {
    "name": "13 VIEW STREET EUDUNDA 5374",
    "locID": "LOC000041270977",
    "tech": "WIRELESS",
    "upgrade": "NULL_NA",
    "gnaf_pid": "GASA_415974961",
    "tech_change_status": "Not Planned",
    "program_type": "Fixed Wireless and Satellite Upgrade Program",
    "target_eligibility_quarter": "NA"
   }
  },
  {
   "type": "Feature",
   "geometry": {
    "type": "Point",
    "coordinates": [
     139.08744594,
     -34.17605977
    ]
   },
   "properties": {
    "name": "9 WEBB STREET EUDUNDA 5374",
    "locID": "LOC000021766722",
    "tech": "WIRELESS",
    "upgrade": "NULL_NA",
    "gnaf_pid": "GASA_415974965",
    "tech_change_status": "Not Planned",
    "program_type": "Fixed Wireless and Satellite Upgrade Program",
    "target_eligibility_quarter": "NA"
   }
  },
  {
   "type": "Feature",
   "geometry": {
    "type": "Point",
    "coordinates": [
     139.08749289,
     -34.17074169
    ]
   },
   "properties": {
    "name": "17 KAPUNDA STREET EUDUNDA 5374",
    "locID": "LOC000039368889",
    "tech": "WIRELESS",
    "upgrade": "NULL_NA",
    "gnaf_pid": "GASA_415975051",
    "tech_change_status": "Not Planned",
    "program_type": "Fixed Wireless and Satellite Upgrade Program",
    "target_eligibility_quarter": "NA"
   }
  },
  {
   "type": "Feature",
   "geometry": {
    "type": "Point",
    "coordinates": [
     139.08481434,
     -34.1706521
    ]
   },
   "properties": {
    "name": "30 BRUCE STREET EUDUNDA 5374",
    "locID": "LOC000097030762",
    "tech": "WIRELESS",
    "upgrade": "NULL_NA",
    "gnaf_pid": "GASA_415975747",
    "tech_change_status": "Not Planned",
    "program_type": "Fixed Wireless and Satellite Upgrade Program",
    "target_eligibility_quarter": "NA"
   }
  },
  {
   "type": "Feature",
   "geometry": {
    "type": "Point",
    "coordinates": [
     139.09040794,
     -34.17527141
    ]
   },
   "properties": {
    "name": "40 WARD STREET EUDUNDA 5374",
    "locID": "LOC000039054317",
    "tech": "WIRELESS",
    "upgrade": "NULL_NA",
    "gnaf_pid": "GASA_415977541",
    "tech_change_status": "Not Planned",
    "program_type": "Fixed Wireless and Satellite Upgrade Program",
    "target_eligibility_quarter": "NA"
   }
  },
  {
   "type": "Feature",
   "geometry": {
    "type": "Point",
    "coordinates": [
     139.0853769,
     -34.16856727
    ]
   },
   "properties": {
    "name": "27 HANNAN STREET EUDUNDA 5374",
    "locID": "LOC000059439975",
    "tech": "WIRELESS",
    "upgrade": "NULL_NA",
    "gnaf_pid": "GASA_415977545",
    "tech_change_status": "Not Planned",
    "program_type": "Fixed Wireless and Satellite Upgrade Program",
    "target_eligibility_quarter": "NA"
   }
  },
  {
   "type": "Feature",
   "geometry": {
    "type": "Point",
    "coordinates": [
     139.08938278,
     -34.17593226
    ]
   },
   "properties": {
    "name": "43 WARD STREET EUDUNDA 5374",
    "locID": "LOC000042116421",
    "tech": "WIRELESS",
    "upgrade": "NULL_NA",
    "gnaf_pid": "GASA_415977905",
    "tech_change_status": "Not Planned",
    "program_type": "Fixed Wireless and Satellite Upgrade Program",
    "target_eligibility_quarter": "NA"
   }
  },
  {
   "type": "Feature",
   "geometry": {
    "type": "Point",
    "coordinates": [
     139.08404454,
     -34.17218232
    ]
   },
   "properties": {
    "name": "1 BRUCE STREET EUDUNDA 5374",
    "locID": "LOC000005334930",
    "tech": "WIRELESS",
    "upgrade": "NULL_NA",
    "gnaf_pid": "GASA_415978096",
    "tech_change_status": "Not Planned",
    "program_type": "Fixed Wireless and Satellite Upgrade Program",
    "target_eligibility_quarter": "NA"
   }
  },
  {
   "type": "Feature",
   "geometry": {
    "type": "Point",
    "coordinates": [
     139.08579115,
     -34.17232005
    ]
   },
   "properties": {
    "name": "7 WARD STREET EUDUNDA 5374",
    "locID": "LOC000102668750",
    "tech": "WIRELESS",
    "upgrade": "NULL_NA",
    "gnaf_pid": "GASA_415978099",
    "tech_change_status": "Not Planned",
    "program_type": "Fixed Wireless and Satellite Upgrade Program",
    "target_eligibility_quarter": "NA"
   }
  },
  {
   "type": "Feature",
   "geometry": {
    "type": "Point",
    "coordinates": [
     139.08836686,
     -34.17447615
    ]
   },
   "properties": {
    "name": "8 WARD STREET EUDUNDA 5374",
    "locID": "LOC100085210775",
    "tech": "WIRELESS",
    "upgrade": "NULL_NA",
    "gnaf_pid": "GASA_415978100",
    "tech_change_status": "Not Planned",
    "program_type": "Fixed Wireless and Satellite Upgrade Program",
    "target_eligibility_quarter": "NA"
   }
  },
  {
   "type": "Feature",
   "geometry": {
    "type": "Point",
    "coordinates": [
     139.05697283,
     -34.15445241
    ]
   },
   "properties": {
    "name": "1 JULIA ROAD EUDUNDA 5374",
    "locID": "LOC000150768530",
    "tech": "WIRELESS",
    "upgrade": "NULL_NA",
    "gnaf_pid": "GASA_415978131",
    "tech_change_status": "Not Planned",
    "program_type": "Fixed Wireless and Satellite Upgrade Program",
    "target_eligibility_quarter": "NA"
   }
  },
  {
   "type": "Feature",
   "geometry": {
    "type": "Point",
    "coordinates": [
     139.08502159,
     -34.17367547
    ]
   },
   "properties": {
    "name": "1 RAILWAY PARADE EUDUNDA 5374",
    "locID": "LOC000044885518",
    "tech": "WIRELESS",
    "upgrade": "NULL_NA",
    "gnaf_pid": "GASA_415978770",
    "tech_change_status": "Not Planned",
    "program_type": "Fixed Wireless and Satellite Upgrade Program",
    "target_eligibility_quarter": "NA"
   }
  },
  {
   "type": "Feature",
   "geometry": {
    "type": "Point",
    "coordinates": [
     139.08815965,
     -34.17542056
    ]
   },
   "properties": {
    "name": "46 WEIGALL STREET EUDUNDA 5374",
    "locID": "LOC000003500574",
    "tech": "WIRELESS",
    "upgrade": "NULL_NA",
    "gnaf_pid": "GASA_415978776",
    "tech_change_status": "Not Planned",
    "program_type": "Fixed Wireless and Satellite Upgrade Program",
    "target_eligibility_quarter": "NA"
   }
  },
  {
   "type": "Feature",
   "geometry": {
    "type": "Point",
    "coordinates": [
     139.08484724,
     -34.17175969
    ]
   },
   "properties": {
    "name": "6 BRUCE STREET EUDUNDA 5374",
    "locID": "LOC000012551602",
    "tech": "WIRELESS",
    "upgrade": "NULL_NA",
    "gnaf_pid": "GASA_415978805",
    "tech_change_status": "Not Planned",
    "program_type": "Fixed Wireless and Satellite Upgrade Program",
    "target_eligibility_quarter": "NA"
   }
  },
  {
   "type": "Feature",
   "geometry": {
    "type": "Point",
    "coordinates": [
     139.08853061,
     -34.17676421
    ]
   },
   "properties": {
    "name": "57 WEIGALL STREET EUDUNDA 5374",
    "locID": "LOC000013420879",
    "tech": "WIRELESS",
    "upgrade": "NULL_NA",
    "gnaf_pid": "GASA_415978995",
    "tech_change_status": "Not Planned",
    "program_type": "Fixed Wireless and Satellite Upgrade Program",
    "target_eligibility_quarter": "NA"
   }
  },
  {
   "type": "Feature",
   "geometry": {
    "type": "Point",
    "coordinates": [
     139.09309793,
     -34.18117813
    ]
   },
   "properties": {
    "name": "1 RESERVE ROAD EUDUNDA 5374",
    "locID": "LOC000088859271",
    "tech": "WIRELESS",
    "upgrade": "NULL_NA",
    "gnaf_pid": "GASA_415979681",
    "tech_change_status": "Not Planned",
    "program_type": "Fixed Wireless and Satellite Upgrade Program",
    "target_eligibility_quarter": "NA"
   }
  },
  {
   "type": "Feature",
   "geometry": {
    "type": "Point",
    "coordinates": [
     139.08996171,
     -34.18322556
    ]
   },
   "properties": {
    "name": "4 RESERVE ROAD EUDUNDA 5374",
    "locID": "LOC000023417943",
    "tech": "WIRELESS",
    "upgrade": "NULL_NA",
    "gnaf_pid": "GASA_415979682",
    "tech_change_status": "Not Planned",
    "program_type": "Fixed Wireless and Satellite Upgrade Program",
    "target_eligibility_quarter": "NA"
   }
  },
  {
   "type": "Feature",
   "geometry": {
    "type": "Point",
    "coordinates": [
     139.09227942,
     -34.18233708
    ]
   },
   "properties": {
    "name": "5 RESERVE ROAD EUDUNDA 5374",
    "locID": "LOC000104152176",
    "tech": "WIRELESS",
    "upgrade": "NULL_NA",
    "gnaf_pid": "GASA_415979683",
    "tech_change_status": "Not Planned",
    "program_type": "Fixed Wireless and Satellite Upgrade Program",
    "target_eligibility_quarter": "NA"
   }
  },
  {
   "type": "Feature",
   "geometry": {
    "type": "Point",
    "coordinates": [
     139.09040794,
     -34.17527141
    ]
   },
   "properties": {
    "name": "UNIT 18, 40 WARD STREET EUDUNDA 5374",
    "locID": "LOC000039054317",
    "tech": "WIRELESS",
    "upgrade": "NULL_NA",
    "gnaf_pid": "GASA_415979684",
    "tech_change_status": "Not Planned",
    "program_type": "Fixed Wireless and Satellite Upgrade Program",
    "target_eligibility_quarter": "NA"
   }
  },
  {
   "type": "Feature",
   "geometry": {
    "type": "Point",
    "coordinates": [
     139.08455843,
     -34.16581665
    ]
   },
   "properties": {
    "name": "72 BRUCE STREET EUDUNDA 5374",
    "locID": "LOC000069570892",
    "tech": "WIRELESS",
    "upgrade": "NULL_NA",
    "gnaf_pid": "GASA_415979696",
    "tech_change_status": "Not Planned",
    "program_type": "Fixed Wireless and Satellite Upgrade Program",
    "target_eligibility_quarter": "NA"
   }
  },
  {
   "type": "Feature",
   "geometry": {
    "type": "Point",
    "coordinates": [
     139.08107723,
     -34.16605205
    ]
   },
   "properties": {
    "name": "1 PARK DRIVE EUDUNDA 5374",
    "locID": "LOC000092181522",
    "tech": "WIRELESS",
    "upgrade": "NULL_NA",
    "gnaf_pid": "GASA_415980429",
    "tech_change_status": "Not Planned",
    "program_type": "Fixed Wireless and Satellite Upgrade Program",
    "target_eligibility_quarter": "NA"
   }
  },
  {
   "type": "Feature",
   "geometry": {
    "type": "Point",
    "coordinates": [
     139.08125963,
     -34.16637068
    ]
   },
   "properties": {
    "name": "2 PARK DRIVE EUDUNDA 5374",
    "locID": "LOC000052599221",
    "tech": "WIRELESS",
    "upgrade": "NULL_NA",
    "gnaf_pid": "GASA_415980431",
    "tech_change_status": "Not Planned",
    "program_type": "Fixed Wireless and Satellite Upgrade Program",
    "target_eligibility_quarter": "NA"
   }
  },
  {
   "type": "Feature",
   "geometry": {
    "type": "Point",
    "coordinates": [
     139.08159794,
     -34.166202
    ]
   },
   "properties": {
    "name": "4 PARK DRIVE EUDUNDA 5374",
    "locID": "LOC000026774796",
    "tech": "WIRELESS",
    "upgrade": "NULL_NA",
    "gnaf_pid": "GASA_415980433",
    "tech_change_status": "Not Planned",
    "program_type": "Fixed Wireless and Satellite Upgrade Program",
    "target_eligibility_quarter": "NA"
   }
  },
  {
   "type": "Feature",
   "geometry": {
    "type": "Point",
    "coordinates": [
     139.08758779,
     -34.1774471
    ]
   },
   "properties": {
    "name": "6 MORGAN ROAD EUDUNDA 5374",
    "locID": "LOC000027545543",
    "tech": "WIRELESS",
    "upgrade": "NULL_NA",
    "gnaf_pid": "GASA_415980850",
    "tech_change_status": "Not Planned",
    "program_type": "Fixed Wireless and Satellite Upgrade Program",
    "target_eligibility_quarter": "NA"
   }
  },
  {
   "type": "Feature",
   "geometry": {
    "type": "Point",
    "coordinates": [
     139.08410941,
     -34.17187753
    ]
   },
   "properties": {
    "name": "13 BRUCE STREET EUDUNDA 5374",
    "locID": "LOC000183061214",
    "tech": "WIRELESS",
    "upgrade": "NULL_NA",
    "gnaf_pid": "GASA_415980853",
    "tech_change_status": "Not Planned",
    "program_type": "Fixed Wireless and Satellite Upgrade Program",
    "target_eligibility_quarter": "NA"
   }
  },
  {
   "type": "Feature",
   "geometry": {
    "type": "Point",
    "coordinates": [
     139.09096902,
     -34.17807559
    ]
   },
   "properties": {
    "name": "37 SOUTH TERRACE EUDUNDA 5374",
    "locID": "LOC000025280004",
    "tech": "WIRELESS",
    "upgrade": "NULL_NA",
    "gnaf_pid": "GASA_415981425",
    "tech_change_status": "Not Planned",
    "program_type": "Fixed Wireless and Satellite Upgrade Program",
    "target_eligibility_quarter": "NA"
   }
  },
  {
   "type": "Feature",
   "geometry": {
    "type": "Point",
    "coordinates": [
     139.09006313,
     -34.17749786
    ]
   },
   "properties": {
    "name": "40 SOUTH TERRACE EUDUNDA 5374",
    "locID": "LOC000029132933",
    "tech": "WIRELESS",
    "upgrade": "NULL_NA",
    "gnaf_pid": "GASA_415982481",
    "tech_change_status": "Not Planned",
    "program_type": "Fixed Wireless and Satellite Upgrade Program",
    "target_eligibility_quarter": "NA"
   }
  },
  {
   "type": "Feature",
   "geometry": {
    "type": "Point",
    "coordinates": [
     139.08410941,
     -34.17187753
    ]
   },
   "properties": {
    "name": "9 BRUCE STREET EUDUNDA 5374",
    "locID": "LOC000031720380",
    "tech": "WIRELESS",
    "upgrade": "NULL_NA",
    "gnaf_pid": "GASA_417072709",
    "tech_change_status": "Not Planned",
    "program_type": "Fixed Wireless and Satellite Upgrade Program",
    "target_eligibility_quarter": "NA"
   }
  },
  {
   "type": "Feature",
   "geometry": {
    "type": "Point",
    "coordinates": [
     139.08404535,
     -34.17162158
    ]
   },
   "properties": {
    "name": "17 BRUCE STREET EUDUNDA 5374",
    "locID": "LOC000083073384",
    "tech": "WIRELESS",
    "upgrade": "NULL_NA",
    "gnaf_pid": "GASA_417072718",
    "tech_change_status": "Not Planned",
    "program_type": "Fixed Wireless and Satellite Upgrade Program",
    "target_eligibility_quarter": "NA"
   }
  },
  {
   "type": "Feature",
   "geometry": {
    "type": "Point",
    "coordinates": [
     139.08395604,
     -34.16669248
    ]
   },
   "properties": {
    "name": "24 BRUCE STREET EUDUNDA 5374",
    "locID": "LOC000062754465",
    "tech": "WIRELESS",
    "upgrade": "NULL_NA",
    "gnaf_pid": "GASA_417072901",
    "tech_change_status": "Not Planned",
    "program_type": "Fixed Wireless and Satellite Upgrade Program",
    "target_eligibility_quarter": "NA"
   }
  },
  {
   "type": "Feature",
   "geometry": {
    "type": "Point",
    "coordinates": [
     139.08514937,
     -34.17189271
    ]
   },
   "properties": {
    "name": "2 KAPUNDA STREET EUDUNDA 5374",
    "locID": "LOC000037195615",
    "tech": "WIRELESS",
    "upgrade": "NULL_NA",
    "gnaf_pid": "GASA_417072961",
    "tech_change_status": "Not Planned",
    "program_type": "Fixed Wireless and Satellite Upgrade Program",
    "target_eligibility_quarter": "NA"
   }
  },
  {
   "type": "Feature",
   "geometry": {
    "type": "Point",
    "coordinates": [
     139.08873752,
     -34.17459309
    ]
   },
   "properties": {
    "name": "28 WARD STREET EUDUNDA 5374",
    "locID": "LOC000064691681",
    "tech": "WIRELESS",
    "upgrade": "NULL_NA",
    "gnaf_pid": "GASA_417073844",
    "tech_change_status": "Not Planned",
    "program_type": "Fixed Wireless and Satellite Upgrade Program",
    "target_eligibility_quarter": "NA"
   }
  },
  {
   "type": "Feature",
   "geometry": {
    "type": "Point",
    "coordinates": [
     139.08690363,
     -34.17344023
    ]
   },
   "properties": {
    "name": "15 WARD STREET EUDUNDA 5374",
    "locID": "LOC000036112370",
    "tech": "WIRELESS",
    "upgrade": "NULL_NA",
    "gnaf_pid": "GASA_417073847",
    "tech_change_status": "Not Planned",
    "program_type": "Fixed Wireless and Satellite Upgrade Program",
    "target_eligibility_quarter": "NA"
   }
  },
  {
   "type": "Feature",
   "geometry": {
    "type": "Point",
    "coordinates": [
     139.08952713,
     -34.1760655
    ]
   },
   "properties": {
    "name": "45 WARD STREET EUDUNDA 5374",
    "locID": "LOC000038997468",
    "tech": "WIRELESS",
    "upgrade": "NULL_NA",
    "gnaf_pid": "GASA_417073855",
    "tech_change_status": "Not Planned",
    "program_type": "Fixed Wireless and Satellite Upgrade Program",
    "target_eligibility_quarter": "NA"
   }
  },
  {
   "type": "Feature",
   "geometry": {
    "type": "Point",
    "coordinates": [
     139.08967098,
     -34.17619772
    ]
   },
   "properties": {
    "name": "47 WARD STREET EUDUNDA 5374",
    "locID": "LOC000077086537",
    "tech": "WIRELESS",
    "upgrade": "NULL_NA",
    "gnaf_pid": "GASA_417073857",
    "tech_change_status": "Not Planned",
    "program_type": "Fixed Wireless and Satellite Upgrade Program",
    "target_eligibility_quarter": "NA"
   }
  },
  {
   "type": "Feature",
   "geometry": {
    "type": "Point",
    "coordinates": [
     139.08330352,
     -34.16982592
    ]
   },
   "properties": {
    "name": "1 BARWELL STREET EUDUNDA 5374",
    "locID": "LOC000036246525",
    "tech": "WIRELESS",
    "upgrade": "NULL_NA",
    "gnaf_pid": "GASA_417077271",
    "tech_change_status": "Not Planned",
    "program_type": "Fixed Wireless and Satellite Upgrade Program",
    "target_eligibility_quarter": "NA"
   }
  },
  {
   "type": "Feature",
   "geometry": {
    "type": "Point",
    "coordinates": [
     139.08330352,
     -34.16982592
    ]
   },
   "properties": {
    "name": "2 BARWELL STREET EUDUNDA 5374",
    "locID": "LOC000032538639",
    "tech": "WIRELESS",
    "upgrade": "NULL_NA",
    "gnaf_pid": "GASA_417077294",
    "tech_change_status": "Not Planned",
    "program_type": "Fixed Wireless and Satellite Upgrade Program",
    "target_eligibility_quarter": "NA"
   }
  },
  {
   "type": "Feature",
   "geometry": {
    "type": "Point",
    "coordinates": [
     139.08330352,
     -34.16982592
    ]
   },
   "properties": {
    "name": "3 BARWELL STREET EUDUNDA 5374",
    "locID": "LOC000084325815",
    "tech": "WIRELESS",
    "upgrade": "NULL_NA",
    "gnaf_pid": "GASA_417077295",
    "tech_change_status": "Not Planned",
    "program_type": "Fixed Wireless and Satellite Upgrade Program",
    "target_eligibility_quarter": "NA"
   }
  },
  {
   "type": "Feature",
   "geometry": {
    "type": "Point",
    "coordinates": [
     139.08330352,
     -34.16982592
    ]
   },
   "properties": {
    "name": "5 BARWELL STREET EUDUNDA 5374",
    "locID": "LOC000050647574",
    "tech": "WIRELESS",
    "upgrade": "NULL_NA",
    "gnaf_pid": "GASA_417077296",
    "tech_change_status": "Not Planned",
    "program_type": "Fixed Wireless and Satellite Upgrade Program",
    "target_eligibility_quarter": "NA"
   }
  },
  {
   "type": "Feature",
   "geometry": {
    "type": "Point",
    "coordinates": [
     139.08330352,
     -34.16982592
    ]
   },
   "properties": {
    "name": "7 BARWELL STREET EUDUNDA 5374",
    "locID": "LOC000075313168",
    "tech": "WIRELESS",
    "upgrade": "NULL_NA",
    "gnaf_pid": "GASA_417077297",
    "tech_change_status": "Not Planned",
    "program_type": "Fixed Wireless and Satellite Upgrade Program",
    "target_eligibility_quarter": "NA"
   }
  },
  {
   "type": "Feature",
   "geometry": {
    "type": "Point",
    "coordinates": [
     139.08368731,
     -34.17610964
    ]
   },
   "properties": {
    "name": "4 GUNN STREET EUDUNDA 5374",
    "locID": "LOC000031641832",
    "tech": "WIRELESS",
    "upgrade": "NULL_NA",
    "gnaf_pid": "GASA_417077495",
    "tech_change_status": "Not Planned",
    "program_type": "Fixed Wireless and Satellite Upgrade Program",
    "target_eligibility_quarter": "NA"
   }
  },
  {
   "type": "Feature",
   "geometry": {
    "type": "Point",
    "coordinates": [
     139.08381998,
     -34.17600775
    ]
   },
   "properties": {
    "name": "8 GUNN STREET EUDUNDA 5374",
    "locID": "LOC000023453067",
    "tech": "WIRELESS",
    "upgrade": "NULL_NA",
    "gnaf_pid": "GASA_417077497",
    "tech_change_status": "Not Planned",
    "program_type": "Fixed Wireless and Satellite Upgrade Program",
    "target_eligibility_quarter": "NA"
   }
  },
  {
   "type": "Feature",
   "geometry": {
    "type": "Point",
    "coordinates": [
     139.08366838,
     -34.17501053
    ]
   },
   "properties": {
    "name": "26 GUNN STREET EUDUNDA 5374",
    "locID": "LOC000040411248",
    "tech": "WIRELESS",
    "upgrade": "NULL_NA",
    "gnaf_pid": "GASA_417077504",
    "tech_change_status": "Not Planned",
    "program_type": "Fixed Wireless and Satellite Upgrade Program",
    "target_eligibility_quarter": "NA"
   }
  },
  {
   "type": "Feature",
   "geometry": {
    "type": "Point",
    "coordinates": [
     139.08519433,
     -34.17058438
    ]
   },
   "properties": {
    "name": "6 HANNAN STREET EUDUNDA 5374",
    "locID": "LOC000039449081",
    "tech": "WIRELESS",
    "upgrade": "NULL_NA",
    "gnaf_pid": "GASA_417077524",
    "tech_change_status": "Not Planned",
    "program_type": "Fixed Wireless and Satellite Upgrade Program",
    "target_eligibility_quarter": "NA"
   }
  },
  {
   "type": "Feature",
   "geometry": {
    "type": "Point",
    "coordinates": [
     139.08499312,
     -34.17012468
    ]
   },
   "properties": {
    "name": "10 HANNAN STREET EUDUNDA 5374",
    "locID": "LOC000104586735",
    "tech": "WIRELESS",
    "upgrade": "NULL_NA",
    "gnaf_pid": "GASA_417077527",
    "tech_change_status": "Not Planned",
    "program_type": "Fixed Wireless and Satellite Upgrade Program",
    "target_eligibility_quarter": "NA"
   }
  },
  {
   "type": "Feature",
   "geometry": {
    "type": "Point",
    "coordinates": [
     139.08970062,
     -34.1767578
    ]
   },
   "properties": {
    "name": "64 WEIGALL STREET EUDUNDA 5374",
    "locID": "LOC000064471702",
    "tech": "WIRELESS",
    "upgrade": "NULL_NA",
    "gnaf_pid": "GASA_417079153",
    "tech_change_status": "Not Planned",
    "program_type": "Fixed Wireless and Satellite Upgrade Program",
    "target_eligibility_quarter": "NA"
   }
  },
  {
   "type": "Feature",
   "geometry": {
    "type": "Point",
    "coordinates": [
     139.08431783,
     -34.17145921
    ]
   },
   "properties": {
    "name": "23 BRUCE STREET EUDUNDA 5374",
    "locID": "LOC000037586542",
    "tech": "WIRELESS",
    "upgrade": "NULL_NA",
    "gnaf_pid": "GASA_417082565",
    "tech_change_status": "Not Planned",
    "program_type": "Fixed Wireless and Satellite Upgrade Program",
    "target_eligibility_quarter": "NA"
   }
  },
  {
   "type": "Feature",
   "geometry": {
    "type": "Point",
    "coordinates": [
     139.08410941,
     -34.17187753
    ]
   },
   "properties": {
    "name": "7 BRUCE STREET EUDUNDA 5374",
    "locID": "LOC000007527330",
    "tech": "WIRELESS",
    "upgrade": "NULL_NA",
    "gnaf_pid": "GASA_417082566",
    "tech_change_status": "Not Planned",
    "program_type": "Fixed Wireless and Satellite Upgrade Program",
    "target_eligibility_quarter": "NA"
   }
  },
  {
   "type": "Feature",
   "geometry": {
    "type": "Point",
    "coordinates": [
     139.08414069,
     -34.17055697
    ]
   },
   "properties": {
    "name": "29 BRUCE STREET EUDUNDA 5374",
    "locID": "LOC000072426544",
    "tech": "WIRELESS",
    "upgrade": "NULL_NA",
    "gnaf_pid": "GASA_417082568",
    "tech_change_status": "Not Planned",
    "program_type": "Fixed Wireless and Satellite Upgrade Program",
    "target_eligibility_quarter": "NA"
   }
  },
  {
   "type": "Feature",
   "geometry": {
    "type": "Point",
    "coordinates": [
     139.08395604,
     -34.16669248
    ]
   },
   "properties": {
    "name": "3 BRUCE STREET EUDUNDA 5374",
    "locID": "LOC000043948037",
    "tech": "WIRELESS",
    "upgrade": "NULL_NA",
    "gnaf_pid": "GASA_417082572",
    "tech_change_status": "Not Planned",
    "program_type": "Fixed Wireless and Satellite Upgrade Program",
    "target_eligibility_quarter": "NA"
   }
  },
  {
   "type": "Feature",
   "geometry": {
    "type": "Point",
    "coordinates": [
     139.08425254,
     -34.17195576
    ]
   },
   "properties": {
    "name": "5 BRUCE STREET EUDUNDA 5374",
    "locID": "LOC000077258044",
    "tech": "WIRELESS",
    "upgrade": "NULL_NA",
    "gnaf_pid": "GASA_417082573",
    "tech_change_status": "Not Planned",
    "program_type": "Fixed Wireless and Satellite Upgrade Program",
    "target_eligibility_quarter": "NA"
   }
  },
  {
   "type": "Feature",
   "geometry": {
    "type": "Point",
    "coordinates": [
     139.089961,
     -34.17646595
    ]
   },
   "properties": {
    "name": "51 WARD STREET EUDUNDA 5374",
    "locID": "LOC000087129722",
    "tech": "WIRELESS",
    "upgrade": "NULL_NA",
    "gnaf_pid": "GASA_417083580",
    "tech_change_status": "Not Planned",
    "program_type": "Fixed Wireless and Satellite Upgrade Program",
    "target_eligibility_quarter": "NA"
   }
  },
  {
   "type": "Feature",
   "geometry": {
    "type": "Point",
    "coordinates": [
     139.09109368,
     -34.17665017
    ]
   },
   "properties": {
    "name": "56 WARD STREET EUDUNDA 5374",
    "locID": "LOC000019256915",
    "tech": "WIRELESS",
    "upgrade": "NULL_NA",
    "gnaf_pid": "GASA_417083584",
    "tech_change_status": "Not Planned",
    "program_type": "Fixed Wireless and Satellite Upgrade Program",
    "target_eligibility_quarter": "NA"
   }
  },
  {
   "type": "Feature",
   "geometry": {
    "type": "Point",
    "coordinates": [
     139.0913677,
     -34.17830651
    ]
   },
   "properties": {
    "name": "41 SOUTH TERRACE EUDUNDA 5374",
    "locID": "LOC000105717952",
    "tech": "WIRELESS",
    "upgrade": "NULL_NA",
    "gnaf_pid": "GASA_417101328",
    "tech_change_status": "Not Planned",
    "program_type": "Fixed Wireless and Satellite Upgrade Program",
    "target_eligibility_quarter": "NA"
   }
  },
  {
   "type": "Feature",
   "geometry": {
    "type": "Point",
    "coordinates": [
     139.08593464,
     -34.17071148
    ]
   },
   "properties": {
    "name": "2 VIEW STREET EUDUNDA 5374",
    "locID": "LOC000082421155",
    "tech": "WIRELESS",
    "upgrade": "NULL_NA",
    "gnaf_pid": "GASA_417101330",
    "tech_change_status": "Not Planned",
    "program_type": "Fixed Wireless and Satellite Upgrade Program",
    "target_eligibility_quarter": "NA"
   }
  },
  {
   "type": "Feature",
   "geometry": {
    "type": "Point",
    "coordinates": [
     139.0883297,
     -34.1796713
    ]
   },
   "properties": {
    "name": "19 MORGAN ROAD EUDUNDA 5374",
    "locID": "LOC000106917635",
    "tech": "WIRELESS",
    "upgrade": "NULL_NA",
    "gnaf_pid": "GASA_417105699",
    "tech_change_status": "Not Planned",
    "program_type": "Fixed Wireless and Satellite Upgrade Program",
    "target_eligibility_quarter": "NA"
   }
  },
  {
   "type": "Feature",
   "geometry": {
    "type": "Point",
    "coordinates": [
     139.08017112,
     -34.16671294
    ]
   },
   "properties": {
    "name": "3 SHEOAK CRESCENT EUDUNDA 5374",
    "locID": "LOC000073817945",
    "tech": "WIRELESS",
    "upgrade": "NULL_NA",
    "gnaf_pid": "GASA_417111011",
    "tech_change_status": "Not Planned",
    "program_type": "Fixed Wireless and Satellite Upgrade Program",
    "target_eligibility_quarter": "NA"
   }
  },
  {
   "type": "Feature",
   "geometry": {
    "type": "Point",
    "coordinates": [
     139.09040794,
     -34.17527141
    ]
   },
   "properties": {
    "name": "UNIT 1, 40 WARD STREET EUDUNDA 5374",
    "locID": "LOC000039054317",
    "tech": "WIRELESS",
    "upgrade": "NULL_NA",
    "gnaf_pid": "GASA_417111021",
    "tech_change_status": "Not Planned",
    "program_type": "Fixed Wireless and Satellite Upgrade Program",
    "target_eligibility_quarter": "NA"
   }
  },
  {
   "type": "Feature",
   "geometry": {
    "type": "Point",
    "coordinates": [
     139.09040794,
     -34.17527141
    ]
   },
   "properties": {
    "name": "UNIT 2, 40 WARD STREET EUDUNDA 5374",
    "locID": "LOC000039054317",
    "tech": "WIRELESS",
    "upgrade": "NULL_NA",
    "gnaf_pid": "GASA_417111022",
    "tech_change_status": "Not Planned",
    "program_type": "Fixed Wireless and Satellite Upgrade Program",
    "target_eligibility_quarter": "NA"
   }
  },
  {
   "type": "Feature",
   "geometry": {
    "type": "Point",
    "coordinates": [
     139.09040794,
     -34.17527141
    ]
   },
   "properties": {
    "name": "UNIT 3, 40 WARD STREET EUDUNDA 5374",
    "locID": "LOC000039054317",
    "tech": "WIRELESS",
    "upgrade": "NULL_NA",
    "gnaf_pid": "GASA_417111023",
    "tech_change_status": "Not Planned",
    "program_type": "Fixed Wireless and Satellite Upgrade Program",
    "target_eligibility_quarter": "NA"
   }
  },
  {
   "type": "Feature",
   "geometry": {
    "type": "Point",
    "coordinates": [
     139.09040794,
     -34.17527141
    ]
   },
   "properties": {
    "name": "UNIT 4, 40 WARD STREET EUDUNDA 5374",
    "locID": "LOC000039054317",
    "tech": "WIRELESS",
    "upgrade": "NULL_NA",
    "gnaf_pid": "GASA_417111024",
    "tech_change_status": "Not Planned",
    "program_type": "Fixed Wireless and Satellite Upgrade Program",
    "target_eligibility_quarter": "NA"
   }
  },
  {
   "type": "Feature",
   "geometry": {
    "type": "Point",
    "coordinates": [
     139.09040794,
     -34.17527141
    ]
   },
   "properties": {
    "name": "UNIT 5, 40 WARD STREET EUDUNDA 5374",
    "locID": "LOC000039054317",
    "tech": "WIRELESS",
    "upgrade": "NULL_NA",
    "gnaf_pid": "GASA_417111025",
    "tech_change_status": "Not Planned",
    "program_type": "Fixed Wireless and Satellite Upgrade Program",
    "target_eligibility_quarter": "NA"
   }
  },
  {
   "type": "Feature",
   "geometry": {
    "type": "Point",
    "coordinates": [
     139.09040794,
     -34.17527141
    ]
   },
   "properties": {
    "name": "UNIT 6, 40 WARD STREET EUDUNDA 5374",
    "locID": "LOC000039054317",
    "tech": "WIRELESS",
    "upgrade": "NULL_NA",
    "gnaf_pid": "GASA_417111026",
    "tech_change_status": "Not Planned",
    "program_type": "Fixed Wireless and Satellite Upgrade Program",
    "target_eligibility_quarter": "NA"
   }
  },
  {
   "type": "Feature",
   "geometry": {
    "type": "Point",
    "coordinates": [
     139.09040794,
     -34.17527141
    ]
   },
   "properties": {
    "name": "UNIT 7, 40 WARD STREET EUDUNDA 5374",
    "locID": "LOC000039054317",
    "tech": "WIRELESS",
    "upgrade": "NULL_NA",
    "gnaf_pid": "GASA_417111027",
    "tech_change_status": "Not Planned",
    "program_type": "Fixed Wireless and Satellite Upgrade Program",
    "target_eligibility_quarter": "NA"
   }
  },
  {
   "type": "Feature",
   "geometry": {
    "type": "Point",
    "coordinates": [
     139.09040794,
     -34.17527141
    ]
   },
   "properties": {
    "name": "UNIT 8, 40 WARD STREET EUDUNDA 5374",
    "locID": "LOC000039054317",
    "tech": "WIRELESS",
    "upgrade": "NULL_NA",
    "gnaf_pid": "GASA_417111028",
    "tech_change_status": "Not Planned",
    "program_type": "Fixed Wireless and Satellite Upgrade Program",
    "target_eligibility_quarter": "NA"
   }
  },
  {
   "type": "Feature",
   "geometry": {
    "type": "Point",
    "coordinates": [
     139.09040794,
     -34.17527141
    ]
   },
   "properties": {
    "name": "UNIT 10, 40 WARD STREET EUDUNDA 5374",
    "locID": "LOC000039054317",
    "tech": "WIRELESS",
    "upgrade": "NULL_NA",
    "gnaf_pid": "GASA_417111029",
    "tech_change_status": "Not Planned",
    "program_type": "Fixed Wireless and Satellite Upgrade Program",
    "target_eligibility_quarter": "NA"
   }
  },
  {
   "type": "Feature",
   "geometry": {
    "type": "Point",
    "coordinates": [
     139.09040794,
     -34.17527141
    ]
   },
   "properties": {
    "name": "UNIT 11, 40 WARD STREET EUDUNDA 5374",
    "locID": "LOC000039054317",
    "tech": "WIRELESS",
    "upgrade": "NULL_NA",
    "gnaf_pid": "GASA_417111030",
    "tech_change_status": "Not Planned",
    "program_type": "Fixed Wireless and Satellite Upgrade Program",
    "target_eligibility_quarter": "NA"
   }
  },
  {
   "type": "Feature",
   "geometry": {
    "type": "Point",
    "coordinates": [
     139.09040794,
     -34.17527141
    ]
   },
   "properties": {
    "name": "UNIT 13, 40 WARD STREET EUDUNDA 5374",
    "locID": "LOC000039054317",
    "tech": "WIRELESS",
    "upgrade": "NULL_NA",
    "gnaf_pid": "GASA_417111031",
    "tech_change_status": "Not Planned",
    "program_type": "Fixed Wireless and Satellite Upgrade Program",
    "target_eligibility_quarter": "NA"
   }
  },
  {
   "type": "Feature",
   "geometry": {
    "type": "Point",
    "coordinates": [
     139.09040794,
     -34.17527141
    ]
   },
   "properties": {
    "name": "UNIT 14, 40 WARD STREET EUDUNDA 5374",
    "locID": "LOC000039054317",
    "tech": "WIRELESS",
    "upgrade": "NULL_NA",
    "gnaf_pid": "GASA_417111032",
    "tech_change_status": "Not Planned",
    "program_type": "Fixed Wireless and Satellite Upgrade Program",
    "target_eligibility_quarter": "NA"
   }
  },
  {
   "type": "Feature",
   "geometry": {
    "type": "Point",
    "coordinates": [
     139.09040794,
     -34.17527141
    ]
   },
   "properties": {
    "name": "UNIT 15, 40 WARD STREET EUDUNDA 5374",
    "locID": "LOC000039054317",
    "tech": "WIRELESS",
    "upgrade": "NULL_NA",
    "gnaf_pid": "GASA_417111033",
    "tech_change_status": "Not Planned",
    "program_type": "Fixed Wireless and Satellite Upgrade Program",
    "target_eligibility_quarter": "NA"
   }
  },
  {
   "type": "Feature",
   "geometry": {
    "type": "Point",
    "coordinates": [
     139.09040794,
     -34.17527141
    ]
   },
   "properties": {
    "name": "UNIT 17, 40 WARD STREET EUDUNDA 5374",
    "locID": "LOC000039054317",
    "tech": "WIRELESS",
    "upgrade": "NULL_NA",
    "gnaf_pid": "GASA_417111034",
    "tech_change_status": "Not Planned",
    "program_type": "Fixed Wireless and Satellite Upgrade Program",
    "target_eligibility_quarter": "NA"
   }
  },
  {
   "type": "Feature",
   "geometry": {
    "type": "Point",
    "coordinates": [
     139.09040794,
     -34.17527141
    ]
   },
   "properties": {
    "name": "UNIT 19, 40 WARD STREET EUDUNDA 5374",
    "locID": "LOC000039054317",
    "tech": "WIRELESS",
    "upgrade": "NULL_NA",
    "gnaf_pid": "GASA_417111036",
    "tech_change_status": "Not Planned",
    "program_type": "Fixed Wireless and Satellite Upgrade Program",
    "target_eligibility_quarter": "NA"
   }
  },
  {
   "type": "Feature",
   "geometry": {
    "type": "Point",
    "coordinates": [
     139.09040794,
     -34.17527141
    ]
   },
   "properties": {
    "name": "UNIT 20, 40 WARD STREET EUDUNDA 5374",
    "locID": "LOC000039054317",
    "tech": "WIRELESS",
    "upgrade": "NULL_NA",
    "gnaf_pid": "GASA_417111037",
    "tech_change_status": "Not Planned",
    "program_type": "Fixed Wireless and Satellite Upgrade Program",
    "target_eligibility_quarter": "NA"
   }
  },
  {
   "type": "Feature",
   "geometry": {
    "type": "Point",
    "coordinates": [
     139.09040794,
     -34.17527141
    ]
   },
   "properties": {
    "name": "UNIT 12, 40 WARD STREET EUDUNDA 5374",
    "locID": "LOC000039054317",
    "tech": "WIRELESS",
    "upgrade": "NULL_NA",
    "gnaf_pid": "GASA_417111044",
    "tech_change_status": "Not Planned",
    "program_type": "Fixed Wireless and Satellite Upgrade Program",
    "target_eligibility_quarter": "NA"
   }
  },
  {
   "type": "Feature",
   "geometry": {
    "type": "Point",
    "coordinates": [
     139.09040794,
     -34.17527141
    ]
   },
   "properties": {
    "name": "UNIT 16, 40 WARD STREET EUDUNDA 5374",
    "locID": "LOC000039054317",
    "tech": "WIRELESS",
    "upgrade": "NULL_NA",
    "gnaf_pid": "GASA_417111045",
    "tech_change_status": "Not Planned",
    "program_type": "Fixed Wireless and Satellite Upgrade Program",
    "target_eligibility_quarter": "NA"
   }
  },
  {
   "type": "Feature",
   "geometry": {
    "type": "Point",
    "coordinates": [
     139.09040794,
     -34.17527141
    ]
   },
   "properties": {
    "name": "UNIT 9, 40 WARD STREET EUDUNDA 5374",
    "locID": "LOC000039054317",
    "tech": "WIRELESS",
    "upgrade": "NULL_NA",
    "gnaf_pid": "GASA_417111058",
    "tech_change_status": "Not Planned",
    "program_type": "Fixed Wireless and Satellite Upgrade Program",
    "target_eligibility_quarter": "NA"
   }
  },
  {
   "type": "Feature",
   "geometry": {
    "type": "Point",
    "coordinates": [
     139.08932402,
     -34.17107157
    ]
   },
   "properties": {
    "name": "19 KAPUNDA STREET EUDUNDA 5374",
    "locID": "LOC100077367539",
    "tech": "WIRELESS",
    "upgrade": "NULL_NA",
    "gnaf_pid": "GASA_421968629",
    "tech_change_status": "Not Planned",
    "program_type": "Fixed Wireless and Satellite Upgrade Program",
    "target_eligibility_quarter": "NA"
   }
  },
  {
   "type": "Feature",
   "geometry": {
    "type": "Point",
    "coordinates": [
     139.08282592,
     -34.1666809
    ]
   },
   "properties": {
    "name": "9 HAMBOUR AVENUE EUDUNDA 5374",
    "locID": "LOC000073863551",
    "tech": "WIRELESS",
    "upgrade": "NULL_NA",
    "gnaf_pid": "GASA_422041541",
    "tech_change_status": "Not Planned",
    "program_type": "Fixed Wireless and Satellite Upgrade Program",
    "target_eligibility_quarter": "NA"
   }
  },
  {
   "type": "Feature",
   "geometry": {
    "type": "Point",
    "coordinates": [
     139.08503669,
     -34.17226921
    ]
   },
   "properties": {
    "name": "1 KAPUNDA STREET EUDUNDA 5374",
    "locID": "LOC000034179096",
    "tech": "WIRELESS",
    "upgrade": "NULL_NA",
    "gnaf_pid": "GASA_422063835",
    "tech_change_status": "Not Planned",
    "program_type": "Fixed Wireless and Satellite Upgrade Program",
    "target_eligibility_quarter": "NA"
   }
  },
  {
   "type": "Feature",
   "geometry": {
    "type": "Point",
    "coordinates": [
     139.08568553,
     -34.17620331
    ]
   },
   "properties": {
    "name": "14 SOUTH TERRACE EUDUNDA 5374",
    "locID": "LOC000071657340",
    "tech": "WIRELESS",
    "upgrade": "NULL_NA",
    "gnaf_pid": "GASA_422072448",
    "tech_change_status": "Not Planned",
    "program_type": "Fixed Wireless and Satellite Upgrade Program",
    "target_eligibility_quarter": "NA"
   }
  },
  {
   "type": "Feature",
   "geometry": {
    "type": "Point",
    "coordinates": [
     139.08439901,
     -34.17610861
    ]
   },
   "properties": {
    "name": "2 SOUTH TERRACE EUDUNDA 5374",
    "locID": "LOC000078058836",
    "tech": "WIRELESS",
    "upgrade": "NULL_NA",
    "gnaf_pid": "GASA_422072449",
    "tech_change_status": "Not Planned",
    "program_type": "Fixed Wireless and Satellite Upgrade Program",
    "target_eligibility_quarter": "NA"
   }
  },
  {
   "type": "Feature",
   "geometry": {
    "type": "Point",
    "coordinates": [
     139.08410073,
     -34.16234007
    ]
   },
   "properties": {
    "name": "93 BRUCE STREET EUDUNDA 5374",
    "locID": "LOC000091162899",
    "tech": "WIRELESS",
    "upgrade": "NULL_NA",
    "gnaf_pid": "GASA_422260028",
    "tech_change_status": "Not Planned",
    "program_type": "Fixed Wireless and Satellite Upgrade Program",
    "target_eligibility_quarter": "NA"
   }
  },
  {
   "type": "Feature",
   "geometry": {
    "type": "Point",
    "coordinates": [
     139.0877992,
     -34.17824341
    ]
   },
   "properties": {
    "name": "15 MORGAN ROAD EUDUNDA 5374",
    "locID": "LOC000038535614",
    "tech": "WIRELESS",
    "upgrade": "NULL_NA",
    "gnaf_pid": "GASA_422267232",
    "tech_change_status": "Not Planned",
    "program_type": "Fixed Wireless and Satellite Upgrade Program",
    "target_eligibility_quarter": "NA"
   }
  },
  {
   "type": "Feature",
   "geometry": {
    "type": "Point",
    "coordinates": [
     139.08575839,
     -34.17692508
    ]
   },
   "properties": {
    "name": "15 SOUTH TERRACE EUDUNDA 5374",
    "locID": "LOC000082241552",
    "tech": "WIRELESS",
    "upgrade": "NULL_NA",
    "gnaf_pid": "GASA_422270420",
    "tech_change_status": "Not Planned",
    "program_type": "Fixed Wireless and Satellite Upgrade Program",
    "target_eligibility_quarter": "NA"
   }
  },
  {
   "type": "Feature",
   "geometry": {
    "type": "Point",
    "coordinates": [
     139.08391277,
     -34.16930161
    ]
   },
   "properties": {
    "name": "43 BRUCE STREET EUDUNDA 5374",
    "locID": "LOC000039585511",
    "tech": "WIRELESS",
    "upgrade": "NULL_NA",
    "gnaf_pid": "GASA_423242962",
    "tech_change_status": "Not Planned",
    "program_type": "Fixed Wireless and Satellite Upgrade Program",
    "target_eligibility_quarter": "NA"
   }
  },
  {
   "type": "Feature",
   "geometry": {
    "type": "Point",
    "coordinates": [
     139.08074624,
     -34.16644106
    ]
   },
   "properties": {
    "name": "1 SHEOAK CRESCENT EUDUNDA 5374",
    "locID": "LOC000027527438",
    "tech": "WIRELESS",
    "upgrade": "NULL_NA",
    "gnaf_pid": "GASA_423424541",
    "tech_change_status": "Not Planned",
    "program_type": "Fixed Wireless and Satellite Upgrade Program",
    "target_eligibility_quarter": "NA"
   }
  },
  {
   "type": "Feature",
   "geometry": {
    "type": "Point",
    "coordinates": [
     139.08945477,
     -34.17657572
    ]
   },
   "properties": {
    "name": "62 WEIGALL STREET EUDUNDA 5374",
    "locID": "LOC000067985073",
    "tech": "WIRELESS",
    "upgrade": "NULL_NA",
    "gnaf_pid": "GASA_423425261",
    "tech_change_status": "Not Planned",
    "program_type": "Fixed Wireless and Satellite Upgrade Program",
    "target_eligibility_quarter": "NA"
   }
  },
  {
   "type": "Feature",
   "geometry": {
    "type": "Point",
    "coordinates": [
     139.08501903,
     -34.1711718
    ]
   },
   "properties": {
    "name": "22 BRUCE STREET EUDUNDA 5374",
    "locID": "LOC000056748793",
    "tech": "WIRELESS",
    "upgrade": "NULL_NA",
    "gnaf_pid": "GASA_423426566",
    "tech_change_status": "Not Planned",
    "program_type": "Fixed Wireless and Satellite Upgrade Program",
    "target_eligibility_quarter": "NA"
   }
  },
  {
   "type": "Feature",
   "geometry": {
    "type": "Point",
    "coordinates": [
     139.08381612,
     -34.17420311
    ]
   },
   "properties": {
    "name": "3 GUNN STREET EUDUNDA 5374",
    "locID": "LOC000105620539",
    "tech": "WIRELESS",
    "upgrade": "NULL_NA",
    "gnaf_pid": "GASA_423428933",
    "tech_change_status": "Not Planned",
    "program_type": "Fixed Wireless and Satellite Upgrade Program",
    "target_eligibility_quarter": "NA"
   }
  },
  {
   "type": "Feature",
   "geometry": {
    "type": "Point",
    "coordinates": [
     139.07986228,
     -34.16657667
    ]
   },
   "properties": {
    "name": "5 SHEOAK CRESCENT EUDUNDA 5374",
    "locID": "LOC000026158189",
    "tech": "WIRELESS",
    "upgrade": "NULL_NA",
    "gnaf_pid": "GASA_423433354",
    "tech_change_status": "Not Planned",
    "program_type": "Fixed Wireless and Satellite Upgrade Program",
    "target_eligibility_quarter": "NA"
   }
  },
  {
   "type": "Feature",
   "geometry": {
    "type": "Point",
    "coordinates": [
     139.08853897,
     -34.17508499
    ]
   },
   "properties": {
    "name": "31 WARD STREET EUDUNDA 5374",
    "locID": "LOC000065914548",
    "tech": "WIRELESS",
    "upgrade": "NULL_NA",
    "gnaf_pid": "GASA_423782087",
    "tech_change_status": "Not Planned",
    "program_type": "Fixed Wireless and Satellite Upgrade Program",
    "target_eligibility_quarter": "NA"
   }
  },
  {
   "type": "Feature",
   "geometry": {
    "type": "Point",
    "coordinates": [
     139.08831293,
     -34.17630213
    ]
   },
   "properties": {
    "name": "55 WEIGALL STREET EUDUNDA 5374",
    "locID": "LOC000078632925",
    "tech": "WIRELESS",
    "upgrade": "NULL_NA",
    "gnaf_pid": "GASA_423817616",
    "tech_change_status": "Not Planned",
    "program_type": "Fixed Wireless and Satellite Upgrade Program",
    "target_eligibility_quarter": "NA"
   }
  },
  {
   "type": "Feature",
   "geometry": {
    "type": "Point",
    "coordinates": [
     139.08404804,
     -34.17090814
    ]
   },
   "properties": {
    "name": "25 BRUCE STREET EUDUNDA 5374",
    "locID": "LOC000131542933",
    "tech": "WIRELESS",
    "upgrade": "NULL_NA",
    "gnaf_pid": "GASA_423863565",
    "tech_change_status": "Not Planned",
    "program_type": "Fixed Wireless and Satellite Upgrade Program",
    "target_eligibility_quarter": "NA"
   }
  },
  {
   "type": "Feature",
   "geometry": {
    "type": "Point",
    "coordinates": [
     139.0861723,
     -34.17096649
    ]
   },
   "properties": {
    "name": "14 KAPUNDA STREET EUDUNDA 5374",
    "locID": "LOC000037195615",
    "tech": "WIRELESS",
    "upgrade": "NULL_NA",
    "gnaf_pid": "GASA_423866975",
    "tech_change_status": "Not Planned",
    "program_type": "Fixed Wireless and Satellite Upgrade Program",
    "target_eligibility_quarter": "NA"
   }
  },
  {
   "type": "Feature",
   "geometry": {
    "type": "Point",
    "coordinates": [
     139.08460118,
     -34.17571398
    ]
   },
   "properties": {
    "name": "7 GUNN STREET EUDUNDA 5374",
    "locID": "LOC000131528583",
    "tech": "WIRELESS",
    "upgrade": "NULL_NA",
    "gnaf_pid": "GASA_424051013",
    "tech_change_status": "Not Planned",
    "program_type": "Fixed Wireless and Satellite Upgrade Program",
    "target_eligibility_quarter": "NA"
   }
  },
  {
   "type": "Feature",
   "geometry": {
    "type": "Point",
    "coordinates": [
     139.08393838,
     -34.1731966
    ]
   },
   "properties": {
    "name": "LOT 101 KAPUNDA STREET EUDUNDA 5374",
    "locID": "LOC000103451909",
    "tech": "WIRELESS",
    "upgrade": "NULL_NA",
    "gnaf_pid": "GASA_424137392",
    "tech_change_status": "Not Planned",
    "program_type": "Fixed Wireless and Satellite Upgrade Program",
    "target_eligibility_quarter": "NA"
   }
  },
  {
   "type": "Feature",
   "geometry": {
    "type": "Point",
    "coordinates": [
     139.08590137,
     -34.16521093
    ]
   },
   "properties": {
    "name": "LOT 823 BRUCE STREET EUDUNDA 5374",
    "locID": "LOC000094208374",
    "tech": "WIRELESS",
    "upgrade": "NULL_NA",
    "gnaf_pid": "GASA_424159518",
    "tech_change_status": "Not Planned",
    "program_type": "Fixed Wireless and Satellite Upgrade Program",
    "target_eligibility_quarter": "NA"
   }
  },
  {
   "type": "Feature",
   "geometry": {
    "type": "Point",
    "coordinates": [
     139.08425918,
     -34.17166347
    ]
   },
   "properties": {
    "name": "LOT 834 BRUCE STREET EUDUNDA 5374",
    "locID": "LOC000094208374",
    "tech": "WIRELESS",
    "upgrade": "NULL_NA",
    "gnaf_pid": "GASA_424159519",
    "tech_change_status": "Not Planned",
    "program_type": "Fixed Wireless and Satellite Upgrade Program",
    "target_eligibility_quarter": "NA"
   }
  },
  {
   "type": "Feature",
   "geometry": {
    "type": "Point",
    "coordinates": [
     139.07793353,
     -34.16714482
    ]
   },
   "properties": {
    "name": "LOT 1 GUNN STREET EUDUNDA 5374",
    "locID": "LOC000039679550",
    "tech": "WIRELESS",
    "upgrade": "NULL_NA",
    "gnaf_pid": "GASA_424176411",
    "tech_change_status": "Not Planned",
    "program_type": "Fixed Wireless and Satellite Upgrade Program",
    "target_eligibility_quarter": "NA"
   }
  },
  {
   "type": "Feature",
   "geometry": {
    "type": "Point",
    "coordinates": [
     139.08153066,
     -34.17384844
    ]
   },
   "properties": {
    "name": "LOT 752 GUNN STREET EUDUNDA 5374",
    "locID": "LOC000039679550",
    "tech": "WIRELESS",
    "upgrade": "NULL_NA",
    "gnaf_pid": "GASA_424176414",
    "tech_change_status": "Not Planned",
    "program_type": "Fixed Wireless and Satellite Upgrade Program",
    "target_eligibility_quarter": "NA"
   }
  },
  {
   "type": "Feature",
   "geometry": {
    "type": "Point",
    "coordinates": [
     139.08572933,
     -34.17099233
    ]
   },
   "properties": {
    "name": "LOT 7 HANNAN STREET EUDUNDA 5374",
    "locID": "LOC000025811028",
    "tech": "WIRELESS",
    "upgrade": "NULL_NA",
    "gnaf_pid": "GASA_424177093",
    "tech_change_status": "Not Planned",
    "program_type": "Fixed Wireless and Satellite Upgrade Program",
    "target_eligibility_quarter": "NA"
   }
  },
  {
   "type": "Feature",
   "geometry": {
    "type": "Point",
    "coordinates": [
     139.08411593,
     -34.17366093
    ]
   },
   "properties": {
    "name": "LOT 102 KAPUNDA STREET EUDUNDA 5374",
    "locID": "LOC000103451909",
    "tech": "WIRELESS",
    "upgrade": "NULL_NA",
    "gnaf_pid": "GASA_424183005",
    "tech_change_status": "Not Planned",
    "program_type": "Fixed Wireless and Satellite Upgrade Program",
    "target_eligibility_quarter": "NA"
   }
  },
  {
   "type": "Feature",
   "geometry": {
    "type": "Point",
    "coordinates": [
     139.07136189,
     -34.15707491
    ]
   },
   "properties": {
    "name": "LOT 105 KAPUNDA STREET EUDUNDA 5374",
    "locID": "LOC000103451909",
    "tech": "WIRELESS",
    "upgrade": "NULL_NA",
    "gnaf_pid": "GASA_424183006",
    "tech_change_status": "Not Planned",
    "program_type": "Fixed Wireless and Satellite Upgrade Program",
    "target_eligibility_quarter": "NA"
   }
  },
  {
   "type": "Feature",
   "geometry": {
    "type": "Point",
    "coordinates": [
     139.0837805,
     -34.17252503
    ]
   },
   "properties": {
    "name": "LOT 19 KAPUNDA STREET EUDUNDA 5374",
    "locID": "LOC100077367539",
    "tech": "WIRELESS",
    "upgrade": "NULL_NA",
    "gnaf_pid": "GASA_424183008",
    "tech_change_status": "Not Planned",
    "program_type": "Fixed Wireless and Satellite Upgrade Program",
    "target_eligibility_quarter": "NA"
   }
  },
  {
   "type": "Feature",
   "geometry": {
    "type": "Point",
    "coordinates": [
     139.08680015,
     -34.17133749
    ]
   },
   "properties": {
    "name": "LOT 1 KAPUNDA STREET EUDUNDA 5374",
    "locID": "LOC000034179096",
    "tech": "WIRELESS",
    "upgrade": "NULL_NA",
    "gnaf_pid": "GASA_424183009",
    "tech_change_status": "Not Planned",
    "program_type": "Fixed Wireless and Satellite Upgrade Program",
    "target_eligibility_quarter": "NA"
   }
  },
  {
   "type": "Feature",
   "geometry": {
    "type": "Point",
    "coordinates": [
     139.08427213,
     -34.1728737
    ]
   },
   "properties": {
    "name": "LOT 70 KAPUNDA STREET EUDUNDA 5374",
    "locID": "LOC000103451909",
    "tech": "WIRELESS",
    "upgrade": "NULL_NA",
    "gnaf_pid": "GASA_424183010",
    "tech_change_status": "Not Planned",
    "program_type": "Fixed Wireless and Satellite Upgrade Program",
    "target_eligibility_quarter": "NA"
   }
  },
  {
   "type": "Feature",
   "geometry": {
    "type": "Point",
    "coordinates": [
     139.08057032,
     -34.16718416
    ]
   },
   "properties": {
    "name": "LOT 873 MICHAEL STREET EUDUNDA 5374",
    "locID": "LOC000104912530",
    "tech": "WIRELESS",
    "upgrade": "NULL_NA",
    "gnaf_pid": "GASA_424191855",
    "tech_change_status": "Not Planned",
    "program_type": "Fixed Wireless and Satellite Upgrade Program",
    "target_eligibility_quarter": "NA"
   }
  },
  {
   "type": "Feature",
   "geometry": {
    "type": "Point",
    "coordinates": [
     139.0869535,
     -34.17791426
    ]
   },
   "properties": {
    "name": "LOT 26 MORGAN ROAD EUDUNDA 5374",
    "locID": "LOC000071390967",
    "tech": "WIRELESS",
    "upgrade": "NULL_NA",
    "gnaf_pid": "GASA_424193245",
    "tech_change_status": "Not Planned",
    "program_type": "Fixed Wireless and Satellite Upgrade Program",
    "target_eligibility_quarter": "NA"
   }
  },
  {
   "type": "Feature",
   "geometry": {
    "type": "Point",
    "coordinates": [
     139.08440247,
     -34.17771014
    ]
   },
   "properties": {
    "name": "LOT 500 MORGAN ROAD EUDUNDA 5374",
    "locID": "LOC000071390967",
    "tech": "WIRELESS",
    "upgrade": "NULL_NA",
    "gnaf_pid": "GASA_424193246",
    "tech_change_status": "Not Planned",
    "program_type": "Fixed Wireless and Satellite Upgrade Program",
    "target_eligibility_quarter": "NA"
   }
  },
  {
   "type": "Feature",
   "geometry": {
    "type": "Point",
    "coordinates": [
     139.09835838,
     -34.16921473
    ]
   },
   "properties": {
    "name": "LOT 895 PEEP HILL ROAD EUDUNDA 5374",
    "locID": "LOC100078858919",
    "tech": "WIRELESS",
    "upgrade": "NULL_NA",
    "gnaf_pid": "GASA_424199677",
    "tech_change_status": "Not Planned",
    "program_type": "Fixed Wireless and Satellite Upgrade Program",
    "target_eligibility_quarter": "NA"
   }
  },
  {
   "type": "Feature",
   "geometry": {
    "type": "Point",
    "coordinates": [
     139.11515309,
     -34.16641757
    ]
   },
   "properties": {
    "name": "LOT 897 PEEP HILL ROAD EUDUNDA 5374",
    "locID": "LOC100078858919",
    "tech": "WIRELESS",
    "upgrade": "NULL_NA",
    "gnaf_pid": "GASA_424199678",
    "tech_change_status": "Not Planned",
    "program_type": "Fixed Wireless and Satellite Upgrade Program",
    "target_eligibility_quarter": "NA"
   }
  },
  {
   "type": "Feature",
   "geometry": {
    "type": "Point",
    "coordinates": [
     139.10717059,
     -34.1673838
    ]
   },
   "properties": {
    "name": "LOT 900 PEEP HILL ROAD EUDUNDA 5374",
    "locID": "LOC100078858919",
    "tech": "WIRELESS",
    "upgrade": "NULL_NA",
    "gnaf_pid": "GASA_424199679",
    "tech_change_status": "Not Planned",
    "program_type": "Fixed Wireless and Satellite Upgrade Program",
    "target_eligibility_quarter": "NA"
   }
  },
  {
   "type": "Feature",
   "geometry": {
    "type": "Point",
    "coordinates": [
     139.09422447,
     -34.17199375
    ]
   },
   "properties": {
    "name": "LOT 808 SALEYARDS ROAD EUDUNDA 5374",
    "locID": "LOC100078858935",
    "tech": "WIRELESS",
    "upgrade": "NULL_NA",
    "gnaf_pid": "GASA_424207280",
    "tech_change_status": "Not Planned",
    "program_type": "Fixed Wireless and Satellite Upgrade Program",
    "target_eligibility_quarter": "NA"
   }
  },
  {
   "type": "Feature",
   "geometry": {
    "type": "Point",
    "coordinates": [
     139.08544541,
     -34.17609229
    ]
   },
   "properties": {
    "name": "LOT 15 SOUTH TERRACE EUDUNDA 5374",
    "locID": "LOC000082241552",
    "tech": "WIRELESS",
    "upgrade": "NULL_NA",
    "gnaf_pid": "GASA_424210972",
    "tech_change_status": "Not Planned",
    "program_type": "Fixed Wireless and Satellite Upgrade Program",
    "target_eligibility_quarter": "NA"
   }
  },
  {
   "type": "Feature",
   "geometry": {
    "type": "Point",
    "coordinates": [
     139.09291033,
     -34.17572434
    ]
   },
   "properties": {
    "name": "LOT 797 SOUTH TERRACE EUDUNDA 5374",
    "locID": "LOC000078058836",
    "tech": "WIRELESS",
    "upgrade": "NULL_NA",
    "gnaf_pid": "GASA_424210975",
    "tech_change_status": "Not Planned",
    "program_type": "Fixed Wireless and Satellite Upgrade Program",
    "target_eligibility_quarter": "NA"
   }
  },
  {
   "type": "Feature",
   "geometry": {
    "type": "Point",
    "coordinates": [
     139.08839942,
     -34.17494309
    ]
   },
   "properties": {
    "name": "LOT 130 WARD STREET EUDUNDA 5374",
    "locID": "LOC000039054317",
    "tech": "WIRELESS",
    "upgrade": "NULL_NA",
    "gnaf_pid": "GASA_424218458",
    "tech_change_status": "Not Planned",
    "program_type": "Fixed Wireless and Satellite Upgrade Program",
    "target_eligibility_quarter": "NA"
   }
  },
  {
   "type": "Feature",
   "geometry": {
    "type": "Point",
    "coordinates": [
     139.08665761,
     -34.1724617
    ]
   },
   "properties": {
    "name": "LOT 2 WARD STREET EUDUNDA 5374",
    "locID": "LOC000131497336",
    "tech": "WIRELESS",
    "upgrade": "NULL_NA",
    "gnaf_pid": "GASA_424218460",
    "tech_change_status": "Not Planned",
    "program_type": "Fixed Wireless and Satellite Upgrade Program",
    "target_eligibility_quarter": "NA"
   }
  },
  {
   "type": "Feature",
   "geometry": {
    "type": "Point",
    "coordinates": [
     139.08600827,
     -34.17160915
    ]
   },
   "properties": {
    "name": "LOT 885 WARD STREET EUDUNDA 5374",
    "locID": "LOC000093910549",
    "tech": "WIRELESS",
    "upgrade": "NULL_NA",
    "gnaf_pid": "GASA_424218465",
    "tech_change_status": "Not Planned",
    "program_type": "Fixed Wireless and Satellite Upgrade Program",
    "target_eligibility_quarter": "NA"
   }
  },
  {
   "type": "Feature",
   "geometry": {
    "type": "Point",
    "coordinates": [
     139.06263856,
     -34.17223311
    ]
   },
   "properties": {
    "name": "LOT 1 JULIA ROAD EUDUNDA 5374",
    "locID": "LOC000150768530",
    "tech": "WIRELESS",
    "upgrade": "NULL_NA",
    "gnaf_pid": "GASA_424231387",
    "tech_change_status": "Not Planned",
    "program_type": "Fixed Wireless and Satellite Upgrade Program",
    "target_eligibility_quarter": "NA"
   }
  },
  {
   "type": "Feature",
   "geometry": {
    "type": "Point",
    "coordinates": [
     139.11694943,
     -34.13058567
    ]
   },
   "properties": {
    "name": "LOT 181 AUSTRALIA PLAINS ROAD EUDUNDA 5374",
    "locID": "LOC000113286675",
    "tech": "WIRELESS",
    "upgrade": "NULL_NA",
    "gnaf_pid": "GASA_424287802",
    "tech_change_status": "Not Planned",
    "program_type": "Fixed Wireless and Satellite Upgrade Program",
    "target_eligibility_quarter": "NA"
   }
  },
  {
   "type": "Feature",
   "geometry": {
    "type": "Point",
    "coordinates": [
     139.08616549,
     -34.15607237
    ]
   },
   "properties": {
    "name": "LOT 437 AUSTRALIA PLAINS ROAD EUDUNDA 5374",
    "locID": "LOC000113286675",
    "tech": "WIRELESS",
    "upgrade": "NULL_NA",
    "gnaf_pid": "GASA_424287803",
    "tech_change_status": "Not Planned",
    "program_type": "Fixed Wireless and Satellite Upgrade Program",
    "target_eligibility_quarter": "NA"
   }
  },
  {
   "type": "Feature",
   "geometry": {
    "type": "Point",
    "coordinates": [
     139.08297949,
     -34.15058812
    ]
   },
   "properties": {
    "name": "LOT 438 AUSTRALIA PLAINS ROAD EUDUNDA 5374",
    "locID": "LOC000113286675",
    "tech": "WIRELESS",
    "upgrade": "NULL_NA",
    "gnaf_pid": "GASA_424287804",
    "tech_change_status": "Not Planned",
    "program_type": "Fixed Wireless and Satellite Upgrade Program",
    "target_eligibility_quarter": "NA"
   }
  },
  {
   "type": "Feature",
   "geometry": {
    "type": "Point",
    "coordinates": [
     139.06399621,
     -34.13584011
    ]
   },
   "properties": {
    "name": "LOT 107 EMMAUS ROAD EUDUNDA 5374",
    "locID": "LOC000150767747",
    "tech": "WIRELESS",
    "upgrade": "NULL_NA",
    "gnaf_pid": "GASA_424299731",
    "tech_change_status": "Not Planned",
    "program_type": "Fixed Wireless and Satellite Upgrade Program",
    "target_eligibility_quarter": "NA"
   }
  },
  {
   "type": "Feature",
   "geometry": {
    "type": "Point",
    "coordinates": [
     139.0798001,
     -34.12485972
    ]
   },
   "properties": {
    "name": "LOT 146 EMMAUS ROAD EUDUNDA 5374",
    "locID": "LOC000150767747",
    "tech": "WIRELESS",
    "upgrade": "NULL_NA",
    "gnaf_pid": "GASA_424299732",
    "tech_change_status": "Not Planned",
    "program_type": "Fixed Wireless and Satellite Upgrade Program",
    "target_eligibility_quarter": "NA"
   }
  },
  {
   "type": "Feature",
   "geometry": {
    "type": "Point",
    "coordinates": [
     139.09127138,
     -34.12365239
    ]
   },
   "properties": {
    "name": "LOT 213 EMMAUS ROAD EUDUNDA 5374",
    "locID": "LOC000150767747",
    "tech": "WIRELESS",
    "upgrade": "NULL_NA",
    "gnaf_pid": "GASA_424299734",
    "tech_change_status": "Not Planned",
    "program_type": "Fixed Wireless and Satellite Upgrade Program",
    "target_eligibility_quarter": "NA"
   }
  },
  {
   "type": "Feature",
   "geometry": {
    "type": "Point",
    "coordinates": [
     139.0827225,
     -34.17279025
    ]
   },
   "properties": {
    "name": "LOT 843 KAPUNDA STREET EUDUNDA 5374",
    "locID": "LOC000103451909",
    "tech": "WIRELESS",
    "upgrade": "NULL_NA",
    "gnaf_pid": "GASA_424310656",
    "tech_change_status": "Not Planned",
    "program_type": "Fixed Wireless and Satellite Upgrade Program",
    "target_eligibility_quarter": "NA"
   }
  },
  {
   "type": "Feature",
   "geometry": {
    "type": "Point",
    "coordinates": [
     139.12758105,
     -34.13023701
    ]
   },
   "properties": {
    "name": "LOT 182 KELLER ROAD EUDUNDA 5374",
    "locID": "LOC000161096015",
    "tech": "WIRELESS",
    "upgrade": "NULL_NA",
    "gnaf_pid": "GASA_424310899",
    "tech_change_status": "Not Planned",
    "program_type": "Fixed Wireless and Satellite Upgrade Program",
    "target_eligibility_quarter": "NA"
   }
  },
  {
   "type": "Feature",
   "geometry": {
    "type": "Point",
    "coordinates": [
     139.13451199,
     -34.1481647
    ]
   },
   "properties": {
    "name": "LOT 201 PEEP HILL ROAD EUDUNDA 5374",
    "locID": "LOC100078858919",
    "tech": "WIRELESS",
    "upgrade": "NULL_NA",
    "gnaf_pid": "GASA_424324618",
    "tech_change_status": "Not Planned",
    "program_type": "Fixed Wireless and Satellite Upgrade Program",
    "target_eligibility_quarter": "NA"
   }
  },
  {
   "type": "Feature",
   "geometry": {
    "type": "Point",
    "coordinates": [
     139.10792304,
     -34.16278985
    ]
   },
   "properties": {
    "name": "LOT 899 PEEP HILL ROAD EUDUNDA 5374",
    "locID": "LOC100078858919",
    "tech": "WIRELESS",
    "upgrade": "NULL_NA",
    "gnaf_pid": "GASA_424324619",
    "tech_change_status": "Not Planned",
    "program_type": "Fixed Wireless and Satellite Upgrade Program",
    "target_eligibility_quarter": "NA"
   }
  },
  {
   "type": "Feature",
   "geometry": {
    "type": "Point",
    "coordinates": [
     139.09132062,
     -34.1636399
    ]
   },
   "properties": {
    "name": "LOT 502 SALEYARDS ROAD EUDUNDA 5374",
    "locID": "LOC100078858935",
    "tech": "WIRELESS",
    "upgrade": "NULL_NA",
    "gnaf_pid": "GASA_424330697",
    "tech_change_status": "Not Planned",
    "program_type": "Fixed Wireless and Satellite Upgrade Program",
    "target_eligibility_quarter": "NA"
   }
  },
  {
   "type": "Feature",
   "geometry": {
    "type": "Point",
    "coordinates": [
     139.09021701,
     -34.16255519
    ]
   },
   "properties": {
    "name": "LOT 891 SALEYARDS ROAD EUDUNDA 5374",
    "locID": "LOC100078858935",
    "tech": "WIRELESS",
    "upgrade": "NULL_NA",
    "gnaf_pid": "GASA_424330698",
    "tech_change_status": "Not Planned",
    "program_type": "Fixed Wireless and Satellite Upgrade Program",
    "target_eligibility_quarter": "NA"
   }
  },
  {
   "type": "Feature",
   "geometry": {
    "type": "Point",
    "coordinates": [
     139.08925692,
     -34.16414776
    ]
   },
   "properties": {
    "name": "LOT 892 SALEYARDS ROAD EUDUNDA 5374",
    "locID": "LOC100078858935",
    "tech": "WIRELESS",
    "upgrade": "NULL_NA",
    "gnaf_pid": "GASA_424330699",
    "tech_change_status": "Not Planned",
    "program_type": "Fixed Wireless and Satellite Upgrade Program",
    "target_eligibility_quarter": "NA"
   }
  },
  {
   "type": "Feature",
   "geometry": {
    "type": "Point",
    "coordinates": [
     139.11975954,
     -34.24650433
    ]
   },
   "properties": {
    "name": "LOT 10 SMITH ROAD EUDUNDA 5374",
    "locID": "LOC000148249306",
    "tech": "NULL",
    "upgrade": "NULL_NA",
    "gnaf_pid": "GASA_424332660",
    "tech_change_status": "Not Planned"
   }
  },
  {
   "type": "Feature",
   "geometry": {
    "type": "Point",
    "coordinates": [
     139.08226789,
     -34.19331937
    ]
   },
   "properties": {
    "name": "LOT 142 TABLELAND ROAD EUDUNDA 5374",
    "locID": "LOC000148407959",
    "tech": "WIRELESS",
    "upgrade": "NULL_NA",
    "gnaf_pid": "GASA_424335331",
    "tech_change_status": "Not Planned",
    "program_type": "Fixed Wireless and Satellite Upgrade Program",
    "target_eligibility_quarter": "NA"
   }
  },
  {
   "type": "Feature",
   "geometry": {
    "type": "Point",
    "coordinates": [
     139.08980068,
     -34.21889669
    ]
   },
   "properties": {
    "name": "LOT 584 TABLELAND ROAD EUDUNDA 5374",
    "locID": "LOC000148407959",
    "tech": "WIRELESS",
    "upgrade": "NULL_NA",
    "gnaf_pid": "GASA_424335332",
    "tech_change_status": "Not Planned",
    "program_type": "Fixed Wireless and Satellite Upgrade Program",
    "target_eligibility_quarter": "NA"
   }
  },
  {
   "type": "Feature",
   "geometry": {
    "type": "Point",
    "coordinates": [
     139.08797028,
     -34.20930887
    ]
   },
   "properties": {
    "name": "LOT 95 TABLELAND ROAD EUDUNDA 5374",
    "locID": "LOC000148407959",
    "tech": "WIRELESS",
    "upgrade": "NULL_NA",
    "gnaf_pid": "GASA_424335333",
    "tech_change_status": "Not Planned",
    "program_type": "Fixed Wireless and Satellite Upgrade Program",
    "target_eligibility_quarter": "NA"
   }
  },
  {
   "type": "Feature",
   "geometry": {
    "type": "Point",
    "coordinates": [
     139.09069983,
     -34.17645324
    ]
   },
   "properties": {
    "name": "LOT 803 WARD STREET EUDUNDA 5374",
    "locID": "LOC000093910549",
    "tech": "WIRELESS",
    "upgrade": "NULL_NA",
    "gnaf_pid": "GASA_424339212",
    "tech_change_status": "Not Planned",
    "program_type": "Fixed Wireless and Satellite Upgrade Program",
    "target_eligibility_quarter": "NA"
   }
  },
  {
   "type": "Feature",
   "geometry": {
    "type": "Point",
    "coordinates": [
     139.09531923,
     -34.17238035
    ]
   },
   "properties": {
    "name": "LOT 449 SALEYARDS ROAD EUDUNDA 5374",
    "locID": "LOC100078858935",
    "tech": "WIRELESS",
    "upgrade": "NULL_NA",
    "gnaf_pid": "GASA_424403041",
    "tech_change_status": "Not Planned",
    "program_type": "Fixed Wireless and Satellite Upgrade Program",
    "target_eligibility_quarter": "NA"
   }
  },
  {
   "type": "Feature",
   "geometry": {
    "type": "Point",
    "coordinates": [
     139.06906962,
     -34.16074276
    ]
   },
   "properties": {
    "name": "LOT 13 JULIA ROAD EUDUNDA 5374",
    "locID": "LOC000150768530",
    "tech": "WIRELESS",
    "upgrade": "NULL_NA",
    "gnaf_pid": "GASA_424426940",
    "tech_change_status": "Not Planned",
    "program_type": "Fixed Wireless and Satellite Upgrade Program",
    "target_eligibility_quarter": "NA"
   }
  },
  {
   "type": "Feature",
   "geometry": {
    "type": "Point",
    "coordinates": [
     139.08514937,
     -34.17189271
    ]
   },
   "properties": {
    "name": "LOT 146 KAPUNDA STREET EUDUNDA 5374",
    "locID": "LOC000103451909",
    "tech": "WIRELESS",
    "upgrade": "NULL_NA",
    "gnaf_pid": "GASA_424568295",
    "tech_change_status": "Not Planned",
    "program_type": "Fixed Wireless and Satellite Upgrade Program",
    "target_eligibility_quarter": "NA"
   }
  },
  {
   "type": "Feature",
   "geometry": {
    "type": "Point",
    "coordinates": [
     139.08514937,
     -34.17189271
    ]
   },
   "properties": {
    "name": "LOT 748 KAPUNDA STREET EUDUNDA 5374",
    "locID": "LOC000103451909",
    "tech": "WIRELESS",
    "upgrade": "NULL_NA",
    "gnaf_pid": "GASA_424568296",
    "tech_change_status": "Not Planned",
    "program_type": "Fixed Wireless and Satellite Upgrade Program",
    "target_eligibility_quarter": "NA"
   }
  },
  {
   "type": "Feature",
   "geometry": {
    "type": "Point",
    "coordinates": [
     139.08505978,
     -34.16715742
    ]
   },
   "properties": {
    "name": "37 HANNAN STREET EUDUNDA 5374",
    "locID": "LOC000083556387",
    "tech": "WIRELESS",
    "upgrade": "NULL_NA",
    "gnaf_pid": "GASA_424605578",
    "tech_change_status": "Not Planned",
    "program_type": "Fixed Wireless and Satellite Upgrade Program",
    "target_eligibility_quarter": "NA"
   }
  },
  {
   "type": "Feature",
   "geometry": {
    "type": "Point",
    "coordinates": [
     139.08339339,
     -34.17110791
    ]
   },
   "properties": {
    "name": "1 LLOYD STREET EUDUNDA 5374",
    "locID": "LOC000018353770",
    "tech": "WIRELESS",
    "upgrade": "NULL_NA",
    "gnaf_pid": "GASA_424646967",
    "tech_change_status": "Not Planned",
    "program_type": "Fixed Wireless and Satellite Upgrade Program",
    "target_eligibility_quarter": "NA"
   }
  },
  {
   "type": "Feature",
   "geometry": {
    "type": "Point",
    "coordinates": [
     139.09016068,
     -34.17823122
    ]
   },
   "properties": {
    "name": "LOT 911 SOUTH TERRACE EUDUNDA 5374",
    "locID": "LOC000078058836",
    "tech": "WIRELESS",
    "upgrade": "NULL_NA",
    "gnaf_pid": "GASA_424651992",
    "tech_change_status": "Not Planned",
    "program_type": "Fixed Wireless and Satellite Upgrade Program",
    "target_eligibility_quarter": "NA"
   }
  },
  {
   "type": "Feature",
   "geometry": {
    "type": "Point",
    "coordinates": [
     139.0875028,
     -34.17403352
    ]
   },
   "properties": {
    "name": "21 WARD STREET EUDUNDA 5374",
    "locID": "LOC000002722490",
    "tech": "WIRELESS",
    "upgrade": "NULL_NA",
    "gnaf_pid": "GASA_424654603",
    "tech_change_status": "Not Planned",
    "program_type": "Fixed Wireless and Satellite Upgrade Program",
    "target_eligibility_quarter": "NA"
   }
  },
  {
   "type": "Feature",
   "geometry": {
    "type": "Point",
    "coordinates": [
     139.08825171,
     -34.17827731
    ]
   },
   "properties": {
    "name": "1 MORGAN ROAD EUDUNDA 5374",
    "locID": "LOC000106917635",
    "tech": "WIRELESS",
    "upgrade": "NULL_NA",
    "gnaf_pid": "GASA_424813247",
    "tech_change_status": "Not Planned",
    "program_type": "Fixed Wireless and Satellite Upgrade Program",
    "target_eligibility_quarter": "NA"
   }
  },
  {
   "type": "Feature",
   "geometry": {
    "type": "Point",
    "coordinates": [
     139.08488659,
     -34.16673274
    ]
   },
   "properties": {
    "name": "41 HANNAN STREET EUDUNDA 5374",
    "locID": "LOC000116306435",
    "tech": "WIRELESS",
    "upgrade": "NULL_NA",
    "gnaf_pid": "GASA_424835302",
    "tech_change_status": "Not Planned",
    "program_type": "Fixed Wireless and Satellite Upgrade Program",
    "target_eligibility_quarter": "NA"
   }
  },
  {
   "type": "Feature",
   "geometry": {
    "type": "Point",
    "coordinates": [
     139.09548762,
     -34.18165617
    ]
   },
   "properties": {
    "name": "LOT 348 THIELE HIGHWAY EUDUNDA 5374",
    "locID": "LOC000148251382",
    "tech": "WIRELESS",
    "upgrade": "NULL_NA",
    "gnaf_pid": "GASA_424905150",
    "tech_change_status": "Not Planned",
    "program_type": "Fixed Wireless and Satellite Upgrade Program",
    "target_eligibility_quarter": "NA"
   }
  },
  {
   "type": "Feature",
   "geometry": {
    "type": "Point",
    "coordinates": [
     139.14251197,
     -34.17523953
    ]
   },
   "properties": {
    "name": "LOT 458 THIELE HIGHWAY EUDUNDA 5374",
    "locID": "LOC000148251382",
    "tech": "WIRELESS",
    "upgrade": "NULL_NA",
    "gnaf_pid": "GASA_424905154",
    "tech_change_status": "Not Planned",
    "program_type": "Fixed Wireless and Satellite Upgrade Program",
    "target_eligibility_quarter": "NA"
   }
  },
  {
   "type": "Feature",
   "geometry": {
    "type": "Point",
    "coordinates": [
     139.09179919,
     -34.1801091
    ]
   },
   "properties": {
    "name": "LOT 462 THIELE HIGHWAY EUDUNDA 5374",
    "locID": "LOC000148251382",
    "tech": "WIRELESS",
    "upgrade": "NULL_NA",
    "gnaf_pid": "GASA_424905155",
    "tech_change_status": "Not Planned",
    "program_type": "Fixed Wireless and Satellite Upgrade Program",
    "target_eligibility_quarter": "NA"
   }
  },
  {
   "type": "Feature",
   "geometry": {
    "type": "Point",
    "coordinates": [
     139.12077269,
     -34.20118302
    ]
   },
   "properties": {
    "name": "LOT 155 EUDUNDA ROAD EUDUNDA 5374",
    "locID": "LOC000148403511",
    "tech": "NULL",
    "upgrade": "NULL_NA",
    "gnaf_pid": "GASA_424948462",
    "tech_change_status": "Not Planned"
   }
  },
  {
   "type": "Feature",
   "geometry": {
    "type": "Point",
    "coordinates": [
     139.11779624,
     -34.19469262
    ]
   },
   "properties": {
    "name": "LOT 156 EUDUNDA ROAD EUDUNDA 5374",
    "locID": "LOC000148403511",
    "tech": "NULL",
    "upgrade": "NULL_NA",
    "gnaf_pid": "GASA_424948463",
    "tech_change_status": "Not Planned"
   }
  },
  {
   "type": "Feature",
   "geometry": {
    "type": "Point",
    "coordinates": [
     139.11254054,
     -34.19904087
    ]
   },
   "properties": {
    "name": "LOT 299 EUDUNDA ROAD EUDUNDA 5374",
    "locID": "LOC000148403511",
    "tech": "NULL",
    "upgrade": "NULL_NA",
    "gnaf_pid": "GASA_424948464",
    "tech_change_status": "Not Planned"
   }
  },
  {
   "type": "Feature",
   "geometry": {
    "type": "Point",
    "coordinates": [
     139.14358333,
     -34.24006426
    ]
   },
   "properties": {
    "name": "LOT 384 EUDUNDA ROAD EUDUNDA 5374",
    "locID": "LOC000148403511",
    "tech": "NULL",
    "upgrade": "NULL_NA",
    "gnaf_pid": "GASA_424948473",
    "tech_change_status": "Not Planned"
   }
  },
  {
   "type": "Feature",
   "geometry": {
    "type": "Point",
    "coordinates": [
     139.12693362,
     -34.22167448
    ]
   },
   "properties": {
    "name": "LOT 387 EUDUNDA ROAD EUDUNDA 5374",
    "locID": "LOC000148403511",
    "tech": "NULL",
    "upgrade": "NULL_NA",
    "gnaf_pid": "GASA_424948474",
    "tech_change_status": "Not Planned"
   }
  },
  {
   "type": "Feature",
   "geometry": {
    "type": "Point",
    "coordinates": [
     139.12021632,
     -34.2131275
    ]
   },
   "properties": {
    "name": "LOT 388 EUDUNDA ROAD EUDUNDA 5374",
    "locID": "LOC000148403511",
    "tech": "NULL",
    "upgrade": "NULL_NA",
    "gnaf_pid": "GASA_424948475",
    "tech_change_status": "Not Planned"
   }
  },
  {
   "type": "Feature",
   "geometry": {
    "type": "Point",
    "coordinates": [
     139.08729541,
     -34.17646113
    ]
   },
   "properties": {
    "name": "LOT 302 SOUTH TERRACE EUDUNDA 5374",
    "locID": "LOC000078058836",
    "tech": "WIRELESS",
    "upgrade": "NULL_NA",
    "gnaf_pid": "GASA_424951574",
    "tech_change_status": "Not Planned",
    "program_type": "Fixed Wireless and Satellite Upgrade Program",
    "target_eligibility_quarter": "NA"
   }
  },
  {
   "type": "Feature",
   "geometry": {
    "type": "Point",
    "coordinates": [
     139.08746042,
     -34.22243698
    ]
   },
   "properties": {
    "name": "LOT 480 TABLELAND ROAD EUDUNDA 5374",
    "locID": "LOC000148407959",
    "tech": "WIRELESS",
    "upgrade": "NULL_NA",
    "gnaf_pid": "GASA_425112517",
    "tech_change_status": "Not Planned",
    "program_type": "Fixed Wireless and Satellite Upgrade Program",
    "target_eligibility_quarter": "NA"
   }
  },
  {
   "type": "Feature",
   "geometry": {
    "type": "Point",
    "coordinates": [
     139.08470674,
     -34.17260057
    ]
   },
   "properties": {
    "name": "2 RAILWAY PARADE EUDUNDA 5374",
    "locID": "LOC000062072727",
    "tech": "WIRELESS",
    "upgrade": "NULL_NA",
    "gnaf_pid": "GASA_425192447",
    "tech_change_status": "Not Planned",
    "program_type": "Fixed Wireless and Satellite Upgrade Program",
    "target_eligibility_quarter": "NA"
   }
  },
  {
   "type": "Feature",
   "geometry": {
    "type": "Point",
    "coordinates": [
     139.10242027,
     -34.09899396
    ]
   },
   "properties": {
    "name": "LOT 878 SCHULZ ROAD EUDUNDA 5374",
    "locID": "LOC000148405443",
    "tech": "NULL",
    "upgrade": "NULL_NA",
    "gnaf_pid": "GASA_425193143",
    "tech_change_status": "Not Planned"
   }
  },
  {
   "type": "Feature",
   "geometry": {
    "type": "Point",
    "coordinates": [
     139.08748937,
     -34.1765191
    ]
   },
   "properties": {
    "name": "26 SOUTH TERRACE EUDUNDA 5374",
    "locID": "LOC100079008371",
    "tech": "WIRELESS",
    "upgrade": "NULL_NA",
    "gnaf_pid": "GASA_425193546",
    "tech_change_status": "Not Planned",
    "program_type": "Fixed Wireless and Satellite Upgrade Program",
    "target_eligibility_quarter": "NA"
   }
  },
  {
   "type": "Feature",
   "geometry": {
    "type": "Point",
    "coordinates": [
     139.08896633,
     -34.17621512
    ]
   },
   "properties": {
    "name": "56 WEIGALL STREET EUDUNDA 5374",
    "locID": "LOC100078095134",
    "tech": "WIRELESS",
    "upgrade": "NULL_NA",
    "gnaf_pid": "GASA_425194559",
    "tech_change_status": "Not Planned",
    "program_type": "Fixed Wireless and Satellite Upgrade Program",
    "target_eligibility_quarter": "NA"
   }
  },
  {
   "type": "Feature",
   "geometry": {
    "type": "Point",
    "coordinates": [
     139.09608938,
     -34.14626272
    ]
   },
   "properties": {
    "name": "170 AUSTRALIA PLAINS ROAD EUDUNDA 5374",
    "locID": "LOC100079109442",
    "tech": "WIRELESS",
    "upgrade": "NULL_NA",
    "gnaf_pid": "GASA_425302150",
    "tech_change_status": "Not Planned",
    "program_type": "Fixed Wireless and Satellite Upgrade Program",
    "target_eligibility_quarter": "NA"
   }
  },
  {
   "type": "Feature",
   "geometry": {
    "type": "Point",
    "coordinates": [
     139.1164676,
     -34.12596681
    ]
   },
   "properties": {
    "name": "464 AUSTRALIA PLAINS ROAD EUDUNDA 5374",
    "locID": "LOC100077367489",
    "tech": "WIRELESS",
    "upgrade": "NULL_NA",
    "gnaf_pid": "GASA_425302152",
    "tech_change_status": "Not Planned",
    "program_type": "Fixed Wireless and Satellite Upgrade Program",
    "target_eligibility_quarter": "NA"
   }
  },
  {
   "type": "Feature",
   "geometry": {
    "type": "Point",
    "coordinates": [
     139.11441109,
     -34.17623164
    ]
   },
   "properties": {
    "name": "136 DEEP CREEK ROAD EUDUNDA 5374",
    "locID": "LOC000171877367",
    "tech": "WIRELESS",
    "upgrade": "NULL_NA",
    "gnaf_pid": "GASA_425302959",
    "tech_change_status": "Not Planned",
    "program_type": "Fixed Wireless and Satellite Upgrade Program",
    "target_eligibility_quarter": "NA"
   }
  },
  {
   "type": "Feature",
   "geometry": {
    "type": "Point",
    "coordinates": [
     139.12403304,
     -34.17561597
    ]
   },
   "properties": {
    "name": "224 DEEP CREEK ROAD EUDUNDA 5374",
    "locID": "LOC100078859015",
    "tech": "WIRELESS",
    "upgrade": "NULL_NA",
    "gnaf_pid": "GASA_425302960",
    "tech_change_status": "Not Planned",
    "program_type": "Fixed Wireless and Satellite Upgrade Program",
    "target_eligibility_quarter": "NA"
   }
  },
  {
   "type": "Feature",
   "geometry": {
    "type": "Point",
    "coordinates": [
     139.12834236,
     -34.17533466
    ]
   },
   "properties": {
    "name": "264 DEEP CREEK ROAD EUDUNDA 5374",
    "locID": "LOC100078858990",
    "tech": "WIRELESS",
    "upgrade": "NULL_NA",
    "gnaf_pid": "GASA_425302962",
    "tech_change_status": "Not Planned",
    "program_type": "Fixed Wireless and Satellite Upgrade Program",
    "target_eligibility_quarter": "NA"
   }
  },
  {
   "type": "Feature",
   "geometry": {
    "type": "Point",
    "coordinates": [
     139.13084168,
     -34.17520392
    ]
   },
   "properties": {
    "name": "288 DEEP CREEK ROAD EUDUNDA 5374",
    "locID": "LOC100078858988",
    "tech": "WIRELESS",
    "upgrade": "NULL_NA",
    "gnaf_pid": "GASA_425302963",
    "tech_change_status": "Not Planned",
    "program_type": "Fixed Wireless and Satellite Upgrade Program",
    "target_eligibility_quarter": "NA"
   }
  },
  {
   "type": "Feature",
   "geometry": {
    "type": "Point",
    "coordinates": [
     139.1323823,
     -34.17492551
    ]
   },
   "properties": {
    "name": "302 DEEP CREEK ROAD EUDUNDA 5374",
    "locID": "LOC100078858961",
    "tech": "WIRELESS",
    "upgrade": "NULL_NA",
    "gnaf_pid": "GASA_425302964",
    "tech_change_status": "Not Planned",
    "program_type": "Fixed Wireless and Satellite Upgrade Program",
    "target_eligibility_quarter": "NA"
   }
  },
  {
   "type": "Feature",
   "geometry": {
    "type": "Point",
    "coordinates": [
     139.13451884,
     -34.17398108
    ]
   },
   "properties": {
    "name": "323 DEEP CREEK ROAD EUDUNDA 5374",
    "locID": "LOC000183339748",
    "tech": "SATELLITE",
    "upgrade": "WIRELESS",
    "gnaf_pid": "GASA_425302965",
    "tech_change_status": "Eligible to Order",
    "program_type": "Fixed Wireless and Satellite Upgrade Program",
    "target_eligibility_quarter": "NA"
   }
  },
  {
   "type": "Feature",
   "geometry": {
    "type": "Point",
    "coordinates": [
     139.10456163,
     -34.17672455
    ]
   },
   "properties": {
    "name": "45 DEEP CREEK ROAD EUDUNDA 5374",
    "locID": "LOC100078859036",
    "tech": "WIRELESS",
    "upgrade": "NULL_NA",
    "gnaf_pid": "GASA_425302967",
    "tech_change_status": "Not Planned",
    "program_type": "Fixed Wireless and Satellite Upgrade Program",
    "target_eligibility_quarter": "NA"
   }
  },
  {
   "type": "Feature",
   "geometry": {
    "type": "Point",
    "coordinates": [
     139.105926,
     -34.176752
    ]
   },
   "properties": {
    "name": "56 DEEP CREEK ROAD EUDUNDA 5374",
    "locID": "LOC100078859043",
    "tech": "WIRELESS",
    "upgrade": "NULL_NA",
    "gnaf_pid": "GASA_425302968",
    "tech_change_status": "Not Planned",
    "program_type": "Fixed Wireless and Satellite Upgrade Program",
    "target_eligibility_quarter": "NA"
   }
  },
  {
   "type": "Feature",
   "geometry": {
    "type": "Point",
    "coordinates": [
     139.10989826,
     -34.17648618
    ]
   },
   "properties": {
    "name": "94 DEEP CREEK ROAD EUDUNDA 5374",
    "locID": "LOC100078859027",
    "tech": "WIRELESS",
    "upgrade": "NULL_NA",
    "gnaf_pid": "GASA_425302969",
    "tech_change_status": "Not Planned",
    "program_type": "Fixed Wireless and Satellite Upgrade Program",
    "target_eligibility_quarter": "NA"
   }
  },
  {
   "type": "Feature",
   "geometry": {
    "type": "Point",
    "coordinates": [
     139.06324621,
     -34.13182819
    ]
   },
   "properties": {
    "name": "221 EMMAUS ROAD EUDUNDA 5374",
    "locID": "LOC100021295183",
    "tech": "WIRELESS",
    "upgrade": "NULL_NA",
    "gnaf_pid": "GASA_425303074",
    "tech_change_status": "Not Planned",
    "program_type": "Fixed Wireless and Satellite Upgrade Program",
    "target_eligibility_quarter": "NA"
   }
  },
  {
   "type": "Feature",
   "geometry": {
    "type": "Point",
    "coordinates": [
     139.09720114,
     -34.11708337
    ]
   },
   "properties": {
    "name": "588 EMMAUS ROAD EUDUNDA 5374",
    "locID": "LOC100031992522",
    "tech": "WIRELESS",
    "upgrade": "NULL_NA",
    "gnaf_pid": "GASA_425303075",
    "tech_change_status": "Not Planned",
    "program_type": "Fixed Wireless and Satellite Upgrade Program",
    "target_eligibility_quarter": "NA"
   }
  },
  {
   "type": "Feature",
   "geometry": {
    "type": "Point",
    "coordinates": [
     139.10014553,
     -34.11613783
    ]
   },
   "properties": {
    "name": "617 EMMAUS ROAD EUDUNDA 5374",
    "locID": "LOC100021656930",
    "tech": "WIRELESS",
    "upgrade": "NULL_NA",
    "gnaf_pid": "GASA_425303076",
    "tech_change_status": "Not Planned",
    "program_type": "Fixed Wireless and Satellite Upgrade Program",
    "target_eligibility_quarter": "NA"
   }
  },
  {
   "type": "Feature",
   "geometry": {
    "type": "Point",
    "coordinates": [
     139.10722344,
     -34.11408783
    ]
   },
   "properties": {
    "name": "687 EMMAUS ROAD EUDUNDA 5374",
    "locID": "LOC100023820605",
    "tech": "WIRELESS",
    "upgrade": "NULL_NA",
    "gnaf_pid": "GASA_425303077",
    "tech_change_status": "Not Planned",
    "program_type": "Fixed Wireless and Satellite Upgrade Program",
    "target_eligibility_quarter": "NA"
   }
  },
  {
   "type": "Feature",
   "geometry": {
    "type": "Point",
    "coordinates": [
     139.1459265,
     -34.24617254
    ]
   },
   "properties": {
    "name": "1945 EUDUNDA ROAD EUDUNDA 5374",
    "locID": "LOC000148403511",
    "tech": "NULL",
    "upgrade": "NULL_NA",
    "gnaf_pid": "GASA_425303119",
    "tech_change_status": "Not Planned"
   }
  },
  {
   "type": "Feature",
   "geometry": {
    "type": "Point",
    "coordinates": [
     139.13057419,
     -34.22325669
    ]
   },
   "properties": {
    "name": "2267 EUDUNDA ROAD EUDUNDA 5374",
    "locID": "LOC000148403524",
    "tech": "WIRELESS",
    "upgrade": "NULL_NA",
    "gnaf_pid": "GASA_425303120",
    "tech_change_status": "Not Planned",
    "program_type": "Fixed Wireless and Satellite Upgrade Program",
    "target_eligibility_quarter": "NA"
   }
  },
  {
   "type": "Feature",
   "geometry": {
    "type": "Point",
    "coordinates": [
     139.11120174,
     -34.19154047
    ]
   },
   "properties": {
    "name": "2663 EUDUNDA ROAD EUDUNDA 5374",
    "locID": "LOC000148403530",
    "tech": "WIRELESS",
    "upgrade": "NULL_NA",
    "gnaf_pid": "GASA_425303122",
    "tech_change_status": "Not Planned",
    "program_type": "Fixed Wireless and Satellite Upgrade Program",
    "target_eligibility_quarter": "NA"
   }
  },
  {
   "type": "Feature",
   "geometry": {
    "type": "Point",
    "coordinates": [
     139.10653823,
     -34.18874057
    ]
   },
   "properties": {
    "name": "6 FINCH ROAD EUDUNDA 5374",
    "locID": "LOC100078859210",
    "tech": "WIRELESS",
    "upgrade": "NULL_NA",
    "gnaf_pid": "GASA_425303165",
    "tech_change_status": "Not Planned",
    "program_type": "Fixed Wireless and Satellite Upgrade Program",
    "target_eligibility_quarter": "NA"
   }
  },
  {
   "type": "Feature",
   "geometry": {
    "type": "Point",
    "coordinates": [
     139.099098,
     -34.179634
    ]
   },
   "properties": {
    "name": "24 HERON ROAD EUDUNDA 5374",
    "locID": "LOC000178281806",
    "tech": "WIRELESS",
    "upgrade": "NULL_NA",
    "gnaf_pid": "GASA_425303551",
    "tech_change_status": "Not Planned",
    "program_type": "Fixed Wireless and Satellite Upgrade Program",
    "target_eligibility_quarter": "NA"
   }
  },
  {
   "type": "Feature",
   "geometry": {
    "type": "Point",
    "coordinates": [
     139.06686209,
     -34.17059408
    ]
   },
   "properties": {
    "name": "131 JULIA ROAD EUDUNDA 5374",
    "locID": "LOC000150768524",
    "tech": "WIRELESS",
    "upgrade": "NULL_NA",
    "gnaf_pid": "GASA_425303911",
    "tech_change_status": "Not Planned",
    "program_type": "Fixed Wireless and Satellite Upgrade Program",
    "target_eligibility_quarter": "NA"
   }
  },
  {
   "type": "Feature",
   "geometry": {
    "type": "Point",
    "coordinates": [
     139.066927,
     -34.16993414
    ]
   },
   "properties": {
    "name": "138 JULIA ROAD EUDUNDA 5374",
    "locID": "LOC000150768530",
    "tech": "WIRELESS",
    "upgrade": "NULL_NA",
    "gnaf_pid": "GASA_425303912",
    "tech_change_status": "Not Planned",
    "program_type": "Fixed Wireless and Satellite Upgrade Program",
    "target_eligibility_quarter": "NA"
   }
  },
  {
   "type": "Feature",
   "geometry": {
    "type": "Point",
    "coordinates": [
     139.10754802,
     -34.17745204
    ]
   },
   "properties": {
    "name": "64 MAGPIE ROAD EUDUNDA 5374",
    "locID": "LOC100078859062",
    "tech": "WIRELESS",
    "upgrade": "NULL_NA",
    "gnaf_pid": "GASA_425304161",
    "tech_change_status": "Not Planned",
    "program_type": "Fixed Wireless and Satellite Upgrade Program",
    "target_eligibility_quarter": "NA"
   }
  },
  {
   "type": "Feature",
   "geometry": {
    "type": "Point",
    "coordinates": [
     139.09120893,
     -34.14346222
    ]
   },
   "properties": {
    "name": "130 MYRTLE ROAD EUDUNDA 5374",
    "locID": "LOC100078858829",
    "tech": "WIRELESS",
    "upgrade": "NULL_NA",
    "gnaf_pid": "GASA_425304504",
    "tech_change_status": "Not Planned",
    "program_type": "Fixed Wireless and Satellite Upgrade Program",
    "target_eligibility_quarter": "NA"
   }
  },
  {
   "type": "Feature",
   "geometry": {
    "type": "Point",
    "coordinates": [
     139.09236537,
     -34.14306227
    ]
   },
   "properties": {
    "name": "141 MYRTLE ROAD EUDUNDA 5374",
    "locID": "LOC100078858838",
    "tech": "WIRELESS",
    "upgrade": "NULL_NA",
    "gnaf_pid": "GASA_425304505",
    "tech_change_status": "Not Planned",
    "program_type": "Fixed Wireless and Satellite Upgrade Program",
    "target_eligibility_quarter": "NA"
   }
  },
  {
   "type": "Feature",
   "geometry": {
    "type": "Point",
    "coordinates": [
     139.10570253,
     -34.14411603
    ]
   },
   "properties": {
    "name": "264 MYRTLE ROAD EUDUNDA 5374",
    "locID": "LOC100078858872",
    "tech": "WIRELESS",
    "upgrade": "NULL_NA",
    "gnaf_pid": "GASA_425304506",
    "tech_change_status": "Not Planned",
    "program_type": "Fixed Wireless and Satellite Upgrade Program",
    "target_eligibility_quarter": "NA"
   }
  },
  {
   "type": "Feature",
   "geometry": {
    "type": "Point",
    "coordinates": [
     139.12885333,
     -34.14284645
    ]
   },
   "properties": {
    "name": "480 MYRTLE ROAD EUDUNDA 5374",
    "locID": "LOC100078858817",
    "tech": "WIRELESS",
    "upgrade": "NULL_NA",
    "gnaf_pid": "GASA_425304507",
    "tech_change_status": "Not Planned",
    "program_type": "Fixed Wireless and Satellite Upgrade Program",
    "target_eligibility_quarter": "NA"
   }
  },
  {
   "type": "Feature",
   "geometry": {
    "type": "Point",
    "coordinates": [
     139.12882128,
     -34.14272805
    ]
   },
   "properties": {
    "name": "481 MYRTLE ROAD EUDUNDA 5374",
    "locID": "LOC100079109419",
    "tech": "WIRELESS",
    "upgrade": "NULL_NA",
    "gnaf_pid": "GASA_425304508",
    "tech_change_status": "Not Planned",
    "program_type": "Fixed Wireless and Satellite Upgrade Program",
    "target_eligibility_quarter": "NA"
   }
  },
  {
   "type": "Feature",
   "geometry": {
    "type": "Point",
    "coordinates": [
     139.10745826,
     -34.19209116
    ]
   },
   "properties": {
    "name": "123 NICHOLSON ROAD EUDUNDA 5374",
    "locID": "LOC100078859223",
    "tech": "WIRELESS",
    "upgrade": "NULL_NA",
    "gnaf_pid": "GASA_425304572",
    "tech_change_status": "Not Planned",
    "program_type": "Fixed Wireless and Satellite Upgrade Program",
    "target_eligibility_quarter": "NA"
   }
  },
  {
   "type": "Feature",
   "geometry": {
    "type": "Point",
    "coordinates": [
     139.1087609,
     -34.19480129
    ]
   },
   "properties": {
    "name": "155 NICHOLSON ROAD EUDUNDA 5374",
    "locID": "LOC000163645648",
    "tech": "WIRELESS",
    "upgrade": "NULL_NA",
    "gnaf_pid": "GASA_425304573",
    "tech_change_status": "Not Planned",
    "program_type": "Fixed Wireless and Satellite Upgrade Program",
    "target_eligibility_quarter": "NA"
   }
  },
  {
   "type": "Feature",
   "geometry": {
    "type": "Point",
    "coordinates": [
     139.10428577,
     -34.18518044
    ]
   },
   "properties": {
    "name": "41 NICHOLSON ROAD EUDUNDA 5374",
    "locID": "LOC100078859206",
    "tech": "WIRELESS",
    "upgrade": "NULL_NA",
    "gnaf_pid": "GASA_425304575",
    "tech_change_status": "Not Planned",
    "program_type": "Fixed Wireless and Satellite Upgrade Program",
    "target_eligibility_quarter": "NA"
   }
  },
  {
   "type": "Feature",
   "geometry": {
    "type": "Point",
    "coordinates": [
     139.10534159,
     -34.18782247
    ]
   },
   "properties": {
    "name": "72 NICHOLSON ROAD EUDUNDA 5374",
    "locID": "LOC100028136340",
    "tech": "WIRELESS",
    "upgrade": "NULL_NA",
    "gnaf_pid": "GASA_425304576",
    "tech_change_status": "Not Planned",
    "program_type": "Fixed Wireless and Satellite Upgrade Program",
    "target_eligibility_quarter": "NA"
   }
  },
  {
   "type": "Feature",
   "geometry": {
    "type": "Point",
    "coordinates": [
     139.105551,
     -34.18793518
    ]
   },
   "properties": {
    "name": "73 NICHOLSON ROAD EUDUNDA 5374",
    "locID": "LOC000186947615",
    "tech": "WIRELESS",
    "upgrade": "NULL_NA",
    "gnaf_pid": "GASA_425304577",
    "tech_change_status": "Not Planned",
    "program_type": "Fixed Wireless and Satellite Upgrade Program",
    "target_eligibility_quarter": "NA"
   }
  },
  {
   "type": "Feature",
   "geometry": {
    "type": "Point",
    "coordinates": [
     139.1198981,
     -34.15773346
    ]
   },
   "properties": {
    "name": "312 PEEP HILL ROAD EUDUNDA 5374",
    "locID": "LOC100078858919",
    "tech": "WIRELESS",
    "upgrade": "NULL_NA",
    "gnaf_pid": "GASA_425304736",
    "tech_change_status": "Not Planned",
    "program_type": "Fixed Wireless and Satellite Upgrade Program",
    "target_eligibility_quarter": "NA"
   }
  },
  {
   "type": "Feature",
   "geometry": {
    "type": "Point",
    "coordinates": [
     139.09725531,
     -34.17448845
    ]
   },
   "properties": {
    "name": "31 PEEP HILL ROAD EUDUNDA 5374",
    "locID": "LOC100078858919",
    "tech": "WIRELESS",
    "upgrade": "NULL_NA",
    "gnaf_pid": "GASA_425304737",
    "tech_change_status": "Not Planned",
    "program_type": "Fixed Wireless and Satellite Upgrade Program",
    "target_eligibility_quarter": "NA"
   }
  },
  {
   "type": "Feature",
   "geometry": {
    "type": "Point",
    "coordinates": [
     139.13155524,
     -34.15159053
    ]
   },
   "properties": {
    "name": "444 PEEP HILL ROAD EUDUNDA 5374",
    "locID": "LOC100078858893",
    "tech": "WIRELESS",
    "upgrade": "NULL_NA",
    "gnaf_pid": "GASA_425304738",
    "tech_change_status": "Not Planned",
    "program_type": "Fixed Wireless and Satellite Upgrade Program",
    "target_eligibility_quarter": "NA"
   }
  },
  {
   "type": "Feature",
   "geometry": {
    "type": "Point",
    "coordinates": [
     139.06646507,
     -34.14714193
    ]
   },
   "properties": {
    "name": "110 QUAIL ROAD EUDUNDA 5374",
    "locID": "LOC000178390112",
    "tech": "SATELLITE",
    "upgrade": "WIRELESS",
    "gnaf_pid": "GASA_425304904",
    "tech_change_status": "Eligible to Order",
    "program_type": "Fixed Wireless and Satellite Upgrade Program",
    "target_eligibility_quarter": "NA"
   }
  },
  {
   "type": "Feature",
   "geometry": {
    "type": "Point",
    "coordinates": [
     139.10239328,
     -34.17981128
    ]
   },
   "properties": {
    "name": "75 ROSELLA ROAD EUDUNDA 5374",
    "locID": "LOC100078859070",
    "tech": "WIRELESS",
    "upgrade": "NULL_NA",
    "gnaf_pid": "GASA_425305075",
    "tech_change_status": "Not Planned",
    "program_type": "Fixed Wireless and Satellite Upgrade Program",
    "target_eligibility_quarter": "NA"
   }
  },
  {
   "type": "Feature",
   "geometry": {
    "type": "Point",
    "coordinates": [
     139.09322716,
     -34.16663729
    ]
   },
   "properties": {
    "name": "112 SALEYARDS ROAD EUDUNDA 5374",
    "locID": "LOC000181229489",
    "tech": "WIRELESS",
    "upgrade": "NULL_NA",
    "gnaf_pid": "GASA_425305278",
    "tech_change_status": "Not Planned",
    "program_type": "Fixed Wireless and Satellite Upgrade Program",
    "target_eligibility_quarter": "NA"
   }
  },
  {
   "type": "Feature",
   "geometry": {
    "type": "Point",
    "coordinates": [
     139.08844499,
     -34.15916638
    ]
   },
   "properties": {
    "name": "206 SALEYARDS ROAD EUDUNDA 5374",
    "locID": "LOC100078858935",
    "tech": "WIRELESS",
    "upgrade": "NULL_NA",
    "gnaf_pid": "GASA_425305279",
    "tech_change_status": "Not Planned",
    "program_type": "Fixed Wireless and Satellite Upgrade Program",
    "target_eligibility_quarter": "NA"
   }
  },
  {
   "type": "Feature",
   "geometry": {
    "type": "Point",
    "coordinates": [
     139.09400605,
     -34.16795445
    ]
   },
   "properties": {
    "name": "94 SALEYARDS ROAD EUDUNDA 5374",
    "locID": "LOC100078858942",
    "tech": "WIRELESS",
    "upgrade": "NULL_NA",
    "gnaf_pid": "GASA_425305281",
    "tech_change_status": "Not Planned",
    "program_type": "Fixed Wireless and Satellite Upgrade Program",
    "target_eligibility_quarter": "NA"
   }
  },
  {
   "type": "Feature",
   "geometry": {
    "type": "Point",
    "coordinates": [
     139.07788206,
     -34.10114618
    ]
   },
   "properties": {
    "name": "186 SCHULZ ROAD EUDUNDA 5374",
    "locID": "LOC100038884153",
    "tech": "WIRELESS",
    "upgrade": "NULL_NA",
    "gnaf_pid": "GASA_425305328",
    "tech_change_status": "Not Planned",
    "program_type": "Fixed Wireless and Satellite Upgrade Program",
    "target_eligibility_quarter": "NA"
   }
  },
  {
   "type": "Feature",
   "geometry": {
    "type": "Point",
    "coordinates": [
     139.10759606,
     -34.1352521
    ]
   },
   "properties": {
    "name": "272 SCHUTZ ROAD EUDUNDA 5374",
    "locID": "LOC100078858791",
    "tech": "WIRELESS",
    "upgrade": "NULL_NA",
    "gnaf_pid": "GASA_425305335",
    "tech_change_status": "Not Planned",
    "program_type": "Fixed Wireless and Satellite Upgrade Program",
    "target_eligibility_quarter": "NA"
   }
  },
  {
   "type": "Feature",
   "geometry": {
    "type": "Point",
    "coordinates": [
     139.08840513,
     -34.1159795
    ]
   },
   "properties": {
    "name": "558 SCHUTZ ROAD EUDUNDA 5374",
    "locID": "LOC100078858704",
    "tech": "WIRELESS",
    "upgrade": "NULL_NA",
    "gnaf_pid": "GASA_425305337",
    "tech_change_status": "Not Planned",
    "program_type": "Fixed Wireless and Satellite Upgrade Program",
    "target_eligibility_quarter": "NA"
   }
  },
  {
   "type": "Feature",
   "geometry": {
    "type": "Point",
    "coordinates": [
     139.08369752,
     -34.10959981
    ]
   },
   "properties": {
    "name": "640 SCHUTZ ROAD EUDUNDA 5374",
    "locID": "LOC100078858677",
    "tech": "WIRELESS",
    "upgrade": "NULL_NA",
    "gnaf_pid": "GASA_425305338",
    "tech_change_status": "Not Planned",
    "program_type": "Fixed Wireless and Satellite Upgrade Program",
    "target_eligibility_quarter": "NA"
   }
  },
  {
   "type": "Feature",
   "geometry": {
    "type": "Point",
    "coordinates": [
     139.15000972,
     -34.25559034
    ]
   },
   "properties": {
    "name": "15 SMITH ROAD EUDUNDA 5374",
    "locID": "LOC000148405525",
    "tech": "NULL",
    "upgrade": "NULL_NA",
    "gnaf_pid": "GASA_425305435",
    "tech_change_status": "Not Planned"
   }
  },
  {
   "type": "Feature",
   "geometry": {
    "type": "Point",
    "coordinates": [
     139.13511611,
     -34.25900498
    ]
   },
   "properties": {
    "name": "163 SMITH ROAD EUDUNDA 5374",
    "locID": "LOC000148405539",
    "tech": "SATELLITE",
    "upgrade": "NULL_NA",
    "gnaf_pid": "GASA_425305436",
    "tech_change_status": "Not Planned"
   }
  },
  {
   "type": "Feature",
   "geometry": {
    "type": "Point",
    "coordinates": [
     139.14787184,
     -34.2564833
    ]
   },
   "properties": {
    "name": "38 SMITH ROAD EUDUNDA 5374",
    "locID": "LOC000148249306",
    "tech": "NULL",
    "upgrade": "NULL_NA",
    "gnaf_pid": "GASA_425305437",
    "tech_change_status": "Not Planned"
   }
  },
  {
   "type": "Feature",
   "geometry": {
    "type": "Point",
    "coordinates": [
     139.07910932,
     -34.18156999
    ]
   },
   "properties": {
    "name": "11A SPRING ROAD EUDUNDA 5374",
    "locID": "LOC000150770015",
    "tech": "WIRELESS",
    "upgrade": "NULL_NA",
    "gnaf_pid": "GASA_425305550",
    "tech_change_status": "Not Planned",
    "program_type": "Fixed Wireless and Satellite Upgrade Program",
    "target_eligibility_quarter": "NA"
   }
  },
  {
   "type": "Feature",
   "geometry": {
    "type": "Point",
    "coordinates": [
     139.07909213,
     -34.18160205
    ]
   },
   "properties": {
    "name": "11B SPRING ROAD EUDUNDA 5374",
    "locID": "LOC000150770027",
    "tech": "WIRELESS",
    "upgrade": "NULL_NA",
    "gnaf_pid": "GASA_425305551",
    "tech_change_status": "Not Planned",
    "program_type": "Fixed Wireless and Satellite Upgrade Program",
    "target_eligibility_quarter": "NA"
   }
  },
  {
   "type": "Feature",
   "geometry": {
    "type": "Point",
    "coordinates": [
     139.07699325,
     -34.18440509
    ]
   },
   "properties": {
    "name": "49 SPRING ROAD EUDUNDA 5374",
    "locID": "LOC000150770036",
    "tech": "WIRELESS",
    "upgrade": "NULL_NA",
    "gnaf_pid": "GASA_425305552",
    "tech_change_status": "Not Planned",
    "program_type": "Fixed Wireless and Satellite Upgrade Program",
    "target_eligibility_quarter": "NA"
   }
  },
  {
   "type": "Feature",
   "geometry": {
    "type": "Point",
    "coordinates": [
     139.07273118,
     -34.1805348
    ]
   },
   "properties": {
    "name": "53 WAHROONGA ROAD EUDUNDA 5374",
    "locID": "LOC000109318906",
    "tech": "WIRELESS",
    "upgrade": "NULL_NA",
    "gnaf_pid": "GASA_425306027",
    "tech_change_status": "Not Planned",
    "program_type": "Fixed Wireless and Satellite Upgrade Program",
    "target_eligibility_quarter": "NA"
   }
  },
  {
   "type": "Feature",
   "geometry": {
    "type": "Point",
    "coordinates": [
     139.07990806,
     -34.16916908
    ]
   },
   "properties": {
    "name": "LOT 2 GUNN STREET EUDUNDA 5374",
    "locID": "LOC000021723107",
    "tech": "WIRELESS",
    "upgrade": "NULL_NA",
    "gnaf_pid": "GASA_425391141",
    "tech_change_status": "Not Planned",
    "program_type": "Fixed Wireless and Satellite Upgrade Program",
    "target_eligibility_quarter": "NA"
   }
  },
  {
   "type": "Feature",
   "geometry": {
    "type": "Point",
    "coordinates": [
     139.08502453,
     -34.17139911
    ]
   },
   "properties": {
    "name": "16-20 BRUCE STREET EUDUNDA 5374",
    "locID": "LOC100078095008",
    "tech": "WIRELESS",
    "upgrade": "NULL_NA",
    "gnaf_pid": "GASA_425396745",
    "tech_change_status": "Not Planned",
    "program_type": "Fixed Wireless and Satellite Upgrade Program",
    "target_eligibility_quarter": "NA"
   }
  },
  {
   "type": "Feature",
   "geometry": {
    "type": "Point",
    "coordinates": [
     139.07311534,
     -34.19103351
    ]
   },
   "properties": {
    "name": "2095 TABLELAND ROAD EUDUNDA 5374",
    "locID": "LOC000148407959",
    "tech": "WIRELESS",
    "upgrade": "NULL_NA",
    "gnaf_pid": "GASA_425507489",
    "tech_change_status": "Not Planned",
    "program_type": "Fixed Wireless and Satellite Upgrade Program",
    "target_eligibility_quarter": "NA"
   }
  },
  {
   "type": "Feature",
   "geometry": {
    "type": "Point",
    "coordinates": [
     139.0851623,
     -34.16139921
    ]
   },
   "properties": {
    "name": "1 THREE CHAIN ROAD EUDUNDA 5374",
    "locID": "LOC000131506717",
    "tech": "WIRELESS",
    "upgrade": "NULL_NA",
    "gnaf_pid": "GASA_425507514",
    "tech_change_status": "Not Planned",
    "program_type": "Fixed Wireless and Satellite Upgrade Program",
    "target_eligibility_quarter": "NA"
   }
  },
  {
   "type": "Feature",
   "geometry": {
    "type": "Point",
    "coordinates": [
     139.06890738,
     -34.19026573
    ]
   },
   "properties": {
    "name": "LOT 299 THIELE HIGHWAY EUDUNDA 5374",
    "locID": "LOC000148251382",
    "tech": "WIRELESS",
    "upgrade": "NULL_NA",
    "gnaf_pid": "GASA_425510979",
    "tech_change_status": "Not Planned",
    "program_type": "Fixed Wireless and Satellite Upgrade Program",
    "target_eligibility_quarter": "NA"
   }
  },
  {
   "type": "Feature",
   "geometry": {
    "type": "Point",
    "coordinates": [
     139.07181564,
     -34.18472751
    ]
   },
   "properties": {
    "name": "LOT 747 THIELE HIGHWAY EUDUNDA 5374",
    "locID": "LOC000148251382",
    "tech": "WIRELESS",
    "upgrade": "NULL_NA",
    "gnaf_pid": "GASA_425510983",
    "tech_change_status": "Not Planned",
    "program_type": "Fixed Wireless and Satellite Upgrade Program",
    "target_eligibility_quarter": "NA"
   }
  },
  {
   "type": "Feature",
   "geometry": {
    "type": "Point",
    "coordinates": [
     139.1183175,
     -34.12002245
    ]
   },
   "properties": {
    "name": "533 AUSTRALIA PLAINS ROAD EUDUNDA 5374",
    "locID": "LOC100078858715",
    "tech": "WIRELESS",
    "upgrade": "NULL_NA",
    "gnaf_pid": "GASA_425533037",
    "tech_change_status": "Not Planned",
    "program_type": "Fixed Wireless and Satellite Upgrade Program",
    "target_eligibility_quarter": "NA"
   }
  },
  {
   "type": "Feature",
   "geometry": {
    "type": "Point",
    "coordinates": [
     139.09241731,
     -34.18462408
    ]
   },
   "properties": {
    "name": "86 RESERVE ROAD EUDUNDA 5374",
    "locID": "LOC000174897329",
    "tech": "WIRELESS",
    "upgrade": "NULL_NA",
    "gnaf_pid": "GASA_425534463",
    "tech_change_status": "Not Planned",
    "program_type": "Fixed Wireless and Satellite Upgrade Program",
    "target_eligibility_quarter": "NA"
   }
  },
  {
   "type": "Feature",
   "geometry": {
    "type": "Point",
    "coordinates": [
     139.05610616,
     -34.19370734
    ]
   },
   "properties": {
    "name": "5400 THIELE HIGHWAY EUDUNDA 5374",
    "locID": "LOC000148251250",
    "tech": "NULL",
    "upgrade": "NULL_NA",
    "gnaf_pid": "GASA_425534722",
    "tech_change_status": "Not Planned"
   }
  },
  {
   "type": "Feature",
   "geometry": {
    "type": "Point",
    "coordinates": [
     139.0651134,
     -34.18880998
    ]
   },
   "properties": {
    "name": "5499 THIELE HIGHWAY EUDUNDA 5374",
    "locID": "LOC000148251382",
    "tech": "WIRELESS",
    "upgrade": "NULL_NA",
    "gnaf_pid": "GASA_425534723",
    "tech_change_status": "Not Planned",
    "program_type": "Fixed Wireless and Satellite Upgrade Program",
    "target_eligibility_quarter": "NA"
   }
  },
  {
   "type": "Feature",
   "geometry": {
    "type": "Point",
    "coordinates": [
     139.07946416,
     -34.18024776
    ]
   },
   "properties": {
    "name": "5664 THIELE HIGHWAY EUDUNDA 5374",
    "locID": "LOC100078859091",
    "tech": "WIRELESS",
    "upgrade": "NULL_NA",
    "gnaf_pid": "GASA_425534724",
    "tech_change_status": "Not Planned",
    "program_type": "Fixed Wireless and Satellite Upgrade Program",
    "target_eligibility_quarter": "NA"
   }
  },
  {
   "type": "Feature",
   "geometry": {
    "type": "Point",
    "coordinates": [
     139.07936332,
     -34.1800801
    ]
   },
   "properties": {
    "name": "5665 THIELE HIGHWAY EUDUNDA 5374",
    "locID": "LOC100071995798",
    "tech": "WIRELESS",
    "upgrade": "NULL_NA",
    "gnaf_pid": "GASA_425534725",
    "tech_change_status": "Not Planned",
    "program_type": "Fixed Wireless and Satellite Upgrade Program",
    "target_eligibility_quarter": "NA"
   }
  },
  {
   "type": "Feature",
   "geometry": {
    "type": "Point",
    "coordinates": [
     139.08064471,
     -34.17884668
    ]
   },
   "properties": {
    "name": "5684A THIELE HIGHWAY EUDUNDA 5374",
    "locID": "LOC000184163108",
    "tech": "WIRELESS",
    "upgrade": "NULL_NA",
    "gnaf_pid": "GASA_425534726",
    "tech_change_status": "Not Planned",
    "program_type": "Fixed Wireless and Satellite Upgrade Program",
    "target_eligibility_quarter": "NA"
   }
  },
  {
   "type": "Feature",
   "geometry": {
    "type": "Point",
    "coordinates": [
     139.08068145,
     -34.17880063
    ]
   },
   "properties": {
    "name": "5684B THIELE HIGHWAY EUDUNDA 5374",
    "locID": "LOC000182302076",
    "tech": "WIRELESS",
    "upgrade": "NULL_NA",
    "gnaf_pid": "GASA_425534727",
    "tech_change_status": "Not Planned",
    "program_type": "Fixed Wireless and Satellite Upgrade Program",
    "target_eligibility_quarter": "NA"
   }
  },
  {
   "type": "Feature",
   "geometry": {
    "type": "Point",
    "coordinates": [
     139.08211981,
     -34.17710053
    ]
   },
   "properties": {
    "name": "5707 THIELE HIGHWAY EUDUNDA 5374",
    "locID": "LOC100078859058",
    "tech": "WIRELESS",
    "upgrade": "NULL_NA",
    "gnaf_pid": "GASA_425534728",
    "tech_change_status": "Not Planned",
    "program_type": "Fixed Wireless and Satellite Upgrade Program",
    "target_eligibility_quarter": "NA"
   }
  },
  {
   "type": "Feature",
   "geometry": {
    "type": "Point",
    "coordinates": [
     139.09463865,
     -34.17988543
    ]
   },
   "properties": {
    "name": "5837 THIELE HIGHWAY EUDUNDA 5374",
    "locID": "LOC100078859089",
    "tech": "WIRELESS",
    "upgrade": "NULL_NA",
    "gnaf_pid": "GASA_425534730",
    "tech_change_status": "Not Planned",
    "program_type": "Fixed Wireless and Satellite Upgrade Program",
    "target_eligibility_quarter": "NA"
   }
  },
  {
   "type": "Feature",
   "geometry": {
    "type": "Point",
    "coordinates": [
     139.09572653,
     -34.18053268
    ]
   },
   "properties": {
    "name": "5849 THIELE HIGHWAY EUDUNDA 5374",
    "locID": "LOC100078859101",
    "tech": "WIRELESS",
    "upgrade": "NULL_NA",
    "gnaf_pid": "GASA_425534731",
    "tech_change_status": "Not Planned",
    "program_type": "Fixed Wireless and Satellite Upgrade Program",
    "target_eligibility_quarter": "NA"
   }
  },
  {
   "type": "Feature",
   "geometry": {
    "type": "Point",
    "coordinates": [
     139.10125836,
     -34.1816508
    ]
   },
   "properties": {
    "name": "5902 THIELE HIGHWAY EUDUNDA 5374",
    "locID": "LOC100078859129",
    "tech": "WIRELESS",
    "upgrade": "NULL_NA",
    "gnaf_pid": "GASA_425534733",
    "tech_change_status": "Not Planned",
    "program_type": "Fixed Wireless and Satellite Upgrade Program",
    "target_eligibility_quarter": "NA"
   }
  },
  {
   "type": "Feature",
   "geometry": {
    "type": "Point",
    "coordinates": [
     139.10516529,
     -34.18247038
    ]
   },
   "properties": {
    "name": "5940 THIELE HIGHWAY EUDUNDA 5374",
    "locID": "LOC100078859155",
    "tech": "WIRELESS",
    "upgrade": "NULL_NA",
    "gnaf_pid": "GASA_425534734",
    "tech_change_status": "Not Planned",
    "program_type": "Fixed Wireless and Satellite Upgrade Program",
    "target_eligibility_quarter": "NA"
   }
  },
  {
   "type": "Feature",
   "geometry": {
    "type": "Point",
    "coordinates": [
     139.10624079,
     -34.18265835
    ]
   },
   "properties": {
    "name": "5949 THIELE HIGHWAY EUDUNDA 5374",
    "locID": "LOC000157371016",
    "tech": "WIRELESS",
    "upgrade": "NULL_NA",
    "gnaf_pid": "GASA_425534735",
    "tech_change_status": "Not Planned",
    "program_type": "Fixed Wireless and Satellite Upgrade Program",
    "target_eligibility_quarter": "NA"
   }
  },
  {
   "type": "Feature",
   "geometry": {
    "type": "Point",
    "coordinates": [
     139.10863779,
     -34.18324938
    ]
   },
   "properties": {
    "name": "5973 THIELE HIGHWAY EUDUNDA 5374",
    "locID": "LOC100078859193",
    "tech": "WIRELESS",
    "upgrade": "NULL_NA",
    "gnaf_pid": "GASA_425534736",
    "tech_change_status": "Not Planned",
    "program_type": "Fixed Wireless and Satellite Upgrade Program",
    "target_eligibility_quarter": "NA"
   }
  },
  {
   "type": "Feature",
   "geometry": {
    "type": "Point",
    "coordinates": [
     139.11056676,
     -34.18312717
    ]
   },
   "properties": {
    "name": "5991 THIELE HIGHWAY EUDUNDA 5374",
    "locID": "LOC100078859186",
    "tech": "WIRELESS",
    "upgrade": "NULL_NA",
    "gnaf_pid": "GASA_425534737",
    "tech_change_status": "Not Planned",
    "program_type": "Fixed Wireless and Satellite Upgrade Program",
    "target_eligibility_quarter": "NA"
   }
  },
  {
   "type": "Feature",
   "geometry": {
    "type": "Point",
    "coordinates": [
     139.1139332,
     -34.1828605
    ]
   },
   "properties": {
    "name": "6023 THIELE HIGHWAY EUDUNDA 5374",
    "locID": "LOC100078859172",
    "tech": "WIRELESS",
    "upgrade": "NULL_NA",
    "gnaf_pid": "GASA_425534738",
    "tech_change_status": "Not Planned",
    "program_type": "Fixed Wireless and Satellite Upgrade Program",
    "target_eligibility_quarter": "NA"
   }
  },
  {
   "type": "Feature",
   "geometry": {
    "type": "Point",
    "coordinates": [
     139.11660203,
     -34.18279562
    ]
   },
   "properties": {
    "name": "6047 THIELE HIGHWAY EUDUNDA 5374",
    "locID": "LOC100078859164",
    "tech": "WIRELESS",
    "upgrade": "NULL_NA",
    "gnaf_pid": "GASA_425534739",
    "tech_change_status": "Not Planned",
    "program_type": "Fixed Wireless and Satellite Upgrade Program",
    "target_eligibility_quarter": "NA"
   }
  },
  {
   "type": "Feature",
   "geometry": {
    "type": "Point",
    "coordinates": [
     139.12307524,
     -34.18234479
    ]
   },
   "properties": {
    "name": "6107 THIELE HIGHWAY EUDUNDA 5374",
    "locID": "LOC100078859140",
    "tech": "WIRELESS",
    "upgrade": "NULL_NA",
    "gnaf_pid": "GASA_425534741",
    "tech_change_status": "Not Planned",
    "program_type": "Fixed Wireless and Satellite Upgrade Program",
    "target_eligibility_quarter": "NA"
   }
  },
  {
   "type": "Feature",
   "geometry": {
    "type": "Point",
    "coordinates": [
     139.1301298,
     -34.18187985
    ]
   },
   "properties": {
    "name": "6171 THIELE HIGHWAY EUDUNDA 5374",
    "locID": "LOC100078859138",
    "tech": "WIRELESS",
    "upgrade": "NULL_NA",
    "gnaf_pid": "GASA_425534743",
    "tech_change_status": "Not Planned",
    "program_type": "Fixed Wireless and Satellite Upgrade Program",
    "target_eligibility_quarter": "NA"
   }
  },
  {
   "type": "Feature",
   "geometry": {
    "type": "Point",
    "coordinates": [
     139.13253879,
     -34.18162379
    ]
   },
   "properties": {
    "name": "6195 THIELE HIGHWAY EUDUNDA 5374",
    "locID": "LOC100078859117",
    "tech": "WIRELESS",
    "upgrade": "NULL_NA",
    "gnaf_pid": "GASA_425534744",
    "tech_change_status": "Not Planned",
    "program_type": "Fixed Wireless and Satellite Upgrade Program",
    "target_eligibility_quarter": "NA"
   }
  },
  {
   "type": "Feature",
   "geometry": {
    "type": "Point",
    "coordinates": [
     139.07641242,
     -34.14223855
    ]
   },
   "properties": {
    "name": "395 WORLDS END HIGHWAY EUDUNDA 5374",
    "locID": "LOC100029125841",
    "tech": "WIRELESS",
    "upgrade": "NULL_NA",
    "gnaf_pid": "GASA_425534977",
    "tech_change_status": "Not Planned",
    "program_type": "Fixed Wireless and Satellite Upgrade Program",
    "target_eligibility_quarter": "NA"
   }
  },
  {
   "type": "Feature",
   "geometry": {
    "type": "Point",
    "coordinates": [
     139.07348559,
     -34.13673823
    ]
   },
   "properties": {
    "name": "463 WORLDS END HIGHWAY EUDUNDA 5374",
    "locID": "LOC000172094268",
    "tech": "WIRELESS",
    "upgrade": "NULL_NA",
    "gnaf_pid": "GASA_425534979",
    "tech_change_status": "Not Planned",
    "program_type": "Fixed Wireless and Satellite Upgrade Program",
    "target_eligibility_quarter": "NA"
   }
  },
  {
   "type": "Feature",
   "geometry": {
    "type": "Point",
    "coordinates": [
     139.07266133,
     -34.13498526
    ]
   },
   "properties": {
    "name": "483 WORLDS END HIGHWAY EUDUNDA 5374",
    "locID": "LOC100078858789",
    "tech": "WIRELESS",
    "upgrade": "NULL_NA",
    "gnaf_pid": "GASA_425534980",
    "tech_change_status": "Not Planned",
    "program_type": "Fixed Wireless and Satellite Upgrade Program",
    "target_eligibility_quarter": "NA"
   }
  },
  {
   "type": "Feature",
   "geometry": {
    "type": "Point",
    "coordinates": [
     139.07160498,
     -34.13260787
    ]
   },
   "properties": {
    "name": "511 WORLDS END HIGHWAY EUDUNDA 5374",
    "locID": "LOC000186456115",
    "tech": "WIRELESS",
    "upgrade": "NULL_NA",
    "gnaf_pid": "GASA_425534981",
    "tech_change_status": "Not Planned",
    "program_type": "Fixed Wireless and Satellite Upgrade Program",
    "target_eligibility_quarter": "NA"
   }
  },
  {
   "type": "Feature",
   "geometry": {
    "type": "Point",
    "coordinates": [
     139.06930056,
     -34.12737084
    ]
   },
   "properties": {
    "name": "573 WORLDS END HIGHWAY EUDUNDA 5374",
    "locID": "LOC100078858770",
    "tech": "WIRELESS",
    "upgrade": "NULL_NA",
    "gnaf_pid": "GASA_425534982",
    "tech_change_status": "Not Planned",
    "program_type": "Fixed Wireless and Satellite Upgrade Program",
    "target_eligibility_quarter": "NA"
   }
  },
  {
   "type": "Feature",
   "geometry": {
    "type": "Point",
    "coordinates": [
     139.06854986,
     -34.12592934
    ]
   },
   "properties": {
    "name": "591 WORLDS END HIGHWAY EUDUNDA 5374",
    "locID": "LOC100078858762",
    "tech": "WIRELESS",
    "upgrade": "NULL_NA",
    "gnaf_pid": "GASA_425534984",
    "tech_change_status": "Not Planned",
    "program_type": "Fixed Wireless and Satellite Upgrade Program",
    "target_eligibility_quarter": "NA"
   }
  },
  {
   "type": "Feature",
   "geometry": {
    "type": "Point",
    "coordinates": [
     139.06699997,
     -34.12276923
    ]
   },
   "properties": {
    "name": "629 WORLDS END HIGHWAY EUDUNDA 5374",
    "locID": "LOC100078858758",
    "tech": "WIRELESS",
    "upgrade": "NULL_NA",
    "gnaf_pid": "GASA_425534985",
    "tech_change_status": "Not Planned",
    "program_type": "Fixed Wireless and Satellite Upgrade Program",
    "target_eligibility_quarter": "NA"
   }
  },
  {
   "type": "Feature",
   "geometry": {
    "type": "Point",
    "coordinates": [
     139.06694477,
     -34.12263021
    ]
   },
   "properties": {
    "name": "631 WORLDS END HIGHWAY EUDUNDA 5374",
    "locID": "LOC100078858743",
    "tech": "WIRELESS",
    "upgrade": "NULL_NA",
    "gnaf_pid": "GASA_425534986",
    "tech_change_status": "Not Planned",
    "program_type": "Fixed Wireless and Satellite Upgrade Program",
    "target_eligibility_quarter": "NA"
   }
  },
  {
   "type": "Feature",
   "geometry": {
    "type": "Point",
    "coordinates": [
     139.06700791,
     -34.12238367
    ]
   },
   "properties": {
    "name": "632 WORLDS END HIGHWAY EUDUNDA 5374",
    "locID": "LOC100078858736",
    "tech": "WIRELESS",
    "upgrade": "NULL_NA",
    "gnaf_pid": "GASA_425534987",
    "tech_change_status": "Not Planned",
    "program_type": "Fixed Wireless and Satellite Upgrade Program",
    "target_eligibility_quarter": "NA"
   }
  },
  {
   "type": "Feature",
   "geometry": {
    "type": "Point",
    "coordinates": [
     139.06634232,
     -34.12140795
    ]
   },
   "properties": {
    "name": "645 WORLDS END HIGHWAY EUDUNDA 5374",
    "locID": "LOC000185538374",
    "tech": "WIRELESS",
    "upgrade": "NULL_NA",
    "gnaf_pid": "GASA_425534988",
    "tech_change_status": "Not Planned",
    "program_type": "Fixed Wireless and Satellite Upgrade Program",
    "target_eligibility_quarter": "NA"
   }
  },
  {
   "type": "Feature",
   "geometry": {
    "type": "Point",
    "coordinates": [
     139.06477665,
     -34.118293
    ]
   },
   "properties": {
    "name": "683A WORLDS END HIGHWAY EUDUNDA 5374",
    "locID": "LOC000150776843",
    "tech": "WIRELESS",
    "upgrade": "NULL_NA",
    "gnaf_pid": "GASA_425534989",
    "tech_change_status": "Not Planned",
    "program_type": "Fixed Wireless and Satellite Upgrade Program",
    "target_eligibility_quarter": "NA"
   }
  },
  {
   "type": "Feature",
   "geometry": {
    "type": "Point",
    "coordinates": [
     139.06478424,
     -34.11833585
    ]
   },
   "properties": {
    "name": "683B WORLDS END HIGHWAY EUDUNDA 5374",
    "locID": "LOC000150776858",
    "tech": "SATELLITE",
    "upgrade": "WIRELESS",
    "gnaf_pid": "GASA_425534990",
    "tech_change_status": "Eligible to Order",
    "program_type": "Fixed Wireless and Satellite Upgrade Program",
    "target_eligibility_quarter": "NA"
   }
  },
  {
   "type": "Feature",
   "geometry": {
    "type": "Point",
    "coordinates": [
     139.0627163,
     -34.11320379
    ]
   },
   "properties": {
    "name": "742 WORLDS END HIGHWAY EUDUNDA 5374",
    "locID": "LOC000172084078",
    "tech": "WIRELESS",
    "upgrade": "NULL_NA",
    "gnaf_pid": "GASA_425534991",
    "tech_change_status": "Not Planned",
    "program_type": "Fixed Wireless and Satellite Upgrade Program",
    "target_eligibility_quarter": "NA"
   }
  },
  {
   "type": "Feature",
   "geometry": {
    "type": "Point",
    "coordinates": [
     139.0613631,
     -34.1107598
    ]
   },
   "properties": {
    "name": "771 WORLDS END HIGHWAY EUDUNDA 5374",
    "locID": "LOC100078858683",
    "tech": "WIRELESS",
    "upgrade": "NULL_NA",
    "gnaf_pid": "GASA_425534992",
    "tech_change_status": "Not Planned",
    "program_type": "Fixed Wireless and Satellite Upgrade Program",
    "target_eligibility_quarter": "NA"
   }
  },
  {
   "type": "Feature",
   "geometry": {
    "type": "Point",
    "coordinates": [
     139.045966,
     -34.17893264
    ]
   },
   "properties": {
    "name": "1682 CURIO HIGHWAY EUDUNDA 5374",
    "locID": "LOC000148244719",
    "tech": "WIRELESS",
    "upgrade": "NULL_NA",
    "gnaf_pid": "GASA_425628749",
    "tech_change_status": "Not Planned",
    "program_type": "Fixed Wireless and Satellite Upgrade Program",
    "target_eligibility_quarter": "NA"
   }
  },
  {
   "type": "Feature",
   "geometry": {
    "type": "Point",
    "coordinates": [
     139.0512786,
     -34.13248097
    ]
   },
   "properties": {
    "name": "530 JULIA ROAD EUDUNDA 5374",
    "locID": "LOC000150778372",
    "tech": "WIRELESS",
    "upgrade": "NULL_NA",
    "gnaf_pid": "GASA_425629257",
    "tech_change_status": "Not Planned",
    "program_type": "Fixed Wireless and Satellite Upgrade Program",
    "target_eligibility_quarter": "NA"
   }
  },
  {
   "type": "Feature",
   "geometry": {
    "type": "Point",
    "coordinates": [
     139.1115072,
     -34.12318579
    ]
   },
   "properties": {
    "name": "LOT 294 AUSTRALIA PLAINS ROAD EUDUNDA 5374",
    "locID": "LOC000113286675",
    "tech": "WIRELESS",
    "upgrade": "NULL_NA",
    "gnaf_pid": "GASA_425718814",
    "tech_change_status": "Not Planned",
    "program_type": "Fixed Wireless and Satellite Upgrade Program",
    "target_eligibility_quarter": "NA"
   }
  },
  {
   "type": "Feature",
   "geometry": {
    "type": "Point",
    "coordinates": [
     139.08522883,
     -34.15806177
    ]
   },
   "properties": {
    "name": "LOT 501 AUSTRALIA PLAINS ROAD EUDUNDA 5374",
    "locID": "LOC000113286675",
    "tech": "WIRELESS",
    "upgrade": "NULL_NA",
    "gnaf_pid": "GASA_425718815",
    "tech_change_status": "Not Planned",
    "program_type": "Fixed Wireless and Satellite Upgrade Program",
    "target_eligibility_quarter": "NA"
   }
  },
  {
   "type": "Feature",
   "geometry": {
    "type": "Point",
    "coordinates": [
     139.08431792,
     -34.1714592
    ]
   },
   "properties": {
    "name": "SHOP 1, 23 BRUCE STREET EUDUNDA 5374",
    "locID": "LOC000037586542",
    "tech": "WIRELESS",
    "upgrade": "NULL_NA",
    "gnaf_pid": "GASA_425719486",
    "tech_change_status": "Not Planned",
    "program_type": "Fixed Wireless and Satellite Upgrade Program",
    "target_eligibility_quarter": "NA"
   }
  },
  {
   "type": "Feature",
   "geometry": {
    "type": "Point",
    "coordinates": [
     139.08431792,
     -34.1714592
    ]
   },
   "properties": {
    "name": "SHOP 2, 23 BRUCE STREET EUDUNDA 5374",
    "locID": "LOC000037586542",
    "tech": "WIRELESS",
    "upgrade": "NULL_NA",
    "gnaf_pid": "GASA_425719487",
    "tech_change_status": "Not Planned",
    "program_type": "Fixed Wireless and Satellite Upgrade Program",
    "target_eligibility_quarter": "NA"
   }
  },
  {
   "type": "Feature",
   "geometry": {
    "type": "Point",
    "coordinates": [
     139.08431792,
     -34.1714592
    ]
   },
   "properties": {
    "name": "SHOP 3, 23 BRUCE STREET EUDUNDA 5374",
    "locID": "LOC000037586542",
    "tech": "WIRELESS",
    "upgrade": "NULL_NA",
    "gnaf_pid": "GASA_425719488",
    "tech_change_status": "Not Planned",
    "program_type": "Fixed Wireless and Satellite Upgrade Program",
    "target_eligibility_quarter": "NA"
   }
  },
  {
   "type": "Feature",
   "geometry": {
    "type": "Point",
    "coordinates": [
     139.08515787,
     -34.16756046
    ]
   },
   "properties": {
    "name": "33 HANNAN STREET EUDUNDA 5374",
    "locID": "LOC000172589702",
    "tech": "WIRELESS",
    "upgrade": "NULL_NA",
    "gnaf_pid": "GASA_425726868",
    "tech_change_status": "Not Planned",
    "program_type": "Fixed Wireless and Satellite Upgrade Program",
    "target_eligibility_quarter": "NA"
   }
  },
  {
   "type": "Feature",
   "geometry": {
    "type": "Point",
    "coordinates": [
     139.09137862,
     -34.18298696
    ]
   },
   "properties": {
    "name": "53 RESERVE ROAD EUDUNDA 5374",
    "locID": "LOC000172992250",
    "tech": "WIRELESS",
    "upgrade": "NULL_NA",
    "gnaf_pid": "GASA_425848086",
    "tech_change_status": "Not Planned",
    "program_type": "Fixed Wireless and Satellite Upgrade Program",
    "target_eligibility_quarter": "NA"
   }
  },
  {
   "type": "Feature",
   "geometry": {
    "type": "Point",
    "coordinates": [
     139.101868,
     -34.179347
    ]
   },
   "properties": {
    "name": "67 ROSELLA ROAD EUDUNDA 5374",
    "locID": "LOC100071995767",
    "tech": "WIRELESS",
    "upgrade": "NULL_NA",
    "gnaf_pid": "GASA_719046369",
    "tech_change_status": "Not Planned",
    "program_type": "Fixed Wireless and Satellite Upgrade Program",
    "target_eligibility_quarter": "NA"
   }
  },
  {
   "type": "Feature",
   "geometry": {
    "type": "Point",
    "coordinates": [
     139.08139717,
     -34.16300398
    ]
   },
   "properties": {
    "name": "LOT 2 BRUCE STREET EUDUNDA 5374",
    "locID": "LOC000131542933",
    "tech": "WIRELESS",
    "upgrade": "NULL_NA",
    "gnaf_pid": "GASA_719245232",
    "tech_change_status": "Not Planned",
    "program_type": "Fixed Wireless and Satellite Upgrade Program",
    "target_eligibility_quarter": "NA"
   }
  },
  {
   "type": "Feature",
   "geometry": {
    "type": "Point",
    "coordinates": [
     139.109475,
     -34.196526
    ]
   },
   "properties": {
    "name": "177 NICHOLSON ROAD EUDUNDA 5374",
    "locID": "LOC100037203362",
    "tech": "WIRELESS",
    "upgrade": "NULL_NA",
    "gnaf_pid": "GASA_719248628",
    "tech_change_status": "Not Planned",
    "program_type": "Fixed Wireless and Satellite Upgrade Program",
    "target_eligibility_quarter": "NA"
   }
  },
  {
   "type": "Feature",
   "geometry": {
    "type": "Point",
    "coordinates": [
     139.08376241,
     -34.17060712
    ]
   },
   "properties": {
    "name": "LOT 1 BARWELL STREET EUDUNDA 5374",
    "locID": "LOC000036246525",
    "tech": "WIRELESS",
    "upgrade": "NULL_NA",
    "gnaf_pid": "GASA_719249934",
    "tech_change_status": "Not Planned",
    "program_type": "Fixed Wireless and Satellite Upgrade Program",
    "target_eligibility_quarter": "NA"
   }
  },
  {
   "type": "Feature",
   "geometry": {
    "type": "Point",
    "coordinates": [
     139.08198963,
     -34.16783345
    ]
   },
   "properties": {
    "name": "LOT 201 ALLAN STREET EUDUNDA 5374",
    "locID": "LOC000073962932",
    "tech": "WIRELESS",
    "upgrade": "NULL_NA",
    "gnaf_pid": "GASA_719453327",
    "tech_change_status": "Not Planned",
    "program_type": "Fixed Wireless and Satellite Upgrade Program",
    "target_eligibility_quarter": "NA"
   }
  },
  {
   "type": "Feature",
   "geometry": {
    "type": "Point",
    "coordinates": [
     139.0910712,
     -34.18107181
    ]
   },
   "properties": {
    "name": "2 RESERVE ROAD EUDUNDA 5374",
    "locID": "LOC000131488261",
    "tech": "WIRELESS",
    "upgrade": "NULL_NA",
    "gnaf_pid": "GASA_719652913",
    "tech_change_status": "Not Planned",
    "program_type": "Fixed Wireless and Satellite Upgrade Program",
    "target_eligibility_quarter": "NA"
   }
  },
  {
   "type": "Feature",
   "geometry": {
    "type": "Point",
    "coordinates": [
     139.08091768,
     -34.18351219
    ]
   },
   "properties": {
    "name": "LOT 702 SPRING ROAD EUDUNDA 5374",
    "locID": "LOC000150770027",
    "tech": "WIRELESS",
    "upgrade": "NULL_NA",
    "gnaf_pid": "GASA_719776443",
    "tech_change_status": "Not Planned",
    "program_type": "Fixed Wireless and Satellite Upgrade Program",
    "target_eligibility_quarter": "NA"
   }
  },
  {
   "type": "Feature",
   "geometry": {
    "type": "Point",
    "coordinates": [
     139.08468456,
     -34.17672439
    ]
   },
   "properties": {
    "name": "3 SOUTH TERRACE EUDUNDA 5374",
    "locID": "LOC000186840544",
    "tech": "WIRELESS",
    "upgrade": "NULL_NA",
    "gnaf_pid": "GASA_719859492",
    "tech_change_status": "Not Planned",
    "program_type": "Fixed Wireless and Satellite Upgrade Program",
    "target_eligibility_quarter": "NA"
   }
  },
  {
   "type": "Feature",
   "geometry": {
    "type": "Point",
    "coordinates": [
     139.08794712,
     -34.16916222
    ]
   },
   "properties": {
    "name": "LOT 500 KAPUNDA STREET EUDUNDA 5374",
    "locID": "LOC000103451909",
    "tech": "WIRELESS",
    "upgrade": "NULL_NA",
    "gnaf_pid": "GASA_720072591",
    "tech_change_status": "Not Planned",
    "program_type": "Fixed Wireless and Satellite Upgrade Program",
    "target_eligibility_quarter": "NA"
   }
  },
  {
   "type": "Feature",
   "geometry": {
    "type": "Point",
    "coordinates": [
     139.08213056,
     -34.17636099
    ]
   },
   "properties": {
    "name": "LOT 740 THIELE HIGHWAY EUDUNDA 5374",
    "locID": "LOC000148251382",
    "tech": "WIRELESS",
    "upgrade": "NULL_NA",
    "gnaf_pid": "GASA_720184980",
    "tech_change_status": "Not Planned",
    "program_type": "Fixed Wireless and Satellite Upgrade Program",
    "target_eligibility_quarter": "NA"
   }
  },
  {
   "type": "Feature",
   "geometry": {
    "type": "Point",
    "coordinates": [
     139.11082465,
     -34.25443515
    ]
   },
   "properties": {
    "name": "LOT 3 SMITH ROAD EUDUNDA 5374",
    "locID": "LOC000148249306",
    "tech": "NULL",
    "upgrade": "NULL_NA",
    "gnaf_pid": "GASA_720186282",
    "tech_change_status": "Not Planned"
   }
  },
  {
   "type": "Feature",
   "geometry": {
    "type": "Point",
    "coordinates": [
     139.09738766,
     -34.17421361
    ]
   },
   "properties": {
    "name": "LOT 477 PEEP HILL ROAD EUDUNDA 5374",
    "locID": "LOC100078858919",
    "tech": "WIRELESS",
    "upgrade": "NULL_NA",
    "gnaf_pid": "GASA_720186649",
    "tech_change_status": "Not Planned",
    "program_type": "Fixed Wireless and Satellite Upgrade Program",
    "target_eligibility_quarter": "NA"
   }
  },
  {
   "type": "Feature",
   "geometry": {
    "type": "Point",
    "coordinates": [
     139.13556444,
     -34.16480514
    ]
   },
   "properties": {
    "name": "LOT 92 PEEP HILL ROAD EUDUNDA 5374",
    "locID": "LOC100078858919",
    "tech": "WIRELESS",
    "upgrade": "NULL_NA",
    "gnaf_pid": "GASA_720186752",
    "tech_change_status": "Not Planned",
    "program_type": "Fixed Wireless and Satellite Upgrade Program",
    "target_eligibility_quarter": "NA"
   }
  },
  {
   "type": "Feature",
   "geometry": {
    "type": "Point",
    "coordinates": [
     139.12611431,
     -34.1645001
    ]
   },
   "properties": {
    "name": "LOT 91 PEEP HILL ROAD EUDUNDA 5374",
    "locID": "LOC100078858919",
    "tech": "WIRELESS",
    "upgrade": "NULL_NA",
    "gnaf_pid": "GASA_720189737",
    "tech_change_status": "Not Planned",
    "program_type": "Fixed Wireless and Satellite Upgrade Program",
    "target_eligibility_quarter": "NA"
   }
  },
  {
   "type": "Feature",
   "geometry": {
    "type": "Point",
    "coordinates": [
     139.09323531,
     -34.22406168
    ]
   },
   "properties": {
    "name": "LOT 581 TABLELAND ROAD EUDUNDA 5374",
    "locID": "LOC000105209121",
    "tech": "SATELLITE",
    "upgrade": "NULL_NA",
    "gnaf_pid": "GASA_720189805",
    "tech_change_status": "Not Planned"
   }
  },
  {
   "type": "Feature",
   "geometry": {
    "type": "Point",
    "coordinates": [
     139.12898774,
     -34.16463639
    ]
   },
   "properties": {
    "name": "LOT 199 PEEP HILL ROAD EUDUNDA 5374",
    "locID": "LOC100078858919",
    "tech": "WIRELESS",
    "upgrade": "NULL_NA",
    "gnaf_pid": "GASA_720190824",
    "tech_change_status": "Not Planned",
    "program_type": "Fixed Wireless and Satellite Upgrade Program",
    "target_eligibility_quarter": "NA"
   }
  },
  {
   "type": "Feature",
   "geometry": {
    "type": "Point",
    "coordinates": [
     139.05385168,
     -34.17129442
    ]
   },
   "properties": {
    "name": "LOT 49 CURIO HIGHWAY EUDUNDA 5374",
    "locID": "LOC000150778703",
    "tech": "NULL",
    "upgrade": "NULL_NA",
    "gnaf_pid": "GASA_720190942",
    "tech_change_status": "Not Planned"
   }
  },
  {
   "type": "Feature",
   "geometry": {
    "type": "Point",
    "coordinates": [
     139.06541828,
     -34.14872869
    ]
   },
   "properties": {
    "name": "LOT 111 QUAIL ROAD EUDUNDA 5374",
    "locID": "LOC000178390112",
    "tech": "SATELLITE",
    "upgrade": "WIRELESS",
    "gnaf_pid": "GASA_720191200",
    "tech_change_status": "Eligible to Order",
    "program_type": "Fixed Wireless and Satellite Upgrade Program",
    "target_eligibility_quarter": "NA"
   }
  },
  {
   "type": "Feature",
   "geometry": {
    "type": "Point",
    "coordinates": [
     139.08091386,
     -34.1644124
    ]
   },
   "properties": {
    "name": "LOT 400 BRUCE STREET EUDUNDA 5374",
    "locID": "LOC000094208374",
    "tech": "WIRELESS",
    "upgrade": "NULL_NA",
    "gnaf_pid": "GASA_720236544",
    "tech_change_status": "Not Planned",
    "program_type": "Fixed Wireless and Satellite Upgrade Program",
    "target_eligibility_quarter": "NA"
   }
  },
  {
   "type": "Feature",
   "geometry": {
    "type": "Point",
    "coordinates": [
     139.08809967,
     -34.16109216
    ]
   },
   "properties": {
    "name": "91 INDUSTRY ROAD EUDUNDA 5374",
    "locID": "LOC000177033352",
    "tech": "WIRELESS",
    "upgrade": "NULL_NA",
    "gnaf_pid": "GASA_720236545",
    "tech_change_status": "Not Planned",
    "program_type": "Fixed Wireless and Satellite Upgrade Program",
    "target_eligibility_quarter": "NA"
   }
  },
  {
   "type": "Feature",
   "geometry": {
    "type": "Point",
    "coordinates": [
     139.08537854,
     -34.16388172
    ]
   },
   "properties": {
    "name": "LOT 824 BRUCE STREET EUDUNDA 5374",
    "locID": "LOC000094208374",
    "tech": "WIRELESS",
    "upgrade": "NULL_NA",
    "gnaf_pid": "GASA_720237326",
    "tech_change_status": "Not Planned",
    "program_type": "Fixed Wireless and Satellite Upgrade Program",
    "target_eligibility_quarter": "NA"
   }
  },
  {
   "type": "Feature",
   "geometry": {
    "type": "Point",
    "coordinates": [
     139.09305675,
     -34.17820296
    ]
   },
   "properties": {
    "name": "LOT 12 SOUTH TERRACE EUDUNDA 5374",
    "locID": "LOC100087445480",
    "tech": "WIRELESS",
    "upgrade": "NULL_NA",
    "gnaf_pid": "GASA_720414874",
    "tech_change_status": "Not Planned",
    "program_type": "Fixed Wireless and Satellite Upgrade Program",
    "target_eligibility_quarter": "NA"
   }
  },
  {
   "type": "Feature",
   "geometry": {
    "type": "Point",
    "coordinates": [
     139.09568739,
     -34.17654023
    ]
   },
   "properties": {
    "name": "LOT 13 SOUTH TERRACE EUDUNDA 5374",
    "locID": "LOC000075066143",
    "tech": "WIRELESS",
    "upgrade": "NULL_NA",
    "gnaf_pid": "GASA_720417239",
    "tech_change_status": "Not Planned",
    "program_type": "Fixed Wireless and Satellite Upgrade Program",
    "target_eligibility_quarter": "NA"
   }
  },
  {
   "type": "Feature",
   "geometry": {
    "type": "Point",
    "coordinates": [
     139.10222576,
     -34.12353241
    ]
   },
   "properties": {
    "name": "LOT 2 SCHUTZ ROAD EUDUNDA 5374",
    "locID": "LOC100078858791",
    "tech": "WIRELESS",
    "upgrade": "NULL_NA",
    "gnaf_pid": "GASA_720493293",
    "tech_change_status": "Not Planned",
    "program_type": "Fixed Wireless and Satellite Upgrade Program",
    "target_eligibility_quarter": "NA"
   }
  },
  {
   "type": "Feature",
   "geometry": {
    "type": "Point",
    "coordinates": [
     139.08353454,
     -34.16935377
    ]
   },
   "properties": {
    "name": "LOT 852 BARWELL STREET EUDUNDA 5374",
    "locID": "LOC000050647574",
    "tech": "WIRELESS",
    "upgrade": "NULL_NA",
    "gnaf_pid": "GASA_720719784",
    "tech_change_status": "Not Planned",
    "program_type": "Fixed Wireless and Satellite Upgrade Program",
    "target_eligibility_quarter": "NA"
   }
  },
  {
   "type": "Feature",
   "geometry": {
    "type": "Point",
    "coordinates": [
     139.0995261,
     -34.17842493
    ]
   },
   "properties": {
    "name": "LOT 200 HERON ROAD EUDUNDA 5374",
    "locID": "LOC000178281806",
    "tech": "WIRELESS",
    "upgrade": "NULL_NA",
    "gnaf_pid": "GASA_720720046",
    "tech_change_status": "Not Planned",
    "program_type": "Fixed Wireless and Satellite Upgrade Program",
    "target_eligibility_quarter": "NA"
   }
  },
  {
   "type": "Feature",
   "geometry": {
    "type": "Point",
    "coordinates": [
     139.08481434,
     -34.1706521
    ]
   },
   "properties": {
    "name": "30B BRUCE STREET EUDUNDA 5374",
    "locID": "LOC000183462953",
    "tech": "WIRELESS",
    "upgrade": "NULL_NA",
    "gnaf_pid": "GASA_721008421",
    "tech_change_status": "Not Planned",
    "program_type": "Fixed Wireless and Satellite Upgrade Program",
    "target_eligibility_quarter": "NA"
   }
  },
  {
   "type": "Feature",
   "geometry": {
    "type": "Point",
    "coordinates": [
     139.08519351,
     -34.16270049
    ]
   },
   "properties": {
    "name": "LOT 825 BRUCE STREET EUDUNDA 5374",
    "locID": "LOC000094208374",
    "tech": "WIRELESS",
    "upgrade": "NULL_NA",
    "gnaf_pid": "GASA_721251563",
    "tech_change_status": "Not Planned",
    "program_type": "Fixed Wireless and Satellite Upgrade Program",
    "target_eligibility_quarter": "NA"
   }
  },
  {
   "type": "Feature",
   "geometry": {
    "type": "Point",
    "coordinates": [
     139.08688663,
     -34.17568678
    ]
   },
   "properties": {
    "name": "LOT 5 WEBB STREET EUDUNDA 5374",
    "locID": "LOC000021766722",
    "tech": "WIRELESS",
    "upgrade": "NULL_NA",
    "gnaf_pid": "GASA_721274608",
    "tech_change_status": "Not Planned",
    "program_type": "Fixed Wireless and Satellite Upgrade Program",
    "target_eligibility_quarter": "NA"
   }
  },
  {
   "type": "Feature",
   "geometry": {
    "type": "Point",
    "coordinates": [
     139.08578755,
     -34.17518995
    ]
   },
   "properties": {
    "name": "LOT 1 RAILWAY PARADE EUDUNDA 5374",
    "locID": "LOC000044885518",
    "tech": "WIRELESS",
    "upgrade": "NULL_NA",
    "gnaf_pid": "GASA_721274637",
    "tech_change_status": "Not Planned",
    "program_type": "Fixed Wireless and Satellite Upgrade Program",
    "target_eligibility_quarter": "NA"
   }
  },
  {
   "type": "Feature",
   "geometry": {
    "type": "Point",
    "coordinates": [
     139.08511977,
     -34.17513582
    ]
   },
   "properties": {
    "name": "LOT 2 RAILWAY PARADE EUDUNDA 5374",
    "locID": "LOC100075769063",
    "tech": "WIRELESS",
    "upgrade": "NULL_NA",
    "gnaf_pid": "GASA_721277270",
    "tech_change_status": "Not Planned",
    "program_type": "Fixed Wireless and Satellite Upgrade Program",
    "target_eligibility_quarter": "NA"
   }
  },
  {
   "type": "Feature",
   "geometry": {
    "type": "Point",
    "coordinates": [
     139.08330352,
     -34.16982592
    ]
   },
   "properties": {
    "name": "37 BARWELL STREET EUDUNDA 5374",
    "locID": "LOC100087445498",
    "tech": "WIRELESS",
    "upgrade": "NULL_NA",
    "gnaf_pid": "GASA_721555214",
    "tech_change_status": "Not Planned",
    "program_type": "Fixed Wireless and Satellite Upgrade Program",
    "target_eligibility_quarter": "NA"
   }
  }
 ]
}