{
 "type": "FeatureCollection",
 "generated": "2024-11-14T06:03:03.183839",
 "suburb": "SWAN REACH",
 "features": [
  {
   "type": "Feature",
   "geometry": {
    "type": "Point",
    "coordinates": [
     139.59679084,
     -34.56619963
    ]
   },
   "properties": {
    "name": "17-19 VICTORIA STREET SWAN REACH 5354",
    "locID": "LOC100078647403",
    "tech": "WIRELESS",
    "upgrade": "NULL_NA",
    "gnaf_pid": "GASA_414958093",
    "tech_change_status": "Not Planned",
    "program_type": "Fixed Wireless and Satellite Upgrade Program",
    "target_eligibility_quarter": "Dec 2024"
   }
  },
  {
   "type": "Feature",
   "geometry": {
    "type": "Point",
    "coordinates": [
     139.59640275,
     -34.5665604
    ]
   },
   "properties": {
    "name": "25 VICTORIA STREET SWAN REACH 5354",
    "locID": "LOC000131192301",
    "tech": "WIRELESS",
    "upgrade": "NULL_NA",
    "gnaf_pid": "GASA_414958096",
    "tech_change_status": "Not Planned",
    "program_type": "Fixed Wireless and Satellite Upgrade Program",
    "target_eligibility_quarter": "Dec 2024"
   }
  },
  {
   "type": "Feature",
   "geometry": {
    "type": "Point",
    "coordinates": [
     139.59629317,
     -34.56666683
    ]
   },
   "properties": {
    "name": "27 VICTORIA STREET SWAN REACH 5354",
    "locID": "LOC000131130314",
    "tech": "WIRELESS",
    "upgrade": "NULL_NA",
    "gnaf_pid": "GASA_414958097",
    "tech_change_status": "Not Planned",
    "program_type": "Fixed Wireless and Satellite Upgrade Program",
    "target_eligibility_quarter": "Dec 2024"
   }
  },
  {
   "type": "Feature",
   "geometry": {
    "type": "Point",
    "coordinates": [
     139.59866123,
     -34.57168223
    ]
   },
   "properties": {
    "name": "19 NILDOTTIE ROAD SWAN REACH 5354",
    "locID": "LOC000017853164",
    "tech": "WIRELESS",
    "upgrade": "NULL_NA",
    "gnaf_pid": "GASA_414963085",
    "tech_change_status": "Not Planned",
    "program_type": "Fixed Wireless and Satellite Upgrade Program",
    "target_eligibility_quarter": "Dec 2024"
   }
  },
  {
   "type": "Feature",
   "geometry": {
    "type": "Point",
    "coordinates": [
     139.5961113,
     -34.56769516
    ]
   },
   "properties": {
    "name": "35-39 VICTORIA STREET SWAN REACH 5354",
    "locID": "LOC100078860304",
    "tech": "WIRELESS",
    "upgrade": "NULL_NA",
    "gnaf_pid": "GASA_414969676",
    "tech_change_status": "Not Planned",
    "program_type": "Fixed Wireless and Satellite Upgrade Program",
    "target_eligibility_quarter": "Dec 2024"
   }
  },
  {
   "type": "Feature",
   "geometry": {
    "type": "Point",
    "coordinates": [
     139.59770326,
     -34.566725
    ]
   },
   "properties": {
    "name": "12 VICTORIA STREET SWAN REACH 5354",
    "locID": "LOC000012578368",
    "tech": "WIRELESS",
    "upgrade": "NULL_NA",
    "gnaf_pid": "GASA_414971574",
    "tech_change_status": "Not Planned",
    "program_type": "Fixed Wireless and Satellite Upgrade Program",
    "target_eligibility_quarter": "Dec 2024"
   }
  },
  {
   "type": "Feature",
   "geometry": {
    "type": "Point",
    "coordinates": [
     139.59713846,
     -34.5672742
    ]
   },
   "properties": {
    "name": "22 VICTORIA STREET SWAN REACH 5354",
    "locID": "LOC000076656427",
    "tech": "WIRELESS",
    "upgrade": "NULL_NA",
    "gnaf_pid": "GASA_414971576",
    "tech_change_status": "Not Planned",
    "program_type": "Fixed Wireless and Satellite Upgrade Program",
    "target_eligibility_quarter": "Dec 2024"
   }
  },
  {
   "type": "Feature",
   "geometry": {
    "type": "Point",
    "coordinates": [
     139.59753055,
     -34.56555833
    ]
   },
   "properties": {
    "name": "5 VICTORIA STREET SWAN REACH 5354",
    "locID": "LOC100078860304",
    "tech": "WIRELESS",
    "upgrade": "NULL_NA",
    "gnaf_pid": "GASA_414971578",
    "tech_change_status": "Not Planned",
    "program_type": "Fixed Wireless and Satellite Upgrade Program",
    "target_eligibility_quarter": "Dec 2024"
   }
  },
  {
   "type": "Feature",
   "geometry": {
    "type": "Point",
    "coordinates": [
     139.59796763,
     -34.5691437
    ]
   },
   "properties": {
    "name": "12 NILDOTTIE ROAD SWAN REACH 5354",
    "locID": "LOC000107015807",
    "tech": "WIRELESS",
    "upgrade": "NULL_NA",
    "gnaf_pid": "GASA_414971579",
    "tech_change_status": "Not Planned",
    "program_type": "Fixed Wireless and Satellite Upgrade Program",
    "target_eligibility_quarter": "Dec 2024"
   }
  },
  {
   "type": "Feature",
   "geometry": {
    "type": "Point",
    "coordinates": [
     139.59729214,
     -34.56576163
    ]
   },
   "properties": {
    "name": "9 VICTORIA STREET SWAN REACH 5354",
    "locID": "LOC000178482667",
    "tech": "WIRELESS",
    "upgrade": "NULL_NA",
    "gnaf_pid": "GASA_414971581",
    "tech_change_status": "Not Planned",
    "program_type": "Fixed Wireless and Satellite Upgrade Program",
    "target_eligibility_quarter": "Dec 2024"
   }
  },
  {
   "type": "Feature",
   "geometry": {
    "type": "Point",
    "coordinates": [
     139.5970559,
     -34.56593421
    ]
   },
   "properties": {
    "name": "13 VICTORIA STREET SWAN REACH 5354",
    "locID": "LOC000056780973",
    "tech": "WIRELESS",
    "upgrade": "NULL_NA",
    "gnaf_pid": "GASA_414971583",
    "tech_change_status": "Not Planned",
    "program_type": "Fixed Wireless and Satellite Upgrade Program",
    "target_eligibility_quarter": "Dec 2024"
   }
  },
  {
   "type": "Feature",
   "geometry": {
    "type": "Point",
    "coordinates": [
     139.59696093,
     -34.56603947
    ]
   },
   "properties": {
    "name": "15 VICTORIA STREET SWAN REACH 5354",
    "locID": "LOC000047182422",
    "tech": "WIRELESS",
    "upgrade": "NULL_NA",
    "gnaf_pid": "GASA_414971584",
    "tech_change_status": "Not Planned",
    "program_type": "Fixed Wireless and Satellite Upgrade Program",
    "target_eligibility_quarter": "Dec 2024"
   }
  },
  {
   "type": "Feature",
   "geometry": {
    "type": "Point",
    "coordinates": [
     139.60003776,
     -34.566194
    ]
   },
   "properties": {
    "name": "32 ANZAC AVENUE SWAN REACH 5354",
    "locID": "LOC000010325236",
    "tech": "WIRELESS",
    "upgrade": "NULL_NA",
    "gnaf_pid": "GASA_414980876",
    "tech_change_status": "Not Planned",
    "program_type": "Fixed Wireless and Satellite Upgrade Program",
    "target_eligibility_quarter": "Dec 2024"
   }
  },
  {
   "type": "Feature",
   "geometry": {
    "type": "Point",
    "coordinates": [
     139.59973626,
     -34.5664516
    ]
   },
   "properties": {
    "name": "36 ANZAC AVENUE SWAN REACH 5354",
    "locID": "LOC000071034029",
    "tech": "WIRELESS",
    "upgrade": "NULL_NA",
    "gnaf_pid": "GASA_414980878",
    "tech_change_status": "Not Planned",
    "program_type": "Fixed Wireless and Satellite Upgrade Program",
    "target_eligibility_quarter": "Dec 2024"
   }
  },
  {
   "type": "Feature",
   "geometry": {
    "type": "Point",
    "coordinates": [
     139.59912376,
     -34.5669793
    ]
   },
   "properties": {
    "name": "44 ANZAC AVENUE SWAN REACH 5354",
    "locID": "LOC000092096446",
    "tech": "WIRELESS",
    "upgrade": "NULL_NA",
    "gnaf_pid": "GASA_414980881",
    "tech_change_status": "Not Planned",
    "program_type": "Fixed Wireless and Satellite Upgrade Program",
    "target_eligibility_quarter": "Dec 2024"
   }
  },
  {
   "type": "Feature",
   "geometry": {
    "type": "Point",
    "coordinates": [
     139.59852863,
     -34.56744474
    ]
   },
   "properties": {
    "name": "52 ANZAC AVENUE SWAN REACH 5354",
    "locID": "LOC000045105888",
    "tech": "WIRELESS",
    "upgrade": "NULL_NA",
    "gnaf_pid": "GASA_414980885",
    "tech_change_status": "Not Planned",
    "program_type": "Fixed Wireless and Satellite Upgrade Program",
    "target_eligibility_quarter": "Dec 2024"
   }
  },
  {
   "type": "Feature",
   "geometry": {
    "type": "Point",
    "coordinates": [
     139.59851098,
     -34.56779375
    ]
   },
   "properties": {
    "name": "56 ANZAC AVENUE SWAN REACH 5354",
    "locID": "LOC000020916318",
    "tech": "WIRELESS",
    "upgrade": "NULL_NA",
    "gnaf_pid": "GASA_414980887",
    "tech_change_status": "Not Planned",
    "program_type": "Fixed Wireless and Satellite Upgrade Program",
    "target_eligibility_quarter": "Dec 2024"
   }
  },
  {
   "type": "Feature",
   "geometry": {
    "type": "Point",
    "coordinates": [
     139.59872032,
     -34.56826711
    ]
   },
   "properties": {
    "name": "4 PHILLIP AVENUE SWAN REACH 5354",
    "locID": "LOC000043162065",
    "tech": "WIRELESS",
    "upgrade": "NULL_NA",
    "gnaf_pid": "GASA_414980888",
    "tech_change_status": "Not Planned",
    "program_type": "Fixed Wireless and Satellite Upgrade Program",
    "target_eligibility_quarter": "Dec 2024"
   }
  },
  {
   "type": "Feature",
   "geometry": {
    "type": "Point",
    "coordinates": [
     139.60033738,
     -34.5659351
    ]
   },
   "properties": {
    "name": "28 ANZAC AVENUE SWAN REACH 5354",
    "locID": "LOC000104666159",
    "tech": "WIRELESS",
    "upgrade": "NULL_NA",
    "gnaf_pid": "GASA_414980894",
    "tech_change_status": "Not Planned",
    "program_type": "Fixed Wireless and Satellite Upgrade Program",
    "target_eligibility_quarter": "Dec 2024"
   }
  },
  {
   "type": "Feature",
   "geometry": {
    "type": "Point",
    "coordinates": [
     139.60018438,
     -34.5660642
    ]
   },
   "properties": {
    "name": "30 ANZAC AVENUE SWAN REACH 5354",
    "locID": "LOC000103243139",
    "tech": "WIRELESS",
    "upgrade": "NULL_NA",
    "gnaf_pid": "GASA_414980895",
    "tech_change_status": "Not Planned",
    "program_type": "Fixed Wireless and Satellite Upgrade Program",
    "target_eligibility_quarter": "Dec 2024"
   }
  },
  {
   "type": "Feature",
   "geometry": {
    "type": "Point",
    "coordinates": [
     139.60180938,
     -34.5722925
    ]
   },
   "properties": {
    "name": "4 SHOWGROUND ROAD SWAN REACH 5354",
    "locID": "LOC000106564990",
    "tech": "WIRELESS",
    "upgrade": "NULL_NA",
    "gnaf_pid": "GASA_414981543",
    "tech_change_status": "Not Planned",
    "program_type": "Fixed Wireless and Satellite Upgrade Program",
    "target_eligibility_quarter": "Dec 2024"
   }
  },
  {
   "type": "Feature",
   "geometry": {
    "type": "Point",
    "coordinates": [
     139.60225876,
     -34.5720368
    ]
   },
   "properties": {
    "name": "6 SHOWGROUND ROAD SWAN REACH 5354",
    "locID": "LOC000131139070",
    "tech": "WIRELESS",
    "upgrade": "NULL_NA",
    "gnaf_pid": "GASA_414987312",
    "tech_change_status": "Not Planned",
    "program_type": "Fixed Wireless and Satellite Upgrade Program",
    "target_eligibility_quarter": "Dec 2024"
   }
  },
  {
   "type": "Feature",
   "geometry": {
    "type": "Point",
    "coordinates": [
     139.60139913,
     -34.5650213
    ]
   },
   "properties": {
    "name": "14 ANZAC AVENUE SWAN REACH 5354",
    "locID": "LOC000077509396",
    "tech": "WIRELESS",
    "upgrade": "NULL_NA",
    "gnaf_pid": "GASA_414987804",
    "tech_change_status": "Not Planned",
    "program_type": "Fixed Wireless and Satellite Upgrade Program",
    "target_eligibility_quarter": "Dec 2024"
   }
  },
  {
   "type": "Feature",
   "geometry": {
    "type": "Point",
    "coordinates": [
     139.60153651,
     -34.571565
    ]
   },
   "properties": {
    "name": "34 PHILLIP AVENUE SWAN REACH 5354",
    "locID": "LOC000131130517",
    "tech": "WIRELESS",
    "upgrade": "NULL_NA",
    "gnaf_pid": "GASA_415006275",
    "tech_change_status": "Not Planned",
    "program_type": "Fixed Wireless and Satellite Upgrade Program",
    "target_eligibility_quarter": "Dec 2024"
   }
  },
  {
   "type": "Feature",
   "geometry": {
    "type": "Point",
    "coordinates": [
     139.60078613,
     -34.5706718
    ]
   },
   "properties": {
    "name": "26 PHILLIP AVENUE SWAN REACH 5354",
    "locID": "LOC000060416560",
    "tech": "WIRELESS",
    "upgrade": "NULL_NA",
    "gnaf_pid": "GASA_415006276",
    "tech_change_status": "Not Planned",
    "program_type": "Fixed Wireless and Satellite Upgrade Program",
    "target_eligibility_quarter": "Dec 2024"
   }
  },
  {
   "type": "Feature",
   "geometry": {
    "type": "Point",
    "coordinates": [
     139.60053238,
     -34.5703731
    ]
   },
   "properties": {
    "name": "24 PHILLIP AVENUE SWAN REACH 5354",
    "locID": "LOC000131192258",
    "tech": "WIRELESS",
    "upgrade": "NULL_NA",
    "gnaf_pid": "GASA_415006277",
    "tech_change_status": "Not Planned",
    "program_type": "Fixed Wireless and Satellite Upgrade Program",
    "target_eligibility_quarter": "Dec 2024"
   }
  },
  {
   "type": "Feature",
   "geometry": {
    "type": "Point",
    "coordinates": [
     139.5972249,
     -34.56806832
    ]
   },
   "properties": {
    "name": "47-49 ANZAC AVENUE SWAN REACH 5354",
    "locID": "LOC000176125534",
    "tech": "WIRELESS",
    "upgrade": "NULL_NA",
    "gnaf_pid": "GASA_415028250",
    "tech_change_status": "Not Planned",
    "program_type": "Fixed Wireless and Satellite Upgrade Program",
    "target_eligibility_quarter": "Dec 2024"
   }
  },
  {
   "type": "Feature",
   "geometry": {
    "type": "Point",
    "coordinates": [
     139.60084968,
     -34.56422292
    ]
   },
   "properties": {
    "name": "5-7 ANZAC AVENUE SWAN REACH 5354",
    "locID": "LOC000146732247",
    "tech": "WIRELESS",
    "upgrade": "NULL_NA",
    "gnaf_pid": "GASA_415033426",
    "tech_change_status": "Not Planned",
    "program_type": "Fixed Wireless and Satellite Upgrade Program",
    "target_eligibility_quarter": "Dec 2024"
   }
  },
  {
   "type": "Feature",
   "geometry": {
    "type": "Point",
    "coordinates": [
     139.60046726,
     -34.5717333
    ]
   },
   "properties": {
    "name": "23 PHILLIP AVENUE SWAN REACH 5354",
    "locID": "LOC000061889625",
    "tech": "WIRELESS",
    "upgrade": "NULL_NA",
    "gnaf_pid": "GASA_415061239",
    "tech_change_status": "Not Planned",
    "program_type": "Fixed Wireless and Satellite Upgrade Program",
    "target_eligibility_quarter": "Dec 2024"
   }
  },
  {
   "type": "Feature",
   "geometry": {
    "type": "Point",
    "coordinates": [
     139.60081315,
     -34.57109764
    ]
   },
   "properties": {
    "name": "30 PHILLIP AVENUE SWAN REACH 5354",
    "locID": "LOC000020066602",
    "tech": "WIRELESS",
    "upgrade": "NULL_NA",
    "gnaf_pid": "GASA_415065170",
    "tech_change_status": "Not Planned",
    "program_type": "Fixed Wireless and Satellite Upgrade Program",
    "target_eligibility_quarter": "Dec 2024"
   }
  },
  {
   "type": "Feature",
   "geometry": {
    "type": "Point",
    "coordinates": [
     139.60032788,
     -34.5656803
    ]
   },
   "properties": {
    "name": "26 ANZAC AVENUE SWAN REACH 5354",
    "locID": "LOC000091189495",
    "tech": "WIRELESS",
    "upgrade": "NULL_NA",
    "gnaf_pid": "GASA_415080343",
    "tech_change_status": "Not Planned",
    "program_type": "Fixed Wireless and Satellite Upgrade Program",
    "target_eligibility_quarter": "Dec 2024"
   }
  },
  {
   "type": "Feature",
   "geometry": {
    "type": "Point",
    "coordinates": [
     139.60087714,
     -34.56593245
    ]
   },
   "properties": {
    "name": "24 ANZAC AVENUE SWAN REACH 5354",
    "locID": "LOC000131192236",
    "tech": "WIRELESS",
    "upgrade": "NULL_NA",
    "gnaf_pid": "GASA_415080344",
    "tech_change_status": "Not Planned",
    "program_type": "Fixed Wireless and Satellite Upgrade Program",
    "target_eligibility_quarter": "Dec 2024"
   }
  },
  {
   "type": "Feature",
   "geometry": {
    "type": "Point",
    "coordinates": [
     139.60027013,
     -34.5734147
    ]
   },
   "properties": {
    "name": "35 NILDOTTIE ROAD SWAN REACH 5354",
    "locID": "LOC000084244529",
    "tech": "WIRELESS",
    "upgrade": "NULL_NA",
    "gnaf_pid": "GASA_415198997",
    "tech_change_status": "Not Planned",
    "program_type": "Fixed Wireless and Satellite Upgrade Program",
    "target_eligibility_quarter": "Dec 2024"
   }
  },
  {
   "type": "Feature",
   "geometry": {
    "type": "Point",
    "coordinates": [
     139.60052763,
     -34.5737028
    ]
   },
   "properties": {
    "name": "37 NILDOTTIE ROAD SWAN REACH 5354",
    "locID": "LOC000020864769",
    "tech": "WIRELESS",
    "upgrade": "NULL_NA",
    "gnaf_pid": "GASA_415198998",
    "tech_change_status": "Not Planned",
    "program_type": "Fixed Wireless and Satellite Upgrade Program",
    "target_eligibility_quarter": "Dec 2024"
   }
  },
  {
   "type": "Feature",
   "geometry": {
    "type": "Point",
    "coordinates": [
     139.60068838,
     -34.5739032
    ]
   },
   "properties": {
    "name": "39 NILDOTTIE ROAD SWAN REACH 5354",
    "locID": "LOC000065846928",
    "tech": "WIRELESS",
    "upgrade": "NULL_NA",
    "gnaf_pid": "GASA_415198999",
    "tech_change_status": "Not Planned",
    "program_type": "Fixed Wireless and Satellite Upgrade Program",
    "target_eligibility_quarter": "Dec 2024"
   }
  },
  {
   "type": "Feature",
   "geometry": {
    "type": "Point",
    "coordinates": [
     139.59989026,
     -34.5729453
    ]
   },
   "properties": {
    "name": "29 NILDOTTIE ROAD SWAN REACH 5354",
    "locID": "LOC000131130346",
    "tech": "WIRELESS",
    "upgrade": "NULL_NA",
    "gnaf_pid": "GASA_415200884",
    "tech_change_status": "Not Planned",
    "program_type": "Fixed Wireless and Satellite Upgrade Program",
    "target_eligibility_quarter": "Dec 2024"
   }
  },
  {
   "type": "Feature",
   "geometry": {
    "type": "Point",
    "coordinates": [
     139.60045274,
     -34.56944367
    ]
   },
   "properties": {
    "name": "2-6 HORSTMANN CRESCENT SWAN REACH 5354",
    "locID": "LOC000143416079",
    "tech": "WIRELESS",
    "upgrade": "NULL_NA",
    "gnaf_pid": "GASA_415270384",
    "tech_change_status": "Not Planned",
    "program_type": "Fixed Wireless and Satellite Upgrade Program",
    "target_eligibility_quarter": "Dec 2024"
   }
  },
  {
   "type": "Feature",
   "geometry": {
    "type": "Point",
    "coordinates": [
     139.60471518,
     -34.56925269
    ]
   },
   "properties": {
    "name": "29 HORSTMANN CRESCENT SWAN REACH 5354",
    "locID": "LOC000006738480",
    "tech": "WIRELESS",
    "upgrade": "NULL_NA",
    "gnaf_pid": "GASA_415270385",
    "tech_change_status": "Not Planned",
    "program_type": "Fixed Wireless and Satellite Upgrade Program",
    "target_eligibility_quarter": "Dec 2024"
   }
  },
  {
   "type": "Feature",
   "geometry": {
    "type": "Point",
    "coordinates": [
     139.60378088,
     -34.5694233
    ]
   },
   "properties": {
    "name": "23 HORSTMANN CRESCENT SWAN REACH 5354",
    "locID": "LOC000131192197",
    "tech": "WIRELESS",
    "upgrade": "NULL_NA",
    "gnaf_pid": "GASA_415270388",
    "tech_change_status": "Not Planned",
    "program_type": "Fixed Wireless and Satellite Upgrade Program",
    "target_eligibility_quarter": "Dec 2024"
   }
  },
  {
   "type": "Feature",
   "geometry": {
    "type": "Point",
    "coordinates": [
     139.60391815,
     -34.56962553
    ]
   },
   "properties": {
    "name": "2 MARBLE STREET SWAN REACH 5354",
    "locID": "LOC000007526477",
    "tech": "WIRELESS",
    "upgrade": "NULL_NA",
    "gnaf_pid": "GASA_415270389",
    "tech_change_status": "Not Planned",
    "program_type": "Fixed Wireless and Satellite Upgrade Program",
    "target_eligibility_quarter": "Dec 2024"
   }
  },
  {
   "type": "Feature",
   "geometry": {
    "type": "Point",
    "coordinates": [
     139.60322516,
     -34.56949626
    ]
   },
   "properties": {
    "name": "19-21 HORSTMANN CRESCENT SWAN REACH 5354",
    "locID": "LOC000026777285",
    "tech": "WIRELESS",
    "upgrade": "NULL_NA",
    "gnaf_pid": "GASA_415270390",
    "tech_change_status": "Not Planned",
    "program_type": "Fixed Wireless and Satellite Upgrade Program",
    "target_eligibility_quarter": "Dec 2024"
   }
  },
  {
   "type": "Feature",
   "geometry": {
    "type": "Point",
    "coordinates": [
     139.60103551,
     -34.5697132
    ]
   },
   "properties": {
    "name": "2 HART STREET SWAN REACH 5354",
    "locID": "LOC000102385595",
    "tech": "WIRELESS",
    "upgrade": "NULL_NA",
    "gnaf_pid": "GASA_415270411",
    "tech_change_status": "Not Planned",
    "program_type": "Fixed Wireless and Satellite Upgrade Program",
    "target_eligibility_quarter": "Dec 2024"
   }
  },
  {
   "type": "Feature",
   "geometry": {
    "type": "Point",
    "coordinates": [
     139.60050541,
     -34.56994599
    ]
   },
   "properties": {
    "name": "3 HORSTMANN CRESCENT SWAN REACH 5354",
    "locID": "LOC000049665194",
    "tech": "WIRELESS",
    "upgrade": "NULL_NA",
    "gnaf_pid": "GASA_415270412",
    "tech_change_status": "Not Planned",
    "program_type": "Fixed Wireless and Satellite Upgrade Program",
    "target_eligibility_quarter": "Dec 2024"
   }
  },
  {
   "type": "Feature",
   "geometry": {
    "type": "Point",
    "coordinates": [
     139.60011563,
     -34.5702727
    ]
   },
   "properties": {
    "name": "22 PHILLIP AVENUE SWAN REACH 5354",
    "locID": "LOC000095171806",
    "tech": "WIRELESS",
    "upgrade": "NULL_NA",
    "gnaf_pid": "GASA_415270416",
    "tech_change_status": "Not Planned",
    "program_type": "Fixed Wireless and Satellite Upgrade Program",
    "target_eligibility_quarter": "Dec 2024"
   }
  },
  {
   "type": "Feature",
   "geometry": {
    "type": "Point",
    "coordinates": [
     139.60216213,
     -34.569172
    ]
   },
   "properties": {
    "name": "16 HORSTMANN CRESCENT SWAN REACH 5354",
    "locID": "LOC000074556080",
    "tech": "WIRELESS",
    "upgrade": "NULL_NA",
    "gnaf_pid": "GASA_415271100",
    "tech_change_status": "Not Planned",
    "program_type": "Fixed Wireless and Satellite Upgrade Program",
    "target_eligibility_quarter": "Dec 2024"
   }
  },
  {
   "type": "Feature",
   "geometry": {
    "type": "Point",
    "coordinates": [
     139.60116813,
     -34.5698793
    ]
   },
   "properties": {
    "name": "4 HART STREET SWAN REACH 5354",
    "locID": "LOC000081811542",
    "tech": "WIRELESS",
    "upgrade": "NULL_NA",
    "gnaf_pid": "GASA_415273128",
    "tech_change_status": "Not Planned",
    "program_type": "Fixed Wireless and Satellite Upgrade Program",
    "target_eligibility_quarter": "Dec 2024"
   }
  },
  {
   "type": "Feature",
   "geometry": {
    "type": "Point",
    "coordinates": [
     139.60379976,
     -34.568996
    ]
   },
   "properties": {
    "name": "28 HORSTMANN CRESCENT SWAN REACH 5354",
    "locID": "LOC000131130322",
    "tech": "WIRELESS",
    "upgrade": "NULL_NA",
    "gnaf_pid": "GASA_415273129",
    "tech_change_status": "Not Planned",
    "program_type": "Fixed Wireless and Satellite Upgrade Program",
    "target_eligibility_quarter": "Dec 2024"
   }
  },
  {
   "type": "Feature",
   "geometry": {
    "type": "Point",
    "coordinates": [
     139.59823234,
     -34.56567523
    ]
   },
   "properties": {
    "name": "2 VICTORIA STREET SWAN REACH 5354",
    "locID": "LOC000024471370",
    "tech": "WIRELESS",
    "upgrade": "NULL_NA",
    "gnaf_pid": "GASA_415406748",
    "tech_change_status": "Not Planned",
    "program_type": "Fixed Wireless and Satellite Upgrade Program",
    "target_eligibility_quarter": "Dec 2024"
   }
  },
  {
   "type": "Feature",
   "geometry": {
    "type": "Point",
    "coordinates": [
     139.59754357,
     -34.56848977
    ]
   },
   "properties": {
    "name": "2 NILDOTTIE ROAD SWAN REACH 5354",
    "locID": "LOC000131130346",
    "tech": "WIRELESS",
    "upgrade": "NULL_NA",
    "gnaf_pid": "GASA_415416682",
    "tech_change_status": "Not Planned",
    "program_type": "Fixed Wireless and Satellite Upgrade Program",
    "target_eligibility_quarter": "Dec 2024"
   }
  },
  {
   "type": "Feature",
   "geometry": {
    "type": "Point",
    "coordinates": [
     139.60027313,
     -34.5715047
    ]
   },
   "properties": {
    "name": "21 PHILLIP AVENUE SWAN REACH 5354",
    "locID": "LOC000131192145",
    "tech": "WIRELESS",
    "upgrade": "NULL_NA",
    "gnaf_pid": "GASA_415419436",
    "tech_change_status": "Not Planned",
    "program_type": "Fixed Wireless and Satellite Upgrade Program",
    "target_eligibility_quarter": "Dec 2024"
   }
  },
  {
   "type": "Feature",
   "geometry": {
    "type": "Point",
    "coordinates": [
     139.59831801,
     -34.566227
    ]
   },
   "properties": {
    "name": "2 HASSE HILL ROAD SWAN REACH 5354",
    "locID": "LOC000069947344",
    "tech": "WIRELESS",
    "upgrade": "NULL_NA",
    "gnaf_pid": "GASA_415496502",
    "tech_change_status": "Not Planned",
    "program_type": "Fixed Wireless and Satellite Upgrade Program",
    "target_eligibility_quarter": "Dec 2024"
   }
  },
  {
   "type": "Feature",
   "geometry": {
    "type": "Point",
    "coordinates": [
     139.60099063,
     -34.5727595
    ]
   },
   "properties": {
    "name": "2 SHOWGROUND ROAD SWAN REACH 5354",
    "locID": "LOC000093764561",
    "tech": "WIRELESS",
    "upgrade": "NULL_NA",
    "gnaf_pid": "GASA_415508814",
    "tech_change_status": "Not Planned",
    "program_type": "Fixed Wireless and Satellite Upgrade Program",
    "target_eligibility_quarter": "Dec 2024"
   }
  },
  {
   "type": "Feature",
   "geometry": {
    "type": "Point",
    "coordinates": [
     139.60199234,
     -34.57026049
    ]
   },
   "properties": {
    "name": "6 FRANCIS STREET SWAN REACH 5354",
    "locID": "LOC000030288976",
    "tech": "WIRELESS",
    "upgrade": "NULL_NA",
    "gnaf_pid": "GASA_415511028",
    "tech_change_status": "Not Planned",
    "program_type": "Fixed Wireless and Satellite Upgrade Program",
    "target_eligibility_quarter": "Dec 2024"
   }
  },
  {
   "type": "Feature",
   "geometry": {
    "type": "Point",
    "coordinates": [
     139.59982001,
     -34.57176
    ]
   },
   "properties": {
    "name": "40 NILDOTTIE ROAD SWAN REACH 5354",
    "locID": "LOC000085555569",
    "tech": "WIRELESS",
    "upgrade": "NULL_NA",
    "gnaf_pid": "GASA_415522488",
    "tech_change_status": "Not Planned",
    "program_type": "Fixed Wireless and Satellite Upgrade Program",
    "target_eligibility_quarter": "Dec 2024"
   }
  },
  {
   "type": "Feature",
   "geometry": {
    "type": "Point",
    "coordinates": [
     139.59969826,
     -34.5716163
    ]
   },
   "properties": {
    "name": "38 NILDOTTIE ROAD SWAN REACH 5354",
    "locID": "LOC000005876765",
    "tech": "WIRELESS",
    "upgrade": "NULL_NA",
    "gnaf_pid": "GASA_415522489",
    "tech_change_status": "Not Planned",
    "program_type": "Fixed Wireless and Satellite Upgrade Program",
    "target_eligibility_quarter": "Dec 2024"
   }
  },
  {
   "type": "Feature",
   "geometry": {
    "type": "Point",
    "coordinates": [
     139.59963172,
     -34.5713281
    ]
   },
   "properties": {
    "name": "34-36 NILDOTTIE ROAD SWAN REACH 5354",
    "locID": "LOC000170827567",
    "tech": "WIRELESS",
    "upgrade": "NULL_NA",
    "gnaf_pid": "GASA_415522490",
    "tech_change_status": "Not Planned",
    "program_type": "Fixed Wireless and Satellite Upgrade Program",
    "target_eligibility_quarter": "Dec 2024"
   }
  },
  {
   "type": "Feature",
   "geometry": {
    "type": "Point",
    "coordinates": [
     139.60008476,
     -34.5710707
    ]
   },
   "properties": {
    "name": "17 PHILLIP AVENUE SWAN REACH 5354",
    "locID": "LOC000037554007",
    "tech": "WIRELESS",
    "upgrade": "NULL_NA",
    "gnaf_pid": "GASA_415522491",
    "tech_change_status": "Not Planned",
    "program_type": "Fixed Wireless and Satellite Upgrade Program",
    "target_eligibility_quarter": "Dec 2024"
   }
  },
  {
   "type": "Feature",
   "geometry": {
    "type": "Point",
    "coordinates": [
     139.60014976,
     -34.5713597
    ]
   },
   "properties": {
    "name": "19 PHILLIP AVENUE SWAN REACH 5354",
    "locID": "LOC000031818861",
    "tech": "WIRELESS",
    "upgrade": "NULL_NA",
    "gnaf_pid": "GASA_415522492",
    "tech_change_status": "Not Planned",
    "program_type": "Fixed Wireless and Satellite Upgrade Program",
    "target_eligibility_quarter": "Dec 2024"
   }
  },
  {
   "type": "Feature",
   "geometry": {
    "type": "Point",
    "coordinates": [
     139.59809964,
     -34.56873549
    ]
   },
   "properties": {
    "name": "10 NILDOTTIE ROAD SWAN REACH 5354",
    "locID": "LOC000095291493",
    "tech": "WIRELESS",
    "upgrade": "NULL_NA",
    "gnaf_pid": "GASA_415522493",
    "tech_change_status": "Not Planned",
    "program_type": "Fixed Wireless and Satellite Upgrade Program",
    "target_eligibility_quarter": "Dec 2024"
   }
  },
  {
   "type": "Feature",
   "geometry": {
    "type": "Point",
    "coordinates": [
     139.59802376,
     -34.5667282
    ]
   },
   "properties": {
    "name": "27 ANZAC AVENUE SWAN REACH 5354",
    "locID": "LOC000095181427",
    "tech": "WIRELESS",
    "upgrade": "NULL_NA",
    "gnaf_pid": "GASA_415522497",
    "tech_change_status": "Not Planned",
    "program_type": "Fixed Wireless and Satellite Upgrade Program",
    "target_eligibility_quarter": "Dec 2024"
   }
  },
  {
   "type": "Feature",
   "geometry": {
    "type": "Point",
    "coordinates": [
     139.59744888,
     -34.5676703
    ]
   },
   "properties": {
    "name": "43 ANZAC AVENUE SWAN REACH 5354",
    "locID": "LOC000106945681",
    "tech": "WIRELESS",
    "upgrade": "NULL_NA",
    "gnaf_pid": "GASA_415522499",
    "tech_change_status": "Not Planned",
    "program_type": "Fixed Wireless and Satellite Upgrade Program",
    "target_eligibility_quarter": "Dec 2024"
   }
  },
  {
   "type": "Feature",
   "geometry": {
    "type": "Point",
    "coordinates": [
     139.59743526,
     -34.567851
    ]
   },
   "properties": {
    "name": "45 ANZAC AVENUE SWAN REACH 5354",
    "locID": "LOC000064877556",
    "tech": "WIRELESS",
    "upgrade": "NULL_NA",
    "gnaf_pid": "GASA_415522500",
    "tech_change_status": "Not Planned",
    "program_type": "Fixed Wireless and Satellite Upgrade Program",
    "target_eligibility_quarter": "Dec 2024"
   }
  },
  {
   "type": "Feature",
   "geometry": {
    "type": "Point",
    "coordinates": [
     139.59688601,
     -34.5678233
    ]
   },
   "properties": {
    "name": "28 VICTORIA STREET SWAN REACH 5354",
    "locID": "LOC000043038966",
    "tech": "WIRELESS",
    "upgrade": "NULL_NA",
    "gnaf_pid": "GASA_415522501",
    "tech_change_status": "Not Planned",
    "program_type": "Fixed Wireless and Satellite Upgrade Program",
    "target_eligibility_quarter": "Dec 2024"
   }
  },
  {
   "type": "Feature",
   "geometry": {
    "type": "Point",
    "coordinates": [
     139.60019451,
     -34.5722093
    ]
   },
   "properties": {
    "name": "46 NILDOTTIE ROAD SWAN REACH 5354",
    "locID": "LOC000089057312",
    "tech": "WIRELESS",
    "upgrade": "NULL_NA",
    "gnaf_pid": "GASA_415523383",
    "tech_change_status": "Not Planned",
    "program_type": "Fixed Wireless and Satellite Upgrade Program",
    "target_eligibility_quarter": "Dec 2024"
   }
  },
  {
   "type": "Feature",
   "geometry": {
    "type": "Point",
    "coordinates": [
     139.60064888,
     -34.5719527
    ]
   },
   "properties": {
    "name": "25 PHILLIP AVENUE SWAN REACH 5354",
    "locID": "LOC000009432801",
    "tech": "WIRELESS",
    "upgrade": "NULL_NA",
    "gnaf_pid": "GASA_415523384",
    "tech_change_status": "Not Planned",
    "program_type": "Fixed Wireless and Satellite Upgrade Program",
    "target_eligibility_quarter": "Dec 2024"
   }
  },
  {
   "type": "Feature",
   "geometry": {
    "type": "Point",
    "coordinates": [
     139.60054638,
     -34.5722286
    ]
   },
   "properties": {
    "name": "48 NILDOTTIE ROAD SWAN REACH 5354",
    "locID": "LOC000007546029",
    "tech": "WIRELESS",
    "upgrade": "NULL_NA",
    "gnaf_pid": "GASA_415523385",
    "tech_change_status": "Not Planned",
    "program_type": "Fixed Wireless and Satellite Upgrade Program",
    "target_eligibility_quarter": "Dec 2024"
   }
  },
  {
   "type": "Feature",
   "geometry": {
    "type": "Point",
    "coordinates": [
     139.60364557,
     -34.57281129
    ]
   },
   "properties": {
    "name": "15 SHOWGROUND ROAD SWAN REACH 5354",
    "locID": "LOC000131183645",
    "tech": "WIRELESS",
    "upgrade": "NULL_NA",
    "gnaf_pid": "GASA_415526507",
    "tech_change_status": "Not Planned",
    "program_type": "Fixed Wireless and Satellite Upgrade Program",
    "target_eligibility_quarter": "Dec 2024"
   }
  },
  {
   "type": "Feature",
   "geometry": {
    "type": "Point",
    "coordinates": [
     139.59855443,
     -34.56813095
    ]
   },
   "properties": {
    "name": "2 PHILLIP AVENUE SWAN REACH 5354",
    "locID": "LOC000091160989",
    "tech": "WIRELESS",
    "upgrade": "NULL_NA",
    "gnaf_pid": "GASA_415526508",
    "tech_change_status": "Not Planned",
    "program_type": "Fixed Wireless and Satellite Upgrade Program",
    "target_eligibility_quarter": "Dec 2024"
   }
  },
  {
   "type": "Feature",
   "geometry": {
    "type": "Point",
    "coordinates": [
     139.59849409,
     -34.56797153
    ]
   },
   "properties": {
    "name": "58 ANZAC AVENUE SWAN REACH 5354",
    "locID": "LOC000039741841",
    "tech": "WIRELESS",
    "upgrade": "NULL_NA",
    "gnaf_pid": "GASA_415526509",
    "tech_change_status": "Not Planned",
    "program_type": "Fixed Wireless and Satellite Upgrade Program",
    "target_eligibility_quarter": "Dec 2024"
   }
  },
  {
   "type": "Feature",
   "geometry": {
    "type": "Point",
    "coordinates": [
     139.60271088,
     -34.5641726
    ]
   },
   "properties": {
    "name": "2 ANZAC AVENUE SWAN REACH 5354",
    "locID": "LOC000091189495",
    "tech": "WIRELESS",
    "upgrade": "NULL_NA",
    "gnaf_pid": "GASA_415526511",
    "tech_change_status": "Not Planned",
    "program_type": "Fixed Wireless and Satellite Upgrade Program",
    "target_eligibility_quarter": "Dec 2024"
   }
  },
  {
   "type": "Feature",
   "geometry": {
    "type": "Point",
    "coordinates": [
     139.59941698,
     -34.56695931
    ]
   },
   "properties": {
    "name": "42 ANZAC AVENUE SWAN REACH 5354",
    "locID": "LOC000104756573",
    "tech": "WIRELESS",
    "upgrade": "NULL_NA",
    "gnaf_pid": "GASA_415526513",
    "tech_change_status": "Not Planned",
    "program_type": "Fixed Wireless and Satellite Upgrade Program",
    "target_eligibility_quarter": "Dec 2024"
   }
  },
  {
   "type": "Feature",
   "geometry": {
    "type": "Point",
    "coordinates": [
     139.59638581,
     -34.57172143
    ]
   },
   "properties": {
    "name": "13 NILDOTTIE ROAD SWAN REACH 5354",
    "locID": "LOC000021694248",
    "tech": "WIRELESS",
    "upgrade": "NULL_NA",
    "gnaf_pid": "GASA_415527284",
    "tech_change_status": "Not Planned",
    "program_type": "Fixed Wireless and Satellite Upgrade Program",
    "target_eligibility_quarter": "Dec 2024"
   }
  },
  {
   "type": "Feature",
   "geometry": {
    "type": "Point",
    "coordinates": [
     139.59766038,
     -34.5663497
    ]
   },
   "properties": {
    "name": "8 VICTORIA STREET SWAN REACH 5354",
    "locID": "LOC000112438287",
    "tech": "WIRELESS",
    "upgrade": "NULL_NA",
    "gnaf_pid": "GASA_415528442",
    "tech_change_status": "Not Planned",
    "program_type": "Fixed Wireless and Satellite Upgrade Program",
    "target_eligibility_quarter": "Dec 2024"
   }
  },
  {
   "type": "Feature",
   "geometry": {
    "type": "Point",
    "coordinates": [
     139.59824913,
     -34.5721352
    ]
   },
   "properties": {
    "name": "21 NILDOTTIE ROAD SWAN REACH 5354",
    "locID": "LOC000040523434",
    "tech": "WIRELESS",
    "upgrade": "NULL_NA",
    "gnaf_pid": "GASA_415529090",
    "tech_change_status": "Not Planned",
    "program_type": "Fixed Wireless and Satellite Upgrade Program",
    "target_eligibility_quarter": "Dec 2024"
   }
  },
  {
   "type": "Feature",
   "geometry": {
    "type": "Point",
    "coordinates": [
     139.59970858,
     -34.56923657
    ]
   },
   "properties": {
    "name": "18 PHILLIP AVENUE SWAN REACH 5354",
    "locID": "LOC000011217234",
    "tech": "WIRELESS",
    "upgrade": "NULL_NA",
    "gnaf_pid": "GASA_415529092",
    "tech_change_status": "Not Planned",
    "program_type": "Fixed Wireless and Satellite Upgrade Program",
    "target_eligibility_quarter": "Dec 2024"
   }
  },
  {
   "type": "Feature",
   "geometry": {
    "type": "Point",
    "coordinates": [
     139.59934112,
     -34.56888364
    ]
   },
   "properties": {
    "name": "14 PHILLIP AVENUE SWAN REACH 5354",
    "locID": "LOC000071289595",
    "tech": "WIRELESS",
    "upgrade": "NULL_NA",
    "gnaf_pid": "GASA_415529094",
    "tech_change_status": "Not Planned",
    "program_type": "Fixed Wireless and Satellite Upgrade Program",
    "target_eligibility_quarter": "Dec 2024"
   }
  },
  {
   "type": "Feature",
   "geometry": {
    "type": "Point",
    "coordinates": [
     139.59916109,
     -34.56870956
    ]
   },
   "properties": {
    "name": "12 PHILLIP AVENUE SWAN REACH 5354",
    "locID": "LOC000028367657",
    "tech": "WIRELESS",
    "upgrade": "NULL_NA",
    "gnaf_pid": "GASA_415529095",
    "tech_change_status": "Not Planned",
    "program_type": "Fixed Wireless and Satellite Upgrade Program",
    "target_eligibility_quarter": "Dec 2024"
   }
  },
  {
   "type": "Feature",
   "geometry": {
    "type": "Point",
    "coordinates": [
     139.59689951,
     -34.567642
    ]
   },
   "properties": {
    "name": "26 VICTORIA STREET SWAN REACH 5354",
    "locID": "LOC000070733065",
    "tech": "WIRELESS",
    "upgrade": "NULL_NA",
    "gnaf_pid": "GASA_415530327",
    "tech_change_status": "Not Planned",
    "program_type": "Fixed Wireless and Satellite Upgrade Program",
    "target_eligibility_quarter": "Dec 2024"
   }
  },
  {
   "type": "Feature",
   "geometry": {
    "type": "Point",
    "coordinates": [
     139.60410671,
     -34.56985924
    ]
   },
   "properties": {
    "name": "4 MARBLE STREET SWAN REACH 5354",
    "locID": "LOC000064090743",
    "tech": "WIRELESS",
    "upgrade": "NULL_NA",
    "gnaf_pid": "GASA_415535950",
    "tech_change_status": "Not Planned",
    "program_type": "Fixed Wireless and Satellite Upgrade Program",
    "target_eligibility_quarter": "Dec 2024"
   }
  },
  {
   "type": "Feature",
   "geometry": {
    "type": "Point",
    "coordinates": [
     139.60435405,
     -34.56975221
    ]
   },
   "properties": {
    "name": "6 MARBLE STREET SWAN REACH 5354",
    "locID": "LOC000027524448",
    "tech": "WIRELESS",
    "upgrade": "NULL_NA",
    "gnaf_pid": "GASA_415535951",
    "tech_change_status": "Not Planned",
    "program_type": "Fixed Wireless and Satellite Upgrade Program",
    "target_eligibility_quarter": "Dec 2024"
   }
  },
  {
   "type": "Feature",
   "geometry": {
    "type": "Point",
    "coordinates": [
     139.59777651,
     -34.566197
    ]
   },
   "properties": {
    "name": "6 VICTORIA STREET SWAN REACH 5354",
    "locID": "LOC000047940390",
    "tech": "WIRELESS",
    "upgrade": "NULL_NA",
    "gnaf_pid": "GASA_415558524",
    "tech_change_status": "Not Planned",
    "program_type": "Fixed Wireless and Satellite Upgrade Program",
    "target_eligibility_quarter": "Dec 2024"
   }
  },
  {
   "type": "Feature",
   "geometry": {
    "type": "Point",
    "coordinates": [
     139.60098426,
     -34.5723156
    ]
   },
   "properties": {
    "name": "29 PHILLIP AVENUE SWAN REACH 5354",
    "locID": "LOC000054164937",
    "tech": "WIRELESS",
    "upgrade": "NULL_NA",
    "gnaf_pid": "GASA_415558697",
    "tech_change_status": "Not Planned",
    "program_type": "Fixed Wireless and Satellite Upgrade Program",
    "target_eligibility_quarter": "Dec 2024"
   }
  },
  {
   "type": "Feature",
   "geometry": {
    "type": "Point",
    "coordinates": [
     139.59662892,
     -34.56886525
    ]
   },
   "properties": {
    "name": "1 NILDOTTIE ROAD SWAN REACH 5354",
    "locID": "LOC100078108331",
    "tech": "WIRELESS",
    "upgrade": "NULL_NA",
    "gnaf_pid": "GASA_415615259",
    "tech_change_status": "Not Planned",
    "program_type": "Fixed Wireless and Satellite Upgrade Program",
    "target_eligibility_quarter": "Dec 2024"
   }
  },
  {
   "type": "Feature",
   "geometry": {
    "type": "Point",
    "coordinates": [
     139.59867101,
     -34.570451
    ]
   },
   "properties": {
    "name": "24 NILDOTTIE ROAD SWAN REACH 5354",
    "locID": "LOC000026713321",
    "tech": "WIRELESS",
    "upgrade": "NULL_NA",
    "gnaf_pid": "GASA_415617231",
    "tech_change_status": "Not Planned",
    "program_type": "Fixed Wireless and Satellite Upgrade Program",
    "target_eligibility_quarter": "Dec 2024"
   }
  },
  {
   "type": "Feature",
   "geometry": {
    "type": "Point",
    "coordinates": [
     139.59675544,
     -34.56969003
    ]
   },
   "properties": {
    "name": "7 NILDOTTIE ROAD SWAN REACH 5354",
    "locID": "LOC000085783785",
    "tech": "WIRELESS",
    "upgrade": "NULL_NA",
    "gnaf_pid": "GASA_416367943",
    "tech_change_status": "Not Planned",
    "program_type": "Fixed Wireless and Satellite Upgrade Program",
    "target_eligibility_quarter": "Dec 2024"
   }
  },
  {
   "type": "Feature",
   "geometry": {
    "type": "Point",
    "coordinates": [
     139.60427904,
     -34.57145886
    ]
   },
   "properties": {
    "name": "8 SHOWGROUND ROAD SWAN REACH 5354",
    "locID": "LOC000062308615",
    "tech": "WIRELESS",
    "upgrade": "NULL_NA",
    "gnaf_pid": "GASA_417059421",
    "tech_change_status": "Not Planned",
    "program_type": "Fixed Wireless and Satellite Upgrade Program",
    "target_eligibility_quarter": "Dec 2024"
   }
  },
  {
   "type": "Feature",
   "geometry": {
    "type": "Point",
    "coordinates": [
     139.58548299,
     -34.49939989
    ]
   },
   "properties": {
    "name": "15 RIVER ROAD SWAN REACH 5354",
    "locID": "LOC000131130615",
    "tech": "WIRELESS",
    "upgrade": "NULL_NA",
    "gnaf_pid": "GASA_417060695",
    "tech_change_status": "Not Planned",
    "program_type": "Fixed Wireless and Satellite Upgrade Program",
    "target_eligibility_quarter": "Dec 2024"
   }
  },
  {
   "type": "Feature",
   "geometry": {
    "type": "Point",
    "coordinates": [
     139.60079613,
     -34.5655395
    ]
   },
   "properties": {
    "name": "22 ANZAC AVENUE SWAN REACH 5354",
    "locID": "LOC000103700620",
    "tech": "WIRELESS",
    "upgrade": "NULL_NA",
    "gnaf_pid": "GASA_421962181",
    "tech_change_status": "Not Planned",
    "program_type": "Fixed Wireless and Satellite Upgrade Program",
    "target_eligibility_quarter": "Dec 2024"
   }
  },
  {
   "type": "Feature",
   "geometry": {
    "type": "Point",
    "coordinates": [
     139.59899203,
     -34.56720451
    ]
   },
   "properties": {
    "name": "46-48 ANZAC AVENUE SWAN REACH 5354",
    "locID": "LOC100072001813",
    "tech": "WIRELESS",
    "upgrade": "NULL_NA",
    "gnaf_pid": "GASA_421967026",
    "tech_change_status": "Not Planned",
    "program_type": "Fixed Wireless and Satellite Upgrade Program",
    "target_eligibility_quarter": "Dec 2024"
   }
  },
  {
   "type": "Feature",
   "geometry": {
    "type": "Point",
    "coordinates": [
     139.59988938,
     -34.566321
    ]
   },
   "properties": {
    "name": "34 ANZAC AVENUE SWAN REACH 5354",
    "locID": "LOC000036264839",
    "tech": "WIRELESS",
    "upgrade": "NULL_NA",
    "gnaf_pid": "GASA_421967557",
    "tech_change_status": "Not Planned",
    "program_type": "Fixed Wireless and Satellite Upgrade Program",
    "target_eligibility_quarter": "Dec 2024"
   }
  },
  {
   "type": "Feature",
   "geometry": {
    "type": "Point",
    "coordinates": [
     139.59852483,
     -34.56761502
    ]
   },
   "properties": {
    "name": "54 ANZAC AVENUE SWAN REACH 5354",
    "locID": "LOC000034178731",
    "tech": "WIRELESS",
    "upgrade": "NULL_NA",
    "gnaf_pid": "GASA_421967558",
    "tech_change_status": "Not Planned",
    "program_type": "Fixed Wireless and Satellite Upgrade Program",
    "target_eligibility_quarter": "Dec 2024"
   }
  },
  {
   "type": "Feature",
   "geometry": {
    "type": "Point",
    "coordinates": [
     139.60012311,
     -34.56454086
    ]
   },
   "properties": {
    "name": "11 ANZAC AVENUE SWAN REACH 5354",
    "locID": "LOC000099136301",
    "tech": "WIRELESS",
    "upgrade": "NULL_NA",
    "gnaf_pid": "GASA_421967559",
    "tech_change_status": "Not Planned",
    "program_type": "Fixed Wireless and Satellite Upgrade Program",
    "target_eligibility_quarter": "Dec 2024"
   }
  },
  {
   "type": "Feature",
   "geometry": {
    "type": "Point",
    "coordinates": [
     139.59759563,
     -34.5671511
    ]
   },
   "properties": {
    "name": "35 ANZAC AVENUE SWAN REACH 5354",
    "locID": "LOC000002688225",
    "tech": "WIRELESS",
    "upgrade": "NULL_NA",
    "gnaf_pid": "GASA_421967560",
    "tech_change_status": "Not Planned",
    "program_type": "Fixed Wireless and Satellite Upgrade Program",
    "target_eligibility_quarter": "Dec 2024"
   }
  },
  {
   "type": "Feature",
   "geometry": {
    "type": "Point",
    "coordinates": [
     139.59735163,
     -34.5671866
    ]
   },
   "properties": {
    "name": "37 ANZAC AVENUE SWAN REACH 5354",
    "locID": "LOC000025336191",
    "tech": "WIRELESS",
    "upgrade": "NULL_NA",
    "gnaf_pid": "GASA_421967561",
    "tech_change_status": "Not Planned",
    "program_type": "Fixed Wireless and Satellite Upgrade Program",
    "target_eligibility_quarter": "Dec 2024"
   }
  },
  {
   "type": "Feature",
   "geometry": {
    "type": "Point",
    "coordinates": [
     139.60094988,
     -34.5654097
    ]
   },
   "properties": {
    "name": "20 ANZAC AVENUE SWAN REACH 5354",
    "locID": "LOC000058657557",
    "tech": "WIRELESS",
    "upgrade": "NULL_NA",
    "gnaf_pid": "GASA_421967853",
    "tech_change_status": "Not Planned",
    "program_type": "Fixed Wireless and Satellite Upgrade Program",
    "target_eligibility_quarter": "Dec 2024"
   }
  },
  {
   "type": "Feature",
   "geometry": {
    "type": "Point",
    "coordinates": [
     139.59864694,
     -34.56532705
    ]
   },
   "properties": {
    "name": "1 HASSE HILL ROAD SWAN REACH 5354",
    "locID": "LOC000087594361",
    "tech": "WIRELESS",
    "upgrade": "NULL_NA",
    "gnaf_pid": "GASA_421972471",
    "tech_change_status": "Not Planned",
    "program_type": "Fixed Wireless and Satellite Upgrade Program",
    "target_eligibility_quarter": "Dec 2024"
   }
  },
  {
   "type": "Feature",
   "geometry": {
    "type": "Point",
    "coordinates": [
     139.60178468,
     -34.57186353
    ]
   },
   "properties": {
    "name": "36 PHILLIP AVENUE SWAN REACH 5354",
    "locID": "LOC000109222468",
    "tech": "WIRELESS",
    "upgrade": "NULL_NA",
    "gnaf_pid": "GASA_421974684",
    "tech_change_status": "Not Planned",
    "program_type": "Fixed Wireless and Satellite Upgrade Program",
    "target_eligibility_quarter": "Dec 2024"
   }
  },
  {
   "type": "Feature",
   "geometry": {
    "type": "Point",
    "coordinates": [
     139.60246101,
     -34.5643272
    ]
   },
   "properties": {
    "name": "4 ANZAC AVENUE SWAN REACH 5354",
    "locID": "LOC000106788329",
    "tech": "WIRELESS",
    "upgrade": "NULL_NA",
    "gnaf_pid": "GASA_422336127",
    "tech_change_status": "Not Planned",
    "program_type": "Fixed Wireless and Satellite Upgrade Program",
    "target_eligibility_quarter": "Dec 2024"
   }
  },
  {
   "type": "Feature",
   "geometry": {
    "type": "Point",
    "coordinates": [
     139.59677188,
     -34.5680427
    ]
   },
   "properties": {
    "name": "30 VICTORIA STREET SWAN REACH 5354",
    "locID": "LOC000028418708",
    "tech": "WIRELESS",
    "upgrade": "NULL_NA",
    "gnaf_pid": "GASA_422369830",
    "tech_change_status": "Not Planned",
    "program_type": "Fixed Wireless and Satellite Upgrade Program",
    "target_eligibility_quarter": "Dec 2024"
   }
  },
  {
   "type": "Feature",
   "geometry": {
    "type": "Point",
    "coordinates": [
     139.60001929,
     -34.57310047
    ]
   },
   "properties": {
    "name": "31 NILDOTTIE ROAD SWAN REACH 5354",
    "locID": "LOC000131130426",
    "tech": "WIRELESS",
    "upgrade": "NULL_NA",
    "gnaf_pid": "GASA_423016557",
    "tech_change_status": "Not Planned",
    "program_type": "Fixed Wireless and Satellite Upgrade Program",
    "target_eligibility_quarter": "Dec 2024"
   }
  },
  {
   "type": "Feature",
   "geometry": {
    "type": "Point",
    "coordinates": [
     139.60015103,
     -34.57325586
    ]
   },
   "properties": {
    "name": "33 NILDOTTIE ROAD SWAN REACH 5354",
    "locID": "LOC000131130474",
    "tech": "WIRELESS",
    "upgrade": "NULL_NA",
    "gnaf_pid": "GASA_423016558",
    "tech_change_status": "Not Planned",
    "program_type": "Fixed Wireless and Satellite Upgrade Program",
    "target_eligibility_quarter": "Dec 2024"
   }
  },
  {
   "type": "Feature",
   "geometry": {
    "type": "Point",
    "coordinates": [
     139.60124951,
     -34.5651492
    ]
   },
   "properties": {
    "name": "16 ANZAC AVENUE SWAN REACH 5354",
    "locID": "LOC000052487994",
    "tech": "WIRELESS",
    "upgrade": "NULL_NA",
    "gnaf_pid": "GASA_423116629",
    "tech_change_status": "Not Planned",
    "program_type": "Fixed Wireless and Satellite Upgrade Program",
    "target_eligibility_quarter": "Dec 2024"
   }
  },
  {
   "type": "Feature",
   "geometry": {
    "type": "Point",
    "coordinates": [
     139.60058556,
     -34.56437099
    ]
   },
   "properties": {
    "name": "9 ANZAC AVENUE SWAN REACH 5354",
    "locID": "LOC000063476195",
    "tech": "WIRELESS",
    "upgrade": "NULL_NA",
    "gnaf_pid": "GASA_423184403",
    "tech_change_status": "Not Planned",
    "program_type": "Fixed Wireless and Satellite Upgrade Program",
    "target_eligibility_quarter": "Dec 2024"
   }
  },
  {
   "type": "Feature",
   "geometry": {
    "type": "Point",
    "coordinates": [
     139.60475488,
     -34.56897387
    ]
   },
   "properties": {
    "name": "36 HORSTMANN CRESCENT SWAN REACH 5354",
    "locID": "LOC000102367231",
    "tech": "WIRELESS",
    "upgrade": "NULL_NA",
    "gnaf_pid": "GASA_423192369",
    "tech_change_status": "Not Planned",
    "program_type": "Fixed Wireless and Satellite Upgrade Program",
    "target_eligibility_quarter": "Dec 2024"
   }
  },
  {
   "type": "Feature",
   "geometry": {
    "type": "Point",
    "coordinates": [
     139.6017387,
     -34.56926335
    ]
   },
   "properties": {
    "name": "12 HORSTMANN CRESCENT SWAN REACH 5354",
    "locID": "LOC000011256870",
    "tech": "WIRELESS",
    "upgrade": "NULL_NA",
    "gnaf_pid": "GASA_423416217",
    "tech_change_status": "Not Planned",
    "program_type": "Fixed Wireless and Satellite Upgrade Program",
    "target_eligibility_quarter": "Dec 2024"
   }
  },
  {
   "type": "Feature",
   "geometry": {
    "type": "Point",
    "coordinates": [
     139.59999089,
     -34.57012262
    ]
   },
   "properties": {
    "name": "1 HORSTMANN CRESCENT SWAN REACH 5354",
    "locID": "LOC000008372840",
    "tech": "WIRELESS",
    "upgrade": "NULL_NA",
    "gnaf_pid": "GASA_423416218",
    "tech_change_status": "Not Planned",
    "program_type": "Fixed Wireless and Satellite Upgrade Program",
    "target_eligibility_quarter": "Dec 2024"
   }
  },
  {
   "type": "Feature",
   "geometry": {
    "type": "Point",
    "coordinates": [
     139.60319803,
     -34.56902872
    ]
   },
   "properties": {
    "name": "22 HORSTMANN CRESCENT SWAN REACH 5354",
    "locID": "LOC000102700206",
    "tech": "WIRELESS",
    "upgrade": "NULL_NA",
    "gnaf_pid": "GASA_423416219",
    "tech_change_status": "Not Planned",
    "program_type": "Fixed Wireless and Satellite Upgrade Program",
    "target_eligibility_quarter": "Dec 2024"
   }
  },
  {
   "type": "Feature",
   "geometry": {
    "type": "Point",
    "coordinates": [
     139.60410552,
     -34.56945074
    ]
   },
   "properties": {
    "name": "25 HORSTMANN CRESCENT SWAN REACH 5354",
    "locID": "LOC000058552952",
    "tech": "WIRELESS",
    "upgrade": "NULL_NA",
    "gnaf_pid": "GASA_423416220",
    "tech_change_status": "Not Planned",
    "program_type": "Fixed Wireless and Satellite Upgrade Program",
    "target_eligibility_quarter": "Dec 2024"
   }
  },
  {
   "type": "Feature",
   "geometry": {
    "type": "Point",
    "coordinates": [
     139.60144826,
     -34.56979755
    ]
   },
   "properties": {
    "name": "5 HORSTMANN CRESCENT SWAN REACH 5354",
    "locID": "LOC000026668548",
    "tech": "WIRELESS",
    "upgrade": "NULL_NA",
    "gnaf_pid": "GASA_423416221",
    "tech_change_status": "Not Planned",
    "program_type": "Fixed Wireless and Satellite Upgrade Program",
    "target_eligibility_quarter": "Dec 2024"
   }
  },
  {
   "type": "Feature",
   "geometry": {
    "type": "Point",
    "coordinates": [
     139.60170511,
     -34.5697895
    ]
   },
   "properties": {
    "name": "7 HORSTMANN CRESCENT SWAN REACH 5354",
    "locID": "LOC000076053385",
    "tech": "WIRELESS",
    "upgrade": "NULL_NA",
    "gnaf_pid": "GASA_423416222",
    "tech_change_status": "Not Planned",
    "program_type": "Fixed Wireless and Satellite Upgrade Program",
    "target_eligibility_quarter": "Dec 2024"
   }
  },
  {
   "type": "Feature",
   "geometry": {
    "type": "Point",
    "coordinates": [
     139.6020222,
     -34.56718881
    ]
   },
   "properties": {
    "name": "12 ANZAC AVENUE SWAN REACH 5354",
    "locID": "LOC000046906205",
    "tech": "WIRELESS",
    "upgrade": "NULL_NA",
    "gnaf_pid": "GASA_423421073",
    "tech_change_status": "Not Planned",
    "program_type": "Fixed Wireless and Satellite Upgrade Program",
    "target_eligibility_quarter": "Dec 2024"
   }
  },
  {
   "type": "Feature",
   "geometry": {
    "type": "Point",
    "coordinates": [
     139.53311156,
     -34.58550383
    ]
   },
   "properties": {
    "name": "LOT 6 OLD PUNYELROO ROAD SWAN REACH 5354",
    "locID": "LOC000109410272",
    "tech": "NULL",
    "upgrade": "NULL_NA",
    "gnaf_pid": "GASA_423740915",
    "tech_change_status": "Not Planned"
   }
  },
  {
   "type": "Feature",
   "geometry": {
    "type": "Point",
    "coordinates": [
     139.59681554,
     -34.56830263
    ]
   },
   "properties": {
    "name": "51 ANZAC AVENUE SWAN REACH 5354",
    "locID": "LOC000016189746",
    "tech": "WIRELESS",
    "upgrade": "NULL_NA",
    "gnaf_pid": "GASA_423814607",
    "tech_change_status": "Not Planned",
    "program_type": "Fixed Wireless and Satellite Upgrade Program",
    "target_eligibility_quarter": "Dec 2024"
   }
  },
  {
   "type": "Feature",
   "geometry": {
    "type": "Point",
    "coordinates": [
     139.59862793,
     -34.56728861
    ]
   },
   "properties": {
    "name": "50 ANZAC AVENUE SWAN REACH 5354",
    "locID": "LOC000131134937",
    "tech": "WIRELESS",
    "upgrade": "NULL_NA",
    "gnaf_pid": "GASA_423841635",
    "tech_change_status": "Not Planned",
    "program_type": "Fixed Wireless and Satellite Upgrade Program",
    "target_eligibility_quarter": "Dec 2024"
   }
  },
  {
   "type": "Feature",
   "geometry": {
    "type": "Point",
    "coordinates": [
     139.59697087,
     -34.56926863
    ]
   },
   "properties": {
    "name": "11 NILDOTTIE ROAD SWAN REACH 5354",
    "locID": "LOC000116285307",
    "tech": "WIRELESS",
    "upgrade": "NULL_NA",
    "gnaf_pid": "GASA_423998675",
    "tech_change_status": "Not Planned",
    "program_type": "Fixed Wireless and Satellite Upgrade Program",
    "target_eligibility_quarter": "Dec 2024"
   }
  },
  {
   "type": "Feature",
   "geometry": {
    "type": "Point",
    "coordinates": [
     139.60409145,
     -34.56897537
    ]
   },
   "properties": {
    "name": "30-32 HORSTMANN CRESCENT SWAN REACH 5354",
    "locID": "LOC000146491130",
    "tech": "WIRELESS",
    "upgrade": "NULL_NA",
    "gnaf_pid": "GASA_424051358",
    "tech_change_status": "Not Planned",
    "program_type": "Fixed Wireless and Satellite Upgrade Program",
    "target_eligibility_quarter": "Dec 2024"
   }
  },
  {
   "type": "Feature",
   "geometry": {
    "type": "Point",
    "coordinates": [
     139.60447763,
     -34.56887555
    ]
   },
   "properties": {
    "name": "34 HORSTMANN CRESCENT SWAN REACH 5354",
    "locID": "LOC000052286769",
    "tech": "WIRELESS",
    "upgrade": "NULL_NA",
    "gnaf_pid": "GASA_424051359",
    "tech_change_status": "Not Planned",
    "program_type": "Fixed Wireless and Satellite Upgrade Program",
    "target_eligibility_quarter": "Dec 2024"
   }
  },
  {
   "type": "Feature",
   "geometry": {
    "type": "Point",
    "coordinates": [
     139.59253978,
     -34.56837241
    ]
   },
   "properties": {
    "name": "LOT 2 RIVER RESERVE ROAD SWAN REACH 5354",
    "locID": "LOC000108638867",
    "tech": "WIRELESS",
    "upgrade": "NULL_NA",
    "gnaf_pid": "GASA_424053853",
    "tech_change_status": "Not Planned",
    "program_type": "Fixed Wireless and Satellite Upgrade Program",
    "target_eligibility_quarter": "Dec 2024"
   }
  },
  {
   "type": "Feature",
   "geometry": {
    "type": "Point",
    "coordinates": [
     139.59805345,
     -34.56535458
    ]
   },
   "properties": {
    "name": "LOT 222 VICTORIA STREET SWAN REACH 5354",
    "locID": "LOC000024471370",
    "tech": "WIRELESS",
    "upgrade": "NULL_NA",
    "gnaf_pid": "GASA_424124552",
    "tech_change_status": "Not Planned",
    "program_type": "Fixed Wireless and Satellite Upgrade Program",
    "target_eligibility_quarter": "Dec 2024"
   }
  },
  {
   "type": "Feature",
   "geometry": {
    "type": "Point",
    "coordinates": [
     139.58552031,
     -34.5615251
    ]
   },
   "properties": {
    "name": "LOT 2 MURRAYLANDS ROAD SWAN REACH 5354",
    "locID": "LOC000131139140",
    "tech": "WIRELESS",
    "upgrade": "NULL_NA",
    "gnaf_pid": "GASA_424194437",
    "tech_change_status": "Not Planned",
    "program_type": "Fixed Wireless and Satellite Upgrade Program",
    "target_eligibility_quarter": "Dec 2024"
   }
  },
  {
   "type": "Feature",
   "geometry": {
    "type": "Point",
    "coordinates": [
     139.5847751,
     -34.56226513
    ]
   },
   "properties": {
    "name": "LOT 3 MURRAYLANDS ROAD SWAN REACH 5354",
    "locID": "LOC000131139140",
    "tech": "WIRELESS",
    "upgrade": "NULL_NA",
    "gnaf_pid": "GASA_424194438",
    "tech_change_status": "Not Planned",
    "program_type": "Fixed Wireless and Satellite Upgrade Program",
    "target_eligibility_quarter": "Dec 2024"
   }
  },
  {
   "type": "Feature",
   "geometry": {
    "type": "Point",
    "coordinates": [
     139.58414667,
     -34.56315197
    ]
   },
   "properties": {
    "name": "LOT 4 MURRAYLANDS ROAD SWAN REACH 5354",
    "locID": "LOC000131139140",
    "tech": "WIRELESS",
    "upgrade": "NULL_NA",
    "gnaf_pid": "GASA_424194439",
    "tech_change_status": "Not Planned",
    "program_type": "Fixed Wireless and Satellite Upgrade Program",
    "target_eligibility_quarter": "Dec 2024"
   }
  },
  {
   "type": "Feature",
   "geometry": {
    "type": "Point",
    "coordinates": [
     139.58502553,
     -34.56770697
    ]
   },
   "properties": {
    "name": "LOT 5 MURRAYLANDS ROAD SWAN REACH 5354",
    "locID": "LOC000131139140",
    "tech": "WIRELESS",
    "upgrade": "NULL_NA",
    "gnaf_pid": "GASA_424194440",
    "tech_change_status": "Not Planned",
    "program_type": "Fixed Wireless and Satellite Upgrade Program",
    "target_eligibility_quarter": "Dec 2024"
   }
  },
  {
   "type": "Feature",
   "geometry": {
    "type": "Point",
    "coordinates": [
     139.60585762,
     -34.59293305
    ]
   },
   "properties": {
    "name": "LOT 50 NILDOTTIE ROAD SWAN REACH 5354",
    "locID": "LOC000103429802",
    "tech": "WIRELESS",
    "upgrade": "NULL_NA",
    "gnaf_pid": "GASA_424195679",
    "tech_change_status": "Not Planned",
    "program_type": "Fixed Wireless and Satellite Upgrade Program",
    "target_eligibility_quarter": "Dec 2024"
   }
  },
  {
   "type": "Feature",
   "geometry": {
    "type": "Point",
    "coordinates": [
     139.54601462,
     -34.58705061
    ]
   },
   "properties": {
    "name": "LOT 10 OLD PUNYELROO ROAD SWAN REACH 5354",
    "locID": "LOC000114778060",
    "tech": "SATELLITE",
    "upgrade": "NULL_NA",
    "gnaf_pid": "GASA_424197704",
    "tech_change_status": "Not Planned"
   }
  },
  {
   "type": "Feature",
   "geometry": {
    "type": "Point",
    "coordinates": [
     139.54870569,
     -34.58766419
    ]
   },
   "properties": {
    "name": "LOT 11 OLD PUNYELROO ROAD SWAN REACH 5354",
    "locID": "LOC000114778060",
    "tech": "SATELLITE",
    "upgrade": "NULL_NA",
    "gnaf_pid": "GASA_424197705",
    "tech_change_status": "Not Planned"
   }
  },
  {
   "type": "Feature",
   "geometry": {
    "type": "Point",
    "coordinates": [
     139.52903246,
     -34.58502088
    ]
   },
   "properties": {
    "name": "LOT 5 OLD PUNYELROO ROAD SWAN REACH 5354",
    "locID": "LOC000109410272",
    "tech": "NULL",
    "upgrade": "NULL_NA",
    "gnaf_pid": "GASA_424197706",
    "tech_change_status": "Not Planned"
   }
  },
  {
   "type": "Feature",
   "geometry": {
    "type": "Point",
    "coordinates": [
     139.54004633,
     -34.58633992
    ]
   },
   "properties": {
    "name": "LOT 8 OLD PUNYELROO ROAD SWAN REACH 5354",
    "locID": "LOC000114778060",
    "tech": "SATELLITE",
    "upgrade": "NULL_NA",
    "gnaf_pid": "GASA_424197708",
    "tech_change_status": "Not Planned"
   }
  },
  {
   "type": "Feature",
   "geometry": {
    "type": "Point",
    "coordinates": [
     139.54313099,
     -34.58672648
    ]
   },
   "properties": {
    "name": "LOT 9 OLD PUNYELROO ROAD SWAN REACH 5354",
    "locID": "LOC000114778060",
    "tech": "SATELLITE",
    "upgrade": "NULL_NA",
    "gnaf_pid": "GASA_424197709",
    "tech_change_status": "Not Planned"
   }
  },
  {
   "type": "Feature",
   "geometry": {
    "type": "Point",
    "coordinates": [
     139.59937942,
     -34.57038586
    ]
   },
   "properties": {
    "name": "LOT 52 PHILLIP AVENUE SWAN REACH 5354",
    "locID": "LOC000131188089",
    "tech": "WIRELESS",
    "upgrade": "NULL_NA",
    "gnaf_pid": "GASA_424200488",
    "tech_change_status": "Not Planned",
    "program_type": "Fixed Wireless and Satellite Upgrade Program",
    "target_eligibility_quarter": "Dec 2024"
   }
  },
  {
   "type": "Feature",
   "geometry": {
    "type": "Point",
    "coordinates": [
     139.59015867,
     -34.56977307
    ]
   },
   "properties": {
    "name": "LOT 15 RIVER RESERVE ROAD SWAN REACH 5354",
    "locID": "LOC000131130615",
    "tech": "WIRELESS",
    "upgrade": "NULL_NA",
    "gnaf_pid": "GASA_424205781",
    "tech_change_status": "Not Planned",
    "program_type": "Fixed Wireless and Satellite Upgrade Program",
    "target_eligibility_quarter": "Dec 2024"
   }
  },
  {
   "type": "Feature",
   "geometry": {
    "type": "Point",
    "coordinates": [
     139.58916185,
     -34.57047488
    ]
   },
   "properties": {
    "name": "LOT 18 RIVER RESERVE ROAD SWAN REACH 5354",
    "locID": "LOC000131130643",
    "tech": "WIRELESS",
    "upgrade": "NULL_NA",
    "gnaf_pid": "GASA_424205784",
    "tech_change_status": "Not Planned",
    "program_type": "Fixed Wireless and Satellite Upgrade Program",
    "target_eligibility_quarter": "Dec 2024"
   }
  },
  {
   "type": "Feature",
   "geometry": {
    "type": "Point",
    "coordinates": [
     139.59273956,
     -34.56826682
    ]
   },
   "properties": {
    "name": "LOT 1 RIVER RESERVE ROAD SWAN REACH 5354",
    "locID": "LOC000131130615",
    "tech": "WIRELESS",
    "upgrade": "NULL_NA",
    "gnaf_pid": "GASA_424205786",
    "tech_change_status": "Not Planned",
    "program_type": "Fixed Wireless and Satellite Upgrade Program",
    "target_eligibility_quarter": "Dec 2024"
   }
  },
  {
   "type": "Feature",
   "geometry": {
    "type": "Point",
    "coordinates": [
     139.58782323,
     -34.57156027
    ]
   },
   "properties": {
    "name": "LOT 23 RIVER RESERVE ROAD SWAN REACH 5354",
    "locID": "LOC000131130689",
    "tech": "WIRELESS",
    "upgrade": "NULL_NA",
    "gnaf_pid": "GASA_424205789",
    "tech_change_status": "Not Planned",
    "program_type": "Fixed Wireless and Satellite Upgrade Program",
    "target_eligibility_quarter": "Dec 2024"
   }
  },
  {
   "type": "Feature",
   "geometry": {
    "type": "Point",
    "coordinates": [
     139.59234281,
     -34.5684521
    ]
   },
   "properties": {
    "name": "LOT 3 RIVER RESERVE ROAD SWAN REACH 5354",
    "locID": "LOC000131130731",
    "tech": "WIRELESS",
    "upgrade": "NULL_NA",
    "gnaf_pid": "GASA_424205794",
    "tech_change_status": "Not Planned",
    "program_type": "Fixed Wireless and Satellite Upgrade Program",
    "target_eligibility_quarter": "Dec 2024"
   }
  },
  {
   "type": "Feature",
   "geometry": {
    "type": "Point",
    "coordinates": [
     139.59811384,
     -34.56521053
    ]
   },
   "properties": {
    "name": "LOT 223 VICTORIA STREET SWAN REACH 5354",
    "locID": "LOC000024471370",
    "tech": "WIRELESS",
    "upgrade": "NULL_NA",
    "gnaf_pid": "GASA_424217821",
    "tech_change_status": "Not Planned",
    "program_type": "Fixed Wireless and Satellite Upgrade Program",
    "target_eligibility_quarter": "Dec 2024"
   }
  },
  {
   "type": "Feature",
   "geometry": {
    "type": "Point",
    "coordinates": [
     139.58586154,
     -34.535844
    ]
   },
   "properties": {
    "name": "LOT 52 MURRAYLANDS ROAD SWAN REACH 5354",
    "locID": "LOC000131139140",
    "tech": "WIRELESS",
    "upgrade": "NULL_NA",
    "gnaf_pid": "GASA_424320381",
    "tech_change_status": "Not Planned",
    "program_type": "Fixed Wireless and Satellite Upgrade Program",
    "target_eligibility_quarter": "Dec 2024"
   }
  },
  {
   "type": "Feature",
   "geometry": {
    "type": "Point",
    "coordinates": [
     139.59724222,
     -34.57044731
    ]
   },
   "properties": {
    "name": "LOT 387 NILDOTTIE ROAD SWAN REACH 5354",
    "locID": "LOC000021694248",
    "tech": "WIRELESS",
    "upgrade": "NULL_NA",
    "gnaf_pid": "GASA_424321202",
    "tech_change_status": "Not Planned",
    "program_type": "Fixed Wireless and Satellite Upgrade Program",
    "target_eligibility_quarter": "Dec 2024"
   }
  },
  {
   "type": "Feature",
   "geometry": {
    "type": "Point",
    "coordinates": [
     139.46206406,
     -34.62890338
    ]
   },
   "properties": {
    "name": "LOT 110 SLEEPER TRACK SWAN REACH 5354",
    "locID": "LOC000131023826",
    "tech": "NULL",
    "upgrade": "NULL_NA",
    "gnaf_pid": "GASA_424332589",
    "tech_change_status": "Not Planned"
   }
  },
  {
   "type": "Feature",
   "geometry": {
    "type": "Point",
    "coordinates": [
     139.59816391,
     -34.565394
    ]
   },
   "properties": {
    "name": "LOT 221 VICTORIA STREET SWAN REACH 5354",
    "locID": "LOC000024471370",
    "tech": "WIRELESS",
    "upgrade": "NULL_NA",
    "gnaf_pid": "GASA_424338655",
    "tech_change_status": "Not Planned",
    "program_type": "Fixed Wireless and Satellite Upgrade Program",
    "target_eligibility_quarter": "Dec 2024"
   }
  },
  {
   "type": "Feature",
   "geometry": {
    "type": "Point",
    "coordinates": [
     139.59782883,
     -34.56599719
    ]
   },
   "properties": {
    "name": "LOT 251 VICTORIA STREET SWAN REACH 5354",
    "locID": "LOC000024471370",
    "tech": "WIRELESS",
    "upgrade": "NULL_NA",
    "gnaf_pid": "GASA_424338656",
    "tech_change_status": "Not Planned",
    "program_type": "Fixed Wireless and Satellite Upgrade Program",
    "target_eligibility_quarter": "Dec 2024"
   }
  },
  {
   "type": "Feature",
   "geometry": {
    "type": "Point",
    "coordinates": [
     139.61219637,
     -34.55794398
    ]
   },
   "properties": {
    "name": "LOT 191 ANZAC AVENUE SWAN REACH 5354",
    "locID": "LOC000052487994",
    "tech": "WIRELESS",
    "upgrade": "NULL_NA",
    "gnaf_pid": "GASA_424378657",
    "tech_change_status": "Not Planned",
    "program_type": "Fixed Wireless and Satellite Upgrade Program",
    "target_eligibility_quarter": "Dec 2024"
   }
  },
  {
   "type": "Feature",
   "geometry": {
    "type": "Point",
    "coordinates": [
     139.6046787,
     -34.56397513
    ]
   },
   "properties": {
    "name": "LOT 238 ANZAC AVENUE SWAN REACH 5354",
    "locID": "LOC000052487994",
    "tech": "WIRELESS",
    "upgrade": "NULL_NA",
    "gnaf_pid": "GASA_424378659",
    "tech_change_status": "Not Planned",
    "program_type": "Fixed Wireless and Satellite Upgrade Program",
    "target_eligibility_quarter": "Dec 2024"
   }
  },
  {
   "type": "Feature",
   "geometry": {
    "type": "Point",
    "coordinates": [
     139.60636507,
     -34.56162173
    ]
   },
   "properties": {
    "name": "LOT 386 ANZAC AVENUE SWAN REACH 5354",
    "locID": "LOC000052487994",
    "tech": "WIRELESS",
    "upgrade": "NULL_NA",
    "gnaf_pid": "GASA_424378660",
    "tech_change_status": "Not Planned",
    "program_type": "Fixed Wireless and Satellite Upgrade Program",
    "target_eligibility_quarter": "Dec 2024"
   }
  },
  {
   "type": "Feature",
   "geometry": {
    "type": "Point",
    "coordinates": [
     139.60365212,
     -34.56423858
    ]
   },
   "properties": {
    "name": "LOT 464 ANZAC AVENUE SWAN REACH 5354",
    "locID": "LOC000052487994",
    "tech": "WIRELESS",
    "upgrade": "NULL_NA",
    "gnaf_pid": "GASA_424378661",
    "tech_change_status": "Not Planned",
    "program_type": "Fixed Wireless and Satellite Upgrade Program",
    "target_eligibility_quarter": "Dec 2024"
   }
  },
  {
   "type": "Feature",
   "geometry": {
    "type": "Point",
    "coordinates": [
     139.74170108,
     -34.62155458
    ]
   },
   "properties": {
    "name": "LOT 158 OLD LOXTON ROAD SWAN REACH 5354",
    "locID": "LOC000114672133",
    "tech": "NULL",
    "upgrade": "NULL_NA",
    "gnaf_pid": "GASA_424398398",
    "tech_change_status": "Not Planned"
   }
  },
  {
   "type": "Feature",
   "geometry": {
    "type": "Point",
    "coordinates": [
     139.65947099,
     -34.61712829
    ]
   },
   "properties": {
    "name": "LOT 17 OLD LOXTON ROAD SWAN REACH 5354",
    "locID": "LOC000114672133",
    "tech": "NULL",
    "upgrade": "NULL_NA",
    "gnaf_pid": "GASA_424398399",
    "tech_change_status": "Not Planned"
   }
  },
  {
   "type": "Feature",
   "geometry": {
    "type": "Point",
    "coordinates": [
     139.67466038,
     -34.59378959
    ]
   },
   "properties": {
    "name": "LOT 35 OLD LOXTON ROAD SWAN REACH 5354",
    "locID": "LOC000114672133",
    "tech": "NULL",
    "upgrade": "NULL_NA",
    "gnaf_pid": "GASA_424398400",
    "tech_change_status": "Not Planned"
   }
  },
  {
   "type": "Feature",
   "geometry": {
    "type": "Point",
    "coordinates": [
     139.70172315,
     -34.5923263
    ]
   },
   "properties": {
    "name": "LOT 37 OLD LOXTON ROAD SWAN REACH 5354",
    "locID": "LOC000114672133",
    "tech": "NULL",
    "upgrade": "NULL_NA",
    "gnaf_pid": "GASA_424398401",
    "tech_change_status": "Not Planned"
   }
  },
  {
   "type": "Feature",
   "geometry": {
    "type": "Point",
    "coordinates": [
     139.70536947,
     -34.61405258
    ]
   },
   "properties": {
    "name": "LOT 58 OLD LOXTON ROAD SWAN REACH 5354",
    "locID": "LOC000114672133",
    "tech": "NULL",
    "upgrade": "NULL_NA",
    "gnaf_pid": "GASA_424398403",
    "tech_change_status": "Not Planned"
   }
  },
  {
   "type": "Feature",
   "geometry": {
    "type": "Point",
    "coordinates": [
     139.6537316,
     -34.59962527
    ]
   },
   "properties": {
    "name": "LOT 71 OLD LOXTON ROAD SWAN REACH 5354",
    "locID": "LOC000114672133",
    "tech": "NULL",
    "upgrade": "NULL_NA",
    "gnaf_pid": "GASA_424398404",
    "tech_change_status": "Not Planned"
   }
  },
  {
   "type": "Feature",
   "geometry": {
    "type": "Point",
    "coordinates": [
     139.550804,
     -34.60260566
    ]
   },
   "properties": {
    "name": "LOT 37 OLD PUNYELROO ROAD SWAN REACH 5354",
    "locID": "LOC000114778060",
    "tech": "SATELLITE",
    "upgrade": "NULL_NA",
    "gnaf_pid": "GASA_424398471",
    "tech_change_status": "Not Planned"
   }
  },
  {
   "type": "Feature",
   "geometry": {
    "type": "Point",
    "coordinates": [
     139.57466267,
     -34.60522502
    ]
   },
   "properties": {
    "name": "LOT 49 OLD PUNYELROO ROAD SWAN REACH 5354",
    "locID": "LOC000114778060",
    "tech": "SATELLITE",
    "upgrade": "NULL_NA",
    "gnaf_pid": "GASA_424398472",
    "tech_change_status": "Not Planned"
   }
  },
  {
   "type": "Feature",
   "geometry": {
    "type": "Point",
    "coordinates": [
     139.56228956,
     -34.60396987
    ]
   },
   "properties": {
    "name": "LOT 50 OLD PUNYELROO ROAD SWAN REACH 5354",
    "locID": "LOC000114778060",
    "tech": "SATELLITE",
    "upgrade": "NULL_NA",
    "gnaf_pid": "GASA_424398473",
    "tech_change_status": "Not Planned"
   }
  },
  {
   "type": "Feature",
   "geometry": {
    "type": "Point",
    "coordinates": [
     139.53144373,
     -34.59325203
    ]
   },
   "properties": {
    "name": "LOT 54 OLD PUNYELROO ROAD SWAN REACH 5354",
    "locID": "LOC000114778060",
    "tech": "SATELLITE",
    "upgrade": "NULL_NA",
    "gnaf_pid": "GASA_424398474",
    "tech_change_status": "Not Planned"
   }
  },
  {
   "type": "Feature",
   "geometry": {
    "type": "Point",
    "coordinates": [
     139.5192712,
     -34.58063106
    ]
   },
   "properties": {
    "name": "LOT 63 OLD PUNYELROO ROAD SWAN REACH 5354",
    "locID": "LOC000114778060",
    "tech": "SATELLITE",
    "upgrade": "NULL_NA",
    "gnaf_pid": "GASA_424398475",
    "tech_change_status": "Not Planned"
   }
  },
  {
   "type": "Feature",
   "geometry": {
    "type": "Point",
    "coordinates": [
     139.56826782,
     -34.58927316
    ]
   },
   "properties": {
    "name": "LOT 69 OLD PUNYELROO ROAD SWAN REACH 5354",
    "locID": "LOC000114778060",
    "tech": "SATELLITE",
    "upgrade": "NULL_NA",
    "gnaf_pid": "GASA_424398476",
    "tech_change_status": "Not Planned"
   }
  },
  {
   "type": "Feature",
   "geometry": {
    "type": "Point",
    "coordinates": [
     139.59184121,
     -34.5710314
    ]
   },
   "properties": {
    "name": "LOT 99 RIVER RESERVE ROAD SWAN REACH 5354",
    "locID": "LOC100079009250",
    "tech": "WIRELESS",
    "upgrade": "NULL_NA",
    "gnaf_pid": "GASA_424402355",
    "tech_change_status": "Not Planned",
    "program_type": "Fixed Wireless and Satellite Upgrade Program",
    "target_eligibility_quarter": "Dec 2024"
   }
  },
  {
   "type": "Feature",
   "geometry": {
    "type": "Point",
    "coordinates": [
     139.44290092,
     -34.61869061
    ]
   },
   "properties": {
    "name": "LOT 11 SLEEPER TRACK SWAN REACH 5354",
    "locID": "LOC000131023826",
    "tech": "NULL",
    "upgrade": "NULL_NA",
    "gnaf_pid": "GASA_424404149",
    "tech_change_status": "Not Planned"
   }
  },
  {
   "type": "Feature",
   "geometry": {
    "type": "Point",
    "coordinates": [
     139.46156282,
     -34.6187613
    ]
   },
   "properties": {
    "name": "LOT 13 SLEEPER TRACK SWAN REACH 5354",
    "locID": "LOC000116285330",
    "tech": "NULL",
    "upgrade": "NULL_NA",
    "gnaf_pid": "GASA_424404151",
    "tech_change_status": "Not Planned"
   }
  },
  {
   "type": "Feature",
   "geometry": {
    "type": "Point",
    "coordinates": [
     139.47110189,
     -34.61879658
    ]
   },
   "properties": {
    "name": "LOT 14 SLEEPER TRACK SWAN REACH 5354",
    "locID": "LOC000116285330",
    "tech": "NULL",
    "upgrade": "NULL_NA",
    "gnaf_pid": "GASA_424404152",
    "tech_change_status": "Not Planned"
   }
  },
  {
   "type": "Feature",
   "geometry": {
    "type": "Point",
    "coordinates": [
     139.56548229,
     -34.63417368
    ]
   },
   "properties": {
    "name": "LOT 218 SLEEPER TRACK SWAN REACH 5354",
    "locID": "LOC000116285330",
    "tech": "NULL",
    "upgrade": "NULL_NA",
    "gnaf_pid": "GASA_424404153",
    "tech_change_status": "Not Planned"
   }
  },
  {
   "type": "Feature",
   "geometry": {
    "type": "Point",
    "coordinates": [
     139.56089569,
     -34.62838252
    ]
   },
   "properties": {
    "name": "LOT 219 SLEEPER TRACK SWAN REACH 5354",
    "locID": "LOC000116285330",
    "tech": "NULL",
    "upgrade": "NULL_NA",
    "gnaf_pid": "GASA_424404154",
    "tech_change_status": "Not Planned"
   }
  },
  {
   "type": "Feature",
   "geometry": {
    "type": "Point",
    "coordinates": [
     139.54872049,
     -34.63118656
    ]
   },
   "properties": {
    "name": "LOT 220 SLEEPER TRACK SWAN REACH 5354",
    "locID": "LOC000116285330",
    "tech": "NULL",
    "upgrade": "NULL_NA",
    "gnaf_pid": "GASA_424404155",
    "tech_change_status": "Not Planned"
   }
  },
  {
   "type": "Feature",
   "geometry": {
    "type": "Point",
    "coordinates": [
     139.53767488,
     -34.63122459
    ]
   },
   "properties": {
    "name": "LOT 221 SLEEPER TRACK SWAN REACH 5354",
    "locID": "LOC000116285330",
    "tech": "NULL",
    "upgrade": "NULL_NA",
    "gnaf_pid": "GASA_424404156",
    "tech_change_status": "Not Planned"
   }
  },
  {
   "type": "Feature",
   "geometry": {
    "type": "Point",
    "coordinates": [
     139.52668367,
     -34.63116131
    ]
   },
   "properties": {
    "name": "LOT 222 SLEEPER TRACK SWAN REACH 5354",
    "locID": "LOC000116285330",
    "tech": "NULL",
    "upgrade": "NULL_NA",
    "gnaf_pid": "GASA_424404157",
    "tech_change_status": "Not Planned"
   }
  },
  {
   "type": "Feature",
   "geometry": {
    "type": "Point",
    "coordinates": [
     139.5160289,
     -34.63185434
    ]
   },
   "properties": {
    "name": "LOT 223 SLEEPER TRACK SWAN REACH 5354",
    "locID": "LOC000116285330",
    "tech": "NULL",
    "upgrade": "NULL_NA",
    "gnaf_pid": "GASA_424404158",
    "tech_change_status": "Not Planned"
   }
  },
  {
   "type": "Feature",
   "geometry": {
    "type": "Point",
    "coordinates": [
     139.52251123,
     -34.61732653
    ]
   },
   "properties": {
    "name": "LOT 44 SLEEPER TRACK SWAN REACH 5354",
    "locID": "LOC000116285330",
    "tech": "NULL",
    "upgrade": "NULL_NA",
    "gnaf_pid": "GASA_424404159",
    "tech_change_status": "Not Planned"
   }
  },
  {
   "type": "Feature",
   "geometry": {
    "type": "Point",
    "coordinates": [
     139.5355501,
     -34.61705459
    ]
   },
   "properties": {
    "name": "LOT 45 SLEEPER TRACK SWAN REACH 5354",
    "locID": "LOC000116285330",
    "tech": "NULL",
    "upgrade": "NULL_NA",
    "gnaf_pid": "GASA_424404160",
    "tech_change_status": "Not Planned"
   }
  },
  {
   "type": "Feature",
   "geometry": {
    "type": "Point",
    "coordinates": [
     139.54871548,
     -34.61711053
    ]
   },
   "properties": {
    "name": "LOT 46 SLEEPER TRACK SWAN REACH 5354",
    "locID": "LOC000116285330",
    "tech": "NULL",
    "upgrade": "NULL_NA",
    "gnaf_pid": "GASA_424404161",
    "tech_change_status": "Not Planned"
   }
  },
  {
   "type": "Feature",
   "geometry": {
    "type": "Point",
    "coordinates": [
     139.56187631,
     -34.6171722
    ]
   },
   "properties": {
    "name": "LOT 47 SLEEPER TRACK SWAN REACH 5354",
    "locID": "LOC000116285330",
    "tech": "NULL",
    "upgrade": "NULL_NA",
    "gnaf_pid": "GASA_424404162",
    "tech_change_status": "Not Planned"
   }
  },
  {
   "type": "Feature",
   "geometry": {
    "type": "Point",
    "coordinates": [
     139.57267376,
     -34.61658062
    ]
   },
   "properties": {
    "name": "LOT 48 SLEEPER TRACK SWAN REACH 5354",
    "locID": "LOC000116285330",
    "tech": "NULL",
    "upgrade": "NULL_NA",
    "gnaf_pid": "GASA_424404163",
    "tech_change_status": "Not Planned"
   }
  },
  {
   "type": "Feature",
   "geometry": {
    "type": "Point",
    "coordinates": [
     139.49725003,
     -34.61045033
    ]
   },
   "properties": {
    "name": "LOT 212 OLD PUNYELROO ROAD SWAN REACH 5354",
    "locID": "LOC000114778060",
    "tech": "SATELLITE",
    "upgrade": "NULL_NA",
    "gnaf_pid": "GASA_424523525",
    "tech_change_status": "Not Planned"
   }
  },
  {
   "type": "Feature",
   "geometry": {
    "type": "Point",
    "coordinates": [
     139.58381947,
     -34.57919308
    ]
   },
   "properties": {
    "name": "LOT 109 MURRAYLANDS ROAD SWAN REACH 5354",
    "locID": "LOC000131139140",
    "tech": "WIRELESS",
    "upgrade": "NULL_NA",
    "gnaf_pid": "GASA_424563514",
    "tech_change_status": "Not Planned",
    "program_type": "Fixed Wireless and Satellite Upgrade Program",
    "target_eligibility_quarter": "Dec 2024"
   }
  },
  {
   "type": "Feature",
   "geometry": {
    "type": "Point",
    "coordinates": [
     139.6015004,
     -34.56391848
    ]
   },
   "properties": {
    "name": "1-3 ANZAC AVENUE SWAN REACH 5354",
    "locID": "LOC000048256181",
    "tech": "WIRELESS",
    "upgrade": "NULL_NA",
    "gnaf_pid": "GASA_424653519",
    "tech_change_status": "Not Planned",
    "program_type": "Fixed Wireless and Satellite Upgrade Program",
    "target_eligibility_quarter": "Dec 2024"
   }
  },
  {
   "type": "Feature",
   "geometry": {
    "type": "Point",
    "coordinates": [
     139.59813002,
     -34.57847095
    ]
   },
   "properties": {
    "name": "47 GAMEAU ROAD SWAN REACH 5354",
    "locID": "LOC000114310313",
    "tech": "WIRELESS",
    "upgrade": "NULL_NA",
    "gnaf_pid": "GASA_424699925",
    "tech_change_status": "Not Planned",
    "program_type": "Fixed Wireless and Satellite Upgrade Program",
    "target_eligibility_quarter": "Dec 2024"
   }
  },
  {
   "type": "Feature",
   "geometry": {
    "type": "Point",
    "coordinates": [
     139.59704002,
     -34.57875839
    ]
   },
   "properties": {
    "name": "57 GAMEAU ROAD SWAN REACH 5354",
    "locID": "LOC000112897944",
    "tech": "WIRELESS",
    "upgrade": "NULL_NA",
    "gnaf_pid": "GASA_424699926",
    "tech_change_status": "Not Planned",
    "program_type": "Fixed Wireless and Satellite Upgrade Program",
    "target_eligibility_quarter": "Dec 2024"
   }
  },
  {
   "type": "Feature",
   "geometry": {
    "type": "Point",
    "coordinates": [
     139.59657448,
     -34.57881926
    ]
   },
   "properties": {
    "name": "62 GAMEAU ROAD SWAN REACH 5354",
    "locID": "LOC000112859273",
    "tech": "WIRELESS",
    "upgrade": "NULL_NA",
    "gnaf_pid": "GASA_424699927",
    "tech_change_status": "Not Planned",
    "program_type": "Fixed Wireless and Satellite Upgrade Program",
    "target_eligibility_quarter": "Dec 2024"
   }
  },
  {
   "type": "Feature",
   "geometry": {
    "type": "Point",
    "coordinates": [
     139.59526187,
     -34.55010883
    ]
   },
   "properties": {
    "name": "108 MCAULEY ROAD SWAN REACH 5354",
    "locID": "LOC000114442719",
    "tech": "WIRELESS",
    "upgrade": "NULL_NA",
    "gnaf_pid": "GASA_424703842",
    "tech_change_status": "Not Planned",
    "program_type": "Fixed Wireless and Satellite Upgrade Program",
    "target_eligibility_quarter": "Dec 2024"
   }
  },
  {
   "type": "Feature",
   "geometry": {
    "type": "Point",
    "coordinates": [
     139.57261572,
     -34.64505563
    ]
   },
   "properties": {
    "name": "7128 MURRAYLANDS ROAD SWAN REACH 5354",
    "locID": "LOC000113181873",
    "tech": "WIRELESS",
    "upgrade": "NULL_NA",
    "gnaf_pid": "GASA_424705001",
    "tech_change_status": "Not Planned",
    "program_type": "Fixed Wireless and Satellite Upgrade Program",
    "target_eligibility_quarter": "Dec 2024"
   }
  },
  {
   "type": "Feature",
   "geometry": {
    "type": "Point",
    "coordinates": [
     139.75871207,
     -34.54827995
    ]
   },
   "properties": {
    "name": "160 NETHERLEIGH ROAD SWAN REACH 5354",
    "locID": "LOC000114289827",
    "tech": "NULL",
    "upgrade": "NULL_NA",
    "gnaf_pid": "GASA_424705148",
    "tech_change_status": "Not Planned"
   }
  },
  {
   "type": "Feature",
   "geometry": {
    "type": "Point",
    "coordinates": [
     139.72436738,
     -34.60699924
    ]
   },
   "properties": {
    "name": "783 OLD LOXTON ROAD SWAN REACH 5354",
    "locID": "LOC000114888499",
    "tech": "WIRELESS",
    "upgrade": "NULL_NA",
    "gnaf_pid": "GASA_424705576",
    "tech_change_status": "Not Planned",
    "program_type": "Fixed Wireless and Satellite Upgrade Program",
    "target_eligibility_quarter": "Dec 2024"
   }
  },
  {
   "type": "Feature",
   "geometry": {
    "type": "Point",
    "coordinates": [
     139.53509141,
     -34.59012403
    ]
   },
   "properties": {
    "name": "545 OLD PUNYELROO ROAD SWAN REACH 5354",
    "locID": "LOC000114778060",
    "tech": "SATELLITE",
    "upgrade": "NULL_NA",
    "gnaf_pid": "GASA_424705658",
    "tech_change_status": "Not Planned"
   }
  },
  {
   "type": "Feature",
   "geometry": {
    "type": "Point",
    "coordinates": [
     139.58782858,
     -34.57315845
    ]
   },
   "properties": {
    "name": "111 RIVER RESERVE ROAD SWAN REACH 5354",
    "locID": "LOC000114405908",
    "tech": "WIRELESS",
    "upgrade": "NULL_NA",
    "gnaf_pid": "GASA_424707567",
    "tech_change_status": "Not Planned",
    "program_type": "Fixed Wireless and Satellite Upgrade Program",
    "target_eligibility_quarter": "Dec 2024"
   }
  },
  {
   "type": "Feature",
   "geometry": {
    "type": "Point",
    "coordinates": [
     139.59359983,
     -34.56835857
    ]
   },
   "properties": {
    "name": "33 RIVER RESERVE ROAD SWAN REACH 5354",
    "locID": "LOC000131130488",
    "tech": "WIRELESS",
    "upgrade": "NULL_NA",
    "gnaf_pid": "GASA_424707569",
    "tech_change_status": "Not Planned",
    "program_type": "Fixed Wireless and Satellite Upgrade Program",
    "target_eligibility_quarter": "Dec 2024"
   }
  },
  {
   "type": "Feature",
   "geometry": {
    "type": "Point",
    "coordinates": [
     139.59316032,
     -34.48719248
    ]
   },
   "properties": {
    "name": "367 RIVER ROAD SWAN REACH 5354",
    "locID": "LOC000114029779",
    "tech": "WIRELESS",
    "upgrade": "NULL_NA",
    "gnaf_pid": "GASA_424707584",
    "tech_change_status": "Not Planned",
    "program_type": "Fixed Wireless and Satellite Upgrade Program",
    "target_eligibility_quarter": "NA"
   }
  },
  {
   "type": "Feature",
   "geometry": {
    "type": "Point",
    "coordinates": [
     139.59145376,
     -34.4898042
    ]
   },
   "properties": {
    "name": "401 RIVER ROAD SWAN REACH 5354",
    "locID": "LOC000114861402",
    "tech": "WIRELESS",
    "upgrade": "NULL_NA",
    "gnaf_pid": "GASA_424707585",
    "tech_change_status": "Not Planned",
    "program_type": "Fixed Wireless and Satellite Upgrade Program",
    "target_eligibility_quarter": "Dec 2024"
   }
  },
  {
   "type": "Feature",
   "geometry": {
    "type": "Point",
    "coordinates": [
     139.58791845,
     -34.49570138
    ]
   },
   "properties": {
    "name": "473 RIVER ROAD SWAN REACH 5354",
    "locID": "LOC000114101589",
    "tech": "WIRELESS",
    "upgrade": "NULL_NA",
    "gnaf_pid": "GASA_424707586",
    "tech_change_status": "Not Planned",
    "program_type": "Fixed Wireless and Satellite Upgrade Program",
    "target_eligibility_quarter": "Dec 2024"
   }
  },
  {
   "type": "Feature",
   "geometry": {
    "type": "Point",
    "coordinates": [
     139.60232695,
     -34.52748346
    ]
   },
   "properties": {
    "name": "925 RIVER ROAD SWAN REACH 5354",
    "locID": "LOC000112865740",
    "tech": "WIRELESS",
    "upgrade": "NULL_NA",
    "gnaf_pid": "GASA_424707587",
    "tech_change_status": "Not Planned",
    "program_type": "Fixed Wireless and Satellite Upgrade Program",
    "target_eligibility_quarter": "Dec 2024"
   }
  },
  {
   "type": "Feature",
   "geometry": {
    "type": "Point",
    "coordinates": [
     139.60711511,
     -34.57780949
    ]
   },
   "properties": {
    "name": "35 RUBBISH DUMP ROAD SWAN REACH 5354",
    "locID": "LOC000114760762",
    "tech": "WIRELESS",
    "upgrade": "NULL_NA",
    "gnaf_pid": "GASA_424707726",
    "tech_change_status": "Not Planned",
    "program_type": "Fixed Wireless and Satellite Upgrade Program",
    "target_eligibility_quarter": "Dec 2024"
   }
  },
  {
   "type": "Feature",
   "geometry": {
    "type": "Point",
    "coordinates": [
     139.5274764,
     -34.57585914
    ]
   },
   "properties": {
    "name": "89 CONSERVATION ROAD SWAN REACH 5354",
    "locID": "LOC000114264089",
    "tech": "NULL",
    "upgrade": "NULL_NA",
    "gnaf_pid": "GASA_424810894",
    "tech_change_status": "Not Planned"
   }
  },
  {
   "type": "Feature",
   "geometry": {
    "type": "Point",
    "coordinates": [
     139.52743744,
     -34.5760634
    ]
   },
   "properties": {
    "name": "91 CONSERVATION ROAD SWAN REACH 5354",
    "locID": "LOC000040743541",
    "tech": "NULL",
    "upgrade": "NULL_NA",
    "gnaf_pid": "GASA_424810895",
    "tech_change_status": "Not Planned"
   }
  },
  {
   "type": "Feature",
   "geometry": {
    "type": "Point",
    "coordinates": [
     139.6275441,
     -34.48609149
    ]
   },
   "properties": {
    "name": "1665 HUNTER ROAD SWAN REACH 5354",
    "locID": "LOC000113347009",
    "tech": "WIRELESS",
    "upgrade": "NULL_NA",
    "gnaf_pid": "GASA_424812018",
    "tech_change_status": "Not Planned",
    "program_type": "Fixed Wireless and Satellite Upgrade Program",
    "target_eligibility_quarter": "Dec 2024"
   }
  },
  {
   "type": "Feature",
   "geometry": {
    "type": "Point",
    "coordinates": [
     139.60978016,
     -34.57583181
    ]
   },
   "properties": {
    "name": "2695 HUNTER ROAD SWAN REACH 5354",
    "locID": "LOC000090022097",
    "tech": "WIRELESS",
    "upgrade": "NULL_NA",
    "gnaf_pid": "GASA_424812019",
    "tech_change_status": "Not Planned",
    "program_type": "Fixed Wireless and Satellite Upgrade Program",
    "target_eligibility_quarter": "Dec 2024"
   }
  },
  {
   "type": "Feature",
   "geometry": {
    "type": "Point",
    "coordinates": [
     139.60966579,
     -34.57803708
    ]
   },
   "properties": {
    "name": "2719 HUNTER ROAD SWAN REACH 5354",
    "locID": "LOC000114284085",
    "tech": "WIRELESS",
    "upgrade": "NULL_NA",
    "gnaf_pid": "GASA_424812020",
    "tech_change_status": "Not Planned",
    "program_type": "Fixed Wireless and Satellite Upgrade Program",
    "target_eligibility_quarter": "Dec 2024"
   }
  },
  {
   "type": "Feature",
   "geometry": {
    "type": "Point",
    "coordinates": [
     139.60965379,
     -34.58237748
    ]
   },
   "properties": {
    "name": "2767 HUNTER ROAD SWAN REACH 5354",
    "locID": "LOC000115107421",
    "tech": "WIRELESS",
    "upgrade": "NULL_NA",
    "gnaf_pid": "GASA_424812021",
    "tech_change_status": "Not Planned",
    "program_type": "Fixed Wireless and Satellite Upgrade Program",
    "target_eligibility_quarter": "Dec 2024"
   }
  },
  {
   "type": "Feature",
   "geometry": {
    "type": "Point",
    "coordinates": [
     139.61602187,
     -34.59088641
    ]
   },
   "properties": {
    "name": "2885 HUNTER ROAD SWAN REACH 5354",
    "locID": "LOC000114849801",
    "tech": "WIRELESS",
    "upgrade": "NULL_NA",
    "gnaf_pid": "GASA_424812022",
    "tech_change_status": "Not Planned",
    "program_type": "Fixed Wireless and Satellite Upgrade Program",
    "target_eligibility_quarter": "Dec 2024"
   }
  },
  {
   "type": "Feature",
   "geometry": {
    "type": "Point",
    "coordinates": [
     139.62503422,
     -34.5978301
    ]
   },
   "properties": {
    "name": "2997 HUNTER ROAD SWAN REACH 5354",
    "locID": "LOC000115017627",
    "tech": "WIRELESS",
    "upgrade": "NULL_NA",
    "gnaf_pid": "GASA_424812023",
    "tech_change_status": "Not Planned",
    "program_type": "Fixed Wireless and Satellite Upgrade Program",
    "target_eligibility_quarter": "Dec 2024"
   }
  },
  {
   "type": "Feature",
   "geometry": {
    "type": "Point",
    "coordinates": [
     139.60584862,
     -34.58314826
    ]
   },
   "properties": {
    "name": "187 NILDOTTIE ROAD SWAN REACH 5354",
    "locID": "LOC000072545828",
    "tech": "WIRELESS",
    "upgrade": "NULL_NA",
    "gnaf_pid": "GASA_424813529",
    "tech_change_status": "Not Planned",
    "program_type": "Fixed Wireless and Satellite Upgrade Program",
    "target_eligibility_quarter": "Dec 2024"
   }
  },
  {
   "type": "Feature",
   "geometry": {
    "type": "Point",
    "coordinates": [
     139.60135246,
     -34.57437274
    ]
   },
   "properties": {
    "name": "80 NILDOTTIE ROAD SWAN REACH 5354",
    "locID": "LOC000112995557",
    "tech": "WIRELESS",
    "upgrade": "NULL_NA",
    "gnaf_pid": "GASA_424813530",
    "tech_change_status": "Not Planned",
    "program_type": "Fixed Wireless and Satellite Upgrade Program",
    "target_eligibility_quarter": "Dec 2024"
   }
  },
  {
   "type": "Feature",
   "geometry": {
    "type": "Point",
    "coordinates": [
     139.70380676,
     -34.54261438
    ]
   },
   "properties": {
    "name": "1025 STOTT HIGHWAY SWAN REACH 5354",
    "locID": "LOC000112819611",
    "tech": "WIRELESS",
    "upgrade": "NULL_NA",
    "gnaf_pid": "GASA_424814880",
    "tech_change_status": "Not Planned",
    "program_type": "Fixed Wireless and Satellite Upgrade Program",
    "target_eligibility_quarter": "Dec 2024"
   }
  },
  {
   "type": "Feature",
   "geometry": {
    "type": "Point",
    "coordinates": [
     139.71801526,
     -34.54007284
    ]
   },
   "properties": {
    "name": "1157 STOTT HIGHWAY SWAN REACH 5354",
    "locID": "LOC000114642560",
    "tech": "WIRELESS",
    "upgrade": "NULL_NA",
    "gnaf_pid": "GASA_424814881",
    "tech_change_status": "Not Planned",
    "program_type": "Fixed Wireless and Satellite Upgrade Program",
    "target_eligibility_quarter": "Dec 2024"
   }
  },
  {
   "type": "Feature",
   "geometry": {
    "type": "Point",
    "coordinates": [
     139.61135803,
     -34.55969182
    ]
   },
   "properties": {
    "name": "152 STOTT HIGHWAY SWAN REACH 5354",
    "locID": "LOC000113255439",
    "tech": "WIRELESS",
    "upgrade": "NULL_NA",
    "gnaf_pid": "GASA_424814882",
    "tech_change_status": "Not Planned",
    "program_type": "Fixed Wireless and Satellite Upgrade Program",
    "target_eligibility_quarter": "Dec 2024"
   }
  },
  {
   "type": "Feature",
   "geometry": {
    "type": "Point",
    "coordinates": [
     139.61148343,
     -34.55966739
    ]
   },
   "properties": {
    "name": "154 STOTT HIGHWAY SWAN REACH 5354",
    "locID": "LOC000114438839",
    "tech": "WIRELESS",
    "upgrade": "NULL_NA",
    "gnaf_pid": "GASA_424814883",
    "tech_change_status": "Not Planned",
    "program_type": "Fixed Wireless and Satellite Upgrade Program",
    "target_eligibility_quarter": "Dec 2024"
   }
  },
  {
   "type": "Feature",
   "geometry": {
    "type": "Point",
    "coordinates": [
     139.61263432,
     -34.55906335
    ]
   },
   "properties": {
    "name": "168 STOTT HIGHWAY SWAN REACH 5354",
    "locID": "LOC000113038576",
    "tech": "WIRELESS",
    "upgrade": "NULL_NA",
    "gnaf_pid": "GASA_424814884",
    "tech_change_status": "Not Planned",
    "program_type": "Fixed Wireless and Satellite Upgrade Program",
    "target_eligibility_quarter": "Dec 2024"
   }
  },
  {
   "type": "Feature",
   "geometry": {
    "type": "Point",
    "coordinates": [
     139.61432715,
     -34.55834351
    ]
   },
   "properties": {
    "name": "184 STOTT HIGHWAY SWAN REACH 5354",
    "locID": "LOC000114928095",
    "tech": "WIRELESS",
    "upgrade": "NULL_NA",
    "gnaf_pid": "GASA_424814885",
    "tech_change_status": "Not Planned",
    "program_type": "Fixed Wireless and Satellite Upgrade Program",
    "target_eligibility_quarter": "Dec 2024"
   }
  },
  {
   "type": "Feature",
   "geometry": {
    "type": "Point",
    "coordinates": [
     139.59984934,
     -34.55919516
    ]
   },
   "properties": {
    "name": "5577 STOTT HIGHWAY SWAN REACH 5354",
    "locID": "LOC000114190450",
    "tech": "WIRELESS",
    "upgrade": "NULL_NA",
    "gnaf_pid": "GASA_424814887",
    "tech_change_status": "Not Planned",
    "program_type": "Fixed Wireless and Satellite Upgrade Program",
    "target_eligibility_quarter": "Dec 2024"
   }
  },
  {
   "type": "Feature",
   "geometry": {
    "type": "Point",
    "coordinates": [
     139.65534195,
     -34.55109217
    ]
   },
   "properties": {
    "name": "570 STOTT HIGHWAY SWAN REACH 5354",
    "locID": "LOC000114295317",
    "tech": "WIRELESS",
    "upgrade": "NULL_NA",
    "gnaf_pid": "GASA_424814889",
    "tech_change_status": "Not Planned",
    "program_type": "Fixed Wireless and Satellite Upgrade Program",
    "target_eligibility_quarter": "Dec 2024"
   }
  },
  {
   "type": "Feature",
   "geometry": {
    "type": "Point",
    "coordinates": [
     139.66159528,
     -34.54999971
    ]
   },
   "properties": {
    "name": "628 STOTT HIGHWAY SWAN REACH 5354",
    "locID": "LOC000113024869",
    "tech": "WIRELESS",
    "upgrade": "NULL_NA",
    "gnaf_pid": "GASA_424814890",
    "tech_change_status": "Not Planned",
    "program_type": "Fixed Wireless and Satellite Upgrade Program",
    "target_eligibility_quarter": "Dec 2024"
   }
  },
  {
   "type": "Feature",
   "geometry": {
    "type": "Point",
    "coordinates": [
     139.60475002,
     -34.56268707
    ]
   },
   "properties": {
    "name": "84 STOTT HIGHWAY SWAN REACH 5354",
    "locID": "LOC000112796263",
    "tech": "WIRELESS",
    "upgrade": "NULL_NA",
    "gnaf_pid": "GASA_424814891",
    "tech_change_status": "Not Planned",
    "program_type": "Fixed Wireless and Satellite Upgrade Program",
    "target_eligibility_quarter": "Dec 2024"
   }
  },
  {
   "type": "Feature",
   "geometry": {
    "type": "Point",
    "coordinates": [
     139.6995917,
     -34.54345247
    ]
   },
   "properties": {
    "name": "984 STOTT HIGHWAY SWAN REACH 5354",
    "locID": "LOC000114139408",
    "tech": "WIRELESS",
    "upgrade": "NULL_NA",
    "gnaf_pid": "GASA_424814892",
    "tech_change_status": "Not Planned",
    "program_type": "Fixed Wireless and Satellite Upgrade Program",
    "target_eligibility_quarter": "Dec 2024"
   }
  },
  {
   "type": "Feature",
   "geometry": {
    "type": "Point",
    "coordinates": [
     139.6029831,
     -34.57709393
    ]
   },
   "properties": {
    "name": "115 NILDOTTIE ROAD SWAN REACH 5354",
    "locID": "LOC000116285307",
    "tech": "WIRELESS",
    "upgrade": "NULL_NA",
    "gnaf_pid": "GASA_424824847",
    "tech_change_status": "Not Planned",
    "program_type": "Fixed Wireless and Satellite Upgrade Program",
    "target_eligibility_quarter": "Dec 2024"
   }
  },
  {
   "type": "Feature",
   "geometry": {
    "type": "Point",
    "coordinates": [
     139.50369288,
     -34.57624475
    ]
   },
   "properties": {
    "name": "LOT 62 STOTT HIGHWAY SWAN REACH 5354",
    "locID": "LOC000113024869",
    "tech": "WIRELESS",
    "upgrade": "NULL_NA",
    "gnaf_pid": "GASA_424828376",
    "tech_change_status": "Not Planned",
    "program_type": "Fixed Wireless and Satellite Upgrade Program",
    "target_eligibility_quarter": "Dec 2024"
   }
  },
  {
   "type": "Feature",
   "geometry": {
    "type": "Point",
    "coordinates": [
     139.51961711,
     -34.57234612
    ]
   },
   "properties": {
    "name": "LOT 64 STOTT HIGHWAY SWAN REACH 5354",
    "locID": "LOC100078107240",
    "tech": "WIRELESS",
    "upgrade": "NULL_NA",
    "gnaf_pid": "GASA_424828377",
    "tech_change_status": "Not Planned",
    "program_type": "Fixed Wireless and Satellite Upgrade Program",
    "target_eligibility_quarter": "Dec 2024"
   }
  },
  {
   "type": "Feature",
   "geometry": {
    "type": "Point",
    "coordinates": [
     139.47576978,
     -34.62309825
    ]
   },
   "properties": {
    "name": "1470 SLEEPER TRACK SWAN REACH 5354",
    "locID": "LOC000116285324",
    "tech": "NULL",
    "upgrade": "NULL_NA",
    "gnaf_pid": "GASA_424838374",
    "tech_change_status": "Not Planned"
   }
  },
  {
   "type": "Feature",
   "geometry": {
    "type": "Point",
    "coordinates": [
     139.49955941,
     -34.62306491
    ]
   },
   "properties": {
    "name": "1688 SLEEPER TRACK SWAN REACH 5354",
    "locID": "LOC000116285330",
    "tech": "NULL",
    "upgrade": "NULL_NA",
    "gnaf_pid": "GASA_424838375",
    "tech_change_status": "Not Planned"
   }
  },
  {
   "type": "Feature",
   "geometry": {
    "type": "Point",
    "coordinates": [
     139.58305711,
     -34.57995806
    ]
   },
   "properties": {
    "name": "6366 MURRAYLANDS ROAD SWAN REACH 5354",
    "locID": "LOC000131139140",
    "tech": "WIRELESS",
    "upgrade": "NULL_NA",
    "gnaf_pid": "GASA_424903311",
    "tech_change_status": "Not Planned",
    "program_type": "Fixed Wireless and Satellite Upgrade Program",
    "target_eligibility_quarter": "Dec 2024"
   }
  },
  {
   "type": "Feature",
   "geometry": {
    "type": "Point",
    "coordinates": [
     139.44150603,
     -34.62295547
    ]
   },
   "properties": {
    "name": "1158 SLEEPER TRACK SWAN REACH 5354",
    "locID": "LOC000131164587",
    "tech": "SATELLITE",
    "upgrade": "NULL_NA",
    "gnaf_pid": "GASA_424904730",
    "tech_change_status": "Not Planned"
   }
  },
  {
   "type": "Feature",
   "geometry": {
    "type": "Point",
    "coordinates": [
     139.59748632,
     -34.56897912
    ]
   },
   "properties": {
    "name": "8 NILDOTTIE ROAD SWAN REACH 5354",
    "locID": "LOC000112995557",
    "tech": "WIRELESS",
    "upgrade": "NULL_NA",
    "gnaf_pid": "GASA_425066716",
    "tech_change_status": "Not Planned",
    "program_type": "Fixed Wireless and Satellite Upgrade Program",
    "target_eligibility_quarter": "Dec 2024"
   }
  },
  {
   "type": "Feature",
   "geometry": {
    "type": "Point",
    "coordinates": [
     139.60208678,
     -34.56455919
    ]
   },
   "properties": {
    "name": "6-8 ANZAC AVENUE SWAN REACH 5354",
    "locID": "LOC000033230899",
    "tech": "WIRELESS",
    "upgrade": "NULL_NA",
    "gnaf_pid": "GASA_425431100",
    "tech_change_status": "Not Planned",
    "program_type": "Fixed Wireless and Satellite Upgrade Program",
    "target_eligibility_quarter": "Dec 2024"
   }
  },
  {
   "type": "Feature",
   "geometry": {
    "type": "Point",
    "coordinates": [
     139.59668327,
     -34.5691665
    ]
   },
   "properties": {
    "name": "3-5 NILDOTTIE ROAD SWAN REACH 5354",
    "locID": "LOC000170827567",
    "tech": "WIRELESS",
    "upgrade": "NULL_NA",
    "gnaf_pid": "GASA_425445972",
    "tech_change_status": "Not Planned",
    "program_type": "Fixed Wireless and Satellite Upgrade Program",
    "target_eligibility_quarter": "Dec 2024"
   }
  },
  {
   "type": "Feature",
   "geometry": {
    "type": "Point",
    "coordinates": [
     139.59723228,
     -34.56686393
    ]
   },
   "properties": {
    "name": "16-18 VICTORIA STREET SWAN REACH 5354",
    "locID": "LOC000181815261",
    "tech": "WIRELESS",
    "upgrade": "NULL_NA",
    "gnaf_pid": "GASA_425454252",
    "tech_change_status": "Not Planned",
    "program_type": "Fixed Wireless and Satellite Upgrade Program",
    "target_eligibility_quarter": "Dec 2024"
   }
  },
  {
   "type": "Feature",
   "geometry": {
    "type": "Point",
    "coordinates": [
     139.45460106,
     -34.58650598
    ]
   },
   "properties": {
    "name": "LOT 6 STOTT HIGHWAY SWAN REACH 5354",
    "locID": "LOC000113024869",
    "tech": "WIRELESS",
    "upgrade": "NULL_NA",
    "gnaf_pid": "GASA_425504117",
    "tech_change_status": "Not Planned",
    "program_type": "Fixed Wireless and Satellite Upgrade Program",
    "target_eligibility_quarter": "Dec 2024"
   }
  },
  {
   "type": "Feature",
   "geometry": {
    "type": "Point",
    "coordinates": [
     139.59774763,
     -34.57583915
    ]
   },
   "properties": {
    "name": "48 CONNORS ROAD SWAN REACH 5354",
    "locID": "LOC100083325953",
    "tech": "WIRELESS",
    "upgrade": "NULL_NA",
    "gnaf_pid": "GASA_425508712",
    "tech_change_status": "Not Planned",
    "program_type": "Fixed Wireless and Satellite Upgrade Program",
    "target_eligibility_quarter": "Dec 2024"
   }
  },
  {
   "type": "Feature",
   "geometry": {
    "type": "Point",
    "coordinates": [
     139.59925884,
     -34.57306501
    ]
   },
   "properties": {
    "name": "4 CONNORS ROAD SWAN REACH 5354",
    "locID": "LOC100083325953",
    "tech": "WIRELESS",
    "upgrade": "NULL_NA",
    "gnaf_pid": "GASA_425508713",
    "tech_change_status": "Not Planned",
    "program_type": "Fixed Wireless and Satellite Upgrade Program",
    "target_eligibility_quarter": "Dec 2024"
   }
  },
  {
   "type": "Feature",
   "geometry": {
    "type": "Point",
    "coordinates": [
     139.5990549,
     -34.57312052
    ]
   },
   "properties": {
    "name": "6 CONNORS ROAD SWAN REACH 5354",
    "locID": "LOC000131139058",
    "tech": "WIRELESS",
    "upgrade": "NULL_NA",
    "gnaf_pid": "GASA_425508715",
    "tech_change_status": "Not Planned",
    "program_type": "Fixed Wireless and Satellite Upgrade Program",
    "target_eligibility_quarter": "Dec 2024"
   }
  },
  {
   "type": "Feature",
   "geometry": {
    "type": "Point",
    "coordinates": [
     139.66179206,
     -34.62660751
    ]
   },
   "properties": {
    "name": "LOT 397 HUNTER ROAD SWAN REACH 5354",
    "locID": "LOC000090022097",
    "tech": "WIRELESS",
    "upgrade": "NULL_NA",
    "gnaf_pid": "GASA_425509556",
    "tech_change_status": "Not Planned",
    "program_type": "Fixed Wireless and Satellite Upgrade Program",
    "target_eligibility_quarter": "Dec 2024"
   }
  },
  {
   "type": "Feature",
   "geometry": {
    "type": "Point",
    "coordinates": [
     139.59079604,
     -34.5693733
    ]
   },
   "properties": {
    "name": "LOT 10 RIVER RESERVE ROAD SWAN REACH 5354",
    "locID": "LOC000185034379",
    "tech": "WIRELESS",
    "upgrade": "NULL_NA",
    "gnaf_pid": "GASA_425510419",
    "tech_change_status": "Not Planned",
    "program_type": "Fixed Wireless and Satellite Upgrade Program",
    "target_eligibility_quarter": "Dec 2024"
   }
  },
  {
   "type": "Feature",
   "geometry": {
    "type": "Point",
    "coordinates": [
     139.59209214,
     -34.56857488
    ]
   },
   "properties": {
    "name": "LOT 5 RIVER RESERVE ROAD SWAN REACH 5354",
    "locID": "LOC000131130689",
    "tech": "WIRELESS",
    "upgrade": "NULL_NA",
    "gnaf_pid": "GASA_425510422",
    "tech_change_status": "Not Planned",
    "program_type": "Fixed Wireless and Satellite Upgrade Program",
    "target_eligibility_quarter": "Dec 2024"
   }
  },
  {
   "type": "Feature",
   "geometry": {
    "type": "Point",
    "coordinates": [
     139.59783974,
     -34.57604825
    ]
   },
   "properties": {
    "name": "51 CONNORS ROAD SWAN REACH 5354",
    "locID": "LOC000190060931",
    "tech": "WIRELESS",
    "upgrade": "NULL_NA",
    "gnaf_pid": "GASA_425533356",
    "tech_change_status": "Not Planned",
    "program_type": "Fixed Wireless and Satellite Upgrade Program",
    "target_eligibility_quarter": "Dec 2024"
   }
  },
  {
   "type": "Feature",
   "geometry": {
    "type": "Point",
    "coordinates": [
     139.49250238,
     -34.57262371
    ]
   },
   "properties": {
    "name": "4568 STOTT HIGHWAY SWAN REACH 5354",
    "locID": "LOC000148408563",
    "tech": "NULL",
    "upgrade": "NULL_NA",
    "gnaf_pid": "GASA_425534645",
    "tech_change_status": "Not Planned"
   }
  },
  {
   "type": "Feature",
   "geometry": {
    "type": "Point",
    "coordinates": [
     139.65888528,
     -34.54150175
    ]
   },
   "properties": {
    "name": "647 STOTT HIGHWAY SWAN REACH 5354",
    "locID": "LOC100078107240",
    "tech": "WIRELESS",
    "upgrade": "NULL_NA",
    "gnaf_pid": "GASA_425600058",
    "tech_change_status": "Not Planned",
    "program_type": "Fixed Wireless and Satellite Upgrade Program",
    "target_eligibility_quarter": "Dec 2024"
   }
  },
  {
   "type": "Feature",
   "geometry": {
    "type": "Point",
    "coordinates": [
     139.6070434,
     -34.56734261
    ]
   },
   "properties": {
    "name": "LOT 10 HUNTER ROAD SWAN REACH 5354",
    "locID": "LOC000090022097",
    "tech": "WIRELESS",
    "upgrade": "NULL_NA",
    "gnaf_pid": "GASA_425711260",
    "tech_change_status": "Not Planned",
    "program_type": "Fixed Wireless and Satellite Upgrade Program",
    "target_eligibility_quarter": "Dec 2024"
   }
  },
  {
   "type": "Feature",
   "geometry": {
    "type": "Point",
    "coordinates": [
     139.66065898,
     -34.506169
    ]
   },
   "properties": {
    "name": "LOT 12 HUNTER ROAD SWAN REACH 5354",
    "locID": "LOC000090022097",
    "tech": "WIRELESS",
    "upgrade": "NULL_NA",
    "gnaf_pid": "GASA_425711261",
    "tech_change_status": "Not Planned",
    "program_type": "Fixed Wireless and Satellite Upgrade Program",
    "target_eligibility_quarter": "Dec 2024"
   }
  },
  {
   "type": "Feature",
   "geometry": {
    "type": "Point",
    "coordinates": [
     139.62499751,
     -34.61035375
    ]
   },
   "properties": {
    "name": "LOT 29 HUNTER ROAD SWAN REACH 5354",
    "locID": "LOC000090022097",
    "tech": "WIRELESS",
    "upgrade": "NULL_NA",
    "gnaf_pid": "GASA_425711262",
    "tech_change_status": "Not Planned",
    "program_type": "Fixed Wireless and Satellite Upgrade Program",
    "target_eligibility_quarter": "Dec 2024"
   }
  },
  {
   "type": "Feature",
   "geometry": {
    "type": "Point",
    "coordinates": [
     139.62660178,
     -34.5385214
    ]
   },
   "properties": {
    "name": "LOT 4 HUNTER ROAD SWAN REACH 5354",
    "locID": "LOC000090022097",
    "tech": "WIRELESS",
    "upgrade": "NULL_NA",
    "gnaf_pid": "GASA_425711263",
    "tech_change_status": "Not Planned",
    "program_type": "Fixed Wireless and Satellite Upgrade Program",
    "target_eligibility_quarter": "Dec 2024"
   }
  },
  {
   "type": "Feature",
   "geometry": {
    "type": "Point",
    "coordinates": [
     139.62562701,
     -34.53438375
    ]
   },
   "properties": {
    "name": "LOT 5 HUNTER ROAD SWAN REACH 5354",
    "locID": "LOC000184077546",
    "tech": "WIRELESS",
    "upgrade": "NULL_NA",
    "gnaf_pid": "GASA_425711264",
    "tech_change_status": "Not Planned",
    "program_type": "Fixed Wireless and Satellite Upgrade Program",
    "target_eligibility_quarter": "Dec 2024"
   }
  },
  {
   "type": "Feature",
   "geometry": {
    "type": "Point",
    "coordinates": [
     139.62654951,
     -34.53000639
    ]
   },
   "properties": {
    "name": "LOT 6 HUNTER ROAD SWAN REACH 5354",
    "locID": "LOC000090022097",
    "tech": "WIRELESS",
    "upgrade": "NULL_NA",
    "gnaf_pid": "GASA_425711265",
    "tech_change_status": "Not Planned",
    "program_type": "Fixed Wireless and Satellite Upgrade Program",
    "target_eligibility_quarter": "Dec 2024"
   }
  },
  {
   "type": "Feature",
   "geometry": {
    "type": "Point",
    "coordinates": [
     139.62791126,
     -34.52293139
    ]
   },
   "properties": {
    "name": "LOT 7 HUNTER ROAD SWAN REACH 5354",
    "locID": "LOC000090022097",
    "tech": "WIRELESS",
    "upgrade": "NULL_NA",
    "gnaf_pid": "GASA_425711266",
    "tech_change_status": "Not Planned",
    "program_type": "Fixed Wireless and Satellite Upgrade Program",
    "target_eligibility_quarter": "Dec 2024"
   }
  },
  {
   "type": "Feature",
   "geometry": {
    "type": "Point",
    "coordinates": [
     139.60658833,
     -34.57889074
    ]
   },
   "properties": {
    "name": "LOT 93 HUNTER ROAD SWAN REACH 5354",
    "locID": "LOC000090022097",
    "tech": "WIRELESS",
    "upgrade": "NULL_NA",
    "gnaf_pid": "GASA_425711267",
    "tech_change_status": "Not Planned",
    "program_type": "Fixed Wireless and Satellite Upgrade Program",
    "target_eligibility_quarter": "Dec 2024"
   }
  },
  {
   "type": "Feature",
   "geometry": {
    "type": "Point",
    "coordinates": [
     139.67526241,
     -34.54009835
    ]
   },
   "properties": {
    "name": "LOT 10 STOTT HIGHWAY SWAN REACH 5354",
    "locID": "LOC000169170209",
    "tech": "WIRELESS",
    "upgrade": "NULL_NA",
    "gnaf_pid": "GASA_425714822",
    "tech_change_status": "Not Planned",
    "program_type": "Fixed Wireless and Satellite Upgrade Program",
    "target_eligibility_quarter": "Dec 2024"
   }
  },
  {
   "type": "Feature",
   "geometry": {
    "type": "Point",
    "coordinates": [
     139.68148094,
     -34.53956665
    ]
   },
   "properties": {
    "name": "LOT 11 STOTT HIGHWAY SWAN REACH 5354",
    "locID": "LOC000114642560",
    "tech": "WIRELESS",
    "upgrade": "NULL_NA",
    "gnaf_pid": "GASA_425714823",
    "tech_change_status": "Not Planned",
    "program_type": "Fixed Wireless and Satellite Upgrade Program",
    "target_eligibility_quarter": "Dec 2024"
   }
  },
  {
   "type": "Feature",
   "geometry": {
    "type": "Point",
    "coordinates": [
     139.62705575,
     -34.55159671
    ]
   },
   "properties": {
    "name": "LOT 1 STOTT HIGHWAY SWAN REACH 5354",
    "locID": "LOC000114438839",
    "tech": "WIRELESS",
    "upgrade": "NULL_NA",
    "gnaf_pid": "GASA_425714824",
    "tech_change_status": "Not Planned",
    "program_type": "Fixed Wireless and Satellite Upgrade Program",
    "target_eligibility_quarter": "Dec 2024"
   }
  },
  {
   "type": "Feature",
   "geometry": {
    "type": "Point",
    "coordinates": [
     139.59669664,
     -34.57286554
    ]
   },
   "properties": {
    "name": "1-5 CONNORS ROAD SWAN REACH 5354",
    "locID": "LOC000180874434",
    "tech": "WIRELESS",
    "upgrade": "NULL_NA",
    "gnaf_pid": "GASA_425716084",
    "tech_change_status": "Not Planned",
    "program_type": "Fixed Wireless and Satellite Upgrade Program",
    "target_eligibility_quarter": "Dec 2024"
   }
  },
  {
   "type": "Feature",
   "geometry": {
    "type": "Point",
    "coordinates": [
     139.63538375,
     -34.59717976
    ]
   },
   "properties": {
    "name": "LOT 33 HUNTER ROAD SWAN REACH 5354",
    "locID": "LOC000090022097",
    "tech": "WIRELESS",
    "upgrade": "NULL_NA",
    "gnaf_pid": "GASA_425721515",
    "tech_change_status": "Not Planned",
    "program_type": "Fixed Wireless and Satellite Upgrade Program",
    "target_eligibility_quarter": "Dec 2024"
   }
  },
  {
   "type": "Feature",
   "geometry": {
    "type": "Point",
    "coordinates": [
     139.68383087,
     -34.49216696
    ]
   },
   "properties": {
    "name": "LOT 301 PIONEER ROAD SWAN REACH 5354",
    "locID": "LOC100071999020",
    "tech": "NULL",
    "upgrade": "NULL_NA",
    "gnaf_pid": "GASA_425723770",
    "tech_change_status": "Not Planned"
   }
  },
  {
   "type": "Feature",
   "geometry": {
    "type": "Point",
    "coordinates": [
     139.73005958,
     -34.49584893
    ]
   },
   "properties": {
    "name": "LOT 365 PIONEER ROAD SWAN REACH 5354",
    "locID": "LOC100071999020",
    "tech": "NULL",
    "upgrade": "NULL_NA",
    "gnaf_pid": "GASA_425723771",
    "tech_change_status": "Not Planned"
   }
  },
  {
   "type": "Feature",
   "geometry": {
    "type": "Point",
    "coordinates": [
     139.62708257,
     -34.5422762
    ]
   },
   "properties": {
    "name": "LOT 3 HUNTER ROAD SWAN REACH 5354",
    "locID": "LOC000090022097",
    "tech": "WIRELESS",
    "upgrade": "NULL_NA",
    "gnaf_pid": "GASA_425846055",
    "tech_change_status": "Not Planned",
    "program_type": "Fixed Wireless and Satellite Upgrade Program",
    "target_eligibility_quarter": "Dec 2024"
   }
  },
  {
   "type": "Feature",
   "geometry": {
    "type": "Point",
    "coordinates": [
     139.59916518,
     -34.56552333
    ]
   },
   "properties": {
    "name": "3 HASSE HILL ROAD SWAN REACH 5354",
    "locID": "LOC000069686837",
    "tech": "WIRELESS",
    "upgrade": "NULL_NA",
    "gnaf_pid": "GASA_719247023",
    "tech_change_status": "Not Planned",
    "program_type": "Fixed Wireless and Satellite Upgrade Program",
    "target_eligibility_quarter": "Dec 2024"
   }
  },
  {
   "type": "Feature",
   "geometry": {
    "type": "Point",
    "coordinates": [
     139.7038524,
     -34.54260666
    ]
   },
   "properties": {
    "name": "1025A STOTT HIGHWAY SWAN REACH 5354",
    "locID": "LOC000169170209",
    "tech": "WIRELESS",
    "upgrade": "NULL_NA",
    "gnaf_pid": "GASA_719400669",
    "tech_change_status": "Not Planned",
    "program_type": "Fixed Wireless and Satellite Upgrade Program",
    "target_eligibility_quarter": "Dec 2024"
   }
  },
  {
   "type": "Feature",
   "geometry": {
    "type": "Point",
    "coordinates": [
     139.564204,
     -34.660466
    ]
   },
   "properties": {
    "name": "7318A MURRAYLANDS ROAD SWAN REACH 5354",
    "locID": "LOC100072003333",
    "tech": "WIRELESS",
    "upgrade": "NULL_NA",
    "gnaf_pid": "GASA_719518037",
    "tech_change_status": "Not Planned",
    "program_type": "Fixed Wireless and Satellite Upgrade Program",
    "target_eligibility_quarter": "Dec 2024"
   }
  },
  {
   "type": "Feature",
   "geometry": {
    "type": "Point",
    "coordinates": [
     139.564092,
     -34.660547
    ]
   },
   "properties": {
    "name": "7318B MURRAYLANDS ROAD SWAN REACH 5354",
    "locID": "LOC100072003333",
    "tech": "WIRELESS",
    "upgrade": "NULL_NA",
    "gnaf_pid": "GASA_719521566",
    "tech_change_status": "Not Planned",
    "program_type": "Fixed Wireless and Satellite Upgrade Program",
    "target_eligibility_quarter": "Dec 2024"
   }
  },
  {
   "type": "Feature",
   "geometry": {
    "type": "Point",
    "coordinates": [
     139.74804898,
     -34.5195437
    ]
   },
   "properties": {
    "name": "LOT 15 STOTT HIGHWAY SWAN REACH 5354",
    "locID": "LOC000114438839",
    "tech": "WIRELESS",
    "upgrade": "NULL_NA",
    "gnaf_pid": "GASA_719772424",
    "tech_change_status": "Not Planned",
    "program_type": "Fixed Wireless and Satellite Upgrade Program",
    "target_eligibility_quarter": "Dec 2024"
   }
  },
  {
   "type": "Feature",
   "geometry": {
    "type": "Point",
    "coordinates": [
     139.61316793,
     -34.62823721
    ]
   },
   "properties": {
    "name": "LOT 63 BIG BEND EAST ROAD SWAN REACH 5354",
    "locID": "LOC000150775900",
    "tech": "SATELLITE",
    "upgrade": "NULL_NA",
    "gnaf_pid": "GASA_720299879",
    "tech_change_status": "Not Planned"
   }
  },
  {
   "type": "Feature",
   "geometry": {
    "type": "Point",
    "coordinates": [
     139.4711039,
     -34.61079748
    ]
   },
   "properties": {
    "name": "LOT 15 SLEEPER TRACK SWAN REACH 5354",
    "locID": "LOC000116285330",
    "tech": "NULL",
    "upgrade": "NULL_NA",
    "gnaf_pid": "GASA_720300925",
    "tech_change_status": "Not Planned"
   }
  },
  {
   "type": "Feature",
   "geometry": {
    "type": "Point",
    "coordinates": [
     139.44289731,
     -34.60278687
    ]
   },
   "properties": {
    "name": "LOT 19 SLEEPER TRACK SWAN REACH 5354",
    "locID": "LOC000116285330",
    "tech": "NULL",
    "upgrade": "NULL_NA",
    "gnaf_pid": "GASA_720301385",
    "tech_change_status": "Not Planned"
   }
  },
  {
   "type": "Feature",
   "geometry": {
    "type": "Point",
    "coordinates": [
     139.44289558,
     -34.61071709
    ]
   },
   "properties": {
    "name": "LOT 18 SLEEPER TRACK SWAN REACH 5354",
    "locID": "LOC000116285330",
    "tech": "NULL",
    "upgrade": "NULL_NA",
    "gnaf_pid": "GASA_720301535",
    "tech_change_status": "Not Planned"
   }
  },
  {
   "type": "Feature",
   "geometry": {
    "type": "Point",
    "coordinates": [
     139.53384177,
     -34.60357529
    ]
   },
   "properties": {
    "name": "LOT 52 OLD PUNYELROO ROAD SWAN REACH 5354",
    "locID": "LOC000114778060",
    "tech": "SATELLITE",
    "upgrade": "NULL_NA",
    "gnaf_pid": "GASA_720301756",
    "tech_change_status": "Not Planned"
   }
  },
  {
   "type": "Feature",
   "geometry": {
    "type": "Point",
    "coordinates": [
     139.51438629,
     -34.65061971
    ]
   },
   "properties": {
    "name": "LOT 214 SLEEPER TRACK SWAN REACH 5354",
    "locID": "LOC000116285330",
    "tech": "NULL",
    "upgrade": "NULL_NA",
    "gnaf_pid": "GASA_720302358",
    "tech_change_status": "Not Planned"
   }
  },
  {
   "type": "Feature",
   "geometry": {
    "type": "Point",
    "coordinates": [
     139.46159021,
     -34.61077046
    ]
   },
   "properties": {
    "name": "LOT 16 SLEEPER TRACK SWAN REACH 5354",
    "locID": "LOC000116285330",
    "tech": "NULL",
    "upgrade": "NULL_NA",
    "gnaf_pid": "GASA_720302384",
    "tech_change_status": "Not Planned"
   }
  },
  {
   "type": "Feature",
   "geometry": {
    "type": "Point",
    "coordinates": [
     139.61850374,
     -34.60517267
    ]
   },
   "properties": {
    "name": "LOT 31W NILDOTTIE ROAD SWAN REACH 5354",
    "locID": "LOC000131130426",
    "tech": "WIRELESS",
    "upgrade": "NULL_NA",
    "gnaf_pid": "GASA_720302595",
    "tech_change_status": "Not Planned",
    "program_type": "Fixed Wireless and Satellite Upgrade Program",
    "target_eligibility_quarter": "Dec 2024"
   }
  },
  {
   "type": "Feature",
   "geometry": {
    "type": "Point",
    "coordinates": [
     139.72899441,
     -34.56661573
    ]
   },
   "properties": {
    "name": "LOT 162 OLD LOXTON ROAD SWAN REACH 5354",
    "locID": "LOC000114672133",
    "tech": "NULL",
    "upgrade": "NULL_NA",
    "gnaf_pid": "GASA_720302741",
    "tech_change_status": "Not Planned"
   }
  },
  {
   "type": "Feature",
   "geometry": {
    "type": "Point",
    "coordinates": [
     139.45222844,
     -34.60280539
    ]
   },
   "properties": {
    "name": "LOT 20 SLEEPER TRACK SWAN REACH 5354",
    "locID": "LOC000116285330",
    "tech": "NULL",
    "upgrade": "NULL_NA",
    "gnaf_pid": "GASA_720302768",
    "tech_change_status": "Not Planned"
   }
  },
  {
   "type": "Feature",
   "geometry": {
    "type": "Point",
    "coordinates": [
     139.46162441,
     -34.60283115
    ]
   },
   "properties": {
    "name": "LOT 21 SLEEPER TRACK SWAN REACH 5354",
    "locID": "LOC000116285330",
    "tech": "NULL",
    "upgrade": "NULL_NA",
    "gnaf_pid": "GASA_720302843",
    "tech_change_status": "Not Planned"
   }
  },
  {
   "type": "Feature",
   "geometry": {
    "type": "Point",
    "coordinates": [
     139.60292413,
     -34.58403737
    ]
   },
   "properties": {
    "name": "LOT 419 NILDOTTIE ROAD SWAN REACH 5354",
    "locID": "LOC000021694248",
    "tech": "WIRELESS",
    "upgrade": "NULL_NA",
    "gnaf_pid": "GASA_720303741",
    "tech_change_status": "Not Planned",
    "program_type": "Fixed Wireless and Satellite Upgrade Program",
    "target_eligibility_quarter": "Dec 2024"
   }
  },
  {
   "type": "Feature",
   "geometry": {
    "type": "Point",
    "coordinates": [
     139.4522085,
     -34.61073995
    ]
   },
   "properties": {
    "name": "LOT 17 SLEEPER TRACK SWAN REACH 5354",
    "locID": "LOC000116285330",
    "tech": "NULL",
    "upgrade": "NULL_NA",
    "gnaf_pid": "GASA_720303956",
    "tech_change_status": "Not Planned"
   }
  },
  {
   "type": "Feature",
   "geometry": {
    "type": "Point",
    "coordinates": [
     139.58668912,
     -34.56122508
    ]
   },
   "properties": {
    "name": "LOT 1 MURRAYLANDS ROAD SWAN REACH 5354",
    "locID": "LOC000131139140",
    "tech": "WIRELESS",
    "upgrade": "NULL_NA",
    "gnaf_pid": "GASA_720304163",
    "tech_change_status": "Not Planned",
    "program_type": "Fixed Wireless and Satellite Upgrade Program",
    "target_eligibility_quarter": "Dec 2024"
   }
  },
  {
   "type": "Feature",
   "geometry": {
    "type": "Point",
    "coordinates": [
     139.4711132,
     -34.60285314
    ]
   },
   "properties": {
    "name": "LOT 22 SLEEPER TRACK SWAN REACH 5354",
    "locID": "LOC000116285330",
    "tech": "NULL",
    "upgrade": "NULL_NA",
    "gnaf_pid": "GASA_720304233",
    "tech_change_status": "Not Planned"
   }
  },
  {
   "type": "Feature",
   "geometry": {
    "type": "Point",
    "coordinates": [
     139.62734663,
     -34.54580055
    ]
   },
   "properties": {
    "name": "LOT 2 HUNTER ROAD SWAN REACH 5354",
    "locID": "LOC000184077546",
    "tech": "WIRELESS",
    "upgrade": "NULL_NA",
    "gnaf_pid": "GASA_720587519",
    "tech_change_status": "Not Planned",
    "program_type": "Fixed Wireless and Satellite Upgrade Program",
    "target_eligibility_quarter": "Dec 2024"
   }
  },
  {
   "type": "Feature",
   "geometry": {
    "type": "Point",
    "coordinates": [
     139.59957032,
     -34.56501836
    ]
   },
   "properties": {
    "name": "LOT 11 ANZAC AVENUE SWAN REACH 5354",
    "locID": "LOC000099136301",
    "tech": "WIRELESS",
    "upgrade": "NULL_NA",
    "gnaf_pid": "GASA_720706691",
    "tech_change_status": "Not Planned",
    "program_type": "Fixed Wireless and Satellite Upgrade Program",
    "target_eligibility_quarter": "Dec 2024"
   }
  },
  {
   "type": "Feature",
   "geometry": {
    "type": "Point",
    "coordinates": [
     139.59697087,
     -34.56926863
    ]
   },
   "properties": {
    "name": "7-11 NILDOTTIE ROAD SWAN REACH 5354",
    "locID": "LOC000085783785",
    "tech": "WIRELESS",
    "upgrade": "NULL_NA",
    "gnaf_pid": "GASA_720721187",
    "tech_change_status": "Not Planned",
    "program_type": "Fixed Wireless and Satellite Upgrade Program",
    "target_eligibility_quarter": "Dec 2024"
   }
  },
  {
   "type": "Feature",
   "geometry": {
    "type": "Point",
    "coordinates": [
     139.60012311,
     -34.56454086
    ]
   },
   "properties": {
    "name": "11-13 ANZAC AVENUE SWAN REACH 5354",
    "locID": "LOC000099136301",
    "tech": "WIRELESS",
    "upgrade": "NULL_NA",
    "gnaf_pid": "GASA_720723229",
    "tech_change_status": "Not Planned",
    "program_type": "Fixed Wireless and Satellite Upgrade Program",
    "target_eligibility_quarter": "Dec 2024"
   }
  },
  {
   "type": "Feature",
   "geometry": {
    "type": "Point",
    "coordinates": [
     139.59769341,
     -34.56820564
    ]
   },
   "properties": {
    "name": "LOT 48 ANZAC AVENUE SWAN REACH 5354",
    "locID": "LOC100072001813",
    "tech": "WIRELESS",
    "upgrade": "NULL_NA",
    "gnaf_pid": "GASA_720849300",
    "tech_change_status": "Not Planned",
    "program_type": "Fixed Wireless and Satellite Upgrade Program",
    "target_eligibility_quarter": "Dec 2024"
   }
  },
  {
   "type": "Feature",
   "geometry": {
    "type": "Point",
    "coordinates": [
     139.59413617,
     -34.56768873
    ]
   },
   "properties": {
    "name": "LOT 53 RIVER RESERVE ROAD SWAN REACH 5354",
    "locID": "LOC000131130731",
    "tech": "WIRELESS",
    "upgrade": "NULL_NA",
    "gnaf_pid": "GASA_721467873",
    "tech_change_status": "Not Planned",
    "program_type": "Fixed Wireless and Satellite Upgrade Program",
    "target_eligibility_quarter": "Dec 2024"
   }
  }
 ]
}