{
 "type": "FeatureCollection",
 "generated": "2025-01-31T08:09:57.098693",
 "suburb": "CASTERTON",
 "features": [
  {
   "type": "Feature",
   "geometry": {
    "type": "Point",
    "coordinates": [
     141.39316565,
     -37.59036843
    ]
   },
   "properties": {
    "name": "63 RUSSELL STREET CASTERTON 3311",
    "locID": "LOC000071566352",
    "tech": "FTTC",
    "upgrade": "FTTP_SA",
    "gnaf_pid": "GAVIC411064455",
    "tech_change_status": "Eligible to Order"
   }
  },
  {
   "type": "Feature",
   "geometry": {
    "type": "Point",
    "coordinates": [
     141.40226574,
     -37.58365775
    ]
   },
   "properties": {
    "name": "51 MCPHERSON STREET CASTERTON 3311",
    "locID": "LOC000019634211",
    "tech": "FTTP",
    "upgrade": "FTTP_NA",
    "gnaf_pid": "GAVIC411064479",
    "tech_change_status": "Previous Tech Disconnected",
    "program_type": "On-Demand N2P SDU/MDU Simple",
    "target_eligibility_quarter": "NA"
   }
  },
  {
   "type": "Feature",
   "geometry": {
    "type": "Point",
    "coordinates": [
     141.40677081,
     -37.58494129
    ]
   },
   "properties": {
    "name": "2 CLARKE STREET CASTERTON 3311",
    "locID": "LOC000053671008",
    "tech": "FTTP",
    "upgrade": "NULL_NA",
    "gnaf_pid": "GAVIC411064533",
    "program_type": "On-Demand N2P SDU/MDU Simple",
    "target_eligibility_quarter": "NA"
   }
  },
  {
   "type": "Feature",
   "geometry": {
    "type": "Point",
    "coordinates": [
     141.38824627,
     -37.59204915
    ]
   },
   "properties": {
    "name": "UNIT 1, 28 GEORGE STREET CASTERTON 3311",
    "locID": "LOC000105502639",
    "tech": "FTTN",
    "upgrade": "FTTP_NA",
    "gnaf_pid": "GAVIC411064535",
    "tech_change_status": "MDU Complex Eligible To Apply",
    "program_type": "Customer-initiated N2P MDU Complex"
   }
  },
  {
   "type": "Feature",
   "geometry": {
    "type": "Point",
    "coordinates": [
     141.38966145,
     -37.59338584
    ]
   },
   "properties": {
    "name": "41 PEACHEY STREET CASTERTON 3311",
    "locID": "LOC000124625201",
    "tech": "FTTC",
    "upgrade": "FTTP_SA",
    "gnaf_pid": "GAVIC411064554",
    "tech_change_status": "Eligible to Order"
   }
  },
  {
   "type": "Feature",
   "geometry": {
    "type": "Point",
    "coordinates": [
     141.39601901,
     -37.59173371
    ]
   },
   "properties": {
    "name": "4 HARGREAVES COURT CASTERTON 3311",
    "locID": "LOC000012823833",
    "tech": "FTTN",
    "upgrade": "FTTP_SA",
    "gnaf_pid": "GAVIC411064702",
    "tech_change_status": "Eligible to Order",
    "program_type": "On-Demand N2P SDU/MDU Simple",
    "target_eligibility_quarter": "NA"
   }
  },
  {
   "type": "Feature",
   "geometry": {
    "type": "Point",
    "coordinates": [
     141.4123563,
     -37.59009263
    ]
   },
   "properties": {
    "name": "66A ROBERTSON STREET CASTERTON 3311",
    "locID": "LOC000071028077",
    "tech": "FTTP",
    "upgrade": "NULL_NA",
    "gnaf_pid": "GAVIC411064735",
    "tech_change_status": "Previous Tech Disconnected",
    "program_type": "On-Demand N2P SDU/MDU Simple",
    "target_eligibility_quarter": "NA"
   }
  },
  {
   "type": "Feature",
   "geometry": {
    "type": "Point",
    "coordinates": [
     141.39359393,
     -37.59677246
    ]
   },
   "properties": {
    "name": "225 OLD MT GAMBIER ROAD CASTERTON 3311",
    "locID": "LOC000006046026",
    "tech": "FTTC",
    "upgrade": "FTTP_SA",
    "gnaf_pid": "GAVIC411065020",
    "tech_change_status": "Eligible to Order"
   }
  },
  {
   "type": "Feature",
   "geometry": {
    "type": "Point",
    "coordinates": [
     141.40578076,
     -37.58799698
    ]
   },
   "properties": {
    "name": "7 MCPHERSON STREET CASTERTON 3311",
    "locID": "LOC000065684517",
    "tech": "FTTN",
    "upgrade": "FTTP_SA",
    "gnaf_pid": "GAVIC411065594",
    "tech_change_status": "Eligible to Order",
    "program_type": "On-Demand N2P SDU/MDU Simple",
    "target_eligibility_quarter": "NA"
   }
  },
  {
   "type": "Feature",
   "geometry": {
    "type": "Point",
    "coordinates": [
     141.4023684,
     -37.58850906
    ]
   },
   "properties": {
    "name": "12 TUCKETT STREET CASTERTON 3311",
    "locID": "LOC000002867463",
    "tech": "FTTN",
    "upgrade": "FTTP_SA",
    "gnaf_pid": "GAVIC411065596",
    "tech_change_status": "Eligible to Order",
    "program_type": "On-Demand N2P SDU/MDU Simple",
    "target_eligibility_quarter": "NA"
   }
  },
  {
   "type": "Feature",
   "geometry": {
    "type": "Point",
    "coordinates": [
     141.41216198,
     -37.5869616
    ]
   },
   "properties": {
    "name": "16 SHIELS TERRACE CASTERTON 3311",
    "locID": "LOC000077647247",
    "tech": "FTTP",
    "upgrade": "FTTP_NA",
    "gnaf_pid": "GAVIC411065935",
    "tech_change_status": "Previous Tech Disconnected",
    "program_type": "On-Demand N2P SDU/MDU Simple",
    "target_eligibility_quarter": "NA"
   }
  },
  {
   "type": "Feature",
   "geometry": {
    "type": "Point",
    "coordinates": [
     141.39141334,
     -37.5913276
    ]
   },
   "properties": {
    "name": "22 CARMICHAEL STREET CASTERTON 3311",
    "locID": "LOC000041505696",
    "tech": "FTTP",
    "upgrade": "NULL_NA",
    "gnaf_pid": "GAVIC411066059"
   }
  },
  {
   "type": "Feature",
   "geometry": {
    "type": "Point",
    "coordinates": [
     141.39307224,
     -37.59073873
    ]
   },
   "properties": {
    "name": "61 RUSSELL STREET CASTERTON 3311",
    "locID": "LOC000014565435",
    "tech": "FTTC",
    "upgrade": "FTTP_SA",
    "gnaf_pid": "GAVIC411066065",
    "tech_change_status": "Eligible to Order"
   }
  },
  {
   "type": "Feature",
   "geometry": {
    "type": "Point",
    "coordinates": [
     141.40427906,
     -37.58610925
    ]
   },
   "properties": {
    "name": "UNIT 1, 25 MCPHERSON STREET CASTERTON 3311",
    "locID": "LOC000096453447",
    "tech": "FTTN",
    "upgrade": "FTTP_SA",
    "gnaf_pid": "GAVIC411066596",
    "tech_change_status": "Eligible to Order",
    "program_type": "On-Demand N2P SDU/MDU Simple",
    "target_eligibility_quarter": "NA"
   }
  },
  {
   "type": "Feature",
   "geometry": {
    "type": "Point",
    "coordinates": [
     141.38824627,
     -37.59204915
    ]
   },
   "properties": {
    "name": "UNIT 4, 28 GEORGE STREET CASTERTON 3311",
    "locID": "LOC000105627734",
    "tech": "FTTN",
    "upgrade": "FTTP_NA",
    "gnaf_pid": "GAVIC411066597",
    "tech_change_status": "MDU Complex Eligible To Apply",
    "program_type": "Customer-initiated N2P MDU Complex"
   }
  },
  {
   "type": "Feature",
   "geometry": {
    "type": "Point",
    "coordinates": [
     141.39117693,
     -37.59019946
    ]
   },
   "properties": {
    "name": "31 CARMICHAEL STREET CASTERTON 3311",
    "locID": "LOC000067026946",
    "tech": "FTTN",
    "upgrade": "FTTP_SA",
    "gnaf_pid": "GAVIC411066598",
    "tech_change_status": "Eligible to Order",
    "program_type": "On-Demand N2P SDU/MDU Simple",
    "target_eligibility_quarter": "NA"
   }
  },
  {
   "type": "Feature",
   "geometry": {
    "type": "Point",
    "coordinates": [
     141.41382546,
     -37.58138599
    ]
   },
   "properties": {
    "name": "2 ROBERTSON STREET CASTERTON 3311",
    "locID": "LOC000124694322",
    "tech": "FTTP",
    "upgrade": "FTTP_NA",
    "gnaf_pid": "GAVIC411066614",
    "tech_change_status": "Previous Tech Disconnected",
    "program_type": "On-Demand N2P SDU/MDU Simple",
    "target_eligibility_quarter": "NA"
   }
  },
  {
   "type": "Feature",
   "geometry": {
    "type": "Point",
    "coordinates": [
     141.40539315,
     -37.58751897
    ]
   },
   "properties": {
    "name": "1 TUCKETT STREET CASTERTON 3311",
    "locID": "LOC000115037323",
    "tech": "FTTP",
    "upgrade": "FTTP_NA",
    "gnaf_pid": "GAVIC411067126",
    "tech_change_status": "Previous Tech Disconnected",
    "program_type": "On-Demand N2P SDU/MDU Simple",
    "target_eligibility_quarter": "NA"
   }
  },
  {
   "type": "Feature",
   "geometry": {
    "type": "Point",
    "coordinates": [
     141.41326328,
     -37.58911199
    ]
   },
   "properties": {
    "name": "57 ROBERTSON STREET CASTERTON 3311",
    "locID": "LOC000012105176",
    "tech": "FTTN",
    "upgrade": "FTTP",
    "gnaf_pid": "GAVIC411067134",
    "tech_change_status": "Eligible to Order",
    "program_type": "On-Demand N2P SDU/MDU Simple",
    "target_eligibility_quarter": "NA"
   }
  },
  {
   "type": "Feature",
   "geometry": {
    "type": "Point",
    "coordinates": [
     141.4066791,
     -37.58482699
    ]
   },
   "properties": {
    "name": "4 CLARKE STREET CASTERTON 3311",
    "locID": "LOC000065537716",
    "tech": "FTTP",
    "upgrade": "FTTP_NA",
    "gnaf_pid": "GAVIC411068021",
    "tech_change_status": "Previous Tech Disconnected",
    "program_type": "On-Demand N2P SDU/MDU Simple",
    "target_eligibility_quarter": "NA"
   }
  },
  {
   "type": "Feature",
   "geometry": {
    "type": "Point",
    "coordinates": [
     141.40047491,
     -37.59143364
    ]
   },
   "properties": {
    "name": "58 BAHGALLAH ROAD CASTERTON 3311",
    "locID": "LOC000100619701",
    "tech": "FTTN",
    "upgrade": "FTTP",
    "gnaf_pid": "GAVIC411068169",
    "tech_change_status": "Eligible to Order",
    "program_type": "On-Demand N2P SDU/MDU Simple",
    "target_eligibility_quarter": "NA"
   }
  },
  {
   "type": "Feature",
   "geometry": {
    "type": "Point",
    "coordinates": [
     141.39707014,
     -37.59625282
    ]
   },
   "properties": {
    "name": "120 BAHGALLAH ROAD CASTERTON 3311",
    "locID": "LOC000002853682",
    "tech": "FTTN",
    "upgrade": "FTTP_SA",
    "gnaf_pid": "GAVIC411068170",
    "tech_change_status": "Eligible to Order",
    "program_type": "On-Demand N2P SDU/MDU Simple",
    "target_eligibility_quarter": "NA"
   }
  },
  {
   "type": "Feature",
   "geometry": {
    "type": "Point",
    "coordinates": [
     141.42056289,
     -37.58208659
    ]
   },
   "properties": {
    "name": "6101 GLENELG HIGHWAY CASTERTON 3311",
    "locID": "LOC000066804725",
    "tech": "FTTP",
    "upgrade": "FTTP_NA",
    "gnaf_pid": "GAVIC411068172",
    "tech_change_status": "Previous Tech Disconnected",
    "program_type": "On-Demand N2P SDU/MDU Simple",
    "target_eligibility_quarter": "NA"
   }
  },
  {
   "type": "Feature",
   "geometry": {
    "type": "Point",
    "coordinates": [
     141.39165009,
     -37.58682926
    ]
   },
   "properties": {
    "name": "23 MCEVOY STREET CASTERTON 3311",
    "locID": "LOC000016846707",
    "tech": "FTTP",
    "upgrade": "NULL_NA",
    "gnaf_pid": "GAVIC411068727",
    "program_type": "On-Demand N2P SDU/MDU Simple",
    "target_eligibility_quarter": "NA"
   }
  },
  {
   "type": "Feature",
   "geometry": {
    "type": "Point",
    "coordinates": [
     141.41659425,
     -37.58494749
    ]
   },
   "properties": {
    "name": "58 SHIELS TERRACE CASTERTON 3311",
    "locID": "LOC000091333371",
    "tech": "FTTN",
    "upgrade": "FTTP_SA",
    "gnaf_pid": "GAVIC411068825",
    "tech_change_status": "Eligible to Order",
    "program_type": "On-Demand N2P SDU/MDU Simple",
    "target_eligibility_quarter": "NA"
   }
  },
  {
   "type": "Feature",
   "geometry": {
    "type": "Point",
    "coordinates": [
     141.41452953,
     -37.58648365
    ]
   },
   "properties": {
    "name": "30 SHIELS TERRACE CASTERTON 3311",
    "locID": "LOC000005357107",
    "tech": "FTTN",
    "upgrade": "FTTP_SA",
    "gnaf_pid": "GAVIC411068827",
    "tech_change_status": "Eligible to Order",
    "program_type": "On-Demand N2P SDU/MDU Simple",
    "target_eligibility_quarter": "NA"
   }
  },
  {
   "type": "Feature",
   "geometry": {
    "type": "Point",
    "coordinates": [
     141.41272081,
     -37.59133534
    ]
   },
   "properties": {
    "name": "UNIT 1, 3 STEWART STREET CASTERTON 3311",
    "locID": "LOC000124685075",
    "tech": "FTTN",
    "upgrade": "FTTP",
    "gnaf_pid": "GAVIC411068830",
    "tech_change_status": "Eligible to Order",
    "program_type": "On-Demand N2P SDU/MDU Simple",
    "target_eligibility_quarter": "NA"
   }
  },
  {
   "type": "Feature",
   "geometry": {
    "type": "Point",
    "coordinates": [
     141.41367951,
     -37.58766446
    ]
   },
   "properties": {
    "name": "4 ROSS STREET CASTERTON 3311",
    "locID": "LOC000017133310",
    "tech": "FTTN",
    "upgrade": "FTTP_SA",
    "gnaf_pid": "GAVIC411068833",
    "tech_change_status": "Eligible to Order",
    "program_type": "On-Demand N2P SDU/MDU Simple",
    "target_eligibility_quarter": "NA"
   }
  },
  {
   "type": "Feature",
   "geometry": {
    "type": "Point",
    "coordinates": [
     141.41510634,
     -37.58705408
    ]
   },
   "properties": {
    "name": "12 ROSS STREET CASTERTON 3311",
    "locID": "LOC000113005782",
    "tech": "FTTP",
    "upgrade": "FTTP_NA",
    "gnaf_pid": "GAVIC411068835",
    "tech_change_status": "Previous Tech Disconnected",
    "program_type": "On-Demand N2P SDU/MDU Simple",
    "target_eligibility_quarter": "NA"
   }
  },
  {
   "type": "Feature",
   "geometry": {
    "type": "Point",
    "coordinates": [
     141.39297883,
     -37.59110903
    ]
   },
   "properties": {
    "name": "59 RUSSELL STREET CASTERTON 3311",
    "locID": "LOC000040669172",
    "tech": "FTTC",
    "upgrade": "FTTP_SA",
    "gnaf_pid": "GAVIC411068997",
    "tech_change_status": "Eligible to Order"
   }
  },
  {
   "type": "Feature",
   "geometry": {
    "type": "Point",
    "coordinates": [
     141.39534828,
     -37.59556235
    ]
   },
   "properties": {
    "name": "14 STARK STREET CASTERTON 3311",
    "locID": "LOC000079312240",
    "tech": "FTTN",
    "upgrade": "FTTP_SA",
    "gnaf_pid": "GAVIC411069489",
    "tech_change_status": "Eligible to Order",
    "program_type": "On-Demand N2P SDU/MDU Simple",
    "target_eligibility_quarter": "NA"
   }
  },
  {
   "type": "Feature",
   "geometry": {
    "type": "Point",
    "coordinates": [
     141.3915961,
     -37.58723325
    ]
   },
   "properties": {
    "name": "25 MCEVOY STREET CASTERTON 3311",
    "locID": "LOC000081422264",
    "tech": "FTTN",
    "upgrade": "FTTP_SA",
    "gnaf_pid": "GAVIC411069873",
    "tech_change_status": "Eligible to Order",
    "program_type": "On-Demand N2P SDU/MDU Simple",
    "target_eligibility_quarter": "NA"
   }
  },
  {
   "type": "Feature",
   "geometry": {
    "type": "Point",
    "coordinates": [
     141.4036788,
     -37.58479418
    ]
   },
   "properties": {
    "name": "34 MCPHERSON STREET CASTERTON 3311",
    "locID": "LOC000042674690",
    "tech": "FTTN",
    "upgrade": "FTTP_SA",
    "gnaf_pid": "GAVIC411072763",
    "tech_change_status": "Eligible to Order",
    "program_type": "On-Demand N2P SDU/MDU Simple",
    "target_eligibility_quarter": "NA"
   }
  },
  {
   "type": "Feature",
   "geometry": {
    "type": "Point",
    "coordinates": [
     141.41571859,
     -37.58559552
    ]
   },
   "properties": {
    "name": "44 SHIELS TERRACE CASTERTON 3311",
    "locID": "LOC000065539099",
    "tech": "FTTN",
    "upgrade": "FTTP",
    "gnaf_pid": "GAVIC411074071",
    "tech_change_status": "Eligible to Order",
    "program_type": "On-Demand N2P SDU/MDU Simple",
    "target_eligibility_quarter": "NA"
   }
  },
  {
   "type": "Feature",
   "geometry": {
    "type": "Point",
    "coordinates": [
     141.41647933,
     -37.58505061
    ]
   },
   "properties": {
    "name": "56 SHIELS TERRACE CASTERTON 3311",
    "locID": "LOC000057830730",
    "tech": "FTTN",
    "upgrade": "FTTP_SA",
    "gnaf_pid": "GAVIC411074076",
    "tech_change_status": "Eligible to Order",
    "program_type": "On-Demand N2P SDU/MDU Simple",
    "target_eligibility_quarter": "NA"
   }
  },
  {
   "type": "Feature",
   "geometry": {
    "type": "Point",
    "coordinates": [
     141.40658363,
     -37.58470795
    ]
   },
   "properties": {
    "name": "6 CLARKE STREET CASTERTON 3311",
    "locID": "LOC000031932257",
    "tech": "FTTP",
    "upgrade": "NULL_NA",
    "gnaf_pid": "GAVIC411074272",
    "program_type": "On-Demand N2P SDU/MDU Simple",
    "target_eligibility_quarter": "NA"
   }
  },
  {
   "type": "Feature",
   "geometry": {
    "type": "Point",
    "coordinates": [
     141.40481495,
     -37.58730251
    ]
   },
   "properties": {
    "name": "2 TUCKETT STREET CASTERTON 3311",
    "locID": "LOC000071691290",
    "tech": "FTTN",
    "upgrade": "FTTP_SA",
    "gnaf_pid": "GAVIC411074298",
    "tech_change_status": "Eligible to Order",
    "program_type": "On-Demand N2P SDU/MDU Simple",
    "target_eligibility_quarter": "NA"
   }
  },
  {
   "type": "Feature",
   "geometry": {
    "type": "Point",
    "coordinates": [
     141.40198292,
     -37.58740558
    ]
   },
   "properties": {
    "name": "34 JACKSON STREET CASTERTON 3311",
    "locID": "LOC000094160506",
    "tech": "FTTP",
    "upgrade": "FTTP_NA",
    "gnaf_pid": "GAVIC411074300",
    "tech_change_status": "Previous Tech Disconnected",
    "program_type": "On-Demand N2P SDU/MDU Simple",
    "target_eligibility_quarter": "NA"
   }
  },
  {
   "type": "Feature",
   "geometry": {
    "type": "Point",
    "coordinates": [
     141.39677402,
     -37.59058936
    ]
   },
   "properties": {
    "name": "UNIT 11, 85 JACKSON STREET CASTERTON 3311",
    "locID": "LOC000056247457",
    "tech": "FTTN",
    "upgrade": "NULL_NA",
    "gnaf_pid": "GAVIC411075469",
    "tech_change_status": "Not Planned"
   }
  },
  {
   "type": "Feature",
   "geometry": {
    "type": "Point",
    "coordinates": [
     141.36803141,
     -37.58951989
    ]
   },
   "properties": {
    "name": "12 CASTERTON-PENOLA ROAD CASTERTON 3311",
    "locID": "LOC000079388777",
    "tech": "NULL",
    "upgrade": "NULL_NA",
    "gnaf_pid": "GAVIC411075477",
    "tech_change_status": "Not Planned"
   }
  },
  {
   "type": "Feature",
   "geometry": {
    "type": "Point",
    "coordinates": [
     141.39313169,
     -37.59718863
    ]
   },
   "properties": {
    "name": "220 OLD MT GAMBIER ROAD CASTERTON 3311",
    "locID": "LOC000033813342",
    "tech": "FTTN",
    "upgrade": "FTTP_SA",
    "gnaf_pid": "GAVIC411075545",
    "tech_change_status": "Eligible to Order",
    "program_type": "On-Demand N2P SDU/MDU Simple",
    "target_eligibility_quarter": "NA"
   }
  },
  {
   "type": "Feature",
   "geometry": {
    "type": "Point",
    "coordinates": [
     141.40427906,
     -37.58610925
    ]
   },
   "properties": {
    "name": "UNIT 2, 25 MCPHERSON STREET CASTERTON 3311",
    "locID": "LOC000096453447",
    "tech": "FTTN",
    "upgrade": "FTTP_SA",
    "gnaf_pid": "GAVIC411075549",
    "tech_change_status": "Eligible to Order",
    "program_type": "On-Demand N2P SDU/MDU Simple",
    "target_eligibility_quarter": "NA"
   }
  },
  {
   "type": "Feature",
   "geometry": {
    "type": "Point",
    "coordinates": [
     141.4033828,
     -37.58442615
    ]
   },
   "properties": {
    "name": "38 MCPHERSON STREET CASTERTON 3311",
    "locID": "LOC000031997485",
    "tech": "FTTN",
    "upgrade": "FTTP_SA",
    "gnaf_pid": "GAVIC411076805",
    "tech_change_status": "Eligible to Order",
    "program_type": "On-Demand N2P SDU/MDU Simple",
    "target_eligibility_quarter": "NA"
   }
  },
  {
   "type": "Feature",
   "geometry": {
    "type": "Point",
    "coordinates": [
     141.39742995,
     -37.58743986
    ]
   },
   "properties": {
    "name": "67 MURRAY STREET CASTERTON 3311",
    "locID": "LOC000030619959",
    "tech": "FTTN",
    "upgrade": "FTTP_SA",
    "gnaf_pid": "GAVIC411077265",
    "tech_change_status": "Eligible to Order",
    "program_type": "On-Demand N2P SDU/MDU Simple",
    "target_eligibility_quarter": "NA"
   }
  },
  {
   "type": "Feature",
   "geometry": {
    "type": "Point",
    "coordinates": [
     141.40243262,
     -37.58386495
    ]
   },
   "properties": {
    "name": "45 MCPHERSON STREET CASTERTON 3311",
    "locID": "LOC000083062215",
    "tech": "FTTN",
    "upgrade": "FTTP",
    "gnaf_pid": "GAVIC411077811",
    "tech_change_status": "Eligible to Order",
    "program_type": "On-Demand N2P SDU/MDU Simple",
    "target_eligibility_quarter": "NA"
   }
  },
  {
   "type": "Feature",
   "geometry": {
    "type": "Point",
    "coordinates": [
     141.38824627,
     -37.59204915
    ]
   },
   "properties": {
    "name": "UNIT 5, 28 GEORGE STREET CASTERTON 3311",
    "locID": "LOC000105769829",
    "tech": "FTTN",
    "upgrade": "FTTP_NA",
    "gnaf_pid": "GAVIC411077877",
    "tech_change_status": "MDU Complex Eligible To Apply",
    "program_type": "Customer-initiated N2P MDU Complex"
   }
  },
  {
   "type": "Feature",
   "geometry": {
    "type": "Point",
    "coordinates": [
     141.40503635,
     -37.58708024
    ]
   },
   "properties": {
    "name": "15 MCPHERSON STREET CASTERTON 3311",
    "locID": "LOC000070287310",
    "tech": "FTTN",
    "upgrade": "FTTP_SA",
    "gnaf_pid": "GAVIC411077878",
    "tech_change_status": "Eligible to Order",
    "program_type": "On-Demand N2P SDU/MDU Simple",
    "target_eligibility_quarter": "NA"
   }
  },
  {
   "type": "Feature",
   "geometry": {
    "type": "Point",
    "coordinates": [
     141.40255778,
     -37.58841065
    ]
   },
   "properties": {
    "name": "10 TUCKETT STREET CASTERTON 3311",
    "locID": "LOC000049134328",
    "tech": "FTTN",
    "upgrade": "FTTP_SA",
    "gnaf_pid": "GAVIC411078134",
    "tech_change_status": "Eligible to Order",
    "program_type": "On-Demand N2P SDU/MDU Simple",
    "target_eligibility_quarter": "NA"
   }
  },
  {
   "type": "Feature",
   "geometry": {
    "type": "Point",
    "coordinates": [
     141.40048605,
     -37.58417714
    ]
   },
   "properties": {
    "name": "22 ADDISON STREET CASTERTON 3311",
    "locID": "LOC000163286683",
    "tech": "FTTP",
    "upgrade": "FTTP_NA",
    "gnaf_pid": "GAVIC411081446",
    "tech_change_status": "Previous Tech Disconnected",
    "program_type": "On-Demand N2P SDU/MDU Simple",
    "target_eligibility_quarter": "NA"
   }
  },
  {
   "type": "Feature",
   "geometry": {
    "type": "Point",
    "coordinates": [
     141.39659819,
     -37.59150976
    ]
   },
   "properties": {
    "name": "5 HARGREAVES COURT CASTERTON 3311",
    "locID": "LOC000058531359",
    "tech": "FTTN",
    "upgrade": "FTTP",
    "gnaf_pid": "GAVIC411082543",
    "tech_change_status": "Eligible to Order",
    "program_type": "On-Demand N2P SDU/MDU Simple",
    "target_eligibility_quarter": "NA"
   }
  },
  {
   "type": "Feature",
   "geometry": {
    "type": "Point",
    "coordinates": [
     141.40602714,
     -37.58532451
    ]
   },
   "properties": {
    "name": "2 JACKSON STREET CASTERTON 3311",
    "locID": "LOC000048193244",
    "tech": "FTTN",
    "upgrade": "FTTP",
    "gnaf_pid": "GAVIC414143654",
    "tech_change_status": "Eligible to Order",
    "program_type": "On-Demand N2P SDU/MDU Simple",
    "target_eligibility_quarter": "NA"
   }
  },
  {
   "type": "Feature",
   "geometry": {
    "type": "Point",
    "coordinates": [
     141.40615065,
     -37.58564623
    ]
   },
   "properties": {
    "name": "3 JACKSON STREET CASTERTON 3311",
    "locID": "LOC000059338111",
    "tech": "FTTN",
    "upgrade": "FTTP_NA",
    "gnaf_pid": "GAVIC414143655",
    "tech_change_status": "MDU Complex Eligible To Apply",
    "program_type": "Customer-initiated N2P MDU Complex"
   }
  },
  {
   "type": "Feature",
   "geometry": {
    "type": "Point",
    "coordinates": [
     141.38995207,
     -37.59336454
    ]
   },
   "properties": {
    "name": "39 PEACHEY STREET CASTERTON 3311",
    "locID": "LOC000124625201",
    "tech": "FTTC",
    "upgrade": "FTTP_SA",
    "gnaf_pid": "GAVIC414162386",
    "tech_change_status": "Eligible to Order"
   }
  },
  {
   "type": "Feature",
   "geometry": {
    "type": "Point",
    "coordinates": [
     141.41550125,
     -37.58576246
    ]
   },
   "properties": {
    "name": "42 SHIELS TERRACE CASTERTON 3311",
    "locID": "LOC000049200810",
    "tech": "FTTP",
    "upgrade": "FTTP_NA",
    "gnaf_pid": "GAVIC414187607",
    "tech_change_status": "Previous Tech Disconnected",
    "program_type": "On-Demand N2P SDU/MDU Simple",
    "target_eligibility_quarter": "NA"
   }
  },
  {
   "type": "Feature",
   "geometry": {
    "type": "Point",
    "coordinates": [
     141.40465036,
     -37.58732138
    ]
   },
   "properties": {
    "name": "4 TUCKETT STREET CASTERTON 3311",
    "locID": "LOC000014374321",
    "tech": "FTTP",
    "upgrade": "FTTP_NA",
    "gnaf_pid": "GAVIC414197343",
    "tech_change_status": "Previous Tech Disconnected",
    "program_type": "On-Demand N2P SDU/MDU Simple",
    "target_eligibility_quarter": "NA"
   }
  },
  {
   "type": "Feature",
   "geometry": {
    "type": "Point",
    "coordinates": [
     141.38824627,
     -37.59204915
    ]
   },
   "properties": {
    "name": "UNIT 2, 28 GEORGE STREET CASTERTON 3311",
    "locID": "LOC000105837274",
    "tech": "FTTN",
    "upgrade": "FTTP_NA",
    "gnaf_pid": "GAVIC414205118",
    "tech_change_status": "MDU Complex Eligible To Apply",
    "program_type": "Customer-initiated N2P MDU Complex"
   }
  },
  {
   "type": "Feature",
   "geometry": {
    "type": "Point",
    "coordinates": [
     141.38824627,
     -37.59204915
    ]
   },
   "properties": {
    "name": "UNIT 3, 28 GEORGE STREET CASTERTON 3311",
    "locID": "LOC000105926917",
    "tech": "FTTN",
    "upgrade": "FTTP_NA",
    "gnaf_pid": "GAVIC414205119",
    "tech_change_status": "MDU Complex Eligible To Apply",
    "program_type": "Customer-initiated N2P MDU Complex"
   }
  },
  {
   "type": "Feature",
   "geometry": {
    "type": "Point",
    "coordinates": [
     141.39531733,
     -37.58723144
    ]
   },
   "properties": {
    "name": "67 ADDISON STREET CASTERTON 3311",
    "locID": "LOC000066778710",
    "tech": "FTTN",
    "upgrade": "FTTP_SA",
    "gnaf_pid": "GAVIC419656517",
    "tech_change_status": "Eligible to Order",
    "program_type": "On-Demand N2P SDU/MDU Simple",
    "target_eligibility_quarter": "NA"
   }
  },
  {
   "type": "Feature",
   "geometry": {
    "type": "Point",
    "coordinates": [
     141.40314518,
     -37.58848045
    ]
   },
   "properties": {
    "name": "7 TUCKETT STREET CASTERTON 3311",
    "locID": "LOC000049074395",
    "tech": "FTTN",
    "upgrade": "FTTP_SA",
    "gnaf_pid": "GAVIC419656808",
    "tech_change_status": "Eligible to Order",
    "program_type": "On-Demand N2P SDU/MDU Simple",
    "target_eligibility_quarter": "NA"
   }
  },
  {
   "type": "Feature",
   "geometry": {
    "type": "Point",
    "coordinates": [
     141.4012561,
     -37.58379863
    ]
   },
   "properties": {
    "name": "14 ADDISON STREET CASTERTON 3311",
    "locID": "LOC000068413288",
    "tech": "FTTN",
    "upgrade": "FTTP_SA",
    "gnaf_pid": "GAVIC419657361",
    "tech_change_status": "Eligible to Order",
    "program_type": "On-Demand N2P SDU/MDU Simple",
    "target_eligibility_quarter": "NA"
   }
  },
  {
   "type": "Feature",
   "geometry": {
    "type": "Point",
    "coordinates": [
     141.40068,
     -37.5840829
    ]
   },
   "properties": {
    "name": "20 ADDISON STREET CASTERTON 3311",
    "locID": "LOC000091662688",
    "tech": "FTTP",
    "upgrade": "FTTP_NA",
    "gnaf_pid": "GAVIC419657362",
    "tech_change_status": "Previous Tech Disconnected",
    "program_type": "On-Demand N2P SDU/MDU Simple",
    "target_eligibility_quarter": "NA"
   }
  },
  {
   "type": "Feature",
   "geometry": {
    "type": "Point",
    "coordinates": [
     141.39970504,
     -37.5885705
    ]
   },
   "properties": {
    "name": "52 JACKSON STREET CASTERTON 3311",
    "locID": "LOC000060532997",
    "tech": "FTTP",
    "upgrade": "FTTP_NA",
    "gnaf_pid": "GAVIC419660352",
    "tech_change_status": "Previous Tech Disconnected",
    "program_type": "On-Demand N2P SDU/MDU Simple",
    "target_eligibility_quarter": "NA"
   }
  },
  {
   "type": "Feature",
   "geometry": {
    "type": "Point",
    "coordinates": [
     141.41229715,
     -37.59045235
    ]
   },
   "properties": {
    "name": "70 ROBERTSON STREET CASTERTON 3311",
    "locID": "LOC000004332963",
    "tech": "FTTN",
    "upgrade": "FTTP",
    "gnaf_pid": "GAVIC419663823",
    "tech_change_status": "Eligible to Order",
    "program_type": "On-Demand N2P SDU/MDU Simple",
    "target_eligibility_quarter": "NA"
   }
  },
  {
   "type": "Feature",
   "geometry": {
    "type": "Point",
    "coordinates": [
     141.41511168,
     -37.58606718
    ]
   },
   "properties": {
    "name": "38 SHIELS TERRACE CASTERTON 3311",
    "locID": "LOC000039476010",
    "tech": "FTTN",
    "upgrade": "FTTP_SA",
    "gnaf_pid": "GAVIC419663859",
    "tech_change_status": "Eligible to Order",
    "program_type": "On-Demand N2P SDU/MDU Simple",
    "target_eligibility_quarter": "NA"
   }
  },
  {
   "type": "Feature",
   "geometry": {
    "type": "Point",
    "coordinates": [
     141.41307541,
     -37.58822689
    ]
   },
   "properties": {
    "name": "53 ROBERTSON STREET CASTERTON 3311",
    "locID": "LOC000103896637",
    "tech": "FTTP",
    "upgrade": "NULL_NA",
    "gnaf_pid": "GAVIC419663860",
    "program_type": "On-Demand N2P SDU/MDU Simple",
    "target_eligibility_quarter": "NA"
   }
  },
  {
   "type": "Feature",
   "geometry": {
    "type": "Point",
    "coordinates": [
     141.41509975,
     -37.58808698
    ]
   },
   "properties": {
    "name": "12-18 LITTLE ROSS STREET CASTERTON 3311",
    "locID": "LOC000124689572",
    "tech": "FTTN",
    "upgrade": "FTTP",
    "gnaf_pid": "GAVIC419663861",
    "tech_change_status": "Eligible to Order",
    "program_type": "On-Demand N2P SDU/MDU Simple",
    "target_eligibility_quarter": "NA"
   }
  },
  {
   "type": "Feature",
   "geometry": {
    "type": "Point",
    "coordinates": [
     141.40423188,
     -37.58354554
    ]
   },
   "properties": {
    "name": "8 MURRAY STREET CASTERTON 3311",
    "locID": "LOC000124634589",
    "tech": "FTTP",
    "upgrade": "FTTP_NA",
    "gnaf_pid": "GAVIC419676949",
    "tech_change_status": "Previous Tech Disconnected",
    "program_type": "On-Demand N2P SDU/MDU Simple",
    "target_eligibility_quarter": "NA"
   }
  },
  {
   "type": "Feature",
   "geometry": {
    "type": "Point",
    "coordinates": [
     141.3981706,
     -37.5897404
    ]
   },
   "properties": {
    "name": "69 JACKSON STREET CASTERTON 3311",
    "locID": "LOC000105973592",
    "tech": "FTTP",
    "upgrade": "FTTP_NA",
    "gnaf_pid": "GAVIC419692799",
    "tech_change_status": "Previous Tech Disconnected",
    "program_type": "On-Demand N2P SDU/MDU Simple",
    "target_eligibility_quarter": "NA"
   }
  },
  {
   "type": "Feature",
   "geometry": {
    "type": "Point",
    "coordinates": [
     141.39762926,
     -37.58733116
    ]
   },
   "properties": {
    "name": "65 MURRAY STREET CASTERTON 3311",
    "locID": "LOC000010116741",
    "tech": "FTTP",
    "upgrade": "FTTP_NA",
    "gnaf_pid": "GAVIC419693644",
    "tech_change_status": "Previous Tech Disconnected",
    "program_type": "On-Demand N2P SDU/MDU Simple",
    "target_eligibility_quarter": "NA"
   }
  },
  {
   "type": "Feature",
   "geometry": {
    "type": "Point",
    "coordinates": [
     141.3942118,
     -37.59140378
    ]
   },
   "properties": {
    "name": "103 JACKSON STREET CASTERTON 3311",
    "locID": "LOC000051164012",
    "tech": "FTTP",
    "upgrade": "FTTP_NA",
    "gnaf_pid": "GAVIC419696134",
    "tech_change_status": "Previous Tech Disconnected",
    "program_type": "On-Demand N2P SDU/MDU Simple",
    "target_eligibility_quarter": "NA"
   }
  },
  {
   "type": "Feature",
   "geometry": {
    "type": "Point",
    "coordinates": [
     141.41347166,
     -37.58695646
    ]
   },
   "properties": {
    "name": "18 SHIELS TERRACE CASTERTON 3311",
    "locID": "LOC000071142907",
    "tech": "FTTP",
    "upgrade": "FTTP_NA",
    "gnaf_pid": "GAVIC419696375",
    "tech_change_status": "Previous Tech Disconnected",
    "program_type": "On-Demand N2P SDU/MDU Simple",
    "target_eligibility_quarter": "NA"
   }
  },
  {
   "type": "Feature",
   "geometry": {
    "type": "Point",
    "coordinates": [
     141.41857403,
     -37.58389219
    ]
   },
   "properties": {
    "name": "67 SHIELS TERRACE CASTERTON 3311",
    "locID": "LOC000015125882",
    "tech": "FTTP",
    "upgrade": "FTTP_NA",
    "gnaf_pid": "GAVIC419696377",
    "tech_change_status": "Previous Tech Disconnected",
    "program_type": "On-Demand N2P SDU/MDU Simple",
    "target_eligibility_quarter": "NA"
   }
  },
  {
   "type": "Feature",
   "geometry": {
    "type": "Point",
    "coordinates": [
     141.41500238,
     -37.5855768
    ]
   },
   "properties": {
    "name": "29 SHIELS TERRACE CASTERTON 3311",
    "locID": "LOC000077020388",
    "tech": "FTTP",
    "upgrade": "FTTP_NA",
    "gnaf_pid": "GAVIC419696378",
    "tech_change_status": "Previous Tech Disconnected",
    "program_type": "On-Demand N2P SDU/MDU Simple",
    "target_eligibility_quarter": "NA"
   }
  },
  {
   "type": "Feature",
   "geometry": {
    "type": "Point",
    "coordinates": [
     141.38857925,
     -37.59237306
    ]
   },
   "properties": {
    "name": "17 GEORGE STREET CASTERTON 3311",
    "locID": "LOC000106474414",
    "tech": "FTTP",
    "upgrade": "FTTP_NA",
    "gnaf_pid": "GAVIC419698971",
    "tech_change_status": "Previous Tech Disconnected",
    "program_type": "On-Demand N2P SDU/MDU Simple",
    "target_eligibility_quarter": "NA"
   }
  },
  {
   "type": "Feature",
   "geometry": {
    "type": "Point",
    "coordinates": [
     141.39138114,
     -37.59422996
    ]
   },
   "properties": {
    "name": "10 ROBERTS STREET CASTERTON 3311",
    "locID": "LOC000089920180",
    "tech": "FTTP",
    "upgrade": "NULL_NA",
    "gnaf_pid": "GAVIC419698973"
   }
  },
  {
   "type": "Feature",
   "geometry": {
    "type": "Point",
    "coordinates": [
     141.3928575,
     -37.5925123
    ]
   },
   "properties": {
    "name": "45 RUSSELL STREET CASTERTON 3311",
    "locID": "LOC000092530990",
    "tech": "FTTC",
    "upgrade": "FTTP_SA",
    "gnaf_pid": "GAVIC419698974",
    "tech_change_status": "Eligible to Order"
   }
  },
  {
   "type": "Feature",
   "geometry": {
    "type": "Point",
    "coordinates": [
     141.39209738,
     -37.59305008
    ]
   },
   "properties": {
    "name": "18 PEACHEY STREET CASTERTON 3311",
    "locID": "LOC000022146269",
    "tech": "FTTC",
    "upgrade": "FTTP_SA",
    "gnaf_pid": "GAVIC419698975",
    "tech_change_status": "Eligible to Order"
   }
  },
  {
   "type": "Feature",
   "geometry": {
    "type": "Point",
    "coordinates": [
     141.39131983,
     -37.59190215
    ]
   },
   "properties": {
    "name": "16 CARMICHAEL STREET CASTERTON 3311",
    "locID": "LOC000003513650",
    "tech": "FTTC",
    "upgrade": "FTTP_SA",
    "gnaf_pid": "GAVIC419698976",
    "tech_change_status": "Eligible to Order"
   }
  },
  {
   "type": "Feature",
   "geometry": {
    "type": "Point",
    "coordinates": [
     141.3928826,
     -37.59236455
    ]
   },
   "properties": {
    "name": "47 RUSSELL STREET CASTERTON 3311",
    "locID": "LOC000090901950",
    "tech": "FTTC",
    "upgrade": "FTTP_SA",
    "gnaf_pid": "GAVIC419698977",
    "tech_change_status": "Eligible to Order"
   }
  },
  {
   "type": "Feature",
   "geometry": {
    "type": "Point",
    "coordinates": [
     141.39476869,
     -37.59454555
    ]
   },
   "properties": {
    "name": "8 GAZZARD STREET CASTERTON 3311",
    "locID": "LOC000091586861",
    "tech": "FTTC",
    "upgrade": "FTTP_SA",
    "gnaf_pid": "GAVIC419698978",
    "tech_change_status": "Eligible to Order"
   }
  },
  {
   "type": "Feature",
   "geometry": {
    "type": "Point",
    "coordinates": [
     141.39516745,
     -37.59365297
    ]
   },
   "properties": {
    "name": "1 PEACHEY STREET CASTERTON 3311",
    "locID": "LOC000003607842",
    "tech": "FTTC",
    "upgrade": "FTTP_SA",
    "gnaf_pid": "GAVIC419698979",
    "tech_change_status": "Eligible to Order"
   }
  },
  {
   "type": "Feature",
   "geometry": {
    "type": "Point",
    "coordinates": [
     141.3899979,
     -37.59250185
    ]
   },
   "properties": {
    "name": "5 GEORGE STREET CASTERTON 3311",
    "locID": "LOC000022047624",
    "tech": "FTTP",
    "upgrade": "FTTP_NA",
    "gnaf_pid": "GAVIC419700280",
    "tech_change_status": "Previous Tech Disconnected",
    "program_type": "On-Demand N2P SDU/MDU Simple",
    "target_eligibility_quarter": "NA"
   }
  },
  {
   "type": "Feature",
   "geometry": {
    "type": "Point",
    "coordinates": [
     141.39112933,
     -37.59051303
    ]
   },
   "properties": {
    "name": "27 CARMICHAEL STREET CASTERTON 3311",
    "locID": "LOC000068385631",
    "tech": "FTTN",
    "upgrade": "FTTP_SA",
    "gnaf_pid": "GAVIC419700368",
    "tech_change_status": "Eligible to Order",
    "program_type": "On-Demand N2P SDU/MDU Simple",
    "target_eligibility_quarter": "NA"
   }
  },
  {
   "type": "Feature",
   "geometry": {
    "type": "Point",
    "coordinates": [
     141.39110198,
     -37.59069335
    ]
   },
   "properties": {
    "name": "25 CARMICHAEL STREET CASTERTON 3311",
    "locID": "LOC000093943229",
    "tech": "FTTP",
    "upgrade": "FTTP_NA",
    "gnaf_pid": "GAVIC419700369",
    "tech_change_status": "Previous Tech Disconnected",
    "program_type": "On-Demand N2P SDU/MDU Simple",
    "target_eligibility_quarter": "NA"
   }
  },
  {
   "type": "Feature",
   "geometry": {
    "type": "Point",
    "coordinates": [
     141.39445476,
     -37.59130877
    ]
   },
   "properties": {
    "name": "101 JACKSON STREET CASTERTON 3311",
    "locID": "LOC000048303530",
    "tech": "FTTN",
    "upgrade": "FTTP_SA",
    "gnaf_pid": "GAVIC419700370",
    "tech_change_status": "Eligible to Order",
    "program_type": "On-Demand N2P SDU/MDU Simple",
    "target_eligibility_quarter": "NA"
   }
  },
  {
   "type": "Feature",
   "geometry": {
    "type": "Point",
    "coordinates": [
     141.3952502,
     -37.59099475
    ]
   },
   "properties": {
    "name": "95 JACKSON STREET CASTERTON 3311",
    "locID": "LOC000039653616",
    "tech": "FTTN",
    "upgrade": "FTTP",
    "gnaf_pid": "GAVIC419700371",
    "tech_change_status": "Eligible to Order",
    "program_type": "On-Demand N2P SDU/MDU Simple",
    "target_eligibility_quarter": "NA"
   }
  },
  {
   "type": "Feature",
   "geometry": {
    "type": "Point",
    "coordinates": [
     141.3917513,
     -37.58615316
    ]
   },
   "properties": {
    "name": "17 MCEVOY STREET CASTERTON 3311",
    "locID": "LOC000059825289",
    "tech": "FTTN",
    "upgrade": "FTTP_SA",
    "gnaf_pid": "GAVIC419700374",
    "tech_change_status": "Eligible to Order",
    "program_type": "On-Demand N2P SDU/MDU Simple",
    "target_eligibility_quarter": "NA"
   }
  },
  {
   "type": "Feature",
   "geometry": {
    "type": "Point",
    "coordinates": [
     141.39060834,
     -37.58494271
    ]
   },
   "properties": {
    "name": "7 MITCHELL STREET CASTERTON 3311",
    "locID": "LOC000018589670",
    "tech": "FTTP",
    "upgrade": "NULL_NA",
    "gnaf_pid": "GAVIC419700375",
    "program_type": "On-Demand N2P SDU/MDU Simple",
    "target_eligibility_quarter": "NA"
   }
  },
  {
   "type": "Feature",
   "geometry": {
    "type": "Point",
    "coordinates": [
     141.39221403,
     -37.58565375
    ]
   },
   "properties": {
    "name": "14 MCEVOY STREET CASTERTON 3311",
    "locID": "LOC000050415571",
    "tech": "FTTN",
    "upgrade": "FTTP_SA",
    "gnaf_pid": "GAVIC419700376",
    "tech_change_status": "Eligible to Order",
    "program_type": "On-Demand N2P SDU/MDU Simple",
    "target_eligibility_quarter": "NA"
   }
  },
  {
   "type": "Feature",
   "geometry": {
    "type": "Point",
    "coordinates": [
     141.39423375,
     -37.58582248
    ]
   },
   "properties": {
    "name": "5 LEAKE STREET CASTERTON 3311",
    "locID": "LOC000087439382",
    "tech": "FTTN",
    "upgrade": "FTTP_SA",
    "gnaf_pid": "GAVIC419700377",
    "tech_change_status": "Eligible to Order",
    "program_type": "On-Demand N2P SDU/MDU Simple",
    "target_eligibility_quarter": "NA"
   }
  },
  {
   "type": "Feature",
   "geometry": {
    "type": "Point",
    "coordinates": [
     141.39548683,
     -37.58634804
    ]
   },
   "properties": {
    "name": "29 MILLER STREET CASTERTON 3311",
    "locID": "LOC000022629674",
    "tech": "FTTN",
    "upgrade": "FTTP_SA",
    "gnaf_pid": "GAVIC419700378",
    "tech_change_status": "Eligible to Order",
    "program_type": "On-Demand N2P SDU/MDU Simple",
    "target_eligibility_quarter": "NA"
   }
  },
  {
   "type": "Feature",
   "geometry": {
    "type": "Point",
    "coordinates": [
     141.39476254,
     -37.5871206
    ]
   },
   "properties": {
    "name": "68 ADDISON STREET CASTERTON 3311",
    "locID": "LOC000091823579",
    "tech": "FTTN",
    "upgrade": "FTTP_SA",
    "gnaf_pid": "GAVIC419700379",
    "tech_change_status": "Eligible to Order",
    "program_type": "On-Demand N2P SDU/MDU Simple",
    "target_eligibility_quarter": "NA"
   }
  },
  {
   "type": "Feature",
   "geometry": {
    "type": "Point",
    "coordinates": [
     141.39068479,
     -37.58463061
    ]
   },
   "properties": {
    "name": "12 MITCHELL STREET CASTERTON 3311",
    "locID": "LOC000056212229",
    "tech": "FTTP",
    "upgrade": "FTTP_NA",
    "gnaf_pid": "GAVIC419700382",
    "tech_change_status": "Previous Tech Disconnected",
    "program_type": "On-Demand N2P SDU/MDU Simple",
    "target_eligibility_quarter": "NA"
   }
  },
  {
   "type": "Feature",
   "geometry": {
    "type": "Point",
    "coordinates": [
     141.39115499,
     -37.5846693
    ]
   },
   "properties": {
    "name": "8 MITCHELL STREET CASTERTON 3311",
    "locID": "LOC000023564634",
    "tech": "FTTP",
    "upgrade": "FTTP_NA",
    "gnaf_pid": "GAVIC419700383",
    "tech_change_status": "Previous Tech Disconnected",
    "program_type": "On-Demand N2P SDU/MDU Simple",
    "target_eligibility_quarter": "NA"
   }
  },
  {
   "type": "Feature",
   "geometry": {
    "type": "Point",
    "coordinates": [
     141.39618969,
     -37.5912231
    ]
   },
   "properties": {
    "name": "1 HARGREAVES COURT CASTERTON 3311",
    "locID": "LOC000072842673",
    "tech": "FTTN",
    "upgrade": "FTTP_SA",
    "gnaf_pid": "GAVIC419700384",
    "tech_change_status": "Eligible to Order",
    "program_type": "On-Demand N2P SDU/MDU Simple",
    "target_eligibility_quarter": "NA"
   }
  },
  {
   "type": "Feature",
   "geometry": {
    "type": "Point",
    "coordinates": [
     141.40050908,
     -37.58518905
    ]
   },
   "properties": {
    "name": "17 MCKINLAY STREET CASTERTON 3311",
    "locID": "LOC000092809105",
    "tech": "FTTP",
    "upgrade": "FTTP_NA",
    "gnaf_pid": "GAVIC419702952",
    "tech_change_status": "Previous Tech Disconnected",
    "program_type": "On-Demand N2P SDU/MDU Simple",
    "target_eligibility_quarter": "NA"
   }
  },
  {
   "type": "Feature",
   "geometry": {
    "type": "Point",
    "coordinates": [
     141.39072435,
     -37.59447422
    ]
   },
   "properties": {
    "name": "15 ROBERTS STREET CASTERTON 3311",
    "locID": "LOC000065746642",
    "tech": "FTTC",
    "upgrade": "FTTP_SA",
    "gnaf_pid": "GAVIC419705581",
    "tech_change_status": "Eligible to Order"
   }
  },
  {
   "type": "Feature",
   "geometry": {
    "type": "Point",
    "coordinates": [
     141.39399181,
     -37.5879123
    ]
   },
   "properties": {
    "name": "2 OAK AVENUE CASTERTON 3311",
    "locID": "LOC000041493599",
    "tech": "FTTN",
    "upgrade": "FTTP_SA",
    "gnaf_pid": "GAVIC419717259",
    "tech_change_status": "Eligible to Order",
    "program_type": "On-Demand N2P SDU/MDU Simple",
    "target_eligibility_quarter": "NA"
   }
  },
  {
   "type": "Feature",
   "geometry": {
    "type": "Point",
    "coordinates": [
     141.39672379,
     -37.58785523
    ]
   },
   "properties": {
    "name": "15 MILLER STREET CASTERTON 3311",
    "locID": "LOC000092982555",
    "tech": "FTTP",
    "upgrade": "FTTP_NA",
    "gnaf_pid": "GAVIC419717262",
    "tech_change_status": "Previous Tech Disconnected",
    "program_type": "On-Demand N2P SDU/MDU Simple",
    "target_eligibility_quarter": "NA"
   }
  },
  {
   "type": "Feature",
   "geometry": {
    "type": "Point",
    "coordinates": [
     141.40131159,
     -37.58774695
    ]
   },
   "properties": {
    "name": "40 JACKSON STREET CASTERTON 3311",
    "locID": "LOC000068000315",
    "tech": "FTTN",
    "upgrade": "FTTP_SA",
    "gnaf_pid": "GAVIC419717265",
    "tech_change_status": "Eligible to Order",
    "program_type": "On-Demand N2P SDU/MDU Simple",
    "target_eligibility_quarter": "NA"
   }
  },
  {
   "type": "Feature",
   "geometry": {
    "type": "Point",
    "coordinates": [
     141.39647756,
     -37.58696985
    ]
   },
   "properties": {
    "name": "20 MILLER STREET CASTERTON 3311",
    "locID": "LOC000034261144",
    "tech": "FTTN",
    "upgrade": "FTTP_SA",
    "gnaf_pid": "GAVIC419747965",
    "tech_change_status": "Eligible to Order",
    "program_type": "On-Demand N2P SDU/MDU Simple",
    "target_eligibility_quarter": "NA"
   }
  },
  {
   "type": "Feature",
   "geometry": {
    "type": "Point",
    "coordinates": [
     141.39650276,
     -37.5866135
    ]
   },
   "properties": {
    "name": "57 ADDISON STREET CASTERTON 3311",
    "locID": "LOC000086194361",
    "tech": "FTTN",
    "upgrade": "FTTP_SA",
    "gnaf_pid": "GAVIC419747966",
    "tech_change_status": "Eligible to Order",
    "program_type": "On-Demand N2P SDU/MDU Simple",
    "target_eligibility_quarter": "NA"
   }
  },
  {
   "type": "Feature",
   "geometry": {
    "type": "Point",
    "coordinates": [
     141.3908111,
     -37.59297006
    ]
   },
   "properties": {
    "name": "3 CARMICHAEL STREET CASTERTON 3311",
    "locID": "LOC000046686724",
    "tech": "FTTN",
    "upgrade": "FTTP_SA",
    "gnaf_pid": "GAVIC419750681",
    "tech_change_status": "Eligible to Order",
    "program_type": "On-Demand N2P SDU/MDU Simple",
    "target_eligibility_quarter": "NA"
   }
  },
  {
   "type": "Feature",
   "geometry": {
    "type": "Point",
    "coordinates": [
     141.40106195,
     -37.58389646
    ]
   },
   "properties": {
    "name": "16 ADDISON STREET CASTERTON 3311",
    "locID": "LOC000018658390",
    "tech": "FTTN",
    "upgrade": "FTTP",
    "gnaf_pid": "GAVIC419756181",
    "tech_change_status": "Eligible to Order",
    "program_type": "On-Demand N2P SDU/MDU Simple",
    "target_eligibility_quarter": "NA"
   }
  },
  {
   "type": "Feature",
   "geometry": {
    "type": "Point",
    "coordinates": [
     141.40017215,
     -37.58477458
    ]
   },
   "properties": {
    "name": "25 MCKINLAY STREET CASTERTON 3311",
    "locID": "LOC000069483764",
    "tech": "FTTP",
    "upgrade": "FTTP_NA",
    "gnaf_pid": "GAVIC419756182",
    "tech_change_status": "Previous Tech Disconnected",
    "program_type": "On-Demand N2P SDU/MDU Simple",
    "target_eligibility_quarter": "NA"
   }
  },
  {
   "type": "Feature",
   "geometry": {
    "type": "Point",
    "coordinates": [
     141.3969122,
     -37.58730508
    ]
   },
   "properties": {
    "name": "70 MURRAY STREET CASTERTON 3311",
    "locID": "LOC000102260980",
    "tech": "FTTN",
    "upgrade": "FTTP_SA",
    "gnaf_pid": "GAVIC419756184",
    "tech_change_status": "Eligible to Order",
    "program_type": "On-Demand N2P SDU/MDU Simple",
    "target_eligibility_quarter": "NA"
   }
  },
  {
   "type": "Feature",
   "geometry": {
    "type": "Point",
    "coordinates": [
     141.40161361,
     -37.5848958
    ]
   },
   "properties": {
    "name": "30 MURRAY STREET CASTERTON 3311",
    "locID": "LOC000068363157",
    "tech": "FTTP",
    "upgrade": "FTTP_NA",
    "gnaf_pid": "GAVIC419757021",
    "tech_change_status": "Previous Tech Disconnected",
    "program_type": "On-Demand N2P SDU/MDU Simple",
    "target_eligibility_quarter": "NA"
   }
  },
  {
   "type": "Feature",
   "geometry": {
    "type": "Point",
    "coordinates": [
     141.3944636,
     -37.59094184
    ]
   },
   "properties": {
    "name": "100 JACKSON STREET CASTERTON 3311",
    "locID": "LOC000047584780",
    "tech": "FTTN",
    "upgrade": "FTTP_SA",
    "gnaf_pid": "GAVIC419761266",
    "tech_change_status": "Eligible to Order",
    "program_type": "On-Demand N2P SDU/MDU Simple",
    "target_eligibility_quarter": "NA"
   }
  },
  {
   "type": "Feature",
   "geometry": {
    "type": "Point",
    "coordinates": [
     141.40452751,
     -37.58648758
    ]
   },
   "properties": {
    "name": "19 JACKSON STREET CASTERTON 3311",
    "locID": "LOC000107477358",
    "tech": "FTTN",
    "upgrade": "FTTP_SA",
    "gnaf_pid": "GAVIC419761268",
    "tech_change_status": "Eligible to Order",
    "program_type": "On-Demand N2P SDU/MDU Simple",
    "target_eligibility_quarter": "NA"
   }
  },
  {
   "type": "Feature",
   "geometry": {
    "type": "Point",
    "coordinates": [
     141.3919621,
     -37.59133664
    ]
   },
   "properties": {
    "name": "5 CUSSEN STREET CASTERTON 3311",
    "locID": "LOC000080595292",
    "tech": "FTTP",
    "upgrade": "NULL_NA",
    "gnaf_pid": "GAVIC419761372"
   }
  },
  {
   "type": "Feature",
   "geometry": {
    "type": "Point",
    "coordinates": [
     141.40370223,
     -37.58421335
    ]
   },
   "properties": {
    "name": "27 MURRAY STREET CASTERTON 3311",
    "locID": "LOC000124698820",
    "tech": "FTTP",
    "upgrade": "FTTP_NA",
    "gnaf_pid": "GAVIC419761839",
    "tech_change_status": "Previous Tech Disconnected",
    "program_type": "On-Demand N2P SDU/MDU Simple",
    "target_eligibility_quarter": "NA"
   }
  },
  {
   "type": "Feature",
   "geometry": {
    "type": "Point",
    "coordinates": [
     141.39934306,
     -37.58914413
    ]
   },
   "properties": {
    "name": "59 JACKSON STREET CASTERTON 3311",
    "locID": "LOC000107862124",
    "tech": "FTTN",
    "upgrade": "FTTP_SA",
    "gnaf_pid": "GAVIC419762312",
    "tech_change_status": "Eligible to Order",
    "program_type": "On-Demand N2P SDU/MDU Simple",
    "target_eligibility_quarter": "NA"
   }
  },
  {
   "type": "Feature",
   "geometry": {
    "type": "Point",
    "coordinates": [
     141.3946662,
     -37.59251395
    ]
   },
   "properties": {
    "name": "7 QUEEN STREET CASTERTON 3311",
    "locID": "LOC000091509125",
    "tech": "FTTC",
    "upgrade": "FTTP_SA",
    "gnaf_pid": "GAVIC419776385",
    "tech_change_status": "Eligible to Order"
   }
  },
  {
   "type": "Feature",
   "geometry": {
    "type": "Point",
    "coordinates": [
     141.39441653,
     -37.59211542
    ]
   },
   "properties": {
    "name": "9 QUEEN STREET CASTERTON 3311",
    "locID": "LOC000007676602",
    "tech": "FTTC",
    "upgrade": "FTTP_SA",
    "gnaf_pid": "GAVIC419776386",
    "tech_change_status": "Eligible to Order"
   }
  },
  {
   "type": "Feature",
   "geometry": {
    "type": "Point",
    "coordinates": [
     141.39771343,
     -37.58907812
    ]
   },
   "properties": {
    "name": "7 MILLER STREET CASTERTON 3311",
    "locID": "LOC000082808692",
    "tech": "FTTN",
    "upgrade": "FTTP_SA",
    "gnaf_pid": "GAVIC419821974",
    "tech_change_status": "Eligible to Order",
    "program_type": "On-Demand N2P SDU/MDU Simple",
    "target_eligibility_quarter": "NA"
   }
  },
  {
   "type": "Feature",
   "geometry": {
    "type": "Point",
    "coordinates": [
     141.41232681,
     -37.590272
    ]
   },
   "properties": {
    "name": "68 ROBERTSON STREET CASTERTON 3311",
    "locID": "LOC000079379176",
    "tech": "FTTP",
    "upgrade": "FTTP_NA",
    "gnaf_pid": "GAVIC419821977",
    "tech_change_status": "Previous Tech Disconnected",
    "program_type": "On-Demand N2P SDU/MDU Simple",
    "target_eligibility_quarter": "NA"
   }
  },
  {
   "type": "Feature",
   "geometry": {
    "type": "Point",
    "coordinates": [
     141.39528064,
     -37.59062834
    ]
   },
   "properties": {
    "name": "92 JACKSON STREET CASTERTON 3311",
    "locID": "LOC000034835445",
    "tech": "FTTN",
    "upgrade": "FTTP_SA",
    "gnaf_pid": "GAVIC419822652",
    "tech_change_status": "Eligible to Order",
    "program_type": "On-Demand N2P SDU/MDU Simple",
    "target_eligibility_quarter": "NA"
   }
  },
  {
   "type": "Feature",
   "geometry": {
    "type": "Point",
    "coordinates": [
     141.39477723,
     -37.59114922
    ]
   },
   "properties": {
    "name": "97 JACKSON STREET CASTERTON 3311",
    "locID": "LOC000124639240",
    "tech": "FTTN",
    "upgrade": "FTTP_SA",
    "gnaf_pid": "GAVIC419822654",
    "tech_change_status": "Eligible to Order",
    "program_type": "On-Demand N2P SDU/MDU Simple",
    "target_eligibility_quarter": "NA"
   }
  },
  {
   "type": "Feature",
   "geometry": {
    "type": "Point",
    "coordinates": [
     141.40147893,
     -37.58405984
    ]
   },
   "properties": {
    "name": "11 ADDISON STREET CASTERTON 3311",
    "locID": "LOC000069557087",
    "tech": "FTTN",
    "upgrade": "FTTP",
    "gnaf_pid": "GAVIC419824742",
    "tech_change_status": "Eligible to Order",
    "program_type": "On-Demand N2P SDU/MDU Simple",
    "target_eligibility_quarter": "NA"
   }
  },
  {
   "type": "Feature",
   "geometry": {
    "type": "Point",
    "coordinates": [
     141.391369,
     -37.591586
    ]
   },
   "properties": {
    "name": "20 CARMICHAEL STREET CASTERTON 3311",
    "locID": "LOC000057588195",
    "tech": "FTTC",
    "upgrade": "FTTP_SA",
    "gnaf_pid": "GAVIC419829743",
    "tech_change_status": "Eligible to Order"
   }
  },
  {
   "type": "Feature",
   "geometry": {
    "type": "Point",
    "coordinates": [
     141.41279485,
     -37.58747576
    ]
   },
   "properties": {
    "name": "46 ROBERTSON STREET CASTERTON 3311",
    "locID": "LOC000058450217",
    "tech": "FTTP",
    "upgrade": "FTTP_NA",
    "gnaf_pid": "GAVIC419832594",
    "tech_change_status": "Previous Tech Disconnected",
    "program_type": "On-Demand N2P SDU/MDU Simple",
    "target_eligibility_quarter": "NA"
   }
  },
  {
   "type": "Feature",
   "geometry": {
    "type": "Point",
    "coordinates": [
     141.413374,
     -37.584068
    ]
   },
   "properties": {
    "name": "16 ROBERTSON STREET CASTERTON 3311",
    "locID": "LOC000091387931",
    "tech": "FTTN",
    "upgrade": "FTTP_SA",
    "gnaf_pid": "GAVIC419848194",
    "tech_change_status": "Eligible to Order",
    "program_type": "On-Demand N2P SDU/MDU Simple",
    "target_eligibility_quarter": "NA"
   }
  },
  {
   "type": "Feature",
   "geometry": {
    "type": "Point",
    "coordinates": [
     141.393218,
     -37.592752
    ]
   },
   "properties": {
    "name": "44 RUSSELL STREET CASTERTON 3311",
    "locID": "LOC000048791879",
    "tech": "FTTC",
    "upgrade": "FTTP_SA",
    "gnaf_pid": "GAVIC419848206",
    "tech_change_status": "Eligible to Order"
   }
  },
  {
   "type": "Feature",
   "geometry": {
    "type": "Point",
    "coordinates": [
     141.39582875,
     -37.5852805
    ]
   },
   "properties": {
    "name": "54-56 KIRBY STREET CASTERTON 3311",
    "locID": "LOC000124629968",
    "tech": "FTTN",
    "upgrade": "FTTP_SA",
    "gnaf_pid": "GAVIC419954002",
    "tech_change_status": "Eligible to Order",
    "program_type": "On-Demand N2P SDU/MDU Simple",
    "target_eligibility_quarter": "NA"
   }
  },
  {
   "type": "Feature",
   "geometry": {
    "type": "Point",
    "coordinates": [
     141.39688017,
     -37.58641977
    ]
   },
   "properties": {
    "name": "53 ADDISON STREET CASTERTON 3311",
    "locID": "LOC000073340448",
    "tech": "FTTN",
    "upgrade": "FTTP_SA",
    "gnaf_pid": "GAVIC419954986",
    "tech_change_status": "Eligible to Order",
    "program_type": "On-Demand N2P SDU/MDU Simple",
    "target_eligibility_quarter": "NA"
   }
  },
  {
   "type": "Feature",
   "geometry": {
    "type": "Point",
    "coordinates": [
     141.3938815,
     -37.59153238
    ]
   },
   "properties": {
    "name": "105 JACKSON STREET CASTERTON 3311",
    "locID": "LOC000052518719",
    "tech": "FTTP",
    "upgrade": "FTTP_NA",
    "gnaf_pid": "GAVIC419958191",
    "tech_change_status": "Previous Tech Disconnected",
    "program_type": "On-Demand N2P SDU/MDU Simple",
    "target_eligibility_quarter": "NA"
   }
  },
  {
   "type": "Feature",
   "geometry": {
    "type": "Point",
    "coordinates": [
     141.4123563,
     -37.59009263
    ]
   },
   "properties": {
    "name": "66 ROBERTSON STREET CASTERTON 3311",
    "locID": "LOC000069387717",
    "tech": "FTTN",
    "upgrade": "FTTP_SA",
    "gnaf_pid": "GAVIC419967532",
    "tech_change_status": "Eligible to Order",
    "program_type": "On-Demand N2P SDU/MDU Simple",
    "target_eligibility_quarter": "NA"
   }
  },
  {
   "type": "Feature",
   "geometry": {
    "type": "Point",
    "coordinates": [
     141.41272081,
     -37.59133534
    ]
   },
   "properties": {
    "name": "1-3 STEWART STREET CASTERTON 3311",
    "locID": "LOC000124685075",
    "tech": "FTTN",
    "upgrade": "FTTP",
    "gnaf_pid": "GAVIC419967535",
    "tech_change_status": "Eligible to Order",
    "program_type": "On-Demand N2P SDU/MDU Simple",
    "target_eligibility_quarter": "NA"
   }
  },
  {
   "type": "Feature",
   "geometry": {
    "type": "Point",
    "coordinates": [
     141.41270275,
     -37.58801595
    ]
   },
   "properties": {
    "name": "52 ROBERTSON STREET CASTERTON 3311",
    "locID": "LOC000058272697",
    "tech": "FTTN",
    "upgrade": "FTTP_SA",
    "gnaf_pid": "GAVIC419967537",
    "tech_change_status": "Eligible to Order",
    "program_type": "On-Demand N2P SDU/MDU Simple",
    "target_eligibility_quarter": "NA"
   }
  },
  {
   "type": "Feature",
   "geometry": {
    "type": "Point",
    "coordinates": [
     141.41350191,
     -37.58322663
    ]
   },
   "properties": {
    "name": "10 ROBERTSON STREET CASTERTON 3311",
    "locID": "LOC000009791313",
    "tech": "FTTN",
    "upgrade": "FTTP_SA",
    "gnaf_pid": "GAVIC419967539",
    "tech_change_status": "Eligible to Order",
    "program_type": "On-Demand N2P SDU/MDU Simple",
    "target_eligibility_quarter": "NA"
   }
  },
  {
   "type": "Feature",
   "geometry": {
    "type": "Point",
    "coordinates": [
     141.4139643,
     -37.58678048
    ]
   },
   "properties": {
    "name": "24 SHIELS TERRACE CASTERTON 3311",
    "locID": "LOC000097281199",
    "tech": "FTTP",
    "upgrade": "FTTP_NA",
    "gnaf_pid": "GAVIC419967540",
    "tech_change_status": "Previous Tech Disconnected",
    "program_type": "On-Demand N2P SDU/MDU Simple",
    "target_eligibility_quarter": "NA"
   }
  },
  {
   "type": "Feature",
   "geometry": {
    "type": "Point",
    "coordinates": [
     141.41477033,
     -37.5863063
    ]
   },
   "properties": {
    "name": "34 SHIELS TERRACE CASTERTON 3311",
    "locID": "LOC000073126380",
    "tech": "FTTN",
    "upgrade": "FTTP_SA",
    "gnaf_pid": "GAVIC419967541",
    "tech_change_status": "Eligible to Order",
    "program_type": "On-Demand N2P SDU/MDU Simple",
    "target_eligibility_quarter": "NA"
   }
  },
  {
   "type": "Feature",
   "geometry": {
    "type": "Point",
    "coordinates": [
     141.41399669,
     -37.5875567
    ]
   },
   "properties": {
    "name": "6 ROSS STREET CASTERTON 3311",
    "locID": "LOC000067908877",
    "tech": "FTTP",
    "upgrade": "FTTP_NA",
    "gnaf_pid": "GAVIC419967543",
    "tech_change_status": "Previous Tech Disconnected",
    "program_type": "On-Demand N2P SDU/MDU Simple",
    "target_eligibility_quarter": "NA"
   }
  },
  {
   "type": "Feature",
   "geometry": {
    "type": "Point",
    "coordinates": [
     141.41311794,
     -37.58800045
    ]
   },
   "properties": {
    "name": "51 ROBERTSON STREET CASTERTON 3311",
    "locID": "LOC000069205502",
    "tech": "FTTP",
    "upgrade": "NULL_NA",
    "gnaf_pid": "GAVIC419967544",
    "program_type": "On-Demand N2P SDU/MDU Simple",
    "target_eligibility_quarter": "NA"
   }
  },
  {
   "type": "Feature",
   "geometry": {
    "type": "Point",
    "coordinates": [
     141.40589768,
     -37.58754167
    ]
   },
   "properties": {
    "name": "12 MCPHERSON STREET CASTERTON 3311",
    "locID": "LOC000124689538",
    "tech": "FTTP",
    "upgrade": "FTTP_NA",
    "gnaf_pid": "GAVIC419970387",
    "tech_change_status": "Previous Tech Disconnected",
    "program_type": "On-Demand N2P SDU/MDU Simple",
    "target_eligibility_quarter": "NA"
   }
  },
  {
   "type": "Feature",
   "geometry": {
    "type": "Point",
    "coordinates": [
     141.40205238,
     -37.58278733
    ]
   },
   "properties": {
    "name": "54 MCPHERSON STREET CASTERTON 3311",
    "locID": "LOC000017641474",
    "tech": "FTTP",
    "upgrade": "FTTP_NA",
    "gnaf_pid": "GAVIC419970651",
    "tech_change_status": "Previous Tech Disconnected",
    "program_type": "On-Demand N2P SDU/MDU Simple",
    "target_eligibility_quarter": "NA"
   }
  },
  {
   "type": "Feature",
   "geometry": {
    "type": "Point",
    "coordinates": [
     141.40188695,
     -37.58259115
    ]
   },
   "properties": {
    "name": "56 MCPHERSON STREET CASTERTON 3311",
    "locID": "LOC000124629999",
    "tech": "FTTP",
    "upgrade": "FTTP_NA",
    "gnaf_pid": "GAVIC419970652",
    "tech_change_status": "Previous Tech Disconnected",
    "program_type": "On-Demand N2P SDU/MDU Simple",
    "target_eligibility_quarter": "NA"
   }
  },
  {
   "type": "Feature",
   "geometry": {
    "type": "Point",
    "coordinates": [
     141.41225307,
     -37.5907202
    ]
   },
   "properties": {
    "name": "72-74 ROBERTSON STREET CASTERTON 3311",
    "locID": "LOC000124634527",
    "tech": "FTTN",
    "upgrade": "FTTP",
    "gnaf_pid": "GAVIC419971044",
    "tech_change_status": "Eligible to Order",
    "program_type": "On-Demand N2P SDU/MDU Simple",
    "target_eligibility_quarter": "NA"
   }
  },
  {
   "type": "Feature",
   "geometry": {
    "type": "Point",
    "coordinates": [
     141.40202725,
     -37.58774743
    ]
   },
   "properties": {
    "name": "35 JACKSON STREET CASTERTON 3311",
    "locID": "LOC000044493939",
    "tech": "FTTP",
    "upgrade": "FTTP_NA",
    "gnaf_pid": "GAVIC419977491",
    "tech_change_status": "Previous Tech Disconnected",
    "program_type": "On-Demand N2P SDU/MDU Simple",
    "target_eligibility_quarter": "NA"
   }
  },
  {
   "type": "Feature",
   "geometry": {
    "type": "Point",
    "coordinates": [
     141.40047731,
     -37.58816396
    ]
   },
   "properties": {
    "name": "48A JACKSON STREET CASTERTON 3311",
    "locID": "LOC000085225978",
    "tech": "FTTN",
    "upgrade": "FTTP_SA",
    "gnaf_pid": "GAVIC419977492",
    "tech_change_status": "Eligible to Order",
    "program_type": "On-Demand N2P SDU/MDU Simple",
    "target_eligibility_quarter": "NA"
   }
  },
  {
   "type": "Feature",
   "geometry": {
    "type": "Point",
    "coordinates": [
     141.40006745,
     -37.58568575
    ]
   },
   "properties": {
    "name": "40 MURRAY STREET CASTERTON 3311",
    "locID": "LOC000073844521",
    "tech": "FTTN",
    "upgrade": "FTTP",
    "gnaf_pid": "GAVIC419977495",
    "tech_change_status": "Eligible to Order",
    "program_type": "On-Demand N2P SDU/MDU Simple",
    "target_eligibility_quarter": "NA"
   }
  },
  {
   "type": "Feature",
   "geometry": {
    "type": "Point",
    "coordinates": [
     141.4136502,
     -37.58689907
    ]
   },
   "properties": {
    "name": "20 SHIELS TERRACE CASTERTON 3311",
    "locID": "LOC000070349048",
    "tech": "FTTN",
    "upgrade": "FTTP_SA",
    "gnaf_pid": "GAVIC419979322",
    "tech_change_status": "Eligible to Order",
    "program_type": "On-Demand N2P SDU/MDU Simple",
    "target_eligibility_quarter": "NA"
   }
  },
  {
   "type": "Feature",
   "geometry": {
    "type": "Point",
    "coordinates": [
     141.41472086,
     -37.58578265
    ]
   },
   "properties": {
    "name": "27 SHIELS TERRACE CASTERTON 3311",
    "locID": "LOC000046918649",
    "tech": "FTTP",
    "upgrade": "FTTP_NA",
    "gnaf_pid": "GAVIC419979323",
    "tech_change_status": "Previous Tech Disconnected",
    "program_type": "On-Demand N2P SDU/MDU Simple",
    "target_eligibility_quarter": "NA"
   }
  },
  {
   "type": "Feature",
   "geometry": {
    "type": "Point",
    "coordinates": [
     141.41564416,
     -37.58512226
    ]
   },
   "properties": {
    "name": "35 SHIELS TERRACE CASTERTON 3311",
    "locID": "LOC000107484161",
    "tech": "FTTN",
    "upgrade": "FTTP_SA",
    "gnaf_pid": "GAVIC419979324",
    "tech_change_status": "Eligible to Order",
    "program_type": "On-Demand N2P SDU/MDU Simple",
    "target_eligibility_quarter": "NA"
   }
  },
  {
   "type": "Feature",
   "geometry": {
    "type": "Point",
    "coordinates": [
     141.41623585,
     -37.58439846
    ]
   },
   "properties": {
    "name": "UNIT 4, 53 SHIELS TERRACE CASTERTON 3311",
    "locID": "LOC000074620029",
    "tech": "FTTN",
    "upgrade": "FTTP_NA",
    "gnaf_pid": "GAVIC419979325",
    "tech_change_status": "MDU Complex Eligible To Apply",
    "program_type": "Customer-initiated N2P MDU Complex"
   }
  },
  {
   "type": "Feature",
   "geometry": {
    "type": "Point",
    "coordinates": [
     141.39049394,
     -37.58980622
    ]
   },
   "properties": {
    "name": "6 WHITE STREET CASTERTON 3311",
    "locID": "LOC000059113183",
    "tech": "FTTN",
    "upgrade": "FTTP_SA",
    "gnaf_pid": "GAVIC419993726",
    "tech_change_status": "Eligible to Order",
    "program_type": "On-Demand N2P SDU/MDU Simple",
    "target_eligibility_quarter": "NA"
   }
  },
  {
   "type": "Feature",
   "geometry": {
    "type": "Point",
    "coordinates": [
     141.3912571,
     -37.58966733
    ]
   },
   "properties": {
    "name": "37 CARMICHAEL STREET CASTERTON 3311",
    "locID": "LOC000097214859",
    "tech": "FTTP",
    "upgrade": "FTTP_NA",
    "gnaf_pid": "GAVIC419993728",
    "tech_change_status": "Previous Tech Disconnected",
    "program_type": "On-Demand N2P SDU/MDU Simple",
    "target_eligibility_quarter": "NA"
   }
  },
  {
   "type": "Feature",
   "geometry": {
    "type": "Point",
    "coordinates": [
     141.39186345,
     -37.58530725
    ]
   },
   "properties": {
    "name": "9 MCEVOY STREET CASTERTON 3311",
    "locID": "LOC000024347086",
    "tech": "FTTN",
    "upgrade": "FTTP_SA",
    "gnaf_pid": "GAVIC419993730",
    "tech_change_status": "Eligible to Order",
    "program_type": "On-Demand N2P SDU/MDU Simple",
    "target_eligibility_quarter": "NA"
   }
  },
  {
   "type": "Feature",
   "geometry": {
    "type": "Point",
    "coordinates": [
     141.39272571,
     -37.5856996
    ]
   },
   "properties": {
    "name": "19 LEAKE STREET CASTERTON 3311",
    "locID": "LOC000115739411",
    "tech": "FTTP",
    "upgrade": "FTTP_NA",
    "gnaf_pid": "GAVIC419993731",
    "tech_change_status": "Previous Tech Disconnected",
    "program_type": "On-Demand N2P SDU/MDU Simple",
    "target_eligibility_quarter": "NA"
   }
  },
  {
   "type": "Feature",
   "geometry": {
    "type": "Point",
    "coordinates": [
     141.39455776,
     -37.58584906
    ]
   },
   "properties": {
    "name": "1-3 LEAKE STREET CASTERTON 3311",
    "locID": "LOC000124685052",
    "tech": "FTTN",
    "upgrade": "FTTP_SA",
    "gnaf_pid": "GAVIC419993732",
    "tech_change_status": "Eligible to Order",
    "program_type": "On-Demand N2P SDU/MDU Simple",
    "target_eligibility_quarter": "NA"
   }
  },
  {
   "type": "Feature",
   "geometry": {
    "type": "Point",
    "coordinates": [
     141.3980105,
     -37.58980748
    ]
   },
   "properties": {
    "name": "71 JACKSON STREET CASTERTON 3311",
    "locID": "LOC000001987474",
    "tech": "FTTN",
    "upgrade": "FTTP_SA",
    "gnaf_pid": "GAVIC419993736",
    "tech_change_status": "Eligible to Order",
    "program_type": "On-Demand N2P SDU/MDU Simple",
    "target_eligibility_quarter": "NA"
   }
  },
  {
   "type": "Feature",
   "geometry": {
    "type": "Point",
    "coordinates": [
     141.39317725,
     -37.58573334
    ]
   },
   "properties": {
    "name": "15 LEAKE STREET CASTERTON 3311",
    "locID": "LOC000019577373",
    "tech": "FTTN",
    "upgrade": "FTTP_SA",
    "gnaf_pid": "GAVIC419993748",
    "tech_change_status": "Eligible to Order",
    "program_type": "On-Demand N2P SDU/MDU Simple",
    "target_eligibility_quarter": "NA"
   }
  },
  {
   "type": "Feature",
   "geometry": {
    "type": "Point",
    "coordinates": [
     141.40006149,
     -37.58348843
    ]
   },
   "properties": {
    "name": "13-19 KIRBY STREET CASTERTON 3311",
    "locID": "LOC000124689670",
    "tech": "FTTP",
    "upgrade": "FTTP_NA",
    "gnaf_pid": "GAVIC419994951",
    "tech_change_status": "Previous Tech Disconnected",
    "program_type": "On-Demand N2P SDU/MDU Simple",
    "target_eligibility_quarter": "NA"
   }
  },
  {
   "type": "Feature",
   "geometry": {
    "type": "Point",
    "coordinates": [
     141.40178951,
     -37.58307038
    ]
   },
   "properties": {
    "name": "53 MCPHERSON STREET CASTERTON 3311",
    "locID": "LOC000040866422",
    "tech": "FTTN",
    "upgrade": "FTTP_SA",
    "gnaf_pid": "GAVIC419994952",
    "tech_change_status": "Eligible to Order",
    "program_type": "On-Demand N2P SDU/MDU Simple",
    "target_eligibility_quarter": "NA"
   }
  },
  {
   "type": "Feature",
   "geometry": {
    "type": "Point",
    "coordinates": [
     141.4016401,
     -37.5828845
    ]
   },
   "properties": {
    "name": "55 MCPHERSON STREET CASTERTON 3311",
    "locID": "LOC000050313007",
    "tech": "FTTN",
    "upgrade": "FTTP_SA",
    "gnaf_pid": "GAVIC419994953",
    "tech_change_status": "Eligible to Order",
    "program_type": "On-Demand N2P SDU/MDU Simple",
    "target_eligibility_quarter": "NA"
   }
  },
  {
   "type": "Feature",
   "geometry": {
    "type": "Point",
    "coordinates": [
     141.39029433,
     -37.59410776
    ]
   },
   "properties": {
    "name": "22 ROBERTS STREET CASTERTON 3311",
    "locID": "LOC000044478575",
    "tech": "FTTC",
    "upgrade": "FTTP_SA",
    "gnaf_pid": "GAVIC420002073",
    "tech_change_status": "Eligible to Order"
   }
  },
  {
   "type": "Feature",
   "geometry": {
    "type": "Point",
    "coordinates": [
     141.39063764,
     -37.59347645
    ]
   },
   "properties": {
    "name": "33 PEACHEY STREET CASTERTON 3311",
    "locID": "LOC000083780985",
    "tech": "FTTC",
    "upgrade": "FTTP_SA",
    "gnaf_pid": "GAVIC420002074",
    "tech_change_status": "Eligible to Order"
   }
  },
  {
   "type": "Feature",
   "geometry": {
    "type": "Point",
    "coordinates": [
     141.39039315,
     -37.59345369
    ]
   },
   "properties": {
    "name": "35 PEACHEY STREET CASTERTON 3311",
    "locID": "LOC000053050104",
    "tech": "FTTC",
    "upgrade": "FTTP_SA",
    "gnaf_pid": "GAVIC420004725",
    "tech_change_status": "Eligible to Order"
   }
  },
  {
   "type": "Feature",
   "geometry": {
    "type": "Point",
    "coordinates": [
     141.3901787,
     -37.59343383
    ]
   },
   "properties": {
    "name": "37 PEACHEY STREET CASTERTON 3311",
    "locID": "LOC000022641522",
    "tech": "FTTC",
    "upgrade": "FTTP_SA",
    "gnaf_pid": "GAVIC420004726",
    "tech_change_status": "Eligible to Order"
   }
  },
  {
   "type": "Feature",
   "geometry": {
    "type": "Point",
    "coordinates": [
     141.3883685,
     -37.59235225
    ]
   },
   "properties": {
    "name": "19 GEORGE STREET CASTERTON 3311",
    "locID": "LOC000083011887",
    "tech": "FTTP",
    "upgrade": "FTTP_NA",
    "gnaf_pid": "GAVIC420004727",
    "tech_change_status": "Previous Tech Disconnected",
    "program_type": "On-Demand N2P SDU/MDU Simple",
    "target_eligibility_quarter": "NA"
   }
  },
  {
   "type": "Feature",
   "geometry": {
    "type": "Point",
    "coordinates": [
     141.39376174,
     -37.59353229
    ]
   },
   "properties": {
    "name": "11 PEACHEY STREET CASTERTON 3311",
    "locID": "LOC000003498570",
    "tech": "FTTC",
    "upgrade": "FTTP_SA",
    "gnaf_pid": "GAVIC420004728",
    "tech_change_status": "Eligible to Order"
   }
  },
  {
   "type": "Feature",
   "geometry": {
    "type": "Point",
    "coordinates": [
     141.39184733,
     -37.59302184
    ]
   },
   "properties": {
    "name": "20 PEACHEY STREET CASTERTON 3311",
    "locID": "LOC000054264036",
    "tech": "FTTP",
    "upgrade": "NULL_NA",
    "gnaf_pid": "GAVIC420004731"
   }
  },
  {
   "type": "Feature",
   "geometry": {
    "type": "Point",
    "coordinates": [
     141.39138632,
     -37.59297699
    ]
   },
   "properties": {
    "name": "24 PEACHEY STREET CASTERTON 3311",
    "locID": "LOC000061811424",
    "tech": "FTTP",
    "upgrade": "NULL_NA",
    "gnaf_pid": "GAVIC420004732"
   }
  },
  {
   "type": "Feature",
   "geometry": {
    "type": "Point",
    "coordinates": [
     141.39118268,
     -37.59296039
    ]
   },
   "properties": {
    "name": "26 PEACHEY STREET CASTERTON 3311",
    "locID": "LOC000054894212",
    "tech": "FTTP",
    "upgrade": "NULL_NA",
    "gnaf_pid": "GAVIC420004733"
   }
  },
  {
   "type": "Feature",
   "geometry": {
    "type": "Point",
    "coordinates": [
     141.39290501,
     -37.59492893
    ]
   },
   "properties": {
    "name": "22 RUSSELL STREET CASTERTON 3311",
    "locID": "LOC000009790486",
    "tech": "FTTC",
    "upgrade": "FTTP_SA",
    "gnaf_pid": "GAVIC420004734",
    "tech_change_status": "Eligible to Order"
   }
  },
  {
   "type": "Feature",
   "geometry": {
    "type": "Point",
    "coordinates": [
     141.39290987,
     -37.59219157
    ]
   },
   "properties": {
    "name": "49 RUSSELL STREET CASTERTON 3311",
    "locID": "LOC000057881009",
    "tech": "FTTC",
    "upgrade": "FTTP_SA",
    "gnaf_pid": "GAVIC420004735",
    "tech_change_status": "Eligible to Order"
   }
  },
  {
   "type": "Feature",
   "geometry": {
    "type": "Point",
    "coordinates": [
     141.38988038,
     -37.58974807
    ]
   },
   "properties": {
    "name": "10 WHITE STREET CASTERTON 3311",
    "locID": "LOC000026888362",
    "tech": "FTTN",
    "upgrade": "FTTP_SA",
    "gnaf_pid": "GAVIC420004740",
    "tech_change_status": "Eligible to Order",
    "program_type": "On-Demand N2P SDU/MDU Simple",
    "target_eligibility_quarter": "NA"
   }
  },
  {
   "type": "Feature",
   "geometry": {
    "type": "Point",
    "coordinates": [
     141.39226165,
     -37.59655624
    ]
   },
   "properties": {
    "name": "3 RUSSELL STREET CASTERTON 3311",
    "locID": "LOC000124625020",
    "tech": "FTTC",
    "upgrade": "FTTP_SA",
    "gnaf_pid": "GAVIC420015076",
    "tech_change_status": "Eligible to Order"
   }
  },
  {
   "type": "Feature",
   "geometry": {
    "type": "Point",
    "coordinates": [
     141.39238605,
     -37.59572014
    ]
   },
   "properties": {
    "name": "11 RUSSELL STREET CASTERTON 3311",
    "locID": "LOC000057246220",
    "tech": "FTTC",
    "upgrade": "FTTP_SA",
    "gnaf_pid": "GAVIC420015081",
    "tech_change_status": "Eligible to Order"
   }
  },
  {
   "type": "Feature",
   "geometry": {
    "type": "Point",
    "coordinates": [
     141.3898092,
     -37.59406504
    ]
   },
   "properties": {
    "name": "26 ROBERTS STREET CASTERTON 3311",
    "locID": "LOC000102707265",
    "tech": "FTTP",
    "upgrade": "NULL_NA",
    "gnaf_pid": "GAVIC420015087"
   }
  },
  {
   "type": "Feature",
   "geometry": {
    "type": "Point",
    "coordinates": [
     141.39005134,
     -37.59408422
    ]
   },
   "properties": {
    "name": "24 ROBERTS STREET CASTERTON 3311",
    "locID": "LOC000044550229",
    "tech": "FTTC",
    "upgrade": "FTTP_SA",
    "gnaf_pid": "GAVIC420015088",
    "tech_change_status": "Eligible to Order"
   }
  },
  {
   "type": "Feature",
   "geometry": {
    "type": "Point",
    "coordinates": [
     141.40412115,
     -37.58593985
    ]
   },
   "properties": {
    "name": "27 MCPHERSON STREET CASTERTON 3311",
    "locID": "LOC000025223592",
    "tech": "FTTN",
    "upgrade": "FTTP_SA",
    "gnaf_pid": "GAVIC420022471",
    "tech_change_status": "Eligible to Order",
    "program_type": "On-Demand N2P SDU/MDU Simple",
    "target_eligibility_quarter": "NA"
   }
  },
  {
   "type": "Feature",
   "geometry": {
    "type": "Point",
    "coordinates": [
     141.39916241,
     -37.58658389
    ]
   },
   "properties": {
    "name": "14 HUTTON STREET CASTERTON 3311",
    "locID": "LOC000101141397",
    "tech": "FTTN",
    "upgrade": "FTTP_SA",
    "gnaf_pid": "GAVIC420025951",
    "tech_change_status": "Eligible to Order",
    "program_type": "On-Demand N2P SDU/MDU Simple",
    "target_eligibility_quarter": "NA"
   }
  },
  {
   "type": "Feature",
   "geometry": {
    "type": "Point",
    "coordinates": [
     141.39740004,
     -37.5870617
    ]
   },
   "properties": {
    "name": "66 MURRAY STREET CASTERTON 3311",
    "locID": "LOC000018622277",
    "tech": "FTTN",
    "upgrade": "FTTP_SA",
    "gnaf_pid": "GAVIC420027931",
    "tech_change_status": "Eligible to Order",
    "program_type": "On-Demand N2P SDU/MDU Simple",
    "target_eligibility_quarter": "NA"
   }
  },
  {
   "type": "Feature",
   "geometry": {
    "type": "Point",
    "coordinates": [
     141.4006409,
     -37.58808591
    ]
   },
   "properties": {
    "name": "48 JACKSON STREET CASTERTON 3311",
    "locID": "LOC000085480067",
    "tech": "FTTN",
    "upgrade": "FTTP_SA",
    "gnaf_pid": "GAVIC420029273",
    "tech_change_status": "Eligible to Order",
    "program_type": "On-Demand N2P SDU/MDU Simple",
    "target_eligibility_quarter": "NA"
   }
  },
  {
   "type": "Feature",
   "geometry": {
    "type": "Point",
    "coordinates": [
     141.39566169,
     -37.59083193
    ]
   },
   "properties": {
    "name": "91 JACKSON STREET CASTERTON 3311",
    "locID": "LOC000102736616",
    "tech": "FTTP",
    "upgrade": "FTTP_NA",
    "gnaf_pid": "GAVIC420042683",
    "tech_change_status": "Previous Tech Disconnected",
    "program_type": "On-Demand N2P SDU/MDU Simple",
    "target_eligibility_quarter": "NA"
   }
  },
  {
   "type": "Feature",
   "geometry": {
    "type": "Point",
    "coordinates": [
     141.39765303,
     -37.58604018
    ]
   },
   "properties": {
    "name": "45 ADDISON STREET CASTERTON 3311",
    "locID": "LOC000060679370",
    "tech": "FTTN",
    "upgrade": "FTTP_SA",
    "gnaf_pid": "GAVIC420051567",
    "tech_change_status": "Eligible to Order",
    "program_type": "On-Demand N2P SDU/MDU Simple",
    "target_eligibility_quarter": "NA"
   }
  },
  {
   "type": "Feature",
   "geometry": {
    "type": "Point",
    "coordinates": [
     141.40155,
     -37.585846
    ]
   },
   "properties": {
    "name": "32 MCKINLAY STREET CASTERTON 3311",
    "locID": "LOC000124625106",
    "tech": "FTTP",
    "upgrade": "FTTP_NA",
    "gnaf_pid": "GAVIC420051798",
    "tech_change_status": "Previous Tech Disconnected",
    "program_type": "On-Demand N2P SDU/MDU Simple",
    "target_eligibility_quarter": "NA"
   }
  },
  {
   "type": "Feature",
   "geometry": {
    "type": "Point",
    "coordinates": [
     141.39796795,
     -37.58676365
    ]
   },
   "properties": {
    "name": "60 MURRAY STREET CASTERTON 3311",
    "locID": "LOC000056228641",
    "tech": "FTTN",
    "upgrade": "FTTP_SA",
    "gnaf_pid": "GAVIC420057414",
    "tech_change_status": "Eligible to Order",
    "program_type": "On-Demand N2P SDU/MDU Simple",
    "target_eligibility_quarter": "NA"
   }
  },
  {
   "type": "Feature",
   "geometry": {
    "type": "Point",
    "coordinates": [
     141.39272351,
     -37.59349721
    ]
   },
   "properties": {
    "name": "33 RUSSELL STREET CASTERTON 3311",
    "locID": "LOC000040115689",
    "tech": "FTTC",
    "upgrade": "FTTP_SA",
    "gnaf_pid": "GAVIC420059739",
    "tech_change_status": "Eligible to Order"
   }
  },
  {
   "type": "Feature",
   "geometry": {
    "type": "Point",
    "coordinates": [
     141.39677402,
     -37.59058936
    ]
   },
   "properties": {
    "name": "UNIT 9, 85 JACKSON STREET CASTERTON 3311",
    "locID": "LOC000056700199",
    "tech": "FTTN",
    "upgrade": "NULL_NA",
    "gnaf_pid": "GAVIC420060912",
    "tech_change_status": "Not Planned"
   }
  },
  {
   "type": "Feature",
   "geometry": {
    "type": "Point",
    "coordinates": [
     141.39758534,
     -37.59004364
    ]
   },
   "properties": {
    "name": "73 JACKSON STREET CASTERTON 3311",
    "locID": "LOC000008424482",
    "tech": "FTTP",
    "upgrade": "FTTP_NA",
    "gnaf_pid": "GAVIC420060915",
    "tech_change_status": "Previous Tech Disconnected",
    "program_type": "On-Demand N2P SDU/MDU Simple",
    "target_eligibility_quarter": "NA"
   }
  },
  {
   "type": "Feature",
   "geometry": {
    "type": "Point",
    "coordinates": [
     141.400374,
     -37.5850229
    ]
   },
   "properties": {
    "name": "21 MCKINLAY STREET CASTERTON 3311",
    "locID": "LOC000075184416",
    "tech": "FTTP",
    "upgrade": "FTTP_NA",
    "gnaf_pid": "GAVIC420060916",
    "tech_change_status": "Previous Tech Disconnected",
    "program_type": "On-Demand N2P SDU/MDU Simple",
    "target_eligibility_quarter": "NA"
   }
  },
  {
   "type": "Feature",
   "geometry": {
    "type": "Point",
    "coordinates": [
     141.4136599,
     -37.58485187
    ]
   },
   "properties": {
    "name": "25 ROBERTSON STREET CASTERTON 3311",
    "locID": "LOC000095179639",
    "tech": "FTTN",
    "upgrade": "FTTP_SA",
    "gnaf_pid": "GAVIC420060919",
    "tech_change_status": "Eligible to Order",
    "program_type": "On-Demand N2P SDU/MDU Simple",
    "target_eligibility_quarter": "NA"
   }
  },
  {
   "type": "Feature",
   "geometry": {
    "type": "Point",
    "coordinates": [
     141.41362954,
     -37.58503294
    ]
   },
   "properties": {
    "name": "27 ROBERTSON STREET CASTERTON 3311",
    "locID": "LOC000081524514",
    "tech": "FTTN",
    "upgrade": "FTTP_SA",
    "gnaf_pid": "GAVIC420060920",
    "tech_change_status": "Eligible to Order",
    "program_type": "On-Demand N2P SDU/MDU Simple",
    "target_eligibility_quarter": "NA"
   }
  },
  {
   "type": "Feature",
   "geometry": {
    "type": "Point",
    "coordinates": [
     141.39521773,
     -37.59335661
    ]
   },
   "properties": {
    "name": "2 PEACHEY STREET CASTERTON 3311",
    "locID": "LOC000085380078",
    "tech": "FTTC",
    "upgrade": "FTTP_SA",
    "gnaf_pid": "GAVIC420082119",
    "tech_change_status": "Eligible to Order"
   }
  },
  {
   "type": "Feature",
   "geometry": {
    "type": "Point",
    "coordinates": [
     141.39505999,
     -37.59250254
    ]
   },
   "properties": {
    "name": "10 QUEEN STREET CASTERTON 3311",
    "locID": "LOC000075001453",
    "tech": "FTTC",
    "upgrade": "FTTP_SA",
    "gnaf_pid": "GAVIC420082120",
    "tech_change_status": "Eligible to Order"
   }
  },
  {
   "type": "Feature",
   "geometry": {
    "type": "Point",
    "coordinates": [
     141.39330015,
     -37.5922915
    ]
   },
   "properties": {
    "name": "52A RUSSELL STREET CASTERTON 3311",
    "locID": "LOC000124629923",
    "tech": "FTTC",
    "upgrade": "FTTP_SA",
    "gnaf_pid": "GAVIC420082121",
    "tech_change_status": "Eligible to Order"
   }
  },
  {
   "type": "Feature",
   "geometry": {
    "type": "Point",
    "coordinates": [
     141.392925,
     -37.59476
    ]
   },
   "properties": {
    "name": "24 RUSSELL STREET CASTERTON 3311",
    "locID": "LOC000016821965",
    "tech": "FTTC",
    "upgrade": "FTTP_SA",
    "gnaf_pid": "GAVIC420122004",
    "tech_change_status": "Eligible to Order"
   }
  },
  {
   "type": "Feature",
   "geometry": {
    "type": "Point",
    "coordinates": [
     141.39932246,
     -37.5860687
    ]
   },
   "properties": {
    "name": "48 MURRAY STREET CASTERTON 3311",
    "locID": "LOC000100252841",
    "tech": "FTTN",
    "upgrade": "FTTP_SA",
    "gnaf_pid": "GAVIC420129886",
    "tech_change_status": "Eligible to Order",
    "program_type": "On-Demand N2P SDU/MDU Simple",
    "target_eligibility_quarter": "NA"
   }
  },
  {
   "type": "Feature",
   "geometry": {
    "type": "Point",
    "coordinates": [
     141.39356305,
     -37.5879119
    ]
   },
   "properties": {
    "name": "5 OAK AVENUE CASTERTON 3311",
    "locID": "LOC000124629849",
    "tech": "FTTP",
    "upgrade": "FTTP_NA",
    "gnaf_pid": "GAVIC420136563",
    "tech_change_status": "Previous Tech Disconnected",
    "program_type": "On-Demand N2P SDU/MDU Simple",
    "target_eligibility_quarter": "NA"
   }
  },
  {
   "type": "Feature",
   "geometry": {
    "type": "Point",
    "coordinates": [
     141.39241,
     -37.595547
    ]
   },
   "properties": {
    "name": "13 RUSSELL STREET CASTERTON 3311",
    "locID": "LOC000059761989",
    "tech": "FTTP",
    "upgrade": "NULL_NA",
    "gnaf_pid": "GAVIC420141446"
   }
  },
  {
   "type": "Feature",
   "geometry": {
    "type": "Point",
    "coordinates": [
     141.4010967,
     -37.58425588
    ]
   },
   "properties": {
    "name": "15 ADDISON STREET CASTERTON 3311",
    "locID": "LOC000096755017",
    "tech": "FTTN",
    "upgrade": "FTTP_SA",
    "gnaf_pid": "GAVIC420148805",
    "tech_change_status": "Eligible to Order",
    "program_type": "On-Demand N2P SDU/MDU Simple",
    "target_eligibility_quarter": "NA"
   }
  },
  {
   "type": "Feature",
   "geometry": {
    "type": "Point",
    "coordinates": [
     141.41350915,
     -37.58576306
    ]
   },
   "properties": {
    "name": "37 ROBERTSON STREET CASTERTON 3311",
    "locID": "LOC000091690913",
    "tech": "FTTN",
    "upgrade": "FTTP_SA",
    "gnaf_pid": "GAVIC420148806",
    "tech_change_status": "Eligible to Order",
    "program_type": "On-Demand N2P SDU/MDU Simple",
    "target_eligibility_quarter": "NA"
   }
  },
  {
   "type": "Feature",
   "geometry": {
    "type": "Point",
    "coordinates": [
     141.39692339,
     -37.5899887
    ]
   },
   "properties": {
    "name": "78 JACKSON STREET CASTERTON 3311",
    "locID": "LOC000050456491",
    "tech": "FTTN",
    "upgrade": "FTTP_SA",
    "gnaf_pid": "GAVIC420258864",
    "tech_change_status": "Eligible to Order",
    "program_type": "On-Demand N2P SDU/MDU Simple",
    "target_eligibility_quarter": "NA"
   }
  },
  {
   "type": "Feature",
   "geometry": {
    "type": "Point",
    "coordinates": [
     141.40259034,
     -37.58877939
    ]
   },
   "properties": {
    "name": "13 TUCKETT STREET CASTERTON 3311",
    "locID": "LOC000094245808",
    "tech": "FTTP",
    "upgrade": "FTTP_NA",
    "gnaf_pid": "GAVIC420258865",
    "tech_change_status": "Previous Tech Disconnected",
    "program_type": "On-Demand N2P SDU/MDU Simple",
    "target_eligibility_quarter": "NA"
   }
  },
  {
   "type": "Feature",
   "geometry": {
    "type": "Point",
    "coordinates": [
     141.40183179,
     -37.58785085
    ]
   },
   "properties": {
    "name": "37 JACKSON STREET CASTERTON 3311",
    "locID": "LOC000090953480",
    "tech": "FTTN",
    "upgrade": "FTTP_SA",
    "gnaf_pid": "GAVIC420258867",
    "tech_change_status": "Eligible to Order",
    "program_type": "On-Demand N2P SDU/MDU Simple",
    "target_eligibility_quarter": "NA"
   }
  },
  {
   "type": "Feature",
   "geometry": {
    "type": "Point",
    "coordinates": [
     141.39604691,
     -37.58704008
    ]
   },
   "properties": {
    "name": "21 MILLER STREET CASTERTON 3311",
    "locID": "LOC000089075348",
    "tech": "FTTN",
    "upgrade": "FTTP_SA",
    "gnaf_pid": "GAVIC420258869",
    "tech_change_status": "Eligible to Order",
    "program_type": "On-Demand N2P SDU/MDU Simple",
    "target_eligibility_quarter": "NA"
   }
  },
  {
   "type": "Feature",
   "geometry": {
    "type": "Point",
    "coordinates": [
     141.40090384,
     -37.58435479
    ]
   },
   "properties": {
    "name": "17 ADDISON STREET CASTERTON 3311",
    "locID": "LOC000017085947",
    "tech": "FTTN",
    "upgrade": "FTTP",
    "gnaf_pid": "GAVIC420258875",
    "tech_change_status": "Eligible to Order",
    "program_type": "On-Demand N2P SDU/MDU Simple",
    "target_eligibility_quarter": "NA"
   }
  },
  {
   "type": "Feature",
   "geometry": {
    "type": "Point",
    "coordinates": [
     141.39352582,
     -37.59130478
    ]
   },
   "properties": {
    "name": "108 JACKSON STREET CASTERTON 3311",
    "locID": "LOC000092107552",
    "tech": "FTTC",
    "upgrade": "FTTP_SA",
    "gnaf_pid": "GAVIC420260687",
    "tech_change_status": "Eligible to Order"
   }
  },
  {
   "type": "Feature",
   "geometry": {
    "type": "Point",
    "coordinates": [
     141.39297558,
     -37.59171476
    ]
   },
   "properties": {
    "name": "51 RUSSELL STREET CASTERTON 3311",
    "locID": "LOC000050142225",
    "tech": "FTTC",
    "upgrade": "FTTP_SA",
    "gnaf_pid": "GAVIC420260689",
    "tech_change_status": "Eligible to Order"
   }
  },
  {
   "type": "Feature",
   "geometry": {
    "type": "Point",
    "coordinates": [
     141.390597,
     -37.592782
    ]
   },
   "properties": {
    "name": "5 CARMICHAEL STREET CASTERTON 3311",
    "locID": "LOC000060711453",
    "tech": "FTTN",
    "upgrade": "FTTP_SA",
    "gnaf_pid": "GAVIC420271020",
    "tech_change_status": "Eligible to Order",
    "program_type": "On-Demand N2P SDU/MDU Simple",
    "target_eligibility_quarter": "NA"
   }
  },
  {
   "type": "Feature",
   "geometry": {
    "type": "Point",
    "coordinates": [
     141.41126108,
     -37.59089163
    ]
   },
   "properties": {
    "name": "76 ROBERTSON STREET CASTERTON 3311",
    "locID": "LOC000057802753",
    "tech": "FTTN",
    "upgrade": "FTTP",
    "gnaf_pid": "GAVIC420282631",
    "tech_change_status": "Eligible to Order",
    "program_type": "On-Demand N2P SDU/MDU Simple",
    "target_eligibility_quarter": "NA"
   }
  },
  {
   "type": "Feature",
   "geometry": {
    "type": "Point",
    "coordinates": [
     141.41276405,
     -37.58765636
    ]
   },
   "properties": {
    "name": "48 ROBERTSON STREET CASTERTON 3311",
    "locID": "LOC000051095090",
    "tech": "FTTN",
    "upgrade": "FTTP_SA",
    "gnaf_pid": "GAVIC420285449",
    "tech_change_status": "Eligible to Order",
    "program_type": "On-Demand N2P SDU/MDU Simple",
    "target_eligibility_quarter": "NA"
   }
  },
  {
   "type": "Feature",
   "geometry": {
    "type": "Point",
    "coordinates": [
     141.4141574,
     -37.58803098
    ]
   },
   "properties": {
    "name": "4-10 LITTLE KOCH STREET CASTERTON 3311",
    "locID": "LOC000081002035",
    "tech": "FTTN",
    "upgrade": "FTTP_SA",
    "gnaf_pid": "GAVIC420285450",
    "tech_change_status": "Eligible to Order",
    "program_type": "On-Demand N2P SDU/MDU Simple",
    "target_eligibility_quarter": "NA"
   }
  },
  {
   "type": "Feature",
   "geometry": {
    "type": "Point",
    "coordinates": [
     141.41355855,
     -37.582943
    ]
   },
   "properties": {
    "name": "8 ROBERTSON STREET CASTERTON 3311",
    "locID": "LOC000039509474",
    "tech": "FTTN",
    "upgrade": "FTTP_SA",
    "gnaf_pid": "GAVIC420285451",
    "tech_change_status": "Eligible to Order",
    "program_type": "On-Demand N2P SDU/MDU Simple",
    "target_eligibility_quarter": "NA"
   }
  },
  {
   "type": "Feature",
   "geometry": {
    "type": "Point",
    "coordinates": [
     141.40177732,
     -37.58352272
    ]
   },
   "properties": {
    "name": "8 ADDISON STREET CASTERTON 3311",
    "locID": "LOC000066617757",
    "tech": "FTTN",
    "upgrade": "FTTP",
    "gnaf_pid": "GAVIC420287989",
    "tech_change_status": "Eligible to Order",
    "program_type": "On-Demand N2P SDU/MDU Simple",
    "target_eligibility_quarter": "NA"
   }
  },
  {
   "type": "Feature",
   "geometry": {
    "type": "Point",
    "coordinates": [
     141.40163849,
     -37.58360276
    ]
   },
   "properties": {
    "name": "10 ADDISON STREET CASTERTON 3311",
    "locID": "LOC000071732451",
    "tech": "FTTN",
    "upgrade": "FTTP",
    "gnaf_pid": "GAVIC420287990",
    "tech_change_status": "Eligible to Order",
    "program_type": "On-Demand N2P SDU/MDU Simple",
    "target_eligibility_quarter": "NA"
   }
  },
  {
   "type": "Feature",
   "geometry": {
    "type": "Point",
    "coordinates": [
     141.40296863,
     -37.58858416
    ]
   },
   "properties": {
    "name": "9 TUCKETT STREET CASTERTON 3311",
    "locID": "LOC000083642213",
    "tech": "FTTN",
    "upgrade": "FTTP_SA",
    "gnaf_pid": "GAVIC420287992",
    "tech_change_status": "Eligible to Order",
    "program_type": "On-Demand N2P SDU/MDU Simple",
    "target_eligibility_quarter": "NA"
   }
  },
  {
   "type": "Feature",
   "geometry": {
    "type": "Point",
    "coordinates": [
     141.38902535,
     -37.59240576
    ]
   },
   "properties": {
    "name": "13 GEORGE STREET CASTERTON 3311",
    "locID": "LOC000088857447",
    "tech": "FTTN",
    "upgrade": "FTTP_SA",
    "gnaf_pid": "GAVIC420299844",
    "tech_change_status": "Eligible to Order",
    "program_type": "On-Demand N2P SDU/MDU Simple",
    "target_eligibility_quarter": "NA"
   }
  },
  {
   "type": "Feature",
   "geometry": {
    "type": "Point",
    "coordinates": [
     141.3897845,
     -37.59221691
    ]
   },
   "properties": {
    "name": "10 GEORGE STREET CASTERTON 3311",
    "locID": "LOC000088396792",
    "tech": "FTTN",
    "upgrade": "FTTP_SA",
    "gnaf_pid": "GAVIC420299845",
    "tech_change_status": "Eligible to Order",
    "program_type": "On-Demand N2P SDU/MDU Simple",
    "target_eligibility_quarter": "NA"
   }
  },
  {
   "type": "Feature",
   "geometry": {
    "type": "Point",
    "coordinates": [
     141.38807614,
     -37.59204264
    ]
   },
   "properties": {
    "name": "30 GEORGE STREET CASTERTON 3311",
    "locID": "LOC000084522826",
    "tech": "FTTN",
    "upgrade": "FTTP_SA",
    "gnaf_pid": "GAVIC420299847",
    "tech_change_status": "Eligible to Order",
    "program_type": "On-Demand N2P SDU/MDU Simple",
    "target_eligibility_quarter": "NA"
   }
  },
  {
   "type": "Feature",
   "geometry": {
    "type": "Point",
    "coordinates": [
     141.39018083,
     -37.59223149
    ]
   },
   "properties": {
    "name": "6 GEORGE STREET CASTERTON 3311",
    "locID": "LOC000091063077",
    "tech": "FTTN",
    "upgrade": "FTTP_SA",
    "gnaf_pid": "GAVIC420299848",
    "tech_change_status": "Eligible to Order",
    "program_type": "On-Demand N2P SDU/MDU Simple",
    "target_eligibility_quarter": "NA"
   }
  },
  {
   "type": "Feature",
   "geometry": {
    "type": "Point",
    "coordinates": [
     141.39251721,
     -37.59483903
    ]
   },
   "properties": {
    "name": "19-23 RUSSELL STREET CASTERTON 3311",
    "locID": "LOC000124694230",
    "tech": "FTTC",
    "upgrade": "FTTP_SA",
    "gnaf_pid": "GAVIC420299849",
    "tech_change_status": "Eligible to Order"
   }
  },
  {
   "type": "Feature",
   "geometry": {
    "type": "Point",
    "coordinates": [
     141.3921317,
     -37.59460494
    ]
   },
   "properties": {
    "name": "1 ROBERTS STREET CASTERTON 3311",
    "locID": "LOC000075299804",
    "tech": "FTTC",
    "upgrade": "FTTP_SA",
    "gnaf_pid": "GAVIC420299850",
    "tech_change_status": "Eligible to Order"
   }
  },
  {
   "type": "Feature",
   "geometry": {
    "type": "Point",
    "coordinates": [
     141.39177088,
     -37.58595776
    ]
   },
   "properties": {
    "name": "15 MCEVOY STREET CASTERTON 3311",
    "locID": "LOC000069905329",
    "tech": "FTTP",
    "upgrade": "FTTP_NA",
    "gnaf_pid": "GAVIC420307798",
    "tech_change_status": "Previous Tech Disconnected",
    "program_type": "On-Demand N2P SDU/MDU Simple",
    "target_eligibility_quarter": "NA"
   }
  },
  {
   "type": "Feature",
   "geometry": {
    "type": "Point",
    "coordinates": [
     141.39104286,
     -37.58497625
    ]
   },
   "properties": {
    "name": "3 MITCHELL STREET CASTERTON 3311",
    "locID": "LOC000041159635",
    "tech": "FTTP",
    "upgrade": "FTTP_NA",
    "gnaf_pid": "GAVIC420307799",
    "tech_change_status": "Previous Tech Disconnected",
    "program_type": "On-Demand N2P SDU/MDU Simple",
    "target_eligibility_quarter": "NA"
   }
  },
  {
   "type": "Feature",
   "geometry": {
    "type": "Point",
    "coordinates": [
     141.39039886,
     -37.58492414
    ]
   },
   "properties": {
    "name": "9 MITCHELL STREET CASTERTON 3311",
    "locID": "LOC000097438595",
    "tech": "FTTN",
    "upgrade": "FTTP",
    "gnaf_pid": "GAVIC420307800",
    "tech_change_status": "Eligible to Order",
    "program_type": "On-Demand N2P SDU/MDU Simple",
    "target_eligibility_quarter": "NA"
   }
  },
  {
   "type": "Feature",
   "geometry": {
    "type": "Point",
    "coordinates": [
     141.3931386,
     -37.58711468
    ]
   },
   "properties": {
    "name": "24 SILVESTER STREET CASTERTON 3311",
    "locID": "LOC000034809505",
    "tech": "FTTP",
    "upgrade": "FTTP_NA",
    "gnaf_pid": "GAVIC420307805",
    "tech_change_status": "Previous Tech Disconnected",
    "program_type": "On-Demand N2P SDU/MDU Simple",
    "target_eligibility_quarter": "NA"
   }
  },
  {
   "type": "Feature",
   "geometry": {
    "type": "Point",
    "coordinates": [
     141.41255886,
     -37.58885975
    ]
   },
   "properties": {
    "name": "64 ROBERTSON STREET CASTERTON 3311",
    "locID": "LOC000094975156",
    "tech": "FTTP",
    "upgrade": "FTTP_NA",
    "gnaf_pid": "GAVIC420307957",
    "tech_change_status": "Previous Tech Disconnected",
    "program_type": "On-Demand N2P SDU/MDU Simple",
    "target_eligibility_quarter": "NA"
   }
  },
  {
   "type": "Feature",
   "geometry": {
    "type": "Point",
    "coordinates": [
     141.41331898,
     -37.58701536
    ]
   },
   "properties": {
    "name": "18A SHIELS TERRACE CASTERTON 3311",
    "locID": "LOC000071864363",
    "tech": "FTTN",
    "upgrade": "FTTP_SA",
    "gnaf_pid": "GAVIC420307958",
    "tech_change_status": "Eligible to Order",
    "program_type": "On-Demand N2P SDU/MDU Simple",
    "target_eligibility_quarter": "NA"
   }
  },
  {
   "type": "Feature",
   "geometry": {
    "type": "Point",
    "coordinates": [
     141.41328129,
     -37.58458513
    ]
   },
   "properties": {
    "name": "20 ROBERTSON STREET CASTERTON 3311",
    "locID": "LOC000051826045",
    "tech": "FTTN",
    "upgrade": "FTTP_SA",
    "gnaf_pid": "GAVIC420307959",
    "tech_change_status": "Eligible to Order",
    "program_type": "On-Demand N2P SDU/MDU Simple",
    "target_eligibility_quarter": "NA"
   }
  },
  {
   "type": "Feature",
   "geometry": {
    "type": "Point",
    "coordinates": [
     141.41489679,
     -37.58324326
    ]
   },
   "properties": {
    "name": "8 VIEW STREET CASTERTON 3311",
    "locID": "LOC000101477950",
    "tech": "FTTN",
    "upgrade": "FTTP_SA",
    "gnaf_pid": "GAVIC420307960",
    "tech_change_status": "Eligible to Order",
    "program_type": "On-Demand N2P SDU/MDU Simple",
    "target_eligibility_quarter": "NA"
   }
  },
  {
   "type": "Feature",
   "geometry": {
    "type": "Point",
    "coordinates": [
     141.41802625,
     -37.58408868
    ]
   },
   "properties": {
    "name": "65 SHIELS TERRACE CASTERTON 3311",
    "locID": "LOC000033418468",
    "tech": "FTTP",
    "upgrade": "FTTP_NA",
    "gnaf_pid": "GAVIC420307962",
    "tech_change_status": "Previous Tech Disconnected",
    "program_type": "On-Demand N2P SDU/MDU Simple",
    "target_eligibility_quarter": "NA"
   }
  },
  {
   "type": "Feature",
   "geometry": {
    "type": "Point",
    "coordinates": [
     141.41568571,
     -37.5847381
    ]
   },
   "properties": {
    "name": "11 WIDDICOMBE STREET CASTERTON 3311",
    "locID": "LOC000019468245",
    "tech": "FTTP",
    "upgrade": "FTTP_NA",
    "gnaf_pid": "GAVIC420307963",
    "tech_change_status": "Previous Tech Disconnected",
    "program_type": "On-Demand N2P SDU/MDU Simple",
    "target_eligibility_quarter": "NA"
   }
  },
  {
   "type": "Feature",
   "geometry": {
    "type": "Point",
    "coordinates": [
     141.41552008,
     -37.58519826
    ]
   },
   "properties": {
    "name": "33 SHIELS TERRACE CASTERTON 3311",
    "locID": "LOC000098358725",
    "tech": "FTTP",
    "upgrade": "FTTP_NA",
    "gnaf_pid": "GAVIC420307964",
    "tech_change_status": "Previous Tech Disconnected",
    "program_type": "On-Demand N2P SDU/MDU Simple",
    "target_eligibility_quarter": "NA"
   }
  },
  {
   "type": "Feature",
   "geometry": {
    "type": "Point",
    "coordinates": [
     141.41604889,
     -37.5845211
    ]
   },
   "properties": {
    "name": "UNIT 2, 53 SHIELS TERRACE CASTERTON 3311",
    "locID": "LOC000075067994",
    "tech": "FTTN",
    "upgrade": "FTTP_NA",
    "gnaf_pid": "GAVIC420307965",
    "tech_change_status": "MDU Complex Eligible To Apply",
    "program_type": "Customer-initiated N2P MDU Complex"
   }
  },
  {
   "type": "Feature",
   "geometry": {
    "type": "Point",
    "coordinates": [
     141.39561559,
     -37.58646481
    ]
   },
   "properties": {
    "name": "27 MILLER STREET CASTERTON 3311",
    "locID": "LOC000106192684",
    "tech": "FTTP",
    "upgrade": "FTTP_NA",
    "gnaf_pid": "GAVIC420308704",
    "tech_change_status": "Previous Tech Disconnected",
    "program_type": "On-Demand N2P SDU/MDU Simple",
    "target_eligibility_quarter": "NA"
   }
  },
  {
   "type": "Feature",
   "geometry": {
    "type": "Point",
    "coordinates": [
     141.40144432,
     -37.58370061
    ]
   },
   "properties": {
    "name": "12 ADDISON STREET CASTERTON 3311",
    "locID": "LOC000093824076",
    "tech": "FTTN",
    "upgrade": "FTTP_SA",
    "gnaf_pid": "GAVIC420313129",
    "tech_change_status": "Eligible to Order",
    "program_type": "On-Demand N2P SDU/MDU Simple",
    "target_eligibility_quarter": "NA"
   }
  },
  {
   "type": "Feature",
   "geometry": {
    "type": "Point",
    "coordinates": [
     141.39429761,
     -37.58755766
    ]
   },
   "properties": {
    "name": "11 SILVESTER STREET CASTERTON 3311",
    "locID": "LOC000071552408",
    "tech": "FTTP",
    "upgrade": "FTTP_NA",
    "gnaf_pid": "GAVIC420314438",
    "tech_change_status": "Previous Tech Disconnected",
    "program_type": "On-Demand N2P SDU/MDU Simple",
    "target_eligibility_quarter": "NA"
   }
  },
  {
   "type": "Feature",
   "geometry": {
    "type": "Point",
    "coordinates": [
     141.39595195,
     -37.59615825
    ]
   },
   "properties": {
    "name": "2-10 COWLAND STREET CASTERTON 3311",
    "locID": "LOC000124694282",
    "tech": "FTTN",
    "upgrade": "FTTP_SA",
    "gnaf_pid": "GAVIC420319142",
    "tech_change_status": "Eligible to Order",
    "program_type": "On-Demand N2P SDU/MDU Simple",
    "target_eligibility_quarter": "NA"
   }
  },
  {
   "type": "Feature",
   "geometry": {
    "type": "Point",
    "coordinates": [
     141.39243234,
     -37.5953534
    ]
   },
   "properties": {
    "name": "15 RUSSELL STREET CASTERTON 3311",
    "locID": "LOC000072948636",
    "tech": "FTTC",
    "upgrade": "FTTP_SA",
    "gnaf_pid": "GAVIC420319372",
    "tech_change_status": "Eligible to Order"
   }
  },
  {
   "type": "Feature",
   "geometry": {
    "type": "Point",
    "coordinates": [
     141.39087805,
     -37.5934744
    ]
   },
   "properties": {
    "name": "31 PEACHEY STREET CASTERTON 3311",
    "locID": "LOC000062388298",
    "tech": "FTTC",
    "upgrade": "FTTP_SA",
    "gnaf_pid": "GAVIC420319379",
    "tech_change_status": "Eligible to Order"
   }
  },
  {
   "type": "Feature",
   "geometry": {
    "type": "Point",
    "coordinates": [
     141.39054591,
     -37.59413578
    ]
   },
   "properties": {
    "name": "20 ROBERTS STREET CASTERTON 3311",
    "locID": "LOC000010090368",
    "tech": "FTTC",
    "upgrade": "FTTP_SA",
    "gnaf_pid": "GAVIC420319380",
    "tech_change_status": "Eligible to Order"
   }
  },
  {
   "type": "Feature",
   "geometry": {
    "type": "Point",
    "coordinates": [
     141.38870604,
     -37.58962628
    ]
   },
   "properties": {
    "name": "22 WHITE STREET CASTERTON 3311",
    "locID": "LOC000015272917",
    "tech": "FTTP",
    "upgrade": "FTTP_NA",
    "gnaf_pid": "GAVIC420321903",
    "tech_change_status": "Previous Tech Disconnected",
    "program_type": "On-Demand N2P SDU/MDU Simple",
    "target_eligibility_quarter": "NA"
   }
  },
  {
   "type": "Feature",
   "geometry": {
    "type": "Point",
    "coordinates": [
     141.38932279,
     -37.5896916
    ]
   },
   "properties": {
    "name": "16 WHITE STREET CASTERTON 3311",
    "locID": "LOC000069156562",
    "tech": "FTTN",
    "upgrade": "FTTP_SA",
    "gnaf_pid": "GAVIC420321905",
    "tech_change_status": "Eligible to Order",
    "program_type": "On-Demand N2P SDU/MDU Simple",
    "target_eligibility_quarter": "NA"
   }
  },
  {
   "type": "Feature",
   "geometry": {
    "type": "Point",
    "coordinates": [
     141.38968838,
     -37.58972741
    ]
   },
   "properties": {
    "name": "12 WHITE STREET CASTERTON 3311",
    "locID": "LOC000089168037",
    "tech": "FTTN",
    "upgrade": "FTTP_SA",
    "gnaf_pid": "GAVIC420321906",
    "tech_change_status": "Eligible to Order",
    "program_type": "On-Demand N2P SDU/MDU Simple",
    "target_eligibility_quarter": "NA"
   }
  },
  {
   "type": "Feature",
   "geometry": {
    "type": "Point",
    "coordinates": [
     141.39008482,
     -37.58976911
    ]
   },
   "properties": {
    "name": "8 WHITE STREET CASTERTON 3311",
    "locID": "LOC000077094301",
    "tech": "FTTN",
    "upgrade": "FTTP_SA",
    "gnaf_pid": "GAVIC420321907",
    "tech_change_status": "Eligible to Order",
    "program_type": "On-Demand N2P SDU/MDU Simple",
    "target_eligibility_quarter": "NA"
   }
  },
  {
   "type": "Feature",
   "geometry": {
    "type": "Point",
    "coordinates": [
     141.3944835,
     -37.59417739
    ]
   },
   "properties": {
    "name": "9 GAZZARD STREET CASTERTON 3311",
    "locID": "LOC000030174293",
    "tech": "FTTC",
    "upgrade": "FTTP_SA",
    "gnaf_pid": "GAVIC420327216",
    "tech_change_status": "Eligible to Order"
   }
  },
  {
   "type": "Feature",
   "geometry": {
    "type": "Point",
    "coordinates": [
     141.39461355,
     -37.58815186
    ]
   },
   "properties": {
    "name": "6-10 FLYNN STREET CASTERTON 3311",
    "locID": "LOC000124634354",
    "tech": "FTTP",
    "upgrade": "FTTP_NA",
    "gnaf_pid": "GAVIC420328033",
    "tech_change_status": "Previous Tech Disconnected",
    "program_type": "On-Demand N2P SDU/MDU Simple",
    "target_eligibility_quarter": "NA"
   }
  },
  {
   "type": "Feature",
   "geometry": {
    "type": "Point",
    "coordinates": [
     141.39485729,
     -37.58841238
    ]
   },
   "properties": {
    "name": "11-15 FLYNN STREET CASTERTON 3311",
    "locID": "LOC000124685236",
    "tech": "FTTP",
    "upgrade": "FTTP_NA",
    "gnaf_pid": "GAVIC420328034",
    "tech_change_status": "Previous Tech Disconnected",
    "program_type": "On-Demand N2P SDU/MDU Simple",
    "target_eligibility_quarter": "NA"
   }
  },
  {
   "type": "Feature",
   "geometry": {
    "type": "Point",
    "coordinates": [
     141.39125453,
     -37.59236238
    ]
   },
   "properties": {
    "name": "10 CARMICHAEL STREET CASTERTON 3311",
    "locID": "LOC000090309547",
    "tech": "FTTC",
    "upgrade": "FTTP_SA",
    "gnaf_pid": "GAVIC420333609",
    "tech_change_status": "Eligible to Order"
   }
  },
  {
   "type": "Feature",
   "geometry": {
    "type": "Point",
    "coordinates": [
     141.40069696,
     -37.58443538
    ]
   },
   "properties": {
    "name": "19 ADDISON STREET CASTERTON 3311",
    "locID": "LOC000124694173",
    "tech": "FTTP",
    "upgrade": "FTTP_NA",
    "gnaf_pid": "GAVIC420337877",
    "tech_change_status": "Previous Tech Disconnected",
    "program_type": "On-Demand N2P SDU/MDU Simple",
    "target_eligibility_quarter": "NA"
   }
  },
  {
   "type": "Feature",
   "geometry": {
    "type": "Point",
    "coordinates": [
     141.39775228,
     -37.58685624
    ]
   },
   "properties": {
    "name": "62 MURRAY STREET CASTERTON 3311",
    "locID": "LOC000024803615",
    "tech": "FTTN",
    "upgrade": "FTTP_SA",
    "gnaf_pid": "GAVIC420355319",
    "tech_change_status": "Eligible to Order",
    "program_type": "On-Demand N2P SDU/MDU Simple",
    "target_eligibility_quarter": "NA"
   }
  },
  {
   "type": "Feature",
   "geometry": {
    "type": "Point",
    "coordinates": [
     141.39726678,
     -37.58622631
    ]
   },
   "properties": {
    "name": "49 ADDISON STREET CASTERTON 3311",
    "locID": "LOC000062397281",
    "tech": "FTTN",
    "upgrade": "FTTP_SA",
    "gnaf_pid": "GAVIC420355320",
    "tech_change_status": "Eligible to Order",
    "program_type": "On-Demand N2P SDU/MDU Simple",
    "target_eligibility_quarter": "NA"
   }
  },
  {
   "type": "Feature",
   "geometry": {
    "type": "Point",
    "coordinates": [
     141.40185483,
     -37.58386704
    ]
   },
   "properties": {
    "name": "7 ADDISON STREET CASTERTON 3311",
    "locID": "LOC000089354947",
    "tech": "FTTP",
    "upgrade": "FTTP_NA",
    "gnaf_pid": "GAVIC420355450",
    "tech_change_status": "Previous Tech Disconnected",
    "program_type": "On-Demand N2P SDU/MDU Simple",
    "target_eligibility_quarter": "NA"
   }
  },
  {
   "type": "Feature",
   "geometry": {
    "type": "Point",
    "coordinates": [
     141.40049012,
     -37.58586065
    ]
   },
   "properties": {
    "name": "39 MURRAY STREET CASTERTON 3311",
    "locID": "LOC000061496180",
    "tech": "FTTP",
    "upgrade": "FTTP_NA",
    "gnaf_pid": "GAVIC420362436",
    "tech_change_status": "Previous Tech Disconnected",
    "program_type": "On-Demand N2P SDU/MDU Simple",
    "target_eligibility_quarter": "NA"
   }
  },
  {
   "type": "Feature",
   "geometry": {
    "type": "Point",
    "coordinates": [
     141.40276468,
     -37.58796303
    ]
   },
   "properties": {
    "name": "3 MCKINLAY STREET CASTERTON 3311",
    "locID": "LOC000006922285",
    "tech": "FTTP",
    "upgrade": "FTTP_NA",
    "gnaf_pid": "GAVIC420362437",
    "tech_change_status": "Previous Tech Disconnected",
    "program_type": "On-Demand N2P SDU/MDU Simple",
    "target_eligibility_quarter": "NA"
   }
  },
  {
   "type": "Feature",
   "geometry": {
    "type": "Point",
    "coordinates": [
     141.39999329,
     -37.5884222
    ]
   },
   "properties": {
    "name": "50 JACKSON STREET CASTERTON 3311",
    "locID": "LOC000071490672",
    "tech": "FTTN",
    "upgrade": "FTTP_SA",
    "gnaf_pid": "GAVIC420369365",
    "tech_change_status": "Eligible to Order",
    "program_type": "On-Demand N2P SDU/MDU Simple",
    "target_eligibility_quarter": "NA"
   }
  },
  {
   "type": "Feature",
   "geometry": {
    "type": "Point",
    "coordinates": [
     141.39677402,
     -37.59058936
    ]
   },
   "properties": {
    "name": "UNIT 10, 85 JACKSON STREET CASTERTON 3311",
    "locID": "LOC000056440541",
    "tech": "FTTN",
    "upgrade": "NULL_NA",
    "gnaf_pid": "GAVIC420369366",
    "tech_change_status": "Not Planned"
   }
  },
  {
   "type": "Feature",
   "geometry": {
    "type": "Point",
    "coordinates": [
     141.39855405,
     -37.58915846
    ]
   },
   "properties": {
    "name": "64 JACKSON STREET CASTERTON 3311",
    "locID": "LOC000031730021",
    "tech": "FTTP",
    "upgrade": "FTTP_NA",
    "gnaf_pid": "GAVIC420369367",
    "tech_change_status": "Previous Tech Disconnected",
    "program_type": "On-Demand N2P SDU/MDU Simple",
    "target_eligibility_quarter": "NA"
   }
  },
  {
   "type": "Feature",
   "geometry": {
    "type": "Point",
    "coordinates": [
     141.3960883,
     -37.58642521
    ]
   },
   "properties": {
    "name": "60 ADDISON STREET CASTERTON 3311",
    "locID": "LOC000086473029",
    "tech": "FTTN",
    "upgrade": "FTTP_SA",
    "gnaf_pid": "GAVIC420372187",
    "tech_change_status": "Eligible to Order",
    "program_type": "On-Demand N2P SDU/MDU Simple",
    "target_eligibility_quarter": "NA"
   }
  },
  {
   "type": "Feature",
   "geometry": {
    "type": "Point",
    "coordinates": [
     141.39470554,
     -37.5929303
    ]
   },
   "properties": {
    "name": "1 QUEEN STREET CASTERTON 3311",
    "locID": "LOC000034784653",
    "tech": "FTTC",
    "upgrade": "FTTP_SA",
    "gnaf_pid": "GAVIC420395483",
    "tech_change_status": "Eligible to Order"
   }
  },
  {
   "type": "Feature",
   "geometry": {
    "type": "Point",
    "coordinates": [
     141.3943077,
     -37.59326496
    ]
   },
   "properties": {
    "name": "10 PEACHEY STREET CASTERTON 3311",
    "locID": "LOC000077161634",
    "tech": "FTTC",
    "upgrade": "FTTP_SA",
    "gnaf_pid": "GAVIC420395484",
    "tech_change_status": "Eligible to Order"
   }
  },
  {
   "type": "Feature",
   "geometry": {
    "type": "Point",
    "coordinates": [
     141.4046947,
     -37.5860084
    ]
   },
   "properties": {
    "name": "18 JACKSON STREET CASTERTON 3311",
    "locID": "LOC000124694139",
    "tech": "FTTN",
    "upgrade": "FTTP_SA",
    "gnaf_pid": "GAVIC420395487",
    "tech_change_status": "Eligible to Order",
    "program_type": "On-Demand N2P SDU/MDU Simple",
    "target_eligibility_quarter": "NA"
   }
  },
  {
   "type": "Feature",
   "geometry": {
    "type": "Point",
    "coordinates": [
     141.4052673,
     -37.58571453
    ]
   },
   "properties": {
    "name": "10 JACKSON STREET CASTERTON 3311",
    "locID": "LOC000047253821",
    "tech": "FTTN",
    "upgrade": "FTTP",
    "gnaf_pid": "GAVIC420395489",
    "tech_change_status": "Eligible to Order",
    "program_type": "On-Demand N2P SDU/MDU Simple",
    "target_eligibility_quarter": "NA"
   }
  },
  {
   "type": "Feature",
   "geometry": {
    "type": "Point",
    "coordinates": [
     141.39815239,
     -37.589029
    ]
   },
   "properties": {
    "name": "6 MILLER STREET CASTERTON 3311",
    "locID": "LOC000076151219",
    "tech": "FTTN",
    "upgrade": "FTTP_SA",
    "gnaf_pid": "GAVIC420428900",
    "tech_change_status": "Eligible to Order",
    "program_type": "On-Demand N2P SDU/MDU Simple",
    "target_eligibility_quarter": "NA"
   }
  },
  {
   "type": "Feature",
   "geometry": {
    "type": "Point",
    "coordinates": [
     141.39272859,
     -37.59576193
    ]
   },
   "properties": {
    "name": "12 RUSSELL STREET CASTERTON 3311",
    "locID": "LOC000124689564",
    "tech": "FTTC",
    "upgrade": "FTTP_SA",
    "gnaf_pid": "GAVIC420430674",
    "tech_change_status": "Eligible to Order"
   }
  },
  {
   "type": "Feature",
   "geometry": {
    "type": "Point",
    "coordinates": [
     141.4127332,
     -37.58783735
    ]
   },
   "properties": {
    "name": "50 ROBERTSON STREET CASTERTON 3311",
    "locID": "LOC000092086350",
    "tech": "FTTN",
    "upgrade": "FTTP_SA",
    "gnaf_pid": "GAVIC420432455",
    "tech_change_status": "Eligible to Order",
    "program_type": "On-Demand N2P SDU/MDU Simple",
    "target_eligibility_quarter": "NA"
   }
  },
  {
   "type": "Feature",
   "geometry": {
    "type": "Point",
    "coordinates": [
     141.41545201,
     -37.58469599
    ]
   },
   "properties": {
    "name": "9 WIDDICOMBE STREET CASTERTON 3311",
    "locID": "LOC000002830739",
    "tech": "FTTN",
    "upgrade": "FTTP_SA",
    "gnaf_pid": "GAVIC420438781",
    "tech_change_status": "Eligible to Order",
    "program_type": "On-Demand N2P SDU/MDU Simple",
    "target_eligibility_quarter": "NA"
   }
  },
  {
   "type": "Feature",
   "geometry": {
    "type": "Point",
    "coordinates": [
     141.39977724,
     -37.58429099
    ]
   },
   "properties": {
    "name": "31 MCKINLAY STREET CASTERTON 3311",
    "locID": "LOC000027095940",
    "tech": "FTTP",
    "upgrade": "NULL_NA",
    "gnaf_pid": "GAVIC420438782",
    "program_type": "On-Demand N2P SDU/MDU Simple",
    "target_eligibility_quarter": "NA"
   }
  },
  {
   "type": "Feature",
   "geometry": {
    "type": "Point",
    "coordinates": [
     141.39493387,
     -37.59557109
    ]
   },
   "properties": {
    "name": "15 STARK STREET CASTERTON 3311",
    "locID": "LOC000094717084",
    "tech": "FTTP",
    "upgrade": "FTTP_NA",
    "gnaf_pid": "GAVIC420438790",
    "tech_change_status": "Previous Tech Disconnected",
    "program_type": "On-Demand N2P SDU/MDU Simple",
    "target_eligibility_quarter": "NA"
   }
  },
  {
   "type": "Feature",
   "geometry": {
    "type": "Point",
    "coordinates": [
     141.40562758,
     -37.58780806
    ]
   },
   "properties": {
    "name": "9 MCPHERSON STREET CASTERTON 3311",
    "locID": "LOC000072035018",
    "tech": "FTTN",
    "upgrade": "FTTP_SA",
    "gnaf_pid": "GAVIC420446767",
    "tech_change_status": "Eligible to Order",
    "program_type": "On-Demand N2P SDU/MDU Simple",
    "target_eligibility_quarter": "NA"
   }
  },
  {
   "type": "Feature",
   "geometry": {
    "type": "Point",
    "coordinates": [
     141.41263794,
     -37.58839615
    ]
   },
   "properties": {
    "name": "56 ROBERTSON STREET CASTERTON 3311",
    "locID": "LOC000050796570",
    "tech": "FTTP",
    "upgrade": "FTTP_NA",
    "gnaf_pid": "GAVIC420450361",
    "tech_change_status": "Previous Tech Disconnected",
    "program_type": "On-Demand N2P SDU/MDU Simple",
    "target_eligibility_quarter": "NA"
   }
  },
  {
   "type": "Feature",
   "geometry": {
    "type": "Point",
    "coordinates": [
     141.39703518,
     -37.58595445
    ]
   },
   "properties": {
    "name": "50 ADDISON STREET CASTERTON 3311",
    "locID": "LOC000011026698",
    "tech": "FTTP",
    "upgrade": "FTTP_NA",
    "gnaf_pid": "GAVIC420554997",
    "tech_change_status": "Previous Tech Disconnected",
    "program_type": "On-Demand N2P SDU/MDU Simple",
    "target_eligibility_quarter": "NA"
   }
  },
  {
   "type": "Feature",
   "geometry": {
    "type": "Point",
    "coordinates": [
     141.41341439,
     -37.58377643
    ]
   },
   "properties": {
    "name": "14 ROBERTSON STREET CASTERTON 3311",
    "locID": "LOC000003631688",
    "tech": "FTTN",
    "upgrade": "FTTP_SA",
    "gnaf_pid": "GAVIC420557029",
    "tech_change_status": "Eligible to Order",
    "program_type": "On-Demand N2P SDU/MDU Simple",
    "target_eligibility_quarter": "NA"
   }
  },
  {
   "type": "Feature",
   "geometry": {
    "type": "Point",
    "coordinates": [
     141.41584424,
     -37.58550273
    ]
   },
   "properties": {
    "name": "46 SHIELS TERRACE CASTERTON 3311",
    "locID": "LOC000071634037",
    "tech": "FTTP",
    "upgrade": "FTTP_NA",
    "gnaf_pid": "GAVIC420557030",
    "tech_change_status": "Previous Tech Disconnected",
    "program_type": "On-Demand N2P SDU/MDU Simple",
    "target_eligibility_quarter": "NA"
   }
  },
  {
   "type": "Feature",
   "geometry": {
    "type": "Point",
    "coordinates": [
     141.41628563,
     -37.58518927
    ]
   },
   "properties": {
    "name": "52-54 SHIELS TERRACE CASTERTON 3311",
    "locID": "LOC000124629910",
    "tech": "FTTN",
    "upgrade": "FTTP_SA",
    "gnaf_pid": "GAVIC420557032",
    "tech_change_status": "Eligible to Order",
    "program_type": "On-Demand N2P SDU/MDU Simple",
    "target_eligibility_quarter": "NA"
   }
  },
  {
   "type": "Feature",
   "geometry": {
    "type": "Point",
    "coordinates": [
     141.41371121,
     -37.58454667
    ]
   },
   "properties": {
    "name": "21 ROBERTSON STREET CASTERTON 3311",
    "locID": "LOC000015119085",
    "tech": "FTTP",
    "upgrade": "FTTP_NA",
    "gnaf_pid": "GAVIC420557034",
    "tech_change_status": "Previous Tech Disconnected",
    "program_type": "On-Demand N2P SDU/MDU Simple",
    "target_eligibility_quarter": "NA"
   }
  },
  {
   "type": "Feature",
   "geometry": {
    "type": "Point",
    "coordinates": [
     141.40220415,
     -37.5829753
    ]
   },
   "properties": {
    "name": "52 MCPHERSON STREET CASTERTON 3311",
    "locID": "LOC000048595154",
    "tech": "FTTP",
    "upgrade": "FTTP_NA",
    "gnaf_pid": "GAVIC420565681",
    "tech_change_status": "Previous Tech Disconnected",
    "program_type": "On-Demand N2P SDU/MDU Simple",
    "target_eligibility_quarter": "NA"
   }
  },
  {
   "type": "Feature",
   "geometry": {
    "type": "Point",
    "coordinates": [
     141.3969346,
     -37.58810752
    ]
   },
   "properties": {
    "name": "11 MILLER STREET CASTERTON 3311",
    "locID": "LOC000092745574",
    "tech": "FTTN",
    "upgrade": "FTTP_SA",
    "gnaf_pid": "GAVIC420573236",
    "tech_change_status": "Eligible to Order",
    "program_type": "On-Demand N2P SDU/MDU Simple",
    "target_eligibility_quarter": "NA"
   }
  },
  {
   "type": "Feature",
   "geometry": {
    "type": "Point",
    "coordinates": [
     141.41329916,
     -37.58435341
    ]
   },
   "properties": {
    "name": "18 ROBERTSON STREET CASTERTON 3311",
    "locID": "LOC000004396718",
    "tech": "FTTN",
    "upgrade": "FTTP_SA",
    "gnaf_pid": "GAVIC420578795",
    "tech_change_status": "Eligible to Order",
    "program_type": "On-Demand N2P SDU/MDU Simple",
    "target_eligibility_quarter": "NA"
   }
  },
  {
   "type": "Feature",
   "geometry": {
    "type": "Point",
    "coordinates": [
     141.40087393,
     -37.58398978
    ]
   },
   "properties": {
    "name": "18 ADDISON STREET CASTERTON 3311",
    "locID": "LOC000086673900",
    "tech": "FTTN",
    "upgrade": "FTTP_SA",
    "gnaf_pid": "GAVIC420581653",
    "tech_change_status": "Eligible to Order",
    "program_type": "On-Demand N2P SDU/MDU Simple",
    "target_eligibility_quarter": "NA"
   }
  },
  {
   "type": "Feature",
   "geometry": {
    "type": "Point",
    "coordinates": [
     141.40097385,
     -37.58827994
    ]
   },
   "properties": {
    "name": "47 JACKSON STREET CASTERTON 3311",
    "locID": "LOC000085366767",
    "tech": "FTTP",
    "upgrade": "FTTP_NA",
    "gnaf_pid": "GAVIC420585911",
    "tech_change_status": "Previous Tech Disconnected",
    "program_type": "On-Demand N2P SDU/MDU Simple",
    "target_eligibility_quarter": "NA"
   }
  },
  {
   "type": "Feature",
   "geometry": {
    "type": "Point",
    "coordinates": [
     141.39683941,
     -37.58799311
    ]
   },
   "properties": {
    "name": "13 MILLER STREET CASTERTON 3311",
    "locID": "LOC000088790592",
    "tech": "FTTN",
    "upgrade": "FTTP_SA",
    "gnaf_pid": "GAVIC420585912",
    "tech_change_status": "Eligible to Order",
    "program_type": "On-Demand N2P SDU/MDU Simple",
    "target_eligibility_quarter": "NA"
   }
  },
  {
   "type": "Feature",
   "geometry": {
    "type": "Point",
    "coordinates": [
     141.39950795,
     -37.58395971
    ]
   },
   "properties": {
    "name": "33 MCKINLAY STREET CASTERTON 3311",
    "locID": "LOC000046688723",
    "tech": "FTTP",
    "upgrade": "FTTP_NA",
    "gnaf_pid": "GAVIC420585914",
    "tech_change_status": "Previous Tech Disconnected",
    "program_type": "On-Demand N2P SDU/MDU Simple",
    "target_eligibility_quarter": "NA"
   }
  },
  {
   "type": "Feature",
   "geometry": {
    "type": "Point",
    "coordinates": [
     141.38966943,
     -37.59247336
    ]
   },
   "properties": {
    "name": "7 GEORGE STREET CASTERTON 3311",
    "locID": "LOC000057374992",
    "tech": "FTTN",
    "upgrade": "FTTP_SA",
    "gnaf_pid": "GAVIC420603202",
    "tech_change_status": "Eligible to Order",
    "program_type": "On-Demand N2P SDU/MDU Simple",
    "target_eligibility_quarter": "NA"
   }
  },
  {
   "type": "Feature",
   "geometry": {
    "type": "Point",
    "coordinates": [
     141.38919004,
     -37.59214685
    ]
   },
   "properties": {
    "name": "16-18 GEORGE STREET CASTERTON 3311",
    "locID": "LOC000124689777",
    "tech": "FTTN",
    "upgrade": "FTTP_SA",
    "gnaf_pid": "GAVIC420603203",
    "tech_change_status": "Eligible to Order",
    "program_type": "On-Demand N2P SDU/MDU Simple",
    "target_eligibility_quarter": "NA"
   }
  },
  {
   "type": "Feature",
   "geometry": {
    "type": "Point",
    "coordinates": [
     141.3885114,
     -37.59208131
    ]
   },
   "properties": {
    "name": "24-26 GEORGE STREET CASTERTON 3311",
    "locID": "LOC000124698746",
    "tech": "FTTN",
    "upgrade": "FTTP_SA",
    "gnaf_pid": "GAVIC420603204",
    "tech_change_status": "Eligible to Order",
    "program_type": "On-Demand N2P SDU/MDU Simple",
    "target_eligibility_quarter": "NA"
   }
  },
  {
   "type": "Feature",
   "geometry": {
    "type": "Point",
    "coordinates": [
     141.38773124,
     -37.5920153
    ]
   },
   "properties": {
    "name": "34 GEORGE STREET CASTERTON 3311",
    "locID": "LOC000041031911",
    "tech": "FTTN",
    "upgrade": "FTTP_SA",
    "gnaf_pid": "GAVIC420603205",
    "tech_change_status": "Eligible to Order",
    "program_type": "On-Demand N2P SDU/MDU Simple",
    "target_eligibility_quarter": "NA"
   }
  },
  {
   "type": "Feature",
   "geometry": {
    "type": "Point",
    "coordinates": [
     141.39085245,
     -37.59227405
    ]
   },
   "properties": {
    "name": "9 CARMICHAEL STREET CASTERTON 3311",
    "locID": "LOC000036150911",
    "tech": "FTTP",
    "upgrade": "FTTP_NA",
    "gnaf_pid": "GAVIC420617133",
    "tech_change_status": "Previous Tech Disconnected",
    "program_type": "On-Demand N2P SDU/MDU Simple",
    "target_eligibility_quarter": "NA"
   }
  },
  {
   "type": "Feature",
   "geometry": {
    "type": "Point",
    "coordinates": [
     141.40144014,
     -37.58277276
    ]
   },
   "properties": {
    "name": "57 MCPHERSON STREET CASTERTON 3311",
    "locID": "LOC000089868232",
    "tech": "FTTP",
    "upgrade": "FTTP_NA",
    "gnaf_pid": "GAVIC420617619",
    "tech_change_status": "Previous Tech Disconnected",
    "program_type": "On-Demand N2P SDU/MDU Simple",
    "target_eligibility_quarter": "NA"
   }
  },
  {
   "type": "Feature",
   "geometry": {
    "type": "Point",
    "coordinates": [
     141.39478679,
     -37.59436634
    ]
   },
   "properties": {
    "name": "10 GAZZARD STREET CASTERTON 3311",
    "locID": "LOC000094047528",
    "tech": "FTTC",
    "upgrade": "FTTP_SA",
    "gnaf_pid": "GAVIC420619712",
    "tech_change_status": "Eligible to Order"
   }
  },
  {
   "type": "Feature",
   "geometry": {
    "type": "Point",
    "coordinates": [
     141.39493285,
     -37.59362254
    ]
   },
   "properties": {
    "name": "3 PEACHEY STREET CASTERTON 3311",
    "locID": "LOC000035362560",
    "tech": "FTTC",
    "upgrade": "FTTP_SA",
    "gnaf_pid": "GAVIC420619713",
    "tech_change_status": "Eligible to Order"
   }
  },
  {
   "type": "Feature",
   "geometry": {
    "type": "Point",
    "coordinates": [
     141.3945334,
     -37.59402244
    ]
   },
   "properties": {
    "name": "11 GAZZARD STREET CASTERTON 3311",
    "locID": "LOC000044309563",
    "tech": "FTTC",
    "upgrade": "FTTP_SA",
    "gnaf_pid": "GAVIC420619714",
    "tech_change_status": "Eligible to Order"
   }
  },
  {
   "type": "Feature",
   "geometry": {
    "type": "Point",
    "coordinates": [
     141.39299923,
     -37.5942119
    ]
   },
   "properties": {
    "name": "30 RUSSELL STREET CASTERTON 3311",
    "locID": "LOC000021240017",
    "tech": "FTTC",
    "upgrade": "FTTP_SA",
    "gnaf_pid": "GAVIC420619715",
    "tech_change_status": "Eligible to Order"
   }
  },
  {
   "type": "Feature",
   "geometry": {
    "type": "Point",
    "coordinates": [
     141.38893411,
     -37.58964815
    ]
   },
   "properties": {
    "name": "20 WHITE STREET CASTERTON 3311",
    "locID": "LOC000010312543",
    "tech": "FTTN",
    "upgrade": "FTTP_SA",
    "gnaf_pid": "GAVIC420619718",
    "tech_change_status": "Eligible to Order",
    "program_type": "On-Demand N2P SDU/MDU Simple",
    "target_eligibility_quarter": "NA"
   }
  },
  {
   "type": "Feature",
   "geometry": {
    "type": "Point",
    "coordinates": [
     141.38949663,
     -37.5897018
    ]
   },
   "properties": {
    "name": "14 WHITE STREET CASTERTON 3311",
    "locID": "LOC000048451334",
    "tech": "FTTP",
    "upgrade": "FTTP_NA",
    "gnaf_pid": "GAVIC420619721",
    "tech_change_status": "Previous Tech Disconnected",
    "program_type": "On-Demand N2P SDU/MDU Simple",
    "target_eligibility_quarter": "NA"
   }
  },
  {
   "type": "Feature",
   "geometry": {
    "type": "Point",
    "coordinates": [
     141.39128783,
     -37.58500405
    ]
   },
   "properties": {
    "name": "1 MITCHELL STREET CASTERTON 3311",
    "locID": "LOC000040486555",
    "tech": "FTTN",
    "upgrade": "FTTP_SA",
    "gnaf_pid": "GAVIC420619722",
    "tech_change_status": "Eligible to Order",
    "program_type": "On-Demand N2P SDU/MDU Simple",
    "target_eligibility_quarter": "NA"
   }
  },
  {
   "type": "Feature",
   "geometry": {
    "type": "Point",
    "coordinates": [
     141.39366438,
     -37.58577444
    ]
   },
   "properties": {
    "name": "9 LEAKE STREET CASTERTON 3311",
    "locID": "LOC000036011731",
    "tech": "FTTP",
    "upgrade": "FTTP_NA",
    "gnaf_pid": "GAVIC420619723",
    "tech_change_status": "Previous Tech Disconnected",
    "program_type": "On-Demand N2P SDU/MDU Simple",
    "target_eligibility_quarter": "NA"
   }
  },
  {
   "type": "Feature",
   "geometry": {
    "type": "Point",
    "coordinates": [
     141.3929769,
     -37.58709522
    ]
   },
   "properties": {
    "name": "26 SILVESTER STREET CASTERTON 3311",
    "locID": "LOC000085113648",
    "tech": "FTTN",
    "upgrade": "FTTP_SA",
    "gnaf_pid": "GAVIC420619724",
    "tech_change_status": "Eligible to Order",
    "program_type": "On-Demand N2P SDU/MDU Simple",
    "target_eligibility_quarter": "NA"
   }
  },
  {
   "type": "Feature",
   "geometry": {
    "type": "Point",
    "coordinates": [
     141.39537401,
     -37.58621038
    ]
   },
   "properties": {
    "name": "31 MILLER STREET CASTERTON 3311",
    "locID": "LOC000013406567",
    "tech": "FTTN",
    "upgrade": "FTTP_SA",
    "gnaf_pid": "GAVIC420619725",
    "tech_change_status": "Eligible to Order",
    "program_type": "On-Demand N2P SDU/MDU Simple",
    "target_eligibility_quarter": "NA"
   }
  },
  {
   "type": "Feature",
   "geometry": {
    "type": "Point",
    "coordinates": [
     141.39506347,
     -37.58696428
    ]
   },
   "properties": {
    "name": "62-66 ADDISON STREET CASTERTON 3311",
    "locID": "LOC000124634417",
    "tech": "FTTP",
    "upgrade": "FTTP_NA",
    "gnaf_pid": "GAVIC420619726",
    "tech_change_status": "Previous Tech Disconnected",
    "program_type": "On-Demand N2P SDU/MDU Simple",
    "target_eligibility_quarter": "NA"
   }
  },
  {
   "type": "Feature",
   "geometry": {
    "type": "Point",
    "coordinates": [
     141.39139758,
     -37.58469856
    ]
   },
   "properties": {
    "name": "6 MITCHELL STREET CASTERTON 3311",
    "locID": "LOC000008439449",
    "tech": "FTTN",
    "upgrade": "FTTP_SA",
    "gnaf_pid": "GAVIC420619727",
    "tech_change_status": "Eligible to Order",
    "program_type": "On-Demand N2P SDU/MDU Simple",
    "target_eligibility_quarter": "NA"
   }
  },
  {
   "type": "Feature",
   "geometry": {
    "type": "Point",
    "coordinates": [
     141.39210741,
     -37.59335365
    ]
   },
   "properties": {
    "name": "19 PEACHEY STREET CASTERTON 3311",
    "locID": "LOC000045821437",
    "tech": "FTTP",
    "upgrade": "NULL_NA",
    "gnaf_pid": "GAVIC420620646"
   }
  },
  {
   "type": "Feature",
   "geometry": {
    "type": "Point",
    "coordinates": [
     141.39283378,
     -37.59287913
    ]
   },
   "properties": {
    "name": "41 RUSSELL STREET CASTERTON 3311",
    "locID": "LOC000053973446",
    "tech": "FTTC",
    "upgrade": "FTTP_SA",
    "gnaf_pid": "GAVIC420620647",
    "tech_change_status": "Eligible to Order"
   }
  },
  {
   "type": "Feature",
   "geometry": {
    "type": "Point",
    "coordinates": [
     141.39279829,
     -37.5930781
    ]
   },
   "properties": {
    "name": "39 RUSSELL STREET CASTERTON 3311",
    "locID": "LOC000100879848",
    "tech": "FTTC",
    "upgrade": "FTTP_SA",
    "gnaf_pid": "GAVIC420620648",
    "tech_change_status": "Eligible to Order"
   }
  },
  {
   "type": "Feature",
   "geometry": {
    "type": "Point",
    "coordinates": [
     141.39127276,
     -37.59224324
    ]
   },
   "properties": {
    "name": "12 CARMICHAEL STREET CASTERTON 3311",
    "locID": "LOC000094246368",
    "tech": "FTTC",
    "upgrade": "FTTP_SA",
    "gnaf_pid": "GAVIC420620649",
    "tech_change_status": "Eligible to Order"
   }
  },
  {
   "type": "Feature",
   "geometry": {
    "type": "Point",
    "coordinates": [
     141.39134435,
     -37.59175113
    ]
   },
   "properties": {
    "name": "18 CARMICHAEL STREET CASTERTON 3311",
    "locID": "LOC000066460146",
    "tech": "FTTC",
    "upgrade": "FTTP_SA",
    "gnaf_pid": "GAVIC420620650",
    "tech_change_status": "Eligible to Order"
   }
  },
  {
   "type": "Feature",
   "geometry": {
    "type": "Point",
    "coordinates": [
     141.39297415,
     -37.59456759
    ]
   },
   "properties": {
    "name": "26 RUSSELL STREET CASTERTON 3311",
    "locID": "LOC000081210771",
    "tech": "FTTC",
    "upgrade": "FTTP_SA",
    "gnaf_pid": "GAVIC420620651",
    "tech_change_status": "Eligible to Order"
   }
  },
  {
   "type": "Feature",
   "geometry": {
    "type": "Point",
    "coordinates": [
     141.39076502,
     -37.5941563
    ]
   },
   "properties": {
    "name": "16 ROBERTS STREET CASTERTON 3311",
    "locID": "LOC000015343007",
    "tech": "FTTC",
    "upgrade": "FTTP_SA",
    "gnaf_pid": "GAVIC420620661",
    "tech_change_status": "Eligible to Order"
   }
  },
  {
   "type": "Feature",
   "geometry": {
    "type": "Point",
    "coordinates": [
     141.39112946,
     -37.5932887
    ]
   },
   "properties": {
    "name": "29 PEACHEY STREET CASTERTON 3311",
    "locID": "LOC000083551910",
    "tech": "FTTC",
    "upgrade": "FTTP_SA",
    "gnaf_pid": "GAVIC420620662",
    "tech_change_status": "Eligible to Order"
   }
  },
  {
   "type": "Feature",
   "geometry": {
    "type": "Point",
    "coordinates": [
     141.38995295,
     -37.59223643
    ]
   },
   "properties": {
    "name": "8 GEORGE STREET CASTERTON 3311",
    "locID": "LOC000033545433",
    "tech": "FTTN",
    "upgrade": "FTTP",
    "gnaf_pid": "GAVIC420620666",
    "tech_change_status": "Eligible to Order",
    "program_type": "On-Demand N2P SDU/MDU Simple",
    "target_eligibility_quarter": "NA"
   }
  },
  {
   "type": "Feature",
   "geometry": {
    "type": "Point",
    "coordinates": [
     141.40391496,
     -37.58641876
    ]
   },
   "properties": {
    "name": "22 JACKSON STREET CASTERTON 3311",
    "locID": "LOC000030086335",
    "tech": "FTTN",
    "upgrade": "FTTP_SA",
    "gnaf_pid": "GAVIC420623876",
    "tech_change_status": "Eligible to Order",
    "program_type": "On-Demand N2P SDU/MDU Simple",
    "target_eligibility_quarter": "NA"
   }
  },
  {
   "type": "Feature",
   "geometry": {
    "type": "Point",
    "coordinates": [
     141.41323956,
     -37.58724133
    ]
   },
   "properties": {
    "name": "45 ROBERTSON STREET CASTERTON 3311",
    "locID": "LOC000040636345",
    "tech": "FTTP",
    "upgrade": "FTTP_NA",
    "gnaf_pid": "GAVIC420624398",
    "tech_change_status": "Previous Tech Disconnected",
    "program_type": "On-Demand N2P SDU/MDU Simple",
    "target_eligibility_quarter": "NA"
   }
  },
  {
   "type": "Feature",
   "geometry": {
    "type": "Point",
    "coordinates": [
     141.41279553,
     -37.58459828
    ]
   },
   "properties": {
    "name": "24 ROBERTSON STREET CASTERTON 3311",
    "locID": "LOC000104741756",
    "tech": "FTTN",
    "upgrade": "FTTP_SA",
    "gnaf_pid": "GAVIC420624399",
    "tech_change_status": "Eligible to Order",
    "program_type": "On-Demand N2P SDU/MDU Simple",
    "target_eligibility_quarter": "NA"
   }
  },
  {
   "type": "Feature",
   "geometry": {
    "type": "Point",
    "coordinates": [
     141.41382827,
     -37.58381946
    ]
   },
   "properties": {
    "name": "13 ROBERTSON STREET CASTERTON 3311",
    "locID": "LOC000097091357",
    "tech": "FTTN",
    "upgrade": "FTTP_SA",
    "gnaf_pid": "GAVIC420624400",
    "tech_change_status": "Eligible to Order",
    "program_type": "On-Demand N2P SDU/MDU Simple",
    "target_eligibility_quarter": "NA"
   }
  },
  {
   "type": "Feature",
   "geometry": {
    "type": "Point",
    "coordinates": [
     141.41536725,
     -37.58531001
    ]
   },
   "properties": {
    "name": "31 SHIELS TERRACE CASTERTON 3311",
    "locID": "LOC000079500684",
    "tech": "FTTN",
    "upgrade": "FTTP_SA",
    "gnaf_pid": "GAVIC420625295",
    "tech_change_status": "Eligible to Order",
    "program_type": "On-Demand N2P SDU/MDU Simple",
    "target_eligibility_quarter": "NA"
   }
  },
  {
   "type": "Feature",
   "geometry": {
    "type": "Point",
    "coordinates": [
     141.41519125,
     -37.58369042
    ]
   },
   "properties": {
    "name": "1 VIEW STREET CASTERTON 3311",
    "locID": "LOC000094292365",
    "tech": "FTTP",
    "upgrade": "FTTP_NA",
    "gnaf_pid": "GAVIC420625296",
    "tech_change_status": "Previous Tech Disconnected",
    "program_type": "On-Demand N2P SDU/MDU Simple",
    "target_eligibility_quarter": "NA"
   }
  },
  {
   "type": "Feature",
   "geometry": {
    "type": "Point",
    "coordinates": [
     141.41747206,
     -37.58417723
    ]
   },
   "properties": {
    "name": "61 SHIELS TERRACE CASTERTON 3311",
    "locID": "LOC000095126609",
    "tech": "FTTN",
    "upgrade": "FTTP_SA",
    "gnaf_pid": "GAVIC420625297",
    "tech_change_status": "Eligible to Order",
    "program_type": "On-Demand N2P SDU/MDU Simple",
    "target_eligibility_quarter": "NA"
   }
  },
  {
   "type": "Feature",
   "geometry": {
    "type": "Point",
    "coordinates": [
     141.41714184,
     -37.58429355
    ]
   },
   "properties": {
    "name": "59 SHIELS TERRACE CASTERTON 3311",
    "locID": "LOC000007091501",
    "tech": "FTTN",
    "upgrade": "FTTP_SA",
    "gnaf_pid": "GAVIC420625298",
    "tech_change_status": "Eligible to Order",
    "program_type": "On-Demand N2P SDU/MDU Simple",
    "target_eligibility_quarter": "NA"
   }
  },
  {
   "type": "Feature",
   "geometry": {
    "type": "Point",
    "coordinates": [
     141.4161116,
     -37.5846581
    ]
   },
   "properties": {
    "name": "UNIT 1, 53 SHIELS TERRACE CASTERTON 3311",
    "locID": "LOC000074187139",
    "tech": "FTTN",
    "upgrade": "FTTP_NA",
    "gnaf_pid": "GAVIC420625299",
    "tech_change_status": "MDU Complex Eligible To Apply",
    "program_type": "Customer-initiated N2P MDU Complex"
   }
  },
  {
   "type": "Feature",
   "geometry": {
    "type": "Point",
    "coordinates": [
     141.39122139,
     -37.59452876
    ]
   },
   "properties": {
    "name": "11 ROBERTS STREET CASTERTON 3311",
    "locID": "LOC000008890616",
    "tech": "FTTC",
    "upgrade": "FTTP_SA",
    "gnaf_pid": "GAVIC420629624",
    "tech_change_status": "Eligible to Order"
   }
  },
  {
   "type": "Feature",
   "geometry": {
    "type": "Point",
    "coordinates": [
     141.39560881,
     -37.59640794
    ]
   },
   "properties": {
    "name": "1-7 COWLAND STREET CASTERTON 3311",
    "locID": "LOC000124685099",
    "tech": "FTTP",
    "upgrade": "FTTP_NA",
    "gnaf_pid": "GAVIC420633131",
    "tech_change_status": "Previous Tech Disconnected",
    "program_type": "On-Demand N2P SDU/MDU Simple",
    "target_eligibility_quarter": "NA"
   }
  },
  {
   "type": "Feature",
   "geometry": {
    "type": "Point",
    "coordinates": [
     141.39504667,
     -37.59634133
    ]
   },
   "properties": {
    "name": "1 STARK STREET CASTERTON 3311",
    "locID": "LOC000057290204",
    "tech": "FTTN",
    "upgrade": "FTTP_SA",
    "gnaf_pid": "GAVIC420633132",
    "tech_change_status": "Eligible to Order",
    "program_type": "On-Demand N2P SDU/MDU Simple",
    "target_eligibility_quarter": "NA"
   }
  },
  {
   "type": "Feature",
   "geometry": {
    "type": "Point",
    "coordinates": [
     141.40104964,
     -37.58786985
    ]
   },
   "properties": {
    "name": "44 JACKSON STREET CASTERTON 3311",
    "locID": "LOC000070610869",
    "tech": "FTTN",
    "upgrade": "FTTP",
    "gnaf_pid": "GAVIC420636264",
    "tech_change_status": "Eligible to Order",
    "program_type": "On-Demand N2P SDU/MDU Simple",
    "target_eligibility_quarter": "NA"
   }
  },
  {
   "type": "Feature",
   "geometry": {
    "type": "Point",
    "coordinates": [
     141.39453033,
     -37.58769036
    ]
   },
   "properties": {
    "name": "9 SILVESTER STREET CASTERTON 3311",
    "locID": "LOC000088884482",
    "tech": "FTTP",
    "upgrade": "FTTP_NA",
    "gnaf_pid": "GAVIC420643677",
    "tech_change_status": "Previous Tech Disconnected",
    "program_type": "On-Demand N2P SDU/MDU Simple",
    "target_eligibility_quarter": "NA"
   }
  },
  {
   "type": "Feature",
   "geometry": {
    "type": "Point",
    "coordinates": [
     141.39669148,
     -37.58651664
    ]
   },
   "properties": {
    "name": "55 ADDISON STREET CASTERTON 3311",
    "locID": "LOC000092851194",
    "tech": "FTTN",
    "upgrade": "FTTP_SA",
    "gnaf_pid": "GAVIC420647623",
    "tech_change_status": "Eligible to Order",
    "program_type": "On-Demand N2P SDU/MDU Simple",
    "target_eligibility_quarter": "NA"
   }
  },
  {
   "type": "Feature",
   "geometry": {
    "type": "Point",
    "coordinates": [
     141.39624944,
     -37.58632751
    ]
   },
   "properties": {
    "name": "58 ADDISON STREET CASTERTON 3311",
    "locID": "LOC000104620446",
    "tech": "FTTN",
    "upgrade": "FTTP_SA",
    "gnaf_pid": "GAVIC420647624",
    "tech_change_status": "Eligible to Order",
    "program_type": "On-Demand N2P SDU/MDU Simple",
    "target_eligibility_quarter": "NA"
   }
  },
  {
   "type": "Feature",
   "geometry": {
    "type": "Point",
    "coordinates": [
     141.39767584,
     -37.58961314
    ]
   },
   "properties": {
    "name": "70 JACKSON STREET CASTERTON 3311",
    "locID": "LOC000039368453",
    "tech": "FTTP",
    "upgrade": "FTTP_NA",
    "gnaf_pid": "GAVIC420653956",
    "tech_change_status": "Previous Tech Disconnected",
    "program_type": "On-Demand N2P SDU/MDU Simple",
    "target_eligibility_quarter": "NA"
   }
  },
  {
   "type": "Feature",
   "geometry": {
    "type": "Point",
    "coordinates": [
     141.40243564,
     -37.58755319
    ]
   },
   "properties": {
    "name": "31 JACKSON STREET CASTERTON 3311",
    "locID": "LOC000037902122",
    "tech": "FTTN",
    "upgrade": "FTTP_SA",
    "gnaf_pid": "GAVIC420653958",
    "tech_change_status": "Eligible to Order",
    "program_type": "On-Demand N2P SDU/MDU Simple",
    "target_eligibility_quarter": "NA"
   }
  },
  {
   "type": "Feature",
   "geometry": {
    "type": "Point",
    "coordinates": [
     141.39677402,
     -37.59058936
    ]
   },
   "properties": {
    "name": "UNIT 4, 85 JACKSON STREET CASTERTON 3311",
    "locID": "LOC000056230644",
    "tech": "FTTN",
    "upgrade": "NULL_NA",
    "gnaf_pid": "GAVIC420653959",
    "tech_change_status": "Not Planned"
   }
  },
  {
   "type": "Feature",
   "geometry": {
    "type": "Point",
    "coordinates": [
     141.39677402,
     -37.59058936
    ]
   },
   "properties": {
    "name": "UNIT 7, 85 JACKSON STREET CASTERTON 3311",
    "locID": "LOC000056215647",
    "tech": "FTTN",
    "upgrade": "NULL_NA",
    "gnaf_pid": "GAVIC420653960",
    "tech_change_status": "Not Planned"
   }
  },
  {
   "type": "Feature",
   "geometry": {
    "type": "Point",
    "coordinates": [
     141.39949759,
     -37.58867413
    ]
   },
   "properties": {
    "name": "54 JACKSON STREET CASTERTON 3311",
    "locID": "LOC000051219398",
    "tech": "FTTN",
    "upgrade": "FTTP_SA",
    "gnaf_pid": "GAVIC420653961",
    "tech_change_status": "Eligible to Order",
    "program_type": "On-Demand N2P SDU/MDU Simple",
    "target_eligibility_quarter": "NA"
   }
  },
  {
   "type": "Feature",
   "geometry": {
    "type": "Point",
    "coordinates": [
     141.3987749,
     -37.58944928
    ]
   },
   "properties": {
    "name": "65 JACKSON STREET CASTERTON 3311",
    "locID": "LOC000028421057",
    "tech": "FTTN",
    "upgrade": "FTTP_SA",
    "gnaf_pid": "GAVIC420653964",
    "tech_change_status": "Eligible to Order",
    "program_type": "On-Demand N2P SDU/MDU Simple",
    "target_eligibility_quarter": "NA"
   }
  },
  {
   "type": "Feature",
   "geometry": {
    "type": "Point",
    "coordinates": [
     141.39901039,
     -37.58931374
    ]
   },
   "properties": {
    "name": "63 JACKSON STREET CASTERTON 3311",
    "locID": "LOC000097019508",
    "tech": "FTTP",
    "upgrade": "FTTP_NA",
    "gnaf_pid": "GAVIC420653965",
    "tech_change_status": "Previous Tech Disconnected",
    "program_type": "On-Demand N2P SDU/MDU Simple",
    "target_eligibility_quarter": "NA"
   }
  },
  {
   "type": "Feature",
   "geometry": {
    "type": "Point",
    "coordinates": [
     141.39820119,
     -37.58601131
    ]
   },
   "properties": {
    "name": "21-23 HUTTON STREET CASTERTON 3311",
    "locID": "LOC000124698693",
    "tech": "FTTN",
    "upgrade": "FTTP_SA",
    "gnaf_pid": "GAVIC420653966",
    "tech_change_status": "Eligible to Order",
    "program_type": "On-Demand N2P SDU/MDU Simple",
    "target_eligibility_quarter": "NA"
   }
  },
  {
   "type": "Feature",
   "geometry": {
    "type": "Point",
    "coordinates": [
     141.39646356,
     -37.58624845
    ]
   },
   "properties": {
    "name": "56 ADDISON STREET CASTERTON 3311",
    "locID": "LOC000010109835",
    "tech": "FTTN",
    "upgrade": "FTTP_SA",
    "gnaf_pid": "GAVIC420653968",
    "tech_change_status": "Eligible to Order",
    "program_type": "On-Demand N2P SDU/MDU Simple",
    "target_eligibility_quarter": "NA"
   }
  },
  {
   "type": "Feature",
   "geometry": {
    "type": "Point",
    "coordinates": [
     141.39595196,
     -37.58561535
    ]
   },
   "properties": {
    "name": "55 KIRBY STREET CASTERTON 3311",
    "locID": "LOC000058100970",
    "tech": "FTTP",
    "upgrade": "FTTP_NA",
    "gnaf_pid": "GAVIC420656786",
    "tech_change_status": "Previous Tech Disconnected",
    "program_type": "On-Demand N2P SDU/MDU Simple",
    "target_eligibility_quarter": "NA"
   }
  },
  {
   "type": "Feature",
   "geometry": {
    "type": "Point",
    "coordinates": [
     141.41286774,
     -37.58711618
    ]
   },
   "properties": {
    "name": "42 ROBERTSON STREET CASTERTON 3311",
    "locID": "LOC000029662012",
    "tech": "FTTN",
    "upgrade": "FTTP_SA",
    "gnaf_pid": "GAVIC420656787",
    "tech_change_status": "Eligible to Order",
    "program_type": "On-Demand N2P SDU/MDU Simple",
    "target_eligibility_quarter": "NA"
   }
  },
  {
   "type": "Feature",
   "geometry": {
    "type": "Point",
    "coordinates": [
     141.39906623,
     -37.58620041
    ]
   },
   "properties": {
    "name": "52 MURRAY STREET CASTERTON 3311",
    "locID": "LOC000051649835",
    "tech": "FTTP",
    "upgrade": "FTTP_NA",
    "gnaf_pid": "GAVIC420658277",
    "tech_change_status": "Previous Tech Disconnected",
    "program_type": "On-Demand N2P SDU/MDU Simple",
    "target_eligibility_quarter": "NA"
   }
  },
  {
   "type": "Feature",
   "geometry": {
    "type": "Point",
    "coordinates": [
     141.3954334,
     -37.59335794
    ]
   },
   "properties": {
    "name": "1A PEACHEY STREET CASTERTON 3311",
    "locID": "LOC000003509644",
    "tech": "FTTC",
    "upgrade": "FTTP_SA",
    "gnaf_pid": "GAVIC420682588",
    "tech_change_status": "Eligible to Order"
   }
  },
  {
   "type": "Feature",
   "geometry": {
    "type": "Point",
    "coordinates": [
     141.3944736,
     -37.59328281
    ]
   },
   "properties": {
    "name": "8 PEACHEY STREET CASTERTON 3311",
    "locID": "LOC000025147557",
    "tech": "FTTC",
    "upgrade": "FTTP_SA",
    "gnaf_pid": "GAVIC420685650",
    "tech_change_status": "Eligible to Order"
   }
  },
  {
   "type": "Feature",
   "geometry": {
    "type": "Point",
    "coordinates": [
     141.39480013,
     -37.59229973
    ]
   },
   "properties": {
    "name": "11 QUEEN STREET CASTERTON 3311",
    "locID": "LOC000019359026",
    "tech": "FTTC",
    "upgrade": "FTTP_SA",
    "gnaf_pid": "GAVIC420685652",
    "tech_change_status": "Eligible to Order"
   }
  },
  {
   "type": "Feature",
   "geometry": {
    "type": "Point",
    "coordinates": [
     141.40146064,
     -37.58805668
    ]
   },
   "properties": {
    "name": "41 JACKSON STREET CASTERTON 3311",
    "locID": "LOC000054298873",
    "tech": "FTTN",
    "upgrade": "FTTP_SA",
    "gnaf_pid": "GAVIC420724819",
    "tech_change_status": "Eligible to Order",
    "program_type": "On-Demand N2P SDU/MDU Simple",
    "target_eligibility_quarter": "NA"
   }
  },
  {
   "type": "Feature",
   "geometry": {
    "type": "Point",
    "coordinates": [
     141.39229994,
     -37.596299
    ]
   },
   "properties": {
    "name": "5 RUSSELL STREET CASTERTON 3311",
    "locID": "LOC000053808249",
    "tech": "FTTC",
    "upgrade": "FTTP_SA",
    "gnaf_pid": "GAVIC420724828",
    "tech_change_status": "Eligible to Order"
   }
  },
  {
   "type": "Feature",
   "geometry": {
    "type": "Point",
    "coordinates": [
     141.413135,
     -37.587792
    ]
   },
   "properties": {
    "name": "49 ROBERTSON STREET CASTERTON 3311",
    "locID": "LOC000083719254",
    "tech": "FTTN",
    "upgrade": "FTTP_SA",
    "gnaf_pid": "GAVIC420729575",
    "tech_change_status": "Eligible to Order",
    "program_type": "On-Demand N2P SDU/MDU Simple",
    "target_eligibility_quarter": "NA"
   }
  },
  {
   "type": "Feature",
   "geometry": {
    "type": "Point",
    "coordinates": [
     141.39522299,
     -37.58764434
    ]
   },
   "properties": {
    "name": "5 SILVESTER STREET CASTERTON 3311",
    "locID": "LOC000044478523",
    "tech": "FTTN",
    "upgrade": "FTTP_SA",
    "gnaf_pid": "GAVIC420729577",
    "tech_change_status": "Eligible to Order",
    "program_type": "On-Demand N2P SDU/MDU Simple",
    "target_eligibility_quarter": "NA"
   }
  },
  {
   "type": "Feature",
   "geometry": {
    "type": "Point",
    "coordinates": [
     141.39331749,
     -37.59202951
    ]
   },
   "properties": {
    "name": "54 RUSSELL STREET CASTERTON 3311",
    "locID": "LOC000026069922",
    "tech": "FTTC",
    "upgrade": "FTTP_SA",
    "gnaf_pid": "GAVIC420734724",
    "tech_change_status": "Eligible to Order"
   }
  },
  {
   "type": "Feature",
   "geometry": {
    "type": "Point",
    "coordinates": [
     141.41267231,
     -37.5881944
    ]
   },
   "properties": {
    "name": "54 ROBERTSON STREET CASTERTON 3311",
    "locID": "LOC000104113812",
    "tech": "FTTP",
    "upgrade": "FTTP_NA",
    "gnaf_pid": "GAVIC420734912",
    "tech_change_status": "Previous Tech Disconnected",
    "program_type": "On-Demand N2P SDU/MDU Simple",
    "target_eligibility_quarter": "NA"
   }
  },
  {
   "type": "Feature",
   "geometry": {
    "type": "Point",
    "coordinates": [
     141.40414183,
     -37.58668465
    ]
   },
   "properties": {
    "name": "23 JACKSON STREET CASTERTON 3311",
    "locID": "LOC000094031055",
    "tech": "FTTN",
    "upgrade": "FTTP_SA",
    "gnaf_pid": "GAVIC420748541",
    "tech_change_status": "Eligible to Order",
    "program_type": "On-Demand N2P SDU/MDU Simple",
    "target_eligibility_quarter": "NA"
   }
  },
  {
   "type": "Feature",
   "geometry": {
    "type": "Point",
    "coordinates": [
     141.3948946,
     -37.5958413
    ]
   },
   "properties": {
    "name": "11 STARK STREET CASTERTON 3311",
    "locID": "LOC000057290204",
    "tech": "FTTN",
    "upgrade": "FTTP_SA",
    "gnaf_pid": "GAVIC420748606",
    "tech_change_status": "Eligible to Order",
    "program_type": "On-Demand N2P SDU/MDU Simple",
    "target_eligibility_quarter": "NA"
   }
  },
  {
   "type": "Feature",
   "geometry": {
    "type": "Point",
    "coordinates": [
     141.41307201,
     -37.58582289
    ]
   },
   "properties": {
    "name": "39 ROBERTSON STREET CASTERTON 3311",
    "locID": "LOC000026007525",
    "tech": "FTTN",
    "upgrade": "FTTP_SA",
    "gnaf_pid": "GAVIC420754106",
    "tech_change_status": "Eligible to Order",
    "program_type": "On-Demand N2P SDU/MDU Simple",
    "target_eligibility_quarter": "NA"
   }
  },
  {
   "type": "Feature",
   "geometry": {
    "type": "Point",
    "coordinates": [
     141.39752035,
     -37.5896865
    ]
   },
   "properties": {
    "name": "72 JACKSON STREET CASTERTON 3311",
    "locID": "LOC000093890256",
    "tech": "FTTN",
    "upgrade": "FTTP_SA",
    "gnaf_pid": "GAVIC420852315",
    "tech_change_status": "Eligible to Order",
    "program_type": "On-Demand N2P SDU/MDU Simple",
    "target_eligibility_quarter": "NA"
   }
  },
  {
   "type": "Feature",
   "geometry": {
    "type": "Point",
    "coordinates": [
     141.40277983,
     -37.5886816
    ]
   },
   "properties": {
    "name": "11 TUCKETT STREET CASTERTON 3311",
    "locID": "LOC000023902489",
    "tech": "FTTP",
    "upgrade": "FTTP_NA",
    "gnaf_pid": "GAVIC420855179",
    "tech_change_status": "Previous Tech Disconnected",
    "program_type": "On-Demand N2P SDU/MDU Simple",
    "target_eligibility_quarter": "NA"
   }
  },
  {
   "type": "Feature",
   "geometry": {
    "type": "Point",
    "coordinates": [
     141.40128783,
     -37.58814489
    ]
   },
   "properties": {
    "name": "43 JACKSON STREET CASTERTON 3311",
    "locID": "LOC000056307738",
    "tech": "FTTN",
    "upgrade": "FTTP_SA",
    "gnaf_pid": "GAVIC420855181",
    "tech_change_status": "Eligible to Order",
    "program_type": "On-Demand N2P SDU/MDU Simple",
    "target_eligibility_quarter": "NA"
   }
  },
  {
   "type": "Feature",
   "geometry": {
    "type": "Point",
    "coordinates": [
     141.39631516,
     -37.58735767
    ]
   },
   "properties": {
    "name": "17 MILLER STREET CASTERTON 3311",
    "locID": "LOC000071190219",
    "tech": "FTTN",
    "upgrade": "FTTP_SA",
    "gnaf_pid": "GAVIC420855185",
    "tech_change_status": "Eligible to Order",
    "program_type": "On-Demand N2P SDU/MDU Simple",
    "target_eligibility_quarter": "NA"
   }
  },
  {
   "type": "Feature",
   "geometry": {
    "type": "Point",
    "coordinates": [
     141.40264879,
     -37.58307664
    ]
   },
   "properties": {
    "name": "4 ADDISON STREET CASTERTON 3311",
    "locID": "LOC000028433008",
    "tech": "FTTP",
    "upgrade": "FTTP_NA",
    "gnaf_pid": "GAVIC420855816",
    "tech_change_status": "Previous Tech Disconnected",
    "program_type": "On-Demand N2P SDU/MDU Simple",
    "target_eligibility_quarter": "NA"
   }
  },
  {
   "type": "Feature",
   "geometry": {
    "type": "Point",
    "coordinates": [
     141.40624805,
     -37.58489305
    ]
   },
   "properties": {
    "name": "3 CLARKE STREET CASTERTON 3311",
    "locID": "LOC000106381865",
    "tech": "FTTN",
    "upgrade": "FTTP_SA",
    "gnaf_pid": "GAVIC420867023",
    "tech_change_status": "Eligible to Order",
    "program_type": "On-Demand N2P SDU/MDU Simple",
    "target_eligibility_quarter": "NA"
   }
  },
  {
   "type": "Feature",
   "geometry": {
    "type": "Point",
    "coordinates": [
     141.41190174,
     -37.58672495
    ]
   },
   "properties": {
    "name": "14 SHIELS TERRACE CASTERTON 3311",
    "locID": "LOC000095277107",
    "tech": "FTTN",
    "upgrade": "FTTP_NA",
    "gnaf_pid": "GAVIC420877898",
    "tech_change_status": "Committed",
    "program_type": "On-Demand N2P SDU/MDU Simple",
    "target_eligibility_quarter": "Dec 2025"
   }
  },
  {
   "type": "Feature",
   "geometry": {
    "type": "Point",
    "coordinates": [
     141.41346171,
     -37.58351913
    ]
   },
   "properties": {
    "name": "12 ROBERTSON STREET CASTERTON 3311",
    "locID": "LOC000079420567",
    "tech": "FTTN",
    "upgrade": "FTTP_SA",
    "gnaf_pid": "GAVIC420877899",
    "tech_change_status": "Eligible to Order",
    "program_type": "On-Demand N2P SDU/MDU Simple",
    "target_eligibility_quarter": "NA"
   }
  },
  {
   "type": "Feature",
   "geometry": {
    "type": "Point",
    "coordinates": [
     141.41465475,
     -37.58639143
    ]
   },
   "properties": {
    "name": "32 SHIELS TERRACE CASTERTON 3311",
    "locID": "LOC000003604503",
    "tech": "FTTN",
    "upgrade": "FTTP_SA",
    "gnaf_pid": "GAVIC420877900",
    "tech_change_status": "Eligible to Order",
    "program_type": "On-Demand N2P SDU/MDU Simple",
    "target_eligibility_quarter": "NA"
   }
  },
  {
   "type": "Feature",
   "geometry": {
    "type": "Point",
    "coordinates": [
     141.41692035,
     -37.58483225
    ]
   },
   "properties": {
    "name": "60 SHIELS TERRACE CASTERTON 3311",
    "locID": "LOC000035552082",
    "tech": "FTTP",
    "upgrade": "FTTP_NA",
    "gnaf_pid": "GAVIC420877901",
    "tech_change_status": "Previous Tech Disconnected",
    "program_type": "On-Demand N2P SDU/MDU Simple",
    "target_eligibility_quarter": "NA"
   }
  },
  {
   "type": "Feature",
   "geometry": {
    "type": "Point",
    "coordinates": [
     141.39556909,
     -37.58541438
    ]
   },
   "properties": {
    "name": "58 KIRBY STREET CASTERTON 3311",
    "locID": "LOC000004357867",
    "tech": "FTTN",
    "upgrade": "FTTP_SA",
    "gnaf_pid": "GAVIC420883080",
    "tech_change_status": "Eligible to Order",
    "program_type": "On-Demand N2P SDU/MDU Simple",
    "target_eligibility_quarter": "NA"
   }
  },
  {
   "type": "Feature",
   "geometry": {
    "type": "Point",
    "coordinates": [
     141.38677268,
     -37.58428372
    ]
   },
   "properties": {
    "name": "48 MITCHELL STREET CASTERTON 3311",
    "locID": "LOC000044415019",
    "tech": "FTTP",
    "upgrade": "FTTP_NA",
    "gnaf_pid": "GAVIC420886594",
    "tech_change_status": "Previous Tech Disconnected",
    "program_type": "On-Demand N2P SDU/MDU Simple",
    "target_eligibility_quarter": "NA"
   }
  },
  {
   "type": "Feature",
   "geometry": {
    "type": "Point",
    "coordinates": [
     141.38748414,
     -37.58435138
    ]
   },
   "properties": {
    "name": "40-46 MITCHELL STREET CASTERTON 3311",
    "locID": "LOC000124625255",
    "tech": "FTTP",
    "upgrade": "FTTP_NA",
    "gnaf_pid": "GAVIC420886595",
    "tech_change_status": "Previous Tech Disconnected",
    "program_type": "On-Demand N2P SDU/MDU Simple",
    "target_eligibility_quarter": "NA"
   }
  },
  {
   "type": "Feature",
   "geometry": {
    "type": "Point",
    "coordinates": [
     141.39530243,
     -37.59165529
    ]
   },
   "properties": {
    "name": "3 HARGREAVES COURT CASTERTON 3311",
    "locID": "LOC000059994117",
    "tech": "FTTP",
    "upgrade": "FTTP_NA",
    "gnaf_pid": "GAVIC420886600",
    "tech_change_status": "Previous Tech Disconnected",
    "program_type": "On-Demand N2P SDU/MDU Simple",
    "target_eligibility_quarter": "NA"
   }
  },
  {
   "type": "Feature",
   "geometry": {
    "type": "Point",
    "coordinates": [
     141.39578226,
     -37.58608636
    ]
   },
   "properties": {
    "name": "30 MILLER STREET CASTERTON 3311",
    "locID": "LOC000086377119",
    "tech": "FTTN",
    "upgrade": "FTTP_SA",
    "gnaf_pid": "GAVIC420900093",
    "tech_change_status": "Eligible to Order",
    "program_type": "On-Demand N2P SDU/MDU Simple",
    "target_eligibility_quarter": "NA"
   }
  },
  {
   "type": "Feature",
   "geometry": {
    "type": "Point",
    "coordinates": [
     141.40080953,
     -37.58496058
    ]
   },
   "properties": {
    "name": "20 MCKINLAY STREET CASTERTON 3311",
    "locID": "LOC000104717919",
    "tech": "FTTN",
    "upgrade": "FTTP_SA",
    "gnaf_pid": "GAVIC420900097",
    "tech_change_status": "Eligible to Order",
    "program_type": "On-Demand N2P SDU/MDU Simple",
    "target_eligibility_quarter": "NA"
   }
  },
  {
   "type": "Feature",
   "geometry": {
    "type": "Point",
    "coordinates": [
     141.40122849,
     -37.58509279
    ]
   },
   "properties": {
    "name": "34 MURRAY STREET CASTERTON 3311",
    "locID": "LOC000038553251",
    "tech": "FTTN",
    "upgrade": "FTTP_SA",
    "gnaf_pid": "GAVIC420900099",
    "tech_change_status": "Eligible to Order",
    "program_type": "On-Demand N2P SDU/MDU Simple",
    "target_eligibility_quarter": "NA"
   }
  },
  {
   "type": "Feature",
   "geometry": {
    "type": "Point",
    "coordinates": [
     141.40202,
     -37.58709159
    ]
   },
   "properties": {
    "name": "8 MCKINLAY STREET CASTERTON 3311",
    "locID": "LOC000095336450",
    "tech": "FTTN",
    "upgrade": "FTTP_SA",
    "gnaf_pid": "GAVIC420900102",
    "tech_change_status": "Eligible to Order",
    "program_type": "On-Demand N2P SDU/MDU Simple",
    "target_eligibility_quarter": "NA"
   }
  },
  {
   "type": "Feature",
   "geometry": {
    "type": "Point",
    "coordinates": [
     141.39097463,
     -37.59419222
    ]
   },
   "properties": {
    "name": "14 ROBERTS STREET CASTERTON 3311",
    "locID": "LOC000076325310",
    "tech": "FTTC",
    "upgrade": "FTTP_SA",
    "gnaf_pid": "GAVIC420907746",
    "tech_change_status": "Eligible to Order"
   }
  },
  {
   "type": "Feature",
   "geometry": {
    "type": "Point",
    "coordinates": [
     141.38791155,
     -37.59204
    ]
   },
   "properties": {
    "name": "32 GEORGE STREET CASTERTON 3311",
    "locID": "LOC000072891009",
    "tech": "FTTN",
    "upgrade": "FTTP_SA",
    "gnaf_pid": "GAVIC420907749",
    "tech_change_status": "Eligible to Order",
    "program_type": "On-Demand N2P SDU/MDU Simple",
    "target_eligibility_quarter": "NA"
   }
  },
  {
   "type": "Feature",
   "geometry": {
    "type": "Point",
    "coordinates": [
     141.39093658,
     -37.59187707
    ]
   },
   "properties": {
    "name": "15 CARMICHAEL STREET CASTERTON 3311",
    "locID": "LOC000052894127",
    "tech": "FTTN",
    "upgrade": "FTTP",
    "gnaf_pid": "GAVIC420907750",
    "tech_change_status": "Eligible to Order",
    "program_type": "On-Demand N2P SDU/MDU Simple",
    "target_eligibility_quarter": "NA"
   }
  },
  {
   "type": "Feature",
   "geometry": {
    "type": "Point",
    "coordinates": [
     141.39217846,
     -37.59429863
    ]
   },
   "properties": {
    "name": "2 ROBERTS STREET CASTERTON 3311",
    "locID": "LOC000005165459",
    "tech": "FTTC",
    "upgrade": "FTTP_SA",
    "gnaf_pid": "GAVIC420907751",
    "tech_change_status": "Eligible to Order"
   }
  },
  {
   "type": "Feature",
   "geometry": {
    "type": "Point",
    "coordinates": [
     141.3926052,
     -37.5942719
    ]
   },
   "properties": {
    "name": "27 RUSSELL STREET CASTERTON 3311",
    "locID": "LOC000045157835",
    "tech": "FTTC",
    "upgrade": "FTTP_SA",
    "gnaf_pid": "GAVIC420907752",
    "tech_change_status": "Eligible to Order"
   }
  },
  {
   "type": "Feature",
   "geometry": {
    "type": "Point",
    "coordinates": [
     141.39157885,
     -37.59253679
    ]
   },
   "properties": {
    "name": "8 CARMICHAEL STREET CASTERTON 3311",
    "locID": "LOC000017643266",
    "tech": "FTTP",
    "upgrade": "NULL_NA",
    "gnaf_pid": "GAVIC420907753"
   }
  },
  {
   "type": "Feature",
   "geometry": {
    "type": "Point",
    "coordinates": [
     141.39429093,
     -37.59356603
    ]
   },
   "properties": {
    "name": "7 PEACHEY STREET CASTERTON 3311",
    "locID": "LOC000089802425",
    "tech": "FTTC",
    "upgrade": "FTTP_SA",
    "gnaf_pid": "GAVIC420907754",
    "tech_change_status": "Eligible to Order"
   }
  },
  {
   "type": "Feature",
   "geometry": {
    "type": "Point",
    "coordinates": [
     141.39246486,
     -37.59518398
    ]
   },
   "properties": {
    "name": "17 RUSSELL STREET CASTERTON 3311",
    "locID": "LOC000101471977",
    "tech": "FTTC",
    "upgrade": "FTTP_SA",
    "gnaf_pid": "GAVIC420907755",
    "tech_change_status": "Eligible to Order"
   }
  },
  {
   "type": "Feature",
   "geometry": {
    "type": "Point",
    "coordinates": [
     141.41444678,
     -37.58600211
    ]
   },
   "properties": {
    "name": "25 SHIELS TERRACE CASTERTON 3311",
    "locID": "LOC000009426798",
    "tech": "FTTP",
    "upgrade": "FTTP_NA",
    "gnaf_pid": "GAVIC420909993",
    "tech_change_status": "Previous Tech Disconnected",
    "program_type": "On-Demand N2P SDU/MDU Simple",
    "target_eligibility_quarter": "NA"
   }
  },
  {
   "type": "Feature",
   "geometry": {
    "type": "Point",
    "coordinates": [
     141.41378632,
     -37.5868629
    ]
   },
   "properties": {
    "name": "22 SHIELS TERRACE CASTERTON 3311",
    "locID": "LOC000001907061",
    "tech": "FTTN",
    "upgrade": "FTTP_SA",
    "gnaf_pid": "GAVIC420909994",
    "tech_change_status": "Eligible to Order",
    "program_type": "On-Demand N2P SDU/MDU Simple",
    "target_eligibility_quarter": "NA"
   }
  },
  {
   "type": "Feature",
   "geometry": {
    "type": "Point",
    "coordinates": [
     141.41379552,
     -37.58395315
    ]
   },
   "properties": {
    "name": "15 ROBERTSON STREET CASTERTON 3311",
    "locID": "LOC000036136201",
    "tech": "FTTN",
    "upgrade": "FTTP_SA",
    "gnaf_pid": "GAVIC420909995",
    "tech_change_status": "Eligible to Order",
    "program_type": "On-Demand N2P SDU/MDU Simple",
    "target_eligibility_quarter": "NA"
   }
  },
  {
   "type": "Feature",
   "geometry": {
    "type": "Point",
    "coordinates": [
     141.41394732,
     -37.58314074
    ]
   },
   "properties": {
    "name": "5 ROBERTSON STREET CASTERTON 3311",
    "locID": "LOC000071960640",
    "tech": "FTTN",
    "upgrade": "FTTP_SA",
    "gnaf_pid": "GAVIC420909996",
    "tech_change_status": "Eligible to Order",
    "program_type": "On-Demand N2P SDU/MDU Simple",
    "target_eligibility_quarter": "NA"
   }
  },
  {
   "type": "Feature",
   "geometry": {
    "type": "Point",
    "coordinates": [
     141.41518976,
     -37.58543979
    ]
   },
   "properties": {
    "name": "29A SHIELS TERRACE CASTERTON 3311",
    "locID": "LOC000077244191",
    "tech": "FTTP",
    "upgrade": "FTTP_NA",
    "gnaf_pid": "GAVIC420909997",
    "tech_change_status": "Previous Tech Disconnected",
    "program_type": "On-Demand N2P SDU/MDU Simple",
    "target_eligibility_quarter": "NA"
   }
  },
  {
   "type": "Feature",
   "geometry": {
    "type": "Point",
    "coordinates": [
     141.41528333,
     -37.58307426
    ]
   },
   "properties": {
    "name": "7 VIEW STREET CASTERTON 3311",
    "locID": "LOC000056323826",
    "tech": "FTTP",
    "upgrade": "FTTP_NA",
    "gnaf_pid": "GAVIC420909998",
    "tech_change_status": "Previous Tech Disconnected",
    "program_type": "On-Demand N2P SDU/MDU Simple",
    "target_eligibility_quarter": "NA"
   }
  },
  {
   "type": "Feature",
   "geometry": {
    "type": "Point",
    "coordinates": [
     141.41519755,
     -37.58356808
    ]
   },
   "properties": {
    "name": "3 VIEW STREET CASTERTON 3311",
    "locID": "LOC000058441236",
    "tech": "FTTP",
    "upgrade": "FTTP_NA",
    "gnaf_pid": "GAVIC420909999",
    "tech_change_status": "Previous Tech Disconnected",
    "program_type": "On-Demand N2P SDU/MDU Simple",
    "target_eligibility_quarter": "NA"
   }
  },
  {
   "type": "Feature",
   "geometry": {
    "type": "Point",
    "coordinates": [
     141.4167048,
     -37.58443454
    ]
   },
   "properties": {
    "name": "57 SHIELS TERRACE CASTERTON 3311",
    "locID": "LOC000107812456",
    "tech": "FTTP",
    "upgrade": "FTTP_NA",
    "gnaf_pid": "GAVIC420913554",
    "tech_change_status": "Previous Tech Disconnected",
    "program_type": "On-Demand N2P SDU/MDU Simple",
    "target_eligibility_quarter": "NA"
   }
  },
  {
   "type": "Feature",
   "geometry": {
    "type": "Point",
    "coordinates": [
     141.4153111,
     -37.58291068
    ]
   },
   "properties": {
    "name": "9 VIEW STREET CASTERTON 3311",
    "locID": "LOC000058241182",
    "tech": "FTTN",
    "upgrade": "FTTP_SA",
    "gnaf_pid": "GAVIC420913555",
    "tech_change_status": "Eligible to Order",
    "program_type": "On-Demand N2P SDU/MDU Simple",
    "target_eligibility_quarter": "NA"
   }
  },
  {
   "type": "Feature",
   "geometry": {
    "type": "Point",
    "coordinates": [
     141.39473946,
     -37.59473896
    ]
   },
   "properties": {
    "name": "6 GAZZARD STREET CASTERTON 3311",
    "locID": "LOC000066923345",
    "tech": "FTTC",
    "upgrade": "FTTP_SA",
    "gnaf_pid": "GAVIC420917059",
    "tech_change_status": "Eligible to Order"
   }
  },
  {
   "type": "Feature",
   "geometry": {
    "type": "Point",
    "coordinates": [
     141.4150807,
     -37.58466479
    ]
   },
   "properties": {
    "name": "5 WIDDICOMBE STREET CASTERTON 3311",
    "locID": "LOC000109092432",
    "tech": "FTTN",
    "upgrade": "FTTP_SA",
    "gnaf_pid": "GAVIC420917069",
    "tech_change_status": "Eligible to Order",
    "program_type": "On-Demand N2P SDU/MDU Simple",
    "target_eligibility_quarter": "NA"
   }
  },
  {
   "type": "Feature",
   "geometry": {
    "type": "Point",
    "coordinates": [
     141.41620388,
     -37.58424904
    ]
   },
   "properties": {
    "name": "UNIT 3, 53 SHIELS TERRACE CASTERTON 3311",
    "locID": "LOC000073797476",
    "tech": "FTTN",
    "upgrade": "FTTP_NA",
    "gnaf_pid": "GAVIC420917070",
    "tech_change_status": "MDU Complex Eligible To Apply",
    "program_type": "Customer-initiated N2P MDU Complex"
   }
  },
  {
   "type": "Feature",
   "geometry": {
    "type": "Point",
    "coordinates": [
     141.39102105,
     -37.59127704
    ]
   },
   "properties": {
    "name": "21 CARMICHAEL STREET CASTERTON 3311",
    "locID": "LOC000034547942",
    "tech": "FTTN",
    "upgrade": "FTTP_SA",
    "gnaf_pid": "GAVIC420920483",
    "tech_change_status": "Eligible to Order",
    "program_type": "On-Demand N2P SDU/MDU Simple",
    "target_eligibility_quarter": "NA"
   }
  },
  {
   "type": "Feature",
   "geometry": {
    "type": "Point",
    "coordinates": [
     141.39091969,
     -37.58465404
    ]
   },
   "properties": {
    "name": "10 MITCHELL STREET CASTERTON 3311",
    "locID": "LOC000090766908",
    "tech": "FTTN",
    "upgrade": "FTTP_SA",
    "gnaf_pid": "GAVIC420920488",
    "tech_change_status": "Eligible to Order",
    "program_type": "On-Demand N2P SDU/MDU Simple",
    "target_eligibility_quarter": "NA"
   }
  },
  {
   "type": "Feature",
   "geometry": {
    "type": "Point",
    "coordinates": [
     141.39586155,
     -37.59074546
    ]
   },
   "properties": {
    "name": "89 JACKSON STREET CASTERTON 3311",
    "locID": "LOC000015193331",
    "tech": "FTTN",
    "upgrade": "FTTP_SA",
    "gnaf_pid": "GAVIC420920489",
    "tech_change_status": "Eligible to Order",
    "program_type": "On-Demand N2P SDU/MDU Simple",
    "target_eligibility_quarter": "NA"
   }
  },
  {
   "type": "Feature",
   "geometry": {
    "type": "Point",
    "coordinates": [
     141.39351434,
     -37.59077916
    ]
   },
   "properties": {
    "name": "58 RUSSELL STREET CASTERTON 3311",
    "locID": "LOC000083568694",
    "tech": "FTTC",
    "upgrade": "FTTP_SA",
    "gnaf_pid": "GAVIC420921553",
    "tech_change_status": "Eligible to Order"
   }
  },
  {
   "type": "Feature",
   "geometry": {
    "type": "Point",
    "coordinates": [
     141.39864795,
     -37.58680573
    ]
   },
   "properties": {
    "name": "53 MURRAY STREET CASTERTON 3311",
    "locID": "LOC000023000329",
    "tech": "FTTP",
    "upgrade": "FTTP_NA",
    "gnaf_pid": "GAVIC420921554",
    "tech_change_status": "Previous Tech Disconnected",
    "program_type": "On-Demand N2P SDU/MDU Simple",
    "target_eligibility_quarter": "NA"
   }
  },
  {
   "type": "Feature",
   "geometry": {
    "type": "Point",
    "coordinates": [
     141.40066251,
     -37.58537308
    ]
   },
   "properties": {
    "name": "15 MCKINLAY STREET CASTERTON 3311",
    "locID": "LOC000040355288",
    "tech": "FTTP",
    "upgrade": "FTTP_NA",
    "gnaf_pid": "GAVIC420921555",
    "tech_change_status": "Previous Tech Disconnected",
    "program_type": "On-Demand N2P SDU/MDU Simple",
    "target_eligibility_quarter": "NA"
   }
  },
  {
   "type": "Feature",
   "geometry": {
    "type": "Point",
    "coordinates": [
     141.40160608,
     -37.58754374
    ]
   },
   "properties": {
    "name": "7 MCKINLAY STREET CASTERTON 3311",
    "locID": "LOC000051001089",
    "tech": "FTTN",
    "upgrade": "FTTP_SA",
    "gnaf_pid": "GAVIC420929743",
    "tech_change_status": "Eligible to Order",
    "program_type": "On-Demand N2P SDU/MDU Simple",
    "target_eligibility_quarter": "NA"
   }
  },
  {
   "type": "Feature",
   "geometry": {
    "type": "Point",
    "coordinates": [
     141.39988703,
     -37.58616757
    ]
   },
   "properties": {
    "name": "45 MURRAY STREET CASTERTON 3311",
    "locID": "LOC000065959823",
    "tech": "FTTN",
    "upgrade": "FTTP",
    "gnaf_pid": "GAVIC420941386",
    "tech_change_status": "Eligible to Order",
    "program_type": "On-Demand N2P SDU/MDU Simple",
    "target_eligibility_quarter": "NA"
   }
  },
  {
   "type": "Feature",
   "geometry": {
    "type": "Point",
    "coordinates": [
     141.39813887,
     -37.58666279
    ]
   },
   "properties": {
    "name": "58 MURRAY STREET CASTERTON 3311",
    "locID": "LOC000092637751",
    "tech": "FTTN",
    "upgrade": "FTTP_SA",
    "gnaf_pid": "GAVIC420947727",
    "tech_change_status": "Eligible to Order",
    "program_type": "On-Demand N2P SDU/MDU Simple",
    "target_eligibility_quarter": "NA"
   }
  },
  {
   "type": "Feature",
   "geometry": {
    "type": "Point",
    "coordinates": [
     141.39706819,
     -37.58633751
    ]
   },
   "properties": {
    "name": "51 ADDISON STREET CASTERTON 3311",
    "locID": "LOC000045405208",
    "tech": "FTTN",
    "upgrade": "FTTP_SA",
    "gnaf_pid": "GAVIC420947728",
    "tech_change_status": "Eligible to Order",
    "program_type": "On-Demand N2P SDU/MDU Simple",
    "target_eligibility_quarter": "NA"
   }
  },
  {
   "type": "Feature",
   "geometry": {
    "type": "Point",
    "coordinates": [
     141.39719945,
     -37.58715776
    ]
   },
   "properties": {
    "name": "68 MURRAY STREET CASTERTON 3311",
    "locID": "LOC000074336623",
    "tech": "FTTN",
    "upgrade": "FTTP_SA",
    "gnaf_pid": "GAVIC420947729",
    "tech_change_status": "Eligible to Order",
    "program_type": "On-Demand N2P SDU/MDU Simple",
    "target_eligibility_quarter": "NA"
   }
  },
  {
   "type": "Feature",
   "geometry": {
    "type": "Point",
    "coordinates": [
     141.4043348,
     -37.58658605
    ]
   },
   "properties": {
    "name": "21 JACKSON STREET CASTERTON 3311",
    "locID": "LOC000045933342",
    "tech": "FTTP",
    "upgrade": "FTTP_NA",
    "gnaf_pid": "GAVIC420952531",
    "tech_change_status": "Previous Tech Disconnected",
    "program_type": "On-Demand N2P SDU/MDU Simple",
    "target_eligibility_quarter": "NA"
   }
  },
  {
   "type": "Feature",
   "geometry": {
    "type": "Point",
    "coordinates": [
     141.39402917,
     -37.58765988
    ]
   },
   "properties": {
    "name": "13 SILVESTER STREET CASTERTON 3311",
    "locID": "LOC000074090650",
    "tech": "FTTN",
    "upgrade": "FTTP_SA",
    "gnaf_pid": "GAVIC420963628",
    "tech_change_status": "Eligible to Order",
    "program_type": "On-Demand N2P SDU/MDU Simple",
    "target_eligibility_quarter": "NA"
   }
  },
  {
   "type": "Feature",
   "geometry": {
    "type": "Point",
    "coordinates": [
     141.39272473,
     -37.59619884
    ]
   },
   "properties": {
    "name": "6 RUSSELL STREET CASTERTON 3311",
    "locID": "LOC000067849246",
    "tech": "FTTC",
    "upgrade": "FTTP_SA",
    "gnaf_pid": "GAVIC420965612",
    "tech_change_status": "Eligible to Order"
   }
  },
  {
   "type": "Feature",
   "geometry": {
    "type": "Point",
    "coordinates": [
     141.39331915,
     -37.59215708
    ]
   },
   "properties": {
    "name": "52B RUSSELL STREET CASTERTON 3311",
    "locID": "LOC000101805142",
    "tech": "FTTC",
    "upgrade": "FTTP_SA",
    "gnaf_pid": "GAVIC420967317",
    "tech_change_status": "Eligible to Order"
   }
  },
  {
   "type": "Feature",
   "geometry": {
    "type": "Point",
    "coordinates": [
     141.39318385,
     -37.59310492
    ]
   },
   "properties": {
    "name": "40 RUSSELL STREET CASTERTON 3311",
    "locID": "LOC000068035393",
    "tech": "FTTC",
    "upgrade": "FTTP_SA",
    "gnaf_pid": "GAVIC420967318",
    "tech_change_status": "Eligible to Order"
   }
  },
  {
   "type": "Feature",
   "geometry": {
    "type": "Point",
    "coordinates": [
     141.40166561,
     -37.58396408
    ]
   },
   "properties": {
    "name": "9 ADDISON STREET CASTERTON 3311",
    "locID": "LOC000050286630",
    "tech": "FTTN",
    "upgrade": "FTTP_SA",
    "gnaf_pid": "GAVIC420967822",
    "tech_change_status": "Eligible to Order",
    "program_type": "On-Demand N2P SDU/MDU Simple",
    "target_eligibility_quarter": "NA"
   }
  },
  {
   "type": "Feature",
   "geometry": {
    "type": "Point",
    "coordinates": [
     141.4013456,
     -37.58538951
    ]
   },
   "properties": {
    "name": "35 MURRAY STREET CASTERTON 3311",
    "locID": "LOC000050739744",
    "tech": "FTTP",
    "upgrade": "FTTP_NA",
    "gnaf_pid": "GAVIC420969086",
    "tech_change_status": "Previous Tech Disconnected",
    "program_type": "On-Demand N2P SDU/MDU Simple",
    "target_eligibility_quarter": "NA"
   }
  },
  {
   "type": "Feature",
   "geometry": {
    "type": "Point",
    "coordinates": [
     141.40087891,
     -37.58565788
    ]
   },
   "properties": {
    "name": "35A MURRAY STREET CASTERTON 3311",
    "locID": "LOC000124625152",
    "tech": "FTTN",
    "upgrade": "FTTP_SA",
    "gnaf_pid": "GAVIC420969087",
    "tech_change_status": "Eligible to Order",
    "program_type": "On-Demand N2P SDU/MDU Simple",
    "target_eligibility_quarter": "NA"
   }
  },
  {
   "type": "Feature",
   "geometry": {
    "type": "Point",
    "coordinates": [
     141.40050685,
     -37.58453044
    ]
   },
   "properties": {
    "name": "21 ADDISON STREET CASTERTON 3311",
    "locID": "LOC000046653026",
    "tech": "FTTP",
    "upgrade": "FTTP_NA",
    "gnaf_pid": "GAVIC420970085",
    "tech_change_status": "Previous Tech Disconnected",
    "program_type": "On-Demand N2P SDU/MDU Simple",
    "target_eligibility_quarter": "NA"
   }
  },
  {
   "type": "Feature",
   "geometry": {
    "type": "Point",
    "coordinates": [
     141.40468158,
     -37.5866429
    ]
   },
   "properties": {
    "name": "23 MCPHERSON STREET CASTERTON 3311",
    "locID": "LOC000048383364",
    "tech": "FTTN",
    "upgrade": "FTTP_SA",
    "gnaf_pid": "GAVIC420970559",
    "tech_change_status": "Eligible to Order",
    "program_type": "On-Demand N2P SDU/MDU Simple",
    "target_eligibility_quarter": "NA"
   }
  },
  {
   "type": "Feature",
   "geometry": {
    "type": "Point",
    "coordinates": [
     141.4026581,
     -37.58782015
    ]
   },
   "properties": {
    "name": "5 MCKINLAY STREET CASTERTON 3311",
    "locID": "LOC000016036708",
    "tech": "FTTN",
    "upgrade": "FTTP",
    "gnaf_pid": "GAVIC420970560",
    "tech_change_status": "Eligible to Order",
    "program_type": "On-Demand N2P SDU/MDU Simple",
    "target_eligibility_quarter": "NA"
   }
  },
  {
   "type": "Feature",
   "geometry": {
    "type": "Point",
    "coordinates": [
     141.39677402,
     -37.59058936
    ]
   },
   "properties": {
    "name": "UNIT 6, 85 JACKSON STREET CASTERTON 3311",
    "locID": "LOC000055973465",
    "tech": "FTTN",
    "upgrade": "NULL_NA",
    "gnaf_pid": "GAVIC420970561",
    "tech_change_status": "Not Planned"
   }
  },
  {
   "type": "Feature",
   "geometry": {
    "type": "Point",
    "coordinates": [
     141.39912975,
     -37.58886465
    ]
   },
   "properties": {
    "name": "58 JACKSON STREET CASTERTON 3311",
    "locID": "LOC000044550147",
    "tech": "FTTN",
    "upgrade": "FTTP_SA",
    "gnaf_pid": "GAVIC420970563",
    "tech_change_status": "Eligible to Order",
    "program_type": "On-Demand N2P SDU/MDU Simple",
    "target_eligibility_quarter": "NA"
   }
  },
  {
   "type": "Feature",
   "geometry": {
    "type": "Point",
    "coordinates": [
     141.39859113,
     -37.58953409
    ]
   },
   "properties": {
    "name": "67 JACKSON STREET CASTERTON 3311",
    "locID": "LOC000029339924",
    "tech": "FTTN",
    "upgrade": "FTTP_SA",
    "gnaf_pid": "GAVIC420970564",
    "tech_change_status": "Eligible to Order",
    "program_type": "On-Demand N2P SDU/MDU Simple",
    "target_eligibility_quarter": "NA"
   }
  },
  {
   "type": "Feature",
   "geometry": {
    "type": "Point",
    "coordinates": [
     141.3980461,
     -37.58582188
    ]
   },
   "properties": {
    "name": "25 HUTTON STREET CASTERTON 3311",
    "locID": "LOC000097260175",
    "tech": "FTTN",
    "upgrade": "FTTP_SA",
    "gnaf_pid": "GAVIC420970565",
    "tech_change_status": "Eligible to Order",
    "program_type": "On-Demand N2P SDU/MDU Simple",
    "target_eligibility_quarter": "NA"
   }
  },
  {
   "type": "Feature",
   "geometry": {
    "type": "Point",
    "coordinates": [
     141.40052396,
     -37.58322689
    ]
   },
   "properties": {
    "name": "11 KIRBY STREET CASTERTON 3311",
    "locID": "LOC000124685184",
    "tech": "FTTP",
    "upgrade": "FTTP_NA",
    "gnaf_pid": "GAVIC420970566",
    "tech_change_status": "Previous Tech Disconnected",
    "program_type": "On-Demand N2P SDU/MDU Simple",
    "target_eligibility_quarter": "NA"
   }
  },
  {
   "type": "Feature",
   "geometry": {
    "type": "Point",
    "coordinates": [
     141.3972274,
     -37.58585556
    ]
   },
   "properties": {
    "name": "48 ADDISON STREET CASTERTON 3311",
    "locID": "LOC000062351231",
    "tech": "FTTN",
    "upgrade": "FTTP_SA",
    "gnaf_pid": "GAVIC420970567",
    "tech_change_status": "Eligible to Order",
    "program_type": "On-Demand N2P SDU/MDU Simple",
    "target_eligibility_quarter": "NA"
   }
  },
  {
   "type": "Feature",
   "geometry": {
    "type": "Point",
    "coordinates": [
     141.39665376,
     -37.58615063
    ]
   },
   "properties": {
    "name": "54 ADDISON STREET CASTERTON 3311",
    "locID": "LOC000046389747",
    "tech": "FTTP",
    "upgrade": "FTTP_NA",
    "gnaf_pid": "GAVIC420970568",
    "tech_change_status": "Previous Tech Disconnected",
    "program_type": "On-Demand N2P SDU/MDU Simple",
    "target_eligibility_quarter": "NA"
   }
  },
  {
   "type": "Feature",
   "geometry": {
    "type": "Point",
    "coordinates": [
     141.41283665,
     -37.58729659
    ]
   },
   "properties": {
    "name": "44 ROBERTSON STREET CASTERTON 3311",
    "locID": "LOC000020274901",
    "tech": "FTTP",
    "upgrade": "FTTP_NA",
    "gnaf_pid": "GAVIC420970569",
    "tech_change_status": "Previous Tech Disconnected",
    "program_type": "On-Demand N2P SDU/MDU Simple",
    "target_eligibility_quarter": "NA"
   }
  },
  {
   "type": "Feature",
   "geometry": {
    "type": "Point",
    "coordinates": [
     141.39802449,
     -37.58714605
    ]
   },
   "properties": {
    "name": "61 MURRAY STREET CASTERTON 3311",
    "locID": "LOC000088785127",
    "tech": "FTTN",
    "upgrade": "FTTP_SA",
    "gnaf_pid": "GAVIC420976032",
    "tech_change_status": "Eligible to Order",
    "program_type": "On-Demand N2P SDU/MDU Simple",
    "target_eligibility_quarter": "NA"
   }
  },
  {
   "type": "Feature",
   "geometry": {
    "type": "Point",
    "coordinates": [
     141.39720008,
     -37.58786247
    ]
   },
   "properties": {
    "name": "12 MILLER STREET CASTERTON 3311",
    "locID": "LOC000083504585",
    "tech": "FTTP",
    "upgrade": "FTTP_NA",
    "gnaf_pid": "GAVIC420976033",
    "tech_change_status": "Previous Tech Disconnected",
    "program_type": "On-Demand N2P SDU/MDU Simple",
    "target_eligibility_quarter": "NA"
   }
  },
  {
   "type": "Feature",
   "geometry": {
    "type": "Point",
    "coordinates": [
     141.39791927,
     -37.58948783
    ]
   },
   "properties": {
    "name": "68 JACKSON STREET CASTERTON 3311",
    "locID": "LOC000106491817",
    "tech": "FTTN",
    "upgrade": "FTTP_SA",
    "gnaf_pid": "GAVIC420976034",
    "tech_change_status": "Eligible to Order",
    "program_type": "On-Demand N2P SDU/MDU Simple",
    "target_eligibility_quarter": "NA"
   }
  },
  {
   "type": "Feature",
   "geometry": {
    "type": "Point",
    "coordinates": [
     141.39730614,
     -37.58980374
    ]
   },
   "properties": {
    "name": "74 JACKSON STREET CASTERTON 3311",
    "locID": "LOC000103627103",
    "tech": "FTTN",
    "upgrade": "FTTP_SA",
    "gnaf_pid": "GAVIC420976036",
    "tech_change_status": "Eligible to Order",
    "program_type": "On-Demand N2P SDU/MDU Simple",
    "target_eligibility_quarter": "NA"
   }
  },
  {
   "type": "Feature",
   "geometry": {
    "type": "Point",
    "coordinates": [
     141.40002458,
     -37.58825535
    ]
   },
   "properties": {
    "name": "1 HUTTON STREET CASTERTON 3311",
    "locID": "LOC000030254169",
    "tech": "FTTN",
    "upgrade": "FTTP_SA",
    "gnaf_pid": "GAVIC420976040",
    "tech_change_status": "Eligible to Order",
    "program_type": "On-Demand N2P SDU/MDU Simple",
    "target_eligibility_quarter": "NA"
   }
  },
  {
   "type": "Feature",
   "geometry": {
    "type": "Point",
    "coordinates": [
     141.40476443,
     -37.58674503
    ]
   },
   "properties": {
    "name": "21 MCPHERSON STREET CASTERTON 3311",
    "locID": "LOC000068246213",
    "tech": "FTTN",
    "upgrade": "FTTP_SA",
    "gnaf_pid": "GAVIC420976041",
    "tech_change_status": "Eligible to Order",
    "program_type": "On-Demand N2P SDU/MDU Simple",
    "target_eligibility_quarter": "NA"
   }
  },
  {
   "type": "Feature",
   "geometry": {
    "type": "Point",
    "coordinates": [
     141.39326,
     -37.592437
    ]
   },
   "properties": {
    "name": "50 RUSSELL STREET CASTERTON 3311",
    "locID": "LOC000012105826",
    "tech": "FTTC",
    "upgrade": "FTTP_SA",
    "gnaf_pid": "GAVIC421030932",
    "tech_change_status": "Eligible to Order"
   }
  },
  {
   "type": "Feature",
   "geometry": {
    "type": "Point",
    "coordinates": [
     141.39168649,
     -37.58655703
    ]
   },
   "properties": {
    "name": "21 MCEVOY STREET CASTERTON 3311",
    "locID": "LOC000020313937",
    "tech": "FTTN",
    "upgrade": "FTTP_SA",
    "gnaf_pid": "GAVIC421039023",
    "tech_change_status": "Eligible to Order",
    "program_type": "On-Demand N2P SDU/MDU Simple",
    "target_eligibility_quarter": "NA"
   }
  },
  {
   "type": "Feature",
   "geometry": {
    "type": "Point",
    "coordinates": [
     141.39348054,
     -37.58747662
    ]
   },
   "properties": {
    "name": "17 SILVESTER STREET CASTERTON 3311",
    "locID": "LOC000124694092",
    "tech": "FTTP",
    "upgrade": "FTTP_NA",
    "gnaf_pid": "GAVIC421042551",
    "tech_change_status": "Previous Tech Disconnected",
    "program_type": "On-Demand N2P SDU/MDU Simple",
    "target_eligibility_quarter": "NA"
   }
  },
  {
   "type": "Feature",
   "geometry": {
    "type": "Point",
    "coordinates": [
     141.41490863,
     -37.58464415
    ]
   },
   "properties": {
    "name": "3 WIDDICOMBE STREET CASTERTON 3311",
    "locID": "LOC000062016254",
    "tech": "FTTN",
    "upgrade": "FTTP_SA",
    "gnaf_pid": "GAVIC421044328",
    "tech_change_status": "Eligible to Order",
    "program_type": "On-Demand N2P SDU/MDU Simple",
    "target_eligibility_quarter": "NA"
   }
  },
  {
   "type": "Feature",
   "geometry": {
    "type": "Point",
    "coordinates": [
     141.40128913,
     -37.58415719
    ]
   },
   "properties": {
    "name": "13 ADDISON STREET CASTERTON 3311",
    "locID": "LOC000025097876",
    "tech": "FTTP",
    "upgrade": "FTTP_NA",
    "gnaf_pid": "GAVIC421044330",
    "tech_change_status": "Previous Tech Disconnected",
    "program_type": "On-Demand N2P SDU/MDU Simple",
    "target_eligibility_quarter": "NA"
   }
  },
  {
   "type": "Feature",
   "geometry": {
    "type": "Point",
    "coordinates": [
     141.41316239,
     -37.58528835
    ]
   },
   "properties": {
    "name": "28 ROBERTSON STREET CASTERTON 3311",
    "locID": "LOC000103559951",
    "tech": "FTTN",
    "upgrade": "FTTP_SA",
    "gnaf_pid": "GAVIC421045282",
    "tech_change_status": "Eligible to Order",
    "program_type": "On-Demand N2P SDU/MDU Simple",
    "target_eligibility_quarter": "NA"
   }
  },
  {
   "type": "Feature",
   "geometry": {
    "type": "Point",
    "coordinates": [
     141.39987985,
     -37.58578218
    ]
   },
   "properties": {
    "name": "42 MURRAY STREET CASTERTON 3311",
    "locID": "LOC000073803793",
    "tech": "FTTN",
    "upgrade": "FTTP_SA",
    "gnaf_pid": "GAVIC421058324",
    "tech_change_status": "Eligible to Order",
    "program_type": "On-Demand N2P SDU/MDU Simple",
    "target_eligibility_quarter": "NA"
   }
  },
  {
   "type": "Feature",
   "geometry": {
    "type": "Point",
    "coordinates": [
     141.41354151,
     -37.58557121
    ]
   },
   "properties": {
    "name": "33 ROBERTSON STREET CASTERTON 3311",
    "locID": "LOC000044420280",
    "tech": "FTTP",
    "upgrade": "FTTP_NA",
    "gnaf_pid": "GAVIC421058325",
    "tech_change_status": "Previous Tech Disconnected",
    "program_type": "On-Demand N2P SDU/MDU Simple",
    "target_eligibility_quarter": "NA"
   }
  },
  {
   "type": "Feature",
   "geometry": {
    "type": "Point",
    "coordinates": [
     141.401654,
     -37.587944
    ]
   },
   "properties": {
    "name": "39 JACKSON STREET CASTERTON 3311",
    "locID": "LOC000091466684",
    "tech": "FTTN",
    "upgrade": "FTTP_SA",
    "gnaf_pid": "GAVIC421058329",
    "tech_change_status": "Eligible to Order",
    "program_type": "On-Demand N2P SDU/MDU Simple",
    "target_eligibility_quarter": "NA"
   }
  },
  {
   "type": "Feature",
   "geometry": {
    "type": "Point",
    "coordinates": [
     141.395074,
     -37.590707
    ]
   },
   "properties": {
    "name": "94 JACKSON STREET CASTERTON 3311",
    "locID": "LOC000063579070",
    "tech": "FTTN",
    "upgrade": "FTTP_SA",
    "gnaf_pid": "GAVIC421061810",
    "tech_change_status": "Eligible to Order",
    "program_type": "On-Demand N2P SDU/MDU Simple",
    "target_eligibility_quarter": "NA"
   }
  },
  {
   "type": "Feature",
   "geometry": {
    "type": "Point",
    "coordinates": [
     141.39473454,
     -37.5949142
    ]
   },
   "properties": {
    "name": "4 GAZZARD STREET CASTERTON 3311",
    "locID": "LOC000060217012",
    "tech": "FTTC",
    "upgrade": "FTTP_SA",
    "gnaf_pid": "GAVIC421061812",
    "tech_change_status": "Eligible to Order"
   }
  },
  {
   "type": "Feature",
   "geometry": {
    "type": "Point",
    "coordinates": [
     141.3933383,
     -37.5918605
    ]
   },
   "properties": {
    "name": "56 RUSSELL STREET CASTERTON 3311",
    "locID": "LOC000073512093",
    "tech": "FTTC",
    "upgrade": "FTTP_SA",
    "gnaf_pid": "GAVIC421156122",
    "tech_change_status": "Eligible to Order"
   }
  },
  {
   "type": "Feature",
   "geometry": {
    "type": "Point",
    "coordinates": [
     141.40281124,
     -37.58372495
    ]
   },
   "properties": {
    "name": "42 MCPHERSON STREET CASTERTON 3311",
    "locID": "LOC000124625272",
    "tech": "FTTN",
    "upgrade": "FTTP_SA",
    "gnaf_pid": "GAVIC421156123",
    "tech_change_status": "Eligible to Order",
    "program_type": "On-Demand N2P SDU/MDU Simple",
    "target_eligibility_quarter": "NA"
   }
  },
  {
   "type": "Feature",
   "geometry": {
    "type": "Point",
    "coordinates": [
     141.40265604,
     -37.5835325
    ]
   },
   "properties": {
    "name": "44 MCPHERSON STREET CASTERTON 3311",
    "locID": "LOC000027687942",
    "tech": "FTTP",
    "upgrade": "FTTP_NA",
    "gnaf_pid": "GAVIC421156124",
    "tech_change_status": "Previous Tech Disconnected",
    "program_type": "On-Demand N2P SDU/MDU Simple",
    "target_eligibility_quarter": "NA"
   }
  },
  {
   "type": "Feature",
   "geometry": {
    "type": "Point",
    "coordinates": [
     141.40583864,
     -37.58542128
    ]
   },
   "properties": {
    "name": "4 JACKSON STREET CASTERTON 3311",
    "locID": "LOC000071945380",
    "tech": "FTTP",
    "upgrade": "FTTP_NA",
    "gnaf_pid": "GAVIC421156128",
    "tech_change_status": "Previous Tech Disconnected",
    "program_type": "On-Demand N2P SDU/MDU Simple",
    "target_eligibility_quarter": "NA"
   }
  },
  {
   "type": "Feature",
   "geometry": {
    "type": "Point",
    "coordinates": [
     141.40404122,
     -37.58673609
    ]
   },
   "properties": {
    "name": "25 JACKSON STREET CASTERTON 3311",
    "locID": "LOC000034357631",
    "tech": "FTTP",
    "upgrade": "FTTP_NA",
    "gnaf_pid": "GAVIC421163342",
    "tech_change_status": "Previous Tech Disconnected",
    "program_type": "On-Demand N2P SDU/MDU Simple",
    "target_eligibility_quarter": "NA"
   }
  },
  {
   "type": "Feature",
   "geometry": {
    "type": "Point",
    "coordinates": [
     141.39972783,
     -37.588948
    ]
   },
   "properties": {
    "name": "55-57 JACKSON STREET CASTERTON 3311",
    "locID": "LOC000124629975",
    "tech": "FTTN",
    "upgrade": "FTTP_SA",
    "gnaf_pid": "GAVIC421164179",
    "tech_change_status": "Eligible to Order",
    "program_type": "On-Demand N2P SDU/MDU Simple",
    "target_eligibility_quarter": "NA"
   }
  },
  {
   "type": "Feature",
   "geometry": {
    "type": "Point",
    "coordinates": [
     141.41439049,
     -37.58659833
    ]
   },
   "properties": {
    "name": "28 SHIELS TERRACE CASTERTON 3311",
    "locID": "LOC000088933385",
    "tech": "FTTN",
    "upgrade": "FTTP_SA",
    "gnaf_pid": "GAVIC421175192",
    "tech_change_status": "Eligible to Order",
    "program_type": "On-Demand N2P SDU/MDU Simple",
    "target_eligibility_quarter": "NA"
   }
  },
  {
   "type": "Feature",
   "geometry": {
    "type": "Point",
    "coordinates": [
     141.41373225,
     -37.58438267
    ]
   },
   "properties": {
    "name": "19 ROBERTSON STREET CASTERTON 3311",
    "locID": "LOC000083777548",
    "tech": "FTTN",
    "upgrade": "FTTP_SA",
    "gnaf_pid": "GAVIC421175193",
    "tech_change_status": "Eligible to Order",
    "program_type": "On-Demand N2P SDU/MDU Simple",
    "target_eligibility_quarter": "NA"
   }
  },
  {
   "type": "Feature",
   "geometry": {
    "type": "Point",
    "coordinates": [
     141.41199077,
     -37.59149099
    ]
   },
   "properties": {
    "name": "78 ROBERTSON STREET CASTERTON 3311",
    "locID": "LOC000076008576",
    "tech": "FTTN",
    "upgrade": "FTTP",
    "gnaf_pid": "GAVIC421177791",
    "tech_change_status": "Eligible to Order",
    "program_type": "On-Demand N2P SDU/MDU Simple",
    "target_eligibility_quarter": "NA"
   }
  },
  {
   "type": "Feature",
   "geometry": {
    "type": "Point",
    "coordinates": [
     141.39651299,
     -37.59014667
    ]
   },
   "properties": {
    "name": "82 JACKSON STREET CASTERTON 3311",
    "locID": "LOC000022716862",
    "tech": "FTTN",
    "upgrade": "FTTP_SA",
    "gnaf_pid": "GAVIC421182762",
    "tech_change_status": "Eligible to Order",
    "program_type": "On-Demand N2P SDU/MDU Simple",
    "target_eligibility_quarter": "NA"
   }
  },
  {
   "type": "Feature",
   "geometry": {
    "type": "Point",
    "coordinates": [
     141.40113575,
     -37.58822249
    ]
   },
   "properties": {
    "name": "45 JACKSON STREET CASTERTON 3311",
    "locID": "LOC000002786688",
    "tech": "FTTN",
    "upgrade": "FTTP_SA",
    "gnaf_pid": "GAVIC421182763",
    "tech_change_status": "Eligible to Order",
    "program_type": "On-Demand N2P SDU/MDU Simple",
    "target_eligibility_quarter": "NA"
   }
  },
  {
   "type": "Feature",
   "geometry": {
    "type": "Point",
    "coordinates": [
     141.39992518,
     -37.584473
    ]
   },
   "properties": {
    "name": "27 MCKINLAY STREET CASTERTON 3311",
    "locID": "LOC000034350890",
    "tech": "FTTP",
    "upgrade": "FTTP_NA",
    "gnaf_pid": "GAVIC421182764",
    "tech_change_status": "Previous Tech Disconnected",
    "program_type": "On-Demand N2P SDU/MDU Simple",
    "target_eligibility_quarter": "NA"
   }
  },
  {
   "type": "Feature",
   "geometry": {
    "type": "Point",
    "coordinates": [
     141.39684574,
     -37.58605189
    ]
   },
   "properties": {
    "name": "52 ADDISON STREET CASTERTON 3311",
    "locID": "LOC000067670987",
    "tech": "FTTP",
    "upgrade": "FTTP_NA",
    "gnaf_pid": "GAVIC421182766",
    "tech_change_status": "Previous Tech Disconnected",
    "program_type": "On-Demand N2P SDU/MDU Simple",
    "target_eligibility_quarter": "NA"
   }
  },
  {
   "type": "Feature",
   "geometry": {
    "type": "Point",
    "coordinates": [
     141.39949711,
     -37.58597891
    ]
   },
   "properties": {
    "name": "46 MURRAY STREET CASTERTON 3311",
    "locID": "LOC000020955759",
    "tech": "FTTP",
    "upgrade": "NULL_NA",
    "gnaf_pid": "GAVIC421182769",
    "program_type": "On-Demand N2P SDU/MDU Simple",
    "target_eligibility_quarter": "NA"
   }
  },
  {
   "type": "Feature",
   "geometry": {
    "type": "Point",
    "coordinates": [
     141.39931634,
     -37.586774
    ]
   },
   "properties": {
    "name": "12 HUTTON STREET CASTERTON 3311",
    "locID": "LOC000084797356",
    "tech": "FTTP",
    "upgrade": "FTTP_NA",
    "gnaf_pid": "GAVIC421182770",
    "tech_change_status": "Previous Tech Disconnected",
    "program_type": "On-Demand N2P SDU/MDU Simple",
    "target_eligibility_quarter": "NA"
   }
  },
  {
   "type": "Feature",
   "geometry": {
    "type": "Point",
    "coordinates": [
     141.39516144,
     -37.5859136
    ]
   },
   "properties": {
    "name": "35 MILLER STREET CASTERTON 3311",
    "locID": "LOC000047000881",
    "tech": "FTTP",
    "upgrade": "FTTP_NA",
    "gnaf_pid": "GAVIC421196206",
    "tech_change_status": "Previous Tech Disconnected",
    "program_type": "On-Demand N2P SDU/MDU Simple",
    "target_eligibility_quarter": "NA"
   }
  },
  {
   "type": "Feature",
   "geometry": {
    "type": "Point",
    "coordinates": [
     141.39527412,
     -37.58604922
    ]
   },
   "properties": {
    "name": "33 MILLER STREET CASTERTON 3311",
    "locID": "LOC000044366888",
    "tech": "FTTP",
    "upgrade": "FTTP_NA",
    "gnaf_pid": "GAVIC421196207",
    "tech_change_status": "Previous Tech Disconnected",
    "program_type": "On-Demand N2P SDU/MDU Simple",
    "target_eligibility_quarter": "NA"
   }
  },
  {
   "type": "Feature",
   "geometry": {
    "type": "Point",
    "coordinates": [
     141.3904349,
     -37.58459857
    ]
   },
   "properties": {
    "name": "14 MITCHELL STREET CASTERTON 3311",
    "locID": "LOC000084890345",
    "tech": "FTTN",
    "upgrade": "FTTP_SA",
    "gnaf_pid": "GAVIC421196208",
    "tech_change_status": "Eligible to Order",
    "program_type": "On-Demand N2P SDU/MDU Simple",
    "target_eligibility_quarter": "NA"
   }
  },
  {
   "type": "Feature",
   "geometry": {
    "type": "Point",
    "coordinates": [
     141.39207611,
     -37.5867023
    ]
   },
   "properties": {
    "name": "28-30 MCEVOY STREET CASTERTON 3311",
    "locID": "LOC000124698854",
    "tech": "FTTP",
    "upgrade": "FTTP_NA",
    "gnaf_pid": "GAVIC421196211",
    "tech_change_status": "Previous Tech Disconnected",
    "program_type": "On-Demand N2P SDU/MDU Simple",
    "target_eligibility_quarter": "NA"
   }
  },
  {
   "type": "Feature",
   "geometry": {
    "type": "Point",
    "coordinates": [
     141.4132545,
     -37.5847438
    ]
   },
   "properties": {
    "name": "22 ROBERTSON STREET CASTERTON 3311",
    "locID": "LOC000017040214",
    "tech": "FTTN",
    "upgrade": "FTTP",
    "gnaf_pid": "GAVIC421196248",
    "tech_change_status": "Eligible to Order",
    "program_type": "On-Demand N2P SDU/MDU Simple",
    "target_eligibility_quarter": "NA"
   }
  },
  {
   "type": "Feature",
   "geometry": {
    "type": "Point",
    "coordinates": [
     141.41492456,
     -37.5831041
    ]
   },
   "properties": {
    "name": "10 VIEW STREET CASTERTON 3311",
    "locID": "LOC000028425497",
    "tech": "FTTP",
    "upgrade": "NULL_NA",
    "gnaf_pid": "GAVIC421196249",
    "program_type": "On-Demand N2P SDU/MDU Simple",
    "target_eligibility_quarter": "NA"
   }
  },
  {
   "type": "Feature",
   "geometry": {
    "type": "Point",
    "coordinates": [
     141.4138613,
     -37.58353493
    ]
   },
   "properties": {
    "name": "11 ROBERTSON STREET CASTERTON 3311",
    "locID": "LOC000043381964",
    "tech": "FTTP",
    "upgrade": "FTTP_NA",
    "gnaf_pid": "GAVIC421196250",
    "tech_change_status": "Previous Tech Disconnected",
    "program_type": "On-Demand N2P SDU/MDU Simple",
    "target_eligibility_quarter": "NA"
   }
  },
  {
   "type": "Feature",
   "geometry": {
    "type": "Point",
    "coordinates": [
     141.4177524,
     -37.5841235
    ]
   },
   "properties": {
    "name": "63 SHIELS TERRACE CASTERTON 3311",
    "locID": "LOC000047428345",
    "tech": "FTTP",
    "upgrade": "FTTP_NA",
    "gnaf_pid": "GAVIC421196251",
    "tech_change_status": "Previous Tech Disconnected",
    "program_type": "On-Demand N2P SDU/MDU Simple",
    "target_eligibility_quarter": "NA"
   }
  },
  {
   "type": "Feature",
   "geometry": {
    "type": "Point",
    "coordinates": [
     141.41649038,
     -37.58452295
    ]
   },
   "properties": {
    "name": "55 SHIELS TERRACE CASTERTON 3311",
    "locID": "LOC000040957513",
    "tech": "FTTN",
    "upgrade": "FTTP_SA",
    "gnaf_pid": "GAVIC421196252",
    "tech_change_status": "Eligible to Order",
    "program_type": "On-Demand N2P SDU/MDU Simple",
    "target_eligibility_quarter": "NA"
   }
  },
  {
   "type": "Feature",
   "geometry": {
    "type": "Point",
    "coordinates": [
     141.4149424,
     -37.58297114
    ]
   },
   "properties": {
    "name": "12 VIEW STREET CASTERTON 3311",
    "locID": "LOC000044988377",
    "tech": "FTTN",
    "upgrade": "FTTP",
    "gnaf_pid": "GAVIC421196253",
    "tech_change_status": "Eligible to Order",
    "program_type": "On-Demand N2P SDU/MDU Simple",
    "target_eligibility_quarter": "NA"
   }
  },
  {
   "type": "Feature",
   "geometry": {
    "type": "Point",
    "coordinates": [
     141.41497454,
     -37.58277954
    ]
   },
   "properties": {
    "name": "14 VIEW STREET CASTERTON 3311",
    "locID": "LOC000095399116",
    "tech": "FTTP",
    "upgrade": "FTTP_NA",
    "gnaf_pid": "GAVIC421196254",
    "tech_change_status": "Previous Tech Disconnected",
    "program_type": "On-Demand N2P SDU/MDU Simple",
    "target_eligibility_quarter": "NA"
   }
  },
  {
   "type": "Feature",
   "geometry": {
    "type": "Point",
    "coordinates": [
     141.39082294,
     -37.58496144
    ]
   },
   "properties": {
    "name": "5 MITCHELL STREET CASTERTON 3311",
    "locID": "LOC000027001260",
    "tech": "FTTN",
    "upgrade": "FTTP_SA",
    "gnaf_pid": "GAVIC421199048",
    "tech_change_status": "Eligible to Order",
    "program_type": "On-Demand N2P SDU/MDU Simple",
    "target_eligibility_quarter": "NA"
   }
  },
  {
   "type": "Feature",
   "geometry": {
    "type": "Point",
    "coordinates": [
     141.39218908,
     -37.58584348
    ]
   },
   "properties": {
    "name": "16 MCEVOY STREET CASTERTON 3311",
    "locID": "LOC000002984304",
    "tech": "FTTN",
    "upgrade": "FTTP_SA",
    "gnaf_pid": "GAVIC421199049",
    "tech_change_status": "Eligible to Order",
    "program_type": "On-Demand N2P SDU/MDU Simple",
    "target_eligibility_quarter": "NA"
   }
  },
  {
   "type": "Feature",
   "geometry": {
    "type": "Point",
    "coordinates": [
     141.39301425,
     -37.58571768
    ]
   },
   "properties": {
    "name": "17 LEAKE STREET CASTERTON 3311",
    "locID": "LOC000044617982",
    "tech": "FTTP",
    "upgrade": "FTTP_NA",
    "gnaf_pid": "GAVIC421199051",
    "tech_change_status": "Previous Tech Disconnected",
    "program_type": "On-Demand N2P SDU/MDU Simple",
    "target_eligibility_quarter": "NA"
   }
  },
  {
   "type": "Feature",
   "geometry": {
    "type": "Point",
    "coordinates": [
     141.39189361,
     -37.5945919
    ]
   },
   "properties": {
    "name": "3 ROBERTS STREET CASTERTON 3311",
    "locID": "LOC000034268327",
    "tech": "FTTC",
    "upgrade": "FTTP_SA",
    "gnaf_pid": "GAVIC421200835",
    "tech_change_status": "Eligible to Order"
   }
  },
  {
   "type": "Feature",
   "geometry": {
    "type": "Point",
    "coordinates": [
     141.39158489,
     -37.59456291
    ]
   },
   "properties": {
    "name": "5-7 ROBERTS STREET CASTERTON 3311",
    "locID": "LOC000124629865",
    "tech": "FTTC",
    "upgrade": "FTTP_SA",
    "gnaf_pid": "GAVIC421200836",
    "tech_change_status": "Eligible to Order"
   }
  },
  {
   "type": "Feature",
   "geometry": {
    "type": "Point",
    "coordinates": [
     141.39177195,
     -37.59426088
    ]
   },
   "properties": {
    "name": "6 ROBERTS STREET CASTERTON 3311",
    "locID": "LOC000005321027",
    "tech": "FTTC",
    "upgrade": "FTTP_SA",
    "gnaf_pid": "GAVIC421200837",
    "tech_change_status": "Eligible to Order"
   }
  },
  {
   "type": "Feature",
   "geometry": {
    "type": "Point",
    "coordinates": [
     141.39197152,
     -37.59427325
    ]
   },
   "properties": {
    "name": "4 ROBERTS STREET CASTERTON 3311",
    "locID": "LOC000095216447",
    "tech": "FTTC",
    "upgrade": "FTTP_SA",
    "gnaf_pid": "GAVIC421200838",
    "tech_change_status": "Eligible to Order"
   }
  },
  {
   "type": "Feature",
   "geometry": {
    "type": "Point",
    "coordinates": [
     141.39169275,
     -37.59331884
    ]
   },
   "properties": {
    "name": "23 PEACHEY STREET CASTERTON 3311",
    "locID": "LOC000066042088",
    "tech": "FTTC",
    "upgrade": "FTTP_SA",
    "gnaf_pid": "GAVIC421200839",
    "tech_change_status": "Eligible to Order"
   }
  },
  {
   "type": "Feature",
   "geometry": {
    "type": "Point",
    "coordinates": [
     141.39129916,
     -37.5933045
    ]
   },
   "properties": {
    "name": "27 PEACHEY STREET CASTERTON 3311",
    "locID": "LOC000090832953",
    "tech": "FTTC",
    "upgrade": "FTTP_SA",
    "gnaf_pid": "GAVIC421200840",
    "tech_change_status": "Eligible to Order"
   }
  },
  {
   "type": "Feature",
   "geometry": {
    "type": "Point",
    "coordinates": [
     141.3923045,
     -37.59307013
    ]
   },
   "properties": {
    "name": "16 PEACHEY STREET CASTERTON 3311",
    "locID": "LOC000040932092",
    "tech": "FTTC",
    "upgrade": "FTTP_SA",
    "gnaf_pid": "GAVIC421200841",
    "tech_change_status": "Eligible to Order"
   }
  },
  {
   "type": "Feature",
   "geometry": {
    "type": "Point",
    "coordinates": [
     141.3929746,
     -37.5943927
    ]
   },
   "properties": {
    "name": "28 RUSSELL STREET CASTERTON 3311",
    "locID": "LOC000030983221",
    "tech": "FTTP",
    "upgrade": "NULL_NA",
    "gnaf_pid": "GAVIC421200842"
   }
  },
  {
   "type": "Feature",
   "geometry": {
    "type": "Point",
    "coordinates": [
     141.39128359,
     -37.58948885
    ]
   },
   "properties": {
    "name": "39 CARMICHAEL STREET CASTERTON 3311",
    "locID": "LOC000018650017",
    "tech": "FTTN",
    "upgrade": "FTTP_SA",
    "gnaf_pid": "GAVIC421200845",
    "tech_change_status": "Eligible to Order",
    "program_type": "On-Demand N2P SDU/MDU Simple",
    "target_eligibility_quarter": "NA"
   }
  },
  {
   "type": "Feature",
   "geometry": {
    "type": "Point",
    "coordinates": [
     141.39107085,
     -37.59089864
    ]
   },
   "properties": {
    "name": "23 CARMICHAEL STREET CASTERTON 3311",
    "locID": "LOC000091375204",
    "tech": "FTTP",
    "upgrade": "FTTP_NA",
    "gnaf_pid": "GAVIC421200846",
    "tech_change_status": "Previous Tech Disconnected",
    "program_type": "On-Demand N2P SDU/MDU Simple",
    "target_eligibility_quarter": "NA"
   }
  },
  {
   "type": "Feature",
   "geometry": {
    "type": "Point",
    "coordinates": [
     141.39099309,
     -37.59148093
    ]
   },
   "properties": {
    "name": "19 CARMICHAEL STREET CASTERTON 3311",
    "locID": "LOC000026152914",
    "tech": "FTTN",
    "upgrade": "FTTP_SA",
    "gnaf_pid": "GAVIC421200847",
    "tech_change_status": "Eligible to Order",
    "program_type": "On-Demand N2P SDU/MDU Simple",
    "target_eligibility_quarter": "NA"
   }
  },
  {
   "type": "Feature",
   "geometry": {
    "type": "Point",
    "coordinates": [
     141.40615065,
     -37.58564623
    ]
   },
   "properties": {
    "name": "1-7 JACKSON STREET CASTERTON 3311",
    "locID": "LOC000124685109",
    "tech": "FTTN",
    "upgrade": "FTTP_SA",
    "gnaf_pid": "GAVIC421203226",
    "tech_change_status": "Eligible to Order",
    "program_type": "On-Demand N2P SDU/MDU Simple",
    "target_eligibility_quarter": "NA"
   }
  },
  {
   "type": "Feature",
   "geometry": {
    "type": "Point",
    "coordinates": [
     141.38831202,
     -37.5940803
    ]
   },
   "properties": {
    "name": "27 ROBERTS STREET CASTERTON 3311",
    "locID": "LOC000033508664",
    "tech": "FTTC",
    "upgrade": "FTTP_SA",
    "gnaf_pid": "GAVIC421204315",
    "tech_change_status": "Eligible to Order"
   }
  },
  {
   "type": "Feature",
   "geometry": {
    "type": "Point",
    "coordinates": [
     141.39091328,
     -37.59448966
    ]
   },
   "properties": {
    "name": "13 ROBERTS STREET CASTERTON 3311",
    "locID": "LOC000095249435",
    "tech": "FTTC",
    "upgrade": "FTTP_SA",
    "gnaf_pid": "GAVIC421204316",
    "tech_change_status": "Eligible to Order"
   }
  },
  {
   "type": "Feature",
   "geometry": {
    "type": "Point",
    "coordinates": [
     141.39027628,
     -37.59252866
    ]
   },
   "properties": {
    "name": "7 CARMICHAEL STREET CASTERTON 3311",
    "locID": "LOC000009486851",
    "tech": "FTTN",
    "upgrade": "FTTP_SA",
    "gnaf_pid": "GAVIC421204318",
    "tech_change_status": "Eligible to Order",
    "program_type": "On-Demand N2P SDU/MDU Simple",
    "target_eligibility_quarter": "NA"
   }
  },
  {
   "type": "Feature",
   "geometry": {
    "type": "Point",
    "coordinates": [
     141.38814759,
     -37.59232905
    ]
   },
   "properties": {
    "name": "21 GEORGE STREET CASTERTON 3311",
    "locID": "LOC000046082659",
    "tech": "FTTN",
    "upgrade": "FTTP_SA",
    "gnaf_pid": "GAVIC421204319",
    "tech_change_status": "Eligible to Order",
    "program_type": "On-Demand N2P SDU/MDU Simple",
    "target_eligibility_quarter": "NA"
   }
  },
  {
   "type": "Feature",
   "geometry": {
    "type": "Point",
    "coordinates": [
     141.38877308,
     -37.59211415
    ]
   },
   "properties": {
    "name": "22 GEORGE STREET CASTERTON 3311",
    "locID": "LOC000060674977",
    "tech": "FTTP",
    "upgrade": "FTTP_NA",
    "gnaf_pid": "GAVIC421204320",
    "tech_change_status": "Previous Tech Disconnected",
    "program_type": "On-Demand N2P SDU/MDU Simple",
    "target_eligibility_quarter": "NA"
   }
  },
  {
   "type": "Feature",
   "geometry": {
    "type": "Point",
    "coordinates": [
     141.40099923,
     -37.58300165
    ]
   },
   "properties": {
    "name": "5-7 KIRBY STREET CASTERTON 3311",
    "locID": "LOC000124629854",
    "tech": "FTTP",
    "upgrade": "FTTP_NA",
    "gnaf_pid": "GAVIC421207909",
    "tech_change_status": "Previous Tech Disconnected",
    "program_type": "On-Demand N2P SDU/MDU Simple",
    "target_eligibility_quarter": "NA"
   }
  },
  {
   "type": "Feature",
   "geometry": {
    "type": "Point",
    "coordinates": [
     141.39026576,
     -37.5911683
    ]
   },
   "properties": {
    "name": "5 ROSE STREET CASTERTON 3311",
    "locID": "LOC000041078143",
    "tech": "FTTN",
    "upgrade": "FTTP_SA",
    "gnaf_pid": "GAVIC421212041",
    "tech_change_status": "Eligible to Order",
    "program_type": "On-Demand N2P SDU/MDU Simple",
    "target_eligibility_quarter": "NA"
   }
  },
  {
   "type": "Feature",
   "geometry": {
    "type": "Point",
    "coordinates": [
     141.39188968,
     -37.58507938
    ]
   },
   "properties": {
    "name": "7 MCEVOY STREET CASTERTON 3311",
    "locID": "LOC000030196617",
    "tech": "FTTN",
    "upgrade": "FTTP_SA",
    "gnaf_pid": "GAVIC421212042",
    "tech_change_status": "Eligible to Order",
    "program_type": "On-Demand N2P SDU/MDU Simple",
    "target_eligibility_quarter": "NA"
   }
  },
  {
   "type": "Feature",
   "geometry": {
    "type": "Point",
    "coordinates": [
     141.40335068,
     -37.5867034
    ]
   },
   "properties": {
    "name": "28 JACKSON STREET CASTERTON 3311",
    "locID": "LOC000090097815",
    "tech": "FTTN",
    "upgrade": "FTTP",
    "gnaf_pid": "GAVIC421221058",
    "tech_change_status": "Eligible to Order",
    "program_type": "On-Demand N2P SDU/MDU Simple",
    "target_eligibility_quarter": "NA"
   }
  },
  {
   "type": "Feature",
   "geometry": {
    "type": "Point",
    "coordinates": [
     141.39005428,
     -37.59309264
    ]
   },
   "properties": {
    "name": "30-32 PEACHEY STREET CASTERTON 3311",
    "locID": "LOC000124625077",
    "tech": "FTTN",
    "upgrade": "FTTP_SA",
    "gnaf_pid": "GAVIC421225003",
    "tech_change_status": "Eligible to Order",
    "program_type": "On-Demand N2P SDU/MDU Simple",
    "target_eligibility_quarter": "NA"
   }
  },
  {
   "type": "Feature",
   "geometry": {
    "type": "Point",
    "coordinates": [
     141.39396355,
     -37.593551
    ]
   },
   "properties": {
    "name": "9 PEACHEY STREET CASTERTON 3311",
    "locID": "LOC000016898025",
    "tech": "FTTC",
    "upgrade": "FTTP_SA",
    "gnaf_pid": "GAVIC421225004",
    "tech_change_status": "Eligible to Order"
   }
  },
  {
   "type": "Feature",
   "geometry": {
    "type": "Point",
    "coordinates": [
     141.39210893,
     -37.58645286
    ]
   },
   "properties": {
    "name": "24-26 MCEVOY STREET CASTERTON 3311",
    "locID": "LOC000124698751",
    "tech": "FTTN",
    "upgrade": "FTTP_SA",
    "gnaf_pid": "GAVIC421225005",
    "tech_change_status": "Eligible to Order",
    "program_type": "On-Demand N2P SDU/MDU Simple",
    "target_eligibility_quarter": "NA"
   }
  },
  {
   "type": "Feature",
   "geometry": {
    "type": "Point",
    "coordinates": [
     141.40198292,
     -37.58740558
    ]
   },
   "properties": {
    "name": "UNIT 2, 34 JACKSON STREET CASTERTON 3311",
    "locID": "LOC000124685034",
    "tech": "FTTN",
    "upgrade": "FTTP_SA",
    "gnaf_pid": "GAVIC421225006",
    "tech_change_status": "Eligible to Order",
    "program_type": "On-Demand N2P SDU/MDU Simple",
    "target_eligibility_quarter": "NA"
   }
  },
  {
   "type": "Feature",
   "geometry": {
    "type": "Point",
    "coordinates": [
     141.40607011,
     -37.5883539
    ]
   },
   "properties": {
    "name": "3 MCPHERSON STREET CASTERTON 3311",
    "locID": "LOC000013855413",
    "tech": "FTTP",
    "upgrade": "FTTP_NA",
    "gnaf_pid": "GAVIC421249208",
    "tech_change_status": "Previous Tech Disconnected",
    "program_type": "On-Demand N2P SDU/MDU Simple",
    "target_eligibility_quarter": "NA"
   }
  },
  {
   "type": "Feature",
   "geometry": {
    "type": "Point",
    "coordinates": [
     141.40590308,
     -37.58814788
    ]
   },
   "properties": {
    "name": "5 MCPHERSON STREET CASTERTON 3311",
    "locID": "LOC000022146662",
    "tech": "FTTN",
    "upgrade": "FTTP_SA",
    "gnaf_pid": "GAVIC421249209",
    "tech_change_status": "Eligible to Order",
    "program_type": "On-Demand N2P SDU/MDU Simple",
    "target_eligibility_quarter": "NA"
   }
  },
  {
   "type": "Feature",
   "geometry": {
    "type": "Point",
    "coordinates": [
     141.39400485,
     -37.59322781
    ]
   },
   "properties": {
    "name": "12 PEACHEY STREET CASTERTON 3311",
    "locID": "LOC000082101469",
    "tech": "FTTC",
    "upgrade": "FTTP_SA",
    "gnaf_pid": "GAVIC421253967",
    "tech_change_status": "Eligible to Order"
   }
  },
  {
   "type": "Feature",
   "geometry": {
    "type": "Point",
    "coordinates": [
     141.39747316,
     -37.58614464
    ]
   },
   "properties": {
    "name": "47 ADDISON STREET CASTERTON 3311",
    "locID": "LOC000006875597",
    "tech": "FTTN",
    "upgrade": "FTTP_SA",
    "gnaf_pid": "GAVIC421261332",
    "tech_change_status": "Eligible to Order",
    "program_type": "On-Demand N2P SDU/MDU Simple",
    "target_eligibility_quarter": "NA"
   }
  },
  {
   "type": "Feature",
   "geometry": {
    "type": "Point",
    "coordinates": [
     141.40544274,
     -37.5856245
    ]
   },
   "properties": {
    "name": "8 JACKSON STREET CASTERTON 3311",
    "locID": "LOC000032643660",
    "tech": "FTTN",
    "upgrade": "FTTP",
    "gnaf_pid": "GAVIC421261335",
    "tech_change_status": "Eligible to Order",
    "program_type": "On-Demand N2P SDU/MDU Simple",
    "target_eligibility_quarter": "NA"
   }
  },
  {
   "type": "Feature",
   "geometry": {
    "type": "Point",
    "coordinates": [
     141.39610581,
     -37.59031193
    ]
   },
   "properties": {
    "name": "86 JACKSON STREET CASTERTON 3311",
    "locID": "LOC000101666247",
    "tech": "FTTN",
    "upgrade": "FTTP_SA",
    "gnaf_pid": "GAVIC421264162",
    "tech_change_status": "Eligible to Order",
    "program_type": "On-Demand N2P SDU/MDU Simple",
    "target_eligibility_quarter": "NA"
   }
  },
  {
   "type": "Feature",
   "geometry": {
    "type": "Point",
    "coordinates": [
     141.39182234,
     -37.58554025
    ]
   },
   "properties": {
    "name": "11 MCEVOY STREET CASTERTON 3311",
    "locID": "LOC000124685197",
    "tech": "FTTP",
    "upgrade": "FTTP_NA",
    "gnaf_pid": "GAVIC421264498",
    "tech_change_status": "Previous Tech Disconnected",
    "program_type": "On-Demand N2P SDU/MDU Simple",
    "target_eligibility_quarter": "NA"
   }
  },
  {
   "type": "Feature",
   "geometry": {
    "type": "Point",
    "coordinates": [
     141.3960019,
     -37.59138338
    ]
   },
   "properties": {
    "name": "2 HARGREAVES COURT CASTERTON 3311",
    "locID": "LOC000026909419",
    "tech": "FTTP",
    "upgrade": "FTTP_NA",
    "gnaf_pid": "GAVIC421264499",
    "tech_change_status": "Previous Tech Disconnected",
    "program_type": "On-Demand N2P SDU/MDU Simple",
    "target_eligibility_quarter": "NA"
   }
  },
  {
   "type": "Feature",
   "geometry": {
    "type": "Point",
    "coordinates": [
     141.39569713,
     -37.59047278
    ]
   },
   "properties": {
    "name": "88 JACKSON STREET CASTERTON 3311",
    "locID": "LOC000010204480",
    "tech": "FTTN",
    "upgrade": "FTTP_SA",
    "gnaf_pid": "GAVIC421270195",
    "tech_change_status": "Eligible to Order",
    "program_type": "On-Demand N2P SDU/MDU Simple",
    "target_eligibility_quarter": "NA"
   }
  },
  {
   "type": "Feature",
   "geometry": {
    "type": "Point",
    "coordinates": [
     141.39489065,
     -37.59077768
    ]
   },
   "properties": {
    "name": "96 JACKSON STREET CASTERTON 3311",
    "locID": "LOC000020507766",
    "tech": "FTTP",
    "upgrade": "FTTP_NA",
    "gnaf_pid": "GAVIC421270196",
    "tech_change_status": "Previous Tech Disconnected",
    "program_type": "On-Demand N2P SDU/MDU Simple",
    "target_eligibility_quarter": "NA"
   }
  },
  {
   "type": "Feature",
   "geometry": {
    "type": "Point",
    "coordinates": [
     141.39466324,
     -37.59086024
    ]
   },
   "properties": {
    "name": "98 JACKSON STREET CASTERTON 3311",
    "locID": "LOC000101484479",
    "tech": "FTTN",
    "upgrade": "FTTP",
    "gnaf_pid": "GAVIC421270198",
    "tech_change_status": "Eligible to Order",
    "program_type": "On-Demand N2P SDU/MDU Simple",
    "target_eligibility_quarter": "NA"
   }
  },
  {
   "type": "Feature",
   "geometry": {
    "type": "Point",
    "coordinates": [
     141.39991215,
     -37.58811616
    ]
   },
   "properties": {
    "name": "3 HUTTON STREET CASTERTON 3311",
    "locID": "LOC000054219334",
    "tech": "FTTN",
    "upgrade": "FTTP_SA",
    "gnaf_pid": "GAVIC421270201",
    "tech_change_status": "Eligible to Order",
    "program_type": "On-Demand N2P SDU/MDU Simple",
    "target_eligibility_quarter": "NA"
   }
  },
  {
   "type": "Feature",
   "geometry": {
    "type": "Point",
    "coordinates": [
     141.40222531,
     -37.58766644
    ]
   },
   "properties": {
    "name": "33 JACKSON STREET CASTERTON 3311",
    "locID": "LOC000083715974",
    "tech": "FTTP",
    "upgrade": "FTTP_NA",
    "gnaf_pid": "GAVIC421270202",
    "tech_change_status": "Previous Tech Disconnected",
    "program_type": "On-Demand N2P SDU/MDU Simple",
    "target_eligibility_quarter": "NA"
   }
  },
  {
   "type": "Feature",
   "geometry": {
    "type": "Point",
    "coordinates": [
     141.39677402,
     -37.59058936
    ]
   },
   "properties": {
    "name": "UNIT 3, 85 JACKSON STREET CASTERTON 3311",
    "locID": "LOC000056294666",
    "tech": "FTTN",
    "upgrade": "NULL_NA",
    "gnaf_pid": "GAVIC421270203",
    "tech_change_status": "Not Planned"
   }
  },
  {
   "type": "Feature",
   "geometry": {
    "type": "Point",
    "coordinates": [
     141.39677402,
     -37.59058936
    ]
   },
   "properties": {
    "name": "UNIT 5, 85 JACKSON STREET CASTERTON 3311",
    "locID": "LOC000056687028",
    "tech": "FTTN",
    "upgrade": "NULL_NA",
    "gnaf_pid": "GAVIC421270204",
    "tech_change_status": "Not Planned"
   }
  },
  {
   "type": "Feature",
   "geometry": {
    "type": "Point",
    "coordinates": [
     141.39615905,
     -37.58551904
    ]
   },
   "properties": {
    "name": "53 KIRBY STREET CASTERTON 3311",
    "locID": "LOC000034686252",
    "tech": "FTTP",
    "upgrade": "FTTP_NA",
    "gnaf_pid": "GAVIC421270206",
    "tech_change_status": "Previous Tech Disconnected",
    "program_type": "On-Demand N2P SDU/MDU Simple",
    "target_eligibility_quarter": "NA"
   }
  },
  {
   "type": "Feature",
   "geometry": {
    "type": "Point",
    "coordinates": [
     141.40146112,
     -37.58735106
    ]
   },
   "properties": {
    "name": "9 MCKINLAY STREET CASTERTON 3311",
    "locID": "LOC000027026125",
    "tech": "FTTN",
    "upgrade": "FTTP_SA",
    "gnaf_pid": "GAVIC421270207",
    "tech_change_status": "Eligible to Order",
    "program_type": "On-Demand N2P SDU/MDU Simple",
    "target_eligibility_quarter": "NA"
   }
  },
  {
   "type": "Feature",
   "geometry": {
    "type": "Point",
    "coordinates": [
     141.39834225,
     -37.58617954
    ]
   },
   "properties": {
    "name": "19 HUTTON STREET CASTERTON 3311",
    "locID": "LOC000006244802",
    "tech": "FTTN",
    "upgrade": "FTTP_SA",
    "gnaf_pid": "GAVIC421270208",
    "tech_change_status": "Eligible to Order",
    "program_type": "On-Demand N2P SDU/MDU Simple",
    "target_eligibility_quarter": "NA"
   }
  },
  {
   "type": "Feature",
   "geometry": {
    "type": "Point",
    "coordinates": [
     141.39518831,
     -37.5927678
    ]
   },
   "properties": {
    "name": "6 QUEEN STREET CASTERTON 3311",
    "locID": "LOC000007023302",
    "tech": "FTTC",
    "upgrade": "FTTP_SA",
    "gnaf_pid": "GAVIC421272282",
    "tech_change_status": "Eligible to Order"
   }
  },
  {
   "type": "Feature",
   "geometry": {
    "type": "Point",
    "coordinates": [
     141.39321389,
     -37.59290104
    ]
   },
   "properties": {
    "name": "42 RUSSELL STREET CASTERTON 3311",
    "locID": "LOC000079074760",
    "tech": "FTTP",
    "upgrade": "NULL_NA",
    "gnaf_pid": "GAVIC421277727"
   }
  },
  {
   "type": "Feature",
   "geometry": {
    "type": "Point",
    "coordinates": [
     141.39503462,
     -37.59304145
    ]
   },
   "properties": {
    "name": "2 QUEEN STREET CASTERTON 3311",
    "locID": "LOC000070651867",
    "tech": "FTTC",
    "upgrade": "FTTP_SA",
    "gnaf_pid": "GAVIC421277728",
    "tech_change_status": "Eligible to Order"
   }
  },
  {
   "type": "Feature",
   "geometry": {
    "type": "Point",
    "coordinates": [
     141.39548336,
     -37.59054926
    ]
   },
   "properties": {
    "name": "90 JACKSON STREET CASTERTON 3311",
    "locID": "LOC000059379739",
    "tech": "FTTN",
    "upgrade": "FTTP_NA",
    "gnaf_pid": "GAVIC421311044",
    "tech_change_status": "MDU Complex Eligible To Apply",
    "program_type": "Customer-initiated N2P MDU Complex"
   }
  },
  {
   "type": "Feature",
   "geometry": {
    "type": "Point",
    "coordinates": [
     141.394245,
     -37.591032
    ]
   },
   "properties": {
    "name": "102 JACKSON STREET CASTERTON 3311",
    "locID": "LOC000105702249",
    "tech": "FTTN",
    "upgrade": "FTTP_SA",
    "gnaf_pid": "GAVIC421311047",
    "tech_change_status": "Eligible to Order",
    "program_type": "On-Demand N2P SDU/MDU Simple",
    "target_eligibility_quarter": "NA"
   }
  },
  {
   "type": "Feature",
   "geometry": {
    "type": "Point",
    "coordinates": [
     141.41525604,
     -37.58467525
    ]
   },
   "properties": {
    "name": "7 WIDDICOMBE STREET CASTERTON 3311",
    "locID": "LOC000031035508",
    "tech": "FTTN",
    "upgrade": "FTTP",
    "gnaf_pid": "GAVIC421325833",
    "tech_change_status": "Eligible to Order",
    "program_type": "On-Demand N2P SDU/MDU Simple",
    "target_eligibility_quarter": "NA"
   }
  },
  {
   "type": "Feature",
   "geometry": {
    "type": "Point",
    "coordinates": [
     141.40226768,
     -37.5870756
    ]
   },
   "properties": {
    "name": "32 JACKSON STREET CASTERTON 3311",
    "locID": "LOC000046317928",
    "tech": "FTTN",
    "upgrade": "FTTP_SA",
    "gnaf_pid": "GAVIC421326810",
    "tech_change_status": "Eligible to Order",
    "program_type": "On-Demand N2P SDU/MDU Simple",
    "target_eligibility_quarter": "NA"
   }
  },
  {
   "type": "Feature",
   "geometry": {
    "type": "Point",
    "coordinates": [
     141.391712,
     -37.586331
    ]
   },
   "properties": {
    "name": "19 MCEVOY STREET CASTERTON 3311",
    "locID": "LOC000033024032",
    "tech": "FTTN",
    "upgrade": "FTTP_SA",
    "gnaf_pid": "GAVIC421355627",
    "tech_change_status": "Eligible to Order",
    "program_type": "On-Demand N2P SDU/MDU Simple",
    "target_eligibility_quarter": "NA"
   }
  },
  {
   "type": "Feature",
   "geometry": {
    "type": "Point",
    "coordinates": [
     141.393023,
     -37.594031
    ]
   },
   "properties": {
    "name": "32 RUSSELL STREET CASTERTON 3311",
    "locID": "LOC000042123943",
    "tech": "FTTC",
    "upgrade": "FTTP_SA",
    "gnaf_pid": "GAVIC421355631",
    "tech_change_status": "Eligible to Order"
   }
  },
  {
   "type": "Feature",
   "geometry": {
    "type": "Point",
    "coordinates": [
     141.3936889,
     -37.59319899
    ]
   },
   "properties": {
    "name": "14 PEACHEY STREET CASTERTON 3311",
    "locID": "LOC000087549831",
    "tech": "FTTC",
    "upgrade": "FTTP_SA",
    "gnaf_pid": "GAVIC421402034",
    "tech_change_status": "Eligible to Order"
   }
  },
  {
   "type": "Feature",
   "geometry": {
    "type": "Point",
    "coordinates": [
     141.39712252,
     -37.58463997
    ]
   },
   "properties": {
    "name": "42-52 KIRBY STREET CASTERTON 3311",
    "locID": "LOC000124625303",
    "tech": "FTTP",
    "upgrade": "FTTP_NA",
    "gnaf_pid": "GAVIC421429493",
    "tech_change_status": "Previous Tech Disconnected",
    "program_type": "On-Demand N2P SDU/MDU Simple",
    "target_eligibility_quarter": "NA"
   }
  },
  {
   "type": "Feature",
   "geometry": {
    "type": "Point",
    "coordinates": [
     141.39535905,
     -37.58550225
    ]
   },
   "properties": {
    "name": "60 KIRBY STREET CASTERTON 3311",
    "locID": "LOC000100275914",
    "tech": "FTTP",
    "upgrade": "FTTP_NA",
    "gnaf_pid": "GAVIC421429494",
    "tech_change_status": "Previous Tech Disconnected",
    "program_type": "On-Demand N2P SDU/MDU Simple",
    "target_eligibility_quarter": "NA"
   }
  },
  {
   "type": "Feature",
   "geometry": {
    "type": "Point",
    "coordinates": [
     141.39531911,
     -37.59578563
    ]
   },
   "properties": {
    "name": "12 STARK STREET CASTERTON 3311",
    "locID": "LOC000124689555",
    "tech": "FTTP",
    "upgrade": "FTTP_NA",
    "gnaf_pid": "GAVIC421451127",
    "tech_change_status": "Previous Tech Disconnected",
    "program_type": "On-Demand N2P SDU/MDU Simple",
    "target_eligibility_quarter": "NA"
   }
  },
  {
   "type": "Feature",
   "geometry": {
    "type": "Point",
    "coordinates": [
     141.39632663,
     -37.58540818
    ]
   },
   "properties": {
    "name": "51 KIRBY STREET CASTERTON 3311",
    "locID": "LOC000037030112",
    "tech": "FTTP",
    "upgrade": "FTTP_NA",
    "gnaf_pid": "GAVIC421451335",
    "tech_change_status": "Previous Tech Disconnected",
    "program_type": "On-Demand N2P SDU/MDU Simple",
    "target_eligibility_quarter": "NA"
   }
  },
  {
   "type": "Feature",
   "geometry": {
    "type": "Point",
    "coordinates": [
     141.3996891,
     -37.58588024
    ]
   },
   "properties": {
    "name": "44 MURRAY STREET CASTERTON 3311",
    "locID": "LOC000108449136",
    "tech": "FTTN",
    "upgrade": "FTTP",
    "gnaf_pid": "GAVIC421451336",
    "tech_change_status": "Eligible to Order",
    "program_type": "On-Demand N2P SDU/MDU Simple",
    "target_eligibility_quarter": "NA"
   }
  },
  {
   "type": "Feature",
   "geometry": {
    "type": "Point",
    "coordinates": [
     141.39740959,
     -37.58573985
    ]
   },
   "properties": {
    "name": "46 ADDISON STREET CASTERTON 3311",
    "locID": "LOC000097278969",
    "tech": "FTTN",
    "upgrade": "FTTP_SA",
    "gnaf_pid": "GAVIC421451338",
    "tech_change_status": "Eligible to Order",
    "program_type": "On-Demand N2P SDU/MDU Simple",
    "target_eligibility_quarter": "NA"
   }
  },
  {
   "type": "Feature",
   "geometry": {
    "type": "Point",
    "coordinates": [
     141.41492855,
     -37.58620204
    ]
   },
   "properties": {
    "name": "36 SHIELS TERRACE CASTERTON 3311",
    "locID": "LOC000052519768",
    "tech": "FTTN",
    "upgrade": "FTTP_SA",
    "gnaf_pid": "GAVIC421455063",
    "tech_change_status": "Eligible to Order",
    "program_type": "On-Demand N2P SDU/MDU Simple",
    "target_eligibility_quarter": "NA"
   }
  },
  {
   "type": "Feature",
   "geometry": {
    "type": "Point",
    "coordinates": [
     141.41603511,
     -37.58537425
    ]
   },
   "properties": {
    "name": "48-50 SHIELS TERRACE CASTERTON 3311",
    "locID": "LOC000124629780",
    "tech": "FTTP",
    "upgrade": "FTTP_NA",
    "gnaf_pid": "GAVIC421455064",
    "tech_change_status": "Previous Tech Disconnected",
    "program_type": "On-Demand N2P SDU/MDU Simple",
    "target_eligibility_quarter": "NA"
   }
  },
  {
   "type": "Feature",
   "geometry": {
    "type": "Point",
    "coordinates": [
     141.41378547,
     -37.58411615
    ]
   },
   "properties": {
    "name": "17 ROBERTSON STREET CASTERTON 3311",
    "locID": "LOC000006012707",
    "tech": "FTTN",
    "upgrade": "FTTP_SA",
    "gnaf_pid": "GAVIC421455065",
    "tech_change_status": "Eligible to Order",
    "program_type": "On-Demand N2P SDU/MDU Simple",
    "target_eligibility_quarter": "NA"
   }
  },
  {
   "type": "Feature",
   "geometry": {
    "type": "Point",
    "coordinates": [
     141.39384048,
     -37.59118103
    ]
   },
   "properties": {
    "name": "106 JACKSON STREET CASTERTON 3311",
    "locID": "LOC000043159046",
    "tech": "FTTN",
    "upgrade": "FTTP_SA",
    "gnaf_pid": "GAVIC421461323",
    "tech_change_status": "Eligible to Order",
    "program_type": "On-Demand N2P SDU/MDU Simple",
    "target_eligibility_quarter": "NA"
   }
  },
  {
   "type": "Feature",
   "geometry": {
    "type": "Point",
    "coordinates": [
     141.3974377,
     -37.59012013
    ]
   },
   "properties": {
    "name": "77 JACKSON STREET CASTERTON 3311",
    "locID": "LOC000050300895",
    "tech": "FTTP",
    "upgrade": "FTTP_NA",
    "gnaf_pid": "GAVIC421466209",
    "tech_change_status": "Previous Tech Disconnected",
    "program_type": "On-Demand N2P SDU/MDU Simple",
    "target_eligibility_quarter": "NA"
   }
  },
  {
   "type": "Feature",
   "geometry": {
    "type": "Point",
    "coordinates": [
     141.39630914,
     -37.59022659
    ]
   },
   "properties": {
    "name": "84 JACKSON STREET CASTERTON 3311",
    "locID": "LOC000079979189",
    "tech": "FTTN",
    "upgrade": "FTTP_SA",
    "gnaf_pid": "GAVIC421466210",
    "tech_change_status": "Eligible to Order",
    "program_type": "On-Demand N2P SDU/MDU Simple",
    "target_eligibility_quarter": "NA"
   }
  },
  {
   "type": "Feature",
   "geometry": {
    "type": "Point",
    "coordinates": [
     141.40068777,
     -37.58575637
    ]
   },
   "properties": {
    "name": "37 MURRAY STREET CASTERTON 3311",
    "locID": "LOC000062011113",
    "tech": "FTTN",
    "upgrade": "FTTP_SA",
    "gnaf_pid": "GAVIC421484240",
    "tech_change_status": "Eligible to Order",
    "program_type": "On-Demand N2P SDU/MDU Simple",
    "target_eligibility_quarter": "NA"
   }
  },
  {
   "type": "Feature",
   "geometry": {
    "type": "Point",
    "coordinates": [
     141.39011875,
     -37.59441916
    ]
   },
   "properties": {
    "name": "17-19 ROBERTS STREET CASTERTON 3311",
    "locID": "LOC000109225236",
    "tech": "FTTC",
    "upgrade": "FTTP_SA",
    "gnaf_pid": "GAVIC421491395",
    "tech_change_status": "Eligible to Order"
   }
  },
  {
   "type": "Feature",
   "geometry": {
    "type": "Point",
    "coordinates": [
     141.39230029,
     -37.5870349
    ]
   },
   "properties": {
    "name": "30-32 SILVESTER STREET CASTERTON 3311",
    "locID": "LOC000124625083",
    "tech": "FTTN",
    "upgrade": "FTTP_SA",
    "gnaf_pid": "GAVIC421493672",
    "tech_change_status": "Eligible to Order",
    "program_type": "On-Demand N2P SDU/MDU Simple",
    "target_eligibility_quarter": "NA"
   }
  },
  {
   "type": "Feature",
   "geometry": {
    "type": "Point",
    "coordinates": [
     141.39451523,
     -37.58723351
    ]
   },
   "properties": {
    "name": "8 SILVESTER STREET CASTERTON 3311",
    "locID": "LOC000070353755",
    "tech": "FTTN",
    "upgrade": "FTTP_SA",
    "gnaf_pid": "GAVIC421493673",
    "tech_change_status": "Eligible to Order",
    "program_type": "On-Demand N2P SDU/MDU Simple",
    "target_eligibility_quarter": "NA"
   }
  },
  {
   "type": "Feature",
   "geometry": {
    "type": "Point",
    "coordinates": [
     141.39330837,
     -37.58712565
    ]
   },
   "properties": {
    "name": "22 SILVESTER STREET CASTERTON 3311",
    "locID": "LOC000034818511",
    "tech": "FTTP",
    "upgrade": "FTTP_NA",
    "gnaf_pid": "GAVIC421493674",
    "tech_change_status": "Previous Tech Disconnected",
    "program_type": "On-Demand N2P SDU/MDU Simple",
    "target_eligibility_quarter": "NA"
   }
  },
  {
   "type": "Feature",
   "geometry": {
    "type": "Point",
    "coordinates": [
     141.3921499,
     -37.58614129
    ]
   },
   "properties": {
    "name": "18-22 MCEVOY STREET CASTERTON 3311",
    "locID": "LOC000124694156",
    "tech": "FTTN",
    "upgrade": "FTTP_SA",
    "gnaf_pid": "GAVIC421493675",
    "tech_change_status": "Eligible to Order",
    "program_type": "On-Demand N2P SDU/MDU Simple",
    "target_eligibility_quarter": "NA"
   }
  },
  {
   "type": "Feature",
   "geometry": {
    "type": "Point",
    "coordinates": [
     141.39570883,
     -37.58662121
    ]
   },
   "properties": {
    "name": "25 MILLER STREET CASTERTON 3311",
    "locID": "LOC000051701818",
    "tech": "FTTP",
    "upgrade": "FTTP_NA",
    "gnaf_pid": "GAVIC421493682",
    "tech_change_status": "Previous Tech Disconnected",
    "program_type": "On-Demand N2P SDU/MDU Simple",
    "target_eligibility_quarter": "NA"
   }
  },
  {
   "type": "Feature",
   "geometry": {
    "type": "Point",
    "coordinates": [
     141.41390133,
     -37.58341279
    ]
   },
   "properties": {
    "name": "9 ROBERTSON STREET CASTERTON 3311",
    "locID": "LOC000010939777",
    "tech": "FTTN",
    "upgrade": "FTTP_SA",
    "gnaf_pid": "GAVIC421497128",
    "tech_change_status": "Eligible to Order",
    "program_type": "On-Demand N2P SDU/MDU Simple",
    "target_eligibility_quarter": "NA"
   }
  },
  {
   "type": "Feature",
   "geometry": {
    "type": "Point",
    "coordinates": [
     141.4152415,
     -37.58332163
    ]
   },
   "properties": {
    "name": "5 VIEW STREET CASTERTON 3311",
    "locID": "LOC000044306790",
    "tech": "FTTN",
    "upgrade": "FTTP_SA",
    "gnaf_pid": "GAVIC421497129",
    "tech_change_status": "Eligible to Order",
    "program_type": "On-Demand N2P SDU/MDU Simple",
    "target_eligibility_quarter": "NA"
   }
  },
  {
   "type": "Feature",
   "geometry": {
    "type": "Point",
    "coordinates": [
     141.41469515,
     -37.58476767
    ]
   },
   "properties": {
    "name": "1 WIDDICOMBE STREET CASTERTON 3311",
    "locID": "LOC000088797628",
    "tech": "FTTP",
    "upgrade": "FTTP_NA",
    "gnaf_pid": "GAVIC421497130",
    "tech_change_status": "Previous Tech Disconnected",
    "program_type": "On-Demand N2P SDU/MDU Simple",
    "target_eligibility_quarter": "NA"
   }
  },
  {
   "type": "Feature",
   "geometry": {
    "type": "Point",
    "coordinates": [
     141.41585175,
     -37.58485859
    ]
   },
   "properties": {
    "name": "13 WIDDICOMBE STREET CASTERTON 3311",
    "locID": "LOC000025284645",
    "tech": "FTTN",
    "upgrade": "FTTP_SA",
    "gnaf_pid": "GAVIC421497131",
    "tech_change_status": "Eligible to Order",
    "program_type": "On-Demand N2P SDU/MDU Simple",
    "target_eligibility_quarter": "NA"
   }
  },
  {
   "type": "Feature",
   "geometry": {
    "type": "Point",
    "coordinates": [
     141.41469947,
     -37.58391745
    ]
   },
   "properties": {
    "name": "7 HANDLEY STREET CASTERTON 3311",
    "locID": "LOC000124634486",
    "tech": "FTTN",
    "upgrade": "FTTP_SA",
    "gnaf_pid": "GAVIC421497132",
    "tech_change_status": "Eligible to Order",
    "program_type": "On-Demand N2P SDU/MDU Simple",
    "target_eligibility_quarter": "NA"
   }
  },
  {
   "type": "Feature",
   "geometry": {
    "type": "Point",
    "coordinates": [
     141.38922378,
     -37.59243104
    ]
   },
   "properties": {
    "name": "11 GEORGE STREET CASTERTON 3311",
    "locID": "LOC000046817953",
    "tech": "FTTP",
    "upgrade": "FTTP_NA",
    "gnaf_pid": "GAVIC421497877",
    "tech_change_status": "Previous Tech Disconnected",
    "program_type": "On-Demand N2P SDU/MDU Simple",
    "target_eligibility_quarter": "NA"
   }
  },
  {
   "type": "Feature",
   "geometry": {
    "type": "Point",
    "coordinates": [
     141.38960955,
     -37.5922068
    ]
   },
   "properties": {
    "name": "12 GEORGE STREET CASTERTON 3311",
    "locID": "LOC000073102968",
    "tech": "FTTN",
    "upgrade": "FTTP_SA",
    "gnaf_pid": "GAVIC421497878",
    "tech_change_status": "Eligible to Order",
    "program_type": "On-Demand N2P SDU/MDU Simple",
    "target_eligibility_quarter": "NA"
   }
  },
  {
   "type": "Feature",
   "geometry": {
    "type": "Point",
    "coordinates": [
     141.3935584,
     -37.59351343
    ]
   },
   "properties": {
    "name": "13 PEACHEY STREET CASTERTON 3311",
    "locID": "LOC000058628352",
    "tech": "FTTC",
    "upgrade": "FTTP_SA",
    "gnaf_pid": "GAVIC421497879",
    "tech_change_status": "Eligible to Order"
   }
  },
  {
   "type": "Feature",
   "geometry": {
    "type": "Point",
    "coordinates": [
     141.39309989,
     -37.59366852
    ]
   },
   "properties": {
    "name": "36 RUSSELL STREET CASTERTON 3311",
    "locID": "LOC000057184690",
    "tech": "FTTC",
    "upgrade": "FTTP_SA",
    "gnaf_pid": "GAVIC421497880",
    "tech_change_status": "Eligible to Order"
   }
  },
  {
   "type": "Feature",
   "geometry": {
    "type": "Point",
    "coordinates": [
     141.3915767,
     -37.59424224
    ]
   },
   "properties": {
    "name": "8 ROBERTS STREET CASTERTON 3311",
    "locID": "LOC000024746957",
    "tech": "FTTC",
    "upgrade": "FTTP_SA",
    "gnaf_pid": "GAVIC421497881",
    "tech_change_status": "Eligible to Order"
   }
  },
  {
   "type": "Feature",
   "geometry": {
    "type": "Point",
    "coordinates": [
     141.39190921,
     -37.59336138
    ]
   },
   "properties": {
    "name": "21 PEACHEY STREET CASTERTON 3311",
    "locID": "LOC000105850145",
    "tech": "FTTC",
    "upgrade": "FTTP_SA",
    "gnaf_pid": "GAVIC421497882",
    "tech_change_status": "Eligible to Order"
   }
  },
  {
   "type": "Feature",
   "geometry": {
    "type": "Point",
    "coordinates": [
     141.39150139,
     -37.59332336
    ]
   },
   "properties": {
    "name": "25 PEACHEY STREET CASTERTON 3311",
    "locID": "LOC000082260102",
    "tech": "FTTC",
    "upgrade": "FTTP_SA",
    "gnaf_pid": "GAVIC421497883",
    "tech_change_status": "Eligible to Order"
   }
  },
  {
   "type": "Feature",
   "geometry": {
    "type": "Point",
    "coordinates": [
     141.39284329,
     -37.59267935
    ]
   },
   "properties": {
    "name": "43 RUSSELL STREET CASTERTON 3311",
    "locID": "LOC000010642679",
    "tech": "FTTC",
    "upgrade": "FTTP_SA",
    "gnaf_pid": "GAVIC421497884",
    "tech_change_status": "Eligible to Order"
   }
  },
  {
   "type": "Feature",
   "geometry": {
    "type": "Point",
    "coordinates": [
     141.3916034,
     -37.59299725
    ]
   },
   "properties": {
    "name": "22 PEACHEY STREET CASTERTON 3311",
    "locID": "LOC000075214186",
    "tech": "FTTP",
    "upgrade": "NULL_NA",
    "gnaf_pid": "GAVIC421497885"
   }
  },
  {
   "type": "Feature",
   "geometry": {
    "type": "Point",
    "coordinates": [
     141.39129099,
     -37.5921241
    ]
   },
   "properties": {
    "name": "14 CARMICHAEL STREET CASTERTON 3311",
    "locID": "LOC000031793335",
    "tech": "FTTP",
    "upgrade": "NULL_NA",
    "gnaf_pid": "GAVIC421497886"
   }
  },
  {
   "type": "Feature",
   "geometry": {
    "type": "Point",
    "coordinates": [
     141.39453231,
     -37.59358125
    ]
   },
   "properties": {
    "name": "5 PEACHEY STREET CASTERTON 3311",
    "locID": "LOC000075105694",
    "tech": "FTTC",
    "upgrade": "FTTP_SA",
    "gnaf_pid": "GAVIC421497888",
    "tech_change_status": "Eligible to Order"
   }
  },
  {
   "type": "Feature",
   "geometry": {
    "type": "Point",
    "coordinates": [
     141.38914088,
     -37.58966916
    ]
   },
   "properties": {
    "name": "18 WHITE STREET CASTERTON 3311",
    "locID": "LOC000034277162",
    "tech": "FTTN",
    "upgrade": "FTTP_SA",
    "gnaf_pid": "GAVIC421497892",
    "tech_change_status": "Eligible to Order",
    "program_type": "On-Demand N2P SDU/MDU Simple",
    "target_eligibility_quarter": "NA"
   }
  },
  {
   "type": "Feature",
   "geometry": {
    "type": "Point",
    "coordinates": [
     141.39285055,
     -37.59537886
    ]
   },
   "properties": {
    "name": "16-18 RUSSELL STREET CASTERTON 3311",
    "locID": "LOC000124689783",
    "tech": "FTTC",
    "upgrade": "FTTP_SA",
    "gnaf_pid": "GAVIC421498415",
    "tech_change_status": "Eligible to Order"
   }
  },
  {
   "type": "Feature",
   "geometry": {
    "type": "Point",
    "coordinates": [
     141.39274384,
     -37.5960796
    ]
   },
   "properties": {
    "name": "8-10 RUSSELL STREET CASTERTON 3311",
    "locID": "LOC000124634618",
    "tech": "FTTC",
    "upgrade": "FTTP_SA",
    "gnaf_pid": "GAVIC421498416",
    "tech_change_status": "Eligible to Order"
   }
  },
  {
   "type": "Feature",
   "geometry": {
    "type": "Point",
    "coordinates": [
     141.38647923,
     -37.58424994
    ]
   },
   "properties": {
    "name": "50 MITCHELL STREET CASTERTON 3311",
    "locID": "LOC000079376542",
    "tech": "FTTN",
    "upgrade": "FTTP",
    "gnaf_pid": "GAVIC421498422",
    "tech_change_status": "Eligible to Order",
    "program_type": "On-Demand N2P SDU/MDU Simple",
    "target_eligibility_quarter": "NA"
   }
  },
  {
   "type": "Feature",
   "geometry": {
    "type": "Point",
    "coordinates": [
     141.38943453,
     -37.59245184
    ]
   },
   "properties": {
    "name": "9 GEORGE STREET CASTERTON 3311",
    "locID": "LOC000102228680",
    "tech": "FTTN",
    "upgrade": "FTTP_SA",
    "gnaf_pid": "GAVIC421498424",
    "tech_change_status": "Eligible to Order",
    "program_type": "On-Demand N2P SDU/MDU Simple",
    "target_eligibility_quarter": "NA"
   }
  },
  {
   "type": "Feature",
   "geometry": {
    "type": "Point",
    "coordinates": [
     141.40103113,
     -37.58519375
    ]
   },
   "properties": {
    "name": "36 MURRAY STREET CASTERTON 3311",
    "locID": "LOC000022150523",
    "tech": "FTTN",
    "upgrade": "FTTP_SA",
    "gnaf_pid": "GAVIC421509381",
    "tech_change_status": "Eligible to Order",
    "program_type": "On-Demand N2P SDU/MDU Simple",
    "target_eligibility_quarter": "NA"
   }
  },
  {
   "type": "Feature",
   "geometry": {
    "type": "Point",
    "coordinates": [
     141.4019942,
     -37.58340439
    ]
   },
   "properties": {
    "name": "6 ADDISON STREET CASTERTON 3311",
    "locID": "LOC000083376714",
    "tech": "FTTP",
    "upgrade": "FTTP_NA",
    "gnaf_pid": "GAVIC421512789",
    "tech_change_status": "Previous Tech Disconnected",
    "program_type": "On-Demand N2P SDU/MDU Simple",
    "target_eligibility_quarter": "NA"
   }
  },
  {
   "type": "Feature",
   "geometry": {
    "type": "Point",
    "coordinates": [
     141.41631505,
     -37.58448229
    ]
   },
   "properties": {
    "name": "UNIT 5, 53 SHIELS TERRACE CASTERTON 3311",
    "locID": "LOC000074187139",
    "tech": "FTTN",
    "upgrade": "FTTP_NA",
    "gnaf_pid": "GAVIC421516265",
    "tech_change_status": "MDU Complex Eligible To Apply",
    "program_type": "Customer-initiated N2P MDU Complex"
   }
  },
  {
   "type": "Feature",
   "geometry": {
    "type": "Point",
    "coordinates": [
     141.40427906,
     -37.58610925
    ]
   },
   "properties": {
    "name": "25 MCPHERSON STREET CASTERTON 3311",
    "locID": "LOC000096453447",
    "tech": "FTTN",
    "upgrade": "FTTP_SA",
    "gnaf_pid": "GAVIC421527005",
    "tech_change_status": "Eligible to Order",
    "program_type": "On-Demand N2P SDU/MDU Simple",
    "target_eligibility_quarter": "NA"
   }
  },
  {
   "type": "Feature",
   "geometry": {
    "type": "Point",
    "coordinates": [
     141.39632059,
     -37.58670745
    ]
   },
   "properties": {
    "name": "59 ADDISON STREET CASTERTON 3311",
    "locID": "LOC000007005494",
    "tech": "FTTN",
    "upgrade": "FTTP_SA",
    "gnaf_pid": "GAVIC421545659",
    "tech_change_status": "Eligible to Order",
    "program_type": "On-Demand N2P SDU/MDU Simple",
    "target_eligibility_quarter": "NA"
   }
  },
  {
   "type": "Feature",
   "geometry": {
    "type": "Point",
    "coordinates": [
     141.3908111,
     -37.59297006
    ]
   },
   "properties": {
    "name": "1 CARMICHAEL STREET CASTERTON 3311",
    "locID": "LOC000015255850",
    "tech": "FTTP",
    "upgrade": "FTTP_NA",
    "gnaf_pid": "GAVIC421545660",
    "tech_change_status": "Previous Tech Disconnected",
    "program_type": "On-Demand N2P SDU/MDU Simple",
    "target_eligibility_quarter": "NA"
   }
  },
  {
   "type": "Feature",
   "geometry": {
    "type": "Point",
    "coordinates": [
     141.40566828,
     -37.5855409
    ]
   },
   "properties": {
    "name": "6 JACKSON STREET CASTERTON 3311",
    "locID": "LOC000124630024",
    "tech": "FTTP",
    "upgrade": "FTTP_NA",
    "gnaf_pid": "GAVIC421545661",
    "tech_change_status": "Previous Tech Disconnected",
    "program_type": "On-Demand N2P SDU/MDU Simple",
    "target_eligibility_quarter": "NA"
   }
  },
  {
   "type": "Feature",
   "geometry": {
    "type": "Point",
    "coordinates": [
     141.39548336,
     -37.59054926
    ]
   },
   "properties": {
    "name": "UNIT 2, 90 JACKSON STREET CASTERTON 3311",
    "locID": "LOC000059228170",
    "tech": "FTTN",
    "upgrade": "FTTP_NA",
    "gnaf_pid": "GAVIC421551216",
    "tech_change_status": "MDU Complex Eligible To Apply",
    "program_type": "Customer-initiated N2P MDU Complex"
   }
  },
  {
   "type": "Feature",
   "geometry": {
    "type": "Point",
    "coordinates": [
     141.39677402,
     -37.59058936
    ]
   },
   "properties": {
    "name": "UNIT 8, 85 JACKSON STREET CASTERTON 3311",
    "locID": "LOC000056145876",
    "tech": "FTTN",
    "upgrade": "NULL_NA",
    "gnaf_pid": "GAVIC421551218",
    "tech_change_status": "Not Planned"
   }
  },
  {
   "type": "Feature",
   "geometry": {
    "type": "Point",
    "coordinates": [
     141.39891344,
     -37.58895685
    ]
   },
   "properties": {
    "name": "60 JACKSON STREET CASTERTON 3311",
    "locID": "LOC000023571125",
    "tech": "FTTN",
    "upgrade": "FTTP",
    "gnaf_pid": "GAVIC421551219",
    "tech_change_status": "Eligible to Order",
    "program_type": "On-Demand N2P SDU/MDU Simple",
    "target_eligibility_quarter": "NA"
   }
  },
  {
   "type": "Feature",
   "geometry": {
    "type": "Point",
    "coordinates": [
     141.39872438,
     -37.58906105
    ]
   },
   "properties": {
    "name": "62 JACKSON STREET CASTERTON 3311",
    "locID": "LOC000062395581",
    "tech": "FTTP",
    "upgrade": "FTTP_NA",
    "gnaf_pid": "GAVIC421551220",
    "tech_change_status": "Previous Tech Disconnected",
    "program_type": "On-Demand N2P SDU/MDU Simple",
    "target_eligibility_quarter": "NA"
   }
  },
  {
   "type": "Feature",
   "geometry": {
    "type": "Point",
    "coordinates": [
     141.39836603,
     -37.58924069
    ]
   },
   "properties": {
    "name": "66 JACKSON STREET CASTERTON 3311",
    "locID": "LOC000030991703",
    "tech": "FTTP",
    "upgrade": "FTTP_NA",
    "gnaf_pid": "GAVIC421551221",
    "tech_change_status": "Previous Tech Disconnected",
    "program_type": "On-Demand N2P SDU/MDU Simple",
    "target_eligibility_quarter": "NA"
   }
  },
  {
   "type": "Feature",
   "geometry": {
    "type": "Point",
    "coordinates": [
     141.3992045,
     -37.58922395
    ]
   },
   "properties": {
    "name": "61 JACKSON STREET CASTERTON 3311",
    "locID": "LOC000075403954",
    "tech": "FTTN",
    "upgrade": "FTTP_SA",
    "gnaf_pid": "GAVIC421551222",
    "tech_change_status": "Eligible to Order",
    "program_type": "On-Demand N2P SDU/MDU Simple",
    "target_eligibility_quarter": "NA"
   }
  },
  {
   "type": "Feature",
   "geometry": {
    "type": "Point",
    "coordinates": [
     141.40029151,
     -37.58492141
    ]
   },
   "properties": {
    "name": "23 MCKINLAY STREET CASTERTON 3311",
    "locID": "LOC000007829681",
    "tech": "FTTN",
    "upgrade": "FTTP_SA",
    "gnaf_pid": "GAVIC421551224",
    "tech_change_status": "Eligible to Order",
    "program_type": "On-Demand N2P SDU/MDU Simple",
    "target_eligibility_quarter": "NA"
   }
  },
  {
   "type": "Feature",
   "geometry": {
    "type": "Point",
    "coordinates": [
     141.39844734,
     -37.58650835
    ]
   },
   "properties": {
    "name": "56 MURRAY STREET CASTERTON 3311",
    "locID": "LOC000106353524",
    "tech": "FTTN",
    "upgrade": "FTTP_SA",
    "gnaf_pid": "GAVIC421551226",
    "tech_change_status": "Eligible to Order",
    "program_type": "On-Demand N2P SDU/MDU Simple",
    "target_eligibility_quarter": "NA"
   }
  },
  {
   "type": "Feature",
   "geometry": {
    "type": "Point",
    "coordinates": [
     141.39548336,
     -37.59054926
    ]
   },
   "properties": {
    "name": "UNIT 1, 90 JACKSON STREET CASTERTON 3311",
    "locID": "LOC000059379739",
    "tech": "FTTN",
    "upgrade": "FTTP_NA",
    "gnaf_pid": "GAVIC421551228",
    "tech_change_status": "MDU Complex Eligible To Apply",
    "program_type": "Customer-initiated N2P MDU Complex"
   }
  },
  {
   "type": "Feature",
   "geometry": {
    "type": "Point",
    "coordinates": [
     141.39444419,
     -37.58857282
    ]
   },
   "properties": {
    "name": "17 FLYNN STREET CASTERTON 3311",
    "locID": "LOC000124694059",
    "tech": "FTTP",
    "upgrade": "FTTP_NA",
    "gnaf_pid": "GAVIC421553754",
    "tech_change_status": "Previous Tech Disconnected",
    "program_type": "On-Demand N2P SDU/MDU Simple",
    "target_eligibility_quarter": "NA"
   }
  },
  {
   "type": "Feature",
   "geometry": {
    "type": "Point",
    "coordinates": [
     141.40120941,
     -37.58779682
    ]
   },
   "properties": {
    "name": "42 JACKSON STREET CASTERTON 3311",
    "locID": "LOC000091278940",
    "tech": "FTTN",
    "upgrade": "FTTP",
    "gnaf_pid": "GAVIC421553760",
    "tech_change_status": "Eligible to Order",
    "program_type": "On-Demand N2P SDU/MDU Simple",
    "target_eligibility_quarter": "NA"
   }
  },
  {
   "type": "Feature",
   "geometry": {
    "type": "Point",
    "coordinates": [
     141.40292249,
     -37.58815849
    ]
   },
   "properties": {
    "name": "1 MCKINLAY STREET CASTERTON 3311",
    "locID": "LOC000045705923",
    "tech": "FTTP",
    "upgrade": "FTTP_NA",
    "gnaf_pid": "GAVIC421562215",
    "tech_change_status": "Previous Tech Disconnected",
    "program_type": "On-Demand N2P SDU/MDU Simple",
    "target_eligibility_quarter": "NA"
   }
  },
  {
   "type": "Feature",
   "geometry": {
    "type": "Point",
    "coordinates": [
     141.39645192,
     -37.58980117
    ]
   },
   "properties": {
    "name": "80 JACKSON STREET CASTERTON 3311",
    "locID": "LOC000102566197",
    "tech": "FTTN",
    "upgrade": "FTTP_SA",
    "gnaf_pid": "GAVIC421577281",
    "tech_change_status": "Eligible to Order",
    "program_type": "On-Demand N2P SDU/MDU Simple",
    "target_eligibility_quarter": "NA"
   }
  },
  {
   "type": "Feature",
   "geometry": {
    "type": "Point",
    "coordinates": [
     141.39179238,
     -37.58576455
    ]
   },
   "properties": {
    "name": "13 MCEVOY STREET CASTERTON 3311",
    "locID": "LOC000073693767",
    "tech": "FTTP",
    "upgrade": "FTTP_NA",
    "gnaf_pid": "GAVIC421578028",
    "tech_change_status": "Previous Tech Disconnected",
    "program_type": "On-Demand N2P SDU/MDU Simple",
    "target_eligibility_quarter": "NA"
   }
  },
  {
   "type": "Feature",
   "geometry": {
    "type": "Point",
    "coordinates": [
     141.39614948,
     -37.5871668
    ]
   },
   "properties": {
    "name": "19 MILLER STREET CASTERTON 3311",
    "locID": "LOC000101707995",
    "tech": "FTTP",
    "upgrade": "FTTP_NA",
    "gnaf_pid": "GAVIC421578029",
    "tech_change_status": "Previous Tech Disconnected",
    "program_type": "On-Demand N2P SDU/MDU Simple",
    "target_eligibility_quarter": "NA"
   }
  },
  {
   "type": "Feature",
   "geometry": {
    "type": "Point",
    "coordinates": [
     141.39169363,
     -37.59130993
    ]
   },
   "properties": {
    "name": "7 CUSSEN STREET CASTERTON 3311",
    "locID": "LOC000073369811",
    "tech": "FTTP",
    "upgrade": "NULL_NA",
    "gnaf_pid": "GAVIC421578030"
   }
  },
  {
   "type": "Feature",
   "geometry": {
    "type": "Point",
    "coordinates": [
     141.39461261,
     -37.59328325
    ]
   },
   "properties": {
    "name": "6 PEACHEY STREET CASTERTON 3311",
    "locID": "LOC000007772339",
    "tech": "FTTC",
    "upgrade": "FTTP_SA",
    "gnaf_pid": "GAVIC421582163",
    "tech_change_status": "Eligible to Order"
   }
  },
  {
   "type": "Feature",
   "geometry": {
    "type": "Point",
    "coordinates": [
     141.39499834,
     -37.59333287
    ]
   },
   "properties": {
    "name": "4 PEACHEY STREET CASTERTON 3311",
    "locID": "LOC000081101736",
    "tech": "FTTC",
    "upgrade": "FTTP_SA",
    "gnaf_pid": "GAVIC421582164",
    "tech_change_status": "Eligible to Order"
   }
  },
  {
   "type": "Feature",
   "geometry": {
    "type": "Point",
    "coordinates": [
     141.39501433,
     -37.59288396
    ]
   },
   "properties": {
    "name": "4 QUEEN STREET CASTERTON 3311",
    "locID": "LOC000032060988",
    "tech": "FTTC",
    "upgrade": "FTTP_SA",
    "gnaf_pid": "GAVIC421582165",
    "tech_change_status": "Eligible to Order"
   }
  },
  {
   "type": "Feature",
   "geometry": {
    "type": "Point",
    "coordinates": [
     141.39505562,
     -37.59262307
    ]
   },
   "properties": {
    "name": "8 QUEEN STREET CASTERTON 3311",
    "locID": "LOC000124634591",
    "tech": "FTTC",
    "upgrade": "FTTP_SA",
    "gnaf_pid": "GAVIC421582166",
    "tech_change_status": "Eligible to Order"
   }
  },
  {
   "type": "Feature",
   "geometry": {
    "type": "Point",
    "coordinates": [
     141.39268371,
     -37.59375785
    ]
   },
   "properties": {
    "name": "31 RUSSELL STREET CASTERTON 3311",
    "locID": "LOC000026880849",
    "tech": "FTTC",
    "upgrade": "FTTP_SA",
    "gnaf_pid": "GAVIC421591387",
    "tech_change_status": "Eligible to Order"
   }
  },
  {
   "type": "Feature",
   "geometry": {
    "type": "Point",
    "coordinates": [
     141.40029076,
     -37.58596007
    ]
   },
   "properties": {
    "name": "41 MURRAY STREET CASTERTON 3311",
    "locID": "LOC000052979854",
    "tech": "FTTN",
    "upgrade": "FTTP_SA",
    "gnaf_pid": "GAVIC421591546",
    "tech_change_status": "Eligible to Order",
    "program_type": "On-Demand N2P SDU/MDU Simple",
    "target_eligibility_quarter": "NA"
   }
  },
  {
   "type": "Feature",
   "geometry": {
    "type": "Point",
    "coordinates": [
     141.40354461,
     -37.58661025
    ]
   },
   "properties": {
    "name": "26 JACKSON STREET CASTERTON 3311",
    "locID": "LOC000067883794",
    "tech": "FTTN",
    "upgrade": "FTTP_SA",
    "gnaf_pid": "GAVIC421592526",
    "tech_change_status": "Eligible to Order",
    "program_type": "On-Demand N2P SDU/MDU Simple",
    "target_eligibility_quarter": "NA"
   }
  },
  {
   "type": "Feature",
   "geometry": {
    "type": "Point",
    "coordinates": [
     141.39781656,
     -37.5872464
    ]
   },
   "properties": {
    "name": "63 MURRAY STREET CASTERTON 3311",
    "locID": "LOC000011785710",
    "tech": "FTTN",
    "upgrade": "FTTP_SA",
    "gnaf_pid": "GAVIC421592527",
    "tech_change_status": "Eligible to Order",
    "program_type": "On-Demand N2P SDU/MDU Simple",
    "target_eligibility_quarter": "NA"
   }
  },
  {
   "type": "Feature",
   "geometry": {
    "type": "Point",
    "coordinates": [
     141.39704828,
     -37.58767369
    ]
   },
   "properties": {
    "name": "14 MILLER STREET CASTERTON 3311",
    "locID": "LOC000066837048",
    "tech": "FTTN",
    "upgrade": "FTTP",
    "gnaf_pid": "GAVIC421592529",
    "tech_change_status": "Eligible to Order",
    "program_type": "On-Demand N2P SDU/MDU Simple",
    "target_eligibility_quarter": "NA"
   }
  },
  {
   "type": "Feature",
   "geometry": {
    "type": "Point",
    "coordinates": [
     141.39710135,
     -37.58990029
    ]
   },
   "properties": {
    "name": "76 JACKSON STREET CASTERTON 3311",
    "locID": "LOC000091947832",
    "tech": "FTTN",
    "upgrade": "FTTP_SA",
    "gnaf_pid": "GAVIC421592531",
    "tech_change_status": "Eligible to Order",
    "program_type": "On-Demand N2P SDU/MDU Simple",
    "target_eligibility_quarter": "NA"
   }
  },
  {
   "type": "Feature",
   "geometry": {
    "type": "Point",
    "coordinates": [
     141.39473895,
     -37.59265504
    ]
   },
   "properties": {
    "name": "5 QUEEN STREET CASTERTON 3311",
    "locID": "LOC000096412853",
    "tech": "FTTC",
    "upgrade": "FTTP_SA",
    "gnaf_pid": "GAVIC421592951",
    "tech_change_status": "Eligible to Order"
   }
  },
  {
   "type": "Feature",
   "geometry": {
    "type": "Point",
    "coordinates": [
     141.39471743,
     -37.5927937
    ]
   },
   "properties": {
    "name": "3 QUEEN STREET CASTERTON 3311",
    "locID": "LOC000028899692",
    "tech": "FTTC",
    "upgrade": "FTTP_SA",
    "gnaf_pid": "GAVIC421592952",
    "tech_change_status": "Eligible to Order"
   }
  },
  {
   "type": "Feature",
   "geometry": {
    "type": "Point",
    "coordinates": [
     141.398713,
     -37.586075
    ]
   },
   "properties": {
    "name": "18 HUTTON STREET CASTERTON 3311",
    "locID": "LOC000094909534",
    "tech": "FTTP",
    "upgrade": "FTTP_NA",
    "gnaf_pid": "GAVIC421600073",
    "tech_change_status": "Previous Tech Disconnected",
    "program_type": "On-Demand N2P SDU/MDU Simple",
    "target_eligibility_quarter": "NA"
   }
  },
  {
   "type": "Feature",
   "geometry": {
    "type": "Point",
    "coordinates": [
     141.3959441,
     -37.58691304
    ]
   },
   "properties": {
    "name": "23 MILLER STREET CASTERTON 3311",
    "locID": "LOC000011931405",
    "tech": "FTTP",
    "upgrade": "FTTP_NA",
    "gnaf_pid": "GAVIC421600075",
    "tech_change_status": "Previous Tech Disconnected",
    "program_type": "On-Demand N2P SDU/MDU Simple",
    "target_eligibility_quarter": "NA"
   }
  },
  {
   "type": "Feature",
   "geometry": {
    "type": "Point",
    "coordinates": [
     141.39475008,
     -37.58760007
    ]
   },
   "properties": {
    "name": "7 SILVESTER STREET CASTERTON 3311",
    "locID": "LOC000022046854",
    "tech": "FTTN",
    "upgrade": "FTTP_SA",
    "gnaf_pid": "GAVIC421618723",
    "tech_change_status": "Eligible to Order",
    "program_type": "On-Demand N2P SDU/MDU Simple",
    "target_eligibility_quarter": "NA"
   }
  },
  {
   "type": "Feature",
   "geometry": {
    "type": "Point",
    "coordinates": [
     141.403708,
     -37.58652
    ]
   },
   "properties": {
    "name": "24 JACKSON STREET CASTERTON 3311",
    "locID": "LOC000074764503",
    "tech": "FTTN",
    "upgrade": "FTTP_SA",
    "gnaf_pid": "GAVIC421643731",
    "tech_change_status": "Eligible to Order",
    "program_type": "On-Demand N2P SDU/MDU Simple",
    "target_eligibility_quarter": "NA"
   }
  },
  {
   "type": "Feature",
   "geometry": {
    "type": "Point",
    "coordinates": [
     141.39919375,
     -37.58613486
    ]
   },
   "properties": {
    "name": "50 MURRAY STREET CASTERTON 3311",
    "locID": "LOC000033774348",
    "tech": "FTTN",
    "upgrade": "FTTP_SA",
    "gnaf_pid": "GAVIC421646924",
    "tech_change_status": "Eligible to Order",
    "program_type": "On-Demand N2P SDU/MDU Simple",
    "target_eligibility_quarter": "NA"
   }
  },
  {
   "type": "Feature",
   "geometry": {
    "type": "Point",
    "coordinates": [
     141.4014598,
     -37.58767154
    ]
   },
   "properties": {
    "name": "38 JACKSON STREET CASTERTON 3311",
    "locID": "LOC000044626662",
    "tech": "FTTP",
    "upgrade": "FTTP_NA",
    "gnaf_pid": "GAVIC421650820",
    "tech_change_status": "Previous Tech Disconnected",
    "program_type": "On-Demand N2P SDU/MDU Simple",
    "target_eligibility_quarter": "NA"
   }
  },
  {
   "type": "Feature",
   "geometry": {
    "type": "Point",
    "coordinates": [
     141.41418441,
     -37.5867047
    ]
   },
   "properties": {
    "name": "26 SHIELS TERRACE CASTERTON 3311",
    "locID": "LOC000103444410",
    "tech": "FTTN",
    "upgrade": "FTTP_SA",
    "gnaf_pid": "GAVIC421748605",
    "tech_change_status": "Eligible to Order",
    "program_type": "On-Demand N2P SDU/MDU Simple",
    "target_eligibility_quarter": "NA"
   }
  },
  {
   "type": "Feature",
   "geometry": {
    "type": "Point",
    "coordinates": [
     141.41529473,
     -37.58593236
    ]
   },
   "properties": {
    "name": "40 SHIELS TERRACE CASTERTON 3311",
    "locID": "LOC000032675604",
    "tech": "FTTP",
    "upgrade": "FTTP_NA",
    "gnaf_pid": "GAVIC421748606",
    "tech_change_status": "Previous Tech Disconnected",
    "program_type": "On-Demand N2P SDU/MDU Simple",
    "target_eligibility_quarter": "NA"
   }
  },
  {
   "type": "Feature",
   "geometry": {
    "type": "Point",
    "coordinates": [
     141.41429751,
     -37.58743933
    ]
   },
   "properties": {
    "name": "8 ROSS STREET CASTERTON 3311",
    "locID": "LOC000163290549",
    "tech": "FTTP",
    "upgrade": "FTTP_NA",
    "gnaf_pid": "GAVIC421748607",
    "tech_change_status": "Previous Tech Disconnected",
    "program_type": "On-Demand N2P SDU/MDU Simple",
    "target_eligibility_quarter": "NA"
   }
  },
  {
   "type": "Feature",
   "geometry": {
    "type": "Point",
    "coordinates": [
     141.41382546,
     -37.58138599
    ]
   },
   "properties": {
    "name": "2-2A ROBERTSON STREET CASTERTON 3311",
    "locID": "LOC000124694322",
    "tech": "FTTP",
    "upgrade": "FTTP_NA",
    "gnaf_pid": "GAVIC421748611",
    "tech_change_status": "Previous Tech Disconnected",
    "program_type": "On-Demand N2P SDU/MDU Simple",
    "target_eligibility_quarter": "NA"
   }
  },
  {
   "type": "Feature",
   "geometry": {
    "type": "Point",
    "coordinates": [
     141.41368105,
     -37.58469913
    ]
   },
   "properties": {
    "name": "23 ROBERTSON STREET CASTERTON 3311",
    "locID": "LOC000045776501",
    "tech": "FTTN",
    "upgrade": "FTTP_SA",
    "gnaf_pid": "GAVIC421770005",
    "tech_change_status": "Eligible to Order",
    "program_type": "On-Demand N2P SDU/MDU Simple",
    "target_eligibility_quarter": "NA"
   }
  },
  {
   "type": "Feature",
   "geometry": {
    "type": "Point",
    "coordinates": [
     141.39308311,
     -37.59385216
    ]
   },
   "properties": {
    "name": "34 RUSSELL STREET CASTERTON 3311",
    "locID": "LOC000003863958",
    "tech": "FTTC",
    "upgrade": "FTTP_SA",
    "gnaf_pid": "GAVIC421776616",
    "tech_change_status": "Eligible to Order"
   }
  },
  {
   "type": "Feature",
   "geometry": {
    "type": "Point",
    "coordinates": [
     141.39115209,
     -37.59036319
    ]
   },
   "properties": {
    "name": "29 CARMICHAEL STREET CASTERTON 3311",
    "locID": "LOC000093105197",
    "tech": "FTTN",
    "upgrade": "FTTP_SA",
    "gnaf_pid": "GAVIC421777368",
    "tech_change_status": "Eligible to Order",
    "program_type": "On-Demand N2P SDU/MDU Simple",
    "target_eligibility_quarter": "NA"
   }
  },
  {
   "type": "Feature",
   "geometry": {
    "type": "Point",
    "coordinates": [
     141.39096478,
     -37.59168659
    ]
   },
   "properties": {
    "name": "17 CARMICHAEL STREET CASTERTON 3311",
    "locID": "LOC000086767709",
    "tech": "FTTN",
    "upgrade": "FTTP_SA",
    "gnaf_pid": "GAVIC421777369",
    "tech_change_status": "Eligible to Order",
    "program_type": "On-Demand N2P SDU/MDU Simple",
    "target_eligibility_quarter": "NA"
   }
  },
  {
   "type": "Feature",
   "geometry": {
    "type": "Point",
    "coordinates": [
     141.3900349,
     -37.59114558
    ]
   },
   "properties": {
    "name": "7 ROSE STREET CASTERTON 3311",
    "locID": "LOC000025277322",
    "tech": "FTTP",
    "upgrade": "FTTP_NA",
    "gnaf_pid": "GAVIC421777370",
    "tech_change_status": "Previous Tech Disconnected",
    "program_type": "On-Demand N2P SDU/MDU Simple",
    "target_eligibility_quarter": "NA"
   }
  },
  {
   "type": "Feature",
   "geometry": {
    "type": "Point",
    "coordinates": [
     141.39391284,
     -37.58579541
    ]
   },
   "properties": {
    "name": "7 LEAKE STREET CASTERTON 3311",
    "locID": "LOC000066239570",
    "tech": "FTTN",
    "upgrade": "FTTP_SA",
    "gnaf_pid": "GAVIC421777373",
    "tech_change_status": "Eligible to Order",
    "program_type": "On-Demand N2P SDU/MDU Simple",
    "target_eligibility_quarter": "NA"
   }
  },
  {
   "type": "Feature",
   "geometry": {
    "type": "Point",
    "coordinates": [
     141.39342233,
     -37.58575399
    ]
   },
   "properties": {
    "name": "11-13 LEAKE STREET CASTERTON 3311",
    "locID": "LOC000124685227",
    "tech": "FTTP",
    "upgrade": "FTTP_NA",
    "gnaf_pid": "GAVIC421777374",
    "tech_change_status": "Previous Tech Disconnected",
    "program_type": "On-Demand N2P SDU/MDU Simple",
    "target_eligibility_quarter": "NA"
   }
  },
  {
   "type": "Feature",
   "geometry": {
    "type": "Point",
    "coordinates": [
     141.39282586,
     -37.5870811
    ]
   },
   "properties": {
    "name": "28 SILVESTER STREET CASTERTON 3311",
    "locID": "LOC000085350299",
    "tech": "FTTP",
    "upgrade": "FTTP_NA",
    "gnaf_pid": "GAVIC421777375",
    "tech_change_status": "Previous Tech Disconnected",
    "program_type": "On-Demand N2P SDU/MDU Simple",
    "target_eligibility_quarter": "NA"
   }
  },
  {
   "type": "Feature",
   "geometry": {
    "type": "Point",
    "coordinates": [
     141.39436042,
     -37.58721888
    ]
   },
   "properties": {
    "name": "10-12 SILVESTER STREET CASTERTON 3311",
    "locID": "LOC000124685132",
    "tech": "FTTN",
    "upgrade": "FTTP_SA",
    "gnaf_pid": "GAVIC421777378",
    "tech_change_status": "Eligible to Order",
    "program_type": "On-Demand N2P SDU/MDU Simple",
    "target_eligibility_quarter": "NA"
   }
  },
  {
   "type": "Feature",
   "geometry": {
    "type": "Point",
    "coordinates": [
     141.39164875,
     -37.58472256
    ]
   },
   "properties": {
    "name": "4 MITCHELL STREET CASTERTON 3311",
    "locID": "LOC000079380762",
    "tech": "FTTN",
    "upgrade": "FTTP",
    "gnaf_pid": "GAVIC421777379",
    "tech_change_status": "Eligible to Order",
    "program_type": "On-Demand N2P SDU/MDU Simple",
    "target_eligibility_quarter": "NA"
   }
  },
  {
   "type": "Feature",
   "geometry": {
    "type": "Point",
    "coordinates": [
     141.394046,
     -37.59110449
    ]
   },
   "properties": {
    "name": "104 JACKSON STREET CASTERTON 3311",
    "locID": "LOC000093137030",
    "tech": "FTTN",
    "upgrade": "FTTP",
    "gnaf_pid": "GAVIC421777887",
    "tech_change_status": "Eligible to Order",
    "program_type": "On-Demand N2P SDU/MDU Simple",
    "target_eligibility_quarter": "NA"
   }
  },
  {
   "type": "Feature",
   "geometry": {
    "type": "Point",
    "coordinates": [
     141.39189045,
     -37.5847405
    ]
   },
   "properties": {
    "name": "2 MITCHELL STREET CASTERTON 3311",
    "locID": "LOC000034810254",
    "tech": "FTTN",
    "upgrade": "FTTP_SA",
    "gnaf_pid": "GAVIC421778650",
    "tech_change_status": "Eligible to Order",
    "program_type": "On-Demand N2P SDU/MDU Simple",
    "target_eligibility_quarter": "NA"
   }
  },
  {
   "type": "Feature",
   "geometry": {
    "type": "Point",
    "coordinates": [
     141.39448831,
     -37.59505549
    ]
   },
   "properties": {
    "name": "2 GAZZARD STREET CASTERTON 3311",
    "locID": "LOC000104590229",
    "tech": "FTTP",
    "upgrade": "NULL_NA",
    "gnaf_pid": "GAVIC421787616"
   }
  },
  {
   "type": "Feature",
   "geometry": {
    "type": "Point",
    "coordinates": [
     141.41486203,
     -37.58345067
    ]
   },
   "properties": {
    "name": "4-6 VIEW STREET CASTERTON 3311",
    "locID": "LOC000124625240",
    "tech": "FTTN",
    "upgrade": "FTTP_SA",
    "gnaf_pid": "GAVIC421787669",
    "tech_change_status": "Eligible to Order",
    "program_type": "On-Demand N2P SDU/MDU Simple",
    "target_eligibility_quarter": "NA"
   }
  },
  {
   "type": "Feature",
   "geometry": {
    "type": "Point",
    "coordinates": [
     141.41485387,
     -37.58363861
    ]
   },
   "properties": {
    "name": "2 VIEW STREET CASTERTON 3311",
    "locID": "LOC000040314534",
    "tech": "FTTN",
    "upgrade": "FTTP_SA",
    "gnaf_pid": "GAVIC421787670",
    "tech_change_status": "Eligible to Order",
    "program_type": "On-Demand N2P SDU/MDU Simple",
    "target_eligibility_quarter": "NA"
   }
  },
  {
   "type": "Feature",
   "geometry": {
    "type": "Point",
    "coordinates": [
     141.41443819,
     -37.58389366
    ]
   },
   "properties": {
    "name": "5 HANDLEY STREET CASTERTON 3311",
    "locID": "LOC000080428088",
    "tech": "FTTN",
    "upgrade": "FTTP_SA",
    "gnaf_pid": "GAVIC421787671",
    "tech_change_status": "Eligible to Order",
    "program_type": "On-Demand N2P SDU/MDU Simple",
    "target_eligibility_quarter": "NA"
   }
  },
  {
   "type": "Feature",
   "geometry": {
    "type": "Point",
    "coordinates": [
     141.41402234,
     -37.58265176
    ]
   },
   "properties": {
    "name": "1 ROBERTSON STREET CASTERTON 3311",
    "locID": "LOC000105725720",
    "tech": "FTTN",
    "upgrade": "FTTP_SA",
    "gnaf_pid": "GAVIC421787673",
    "tech_change_status": "Eligible to Order",
    "program_type": "On-Demand N2P SDU/MDU Simple",
    "target_eligibility_quarter": "NA"
   }
  },
  {
   "type": "Feature",
   "geometry": {
    "type": "Point",
    "coordinates": [
     141.38569345,
     -37.58418577
    ]
   },
   "properties": {
    "name": "56 MITCHELL STREET CASTERTON 3311",
    "locID": "LOC000103589303",
    "tech": "FTTN",
    "upgrade": "FTTP",
    "gnaf_pid": "GAVIC421788968",
    "tech_change_status": "Eligible to Order",
    "program_type": "On-Demand N2P SDU/MDU Simple",
    "target_eligibility_quarter": "NA"
   }
  },
  {
   "type": "Feature",
   "geometry": {
    "type": "Point",
    "coordinates": [
     141.39930004,
     -37.5887634
    ]
   },
   "properties": {
    "name": "56 JACKSON STREET CASTERTON 3311",
    "locID": "LOC000085000664",
    "tech": "FTTP",
    "upgrade": "FTTP_NA",
    "gnaf_pid": "GAVIC421789645",
    "tech_change_status": "Previous Tech Disconnected",
    "program_type": "On-Demand N2P SDU/MDU Simple",
    "target_eligibility_quarter": "NA"
   }
  },
  {
   "type": "Feature",
   "geometry": {
    "type": "Point",
    "coordinates": [
     141.3954496,
     -37.59091801
    ]
   },
   "properties": {
    "name": "93 JACKSON STREET CASTERTON 3311",
    "locID": "LOC000082120935",
    "tech": "FTTN",
    "upgrade": "FTTP_SA",
    "gnaf_pid": "GAVIC421789648",
    "tech_change_status": "Eligible to Order",
    "program_type": "On-Demand N2P SDU/MDU Simple",
    "target_eligibility_quarter": "NA"
   }
  },
  {
   "type": "Feature",
   "geometry": {
    "type": "Point",
    "coordinates": [
     141.39770154,
     -37.58561171
    ]
   },
   "properties": {
    "name": "42-44 ADDISON STREET CASTERTON 3311",
    "locID": "LOC000124625286",
    "tech": "FTTN",
    "upgrade": "FTTP_SA",
    "gnaf_pid": "GAVIC421789651",
    "tech_change_status": "Eligible to Order",
    "program_type": "On-Demand N2P SDU/MDU Simple",
    "target_eligibility_quarter": "NA"
   }
  },
  {
   "type": "Feature",
   "geometry": {
    "type": "Point",
    "coordinates": [
     141.39396046,
     -37.58812449
    ]
   },
   "properties": {
    "name": "4 OAK AVENUE CASTERTON 3311",
    "locID": "LOC000025230566",
    "tech": "FTTP",
    "upgrade": "FTTP_NA",
    "gnaf_pid": "GAVIC421791216",
    "tech_change_status": "Previous Tech Disconnected",
    "program_type": "On-Demand N2P SDU/MDU Simple",
    "target_eligibility_quarter": "NA"
   }
  },
  {
   "type": "Feature",
   "geometry": {
    "type": "Point",
    "coordinates": [
     141.40085881,
     -37.58796304
    ]
   },
   "properties": {
    "name": "46 JACKSON STREET CASTERTON 3311",
    "locID": "LOC000056202573",
    "tech": "FTTN",
    "upgrade": "FTTP_SA",
    "gnaf_pid": "GAVIC421791224",
    "tech_change_status": "Eligible to Order",
    "program_type": "On-Demand N2P SDU/MDU Simple",
    "target_eligibility_quarter": "NA"
   }
  },
  {
   "type": "Feature",
   "geometry": {
    "type": "Point",
    "coordinates": [
     141.38771816,
     -37.59228929
    ]
   },
   "properties": {
    "name": "25 GEORGE STREET CASTERTON 3311",
    "locID": "LOC000080289843",
    "tech": "FTTP",
    "upgrade": "FTTP_NA",
    "gnaf_pid": "GAVIC421806249",
    "tech_change_status": "Previous Tech Disconnected",
    "program_type": "On-Demand N2P SDU/MDU Simple",
    "target_eligibility_quarter": "NA"
   }
  },
  {
   "type": "Feature",
   "geometry": {
    "type": "Point",
    "coordinates": [
     141.38944133,
     -37.59218249
    ]
   },
   "properties": {
    "name": "14 GEORGE STREET CASTERTON 3311",
    "locID": "LOC000073866821",
    "tech": "FTTN",
    "upgrade": "FTTP_SA",
    "gnaf_pid": "GAVIC421806251",
    "tech_change_status": "Eligible to Order",
    "program_type": "On-Demand N2P SDU/MDU Simple",
    "target_eligibility_quarter": "NA"
   }
  },
  {
   "type": "Feature",
   "geometry": {
    "type": "Point",
    "coordinates": [
     141.38894735,
     -37.59213868
    ]
   },
   "properties": {
    "name": "20 GEORGE STREET CASTERTON 3311",
    "locID": "LOC000104357394",
    "tech": "FTTN",
    "upgrade": "FTTP_SA",
    "gnaf_pid": "GAVIC421806253",
    "tech_change_status": "Eligible to Order",
    "program_type": "On-Demand N2P SDU/MDU Simple",
    "target_eligibility_quarter": "NA"
   }
  },
  {
   "type": "Feature",
   "geometry": {
    "type": "Point",
    "coordinates": [
     141.38824627,
     -37.59204915
    ]
   },
   "properties": {
    "name": "28 GEORGE STREET CASTERTON 3311",
    "locID": "LOC000105769829",
    "tech": "FTTN",
    "upgrade": "FTTP_NA",
    "gnaf_pid": "GAVIC421806254",
    "tech_change_status": "MDU Complex Eligible To Apply",
    "program_type": "Customer-initiated N2P MDU Complex"
   }
  },
  {
   "type": "Feature",
   "geometry": {
    "type": "Point",
    "coordinates": [
     141.39088301,
     -37.59207572
    ]
   },
   "properties": {
    "name": "13 CARMICHAEL STREET CASTERTON 3311",
    "locID": "LOC000002081805",
    "tech": "FTTN",
    "upgrade": "FTTP_SA",
    "gnaf_pid": "GAVIC421806255",
    "tech_change_status": "Eligible to Order",
    "program_type": "On-Demand N2P SDU/MDU Simple",
    "target_eligibility_quarter": "NA"
   }
  },
  {
   "type": "Feature",
   "geometry": {
    "type": "Point",
    "coordinates": [
     141.39312092,
     -37.59351934
    ]
   },
   "properties": {
    "name": "38 RUSSELL STREET CASTERTON 3311",
    "locID": "LOC000102429768",
    "tech": "FTTC",
    "upgrade": "FTTP_SA",
    "gnaf_pid": "GAVIC421806256",
    "tech_change_status": "Eligible to Order"
   }
  },
  {
   "type": "Feature",
   "geometry": {
    "type": "Point",
    "coordinates": [
     141.39118203,
     -37.59420803
    ]
   },
   "properties": {
    "name": "12 ROBERTS STREET CASTERTON 3311",
    "locID": "LOC000058619638",
    "tech": "FTTC",
    "upgrade": "FTTP_SA",
    "gnaf_pid": "GAVIC421806257",
    "tech_change_status": "Eligible to Order"
   }
  },
  {
   "type": "Feature",
   "geometry": {
    "type": "Point",
    "coordinates": [
     141.39231084,
     -37.5933988
    ]
   },
   "properties": {
    "name": "17 PEACHEY STREET CASTERTON 3311",
    "locID": "LOC000030925630",
    "tech": "FTTC",
    "upgrade": "FTTP_SA",
    "gnaf_pid": "GAVIC421806258",
    "tech_change_status": "Eligible to Order"
   }
  },
  {
   "type": "Feature",
   "geometry": {
    "type": "Point",
    "coordinates": [
     141.39484683,
     -37.59412324
    ]
   },
   "properties": {
    "name": "12 GAZZARD STREET CASTERTON 3311",
    "locID": "LOC000091882976",
    "tech": "FTTC",
    "upgrade": "FTTP_SA",
    "gnaf_pid": "GAVIC421806260",
    "tech_change_status": "Eligible to Order"
   }
  },
  {
   "type": "Feature",
   "geometry": {
    "type": "Point",
    "coordinates": [
     141.40324264,
     -37.58406185
    ]
   },
   "properties": {
    "name": "14-16 MURRAY STREET CASTERTON 3311",
    "locID": "LOC000124689691",
    "tech": "FTTN",
    "upgrade": "FTTP",
    "gnaf_pid": "GAVIC421819442",
    "tech_change_status": "Eligible to Order",
    "program_type": "On-Demand N2P SDU/MDU Simple",
    "target_eligibility_quarter": "NA"
   }
  },
  {
   "type": "Feature",
   "geometry": {
    "type": "Point",
    "coordinates": [
     141.4056947,
     -37.5872898
    ]
   },
   "properties": {
    "name": "10 MCPHERSON STREET CASTERTON 3311",
    "locID": "LOC000124685113",
    "tech": "FTTP",
    "upgrade": "FTTP_NA",
    "gnaf_pid": "GAVIC421819458",
    "tech_change_status": "Previous Tech Disconnected",
    "program_type": "On-Demand N2P SDU/MDU Simple",
    "target_eligibility_quarter": "NA"
   }
  },
  {
   "type": "Feature",
   "geometry": {
    "type": "Point",
    "coordinates": [
     141.40520945,
     -37.58360254
    ]
   },
   "properties": {
    "name": "14-24 CLARKE STREET CASTERTON 3311",
    "locID": "LOC000124689712",
    "tech": "FTTN",
    "upgrade": "FTTP",
    "gnaf_pid": "GAVIC421819459",
    "tech_change_status": "Eligible to Order",
    "program_type": "On-Demand N2P SDU/MDU Simple",
    "target_eligibility_quarter": "NA"
   }
  },
  {
   "type": "Feature",
   "geometry": {
    "type": "Point",
    "coordinates": [
     141.406403,
     -37.58508559
    ]
   },
   "properties": {
    "name": "1 CLARKE STREET CASTERTON 3311",
    "locID": "LOC000080422018",
    "tech": "FTTN",
    "upgrade": "FTTP",
    "gnaf_pid": "GAVIC421819464",
    "tech_change_status": "Eligible to Order",
    "program_type": "On-Demand N2P SDU/MDU Simple",
    "target_eligibility_quarter": "NA"
   }
  },
  {
   "type": "Feature",
   "geometry": {
    "type": "Point",
    "coordinates": [
     141.39123331,
     -37.58982753
    ]
   },
   "properties": {
    "name": "35 CARMICHAEL STREET CASTERTON 3311",
    "locID": "LOC000098247036",
    "tech": "FTTN",
    "upgrade": "FTTP_SA",
    "gnaf_pid": "GAVIC421824231",
    "tech_change_status": "Eligible to Order",
    "program_type": "On-Demand N2P SDU/MDU Simple",
    "target_eligibility_quarter": "NA"
   }
  },
  {
   "type": "Feature",
   "geometry": {
    "type": "Point",
    "coordinates": [
     141.38879625,
     -37.59238925
    ]
   },
   "properties": {
    "name": "15 GEORGE STREET CASTERTON 3311",
    "locID": "LOC000100327744",
    "tech": "FTTN",
    "upgrade": "FTTP",
    "gnaf_pid": "GAVIC421828244",
    "tech_change_status": "Eligible to Order",
    "program_type": "On-Demand N2P SDU/MDU Simple",
    "target_eligibility_quarter": "NA"
   }
  },
  {
   "type": "Feature",
   "geometry": {
    "type": "Point",
    "coordinates": [
     141.38793518,
     -37.59230547
    ]
   },
   "properties": {
    "name": "23 GEORGE STREET CASTERTON 3311",
    "locID": "LOC000033619261",
    "tech": "FTTP",
    "upgrade": "FTTP_NA",
    "gnaf_pid": "GAVIC421828245",
    "tech_change_status": "Previous Tech Disconnected",
    "program_type": "On-Demand N2P SDU/MDU Simple",
    "target_eligibility_quarter": "NA"
   }
  },
  {
   "type": "Feature",
   "geometry": {
    "type": "Point",
    "coordinates": [
     141.39548336,
     -37.59054926
    ]
   },
   "properties": {
    "name": "UNIT 3, 90 JACKSON STREET CASTERTON 3311",
    "locID": "LOC000059338111",
    "tech": "FTTN",
    "upgrade": "FTTP_NA",
    "gnaf_pid": "GAVIC421835193",
    "tech_change_status": "MDU Complex Eligible To Apply",
    "program_type": "Customer-initiated N2P MDU Complex"
   }
  },
  {
   "type": "Feature",
   "geometry": {
    "type": "Point",
    "coordinates": [
     141.39677402,
     -37.59058936
    ]
   },
   "properties": {
    "name": "UNIT 1, 85 JACKSON STREET CASTERTON 3311",
    "locID": "LOC000055993074",
    "tech": "FTTN",
    "upgrade": "NULL_NA",
    "gnaf_pid": "GAVIC421835195",
    "tech_change_status": "Not Planned"
   }
  },
  {
   "type": "Feature",
   "geometry": {
    "type": "Point",
    "coordinates": [
     141.39677402,
     -37.59058936
    ]
   },
   "properties": {
    "name": "UNIT 2, 85 JACKSON STREET CASTERTON 3311",
    "locID": "LOC000056345261",
    "tech": "FTTN",
    "upgrade": "NULL_NA",
    "gnaf_pid": "GAVIC421835196",
    "tech_change_status": "Not Planned"
   }
  },
  {
   "type": "Feature",
   "geometry": {
    "type": "Point",
    "coordinates": [
     141.39762756,
     -37.59002174
    ]
   },
   "properties": {
    "name": "75 JACKSON STREET CASTERTON 3311",
    "locID": "LOC000080329652",
    "tech": "FTTP",
    "upgrade": "FTTP_NA",
    "gnaf_pid": "GAVIC421835197",
    "tech_change_status": "Previous Tech Disconnected",
    "program_type": "On-Demand N2P SDU/MDU Simple",
    "target_eligibility_quarter": "NA"
   }
  },
  {
   "type": "Feature",
   "geometry": {
    "type": "Point",
    "coordinates": [
     141.39659853,
     -37.58712023
    ]
   },
   "properties": {
    "name": "18 MILLER STREET CASTERTON 3311",
    "locID": "LOC000108139669",
    "tech": "FTTN",
    "upgrade": "FTTP_SA",
    "gnaf_pid": "GAVIC421835199",
    "tech_change_status": "Eligible to Order",
    "program_type": "On-Demand N2P SDU/MDU Simple",
    "target_eligibility_quarter": "NA"
   }
  },
  {
   "type": "Feature",
   "geometry": {
    "type": "Point",
    "coordinates": [
     141.39893488,
     -37.58627916
    ]
   },
   "properties": {
    "name": "54 MURRAY STREET CASTERTON 3311",
    "locID": "LOC000016134037",
    "tech": "FTTN",
    "upgrade": "FTTP_SA",
    "gnaf_pid": "GAVIC421835591",
    "tech_change_status": "Eligible to Order",
    "program_type": "On-Demand N2P SDU/MDU Simple",
    "target_eligibility_quarter": "NA"
   }
  },
  {
   "type": "Feature",
   "geometry": {
    "type": "Point",
    "coordinates": [
     141.39756486,
     -37.58695285
    ]
   },
   "properties": {
    "name": "64 MURRAY STREET CASTERTON 3311",
    "locID": "LOC000003916183",
    "tech": "FTTN",
    "upgrade": "FTTP_SA",
    "gnaf_pid": "GAVIC421838307",
    "tech_change_status": "Eligible to Order",
    "program_type": "On-Demand N2P SDU/MDU Simple",
    "target_eligibility_quarter": "NA"
   }
  },
  {
   "type": "Feature",
   "geometry": {
    "type": "Point",
    "coordinates": [
     141.40202938,
     -37.58506946
    ]
   },
   "properties": {
    "name": "29 MURRAY STREET CASTERTON 3311",
    "locID": "LOC000124698865",
    "tech": "FTTP",
    "upgrade": "FTTP_NA",
    "gnaf_pid": "GAVIC421838312",
    "tech_change_status": "Previous Tech Disconnected",
    "program_type": "On-Demand N2P SDU/MDU Simple",
    "target_eligibility_quarter": "NA"
   }
  },
  {
   "type": "Feature",
   "geometry": {
    "type": "Point",
    "coordinates": [
     141.41392434,
     -37.58327676
    ]
   },
   "properties": {
    "name": "7 ROBERTSON STREET CASTERTON 3311",
    "locID": "LOC000104077802",
    "tech": "FTTN",
    "upgrade": "FTTP_SA",
    "gnaf_pid": "GAVIC421843319",
    "tech_change_status": "Eligible to Order",
    "program_type": "On-Demand N2P SDU/MDU Simple",
    "target_eligibility_quarter": "NA"
   }
  },
  {
   "type": "Feature",
   "geometry": {
    "type": "Point",
    "coordinates": [
     141.41398243,
     -37.58293345
    ]
   },
   "properties": {
    "name": "3 ROBERTSON STREET CASTERTON 3311",
    "locID": "LOC000084683227",
    "tech": "FTTN",
    "upgrade": "FTTP_SA",
    "gnaf_pid": "GAVIC421843320",
    "tech_change_status": "Eligible to Order",
    "program_type": "On-Demand N2P SDU/MDU Simple",
    "target_eligibility_quarter": "NA"
   }
  },
  {
   "type": "Feature",
   "geometry": {
    "type": "Point",
    "coordinates": [
     141.41260746,
     -37.58857493
    ]
   },
   "properties": {
    "name": "60 ROBERTSON STREET CASTERTON 3311",
    "locID": "LOC000069889064",
    "tech": "FTTN",
    "upgrade": "FTTP",
    "gnaf_pid": "GAVIC421846182",
    "tech_change_status": "Eligible to Order",
    "program_type": "On-Demand N2P SDU/MDU Simple",
    "target_eligibility_quarter": "NA"
   }
  },
  {
   "type": "Feature",
   "geometry": {
    "type": "Point",
    "coordinates": [
     141.41360164,
     -37.58521201
    ]
   },
   "properties": {
    "name": "29 ROBERTSON STREET CASTERTON 3311",
    "locID": "LOC000049095478",
    "tech": "FTTN",
    "upgrade": "FTTP_SA",
    "gnaf_pid": "GAVIC421846183",
    "tech_change_status": "Eligible to Order",
    "program_type": "On-Demand N2P SDU/MDU Simple",
    "target_eligibility_quarter": "NA"
   }
  },
  {
   "type": "Feature",
   "geometry": {
    "type": "Point",
    "coordinates": [
     141.39484261,
     -37.59620413
    ]
   },
   "properties": {
    "name": "5-9 STARK STREET CASTERTON 3311",
    "locID": "LOC000124629883",
    "tech": "FTTN",
    "upgrade": "FTTP_SA",
    "gnaf_pid": "GAVIC421854242",
    "tech_change_status": "Eligible to Order",
    "program_type": "On-Demand N2P SDU/MDU Simple",
    "target_eligibility_quarter": "NA"
   }
  },
  {
   "type": "Feature",
   "geometry": {
    "type": "Point",
    "coordinates": [
     141.39234605,
     -37.5959889
    ]
   },
   "properties": {
    "name": "7-9 RUSSELL STREET CASTERTON 3311",
    "locID": "LOC000124634515",
    "tech": "FTTC",
    "upgrade": "FTTP_SA",
    "gnaf_pid": "GAVIC421854249",
    "tech_change_status": "Eligible to Order"
   }
  },
  {
   "type": "Feature",
   "geometry": {
    "type": "Point",
    "coordinates": [
     141.39559659,
     -37.58589
    ]
   },
   "properties": {
    "name": "32-34 MILLER STREET CASTERTON 3311",
    "locID": "LOC000124625110",
    "tech": "FTTN",
    "upgrade": "FTTP_SA",
    "gnaf_pid": "GAVIC421868731",
    "tech_change_status": "Eligible to Order",
    "program_type": "On-Demand N2P SDU/MDU Simple",
    "target_eligibility_quarter": "NA"
   }
  },
  {
   "type": "Feature",
   "geometry": {
    "type": "Point",
    "coordinates": [
     141.41258234,
     -37.5887221
    ]
   },
   "properties": {
    "name": "62 ROBERTSON STREET CASTERTON 3311",
    "locID": "LOC000005272022",
    "tech": "FTTN",
    "upgrade": "FTTP",
    "gnaf_pid": "GAVIC421868774",
    "tech_change_status": "Eligible to Order",
    "program_type": "On-Demand N2P SDU/MDU Simple",
    "target_eligibility_quarter": "NA"
   }
  },
  {
   "type": "Feature",
   "geometry": {
    "type": "Point",
    "coordinates": [
     141.41321678,
     -37.58742497
    ]
   },
   "properties": {
    "name": "47 ROBERTSON STREET CASTERTON 3311",
    "locID": "LOC000007000633",
    "tech": "FTTN",
    "upgrade": "FTTP_SA",
    "gnaf_pid": "GAVIC421868775",
    "tech_change_status": "Eligible to Order",
    "program_type": "On-Demand N2P SDU/MDU Simple",
    "target_eligibility_quarter": "NA"
   }
  },
  {
   "type": "Feature",
   "geometry": {
    "type": "Point",
    "coordinates": [
     141.392871,
     -37.595118
    ]
   },
   "properties": {
    "name": "20 RUSSELL STREET CASTERTON 3311",
    "locID": "LOC000042476858",
    "tech": "FTTC",
    "upgrade": "FTTP_SA",
    "gnaf_pid": "GAVIC421903812",
    "tech_change_status": "Eligible to Order"
   }
  },
  {
   "type": "Feature",
   "geometry": {
    "type": "Point",
    "coordinates": [
     141.39331915,
     -37.59215708
    ]
   },
   "properties": {
    "name": "52 RUSSELL STREET CASTERTON 3311",
    "locID": "LOC000124629923",
    "tech": "FTTC",
    "upgrade": "FTTP_SA",
    "gnaf_pid": "GAVIC421932843",
    "tech_change_status": "Eligible to Order"
   }
  },
  {
   "type": "Feature",
   "geometry": {
    "type": "Point",
    "coordinates": [
     141.39263965,
     -37.59400562
    ]
   },
   "properties": {
    "name": "29 RUSSELL STREET CASTERTON 3311",
    "locID": "LOC000015240838",
    "tech": "FTTC",
    "upgrade": "FTTP_SA",
    "gnaf_pid": "GAVIC421938808",
    "tech_change_status": "Eligible to Order"
   }
  },
  {
   "type": "Feature",
   "geometry": {
    "type": "Point",
    "coordinates": [
     141.39140314,
     -37.59454584
    ]
   },
   "properties": {
    "name": "9 ROBERTS STREET CASTERTON 3311",
    "locID": "LOC000010939777",
    "tech": "FTTN",
    "upgrade": "FTTP_SA",
    "gnaf_pid": "GAVIC421947160",
    "tech_change_status": "Eligible to Order",
    "program_type": "On-Demand N2P SDU/MDU Simple",
    "target_eligibility_quarter": "NA"
   }
  },
  {
   "type": "Feature",
   "geometry": {
    "type": "Point",
    "coordinates": [
     141.40969343,
     -37.58463573
    ]
   },
   "properties": {
    "name": "17 RACECOURSE ROAD CASTERTON 3311",
    "locID": "LOC000019299003",
    "tech": "FTTP",
    "upgrade": "NULL_NA",
    "gnaf_pid": "GAVIC421989693",
    "program_type": "On-Demand N2P SDU/MDU Simple",
    "target_eligibility_quarter": "NA"
   }
  },
  {
   "type": "Feature",
   "geometry": {
    "type": "Point",
    "coordinates": [
     141.41984555,
     -37.58342313
    ]
   },
   "properties": {
    "name": "6117 GLENELG HIGHWAY CASTERTON 3311",
    "locID": "LOC000046097472",
    "tech": "FTTP",
    "upgrade": "FTTP_NA",
    "gnaf_pid": "GAVIC421989849",
    "tech_change_status": "Previous Tech Disconnected",
    "program_type": "On-Demand N2P SDU/MDU Simple",
    "target_eligibility_quarter": "NA"
   }
  },
  {
   "type": "Feature",
   "geometry": {
    "type": "Point",
    "coordinates": [
     141.40937541,
     -37.58447459
    ]
   },
   "properties": {
    "name": "16 RACECOURSE ROAD CASTERTON 3311",
    "locID": "LOC000091439229",
    "tech": "FTTN",
    "upgrade": "FTTP_SA",
    "gnaf_pid": "GAVIC421995145",
    "tech_change_status": "Eligible to Order",
    "program_type": "On-Demand N2P SDU/MDU Simple",
    "target_eligibility_quarter": "NA"
   }
  },
  {
   "type": "Feature",
   "geometry": {
    "type": "Point",
    "coordinates": [
     141.39836945,
     -37.58694856
    ]
   },
   "properties": {
    "name": "57 MURRAY STREET CASTERTON 3311",
    "locID": "LOC000086430316",
    "tech": "FTTN",
    "upgrade": "FTTP_SA",
    "gnaf_pid": "GAVIC421995146",
    "tech_change_status": "Eligible to Order",
    "program_type": "On-Demand N2P SDU/MDU Simple",
    "target_eligibility_quarter": "NA"
   }
  },
  {
   "type": "Feature",
   "geometry": {
    "type": "Point",
    "coordinates": [
     141.41109681,
     -37.59487406
    ]
   },
   "properties": {
    "name": "139 RACECOURSE ROAD CASTERTON 3311",
    "locID": "LOC000073475176",
    "tech": "FTTN",
    "upgrade": "FTTP",
    "gnaf_pid": "GAVIC421995715",
    "tech_change_status": "Eligible to Order",
    "program_type": "On-Demand N2P SDU/MDU Simple",
    "target_eligibility_quarter": "NA"
   }
  },
  {
   "type": "Feature",
   "geometry": {
    "type": "Point",
    "coordinates": [
     141.31086783,
     -37.61659674
    ]
   },
   "properties": {
    "name": "976 GLENELG HIGHWAY CASTERTON 3311",
    "locID": "LOC000004200789",
    "tech": "NULL",
    "upgrade": "NULL_NA",
    "gnaf_pid": "GAVIC422024481",
    "tech_change_status": "Not Planned"
   }
  },
  {
   "type": "Feature",
   "geometry": {
    "type": "Point",
    "coordinates": [
     141.36072785,
     -37.57342002
    ]
   },
   "properties": {
    "name": "140 CORNDALE ROAD CASTERTON 3311",
    "locID": "LOC000065606474",
    "tech": "SATELLITE",
    "upgrade": "NULL_NA",
    "gnaf_pid": "GAVIC422024997",
    "tech_change_status": "Not Planned"
   }
  },
  {
   "type": "Feature",
   "geometry": {
    "type": "Point",
    "coordinates": [
     141.38198685,
     -37.58874346
    ]
   },
   "properties": {
    "name": "66 MT GAMBIER ROAD CASTERTON 3311",
    "locID": "LOC000072770842",
    "tech": "FTTN",
    "upgrade": "FTTP",
    "gnaf_pid": "GAVIC422025649",
    "tech_change_status": "Eligible to Order",
    "program_type": "On-Demand N2P SDU/MDU Simple",
    "target_eligibility_quarter": "NA"
   }
  },
  {
   "type": "Feature",
   "geometry": {
    "type": "Point",
    "coordinates": [
     141.35024376,
     -37.62251217
    ]
   },
   "properties": {
    "name": "197 MENZIES LANE CASTERTON 3311",
    "locID": "LOC000085343515",
    "tech": "NULL",
    "upgrade": "NULL_NA",
    "gnaf_pid": "GAVIC422027317",
    "tech_change_status": "Not Planned"
   }
  },
  {
   "type": "Feature",
   "geometry": {
    "type": "Point",
    "coordinates": [
     141.43223631,
     -37.59330404
    ]
   },
   "properties": {
    "name": "6244 PORTLAND-CASTERTON ROAD CASTERTON 3311",
    "locID": "LOC000015988975",
    "tech": "NULL",
    "upgrade": "NULL_NA",
    "gnaf_pid": "GAVIC422028163",
    "tech_change_status": "Not Planned"
   }
  },
  {
   "type": "Feature",
   "geometry": {
    "type": "Point",
    "coordinates": [
     141.41171165,
     -37.57899011
    ]
   },
   "properties": {
    "name": "29 ARUNDEL ROAD CASTERTON 3311",
    "locID": "LOC000037877323",
    "tech": "FTTN",
    "upgrade": "FTTP",
    "gnaf_pid": "GAVIC422028191",
    "tech_change_status": "Eligible to Order",
    "program_type": "On-Demand N2P SDU/MDU Simple",
    "target_eligibility_quarter": "NA"
   }
  },
  {
   "type": "Feature",
   "geometry": {
    "type": "Point",
    "coordinates": [
     141.40517709,
     -37.58947738
    ]
   },
   "properties": {
    "name": "13 BAHGALLAH ROAD CASTERTON 3311",
    "locID": "LOC000081383693",
    "tech": "FTTN",
    "upgrade": "FTTP_SA",
    "gnaf_pid": "GAVIC422029348",
    "tech_change_status": "Eligible to Order",
    "program_type": "On-Demand N2P SDU/MDU Simple",
    "target_eligibility_quarter": "NA"
   }
  },
  {
   "type": "Feature",
   "geometry": {
    "type": "Point",
    "coordinates": [
     141.39924213,
     -37.56198838
    ]
   },
   "properties": {
    "name": "284 NOSS RETREAT ROAD CASTERTON 3311",
    "locID": "LOC000181773171",
    "tech": "NULL",
    "upgrade": "NULL_NA",
    "gnaf_pid": "GAVIC422030296",
    "tech_change_status": "Not Planned"
   }
  },
  {
   "type": "Feature",
   "geometry": {
    "type": "Point",
    "coordinates": [
     141.47309161,
     -37.59109048
    ]
   },
   "properties": {
    "name": "148 STAFFA ROAD CASTERTON 3311",
    "locID": "LOC000115748529",
    "tech": "NULL",
    "upgrade": "NULL_NA",
    "gnaf_pid": "GAVIC422030520",
    "tech_change_status": "Not Planned"
   }
  },
  {
   "type": "Feature",
   "geometry": {
    "type": "Point",
    "coordinates": [
     141.39420389,
     -37.59858215
    ]
   },
   "properties": {
    "name": "156 BAHGALLAH ROAD CASTERTON 3311",
    "locID": "LOC000066463549",
    "tech": "FTTP",
    "upgrade": "FTTP_NA",
    "gnaf_pid": "GAVIC422032602",
    "tech_change_status": "Previous Tech Disconnected",
    "program_type": "On-Demand N2P SDU/MDU Simple",
    "target_eligibility_quarter": "NA"
   }
  },
  {
   "type": "Feature",
   "geometry": {
    "type": "Point",
    "coordinates": [
     141.3887908,
     -37.59677035
    ]
   },
   "properties": {
    "name": "182 OLD MT GAMBIER ROAD CASTERTON 3311",
    "locID": "LOC000023003152",
    "tech": "FTTP",
    "upgrade": "FTTP_NA",
    "gnaf_pid": "GAVIC422033535",
    "tech_change_status": "Previous Tech Disconnected",
    "program_type": "On-Demand N2P SDU/MDU Simple",
    "target_eligibility_quarter": "NA"
   }
  },
  {
   "type": "Feature",
   "geometry": {
    "type": "Point",
    "coordinates": [
     141.41915865,
     -37.62049811
    ]
   },
   "properties": {
    "name": "300 SANDFORD-BAHGALLAH ROAD CASTERTON 3311",
    "locID": "LOC000078918289",
    "tech": "NULL",
    "upgrade": "NULL_NA",
    "gnaf_pid": "GAVIC422033618",
    "tech_change_status": "Not Planned"
   }
  },
  {
   "type": "Feature",
   "geometry": {
    "type": "Point",
    "coordinates": [
     141.37456914,
     -37.58901964
    ]
   },
   "properties": {
    "name": "122 MT GAMBIER ROAD CASTERTON 3311",
    "locID": "LOC000041364737",
    "tech": "NULL",
    "upgrade": "NULL_NA",
    "gnaf_pid": "GAVIC422033620",
    "tech_change_status": "Not Planned"
   }
  },
  {
   "type": "Feature",
   "geometry": {
    "type": "Point",
    "coordinates": [
     141.39187654,
     -37.59661004
    ]
   },
   "properties": {
    "name": "209 OLD MT GAMBIER ROAD CASTERTON 3311",
    "locID": "LOC000124698664",
    "tech": "FTTP",
    "upgrade": "NULL_NA",
    "gnaf_pid": "GAVIC422033725"
   }
  },
  {
   "type": "Feature",
   "geometry": {
    "type": "Point",
    "coordinates": [
     141.37947259,
     -37.59549371
    ]
   },
   "properties": {
    "name": "103 OLD MT GAMBIER ROAD CASTERTON 3311",
    "locID": "LOC000031675056",
    "tech": "NULL",
    "upgrade": "NULL_NA",
    "gnaf_pid": "GAVIC422033768",
    "tech_change_status": "Not Planned"
   }
  },
  {
   "type": "Feature",
   "geometry": {
    "type": "Point",
    "coordinates": [
     141.40274498,
     -37.5690521
    ]
   },
   "properties": {
    "name": "42 CUES LANE CASTERTON 3311",
    "locID": "LOC000104431792",
    "tech": "NULL",
    "upgrade": "NULL_NA",
    "gnaf_pid": "GAVIC422036816",
    "tech_change_status": "Not Planned"
   }
  },
  {
   "type": "Feature",
   "geometry": {
    "type": "Point",
    "coordinates": [
     141.41611002,
     -37.58448128
    ]
   },
   "properties": {
    "name": "53 SHIELS TERRACE CASTERTON 3311",
    "locID": "LOC000074187139",
    "tech": "FTTN",
    "upgrade": "FTTP_NA",
    "gnaf_pid": "GAVIC422113163",
    "tech_change_status": "MDU Complex Eligible To Apply",
    "program_type": "Customer-initiated N2P MDU Complex"
   }
  },
  {
   "type": "Feature",
   "geometry": {
    "type": "Point",
    "coordinates": [
     141.41239654,
     -37.58004335
    ]
   },
   "properties": {
    "name": "17 ARUNDEL ROAD CASTERTON 3311",
    "locID": "LOC000038731558",
    "tech": "FTTN",
    "upgrade": "FTTP",
    "gnaf_pid": "GAVIC422124266",
    "tech_change_status": "Eligible to Order",
    "program_type": "On-Demand N2P SDU/MDU Simple",
    "target_eligibility_quarter": "NA"
   }
  },
  {
   "type": "Feature",
   "geometry": {
    "type": "Point",
    "coordinates": [
     141.39709399,
     -37.59670666
    ]
   },
   "properties": {
    "name": "123 BAHGALLAH ROAD CASTERTON 3311",
    "locID": "LOC000089883864",
    "tech": "FTTN",
    "upgrade": "FTTP_SA",
    "gnaf_pid": "GAVIC422125116",
    "tech_change_status": "Eligible to Order",
    "program_type": "On-Demand N2P SDU/MDU Simple",
    "target_eligibility_quarter": "NA"
   }
  },
  {
   "type": "Feature",
   "geometry": {
    "type": "Point",
    "coordinates": [
     141.39646156,
     -37.59690059
    ]
   },
   "properties": {
    "name": "128 BAHGALLAH ROAD CASTERTON 3311",
    "locID": "LOC000124689615",
    "tech": "FTTP",
    "upgrade": "FTTP_NA",
    "gnaf_pid": "GAVIC422125117",
    "tech_change_status": "Previous Tech Disconnected",
    "program_type": "On-Demand N2P SDU/MDU Simple",
    "target_eligibility_quarter": "NA"
   }
  },
  {
   "type": "Feature",
   "geometry": {
    "type": "Point",
    "coordinates": [
     141.39632765,
     -37.59745736
    ]
   },
   "properties": {
    "name": "133 BAHGALLAH ROAD CASTERTON 3311",
    "locID": "LOC000074980865",
    "tech": "FTTN",
    "upgrade": "FTTP_SA",
    "gnaf_pid": "GAVIC422125118",
    "tech_change_status": "Eligible to Order",
    "program_type": "On-Demand N2P SDU/MDU Simple",
    "target_eligibility_quarter": "NA"
   }
  },
  {
   "type": "Feature",
   "geometry": {
    "type": "Point",
    "coordinates": [
     141.39611333,
     -37.59762934
    ]
   },
   "properties": {
    "name": "135 BAHGALLAH ROAD CASTERTON 3311",
    "locID": "LOC000019345827",
    "tech": "FTTP",
    "upgrade": "FTTP_NA",
    "gnaf_pid": "GAVIC422125119",
    "tech_change_status": "Previous Tech Disconnected",
    "program_type": "On-Demand N2P SDU/MDU Simple",
    "target_eligibility_quarter": "NA"
   }
  },
  {
   "type": "Feature",
   "geometry": {
    "type": "Point",
    "coordinates": [
     141.39414279,
     -37.5992603
    ]
   },
   "properties": {
    "name": "157 BAHGALLAH ROAD CASTERTON 3311",
    "locID": "LOC000100665961",
    "tech": "FTTN",
    "upgrade": "FTTP_SA",
    "gnaf_pid": "GAVIC422125120",
    "tech_change_status": "Eligible to Order",
    "program_type": "On-Demand N2P SDU/MDU Simple",
    "target_eligibility_quarter": "NA"
   }
  },
  {
   "type": "Feature",
   "geometry": {
    "type": "Point",
    "coordinates": [
     141.3927694,
     -37.59938914
    ]
   },
   "properties": {
    "name": "168 BAHGALLAH ROAD CASTERTON 3311",
    "locID": "LOC000080209497",
    "tech": "FTTN",
    "upgrade": "FTTP_SA",
    "gnaf_pid": "GAVIC422125121",
    "tech_change_status": "Eligible to Order",
    "program_type": "On-Demand N2P SDU/MDU Simple",
    "target_eligibility_quarter": "NA"
   }
  },
  {
   "type": "Feature",
   "geometry": {
    "type": "Point",
    "coordinates": [
     141.39206855,
     -37.59967989
    ]
   },
   "properties": {
    "name": "172 BAHGALLAH ROAD CASTERTON 3311",
    "locID": "LOC000038875047",
    "tech": "FTTP",
    "upgrade": "FTTP_NA",
    "gnaf_pid": "GAVIC422125122",
    "tech_change_status": "Previous Tech Disconnected",
    "program_type": "On-Demand N2P SDU/MDU Simple",
    "target_eligibility_quarter": "NA"
   }
  },
  {
   "type": "Feature",
   "geometry": {
    "type": "Point",
    "coordinates": [
     141.39110304,
     -37.60126368
    ]
   },
   "properties": {
    "name": "191 BAHGALLAH ROAD CASTERTON 3311",
    "locID": "LOC000021027628",
    "tech": "NULL",
    "upgrade": "NULL_NA",
    "gnaf_pid": "GAVIC422125123",
    "tech_change_status": "Not Planned"
   }
  },
  {
   "type": "Feature",
   "geometry": {
    "type": "Point",
    "coordinates": [
     141.42150268,
     -37.57653451
    ]
   },
   "properties": {
    "name": "24 BARTAGUNYAH ROAD CASTERTON 3311",
    "locID": "LOC000181771556",
    "tech": "NULL",
    "upgrade": "NULL_NA",
    "gnaf_pid": "GAVIC422126287",
    "tech_change_status": "Not Planned"
   }
  },
  {
   "type": "Feature",
   "geometry": {
    "type": "Point",
    "coordinates": [
     141.43888961,
     -37.55340198
    ]
   },
   "properties": {
    "name": "402 BARTAGUNYAH ROAD CASTERTON 3311",
    "locID": "LOC000094976688",
    "tech": "NULL",
    "upgrade": "NULL_NA",
    "gnaf_pid": "GAVIC422126288",
    "tech_change_status": "Not Planned"
   }
  },
  {
   "type": "Feature",
   "geometry": {
    "type": "Point",
    "coordinates": [
     141.42019281,
     -37.57229308
    ]
   },
   "properties": {
    "name": "78 BARTAGUNYAH ROAD CASTERTON 3311",
    "locID": "LOC000181771541",
    "tech": "NULL",
    "upgrade": "NULL_NA",
    "gnaf_pid": "GAVIC422126289",
    "tech_change_status": "Not Planned"
   }
  },
  {
   "type": "Feature",
   "geometry": {
    "type": "Point",
    "coordinates": [
     141.329618,
     -37.63392385
    ]
   },
   "properties": {
    "name": "199 CASTERTON-DARTMOOR ROAD CASTERTON 3311",
    "locID": "LOC000019330969",
    "tech": "NULL",
    "upgrade": "NULL_NA",
    "gnaf_pid": "GAVIC422134824",
    "tech_change_status": "Not Planned"
   }
  },
  {
   "type": "Feature",
   "geometry": {
    "type": "Point",
    "coordinates": [
     141.33143769,
     -37.62001996
    ]
   },
   "properties": {
    "name": "42 CASTERTON-DARTMOOR ROAD CASTERTON 3311",
    "locID": "LOC000034256092",
    "tech": "NULL",
    "upgrade": "NULL_NA",
    "gnaf_pid": "GAVIC422134825",
    "tech_change_status": "Not Planned"
   }
  },
  {
   "type": "Feature",
   "geometry": {
    "type": "Point",
    "coordinates": [
     141.45424778,
     -37.54509655
    ]
   },
   "properties": {
    "name": "250 CASTERTON-EDENHOPE ROAD CASTERTON 3311",
    "locID": "LOC000080244764",
    "tech": "NULL",
    "upgrade": "NULL_NA",
    "gnaf_pid": "GAVIC422134837",
    "tech_change_status": "Not Planned"
   }
  },
  {
   "type": "Feature",
   "geometry": {
    "type": "Point",
    "coordinates": [
     141.4574354,
     -37.56099309
    ]
   },
   "properties": {
    "name": "66 CASTERTON-EDENHOPE ROAD CASTERTON 3311",
    "locID": "LOC000031970554",
    "tech": "NULL",
    "upgrade": "NULL_NA",
    "gnaf_pid": "GAVIC422134838",
    "tech_change_status": "Not Planned"
   }
  },
  {
   "type": "Feature",
   "geometry": {
    "type": "Point",
    "coordinates": [
     141.36684815,
     -37.5896169
    ]
   },
   "properties": {
    "name": "24 CASTERTON-PENOLA ROAD CASTERTON 3311",
    "locID": "LOC000093527545",
    "tech": "NULL",
    "upgrade": "NULL_NA",
    "gnaf_pid": "GAVIC422134881",
    "tech_change_status": "Not Planned"
   }
  },
  {
   "type": "Feature",
   "geometry": {
    "type": "Point",
    "coordinates": [
     141.3397316,
     -37.58992726
    ]
   },
   "properties": {
    "name": "274 CASTERTON-PENOLA ROAD CASTERTON 3311",
    "locID": "LOC000006030790",
    "tech": "NULL",
    "upgrade": "NULL_NA",
    "gnaf_pid": "GAVIC422134882",
    "tech_change_status": "Not Planned"
   }
  },
  {
   "type": "Feature",
   "geometry": {
    "type": "Point",
    "coordinates": [
     141.33647954,
     -37.58940091
    ]
   },
   "properties": {
    "name": "290 CASTERTON-PENOLA ROAD CASTERTON 3311",
    "locID": "LOC000124523960",
    "tech": "NULL",
    "upgrade": "NULL_NA",
    "gnaf_pid": "GAVIC422134883",
    "tech_change_status": "Not Planned"
   }
  },
  {
   "type": "Feature",
   "geometry": {
    "type": "Point",
    "coordinates": [
     141.3088044,
     -37.58615444
    ]
   },
   "properties": {
    "name": "545 CASTERTON-PENOLA ROAD CASTERTON 3311",
    "locID": "LOC000047304207",
    "tech": "SATELLITE",
    "upgrade": "NULL_NA",
    "gnaf_pid": "GAVIC422134884",
    "tech_change_status": "Not Planned"
   }
  },
  {
   "type": "Feature",
   "geometry": {
    "type": "Point",
    "coordinates": [
     141.35889748,
     -37.56527057
    ]
   },
   "properties": {
    "name": "162 CORNDALE ROAD CASTERTON 3311",
    "locID": "LOC000058718278",
    "tech": "SATELLITE",
    "upgrade": "NULL_NA",
    "gnaf_pid": "GAVIC422138928",
    "tech_change_status": "Not Planned"
   }
  },
  {
   "type": "Feature",
   "geometry": {
    "type": "Point",
    "coordinates": [
     141.34847213,
     -37.57207303
    ]
   },
   "properties": {
    "name": "254 CORNDALE ROAD CASTERTON 3311",
    "locID": "LOC000124523844",
    "tech": "SATELLITE",
    "upgrade": "NULL_NA",
    "gnaf_pid": "GAVIC422138929",
    "tech_change_status": "Not Planned"
   }
  },
  {
   "type": "Feature",
   "geometry": {
    "type": "Point",
    "coordinates": [
     141.36932079,
     -37.57446135
    ]
   },
   "properties": {
    "name": "49 CORNDALE ROAD CASTERTON 3311",
    "locID": "LOC000001977117",
    "tech": "NULL",
    "upgrade": "NULL_NA",
    "gnaf_pid": "GAVIC422138930",
    "tech_change_status": "Not Planned"
   }
  },
  {
   "type": "Feature",
   "geometry": {
    "type": "Point",
    "coordinates": [
     141.40457061,
     -37.56323214
    ]
   },
   "properties": {
    "name": "112 CUES LANE CASTERTON 3311",
    "locID": "LOC000181770564",
    "tech": "NULL",
    "upgrade": "NULL_NA",
    "gnaf_pid": "GAVIC422140047",
    "tech_change_status": "Not Planned"
   }
  },
  {
   "type": "Feature",
   "geometry": {
    "type": "Point",
    "coordinates": [
     141.39961985,
     -37.61068124
    ]
   },
   "properties": {
    "name": "92 GILMORES ROAD CASTERTON 3311",
    "locID": "LOC000033743441",
    "tech": "NULL",
    "upgrade": "NULL_NA",
    "gnaf_pid": "GAVIC422149314",
    "tech_change_status": "Not Planned"
   }
  },
  {
   "type": "Feature",
   "geometry": {
    "type": "Point",
    "coordinates": [
     141.28646918,
     -37.6282968
    ]
   },
   "properties": {
    "name": "1235 GLENELG HIGHWAY CASTERTON 3311",
    "locID": "LOC000005275011",
    "tech": "NULL",
    "upgrade": "NULL_NA",
    "gnaf_pid": "GAVIC422149729",
    "tech_change_status": "Not Planned"
   }
  },
  {
   "type": "Feature",
   "geometry": {
    "type": "Point",
    "coordinates": [
     141.36948559,
     -37.59176675
    ]
   },
   "properties": {
    "name": "335 GLENELG HIGHWAY CASTERTON 3311",
    "locID": "LOC000181773417",
    "tech": "NULL",
    "upgrade": "NULL_NA",
    "gnaf_pid": "GAVIC422149732",
    "tech_change_status": "Not Planned"
   }
  },
  {
   "type": "Feature",
   "geometry": {
    "type": "Point",
    "coordinates": [
     141.36170694,
     -37.59946138
    ]
   },
   "properties": {
    "name": "459 GLENELG HIGHWAY CASTERTON 3311",
    "locID": "LOC000060536209",
    "tech": "NULL",
    "upgrade": "NULL_NA",
    "gnaf_pid": "GAVIC422149734",
    "tech_change_status": "Not Planned"
   }
  },
  {
   "type": "Feature",
   "geometry": {
    "type": "Point",
    "coordinates": [
     141.36018411,
     -37.60081805
    ]
   },
   "properties": {
    "name": "481 GLENELG HIGHWAY CASTERTON 3311",
    "locID": "LOC000057737264",
    "tech": "NULL",
    "upgrade": "NULL_NA",
    "gnaf_pid": "GAVIC422149735",
    "tech_change_status": "Not Planned"
   }
  },
  {
   "type": "Feature",
   "geometry": {
    "type": "Point",
    "coordinates": [
     141.50227542,
     -37.55882127
    ]
   },
   "properties": {
    "name": "5269 GLENELG HIGHWAY CASTERTON 3311",
    "locID": "LOC000106480658",
    "tech": "SATELLITE",
    "upgrade": "NULL_NA",
    "gnaf_pid": "GAVIC422149736",
    "tech_change_status": "Not Planned"
   }
  },
  {
   "type": "Feature",
   "geometry": {
    "type": "Point",
    "coordinates": [
     141.4776201,
     -37.56575348
    ]
   },
   "properties": {
    "name": "5507 GLENELG HIGHWAY CASTERTON 3311",
    "locID": "LOC000086239916",
    "tech": "NULL",
    "upgrade": "NULL_NA",
    "gnaf_pid": "GAVIC422149737",
    "tech_change_status": "Not Planned"
   }
  },
  {
   "type": "Feature",
   "geometry": {
    "type": "Point",
    "coordinates": [
     141.44929121,
     -37.57327158
    ]
   },
   "properties": {
    "name": "5800 GLENELG HIGHWAY CASTERTON 3311",
    "locID": "LOC000181773396",
    "tech": "NULL",
    "upgrade": "NULL_NA",
    "gnaf_pid": "GAVIC422149739",
    "tech_change_status": "Not Planned"
   }
  },
  {
   "type": "Feature",
   "geometry": {
    "type": "Point",
    "coordinates": [
     141.44361908,
     -37.57501336
    ]
   },
   "properties": {
    "name": "5850 GLENELG HIGHWAY CASTERTON 3311",
    "locID": "LOC000026905197",
    "tech": "NULL",
    "upgrade": "NULL_NA",
    "gnaf_pid": "GAVIC422149740",
    "tech_change_status": "Not Planned"
   }
  },
  {
   "type": "Feature",
   "geometry": {
    "type": "Point",
    "coordinates": [
     141.44307715,
     -37.57528705
    ]
   },
   "properties": {
    "name": "5854 GLENELG HIGHWAY CASTERTON 3311",
    "locID": "LOC000036101971",
    "tech": "NULL",
    "upgrade": "NULL_NA",
    "gnaf_pid": "GAVIC422149741",
    "tech_change_status": "Not Planned"
   }
  },
  {
   "type": "Feature",
   "geometry": {
    "type": "Point",
    "coordinates": [
     141.43560665,
     -37.57682273
    ]
   },
   "properties": {
    "name": "5934 GLENELG HIGHWAY CASTERTON 3311",
    "locID": "LOC000049225304",
    "tech": "NULL",
    "upgrade": "NULL_NA",
    "gnaf_pid": "GAVIC422149742",
    "tech_change_status": "Not Planned"
   }
  },
  {
   "type": "Feature",
   "geometry": {
    "type": "Point",
    "coordinates": [
     141.4206529,
     -37.57996809
    ]
   },
   "properties": {
    "name": "6080 GLENELG HIGHWAY CASTERTON 3311",
    "locID": "LOC000124634365",
    "tech": "FTTP",
    "upgrade": "FTTP_NA",
    "gnaf_pid": "GAVIC422149744",
    "tech_change_status": "Previous Tech Disconnected",
    "program_type": "On-Demand N2P SDU/MDU Simple",
    "target_eligibility_quarter": "NA"
   }
  },
  {
   "type": "Feature",
   "geometry": {
    "type": "Point",
    "coordinates": [
     141.42031705,
     -37.58066333
    ]
   },
   "properties": {
    "name": "6088 GLENELG HIGHWAY CASTERTON 3311",
    "locID": "LOC000124634377",
    "tech": "FTTP",
    "upgrade": "FTTP_NA",
    "gnaf_pid": "GAVIC422149745",
    "tech_change_status": "Previous Tech Disconnected",
    "program_type": "On-Demand N2P SDU/MDU Simple",
    "target_eligibility_quarter": "NA"
   }
  },
  {
   "type": "Feature",
   "geometry": {
    "type": "Point",
    "coordinates": [
     141.42014918,
     -37.58102446
    ]
   },
   "properties": {
    "name": "6090 GLENELG HIGHWAY CASTERTON 3311",
    "locID": "LOC000002974650",
    "tech": "FTTP",
    "upgrade": "FTTP_NA",
    "gnaf_pid": "GAVIC422149746",
    "tech_change_status": "Previous Tech Disconnected",
    "program_type": "On-Demand N2P SDU/MDU Simple",
    "target_eligibility_quarter": "NA"
   }
  },
  {
   "type": "Feature",
   "geometry": {
    "type": "Point",
    "coordinates": [
     141.42003805,
     -37.58140343
    ]
   },
   "properties": {
    "name": "6094 GLENELG HIGHWAY CASTERTON 3311",
    "locID": "LOC000124634383",
    "tech": "FTTP",
    "upgrade": "FTTP_NA",
    "gnaf_pid": "GAVIC422149747",
    "tech_change_status": "Previous Tech Disconnected",
    "program_type": "On-Demand N2P SDU/MDU Simple",
    "target_eligibility_quarter": "NA"
   }
  },
  {
   "type": "Feature",
   "geometry": {
    "type": "Point",
    "coordinates": [
     141.4207763,
     -37.58164933
    ]
   },
   "properties": {
    "name": "6097 GLENELG HIGHWAY CASTERTON 3311",
    "locID": "LOC000113317133",
    "tech": "FTTP",
    "upgrade": "FTTP_NA",
    "gnaf_pid": "GAVIC422149748",
    "tech_change_status": "Previous Tech Disconnected",
    "program_type": "On-Demand N2P SDU/MDU Simple",
    "target_eligibility_quarter": "NA"
   }
  },
  {
   "type": "Feature",
   "geometry": {
    "type": "Point",
    "coordinates": [
     141.4199596,
     -37.58154793
    ]
   },
   "properties": {
    "name": "6098 GLENELG HIGHWAY CASTERTON 3311",
    "locID": "LOC000081464989",
    "tech": "FTTN",
    "upgrade": "FTTP",
    "gnaf_pid": "GAVIC422149749",
    "tech_change_status": "Eligible to Order",
    "program_type": "On-Demand N2P SDU/MDU Simple",
    "target_eligibility_quarter": "NA"
   }
  },
  {
   "type": "Feature",
   "geometry": {
    "type": "Point",
    "coordinates": [
     141.42045181,
     -37.58247456
    ]
   },
   "properties": {
    "name": "6105 GLENELG HIGHWAY CASTERTON 3311",
    "locID": "LOC000065597149",
    "tech": "FTTP",
    "upgrade": "FTTP_NA",
    "gnaf_pid": "GAVIC422149750",
    "tech_change_status": "Previous Tech Disconnected",
    "program_type": "On-Demand N2P SDU/MDU Simple",
    "target_eligibility_quarter": "NA"
   }
  },
  {
   "type": "Feature",
   "geometry": {
    "type": "Point",
    "coordinates": [
     141.41948901,
     -37.58245998
    ]
   },
   "properties": {
    "name": "6108 GLENELG HIGHWAY CASTERTON 3311",
    "locID": "LOC000007618841",
    "tech": "FTTN",
    "upgrade": "FTTP_SA",
    "gnaf_pid": "GAVIC422149751",
    "tech_change_status": "Eligible to Order",
    "program_type": "On-Demand N2P SDU/MDU Simple",
    "target_eligibility_quarter": "NA"
   }
  },
  {
   "type": "Feature",
   "geometry": {
    "type": "Point",
    "coordinates": [
     141.42013718,
     -37.58291735
    ]
   },
   "properties": {
    "name": "6111 GLENELG HIGHWAY CASTERTON 3311",
    "locID": "LOC000097218107",
    "tech": "FTTN",
    "upgrade": "FTTP_SA",
    "gnaf_pid": "GAVIC422149752",
    "tech_change_status": "Eligible to Order",
    "program_type": "On-Demand N2P SDU/MDU Simple",
    "target_eligibility_quarter": "NA"
   }
  },
  {
   "type": "Feature",
   "geometry": {
    "type": "Point",
    "coordinates": [
     141.41966666,
     -37.58371736
    ]
   },
   "properties": {
    "name": "6121 GLENELG HIGHWAY CASTERTON 3311",
    "locID": "LOC000124634401",
    "tech": "FTTN",
    "upgrade": "FTTP",
    "gnaf_pid": "GAVIC422149753",
    "tech_change_status": "Eligible to Order",
    "program_type": "On-Demand N2P SDU/MDU Simple",
    "target_eligibility_quarter": "NA"
   }
  },
  {
   "type": "Feature",
   "geometry": {
    "type": "Point",
    "coordinates": [
     141.41959945,
     -37.58397383
    ]
   },
   "properties": {
    "name": "6123 GLENELG HIGHWAY CASTERTON 3311",
    "locID": "LOC000075514734",
    "tech": "FTTN",
    "upgrade": "FTTP_SA",
    "gnaf_pid": "GAVIC422149754",
    "tech_change_status": "Eligible to Order",
    "program_type": "On-Demand N2P SDU/MDU Simple",
    "target_eligibility_quarter": "NA"
   }
  },
  {
   "type": "Feature",
   "geometry": {
    "type": "Point",
    "coordinates": [
     141.34261345,
     -37.6107402
    ]
   },
   "properties": {
    "name": "674 GLENELG HIGHWAY CASTERTON 3311",
    "locID": "LOC000073279587",
    "tech": "NULL",
    "upgrade": "NULL_NA",
    "gnaf_pid": "GAVIC422149755",
    "tech_change_status": "Not Planned"
   }
  },
  {
   "type": "Feature",
   "geometry": {
    "type": "Point",
    "coordinates": [
     141.32760085,
     -37.61590249
    ]
   },
   "properties": {
    "name": "826 GLENELG HIGHWAY CASTERTON 3311",
    "locID": "LOC000033310518",
    "tech": "NULL",
    "upgrade": "NULL_NA",
    "gnaf_pid": "GAVIC422149756",
    "tech_change_status": "Not Planned"
   }
  },
  {
   "type": "Feature",
   "geometry": {
    "type": "Point",
    "coordinates": [
     141.30986658,
     -37.61819108
    ]
   },
   "properties": {
    "name": "969 GLENELG HIGHWAY CASTERTON 3311",
    "locID": "LOC000031803414",
    "tech": "NULL",
    "upgrade": "NULL_NA",
    "gnaf_pid": "GAVIC422149758",
    "tech_change_status": "Not Planned"
   }
  },
  {
   "type": "Feature",
   "geometry": {
    "type": "Point",
    "coordinates": [
     141.31227768,
     -37.62316385
    ]
   },
   "properties": {
    "name": "975 GLENELG HIGHWAY CASTERTON 3311",
    "locID": "LOC000024783510",
    "tech": "NULL",
    "upgrade": "NULL_NA",
    "gnaf_pid": "GAVIC422149759",
    "tech_change_status": "Not Planned"
   }
  },
  {
   "type": "Feature",
   "geometry": {
    "type": "Point",
    "coordinates": [
     141.38666924,
     -37.58739423
    ]
   },
   "properties": {
    "name": "11 HANSEN ROAD CASTERTON 3311",
    "locID": "LOC000124685178",
    "tech": "FTTP",
    "upgrade": "FTTP_NA",
    "gnaf_pid": "GAVIC422153479",
    "tech_change_status": "Previous Tech Disconnected",
    "program_type": "On-Demand N2P SDU/MDU Simple",
    "target_eligibility_quarter": "NA"
   }
  },
  {
   "type": "Feature",
   "geometry": {
    "type": "Point",
    "coordinates": [
     141.38711115,
     -37.58742885
    ]
   },
   "properties": {
    "name": "12 HANSEN ROAD CASTERTON 3311",
    "locID": "LOC000124689529",
    "tech": "FTTN",
    "upgrade": "FTTP_SA",
    "gnaf_pid": "GAVIC422153480",
    "tech_change_status": "Eligible to Order",
    "program_type": "On-Demand N2P SDU/MDU Simple",
    "target_eligibility_quarter": "NA"
   }
  },
  {
   "type": "Feature",
   "geometry": {
    "type": "Point",
    "coordinates": [
     141.38715493,
     -37.58713126
    ]
   },
   "properties": {
    "name": "16 HANSEN ROAD CASTERTON 3311",
    "locID": "LOC000124689765",
    "tech": "FTTN",
    "upgrade": "FTTP_SA",
    "gnaf_pid": "GAVIC422153481",
    "tech_change_status": "Eligible to Order",
    "program_type": "On-Demand N2P SDU/MDU Simple",
    "target_eligibility_quarter": "NA"
   }
  },
  {
   "type": "Feature",
   "geometry": {
    "type": "Point",
    "coordinates": [
     141.38650735,
     -37.58675483
    ]
   },
   "properties": {
    "name": "19 HANSEN ROAD CASTERTON 3311",
    "locID": "LOC000124694187",
    "tech": "FTTP",
    "upgrade": "FTTP_NA",
    "gnaf_pid": "GAVIC422153482",
    "tech_change_status": "Previous Tech Disconnected",
    "program_type": "On-Demand N2P SDU/MDU Simple",
    "target_eligibility_quarter": "NA"
   }
  },
  {
   "type": "Feature",
   "geometry": {
    "type": "Point",
    "coordinates": [
     141.38668736,
     -37.58651986
    ]
   },
   "properties": {
    "name": "20 HANSEN ROAD CASTERTON 3311",
    "locID": "LOC000051016443",
    "tech": "FTTN",
    "upgrade": "FTTP_SA",
    "gnaf_pid": "GAVIC422153483",
    "tech_change_status": "Eligible to Order",
    "program_type": "On-Demand N2P SDU/MDU Simple",
    "target_eligibility_quarter": "NA"
   }
  },
  {
   "type": "Feature",
   "geometry": {
    "type": "Point",
    "coordinates": [
     141.38586566,
     -37.58532375
    ]
   },
   "properties": {
    "name": "34 HANSEN ROAD CASTERTON 3311",
    "locID": "LOC000067668039",
    "tech": "FTTN",
    "upgrade": "FTTP",
    "gnaf_pid": "GAVIC422153484",
    "tech_change_status": "Eligible to Order",
    "program_type": "On-Demand N2P SDU/MDU Simple",
    "target_eligibility_quarter": "NA"
   }
  },
  {
   "type": "Feature",
   "geometry": {
    "type": "Point",
    "coordinates": [
     141.38533641,
     -37.58153081
    ]
   },
   "properties": {
    "name": "77 HANSEN ROAD CASTERTON 3311",
    "locID": "LOC000076973854",
    "tech": "FTTN",
    "upgrade": "FTTP",
    "gnaf_pid": "GAVIC422153485",
    "tech_change_status": "Eligible to Order",
    "program_type": "On-Demand N2P SDU/MDU Simple",
    "target_eligibility_quarter": "NA"
   }
  },
  {
   "type": "Feature",
   "geometry": {
    "type": "Point",
    "coordinates": [
     141.39858915,
     -37.58590096
    ]
   },
   "properties": {
    "name": "20 HUTTON STREET CASTERTON 3311",
    "locID": "LOC000124698638",
    "tech": "FTTP",
    "upgrade": "FTTP_NA",
    "gnaf_pid": "GAVIC422157996",
    "tech_change_status": "Previous Tech Disconnected",
    "program_type": "On-Demand N2P SDU/MDU Simple",
    "target_eligibility_quarter": "NA"
   }
  },
  {
   "type": "Feature",
   "geometry": {
    "type": "Point",
    "coordinates": [
     141.35324077,
     -37.60531991
    ]
   },
   "properties": {
    "name": "10 MENZIES LANE CASTERTON 3311",
    "locID": "LOC000053227809",
    "tech": "NULL",
    "upgrade": "NULL_NA",
    "gnaf_pid": "GAVIC422170812",
    "tech_change_status": "Not Planned"
   }
  },
  {
   "type": "Feature",
   "geometry": {
    "type": "Point",
    "coordinates": [
     141.37750393,
     -37.58904249
    ]
   },
   "properties": {
    "name": "100 MT GAMBIER ROAD CASTERTON 3311",
    "locID": "LOC000107980905",
    "tech": "FTTP",
    "upgrade": "FTTP_NA",
    "gnaf_pid": "GAVIC422173963",
    "tech_change_status": "Previous Tech Disconnected",
    "program_type": "On-Demand N2P SDU/MDU Simple",
    "target_eligibility_quarter": "NA"
   }
  },
  {
   "type": "Feature",
   "geometry": {
    "type": "Point",
    "coordinates": [
     141.377666,
     -37.589736
    ]
   },
   "properties": {
    "name": "101 MT GAMBIER ROAD CASTERTON 3311",
    "locID": "LOC000020161668",
    "tech": "NULL",
    "upgrade": "NULL_NA",
    "gnaf_pid": "GAVIC422173964",
    "tech_change_status": "Not Planned"
   }
  },
  {
   "type": "Feature",
   "geometry": {
    "type": "Point",
    "coordinates": [
     141.37727745,
     -37.58905223
    ]
   },
   "properties": {
    "name": "102 MT GAMBIER ROAD CASTERTON 3311",
    "locID": "LOC000063345460",
    "tech": "FTTN",
    "upgrade": "FTTP",
    "gnaf_pid": "GAVIC422173965",
    "tech_change_status": "Eligible to Order",
    "program_type": "On-Demand N2P SDU/MDU Simple",
    "target_eligibility_quarter": "NA"
   }
  },
  {
   "type": "Feature",
   "geometry": {
    "type": "Point",
    "coordinates": [
     141.37675891,
     -37.58975176
    ]
   },
   "properties": {
    "name": "105 MT GAMBIER ROAD CASTERTON 3311",
    "locID": "LOC000015137805",
    "tech": "NULL",
    "upgrade": "NULL_NA",
    "gnaf_pid": "GAVIC422173966",
    "tech_change_status": "Not Planned"
   }
  },
  {
   "type": "Feature",
   "geometry": {
    "type": "Point",
    "coordinates": [
     141.37592063,
     -37.5897364
    ]
   },
   "properties": {
    "name": "113 MT GAMBIER ROAD CASTERTON 3311",
    "locID": "LOC000019627348",
    "tech": "SATELLITE",
    "upgrade": "NULL_NA",
    "gnaf_pid": "GAVIC422173967",
    "tech_change_status": "Not Planned"
   }
  },
  {
   "type": "Feature",
   "geometry": {
    "type": "Point",
    "coordinates": [
     141.3755887,
     -37.58905244
    ]
   },
   "properties": {
    "name": "114 MT GAMBIER ROAD CASTERTON 3311",
    "locID": "LOC000103182475",
    "tech": "NULL",
    "upgrade": "NULL_NA",
    "gnaf_pid": "GAVIC422173968",
    "tech_change_status": "Not Planned"
   }
  },
  {
   "type": "Feature",
   "geometry": {
    "type": "Point",
    "coordinates": [
     141.37503736,
     -37.5897843
    ]
   },
   "properties": {
    "name": "115 MT GAMBIER ROAD CASTERTON 3311",
    "locID": "LOC000083717172",
    "tech": "NULL",
    "upgrade": "NULL_NA",
    "gnaf_pid": "GAVIC422173969",
    "tech_change_status": "Not Planned"
   }
  },
  {
   "type": "Feature",
   "geometry": {
    "type": "Point",
    "coordinates": [
     141.37486345,
     -37.58898264
    ]
   },
   "properties": {
    "name": "120 MT GAMBIER ROAD CASTERTON 3311",
    "locID": "LOC000181782835",
    "tech": "NULL",
    "upgrade": "NULL_NA",
    "gnaf_pid": "GAVIC422173970",
    "tech_change_status": "Not Planned"
   }
  },
  {
   "type": "Feature",
   "geometry": {
    "type": "Point",
    "coordinates": [
     141.37449345,
     -37.58974095
    ]
   },
   "properties": {
    "name": "123 MT GAMBIER ROAD CASTERTON 3311",
    "locID": "LOC000181782803",
    "tech": "NULL",
    "upgrade": "NULL_NA",
    "gnaf_pid": "GAVIC422173971",
    "tech_change_status": "Not Planned"
   }
  },
  {
   "type": "Feature",
   "geometry": {
    "type": "Point",
    "coordinates": [
     141.37315839,
     -37.58984048
    ]
   },
   "properties": {
    "name": "135 MT GAMBIER ROAD CASTERTON 3311",
    "locID": "LOC000181782045",
    "tech": "NULL",
    "upgrade": "NULL_NA",
    "gnaf_pid": "GAVIC422173972",
    "tech_change_status": "Not Planned"
   }
  },
  {
   "type": "Feature",
   "geometry": {
    "type": "Point",
    "coordinates": [
     141.37265516,
     -37.58907979
    ]
   },
   "properties": {
    "name": "138 MT GAMBIER ROAD CASTERTON 3311",
    "locID": "LOC000075808320",
    "tech": "NULL",
    "upgrade": "NULL_NA",
    "gnaf_pid": "GAVIC422173973",
    "tech_change_status": "Not Planned"
   }
  },
  {
   "type": "Feature",
   "geometry": {
    "type": "Point",
    "coordinates": [
     141.3724666,
     -37.58988258
    ]
   },
   "properties": {
    "name": "139 MT GAMBIER ROAD CASTERTON 3311",
    "locID": "LOC000057454157",
    "tech": "NULL",
    "upgrade": "NULL_NA",
    "gnaf_pid": "GAVIC422173974",
    "tech_change_status": "Not Planned"
   }
  },
  {
   "type": "Feature",
   "geometry": {
    "type": "Point",
    "coordinates": [
     141.37219075,
     -37.58989872
    ]
   },
   "properties": {
    "name": "141 MT GAMBIER ROAD CASTERTON 3311",
    "locID": "LOC000181782793",
    "tech": "NULL",
    "upgrade": "NULL_NA",
    "gnaf_pid": "GAVIC422173975",
    "tech_change_status": "Not Planned"
   }
  },
  {
   "type": "Feature",
   "geometry": {
    "type": "Point",
    "coordinates": [
     141.37123445,
     -37.58928973
    ]
   },
   "properties": {
    "name": "146 MT GAMBIER ROAD CASTERTON 3311",
    "locID": "LOC000181782111",
    "tech": "NULL",
    "upgrade": "NULL_NA",
    "gnaf_pid": "GAVIC422173976",
    "tech_change_status": "Not Planned"
   }
  },
  {
   "type": "Feature",
   "geometry": {
    "type": "Point",
    "coordinates": [
     141.37065596,
     -37.5900106
    ]
   },
   "properties": {
    "name": "155 MT GAMBIER ROAD CASTERTON 3311",
    "locID": "LOC000032052546",
    "tech": "SATELLITE",
    "upgrade": "NULL_NA",
    "gnaf_pid": "GAVIC422173977",
    "tech_change_status": "Not Planned"
   }
  },
  {
   "type": "Feature",
   "geometry": {
    "type": "Point",
    "coordinates": [
     141.38172689,
     -37.58885248
    ]
   },
   "properties": {
    "name": "68 MT GAMBIER ROAD CASTERTON 3311",
    "locID": "LOC000097374687",
    "tech": "FTTN",
    "upgrade": "FTTP_SA",
    "gnaf_pid": "GAVIC422173978",
    "tech_change_status": "Eligible to Order",
    "program_type": "On-Demand N2P SDU/MDU Simple",
    "target_eligibility_quarter": "NA"
   }
  },
  {
   "type": "Feature",
   "geometry": {
    "type": "Point",
    "coordinates": [
     141.38155036,
     -37.5895793
    ]
   },
   "properties": {
    "name": "69 MT GAMBIER ROAD CASTERTON 3311",
    "locID": "LOC000057244354",
    "tech": "FTTN",
    "upgrade": "FTTP_SA",
    "gnaf_pid": "GAVIC422173979",
    "tech_change_status": "Eligible to Order",
    "program_type": "On-Demand N2P SDU/MDU Simple",
    "target_eligibility_quarter": "NA"
   }
  },
  {
   "type": "Feature",
   "geometry": {
    "type": "Point",
    "coordinates": [
     141.38135348,
     -37.5889258
    ]
   },
   "properties": {
    "name": "70 MT GAMBIER ROAD CASTERTON 3311",
    "locID": "LOC000022637864",
    "tech": "FTTN",
    "upgrade": "FTTP_SA",
    "gnaf_pid": "GAVIC422173980",
    "tech_change_status": "Eligible to Order",
    "program_type": "On-Demand N2P SDU/MDU Simple",
    "target_eligibility_quarter": "NA"
   }
  },
  {
   "type": "Feature",
   "geometry": {
    "type": "Point",
    "coordinates": [
     141.3797001,
     -37.58899423
    ]
   },
   "properties": {
    "name": "84 MT GAMBIER ROAD CASTERTON 3311",
    "locID": "LOC000026052809",
    "tech": "FTTP",
    "upgrade": "FTTP_NA",
    "gnaf_pid": "GAVIC422173981",
    "tech_change_status": "Previous Tech Disconnected",
    "program_type": "On-Demand N2P SDU/MDU Simple",
    "target_eligibility_quarter": "NA"
   }
  },
  {
   "type": "Feature",
   "geometry": {
    "type": "Point",
    "coordinates": [
     141.3791938,
     -37.58966285
    ]
   },
   "properties": {
    "name": "89 MT GAMBIER ROAD CASTERTON 3311",
    "locID": "LOC000005261044",
    "tech": "FTTP",
    "upgrade": "FTTP_NA",
    "gnaf_pid": "GAVIC422173982",
    "tech_change_status": "Previous Tech Disconnected",
    "program_type": "On-Demand N2P SDU/MDU Simple",
    "target_eligibility_quarter": "NA"
   }
  },
  {
   "type": "Feature",
   "geometry": {
    "type": "Point",
    "coordinates": [
     141.37920168,
     -37.5889868
    ]
   },
   "properties": {
    "name": "90 MT GAMBIER ROAD CASTERTON 3311",
    "locID": "LOC000022722692",
    "tech": "FTTP",
    "upgrade": "FTTP_NA",
    "gnaf_pid": "GAVIC422173983",
    "tech_change_status": "Previous Tech Disconnected",
    "program_type": "On-Demand N2P SDU/MDU Simple",
    "target_eligibility_quarter": "NA"
   }
  },
  {
   "type": "Feature",
   "geometry": {
    "type": "Point",
    "coordinates": [
     141.3786616,
     -37.58970063
    ]
   },
   "properties": {
    "name": "91 MT GAMBIER ROAD CASTERTON 3311",
    "locID": "LOC000036065380",
    "tech": "NULL",
    "upgrade": "NULL_NA",
    "gnaf_pid": "GAVIC422173984",
    "tech_change_status": "Not Planned"
   }
  },
  {
   "type": "Feature",
   "geometry": {
    "type": "Point",
    "coordinates": [
     141.37864676,
     -37.5890066
    ]
   },
   "properties": {
    "name": "92 MT GAMBIER ROAD CASTERTON 3311",
    "locID": "LOC000022714666",
    "tech": "FTTN",
    "upgrade": "FTTP_SA",
    "gnaf_pid": "GAVIC422173985",
    "tech_change_status": "Eligible to Order",
    "program_type": "On-Demand N2P SDU/MDU Simple",
    "target_eligibility_quarter": "NA"
   }
  },
  {
   "type": "Feature",
   "geometry": {
    "type": "Point",
    "coordinates": [
     141.37832956,
     -37.58899863
    ]
   },
   "properties": {
    "name": "96 MT GAMBIER ROAD CASTERTON 3311",
    "locID": "LOC000068054918",
    "tech": "FTTP",
    "upgrade": "FTTP_NA",
    "gnaf_pid": "GAVIC422173986",
    "tech_change_status": "Previous Tech Disconnected",
    "program_type": "On-Demand N2P SDU/MDU Simple",
    "target_eligibility_quarter": "NA"
   }
  },
  {
   "type": "Feature",
   "geometry": {
    "type": "Point",
    "coordinates": [
     141.37776331,
     -37.58901846
    ]
   },
   "properties": {
    "name": "98 MT GAMBIER ROAD CASTERTON 3311",
    "locID": "LOC000089260544",
    "tech": "FTTP",
    "upgrade": "FTTP_NA",
    "gnaf_pid": "GAVIC422173987",
    "tech_change_status": "Previous Tech Disconnected",
    "program_type": "On-Demand N2P SDU/MDU Simple",
    "target_eligibility_quarter": "NA"
   }
  },
  {
   "type": "Feature",
   "geometry": {
    "type": "Point",
    "coordinates": [
     141.40376955,
     -37.5742494
    ]
   },
   "properties": {
    "name": "112 NOSS RETREAT ROAD CASTERTON 3311",
    "locID": "LOC000058103337",
    "tech": "SATELLITE",
    "upgrade": "NULL_NA",
    "gnaf_pid": "GAVIC422177939",
    "tech_change_status": "Not Planned"
   }
  },
  {
   "type": "Feature",
   "geometry": {
    "type": "Point",
    "coordinates": [
     141.40918757,
     -37.58119433
    ]
   },
   "properties": {
    "name": "19 NOSS RETREAT ROAD CASTERTON 3311",
    "locID": "LOC000124694194",
    "tech": "FTTP",
    "upgrade": "FTTP_NA",
    "gnaf_pid": "GAVIC422177940",
    "tech_change_status": "Previous Tech Disconnected",
    "program_type": "On-Demand N2P SDU/MDU Simple",
    "target_eligibility_quarter": "NA"
   }
  },
  {
   "type": "Feature",
   "geometry": {
    "type": "Point",
    "coordinates": [
     141.39834016,
     -37.56271251
    ]
   },
   "properties": {
    "name": "272 NOSS RETREAT ROAD CASTERTON 3311",
    "locID": "LOC000181773159",
    "tech": "NULL",
    "upgrade": "NULL_NA",
    "gnaf_pid": "GAVIC422177941",
    "tech_change_status": "Not Planned"
   }
  },
  {
   "type": "Feature",
   "geometry": {
    "type": "Point",
    "coordinates": [
     141.4016553,
     -37.56014143
    ]
   },
   "properties": {
    "name": "312 NOSS RETREAT ROAD CASTERTON 3311",
    "locID": "LOC000069595715",
    "tech": "NULL",
    "upgrade": "NULL_NA",
    "gnaf_pid": "GAVIC422177942",
    "tech_change_status": "Not Planned"
   }
  },
  {
   "type": "Feature",
   "geometry": {
    "type": "Point",
    "coordinates": [
     141.40494364,
     -37.55684025
    ]
   },
   "properties": {
    "name": "359 NOSS RETREAT ROAD CASTERTON 3311",
    "locID": "LOC000115748564",
    "tech": "NULL",
    "upgrade": "NULL_NA",
    "gnaf_pid": "GAVIC422177943",
    "tech_change_status": "Not Planned"
   }
  },
  {
   "type": "Feature",
   "geometry": {
    "type": "Point",
    "coordinates": [
     141.40549978,
     -37.55709073
    ]
   },
   "properties": {
    "name": "360 NOSS RETREAT ROAD CASTERTON 3311",
    "locID": "LOC000181773163",
    "tech": "NULL",
    "upgrade": "NULL_NA",
    "gnaf_pid": "GAVIC422177944",
    "tech_change_status": "Not Planned"
   }
  },
  {
   "type": "Feature",
   "geometry": {
    "type": "Point",
    "coordinates": [
     141.40945605,
     -37.5538412
    ]
   },
   "properties": {
    "name": "410 NOSS RETREAT ROAD CASTERTON 3311",
    "locID": "LOC000181773185",
    "tech": "NULL",
    "upgrade": "NULL_NA",
    "gnaf_pid": "GAVIC422177945",
    "tech_change_status": "Not Planned"
   }
  },
  {
   "type": "Feature",
   "geometry": {
    "type": "Point",
    "coordinates": [
     141.40740599,
     -37.57862648
    ]
   },
   "properties": {
    "name": "48 NOSS RETREAT ROAD CASTERTON 3311",
    "locID": "LOC000059284041",
    "tech": "FTTN",
    "upgrade": "FTTP",
    "gnaf_pid": "GAVIC422177946",
    "tech_change_status": "Eligible to Order",
    "program_type": "On-Demand N2P SDU/MDU Simple",
    "target_eligibility_quarter": "NA"
   }
  },
  {
   "type": "Feature",
   "geometry": {
    "type": "Point",
    "coordinates": [
     141.40577915,
     -37.5772516
    ]
   },
   "properties": {
    "name": "59 NOSS RETREAT ROAD CASTERTON 3311",
    "locID": "LOC000023516807",
    "tech": "FTTN",
    "upgrade": "FTTP",
    "gnaf_pid": "GAVIC422177947",
    "tech_change_status": "Eligible to Order",
    "program_type": "On-Demand N2P SDU/MDU Simple",
    "target_eligibility_quarter": "NA"
   }
  },
  {
   "type": "Feature",
   "geometry": {
    "type": "Point",
    "coordinates": [
     141.41310108,
     -37.53118649
    ]
   },
   "properties": {
    "name": "717 NOSS RETREAT ROAD CASTERTON 3311",
    "locID": "LOC000098672740",
    "tech": "NULL",
    "upgrade": "NULL_NA",
    "gnaf_pid": "GAVIC422177948",
    "tech_change_status": "Not Planned"
   }
  },
  {
   "type": "Feature",
   "geometry": {
    "type": "Point",
    "coordinates": [
     141.41080865,
     -37.52880636
    ]
   },
   "properties": {
    "name": "749 NOSS RETREAT ROAD CASTERTON 3311",
    "locID": "LOC000004291088",
    "tech": "SATELLITE",
    "upgrade": "NULL_NA",
    "gnaf_pid": "GAVIC422177950",
    "tech_change_status": "Not Planned"
   }
  },
  {
   "type": "Feature",
   "geometry": {
    "type": "Point",
    "coordinates": [
     141.38077815,
     -37.59605735
    ]
   },
   "properties": {
    "name": "114 OLD MT GAMBIER ROAD CASTERTON 3311",
    "locID": "LOC000103182475",
    "tech": "NULL",
    "upgrade": "NULL_NA",
    "gnaf_pid": "GAVIC422178694",
    "tech_change_status": "Not Planned"
   }
  },
  {
   "type": "Feature",
   "geometry": {
    "type": "Point",
    "coordinates": [
     141.38301981,
     -37.59580675
    ]
   },
   "properties": {
    "name": "133 OLD MT GAMBIER ROAD CASTERTON 3311",
    "locID": "LOC000038400835",
    "tech": "FTTP",
    "upgrade": "FTTP_NA",
    "gnaf_pid": "GAVIC422178695",
    "tech_change_status": "Previous Tech Disconnected",
    "program_type": "On-Demand N2P SDU/MDU Simple",
    "target_eligibility_quarter": "NA"
   }
  },
  {
   "type": "Feature",
   "geometry": {
    "type": "Point",
    "coordinates": [
     141.38643432,
     -37.59653111
    ]
   },
   "properties": {
    "name": "162 OLD MT GAMBIER ROAD CASTERTON 3311",
    "locID": "LOC000074944209",
    "tech": "NULL",
    "upgrade": "NULL_NA",
    "gnaf_pid": "GAVIC422178697",
    "tech_change_status": "Not Planned"
   }
  },
  {
   "type": "Feature",
   "geometry": {
    "type": "Point",
    "coordinates": [
     141.38734,
     -37.59661919
    ]
   },
   "properties": {
    "name": "170 OLD MT GAMBIER ROAD CASTERTON 3311",
    "locID": "LOC000060298571",
    "tech": "FTTP",
    "upgrade": "FTTP_NA",
    "gnaf_pid": "GAVIC422178698",
    "tech_change_status": "Previous Tech Disconnected",
    "program_type": "On-Demand N2P SDU/MDU Simple",
    "target_eligibility_quarter": "NA"
   }
  },
  {
   "type": "Feature",
   "geometry": {
    "type": "Point",
    "coordinates": [
     141.38976459,
     -37.59685162
    ]
   },
   "properties": {
    "name": "190 OLD MT GAMBIER ROAD CASTERTON 3311",
    "locID": "LOC000046284495",
    "tech": "FTTN",
    "upgrade": "FTTP_SA",
    "gnaf_pid": "GAVIC422178699",
    "tech_change_status": "Eligible to Order",
    "program_type": "On-Demand N2P SDU/MDU Simple",
    "target_eligibility_quarter": "NA"
   }
  },
  {
   "type": "Feature",
   "geometry": {
    "type": "Point",
    "coordinates": [
     141.39144385,
     -37.59702809
    ]
   },
   "properties": {
    "name": "204 OLD MT GAMBIER ROAD CASTERTON 3311",
    "locID": "LOC000107952137",
    "tech": "FTTN",
    "upgrade": "FTTP",
    "gnaf_pid": "GAVIC422178700",
    "tech_change_status": "Eligible to Order",
    "program_type": "On-Demand N2P SDU/MDU Simple",
    "target_eligibility_quarter": "NA"
   }
  },
  {
   "type": "Feature",
   "geometry": {
    "type": "Point",
    "coordinates": [
     141.39422869,
     -37.59684245
    ]
   },
   "properties": {
    "name": "229 OLD MT GAMBIER ROAD CASTERTON 3311",
    "locID": "LOC000124698714",
    "tech": "FTTP",
    "upgrade": "FTTP_NA",
    "gnaf_pid": "GAVIC422178701",
    "tech_change_status": "Previous Tech Disconnected",
    "program_type": "On-Demand N2P SDU/MDU Simple",
    "target_eligibility_quarter": "NA"
   }
  },
  {
   "type": "Feature",
   "geometry": {
    "type": "Point",
    "coordinates": [
     141.39444227,
     -37.59685072
    ]
   },
   "properties": {
    "name": "231 OLD MT GAMBIER ROAD CASTERTON 3311",
    "locID": "LOC000037780742",
    "tech": "FTTP",
    "upgrade": "FTTP_NA",
    "gnaf_pid": "GAVIC422178702",
    "tech_change_status": "Previous Tech Disconnected",
    "program_type": "On-Demand N2P SDU/MDU Simple",
    "target_eligibility_quarter": "NA"
   }
  },
  {
   "type": "Feature",
   "geometry": {
    "type": "Point",
    "coordinates": [
     141.39449165,
     -37.59730125
    ]
   },
   "properties": {
    "name": "232 OLD MT GAMBIER ROAD CASTERTON 3311",
    "locID": "LOC000022770421",
    "tech": "FTTN",
    "upgrade": "FTTP_SA",
    "gnaf_pid": "GAVIC422178703",
    "tech_change_status": "Eligible to Order",
    "program_type": "On-Demand N2P SDU/MDU Simple",
    "target_eligibility_quarter": "NA"
   }
  },
  {
   "type": "Feature",
   "geometry": {
    "type": "Point",
    "coordinates": [
     141.3957215,
     -37.59695114
    ]
   },
   "properties": {
    "name": "239 OLD MT GAMBIER ROAD CASTERTON 3311",
    "locID": "LOC000124698733",
    "tech": "FTTP",
    "upgrade": "FTTP_NA",
    "gnaf_pid": "GAVIC422178704",
    "tech_change_status": "Previous Tech Disconnected",
    "program_type": "On-Demand N2P SDU/MDU Simple",
    "target_eligibility_quarter": "NA"
   }
  },
  {
   "type": "Feature",
   "geometry": {
    "type": "Point",
    "coordinates": [
     141.36862763,
     -37.59695223
    ]
   },
   "properties": {
    "name": "2 OLD MT GAMBIER ROAD CASTERTON 3311",
    "locID": "LOC000085266881",
    "tech": "NULL",
    "upgrade": "NULL_NA",
    "gnaf_pid": "GAVIC422178705",
    "tech_change_status": "Not Planned"
   }
  },
  {
   "type": "Feature",
   "geometry": {
    "type": "Point",
    "coordinates": [
     141.37451099,
     -37.59550055
    ]
   },
   "properties": {
    "name": "60 OLD MT GAMBIER ROAD CASTERTON 3311",
    "locID": "LOC000055260589",
    "tech": "NULL",
    "upgrade": "NULL_NA",
    "gnaf_pid": "GAVIC422178706",
    "tech_change_status": "Not Planned"
   }
  },
  {
   "type": "Feature",
   "geometry": {
    "type": "Point",
    "coordinates": [
     141.37560793,
     -37.5951275
    ]
   },
   "properties": {
    "name": "69 OLD MT GAMBIER ROAD CASTERTON 3311",
    "locID": "LOC000085318667",
    "tech": "NULL",
    "upgrade": "NULL_NA",
    "gnaf_pid": "GAVIC422178707",
    "tech_change_status": "Not Planned"
   }
  },
  {
   "type": "Feature",
   "geometry": {
    "type": "Point",
    "coordinates": [
     141.37755951,
     -37.59576125
    ]
   },
   "properties": {
    "name": "86 OLD MT GAMBIER ROAD CASTERTON 3311",
    "locID": "LOC000058928723",
    "tech": "NULL",
    "upgrade": "NULL_NA",
    "gnaf_pid": "GAVIC422178708",
    "tech_change_status": "Not Planned"
   }
  },
  {
   "type": "Feature",
   "geometry": {
    "type": "Point",
    "coordinates": [
     141.37842073,
     -37.59582159
    ]
   },
   "properties": {
    "name": "94 OLD MT GAMBIER ROAD CASTERTON 3311",
    "locID": "LOC000081265216",
    "tech": "NULL",
    "upgrade": "NULL_NA",
    "gnaf_pid": "GAVIC422178709",
    "tech_change_status": "Not Planned"
   }
  },
  {
   "type": "Feature",
   "geometry": {
    "type": "Point",
    "coordinates": [
     141.43875958,
     -37.59684758
    ]
   },
   "properties": {
    "name": "6164 PORTLAND-CASTERTON ROAD CASTERTON 3311",
    "locID": "LOC000181771017",
    "tech": "NULL",
    "upgrade": "NULL_NA",
    "gnaf_pid": "GAVIC422182531",
    "tech_change_status": "Not Planned"
   }
  },
  {
   "type": "Feature",
   "geometry": {
    "type": "Point",
    "coordinates": [
     141.42147729,
     -37.58557155
    ]
   },
   "properties": {
    "name": "6364 PORTLAND-CASTERTON ROAD CASTERTON 3311",
    "locID": "LOC000023470686",
    "tech": "FTTN",
    "upgrade": "FTTP",
    "gnaf_pid": "GAVIC422182533",
    "tech_change_status": "Eligible to Order",
    "program_type": "On-Demand N2P SDU/MDU Simple",
    "target_eligibility_quarter": "NA"
   }
  },
  {
   "type": "Feature",
   "geometry": {
    "type": "Point",
    "coordinates": [
     141.4199123,
     -37.58522559
    ]
   },
   "properties": {
    "name": "6375 PORTLAND-CASTERTON ROAD CASTERTON 3311",
    "locID": "LOC000065446921",
    "tech": "FTTP",
    "upgrade": "FTTP_NA",
    "gnaf_pid": "GAVIC422182534",
    "tech_change_status": "Previous Tech Disconnected",
    "program_type": "On-Demand N2P SDU/MDU Simple",
    "target_eligibility_quarter": "NA"
   }
  },
  {
   "type": "Feature",
   "geometry": {
    "type": "Point",
    "coordinates": [
     141.41953665,
     -37.58489345
    ]
   },
   "properties": {
    "name": "6381 PORTLAND-CASTERTON ROAD CASTERTON 3311",
    "locID": "LOC000098257331",
    "tech": "FTTP",
    "upgrade": "FTTP_NA",
    "gnaf_pid": "GAVIC422182535",
    "tech_change_status": "Previous Tech Disconnected",
    "program_type": "On-Demand N2P SDU/MDU Simple",
    "target_eligibility_quarter": "NA"
   }
  },
  {
   "type": "Feature",
   "geometry": {
    "type": "Point",
    "coordinates": [
     141.40974725,
     -37.58412176
    ]
   },
   "properties": {
    "name": "10 RACECOURSE ROAD CASTERTON 3311",
    "locID": "LOC000124685121",
    "tech": "FTTP",
    "upgrade": "FTTP_NA",
    "gnaf_pid": "GAVIC422184495",
    "tech_change_status": "Previous Tech Disconnected",
    "program_type": "On-Demand N2P SDU/MDU Simple",
    "target_eligibility_quarter": "NA"
   }
  },
  {
   "type": "Feature",
   "geometry": {
    "type": "Point",
    "coordinates": [
     141.41036061,
     -37.59283054
    ]
   },
   "properties": {
    "name": "113 RACECOURSE ROAD CASTERTON 3311",
    "locID": "LOC000005301160",
    "tech": "FTTN",
    "upgrade": "FTTP",
    "gnaf_pid": "GAVIC422184496",
    "tech_change_status": "Eligible to Order",
    "program_type": "On-Demand N2P SDU/MDU Simple",
    "target_eligibility_quarter": "NA"
   }
  },
  {
   "type": "Feature",
   "geometry": {
    "type": "Point",
    "coordinates": [
     141.4106017,
     -37.59341559
    ]
   },
   "properties": {
    "name": "119 RACECOURSE ROAD CASTERTON 3311",
    "locID": "LOC000010184353",
    "tech": "FTTN",
    "upgrade": "FTTP",
    "gnaf_pid": "GAVIC422184497",
    "tech_change_status": "Eligible to Order",
    "program_type": "On-Demand N2P SDU/MDU Simple",
    "target_eligibility_quarter": "NA"
   }
  },
  {
   "type": "Feature",
   "geometry": {
    "type": "Point",
    "coordinates": [
     141.41128181,
     -37.59555843
    ]
   },
   "properties": {
    "name": "145 RACECOURSE ROAD CASTERTON 3311",
    "locID": "LOC000015927843",
    "tech": "FTTP",
    "upgrade": "FTTP_NA",
    "gnaf_pid": "GAVIC422184499",
    "tech_change_status": "Previous Tech Disconnected",
    "program_type": "On-Demand N2P SDU/MDU Simple",
    "target_eligibility_quarter": "NA"
   }
  },
  {
   "type": "Feature",
   "geometry": {
    "type": "Point",
    "coordinates": [
     141.41153602,
     -37.5963288
    ]
   },
   "properties": {
    "name": "153 RACECOURSE ROAD CASTERTON 3311",
    "locID": "LOC000051209412",
    "tech": "FTTP",
    "upgrade": "FTTP_NA",
    "gnaf_pid": "GAVIC422184501",
    "tech_change_status": "Previous Tech Disconnected",
    "program_type": "On-Demand N2P SDU/MDU Simple",
    "target_eligibility_quarter": "NA"
   }
  },
  {
   "type": "Feature",
   "geometry": {
    "type": "Point",
    "coordinates": [
     141.41241634,
     -37.59889994
    ]
   },
   "properties": {
    "name": "183 RACECOURSE ROAD CASTERTON 3311",
    "locID": "LOC000124519710",
    "tech": "SATELLITE",
    "upgrade": "NULL_NA",
    "gnaf_pid": "GAVIC422184502",
    "tech_change_status": "Not Planned"
   }
  },
  {
   "type": "Feature",
   "geometry": {
    "type": "Point",
    "coordinates": [
     141.41016118,
     -37.58332198
    ]
   },
   "properties": {
    "name": "2 RACECOURSE ROAD CASTERTON 3311",
    "locID": "LOC000124694276",
    "tech": "FTTN",
    "upgrade": "FTTP_SA",
    "gnaf_pid": "GAVIC422184504",
    "tech_change_status": "Eligible to Order",
    "program_type": "On-Demand N2P SDU/MDU Simple",
    "target_eligibility_quarter": "NA"
   }
  },
  {
   "type": "Feature",
   "geometry": {
    "type": "Point",
    "coordinates": [
     141.41048039,
     -37.58369944
    ]
   },
   "properties": {
    "name": "3 RACECOURSE ROAD CASTERTON 3311",
    "locID": "LOC000124698906",
    "tech": "FTTN",
    "upgrade": "FTTP_SA",
    "gnaf_pid": "GAVIC422184505",
    "tech_change_status": "Eligible to Order",
    "program_type": "On-Demand N2P SDU/MDU Simple",
    "target_eligibility_quarter": "NA"
   }
  },
  {
   "type": "Feature",
   "geometry": {
    "type": "Point",
    "coordinates": [
     141.41716579,
     -37.58626288
    ]
   },
   "properties": {
    "name": "21 RHODES STREET CASTERTON 3311",
    "locID": "LOC000124698672",
    "tech": "FTTP",
    "upgrade": "FTTP_NA",
    "gnaf_pid": "GAVIC422185730",
    "tech_change_status": "Previous Tech Disconnected",
    "program_type": "On-Demand N2P SDU/MDU Simple",
    "target_eligibility_quarter": "NA"
   }
  },
  {
   "type": "Feature",
   "geometry": {
    "type": "Point",
    "coordinates": [
     141.4171221,
     -37.58675019
    ]
   },
   "properties": {
    "name": "29 RHODES STREET CASTERTON 3311",
    "locID": "LOC000124698877",
    "tech": "FTTN",
    "upgrade": "FTTP",
    "gnaf_pid": "GAVIC422185731",
    "tech_change_status": "Eligible to Order",
    "program_type": "On-Demand N2P SDU/MDU Simple",
    "target_eligibility_quarter": "NA"
   }
  },
  {
   "type": "Feature",
   "geometry": {
    "type": "Point",
    "coordinates": [
     141.41357164,
     -37.58539145
    ]
   },
   "properties": {
    "name": "31 ROBERTSON STREET CASTERTON 3311",
    "locID": "LOC000025174980",
    "tech": "FTTN",
    "upgrade": "FTTP_SA",
    "gnaf_pid": "GAVIC422186541",
    "tech_change_status": "Eligible to Order",
    "program_type": "On-Demand N2P SDU/MDU Simple",
    "target_eligibility_quarter": "NA"
   }
  },
  {
   "type": "Feature",
   "geometry": {
    "type": "Point",
    "coordinates": [
     141.39675055,
     -37.63016591
    ]
   },
   "properties": {
    "name": "577 SANDFORD-BAHGALLAH ROAD CASTERTON 3311",
    "locID": "LOC000058154411",
    "tech": "NULL",
    "upgrade": "NULL_NA",
    "gnaf_pid": "GAVIC422188215",
    "tech_change_status": "Not Planned"
   }
  },
  {
   "type": "Feature",
   "geometry": {
    "type": "Point",
    "coordinates": [
     141.37900519,
     -37.63497811
    ]
   },
   "properties": {
    "name": "628 BAHGALLAH ROAD CASTERTON 3311",
    "locID": "LOC000181771491",
    "tech": "NULL",
    "upgrade": "NULL_NA",
    "gnaf_pid": "GAVIC422275411",
    "tech_change_status": "Not Planned"
   }
  },
  {
   "type": "Feature",
   "geometry": {
    "type": "Point",
    "coordinates": [
     141.40118507,
     -37.58640569
    ]
   },
   "properties": {
    "name": "UNIT 1, 162 HENTY STREET CASTERTON 3311",
    "locID": "LOC000124684940",
    "tech": "FTTN",
    "upgrade": "FTTP_SA",
    "gnaf_pid": "GAVIC422297780",
    "tech_change_status": "Eligible to Order",
    "program_type": "On-Demand N2P SDU/MDU Simple",
    "target_eligibility_quarter": "NA"
   }
  },
  {
   "type": "Feature",
   "geometry": {
    "type": "Point",
    "coordinates": [
     141.40103379,
     -37.58622142
    ]
   },
   "properties": {
    "name": "UNIT 2, 162 HENTY STREET CASTERTON 3311",
    "locID": "LOC000031009958",
    "tech": "FTTN",
    "upgrade": "FTTP_SA",
    "gnaf_pid": "GAVIC422297782",
    "tech_change_status": "Eligible to Order",
    "program_type": "On-Demand N2P SDU/MDU Simple",
    "target_eligibility_quarter": "NA"
   }
  },
  {
   "type": "Feature",
   "geometry": {
    "type": "Point",
    "coordinates": [
     141.40027228,
     -37.5866004
    ]
   },
   "properties": {
    "name": "UNIT 2, 174 HENTY STREET CASTERTON 3311",
    "locID": "LOC000025235950",
    "tech": "FTTN",
    "upgrade": "FTTP_SA",
    "gnaf_pid": "GAVIC422297783",
    "tech_change_status": "Eligible to Order",
    "program_type": "On-Demand N2P SDU/MDU Simple",
    "target_eligibility_quarter": "NA"
   }
  },
  {
   "type": "Feature",
   "geometry": {
    "type": "Point",
    "coordinates": [
     141.39507007,
     -37.58985732
    ]
   },
   "properties": {
    "name": "UNIT 5, 223 HENTY STREET CASTERTON 3311",
    "locID": "LOC000050213835",
    "tech": "FTTN",
    "upgrade": "FTTP_NA",
    "gnaf_pid": "GAVIC422297785",
    "tech_change_status": "MDU Complex Eligible To Apply",
    "program_type": "Customer-initiated N2P MDU Complex"
   }
  },
  {
   "type": "Feature",
   "geometry": {
    "type": "Point",
    "coordinates": [
     141.39507007,
     -37.58985732
    ]
   },
   "properties": {
    "name": "UNIT 6, 223 HENTY STREET CASTERTON 3311",
    "locID": "LOC000050070577",
    "tech": "FTTN",
    "upgrade": "FTTP_NA",
    "gnaf_pid": "GAVIC422297786",
    "tech_change_status": "MDU Complex Eligible To Apply",
    "program_type": "Customer-initiated N2P MDU Complex"
   }
  },
  {
   "type": "Feature",
   "geometry": {
    "type": "Point",
    "coordinates": [
     141.40417054,
     -37.5853658
    ]
   },
   "properties": {
    "name": "101 HENTY STREET CASTERTON 3311",
    "locID": "LOC000103842806",
    "tech": "FTTP",
    "upgrade": "FTTP_NA",
    "gnaf_pid": "GAVIC422297788",
    "tech_change_status": "Previous Tech Disconnected",
    "program_type": "On-Demand N2P SDU/MDU Simple",
    "target_eligibility_quarter": "NA"
   }
  },
  {
   "type": "Feature",
   "geometry": {
    "type": "Point",
    "coordinates": [
     141.40450785,
     -37.58469908
    ]
   },
   "properties": {
    "name": "104 HENTY STREET CASTERTON 3311",
    "locID": "LOC000124685150",
    "tech": "FTTN",
    "upgrade": "FTTP_SA",
    "gnaf_pid": "GAVIC422297790",
    "tech_change_status": "Eligible to Order",
    "program_type": "On-Demand N2P SDU/MDU Simple",
    "target_eligibility_quarter": "NA"
   }
  },
  {
   "type": "Feature",
   "geometry": {
    "type": "Point",
    "coordinates": [
     141.40435984,
     -37.5847751
    ]
   },
   "properties": {
    "name": "106-112 HENTY STREET CASTERTON 3311",
    "locID": "LOC000124685166",
    "tech": "FTTP",
    "upgrade": "FTTP_NA",
    "gnaf_pid": "GAVIC422297791",
    "tech_change_status": "Previous Tech Disconnected",
    "program_type": "On-Demand N2P SDU/MDU Simple",
    "target_eligibility_quarter": "NA"
   }
  },
  {
   "type": "Feature",
   "geometry": {
    "type": "Point",
    "coordinates": [
     141.40421926,
     -37.58484729
    ]
   },
   "properties": {
    "name": "114 HENTY STREET CASTERTON 3311",
    "locID": "LOC000021101129",
    "tech": "FTTN",
    "upgrade": "FTTP_SA",
    "gnaf_pid": "GAVIC422297792",
    "tech_change_status": "Eligible to Order",
    "program_type": "On-Demand N2P SDU/MDU Simple",
    "target_eligibility_quarter": "NA"
   }
  },
  {
   "type": "Feature",
   "geometry": {
    "type": "Point",
    "coordinates": [
     141.40409325,
     -37.5849307
    ]
   },
   "properties": {
    "name": "116-118 HENTY STREET CASTERTON 3311",
    "locID": "LOC000006215892",
    "tech": "FTTN",
    "upgrade": "FTTP_SA",
    "gnaf_pid": "GAVIC422297793",
    "tech_change_status": "Eligible to Order",
    "program_type": "On-Demand N2P SDU/MDU Simple",
    "target_eligibility_quarter": "NA"
   }
  },
  {
   "type": "Feature",
   "geometry": {
    "type": "Point",
    "coordinates": [
     141.40746556,
     -37.58367036
    ]
   },
   "properties": {
    "name": "11 HENTY STREET CASTERTON 3311",
    "locID": "LOC000016011816",
    "tech": "FTTN",
    "upgrade": "FTTP_SA",
    "gnaf_pid": "GAVIC422297795",
    "tech_change_status": "Eligible to Order",
    "program_type": "On-Demand N2P SDU/MDU Simple",
    "target_eligibility_quarter": "NA"
   }
  },
  {
   "type": "Feature",
   "geometry": {
    "type": "Point",
    "coordinates": [
     141.40401495,
     -37.58498438
    ]
   },
   "properties": {
    "name": "120 HENTY STREET CASTERTON 3311",
    "locID": "LOC000042373057",
    "tech": "FTTP",
    "upgrade": "FTTP_NA",
    "gnaf_pid": "GAVIC422297796",
    "tech_change_status": "Previous Tech Disconnected",
    "program_type": "On-Demand N2P SDU/MDU Simple",
    "target_eligibility_quarter": "NA"
   }
  },
  {
   "type": "Feature",
   "geometry": {
    "type": "Point",
    "coordinates": [
     141.40351118,
     -37.58521744
    ]
   },
   "properties": {
    "name": "126 HENTY STREET CASTERTON 3311",
    "locID": "LOC000035760567",
    "tech": "FTTP",
    "upgrade": "FTTP_NA",
    "gnaf_pid": "GAVIC422297798",
    "tech_change_status": "Previous Tech Disconnected",
    "program_type": "On-Demand N2P SDU/MDU Simple",
    "target_eligibility_quarter": "NA"
   }
  },
  {
   "type": "Feature",
   "geometry": {
    "type": "Point",
    "coordinates": [
     141.40351118,
     -37.58521744
    ]
   },
   "properties": {
    "name": "126A HENTY STREET CASTERTON 3311",
    "locID": "LOC000124689604",
    "tech": "FTTP",
    "upgrade": "FTTP_NA",
    "gnaf_pid": "GAVIC422297799",
    "tech_change_status": "Previous Tech Disconnected",
    "program_type": "On-Demand N2P SDU/MDU Simple",
    "target_eligibility_quarter": "NA"
   }
  },
  {
   "type": "Feature",
   "geometry": {
    "type": "Point",
    "coordinates": [
     141.40331935,
     -37.58531544
    ]
   },
   "properties": {
    "name": "128 HENTY STREET CASTERTON 3311",
    "locID": "LOC000124689627",
    "tech": "FTTP",
    "upgrade": "FTTP_NA",
    "gnaf_pid": "GAVIC422297802",
    "tech_change_status": "Previous Tech Disconnected",
    "program_type": "On-Demand N2P SDU/MDU Simple",
    "target_eligibility_quarter": "NA"
   }
  },
  {
   "type": "Feature",
   "geometry": {
    "type": "Point",
    "coordinates": [
     141.40738306,
     -37.5832132
    ]
   },
   "properties": {
    "name": "12-14 HENTY STREET CASTERTON 3311",
    "locID": "LOC000107194721",
    "tech": "FTTN",
    "upgrade": "FTTP_SA",
    "gnaf_pid": "GAVIC422297803",
    "tech_change_status": "Eligible to Order",
    "program_type": "On-Demand N2P SDU/MDU Simple",
    "target_eligibility_quarter": "NA"
   }
  },
  {
   "type": "Feature",
   "geometry": {
    "type": "Point",
    "coordinates": [
     141.4031515,
     -37.58541084
    ]
   },
   "properties": {
    "name": "130-132 HENTY STREET CASTERTON 3311",
    "locID": "LOC000124689689",
    "tech": "FTTN",
    "upgrade": "FTTP_SA",
    "gnaf_pid": "GAVIC422297805",
    "tech_change_status": "Eligible to Order",
    "program_type": "On-Demand N2P SDU/MDU Simple",
    "target_eligibility_quarter": "NA"
   }
  },
  {
   "type": "Feature",
   "geometry": {
    "type": "Point",
    "coordinates": [
     141.4029694,
     -37.58550434
    ]
   },
   "properties": {
    "name": "134 HENTY STREET CASTERTON 3311",
    "locID": "LOC000016933815",
    "tech": "FTTN",
    "upgrade": "FTTP_SA",
    "gnaf_pid": "GAVIC422297807",
    "tech_change_status": "Eligible to Order",
    "program_type": "On-Demand N2P SDU/MDU Simple",
    "target_eligibility_quarter": "NA"
   }
  },
  {
   "type": "Feature",
   "geometry": {
    "type": "Point",
    "coordinates": [
     141.40320456,
     -37.58586399
    ]
   },
   "properties": {
    "name": "135 HENTY STREET CASTERTON 3311",
    "locID": "LOC000002801185",
    "tech": "FTTP",
    "upgrade": "FTTP_NA",
    "gnaf_pid": "GAVIC422297808",
    "tech_change_status": "Previous Tech Disconnected",
    "program_type": "On-Demand N2P SDU/MDU Simple",
    "target_eligibility_quarter": "NA"
   }
  },
  {
   "type": "Feature",
   "geometry": {
    "type": "Point",
    "coordinates": [
     141.40293003,
     -37.58551433
    ]
   },
   "properties": {
    "name": "136 HENTY STREET CASTERTON 3311",
    "locID": "LOC000027059557",
    "tech": "FTTN",
    "upgrade": "FTTP_SA",
    "gnaf_pid": "GAVIC422297809",
    "tech_change_status": "Eligible to Order",
    "program_type": "On-Demand N2P SDU/MDU Simple",
    "target_eligibility_quarter": "NA"
   }
  },
  {
   "type": "Feature",
   "geometry": {
    "type": "Point",
    "coordinates": [
     141.40290386,
     -37.58601134
    ]
   },
   "properties": {
    "name": "137 HENTY STREET CASTERTON 3311",
    "locID": "LOC000034654740",
    "tech": "FTTN",
    "upgrade": "FTTP",
    "gnaf_pid": "GAVIC422297810",
    "tech_change_status": "Eligible to Order",
    "program_type": "On-Demand N2P SDU/MDU Simple",
    "target_eligibility_quarter": "NA"
   }
  },
  {
   "type": "Feature",
   "geometry": {
    "type": "Point",
    "coordinates": [
     141.4028596,
     -37.58557171
    ]
   },
   "properties": {
    "name": "138 HENTY STREET CASTERTON 3311",
    "locID": "LOC000097207287",
    "tech": "FTTP",
    "upgrade": "FTTP_NA",
    "gnaf_pid": "GAVIC422297811",
    "tech_change_status": "Previous Tech Disconnected",
    "program_type": "On-Demand N2P SDU/MDU Simple",
    "target_eligibility_quarter": "NA"
   }
  },
  {
   "type": "Feature",
   "geometry": {
    "type": "Point",
    "coordinates": [
     141.40242244,
     -37.58626611
    ]
   },
   "properties": {
    "name": "139 HENTY STREET CASTERTON 3311",
    "locID": "LOC000042141852",
    "tech": "FTTN",
    "upgrade": "FTTP_SA",
    "gnaf_pid": "GAVIC422297812",
    "tech_change_status": "Eligible to Order",
    "program_type": "On-Demand N2P SDU/MDU Simple",
    "target_eligibility_quarter": "NA"
   }
  },
  {
   "type": "Feature",
   "geometry": {
    "type": "Point",
    "coordinates": [
     141.40737151,
     -37.58371885
    ]
   },
   "properties": {
    "name": "13-15 HENTY STREET CASTERTON 3311",
    "locID": "LOC000124689658",
    "tech": "FTTN",
    "upgrade": "FTTP",
    "gnaf_pid": "GAVIC422297813",
    "tech_change_status": "Eligible to Order",
    "program_type": "On-Demand N2P SDU/MDU Simple",
    "target_eligibility_quarter": "NA"
   }
  },
  {
   "type": "Feature",
   "geometry": {
    "type": "Point",
    "coordinates": [
     141.40279261,
     -37.58560735
    ]
   },
   "properties": {
    "name": "142 HENTY STREET CASTERTON 3311",
    "locID": "LOC000124689720",
    "tech": "FTTP",
    "upgrade": "FTTP_NA",
    "gnaf_pid": "GAVIC422297816",
    "tech_change_status": "Previous Tech Disconnected",
    "program_type": "On-Demand N2P SDU/MDU Simple",
    "target_eligibility_quarter": "NA"
   }
  },
  {
   "type": "Feature",
   "geometry": {
    "type": "Point",
    "coordinates": [
     141.40173783,
     -37.58661805
    ]
   },
   "properties": {
    "name": "143 HENTY STREET CASTERTON 3311",
    "locID": "LOC000010062572",
    "tech": "FTTN",
    "upgrade": "FTTP_SA",
    "gnaf_pid": "GAVIC422297817",
    "tech_change_status": "Eligible to Order",
    "program_type": "On-Demand N2P SDU/MDU Simple",
    "target_eligibility_quarter": "NA"
   }
  },
  {
   "type": "Feature",
   "geometry": {
    "type": "Point",
    "coordinates": [
     141.40269789,
     -37.58563291
    ]
   },
   "properties": {
    "name": "144 HENTY STREET CASTERTON 3311",
    "locID": "LOC000073606976",
    "tech": "FTTP",
    "upgrade": "FTTP_NA",
    "gnaf_pid": "GAVIC422297818",
    "tech_change_status": "Previous Tech Disconnected",
    "program_type": "On-Demand N2P SDU/MDU Simple",
    "target_eligibility_quarter": "NA"
   }
  },
  {
   "type": "Feature",
   "geometry": {
    "type": "Point",
    "coordinates": [
     141.40151464,
     -37.58673308
    ]
   },
   "properties": {
    "name": "145 HENTY STREET CASTERTON 3311",
    "locID": "LOC000035148028",
    "tech": "FTTP",
    "upgrade": "FTTP_NA",
    "gnaf_pid": "GAVIC422297819",
    "tech_change_status": "Previous Tech Disconnected",
    "program_type": "On-Demand N2P SDU/MDU Simple",
    "target_eligibility_quarter": "NA"
   }
  },
  {
   "type": "Feature",
   "geometry": {
    "type": "Point",
    "coordinates": [
     141.4023548,
     -37.58580816
    ]
   },
   "properties": {
    "name": "150 HENTY STREET CASTERTON 3311",
    "locID": "LOC000008006951",
    "tech": "FTTP",
    "upgrade": "FTTP_NA",
    "gnaf_pid": "GAVIC422297822",
    "tech_change_status": "Previous Tech Disconnected",
    "program_type": "On-Demand N2P SDU/MDU Simple",
    "target_eligibility_quarter": "NA"
   }
  },
  {
   "type": "Feature",
   "geometry": {
    "type": "Point",
    "coordinates": [
     141.40220955,
     -37.58588074
    ]
   },
   "properties": {
    "name": "152 HENTY STREET CASTERTON 3311",
    "locID": "LOC000084947252",
    "tech": "FTTN",
    "upgrade": "FTTP_SA",
    "gnaf_pid": "GAVIC422297823",
    "tech_change_status": "Eligible to Order",
    "program_type": "On-Demand N2P SDU/MDU Simple",
    "target_eligibility_quarter": "NA"
   }
  },
  {
   "type": "Feature",
   "geometry": {
    "type": "Point",
    "coordinates": [
     141.40211475,
     -37.58593079
    ]
   },
   "properties": {
    "name": "154 HENTY STREET CASTERTON 3311",
    "locID": "LOC000046216526",
    "tech": "FTTN",
    "upgrade": "FTTP_SA",
    "gnaf_pid": "GAVIC422297824",
    "tech_change_status": "Eligible to Order",
    "program_type": "On-Demand N2P SDU/MDU Simple",
    "target_eligibility_quarter": "NA"
   }
  },
  {
   "type": "Feature",
   "geometry": {
    "type": "Point",
    "coordinates": [
     141.40177493,
     -37.58610439
    ]
   },
   "properties": {
    "name": "156 HENTY STREET CASTERTON 3311",
    "locID": "LOC000021820380",
    "tech": "FTTP",
    "upgrade": "FTTP_NA",
    "gnaf_pid": "GAVIC422297825",
    "tech_change_status": "Previous Tech Disconnected",
    "program_type": "On-Demand N2P SDU/MDU Simple",
    "target_eligibility_quarter": "NA"
   }
  },
  {
   "type": "Feature",
   "geometry": {
    "type": "Point",
    "coordinates": [
     141.40138573,
     -37.58631402
    ]
   },
   "properties": {
    "name": "160 HENTY STREET CASTERTON 3311",
    "locID": "LOC000051590347",
    "tech": "FTTP",
    "upgrade": "FTTP_NA",
    "gnaf_pid": "GAVIC422297827",
    "tech_change_status": "Previous Tech Disconnected",
    "program_type": "On-Demand N2P SDU/MDU Simple",
    "target_eligibility_quarter": "NA"
   }
  },
  {
   "type": "Feature",
   "geometry": {
    "type": "Point",
    "coordinates": [
     141.40103379,
     -37.58622142
    ]
   },
   "properties": {
    "name": "162 HENTY STREET CASTERTON 3311",
    "locID": "LOC000031113639",
    "tech": "FTTP",
    "upgrade": "FTTP_NA",
    "gnaf_pid": "GAVIC422297828",
    "tech_change_status": "Previous Tech Disconnected",
    "program_type": "On-Demand N2P SDU/MDU Simple",
    "target_eligibility_quarter": "NA"
   }
  },
  {
   "type": "Feature",
   "geometry": {
    "type": "Point",
    "coordinates": [
     141.40105535,
     -37.58647377
    ]
   },
   "properties": {
    "name": "164 HENTY STREET CASTERTON 3311",
    "locID": "LOC000100476349",
    "tech": "FTTP",
    "upgrade": "FTTP_NA",
    "gnaf_pid": "GAVIC422297829",
    "tech_change_status": "Previous Tech Disconnected",
    "program_type": "On-Demand N2P SDU/MDU Simple",
    "target_eligibility_quarter": "NA"
   }
  },
  {
   "type": "Feature",
   "geometry": {
    "type": "Point",
    "coordinates": [
     141.40111848,
     -37.58694415
    ]
   },
   "properties": {
    "name": "165 HENTY STREET CASTERTON 3311",
    "locID": "LOC000104529296",
    "tech": "FTTN",
    "upgrade": "FTTP_SA",
    "gnaf_pid": "GAVIC422297830",
    "tech_change_status": "Eligible to Order",
    "program_type": "On-Demand N2P SDU/MDU Simple",
    "target_eligibility_quarter": "NA"
   }
  },
  {
   "type": "Feature",
   "geometry": {
    "type": "Point",
    "coordinates": [
     141.40084834,
     -37.58657984
    ]
   },
   "properties": {
    "name": "166-168 HENTY STREET CASTERTON 3311",
    "locID": "LOC000124689806",
    "tech": "FTTN",
    "upgrade": "FTTP_SA",
    "gnaf_pid": "GAVIC422297832",
    "tech_change_status": "Eligible to Order",
    "program_type": "On-Demand N2P SDU/MDU Simple",
    "target_eligibility_quarter": "NA"
   }
  },
  {
   "type": "Feature",
   "geometry": {
    "type": "Point",
    "coordinates": [
     141.40075236,
     -37.58711985
    ]
   },
   "properties": {
    "name": "169 HENTY STREET CASTERTON 3311",
    "locID": "LOC000093035628",
    "tech": "FTTN",
    "upgrade": "FTTP_SA",
    "gnaf_pid": "GAVIC422297833",
    "tech_change_status": "Eligible to Order",
    "program_type": "On-Demand N2P SDU/MDU Simple",
    "target_eligibility_quarter": "NA"
   }
  },
  {
   "type": "Feature",
   "geometry": {
    "type": "Point",
    "coordinates": [
     141.40717566,
     -37.58331995
    ]
   },
   "properties": {
    "name": "16-22 HENTY STREET CASTERTON 3311",
    "locID": "LOC000124689796",
    "tech": "FTTN",
    "upgrade": "FTTP_SA",
    "gnaf_pid": "GAVIC422297834",
    "tech_change_status": "Eligible to Order",
    "program_type": "On-Demand N2P SDU/MDU Simple",
    "target_eligibility_quarter": "NA"
   }
  },
  {
   "type": "Feature",
   "geometry": {
    "type": "Point",
    "coordinates": [
     141.40063253,
     -37.58669114
    ]
   },
   "properties": {
    "name": "170 HENTY STREET CASTERTON 3311",
    "locID": "LOC000013663495",
    "tech": "FTTN",
    "upgrade": "FTTP_SA",
    "gnaf_pid": "GAVIC422297835",
    "tech_change_status": "Eligible to Order",
    "program_type": "On-Demand N2P SDU/MDU Simple",
    "target_eligibility_quarter": "NA"
   }
  },
  {
   "type": "Feature",
   "geometry": {
    "type": "Point",
    "coordinates": [
     141.4006208,
     -37.58718706
    ]
   },
   "properties": {
    "name": "171 HENTY STREET CASTERTON 3311",
    "locID": "LOC000024406997",
    "tech": "FTTP",
    "upgrade": "FTTP_NA",
    "gnaf_pid": "GAVIC422297836",
    "tech_change_status": "Previous Tech Disconnected",
    "program_type": "On-Demand N2P SDU/MDU Simple",
    "target_eligibility_quarter": "NA"
   }
  },
  {
   "type": "Feature",
   "geometry": {
    "type": "Point",
    "coordinates": [
     141.40049374,
     -37.58725194
    ]
   },
   "properties": {
    "name": "173 HENTY STREET CASTERTON 3311",
    "locID": "LOC000006030761",
    "tech": "FTTN",
    "upgrade": "FTTP_SA",
    "gnaf_pid": "GAVIC422297838",
    "tech_change_status": "Eligible to Order",
    "program_type": "On-Demand N2P SDU/MDU Simple",
    "target_eligibility_quarter": "NA"
   }
  },
  {
   "type": "Feature",
   "geometry": {
    "type": "Point",
    "coordinates": [
     141.40027228,
     -37.5866004
    ]
   },
   "properties": {
    "name": "174 HENTY STREET CASTERTON 3311",
    "locID": "LOC000025115649",
    "tech": "FTTP",
    "upgrade": "FTTP_NA",
    "gnaf_pid": "GAVIC422297839",
    "tech_change_status": "Previous Tech Disconnected",
    "program_type": "On-Demand N2P SDU/MDU Simple",
    "target_eligibility_quarter": "NA"
   }
  },
  {
   "type": "Feature",
   "geometry": {
    "type": "Point",
    "coordinates": [
     141.40038578,
     -37.58730706
    ]
   },
   "properties": {
    "name": "175 HENTY STREET CASTERTON 3311",
    "locID": "LOC000102658828",
    "tech": "FTTN",
    "upgrade": "FTTP_SA",
    "gnaf_pid": "GAVIC422297840",
    "tech_change_status": "Eligible to Order",
    "program_type": "On-Demand N2P SDU/MDU Simple",
    "target_eligibility_quarter": "NA"
   }
  },
  {
   "type": "Feature",
   "geometry": {
    "type": "Point",
    "coordinates": [
     141.40016254,
     -37.58693319
    ]
   },
   "properties": {
    "name": "176 HENTY STREET CASTERTON 3311",
    "locID": "LOC000004418841",
    "tech": "FTTN",
    "upgrade": "FTTP_SA",
    "gnaf_pid": "GAVIC422297841",
    "tech_change_status": "Eligible to Order",
    "program_type": "On-Demand N2P SDU/MDU Simple",
    "target_eligibility_quarter": "NA"
   }
  },
  {
   "type": "Feature",
   "geometry": {
    "type": "Point",
    "coordinates": [
     141.40019744,
     -37.5874032
    ]
   },
   "properties": {
    "name": "177 HENTY STREET CASTERTON 3311",
    "locID": "LOC000080243558",
    "tech": "FTTN",
    "upgrade": "FTTP_SA",
    "gnaf_pid": "GAVIC422297842",
    "tech_change_status": "Eligible to Order",
    "program_type": "On-Demand N2P SDU/MDU Simple",
    "target_eligibility_quarter": "NA"
   }
  },
  {
   "type": "Feature",
   "geometry": {
    "type": "Point",
    "coordinates": [
     141.3999109,
     -37.58706339
    ]
   },
   "properties": {
    "name": "178 HENTY STREET CASTERTON 3311",
    "locID": "LOC000058487351",
    "tech": "FTTP",
    "upgrade": "FTTP_NA",
    "gnaf_pid": "GAVIC422297843",
    "tech_change_status": "Previous Tech Disconnected",
    "program_type": "On-Demand N2P SDU/MDU Simple",
    "target_eligibility_quarter": "NA"
   }
  },
  {
   "type": "Feature",
   "geometry": {
    "type": "Point",
    "coordinates": [
     141.39996662,
     -37.587526
    ]
   },
   "properties": {
    "name": "179 HENTY STREET CASTERTON 3311",
    "locID": "LOC000023603764",
    "tech": "FTTP",
    "upgrade": "FTTP_NA",
    "gnaf_pid": "GAVIC422297844",
    "tech_change_status": "Previous Tech Disconnected",
    "program_type": "On-Demand N2P SDU/MDU Simple",
    "target_eligibility_quarter": "NA"
   }
  },
  {
   "type": "Feature",
   "geometry": {
    "type": "Point",
    "coordinates": [
     141.40722815,
     -37.58379276
    ]
   },
   "properties": {
    "name": "17-19 HENTY STREET CASTERTON 3311",
    "locID": "LOC000124694118",
    "tech": "FTTP",
    "upgrade": "FTTP_NA",
    "gnaf_pid": "GAVIC422297845",
    "tech_change_status": "Previous Tech Disconnected",
    "program_type": "On-Demand N2P SDU/MDU Simple",
    "target_eligibility_quarter": "NA"
   }
  },
  {
   "type": "Feature",
   "geometry": {
    "type": "Point",
    "coordinates": [
     141.3997827,
     -37.58712606
    ]
   },
   "properties": {
    "name": "180 HENTY STREET CASTERTON 3311",
    "locID": "LOC000034676224",
    "tech": "FTTP",
    "upgrade": "FTTP_NA",
    "gnaf_pid": "GAVIC422297846",
    "tech_change_status": "Previous Tech Disconnected",
    "program_type": "On-Demand N2P SDU/MDU Simple",
    "target_eligibility_quarter": "NA"
   }
  },
  {
   "type": "Feature",
   "geometry": {
    "type": "Point",
    "coordinates": [
     141.3996481,
     -37.58719884
    ]
   },
   "properties": {
    "name": "182 HENTY STREET CASTERTON 3311",
    "locID": "LOC000102573415",
    "tech": "FTTN",
    "upgrade": "FTTP_SA",
    "gnaf_pid": "GAVIC422297847",
    "tech_change_status": "Eligible to Order",
    "program_type": "On-Demand N2P SDU/MDU Simple",
    "target_eligibility_quarter": "NA"
   }
  },
  {
   "type": "Feature",
   "geometry": {
    "type": "Point",
    "coordinates": [
     141.39947601,
     -37.58777253
    ]
   },
   "properties": {
    "name": "185 HENTY STREET CASTERTON 3311",
    "locID": "LOC000059371530",
    "tech": "FTTN",
    "upgrade": "FTTP_SA",
    "gnaf_pid": "GAVIC422297850",
    "tech_change_status": "Eligible to Order",
    "program_type": "On-Demand N2P SDU/MDU Simple",
    "target_eligibility_quarter": "NA"
   }
  },
  {
   "type": "Feature",
   "geometry": {
    "type": "Point",
    "coordinates": [
     141.39921517,
     -37.58793217
    ]
   },
   "properties": {
    "name": "187 HENTY STREET CASTERTON 3311",
    "locID": "LOC000015985234",
    "tech": "FTTN",
    "upgrade": "FTTP_SA",
    "gnaf_pid": "GAVIC422297851",
    "tech_change_status": "Eligible to Order",
    "program_type": "On-Demand N2P SDU/MDU Simple",
    "target_eligibility_quarter": "NA"
   }
  },
  {
   "type": "Feature",
   "geometry": {
    "type": "Point",
    "coordinates": [
     141.39900118,
     -37.58802521
    ]
   },
   "properties": {
    "name": "189 HENTY STREET CASTERTON 3311",
    "locID": "LOC000069880428",
    "tech": "FTTN",
    "upgrade": "FTTP_SA",
    "gnaf_pid": "GAVIC422297852",
    "tech_change_status": "Eligible to Order",
    "program_type": "On-Demand N2P SDU/MDU Simple",
    "target_eligibility_quarter": "NA"
   }
  },
  {
   "type": "Feature",
   "geometry": {
    "type": "Point",
    "coordinates": [
     141.39882795,
     -37.58810499
    ]
   },
   "properties": {
    "name": "191 HENTY STREET CASTERTON 3311",
    "locID": "LOC000057591107",
    "tech": "FTTP",
    "upgrade": "FTTP_NA",
    "gnaf_pid": "GAVIC422297854",
    "tech_change_status": "Previous Tech Disconnected",
    "program_type": "On-Demand N2P SDU/MDU Simple",
    "target_eligibility_quarter": "NA"
   }
  },
  {
   "type": "Feature",
   "geometry": {
    "type": "Point",
    "coordinates": [
     141.39862778,
     -37.58820961
    ]
   },
   "properties": {
    "name": "193 HENTY STREET CASTERTON 3311",
    "locID": "LOC000079106577",
    "tech": "FTTN",
    "upgrade": "FTTP_SA",
    "gnaf_pid": "GAVIC422297856",
    "tech_change_status": "Eligible to Order",
    "program_type": "On-Demand N2P SDU/MDU Simple",
    "target_eligibility_quarter": "NA"
   }
  },
  {
   "type": "Feature",
   "geometry": {
    "type": "Point",
    "coordinates": [
     141.39833342,
     -37.58787405
    ]
   },
   "properties": {
    "name": "194 HENTY STREET CASTERTON 3311",
    "locID": "LOC000062179979",
    "tech": "FTTN",
    "upgrade": "FTTP_SA",
    "gnaf_pid": "GAVIC422297857",
    "tech_change_status": "Eligible to Order",
    "program_type": "On-Demand N2P SDU/MDU Simple",
    "target_eligibility_quarter": "NA"
   }
  },
  {
   "type": "Feature",
   "geometry": {
    "type": "Point",
    "coordinates": [
     141.39842895,
     -37.58830499
    ]
   },
   "properties": {
    "name": "195 HENTY STREET CASTERTON 3311",
    "locID": "LOC000031751935",
    "tech": "FTTN",
    "upgrade": "FTTP_SA",
    "gnaf_pid": "GAVIC422297858",
    "tech_change_status": "Eligible to Order",
    "program_type": "On-Demand N2P SDU/MDU Simple",
    "target_eligibility_quarter": "NA"
   }
  },
  {
   "type": "Feature",
   "geometry": {
    "type": "Point",
    "coordinates": [
     141.39814085,
     -37.58797213
    ]
   },
   "properties": {
    "name": "196 HENTY STREET CASTERTON 3311",
    "locID": "LOC000048991446",
    "tech": "FTTN",
    "upgrade": "FTTP_SA",
    "gnaf_pid": "GAVIC422297859",
    "tech_change_status": "Eligible to Order",
    "program_type": "On-Demand N2P SDU/MDU Simple",
    "target_eligibility_quarter": "NA"
   }
  },
  {
   "type": "Feature",
   "geometry": {
    "type": "Point",
    "coordinates": [
     141.39823036,
     -37.58841623
    ]
   },
   "properties": {
    "name": "197 HENTY STREET CASTERTON 3311",
    "locID": "LOC000062292825",
    "tech": "FTTP",
    "upgrade": "FTTP_NA",
    "gnaf_pid": "GAVIC422297860",
    "tech_change_status": "Previous Tech Disconnected",
    "program_type": "On-Demand N2P SDU/MDU Simple",
    "target_eligibility_quarter": "NA"
   }
  },
  {
   "type": "Feature",
   "geometry": {
    "type": "Point",
    "coordinates": [
     141.39794165,
     -37.58806958
    ]
   },
   "properties": {
    "name": "198 HENTY STREET CASTERTON 3311",
    "locID": "LOC000047818493",
    "tech": "FTTN",
    "upgrade": "FTTP_SA",
    "gnaf_pid": "GAVIC422297861",
    "tech_change_status": "Eligible to Order",
    "program_type": "On-Demand N2P SDU/MDU Simple",
    "target_eligibility_quarter": "NA"
   }
  },
  {
   "type": "Feature",
   "geometry": {
    "type": "Point",
    "coordinates": [
     141.39801409,
     -37.58851225
    ]
   },
   "properties": {
    "name": "199 HENTY STREET CASTERTON 3311",
    "locID": "LOC000044889082",
    "tech": "FTTN",
    "upgrade": "FTTP_SA",
    "gnaf_pid": "GAVIC422297862",
    "tech_change_status": "Eligible to Order",
    "program_type": "On-Demand N2P SDU/MDU Simple",
    "target_eligibility_quarter": "NA"
   }
  },
  {
   "type": "Feature",
   "geometry": {
    "type": "Point",
    "coordinates": [
     141.40788389,
     -37.58345468
    ]
   },
   "properties": {
    "name": "1-5 HENTY STREET CASTERTON 3311",
    "locID": "LOC000069492817",
    "tech": "FTTN",
    "upgrade": "FTTP_SA",
    "gnaf_pid": "GAVIC422297863",
    "tech_change_status": "Eligible to Order",
    "program_type": "On-Demand N2P SDU/MDU Simple",
    "target_eligibility_quarter": "NA"
   }
  },
  {
   "type": "Feature",
   "geometry": {
    "type": "Point",
    "coordinates": [
     141.3977478,
     -37.58816935
    ]
   },
   "properties": {
    "name": "200 HENTY STREET CASTERTON 3311",
    "locID": "LOC000050555193",
    "tech": "FTTP",
    "upgrade": "NULL_NA",
    "gnaf_pid": "GAVIC422297864",
    "program_type": "On-Demand N2P SDU/MDU Simple",
    "target_eligibility_quarter": "NA"
   }
  },
  {
   "type": "Feature",
   "geometry": {
    "type": "Point",
    "coordinates": [
     141.39786638,
     -37.58860763
    ]
   },
   "properties": {
    "name": "201 HENTY STREET CASTERTON 3311",
    "locID": "LOC000072837270",
    "tech": "FTTN",
    "upgrade": "FTTP_SA",
    "gnaf_pid": "GAVIC422297865",
    "tech_change_status": "Eligible to Order",
    "program_type": "On-Demand N2P SDU/MDU Simple",
    "target_eligibility_quarter": "NA"
   }
  },
  {
   "type": "Feature",
   "geometry": {
    "type": "Point",
    "coordinates": [
     141.39756542,
     -37.58826815
    ]
   },
   "properties": {
    "name": "202 HENTY STREET CASTERTON 3311",
    "locID": "LOC000023817246",
    "tech": "FTTN",
    "upgrade": "FTTP_SA",
    "gnaf_pid": "GAVIC422297866",
    "tech_change_status": "Eligible to Order",
    "program_type": "On-Demand N2P SDU/MDU Simple",
    "target_eligibility_quarter": "NA"
   }
  },
  {
   "type": "Feature",
   "geometry": {
    "type": "Point",
    "coordinates": [
     141.39726636,
     -37.58892268
    ]
   },
   "properties": {
    "name": "203 HENTY STREET CASTERTON 3311",
    "locID": "LOC000048314757",
    "tech": "FTTN",
    "upgrade": "FTTP_SA",
    "gnaf_pid": "GAVIC422297867",
    "tech_change_status": "Eligible to Order",
    "program_type": "On-Demand N2P SDU/MDU Simple",
    "target_eligibility_quarter": "NA"
   }
  },
  {
   "type": "Feature",
   "geometry": {
    "type": "Point",
    "coordinates": [
     141.39745675,
     -37.58881977
    ]
   },
   "properties": {
    "name": "203A HENTY STREET CASTERTON 3311",
    "locID": "LOC000046483161",
    "tech": "FTTN",
    "upgrade": "FTTP_SA",
    "gnaf_pid": "GAVIC422297868",
    "tech_change_status": "Eligible to Order",
    "program_type": "On-Demand N2P SDU/MDU Simple",
    "target_eligibility_quarter": "NA"
   }
  },
  {
   "type": "Feature",
   "geometry": {
    "type": "Point",
    "coordinates": [
     141.39692783,
     -37.58837259
    ]
   },
   "properties": {
    "name": "204 HENTY STREET CASTERTON 3311",
    "locID": "LOC000069804078",
    "tech": "FTTP",
    "upgrade": "FTTP_NA",
    "gnaf_pid": "GAVIC422297869",
    "tech_change_status": "Previous Tech Disconnected",
    "program_type": "On-Demand N2P SDU/MDU Simple",
    "target_eligibility_quarter": "NA"
   }
  },
  {
   "type": "Feature",
   "geometry": {
    "type": "Point",
    "coordinates": [
     141.39709389,
     -37.58907218
    ]
   },
   "properties": {
    "name": "205 HENTY STREET CASTERTON 3311",
    "locID": "LOC000048777610",
    "tech": "FTTN",
    "upgrade": "FTTP_SA",
    "gnaf_pid": "GAVIC422297870",
    "tech_change_status": "Eligible to Order",
    "program_type": "On-Demand N2P SDU/MDU Simple",
    "target_eligibility_quarter": "NA"
   }
  },
  {
   "type": "Feature",
   "geometry": {
    "type": "Point",
    "coordinates": [
     141.39647726,
     -37.58854743
    ]
   },
   "properties": {
    "name": "206-210 HENTY STREET CASTERTON 3311",
    "locID": "LOC000124698655",
    "tech": "FTTN",
    "upgrade": "FTTP_SA",
    "gnaf_pid": "GAVIC422297871",
    "tech_change_status": "Eligible to Order",
    "program_type": "On-Demand N2P SDU/MDU Simple",
    "target_eligibility_quarter": "NA"
   }
  },
  {
   "type": "Feature",
   "geometry": {
    "type": "Point",
    "coordinates": [
     141.39691763,
     -37.58914349
    ]
   },
   "properties": {
    "name": "207 HENTY STREET CASTERTON 3311",
    "locID": "LOC000047074606",
    "tech": "FTTP",
    "upgrade": "FTTP_NA",
    "gnaf_pid": "GAVIC422297872",
    "tech_change_status": "Previous Tech Disconnected",
    "program_type": "On-Demand N2P SDU/MDU Simple",
    "target_eligibility_quarter": "NA"
   }
  },
  {
   "type": "Feature",
   "geometry": {
    "type": "Point",
    "coordinates": [
     141.39661028,
     -37.5892628
    ]
   },
   "properties": {
    "name": "209 HENTY STREET CASTERTON 3311",
    "locID": "LOC000008094828",
    "tech": "FTTN",
    "upgrade": "FTTP_SA",
    "gnaf_pid": "GAVIC422297873",
    "tech_change_status": "Eligible to Order",
    "program_type": "On-Demand N2P SDU/MDU Simple",
    "target_eligibility_quarter": "NA"
   }
  },
  {
   "type": "Feature",
   "geometry": {
    "type": "Point",
    "coordinates": [
     141.39650563,
     -37.58930312
    ]
   },
   "properties": {
    "name": "211 HENTY STREET CASTERTON 3311",
    "locID": "LOC000006941079",
    "tech": "FTTN",
    "upgrade": "FTTP_SA",
    "gnaf_pid": "GAVIC422297874",
    "tech_change_status": "Eligible to Order",
    "program_type": "On-Demand N2P SDU/MDU Simple",
    "target_eligibility_quarter": "NA"
   }
  },
  {
   "type": "Feature",
   "geometry": {
    "type": "Point",
    "coordinates": [
     141.39555397,
     -37.58890639
    ]
   },
   "properties": {
    "name": "212 HENTY STREET CASTERTON 3311",
    "locID": "LOC000088838044",
    "tech": "FTTN",
    "upgrade": "FTTP_SA",
    "gnaf_pid": "GAVIC422297875",
    "tech_change_status": "Eligible to Order",
    "program_type": "On-Demand N2P SDU/MDU Simple",
    "target_eligibility_quarter": "NA"
   }
  },
  {
   "type": "Feature",
   "geometry": {
    "type": "Point",
    "coordinates": [
     141.39527406,
     -37.58901505
    ]
   },
   "properties": {
    "name": "214 HENTY STREET CASTERTON 3311",
    "locID": "LOC000048752861",
    "tech": "FTTN",
    "upgrade": "FTTP_SA",
    "gnaf_pid": "GAVIC422297876",
    "tech_change_status": "Eligible to Order",
    "program_type": "On-Demand N2P SDU/MDU Simple",
    "target_eligibility_quarter": "NA"
   }
  },
  {
   "type": "Feature",
   "geometry": {
    "type": "Point",
    "coordinates": [
     141.39509078,
     -37.5890862
    ]
   },
   "properties": {
    "name": "216 HENTY STREET CASTERTON 3311",
    "locID": "LOC000100572140",
    "tech": "FTTP",
    "upgrade": "FTTP_NA",
    "gnaf_pid": "GAVIC422297877",
    "tech_change_status": "Previous Tech Disconnected",
    "program_type": "On-Demand N2P SDU/MDU Simple",
    "target_eligibility_quarter": "NA"
   }
  },
  {
   "type": "Feature",
   "geometry": {
    "type": "Point",
    "coordinates": [
     141.3949032,
     -37.58915902
    ]
   },
   "properties": {
    "name": "218 HENTY STREET CASTERTON 3311",
    "locID": "LOC000034780369",
    "tech": "FTTN",
    "upgrade": "FTTP",
    "gnaf_pid": "GAVIC422297879",
    "tech_change_status": "Eligible to Order",
    "program_type": "On-Demand N2P SDU/MDU Simple",
    "target_eligibility_quarter": "NA"
   }
  },
  {
   "type": "Feature",
   "geometry": {
    "type": "Point",
    "coordinates": [
     141.39578786,
     -37.58956475
    ]
   },
   "properties": {
    "name": "219 HENTY STREET CASTERTON 3311",
    "locID": "LOC000034157602",
    "tech": "FTTN",
    "upgrade": "FTTP_SA",
    "gnaf_pid": "GAVIC422297880",
    "tech_change_status": "Eligible to Order",
    "program_type": "On-Demand N2P SDU/MDU Simple",
    "target_eligibility_quarter": "NA"
   }
  },
  {
   "type": "Feature",
   "geometry": {
    "type": "Point",
    "coordinates": [
     141.4070375,
     -37.58389106
    ]
   },
   "properties": {
    "name": "21-23 HENTY STREET CASTERTON 3311",
    "locID": "LOC000124698686",
    "tech": "FTTP",
    "upgrade": "FTTP_NA",
    "gnaf_pid": "GAVIC422297881",
    "tech_change_status": "Previous Tech Disconnected",
    "program_type": "On-Demand N2P SDU/MDU Simple",
    "target_eligibility_quarter": "NA"
   }
  },
  {
   "type": "Feature",
   "geometry": {
    "type": "Point",
    "coordinates": [
     141.39471698,
     -37.58923131
    ]
   },
   "properties": {
    "name": "220 HENTY STREET CASTERTON 3311",
    "locID": "LOC000071300828",
    "tech": "FTTN",
    "upgrade": "FTTP_SA",
    "gnaf_pid": "GAVIC422297882",
    "tech_change_status": "Eligible to Order",
    "program_type": "On-Demand N2P SDU/MDU Simple",
    "target_eligibility_quarter": "NA"
   }
  },
  {
   "type": "Feature",
   "geometry": {
    "type": "Point",
    "coordinates": [
     141.39526878,
     -37.58976049
    ]
   },
   "properties": {
    "name": "221 HENTY STREET CASTERTON 3311",
    "locID": "LOC000103417366",
    "tech": "FTTN",
    "upgrade": "FTTP_SA",
    "gnaf_pid": "GAVIC422297883",
    "tech_change_status": "Eligible to Order",
    "program_type": "On-Demand N2P SDU/MDU Simple",
    "target_eligibility_quarter": "NA"
   }
  },
  {
   "type": "Feature",
   "geometry": {
    "type": "Point",
    "coordinates": [
     141.39452815,
     -37.58930461
    ]
   },
   "properties": {
    "name": "222 HENTY STREET CASTERTON 3311",
    "locID": "LOC000105843552",
    "tech": "FTTN",
    "upgrade": "FTTP_SA",
    "gnaf_pid": "GAVIC422297884",
    "tech_change_status": "Eligible to Order",
    "program_type": "On-Demand N2P SDU/MDU Simple",
    "target_eligibility_quarter": "NA"
   }
  },
  {
   "type": "Feature",
   "geometry": {
    "type": "Point",
    "coordinates": [
     141.39423669,
     -37.58940254
    ]
   },
   "properties": {
    "name": "224 HENTY STREET CASTERTON 3311",
    "locID": "LOC000029342370",
    "tech": "FTTP",
    "upgrade": "FTTP_NA",
    "gnaf_pid": "GAVIC422297885",
    "tech_change_status": "Previous Tech Disconnected",
    "program_type": "On-Demand N2P SDU/MDU Simple",
    "target_eligibility_quarter": "NA"
   }
  },
  {
   "type": "Feature",
   "geometry": {
    "type": "Point",
    "coordinates": [
     141.39392931,
     -37.5893764
    ]
   },
   "properties": {
    "name": "226 HENTY STREET CASTERTON 3311",
    "locID": "LOC000043748800",
    "tech": "FTTN",
    "upgrade": "FTTP_SA",
    "gnaf_pid": "GAVIC422297886",
    "tech_change_status": "Eligible to Order",
    "program_type": "On-Demand N2P SDU/MDU Simple",
    "target_eligibility_quarter": "NA"
   }
  },
  {
   "type": "Feature",
   "geometry": {
    "type": "Point",
    "coordinates": [
     141.39355892,
     -37.58921795
    ]
   },
   "properties": {
    "name": "228 HENTY STREET CASTERTON 3311",
    "locID": "LOC000066849286",
    "tech": "FTTN",
    "upgrade": "FTTP_SA",
    "gnaf_pid": "GAVIC422297887",
    "tech_change_status": "Eligible to Order",
    "program_type": "On-Demand N2P SDU/MDU Simple",
    "target_eligibility_quarter": "NA"
   }
  },
  {
   "type": "Feature",
   "geometry": {
    "type": "Point",
    "coordinates": [
     141.3944535,
     -37.59010163
    ]
   },
   "properties": {
    "name": "229 HENTY STREET CASTERTON 3311",
    "locID": "LOC000061483258",
    "tech": "FTTN",
    "upgrade": "FTTP_SA",
    "gnaf_pid": "GAVIC422297888",
    "tech_change_status": "Eligible to Order",
    "program_type": "On-Demand N2P SDU/MDU Simple",
    "target_eligibility_quarter": "NA"
   }
  },
  {
   "type": "Feature",
   "geometry": {
    "type": "Point",
    "coordinates": [
     141.3942387,
     -37.59016818
    ]
   },
   "properties": {
    "name": "231 HENTY STREET CASTERTON 3311",
    "locID": "LOC000013780055",
    "tech": "FTTN",
    "upgrade": "FTTP_SA",
    "gnaf_pid": "GAVIC422297890",
    "tech_change_status": "Eligible to Order",
    "program_type": "On-Demand N2P SDU/MDU Simple",
    "target_eligibility_quarter": "NA"
   }
  },
  {
   "type": "Feature",
   "geometry": {
    "type": "Point",
    "coordinates": [
     141.39403893,
     -37.59024681
    ]
   },
   "properties": {
    "name": "233 HENTY STREET CASTERTON 3311",
    "locID": "LOC000038517834",
    "tech": "FTTN",
    "upgrade": "FTTP_SA",
    "gnaf_pid": "GAVIC422297891",
    "tech_change_status": "Eligible to Order",
    "program_type": "On-Demand N2P SDU/MDU Simple",
    "target_eligibility_quarter": "NA"
   }
  },
  {
   "type": "Feature",
   "geometry": {
    "type": "Point",
    "coordinates": [
     141.39383419,
     -37.5903274
    ]
   },
   "properties": {
    "name": "235 HENTY STREET CASTERTON 3311",
    "locID": "LOC000065657093",
    "tech": "FTTN",
    "upgrade": "FTTP_SA",
    "gnaf_pid": "GAVIC422297892",
    "tech_change_status": "Eligible to Order",
    "program_type": "On-Demand N2P SDU/MDU Simple",
    "target_eligibility_quarter": "NA"
   }
  },
  {
   "type": "Feature",
   "geometry": {
    "type": "Point",
    "coordinates": [
     141.39362628,
     -37.5904213
    ]
   },
   "properties": {
    "name": "237 HENTY STREET CASTERTON 3311",
    "locID": "LOC000038570960",
    "tech": "FTTC",
    "upgrade": "FTTP_SA",
    "gnaf_pid": "GAVIC422297893",
    "tech_change_status": "Eligible to Order"
   }
  },
  {
   "type": "Feature",
   "geometry": {
    "type": "Point",
    "coordinates": [
     141.40694288,
     -37.5834397
    ]
   },
   "properties": {
    "name": "24-28 HENTY STREET CASTERTON 3311",
    "locID": "LOC000124698767",
    "tech": "FTTN",
    "upgrade": "FTTP_SA",
    "gnaf_pid": "GAVIC422297894",
    "tech_change_status": "Eligible to Order",
    "program_type": "On-Demand N2P SDU/MDU Simple",
    "target_eligibility_quarter": "NA"
   }
  },
  {
   "type": "Feature",
   "geometry": {
    "type": "Point",
    "coordinates": [
     141.40675377,
     -37.58403734
    ]
   },
   "properties": {
    "name": "25 HENTY STREET CASTERTON 3311",
    "locID": "LOC000054178257",
    "tech": "FTTN",
    "upgrade": "FTTP_SA",
    "gnaf_pid": "GAVIC422297895",
    "tech_change_status": "Eligible to Order",
    "program_type": "On-Demand N2P SDU/MDU Simple",
    "target_eligibility_quarter": "NA"
   }
  },
  {
   "type": "Feature",
   "geometry": {
    "type": "Point",
    "coordinates": [
     141.40643151,
     -37.5842035
    ]
   },
   "properties": {
    "name": "29 HENTY STREET CASTERTON 3311",
    "locID": "LOC000025912243",
    "tech": "FTTN",
    "upgrade": "FTTP_SA",
    "gnaf_pid": "GAVIC422297897",
    "tech_change_status": "Eligible to Order",
    "program_type": "On-Demand N2P SDU/MDU Simple",
    "target_eligibility_quarter": "NA"
   }
  },
  {
   "type": "Feature",
   "geometry": {
    "type": "Point",
    "coordinates": [
     141.40762436,
     -37.58308904
    ]
   },
   "properties": {
    "name": "2-10 HENTY STREET CASTERTON 3311",
    "locID": "LOC000124694295",
    "tech": "FTTN",
    "upgrade": "FTTP_SA",
    "gnaf_pid": "GAVIC422297898",
    "tech_change_status": "Eligible to Order",
    "program_type": "On-Demand N2P SDU/MDU Simple",
    "target_eligibility_quarter": "NA"
   }
  },
  {
   "type": "Feature",
   "geometry": {
    "type": "Point",
    "coordinates": [
     141.4067979,
     -37.58351431
    ]
   },
   "properties": {
    "name": "30-32 HENTY STREET CASTERTON 3311",
    "locID": "LOC000124625065",
    "tech": "FTTN",
    "upgrade": "FTTP_SA",
    "gnaf_pid": "GAVIC422297899",
    "tech_change_status": "Eligible to Order",
    "program_type": "On-Demand N2P SDU/MDU Simple",
    "target_eligibility_quarter": "NA"
   }
  },
  {
   "type": "Feature",
   "geometry": {
    "type": "Point",
    "coordinates": [
     141.40665476,
     -37.58358798
    ]
   },
   "properties": {
    "name": "34 HENTY STREET CASTERTON 3311",
    "locID": "LOC000124625123",
    "tech": "FTTP",
    "upgrade": "FTTP_NA",
    "gnaf_pid": "GAVIC422297900",
    "tech_change_status": "Previous Tech Disconnected",
    "program_type": "On-Demand N2P SDU/MDU Simple",
    "target_eligibility_quarter": "NA"
   }
  },
  {
   "type": "Feature",
   "geometry": {
    "type": "Point",
    "coordinates": [
     141.40651543,
     -37.5836597
    ]
   },
   "properties": {
    "name": "38 HENTY STREET CASTERTON 3311",
    "locID": "LOC000041355159",
    "tech": "FTTN",
    "upgrade": "FTTP_SA",
    "gnaf_pid": "GAVIC422297902",
    "tech_change_status": "Eligible to Order",
    "program_type": "On-Demand N2P SDU/MDU Simple",
    "target_eligibility_quarter": "NA"
   }
  },
  {
   "type": "Feature",
   "geometry": {
    "type": "Point",
    "coordinates": [
     141.4063747,
     -37.5837321
    ]
   },
   "properties": {
    "name": "42-44 HENTY STREET CASTERTON 3311",
    "locID": "LOC000124625293",
    "tech": "FTTP",
    "upgrade": "FTTP_NA",
    "gnaf_pid": "GAVIC422297903",
    "tech_change_status": "Previous Tech Disconnected",
    "program_type": "On-Demand N2P SDU/MDU Simple",
    "target_eligibility_quarter": "NA"
   }
  },
  {
   "type": "Feature",
   "geometry": {
    "type": "Point",
    "coordinates": [
     141.4058906,
     -37.58448254
    ]
   },
   "properties": {
    "name": "53 HENTY STREET CASTERTON 3311",
    "locID": "LOC000061833649",
    "tech": "FTTP",
    "upgrade": "FTTP_NA",
    "gnaf_pid": "GAVIC422297905",
    "tech_change_status": "Previous Tech Disconnected",
    "program_type": "On-Demand N2P SDU/MDU Simple",
    "target_eligibility_quarter": "NA"
   }
  },
  {
   "type": "Feature",
   "geometry": {
    "type": "Point",
    "coordinates": [
     141.4056703,
     -37.58413278
    ]
   },
   "properties": {
    "name": "54 HENTY STREET CASTERTON 3311",
    "locID": "LOC000103218653",
    "tech": "FTTN",
    "upgrade": "FTTP_SA",
    "gnaf_pid": "GAVIC422297907",
    "tech_change_status": "Eligible to Order",
    "program_type": "On-Demand N2P SDU/MDU Simple",
    "target_eligibility_quarter": "NA"
   }
  },
  {
   "type": "Feature",
   "geometry": {
    "type": "Point",
    "coordinates": [
     141.40569467,
     -37.58452335
    ]
   },
   "properties": {
    "name": "55 HENTY STREET CASTERTON 3311",
    "locID": "LOC000104601006",
    "tech": "FTTN",
    "upgrade": "FTTP_SA",
    "gnaf_pid": "GAVIC422297908",
    "tech_change_status": "Eligible to Order",
    "program_type": "On-Demand N2P SDU/MDU Simple",
    "target_eligibility_quarter": "NA"
   }
  },
  {
   "type": "Feature",
   "geometry": {
    "type": "Point",
    "coordinates": [
     141.4056703,
     -37.58413278
    ]
   },
   "properties": {
    "name": "56 HENTY STREET CASTERTON 3311",
    "locID": "LOC000044696289",
    "tech": "FTTN",
    "upgrade": "FTTP_SA",
    "gnaf_pid": "GAVIC422297910",
    "tech_change_status": "Eligible to Order",
    "program_type": "On-Demand N2P SDU/MDU Simple",
    "target_eligibility_quarter": "NA"
   }
  },
  {
   "type": "Feature",
   "geometry": {
    "type": "Point",
    "coordinates": [
     141.40556415,
     -37.5841566
    ]
   },
   "properties": {
    "name": "58 HENTY STREET CASTERTON 3311",
    "locID": "LOC000054296325",
    "tech": "FTTP",
    "upgrade": "FTTP_NA",
    "gnaf_pid": "GAVIC422297911",
    "tech_change_status": "Previous Tech Disconnected",
    "program_type": "On-Demand N2P SDU/MDU Simple",
    "target_eligibility_quarter": "NA"
   }
  },
  {
   "type": "Feature",
   "geometry": {
    "type": "Point",
    "coordinates": [
     141.40548846,
     -37.58419546
    ]
   },
   "properties": {
    "name": "60 HENTY STREET CASTERTON 3311",
    "locID": "LOC000102277637",
    "tech": "FTTN",
    "upgrade": "FTTP_SA",
    "gnaf_pid": "GAVIC422297912",
    "tech_change_status": "Eligible to Order",
    "program_type": "On-Demand N2P SDU/MDU Simple",
    "target_eligibility_quarter": "NA"
   }
  },
  {
   "type": "Feature",
   "geometry": {
    "type": "Point",
    "coordinates": [
     141.40548846,
     -37.58419546
    ]
   },
   "properties": {
    "name": "62 HENTY STREET CASTERTON 3311",
    "locID": "LOC000045799017",
    "tech": "FTTP",
    "upgrade": "FTTP_NA",
    "gnaf_pid": "GAVIC422297913",
    "tech_change_status": "Previous Tech Disconnected",
    "program_type": "On-Demand N2P SDU/MDU Simple",
    "target_eligibility_quarter": "NA"
   }
  },
  {
   "type": "Feature",
   "geometry": {
    "type": "Point",
    "coordinates": [
     141.40543702,
     -37.58471546
    ]
   },
   "properties": {
    "name": "63 HENTY STREET CASTERTON 3311",
    "locID": "LOC000083629471",
    "tech": "FTTN",
    "upgrade": "FTTP_SA",
    "gnaf_pid": "GAVIC422297914",
    "tech_change_status": "Eligible to Order",
    "program_type": "On-Demand N2P SDU/MDU Simple",
    "target_eligibility_quarter": "NA"
   }
  },
  {
   "type": "Feature",
   "geometry": {
    "type": "Point",
    "coordinates": [
     141.40542476,
     -37.58425806
    ]
   },
   "properties": {
    "name": "64-66 HENTY STREET CASTERTON 3311",
    "locID": "LOC000124634440",
    "tech": "FTTP",
    "upgrade": "FTTP_NA",
    "gnaf_pid": "GAVIC422297915",
    "tech_change_status": "Previous Tech Disconnected",
    "program_type": "On-Demand N2P SDU/MDU Simple",
    "target_eligibility_quarter": "NA"
   }
  },
  {
   "type": "Feature",
   "geometry": {
    "type": "Point",
    "coordinates": [
     141.40530401,
     -37.58429021
    ]
   },
   "properties": {
    "name": "70 HENTY STREET CASTERTON 3311",
    "locID": "LOC000013654763",
    "tech": "FTTN",
    "upgrade": "FTTP_SA",
    "gnaf_pid": "GAVIC422297916",
    "tech_change_status": "Eligible to Order",
    "program_type": "On-Demand N2P SDU/MDU Simple",
    "target_eligibility_quarter": "NA"
   }
  },
  {
   "type": "Feature",
   "geometry": {
    "type": "Point",
    "coordinates": [
     141.40526976,
     -37.58430779
    ]
   },
   "properties": {
    "name": "72 HENTY STREET CASTERTON 3311",
    "locID": "LOC000100643030",
    "tech": "FTTN",
    "upgrade": "FTTP_SA",
    "gnaf_pid": "GAVIC422297917",
    "tech_change_status": "Eligible to Order",
    "program_type": "On-Demand N2P SDU/MDU Simple",
    "target_eligibility_quarter": "NA"
   }
  },
  {
   "type": "Feature",
   "geometry": {
    "type": "Point",
    "coordinates": [
     141.4051021,
     -37.58488743
    ]
   },
   "properties": {
    "name": "73 HENTY STREET CASTERTON 3311",
    "locID": "LOC000051623234",
    "tech": "FTTN",
    "upgrade": "FTTP_SA",
    "gnaf_pid": "GAVIC422297918",
    "tech_change_status": "Eligible to Order",
    "program_type": "On-Demand N2P SDU/MDU Simple",
    "target_eligibility_quarter": "NA"
   }
  },
  {
   "type": "Feature",
   "geometry": {
    "type": "Point",
    "coordinates": [
     141.40530401,
     -37.58429021
    ]
   },
   "properties": {
    "name": "74 HENTY STREET CASTERTON 3311",
    "locID": "LOC000100352891",
    "tech": "FTTP",
    "upgrade": "FTTP_NA",
    "gnaf_pid": "GAVIC422297919",
    "tech_change_status": "Previous Tech Disconnected",
    "program_type": "On-Demand N2P SDU/MDU Simple",
    "target_eligibility_quarter": "NA"
   }
  },
  {
   "type": "Feature",
   "geometry": {
    "type": "Point",
    "coordinates": [
     141.4051982,
     -37.58434454
    ]
   },
   "properties": {
    "name": "76 HENTY STREET CASTERTON 3311",
    "locID": "LOC000058318879",
    "tech": "FTTN",
    "upgrade": "FTTP_SA",
    "gnaf_pid": "GAVIC422297920",
    "tech_change_status": "Eligible to Order",
    "program_type": "On-Demand N2P SDU/MDU Simple",
    "target_eligibility_quarter": "NA"
   }
  },
  {
   "type": "Feature",
   "geometry": {
    "type": "Point",
    "coordinates": [
     141.40499986,
     -37.58493991
    ]
   },
   "properties": {
    "name": "77 HENTY STREET CASTERTON 3311",
    "locID": "LOC000004297027",
    "tech": "FTTN",
    "upgrade": "FTTP_SA",
    "gnaf_pid": "GAVIC422297921",
    "tech_change_status": "Eligible to Order",
    "program_type": "On-Demand N2P SDU/MDU Simple",
    "target_eligibility_quarter": "NA"
   }
  },
  {
   "type": "Feature",
   "geometry": {
    "type": "Point",
    "coordinates": [
     141.4051982,
     -37.58434454
    ]
   },
   "properties": {
    "name": "78 HENTY STREET CASTERTON 3311",
    "locID": "LOC000113158987",
    "tech": "FTTP",
    "upgrade": "FTTP_NA",
    "gnaf_pid": "GAVIC422297922",
    "tech_change_status": "Previous Tech Disconnected",
    "program_type": "On-Demand N2P SDU/MDU Simple",
    "target_eligibility_quarter": "NA"
   }
  },
  {
   "type": "Feature",
   "geometry": {
    "type": "Point",
    "coordinates": [
     141.40494473,
     -37.58496823
    ]
   },
   "properties": {
    "name": "79 HENTY STREET CASTERTON 3311",
    "locID": "LOC000035961537",
    "tech": "FTTN",
    "upgrade": "FTTP_SA",
    "gnaf_pid": "GAVIC422297923",
    "tech_change_status": "Eligible to Order",
    "program_type": "On-Demand N2P SDU/MDU Simple",
    "target_eligibility_quarter": "NA"
   }
  },
  {
   "type": "Feature",
   "geometry": {
    "type": "Point",
    "coordinates": [
     141.40759814,
     -37.583602
    ]
   },
   "properties": {
    "name": "7-9 HENTY STREET CASTERTON 3311",
    "locID": "LOC000124634504",
    "tech": "FTTP",
    "upgrade": "FTTP_NA",
    "gnaf_pid": "GAVIC422297924",
    "tech_change_status": "Previous Tech Disconnected",
    "program_type": "On-Demand N2P SDU/MDU Simple",
    "target_eligibility_quarter": "NA"
   }
  },
  {
   "type": "Feature",
   "geometry": {
    "type": "Point",
    "coordinates": [
     141.40510655,
     -37.5843916
    ]
   },
   "properties": {
    "name": "80 HENTY STREET CASTERTON 3311",
    "locID": "LOC000097933800",
    "tech": "FTTP",
    "upgrade": "FTTP_NA",
    "gnaf_pid": "GAVIC422297925",
    "tech_change_status": "Previous Tech Disconnected",
    "program_type": "On-Demand N2P SDU/MDU Simple",
    "target_eligibility_quarter": "NA"
   }
  },
  {
   "type": "Feature",
   "geometry": {
    "type": "Point",
    "coordinates": [
     141.40487955,
     -37.5850017
    ]
   },
   "properties": {
    "name": "81 HENTY STREET CASTERTON 3311",
    "locID": "LOC000022076835",
    "tech": "FTTN",
    "upgrade": "FTTP",
    "gnaf_pid": "GAVIC422297926",
    "tech_change_status": "Eligible to Order",
    "program_type": "On-Demand N2P SDU/MDU Simple",
    "target_eligibility_quarter": "NA"
   }
  },
  {
   "type": "Feature",
   "geometry": {
    "type": "Point",
    "coordinates": [
     141.40502956,
     -37.58443115
    ]
   },
   "properties": {
    "name": "82 HENTY STREET CASTERTON 3311",
    "locID": "LOC000050256753",
    "tech": "FTTN",
    "upgrade": "FTTP_SA",
    "gnaf_pid": "GAVIC422297927",
    "tech_change_status": "Eligible to Order",
    "program_type": "On-Demand N2P SDU/MDU Simple",
    "target_eligibility_quarter": "NA"
   }
  },
  {
   "type": "Feature",
   "geometry": {
    "type": "Point",
    "coordinates": [
     141.40480986,
     -37.5850375
    ]
   },
   "properties": {
    "name": "83 HENTY STREET CASTERTON 3311",
    "locID": "LOC000095553833",
    "tech": "FTTN",
    "upgrade": "FTTP_SA",
    "gnaf_pid": "GAVIC422297928",
    "tech_change_status": "Eligible to Order",
    "program_type": "On-Demand N2P SDU/MDU Simple",
    "target_eligibility_quarter": "NA"
   }
  },
  {
   "type": "Feature",
   "geometry": {
    "type": "Point",
    "coordinates": [
     141.40496526,
     -37.58446415
    ]
   },
   "properties": {
    "name": "84 HENTY STREET CASTERTON 3311",
    "locID": "LOC000051492386",
    "tech": "FTTN",
    "upgrade": "FTTP_SA",
    "gnaf_pid": "GAVIC422297929",
    "tech_change_status": "Eligible to Order",
    "program_type": "On-Demand N2P SDU/MDU Simple",
    "target_eligibility_quarter": "NA"
   }
  },
  {
   "type": "Feature",
   "geometry": {
    "type": "Point",
    "coordinates": [
     141.40475785,
     -37.58506421
    ]
   },
   "properties": {
    "name": "85 HENTY STREET CASTERTON 3311",
    "locID": "LOC000075098927",
    "tech": "FTTP",
    "upgrade": "FTTP_NA",
    "gnaf_pid": "GAVIC422297930",
    "tech_change_status": "Previous Tech Disconnected",
    "program_type": "On-Demand N2P SDU/MDU Simple",
    "target_eligibility_quarter": "NA"
   }
  },
  {
   "type": "Feature",
   "geometry": {
    "type": "Point",
    "coordinates": [
     141.40475785,
     -37.58506421
    ]
   },
   "properties": {
    "name": "85A HENTY STREET CASTERTON 3311",
    "locID": "LOC000124634639",
    "tech": "FTTP",
    "upgrade": "FTTP_NA",
    "gnaf_pid": "GAVIC422297931",
    "tech_change_status": "Previous Tech Disconnected",
    "program_type": "On-Demand N2P SDU/MDU Simple",
    "target_eligibility_quarter": "NA"
   }
  },
  {
   "type": "Feature",
   "geometry": {
    "type": "Point",
    "coordinates": [
     141.40484251,
     -37.5845272
    ]
   },
   "properties": {
    "name": "86-92 HENTY STREET CASTERTON 3311",
    "locID": "LOC000073848361",
    "tech": "FTTP",
    "upgrade": "FTTP_NA",
    "gnaf_pid": "GAVIC422297932",
    "tech_change_status": "Previous Tech Disconnected",
    "program_type": "On-Demand N2P SDU/MDU Simple",
    "target_eligibility_quarter": "NA"
   }
  },
  {
   "type": "Feature",
   "geometry": {
    "type": "Point",
    "coordinates": [
     141.40471426,
     -37.5850866
    ]
   },
   "properties": {
    "name": "87 HENTY STREET CASTERTON 3311",
    "locID": "LOC000040511159",
    "tech": "FTTP",
    "upgrade": "FTTP_NA",
    "gnaf_pid": "GAVIC422297933",
    "tech_change_status": "Previous Tech Disconnected",
    "program_type": "On-Demand N2P SDU/MDU Simple",
    "target_eligibility_quarter": "NA"
   }
  },
  {
   "type": "Feature",
   "geometry": {
    "type": "Point",
    "coordinates": [
     141.4046399,
     -37.58512479
    ]
   },
   "properties": {
    "name": "89-91 HENTY STREET CASTERTON 3311",
    "locID": "LOC000124634641",
    "tech": "FTTN",
    "upgrade": "NULL_NA",
    "gnaf_pid": "GAVIC422297934",
    "tech_change_status": "Not Planned"
   }
  },
  {
   "type": "Feature",
   "geometry": {
    "type": "Point",
    "coordinates": [
     141.40455405,
     -37.58516888
    ]
   },
   "properties": {
    "name": "93 HENTY STREET CASTERTON 3311",
    "locID": "LOC000050133877",
    "tech": "FTTN",
    "upgrade": "FTTP_SA",
    "gnaf_pid": "GAVIC422297935",
    "tech_change_status": "Eligible to Order",
    "program_type": "On-Demand N2P SDU/MDU Simple",
    "target_eligibility_quarter": "NA"
   }
  },
  {
   "type": "Feature",
   "geometry": {
    "type": "Point",
    "coordinates": [
     141.40449886,
     -37.58519721
    ]
   },
   "properties": {
    "name": "95 HENTY STREET CASTERTON 3311",
    "locID": "LOC000029336033",
    "tech": "FTTN",
    "upgrade": "FTTP_SA",
    "gnaf_pid": "GAVIC422297937",
    "tech_change_status": "Eligible to Order",
    "program_type": "On-Demand N2P SDU/MDU Simple",
    "target_eligibility_quarter": "NA"
   }
  },
  {
   "type": "Feature",
   "geometry": {
    "type": "Point",
    "coordinates": [
     141.40437236,
     -37.58526217
    ]
   },
   "properties": {
    "name": "97-99 HENTY STREET CASTERTON 3311",
    "locID": "LOC000105801593",
    "tech": "FTTN",
    "upgrade": "FTTP_SA",
    "gnaf_pid": "GAVIC422297939",
    "tech_change_status": "Eligible to Order",
    "program_type": "On-Demand N2P SDU/MDU Simple",
    "target_eligibility_quarter": "NA"
   }
  },
  {
   "type": "Feature",
   "geometry": {
    "type": "Point",
    "coordinates": [
     141.37371309,
     -37.58977564
    ]
   },
   "properties": {
    "name": "131 MT GAMBIER ROAD CASTERTON 3311",
    "locID": "LOC100070635288",
    "tech": "NULL",
    "upgrade": "NULL_NA",
    "gnaf_pid": "GAVIC422311595",
    "tech_change_status": "Not Planned"
   }
  },
  {
   "type": "Feature",
   "geometry": {
    "type": "Point",
    "coordinates": [
     141.39075698,
     -37.58905525
    ]
   },
   "properties": {
    "name": "5 MT GAMBIER ROAD CASTERTON 3311",
    "locID": "LOC000012903093",
    "tech": "FTTN",
    "upgrade": "FTTP_SA",
    "gnaf_pid": "GAVIC422311597",
    "tech_change_status": "Eligible to Order",
    "program_type": "On-Demand N2P SDU/MDU Simple",
    "target_eligibility_quarter": "NA"
   }
  },
  {
   "type": "Feature",
   "geometry": {
    "type": "Point",
    "coordinates": [
     141.41013883,
     -37.59324751
    ]
   },
   "properties": {
    "name": "118 RACECOURSE ROAD CASTERTON 3311",
    "locID": "LOC000019417670",
    "tech": "FTTP",
    "upgrade": "FTTP_NA",
    "gnaf_pid": "GAVIC422318559",
    "tech_change_status": "Previous Tech Disconnected",
    "program_type": "On-Demand N2P SDU/MDU Simple",
    "target_eligibility_quarter": "NA"
   }
  },
  {
   "type": "Feature",
   "geometry": {
    "type": "Point",
    "coordinates": [
     141.38300771,
     -37.59981442
    ]
   },
   "properties": {
    "name": "73 SPRINGBANK ROAD CASTERTON 3311",
    "locID": "LOC000031915580",
    "tech": "NULL",
    "upgrade": "NULL_NA",
    "gnaf_pid": "GAVIC422324743",
    "tech_change_status": "Not Planned"
   }
  },
  {
   "type": "Feature",
   "geometry": {
    "type": "Point",
    "coordinates": [
     141.39476429,
     -37.58997546
    ]
   },
   "properties": {
    "name": "UNIT 10, 225 HENTY STREET CASTERTON 3311",
    "locID": "LOC000055984155",
    "tech": "FTTN",
    "upgrade": "FTTP_NA",
    "gnaf_pid": "GAVIC422399770",
    "tech_change_status": "MDU Complex Eligible To Apply",
    "program_type": "Customer-initiated N2P MDU Complex"
   }
  },
  {
   "type": "Feature",
   "geometry": {
    "type": "Point",
    "coordinates": [
     141.39476429,
     -37.58997546
    ]
   },
   "properties": {
    "name": "UNIT 11, 225 HENTY STREET CASTERTON 3311",
    "locID": "LOC000056280855",
    "tech": "FTTN",
    "upgrade": "FTTP_NA",
    "gnaf_pid": "GAVIC422399771",
    "tech_change_status": "MDU Complex Eligible To Apply",
    "program_type": "Customer-initiated N2P MDU Complex"
   }
  },
  {
   "type": "Feature",
   "geometry": {
    "type": "Point",
    "coordinates": [
     141.40105535,
     -37.58647377
    ]
   },
   "properties": {
    "name": "UNIT 1, 164 HENTY STREET CASTERTON 3311",
    "locID": "LOC000100397174",
    "tech": "FTTP",
    "upgrade": "FTTP_NA",
    "gnaf_pid": "GAVIC422399772",
    "tech_change_status": "Previous Tech Disconnected",
    "program_type": "On-Demand N2P SDU/MDU Simple",
    "target_eligibility_quarter": "NA"
   }
  },
  {
   "type": "Feature",
   "geometry": {
    "type": "Point",
    "coordinates": [
     141.40105535,
     -37.58647377
    ]
   },
   "properties": {
    "name": "UNIT 2, 164 HENTY STREET CASTERTON 3311",
    "locID": "LOC000101086186",
    "tech": "FTTP",
    "upgrade": "FTTP_NA",
    "gnaf_pid": "GAVIC422399774",
    "tech_change_status": "Previous Tech Disconnected",
    "program_type": "On-Demand N2P SDU/MDU Simple",
    "target_eligibility_quarter": "NA"
   }
  },
  {
   "type": "Feature",
   "geometry": {
    "type": "Point",
    "coordinates": [
     141.39507007,
     -37.58985732
    ]
   },
   "properties": {
    "name": "UNIT 4, 223 HENTY STREET CASTERTON 3311",
    "locID": "LOC000050216001",
    "tech": "FTTN",
    "upgrade": "FTTP_NA",
    "gnaf_pid": "GAVIC422399775",
    "tech_change_status": "MDU Complex Eligible To Apply",
    "program_type": "Customer-initiated N2P MDU Complex"
   }
  },
  {
   "type": "Feature",
   "geometry": {
    "type": "Point",
    "coordinates": [
     141.40409325,
     -37.5849307
    ]
   },
   "properties": {
    "name": "118A HENTY STREET CASTERTON 3311",
    "locID": "LOC000124689517",
    "tech": "FTTP",
    "upgrade": "FTTP_NA",
    "gnaf_pid": "GAVIC422399777",
    "tech_change_status": "Previous Tech Disconnected",
    "program_type": "On-Demand N2P SDU/MDU Simple",
    "target_eligibility_quarter": "NA"
   }
  },
  {
   "type": "Feature",
   "geometry": {
    "type": "Point",
    "coordinates": [
     141.40386769,
     -37.58504098
    ]
   },
   "properties": {
    "name": "124 HENTY STREET CASTERTON 3311",
    "locID": "LOC000030158417",
    "tech": "FTTN",
    "upgrade": "FTTP_SA",
    "gnaf_pid": "GAVIC422399778",
    "tech_change_status": "Eligible to Order",
    "program_type": "On-Demand N2P SDU/MDU Simple",
    "target_eligibility_quarter": "NA"
   }
  },
  {
   "type": "Feature",
   "geometry": {
    "type": "Point",
    "coordinates": [
     141.40254659,
     -37.58571021
    ]
   },
   "properties": {
    "name": "148 HENTY STREET CASTERTON 3311",
    "locID": "LOC000112854537",
    "tech": "FTTN",
    "upgrade": "FTTP_SA",
    "gnaf_pid": "GAVIC422399779",
    "tech_change_status": "Eligible to Order",
    "program_type": "On-Demand N2P SDU/MDU Simple",
    "target_eligibility_quarter": "NA"
   }
  },
  {
   "type": "Feature",
   "geometry": {
    "type": "Point",
    "coordinates": [
     141.40090805,
     -37.5870404
    ]
   },
   "properties": {
    "name": "167 HENTY STREET CASTERTON 3311",
    "locID": "LOC000029357395",
    "tech": "FTTN",
    "upgrade": "FTTP_SA",
    "gnaf_pid": "GAVIC422399780",
    "tech_change_status": "Eligible to Order",
    "program_type": "On-Demand N2P SDU/MDU Simple",
    "target_eligibility_quarter": "NA"
   }
  },
  {
   "type": "Feature",
   "geometry": {
    "type": "Point",
    "coordinates": [
     141.39872974,
     -37.58766954
    ]
   },
   "properties": {
    "name": "188 HENTY STREET CASTERTON 3311",
    "locID": "LOC000095212611",
    "tech": "FTTN",
    "upgrade": "FTTP_SA",
    "gnaf_pid": "GAVIC422399783",
    "tech_change_status": "Eligible to Order",
    "program_type": "On-Demand N2P SDU/MDU Simple",
    "target_eligibility_quarter": "NA"
   }
  },
  {
   "type": "Feature",
   "geometry": {
    "type": "Point",
    "coordinates": [
     141.40057813,
     -37.58696256
    ]
   },
   "properties": {
    "name": "190 HENTY STREET CASTERTON 3311",
    "locID": "LOC000124694248",
    "tech": "FTTN",
    "upgrade": "FTTP_SA",
    "gnaf_pid": "GAVIC422399784",
    "tech_change_status": "Eligible to Order",
    "program_type": "On-Demand N2P SDU/MDU Simple",
    "target_eligibility_quarter": "NA"
   }
  },
  {
   "type": "Feature",
   "geometry": {
    "type": "Point",
    "coordinates": [
     141.39629441,
     -37.58936333
    ]
   },
   "properties": {
    "name": "213 HENTY STREET CASTERTON 3311",
    "locID": "LOC000062306895",
    "tech": "FTTN",
    "upgrade": "FTTP_SA",
    "gnaf_pid": "GAVIC422399787",
    "tech_change_status": "Eligible to Order",
    "program_type": "On-Demand N2P SDU/MDU Simple",
    "target_eligibility_quarter": "NA"
   }
  },
  {
   "type": "Feature",
   "geometry": {
    "type": "Point",
    "coordinates": [
     141.39608704,
     -37.589445
    ]
   },
   "properties": {
    "name": "215 HENTY STREET CASTERTON 3311",
    "locID": "LOC000073499826",
    "tech": "FTTN",
    "upgrade": "FTTP_SA",
    "gnaf_pid": "GAVIC422399788",
    "tech_change_status": "Eligible to Order",
    "program_type": "On-Demand N2P SDU/MDU Simple",
    "target_eligibility_quarter": "NA"
   }
  },
  {
   "type": "Feature",
   "geometry": {
    "type": "Point",
    "coordinates": [
     141.39476429,
     -37.58997546
    ]
   },
   "properties": {
    "name": "225 HENTY STREET CASTERTON 3311",
    "locID": "LOC000124684986",
    "tech": "FTTN",
    "upgrade": "FTTP_NA",
    "gnaf_pid": "GAVIC422399790",
    "tech_change_status": "MDU Complex Eligible To Apply",
    "program_type": "Customer-initiated N2P MDU Complex"
   }
  },
  {
   "type": "Feature",
   "geometry": {
    "type": "Point",
    "coordinates": [
     141.40555515,
     -37.58465479
    ]
   },
   "properties": {
    "name": "61A HENTY STREET CASTERTON 3311",
    "locID": "LOC000018580685",
    "tech": "FTTP",
    "upgrade": "FTTP_NA",
    "gnaf_pid": "GAVIC422399794",
    "tech_change_status": "Previous Tech Disconnected",
    "program_type": "On-Demand N2P SDU/MDU Simple",
    "target_eligibility_quarter": "NA"
   }
  },
  {
   "type": "Feature",
   "geometry": {
    "type": "Point",
    "coordinates": [
     141.40435984,
     -37.5847751
    ]
   },
   "properties": {
    "name": "112 HENTY STREET CASTERTON 3311",
    "locID": "LOC000124685166",
    "tech": "FTTP",
    "upgrade": "FTTP_NA",
    "gnaf_pid": "GAVIC422444799",
    "tech_change_status": "Previous Tech Disconnected",
    "program_type": "On-Demand N2P SDU/MDU Simple",
    "target_eligibility_quarter": "NA"
   }
  },
  {
   "type": "Feature",
   "geometry": {
    "type": "Point",
    "coordinates": [
     141.40196916,
     -37.58600515
    ]
   },
   "properties": {
    "name": "156A HENTY STREET CASTERTON 3311",
    "locID": "LOC000022231158",
    "tech": "FTTP",
    "upgrade": "FTTP_NA",
    "gnaf_pid": "GAVIC422444806",
    "tech_change_status": "Previous Tech Disconnected",
    "program_type": "On-Demand N2P SDU/MDU Simple",
    "target_eligibility_quarter": "NA"
   }
  },
  {
   "type": "Feature",
   "geometry": {
    "type": "Point",
    "coordinates": [
     141.39507007,
     -37.58985732
    ]
   },
   "properties": {
    "name": "223 HENTY STREET CASTERTON 3311",
    "locID": "LOC000050216001",
    "tech": "FTTN",
    "upgrade": "FTTP_NA",
    "gnaf_pid": "GAVIC422444813",
    "tech_change_status": "MDU Complex Eligible To Apply",
    "program_type": "Customer-initiated N2P MDU Complex"
   }
  },
  {
   "type": "Feature",
   "geometry": {
    "type": "Point",
    "coordinates": [
     141.4062252,
     -37.58430549
    ]
   },
   "properties": {
    "name": "31 HENTY STREET CASTERTON 3311",
    "locID": "LOC000011030864",
    "tech": "FTTN",
    "upgrade": "FTTP_SA",
    "gnaf_pid": "GAVIC422444818",
    "tech_change_status": "Eligible to Order",
    "program_type": "On-Demand N2P SDU/MDU Simple",
    "target_eligibility_quarter": "NA"
   }
  },
  {
   "type": "Feature",
   "geometry": {
    "type": "Point",
    "coordinates": [
     141.40057813,
     -37.58696256
    ]
   },
   "properties": {
    "name": "33 HENTY STREET CASTERTON 3311",
    "locID": "LOC000124698767",
    "tech": "FTTN",
    "upgrade": "FTTP_SA",
    "gnaf_pid": "GAVIC422444820",
    "tech_change_status": "Eligible to Order",
    "program_type": "On-Demand N2P SDU/MDU Simple",
    "target_eligibility_quarter": "NA"
   }
  },
  {
   "type": "Feature",
   "geometry": {
    "type": "Point",
    "coordinates": [
     141.40567464,
     -37.58459345
    ]
   },
   "properties": {
    "name": "57 HENTY STREET CASTERTON 3311",
    "locID": "LOC000046550634",
    "tech": "FTTN",
    "upgrade": "FTTP_SA",
    "gnaf_pid": "GAVIC422444837",
    "tech_change_status": "Eligible to Order",
    "program_type": "On-Demand N2P SDU/MDU Simple",
    "target_eligibility_quarter": "NA"
   }
  },
  {
   "type": "Feature",
   "geometry": {
    "type": "Point",
    "coordinates": [
     141.40562703,
     -37.5846179
    ]
   },
   "properties": {
    "name": "59-61 HENTY STREET CASTERTON 3311",
    "locID": "LOC000029520926",
    "tech": "FTTN",
    "upgrade": "FTTP_SA",
    "gnaf_pid": "GAVIC422444838",
    "tech_change_status": "Eligible to Order",
    "program_type": "On-Demand N2P SDU/MDU Simple",
    "target_eligibility_quarter": "NA"
   }
  },
  {
   "type": "Feature",
   "geometry": {
    "type": "Point",
    "coordinates": [
     141.40542476,
     -37.58425806
    ]
   },
   "properties": {
    "name": "64 HENTY STREET CASTERTON 3311",
    "locID": "LOC000124634440",
    "tech": "FTTP",
    "upgrade": "FTTP_NA",
    "gnaf_pid": "GAVIC422444841",
    "tech_change_status": "Previous Tech Disconnected",
    "program_type": "On-Demand N2P SDU/MDU Simple",
    "target_eligibility_quarter": "NA"
   }
  },
  {
   "type": "Feature",
   "geometry": {
    "type": "Point",
    "coordinates": [
     141.40542476,
     -37.58425806
    ]
   },
   "properties": {
    "name": "66 HENTY STREET CASTERTON 3311",
    "locID": "LOC000124634440",
    "tech": "FTTP",
    "upgrade": "FTTP_NA",
    "gnaf_pid": "GAVIC422444843",
    "tech_change_status": "Previous Tech Disconnected",
    "program_type": "On-Demand N2P SDU/MDU Simple",
    "target_eligibility_quarter": "NA"
   }
  },
  {
   "type": "Feature",
   "geometry": {
    "type": "Point",
    "coordinates": [
     141.40524677,
     -37.58481315
    ]
   },
   "properties": {
    "name": "67-71 HENTY STREET CASTERTON 3311",
    "locID": "LOC000094275360",
    "tech": "FTTN",
    "upgrade": "FTTP_SA",
    "gnaf_pid": "GAVIC422444844",
    "tech_change_status": "Eligible to Order",
    "program_type": "On-Demand N2P SDU/MDU Simple",
    "target_eligibility_quarter": "NA"
   }
  },
  {
   "type": "Feature",
   "geometry": {
    "type": "Point",
    "coordinates": [
     141.4053423,
     -37.58427054
    ]
   },
   "properties": {
    "name": "68 HENTY STREET CASTERTON 3311",
    "locID": "LOC000103296391",
    "tech": "FTTP",
    "upgrade": "FTTP_NA",
    "gnaf_pid": "GAVIC422444845",
    "tech_change_status": "Previous Tech Disconnected",
    "program_type": "On-Demand N2P SDU/MDU Simple",
    "target_eligibility_quarter": "NA"
   }
  },
  {
   "type": "Feature",
   "geometry": {
    "type": "Point",
    "coordinates": [
     141.40505424,
     -37.584912
    ]
   },
   "properties": {
    "name": "75 HENTY STREET CASTERTON 3311",
    "locID": "LOC000047888120",
    "tech": "FTTN",
    "upgrade": "FTTP_SA",
    "gnaf_pid": "GAVIC422444847",
    "tech_change_status": "Eligible to Order",
    "program_type": "On-Demand N2P SDU/MDU Simple",
    "target_eligibility_quarter": "NA"
   }
  },
  {
   "type": "Feature",
   "geometry": {
    "type": "Point",
    "coordinates": [
     141.4046399,
     -37.58512479
    ]
   },
   "properties": {
    "name": "89 HENTY STREET CASTERTON 3311",
    "locID": "LOC000113078038",
    "tech": "FTTP",
    "upgrade": "FTTP_NA",
    "gnaf_pid": "GAVIC422444848",
    "tech_change_status": "Previous Tech Disconnected",
    "program_type": "On-Demand N2P SDU/MDU Simple",
    "target_eligibility_quarter": "NA"
   }
  },
  {
   "type": "Feature",
   "geometry": {
    "type": "Point",
    "coordinates": [
     141.4046399,
     -37.58512479
    ]
   },
   "properties": {
    "name": "91 HENTY STREET CASTERTON 3311",
    "locID": "LOC000124634641",
    "tech": "FTTN",
    "upgrade": "NULL_NA",
    "gnaf_pid": "GAVIC422444850",
    "tech_change_status": "Not Planned"
   }
  },
  {
   "type": "Feature",
   "geometry": {
    "type": "Point",
    "coordinates": [
     141.40469773,
     -37.58460155
    ]
   },
   "properties": {
    "name": "94-96 HENTY STREET CASTERTON 3311",
    "locID": "LOC000019359821",
    "tech": "FTTN",
    "upgrade": "FTTP_SA",
    "gnaf_pid": "GAVIC422444851",
    "tech_change_status": "Eligible to Order",
    "program_type": "On-Demand N2P SDU/MDU Simple",
    "target_eligibility_quarter": "NA"
   }
  },
  {
   "type": "Feature",
   "geometry": {
    "type": "Point",
    "coordinates": [
     141.40880912,
     -37.59922523
    ]
   },
   "properties": {
    "name": "9 CEMETERY ROAD CASTERTON 3311",
    "locID": "LOC000013566023",
    "tech": "NULL",
    "upgrade": "NULL_NA",
    "gnaf_pid": "GAVIC423063611",
    "tech_change_status": "Not Planned"
   }
  },
  {
   "type": "Feature",
   "geometry": {
    "type": "Point",
    "coordinates": [
     141.42890456,
     -37.58747681
    ]
   },
   "properties": {
    "name": "42 MACKWOOD LANE CASTERTON 3311",
    "locID": "LOC000181771093",
    "tech": "NULL",
    "upgrade": "NULL_NA",
    "gnaf_pid": "GAVIC423079853",
    "tech_change_status": "Not Planned"
   }
  },
  {
   "type": "Feature",
   "geometry": {
    "type": "Point",
    "coordinates": [
     141.38283584,
     -37.58642426
    ]
   },
   "properties": {
    "name": "29 MARSHALLS ROAD CASTERTON 3311",
    "locID": "LOC000075422970",
    "tech": "FTTN",
    "upgrade": "FTTP_SA",
    "gnaf_pid": "GAVIC423080993",
    "tech_change_status": "Eligible to Order",
    "program_type": "On-Demand N2P SDU/MDU Simple",
    "target_eligibility_quarter": "NA"
   }
  },
  {
   "type": "Feature",
   "geometry": {
    "type": "Point",
    "coordinates": [
     141.38267513,
     -37.58806246
    ]
   },
   "properties": {
    "name": "9 MARSHALLS ROAD CASTERTON 3311",
    "locID": "LOC000045079967",
    "tech": "FTTP",
    "upgrade": "FTTP_NA",
    "gnaf_pid": "GAVIC423080994",
    "tech_change_status": "Previous Tech Disconnected",
    "program_type": "On-Demand N2P SDU/MDU Simple",
    "target_eligibility_quarter": "NA"
   }
  },
  {
   "type": "Feature",
   "geometry": {
    "type": "Point",
    "coordinates": [
     141.3756275,
     -37.55824032
    ]
   },
   "properties": {
    "name": "24 MURPHYS ROAD CASTERTON 3311",
    "locID": "LOC000099279275",
    "tech": "SATELLITE",
    "upgrade": "NULL_NA",
    "gnaf_pid": "GAVIC423083493",
    "tech_change_status": "Not Planned"
   }
  },
  {
   "type": "Feature",
   "geometry": {
    "type": "Point",
    "coordinates": [
     141.37189091,
     -37.59483281
    ]
   },
   "properties": {
    "name": "23 OLD CEMETERY ROAD CASTERTON 3311",
    "locID": "LOC000041096075",
    "tech": "NULL",
    "upgrade": "NULL_NA",
    "gnaf_pid": "GAVIC423084931",
    "tech_change_status": "Not Planned"
   }
  },
  {
   "type": "Feature",
   "geometry": {
    "type": "Point",
    "coordinates": [
     141.37335254,
     -37.5949003
    ]
   },
   "properties": {
    "name": "35 OLD CEMETERY ROAD CASTERTON 3311",
    "locID": "LOC000181773279",
    "tech": "NULL",
    "upgrade": "NULL_NA",
    "gnaf_pid": "GAVIC423084932",
    "tech_change_status": "Not Planned"
   }
  },
  {
   "type": "Feature",
   "geometry": {
    "type": "Point",
    "coordinates": [
     141.37042884,
     -37.59467519
    ]
   },
   "properties": {
    "name": "9 OLD CEMETERY ROAD CASTERTON 3311",
    "locID": "LOC000013566023",
    "tech": "NULL",
    "upgrade": "NULL_NA",
    "gnaf_pid": "GAVIC423084933",
    "tech_change_status": "Not Planned"
   }
  },
  {
   "type": "Feature",
   "geometry": {
    "type": "Point",
    "coordinates": [
     141.41497128,
     -37.5806552
    ]
   },
   "properties": {
    "name": "8 TARRING ROAD CASTERTON 3311",
    "locID": "LOC000094919135",
    "tech": "FTTN",
    "upgrade": "FTTP_SA",
    "gnaf_pid": "GAVIC423094946",
    "tech_change_status": "Eligible to Order",
    "program_type": "On-Demand N2P SDU/MDU Simple",
    "target_eligibility_quarter": "NA"
   }
  },
  {
   "type": "Feature",
   "geometry": {
    "type": "Point",
    "coordinates": [
     141.36722198,
     -37.58962475
    ]
   },
   "properties": {
    "name": "18 CASTERTON-PENOLA ROAD CASTERTON 3311",
    "locID": "LOC000097187811",
    "tech": "SATELLITE",
    "upgrade": "NULL_NA",
    "gnaf_pid": "GAVIC423101962",
    "tech_change_status": "Not Planned"
   }
  },
  {
   "type": "Feature",
   "geometry": {
    "type": "Point",
    "coordinates": [
     141.39476429,
     -37.58997546
    ]
   },
   "properties": {
    "name": "UNIT 12, 225 HENTY STREET CASTERTON 3311",
    "locID": "LOC000055931562",
    "tech": "FTTN",
    "upgrade": "FTTP_NA",
    "gnaf_pid": "GAVIC423104058",
    "tech_change_status": "MDU Complex Eligible To Apply",
    "program_type": "Customer-initiated N2P MDU Complex"
   }
  },
  {
   "type": "Feature",
   "geometry": {
    "type": "Point",
    "coordinates": [
     141.39476429,
     -37.58997546
    ]
   },
   "properties": {
    "name": "UNIT 7, 225 HENTY STREET CASTERTON 3311",
    "locID": "LOC000055984070",
    "tech": "FTTN",
    "upgrade": "FTTP_NA",
    "gnaf_pid": "GAVIC423104059",
    "tech_change_status": "MDU Complex Eligible To Apply",
    "program_type": "Customer-initiated N2P MDU Complex"
   }
  },
  {
   "type": "Feature",
   "geometry": {
    "type": "Point",
    "coordinates": [
     141.41174884,
     -37.58903313
    ]
   },
   "properties": {
    "name": "8 ANDERSON ROAD CASTERTON 3311",
    "locID": "LOC000053879342",
    "tech": "FTTN",
    "upgrade": "FTTP_SA",
    "gnaf_pid": "GAVIC423131046",
    "tech_change_status": "Eligible to Order",
    "program_type": "On-Demand N2P SDU/MDU Simple",
    "target_eligibility_quarter": "NA"
   }
  },
  {
   "type": "Feature",
   "geometry": {
    "type": "Point",
    "coordinates": [
     141.40046727,
     -37.58677613
    ]
   },
   "properties": {
    "name": "UNIT 1, 174 HENTY STREET CASTERTON 3311",
    "locID": "LOC000124684955",
    "tech": "FTTN",
    "upgrade": "FTTP_SA",
    "gnaf_pid": "GAVIC423218837",
    "tech_change_status": "Eligible to Order",
    "program_type": "On-Demand N2P SDU/MDU Simple",
    "target_eligibility_quarter": "NA"
   }
  },
  {
   "type": "Feature",
   "geometry": {
    "type": "Point",
    "coordinates": [
     141.36315625,
     -37.6386885
    ]
   },
   "properties": {
    "name": "748 BAHGALLAH ROAD CASTERTON 3311",
    "locID": "LOC000021863877",
    "tech": "NULL",
    "upgrade": "NULL_NA",
    "gnaf_pid": "GAVIC423272984",
    "tech_change_status": "Not Planned"
   }
  },
  {
   "type": "Feature",
   "geometry": {
    "type": "Point",
    "coordinates": [
     141.39476429,
     -37.58997546
    ]
   },
   "properties": {
    "name": "UNIT 8, 225 HENTY STREET CASTERTON 3311",
    "locID": "LOC000056491365",
    "tech": "FTTN",
    "upgrade": "FTTP_NA",
    "gnaf_pid": "GAVIC423383519",
    "tech_change_status": "MDU Complex Eligible To Apply",
    "program_type": "Customer-initiated N2P MDU Complex"
   }
  },
  {
   "type": "Feature",
   "geometry": {
    "type": "Point",
    "coordinates": [
     141.39065768,
     -37.59428129
    ]
   },
   "properties": {
    "name": "21 ROBERTS STREET CASTERTON 3311",
    "locID": "LOC000015119085",
    "tech": "FTTP",
    "upgrade": "FTTP_NA",
    "gnaf_pid": "GAVIC423510880",
    "tech_change_status": "Previous Tech Disconnected",
    "program_type": "On-Demand N2P SDU/MDU Simple",
    "target_eligibility_quarter": "NA"
   }
  },
  {
   "type": "Feature",
   "geometry": {
    "type": "Point",
    "coordinates": [
     141.40562703,
     -37.5846179
    ]
   },
   "properties": {
    "name": "59 HENTY STREET CASTERTON 3311",
    "locID": "LOC000029520926",
    "tech": "FTTN",
    "upgrade": "FTTP_SA",
    "gnaf_pid": "GAVIC423545227",
    "tech_change_status": "Eligible to Order",
    "program_type": "On-Demand N2P SDU/MDU Simple",
    "target_eligibility_quarter": "NA"
   }
  },
  {
   "type": "Feature",
   "geometry": {
    "type": "Point",
    "coordinates": [
     141.39011875,
     -37.59441916
    ]
   },
   "properties": {
    "name": "19 ROBERTS STREET CASTERTON 3311",
    "locID": "LOC000109225236",
    "tech": "FTTC",
    "upgrade": "FTTP_SA",
    "gnaf_pid": "GAVIC423574754",
    "tech_change_status": "Eligible to Order"
   }
  },
  {
   "type": "Feature",
   "geometry": {
    "type": "Point",
    "coordinates": [
     141.39065768,
     -37.59428129
    ]
   },
   "properties": {
    "name": "23 ROBERTS STREET CASTERTON 3311",
    "locID": "LOC000045776501",
    "tech": "FTTN",
    "upgrade": "FTTP_SA",
    "gnaf_pid": "GAVIC423574755",
    "tech_change_status": "Eligible to Order",
    "program_type": "On-Demand N2P SDU/MDU Simple",
    "target_eligibility_quarter": "NA"
   }
  },
  {
   "type": "Feature",
   "geometry": {
    "type": "Point",
    "coordinates": [
     141.39065768,
     -37.59428129
    ]
   },
   "properties": {
    "name": "25 ROBERTS STREET CASTERTON 3311",
    "locID": "LOC000095179639",
    "tech": "FTTN",
    "upgrade": "FTTP_SA",
    "gnaf_pid": "GAVIC423574756",
    "tech_change_status": "Eligible to Order",
    "program_type": "On-Demand N2P SDU/MDU Simple",
    "target_eligibility_quarter": "NA"
   }
  },
  {
   "type": "Feature",
   "geometry": {
    "type": "Point",
    "coordinates": [
     141.39158489,
     -37.59456291
    ]
   },
   "properties": {
    "name": "5 ROBERTS STREET CASTERTON 3311",
    "locID": "LOC000124629865",
    "tech": "FTTC",
    "upgrade": "FTTP_SA",
    "gnaf_pid": "GAVIC423574757",
    "tech_change_status": "Eligible to Order"
   }
  },
  {
   "type": "Feature",
   "geometry": {
    "type": "Point",
    "coordinates": [
     141.28563291,
     -37.62847878
    ]
   },
   "properties": {
    "name": "1237 GLENELG HIGHWAY CASTERTON 3311",
    "locID": "LOC000095054953",
    "tech": "SATELLITE",
    "upgrade": "NULL_NA",
    "gnaf_pid": "GAVIC423633545",
    "tech_change_status": "Not Planned"
   }
  },
  {
   "type": "Feature",
   "geometry": {
    "type": "Point",
    "coordinates": [
     141.37797804,
     -37.58970579
    ]
   },
   "properties": {
    "name": "99 MT GAMBIER ROAD CASTERTON 3311",
    "locID": "LOC000012785932",
    "tech": "NULL",
    "upgrade": "NULL_NA",
    "gnaf_pid": "GAVIC423642770",
    "tech_change_status": "Not Planned"
   }
  },
  {
   "type": "Feature",
   "geometry": {
    "type": "Point",
    "coordinates": [
     141.40443022,
     -37.58383935
    ]
   },
   "properties": {
    "name": "17 MURRAY STREET CASTERTON 3311",
    "locID": "LOC000124694063",
    "tech": "FTTP",
    "upgrade": "FTTP_NA",
    "gnaf_pid": "GAVIC423642871",
    "tech_change_status": "Previous Tech Disconnected",
    "program_type": "On-Demand N2P SDU/MDU Simple",
    "target_eligibility_quarter": "NA"
   }
  },
  {
   "type": "Feature",
   "geometry": {
    "type": "Point",
    "coordinates": [
     141.43282171,
     -37.59357588
    ]
   },
   "properties": {
    "name": "6232 PORTLAND-CASTERTON ROAD CASTERTON 3311",
    "locID": "LOC000181770643",
    "tech": "NULL",
    "upgrade": "NULL_NA",
    "gnaf_pid": "GAVIC423644354",
    "tech_change_status": "Not Planned"
   }
  },
  {
   "type": "Feature",
   "geometry": {
    "type": "Point",
    "coordinates": [
     141.41021416,
     -37.59347253
    ]
   },
   "properties": {
    "name": "120 RACECOURSE ROAD CASTERTON 3311",
    "locID": "LOC000053598867",
    "tech": "FTTP",
    "upgrade": "FTTP_NA",
    "gnaf_pid": "GAVIC423645896",
    "tech_change_status": "Previous Tech Disconnected",
    "program_type": "On-Demand N2P SDU/MDU Simple",
    "target_eligibility_quarter": "NA"
   }
  },
  {
   "type": "Feature",
   "geometry": {
    "type": "Point",
    "coordinates": [
     141.40964269,
     -37.59190978
    ]
   },
   "properties": {
    "name": "92 RACECOURSE ROAD CASTERTON 3311",
    "locID": "LOC000031055235",
    "tech": "NULL",
    "upgrade": "NULL_NA",
    "gnaf_pid": "GAVIC423645897",
    "tech_change_status": "Not Planned"
   }
  },
  {
   "type": "Feature",
   "geometry": {
    "type": "Point",
    "coordinates": [
     141.39325506,
     -37.59262194
    ]
   },
   "properties": {
    "name": "46-48 RUSSELL STREET CASTERTON 3311",
    "locID": "LOC000124629751",
    "tech": "FTTC",
    "upgrade": "FTTP_SA",
    "gnaf_pid": "GAVIC423647709",
    "tech_change_status": "Eligible to Order"
   }
  },
  {
   "type": "Feature",
   "geometry": {
    "type": "Point",
    "coordinates": [
     141.41788513,
     -37.58464865
    ]
   },
   "properties": {
    "name": "64 SHIELS TERRACE CASTERTON 3311",
    "locID": "LOC000124634438",
    "tech": "FTTN",
    "upgrade": "FTTP_SA",
    "gnaf_pid": "GAVIC423648788",
    "tech_change_status": "Eligible to Order",
    "program_type": "On-Demand N2P SDU/MDU Simple",
    "target_eligibility_quarter": "NA"
   }
  },
  {
   "type": "Feature",
   "geometry": {
    "type": "Point",
    "coordinates": [
     141.34147841,
     -37.55789618
    ]
   },
   "properties": {
    "name": "156 GLENDHU ROAD CASTERTON 3311",
    "locID": "LOC000008886100",
    "tech": "SATELLITE",
    "upgrade": "NULL_NA",
    "gnaf_pid": "GAVIC423705505",
    "tech_change_status": "Not Planned"
   }
  },
  {
   "type": "Feature",
   "geometry": {
    "type": "Point",
    "coordinates": [
     141.39476429,
     -37.58997546
    ]
   },
   "properties": {
    "name": "UNIT 1, 225 HENTY STREET CASTERTON 3311",
    "locID": "LOC000055931562",
    "tech": "FTTN",
    "upgrade": "FTTP_NA",
    "gnaf_pid": "GAVIC423706306",
    "tech_change_status": "MDU Complex Eligible To Apply",
    "program_type": "Customer-initiated N2P MDU Complex"
   }
  },
  {
   "type": "Feature",
   "geometry": {
    "type": "Point",
    "coordinates": [
     141.39476429,
     -37.58997546
    ]
   },
   "properties": {
    "name": "UNIT 2, 225 HENTY STREET CASTERTON 3311",
    "locID": "LOC000124684972",
    "tech": "FTTN",
    "upgrade": "FTTP_NA",
    "gnaf_pid": "GAVIC423706307",
    "tech_change_status": "MDU Complex Eligible To Apply",
    "program_type": "Customer-initiated N2P MDU Complex"
   }
  },
  {
   "type": "Feature",
   "geometry": {
    "type": "Point",
    "coordinates": [
     141.39476429,
     -37.58997546
    ]
   },
   "properties": {
    "name": "UNIT 3, 225 HENTY STREET CASTERTON 3311",
    "locID": "LOC000124684986",
    "tech": "FTTN",
    "upgrade": "FTTP_NA",
    "gnaf_pid": "GAVIC423706308",
    "tech_change_status": "MDU Complex Eligible To Apply",
    "program_type": "Customer-initiated N2P MDU Complex"
   }
  },
  {
   "type": "Feature",
   "geometry": {
    "type": "Point",
    "coordinates": [
     141.39476429,
     -37.58997546
    ]
   },
   "properties": {
    "name": "UNIT 4, 225 HENTY STREET CASTERTON 3311",
    "locID": "LOC000124684993",
    "tech": "FTTN",
    "upgrade": "FTTP_NA",
    "gnaf_pid": "GAVIC423706309",
    "tech_change_status": "MDU Complex Eligible To Apply",
    "program_type": "Customer-initiated N2P MDU Complex"
   }
  },
  {
   "type": "Feature",
   "geometry": {
    "type": "Point",
    "coordinates": [
     141.39476429,
     -37.58997546
    ]
   },
   "properties": {
    "name": "UNIT 5, 225 HENTY STREET CASTERTON 3311",
    "locID": "LOC000124685006",
    "tech": "FTTN",
    "upgrade": "FTTP_NA",
    "gnaf_pid": "GAVIC423706310",
    "tech_change_status": "MDU Complex Eligible To Apply",
    "program_type": "Customer-initiated N2P MDU Complex"
   }
  },
  {
   "type": "Feature",
   "geometry": {
    "type": "Point",
    "coordinates": [
     141.39476429,
     -37.58997546
    ]
   },
   "properties": {
    "name": "UNIT 6, 225 HENTY STREET CASTERTON 3311",
    "locID": "LOC000124685010",
    "tech": "FTTN",
    "upgrade": "FTTP_NA",
    "gnaf_pid": "GAVIC423706311",
    "tech_change_status": "MDU Complex Eligible To Apply",
    "program_type": "Customer-initiated N2P MDU Complex"
   }
  },
  {
   "type": "Feature",
   "geometry": {
    "type": "Point",
    "coordinates": [
     141.40333095,
     -37.58492321
    ]
   },
   "properties": {
    "name": "35 MCPHERSON STREET CASTERTON 3311",
    "locID": "LOC000124625147",
    "tech": "FTTN",
    "upgrade": "FTTP_SA",
    "gnaf_pid": "GAVIC423709116",
    "tech_change_status": "Eligible to Order",
    "program_type": "On-Demand N2P SDU/MDU Simple",
    "target_eligibility_quarter": "NA"
   }
  },
  {
   "type": "Feature",
   "geometry": {
    "type": "Point",
    "coordinates": [
     141.40600509,
     -37.58263486
    ]
   },
   "properties": {
    "name": "2 MURRAY STREET CASTERTON 3311",
    "locID": "LOC000124694269",
    "tech": "FTTN",
    "upgrade": "FTTP",
    "gnaf_pid": "GAVIC423709800",
    "tech_change_status": "Eligible to Order",
    "program_type": "On-Demand N2P SDU/MDU Simple",
    "target_eligibility_quarter": "NA"
   }
  },
  {
   "type": "Feature",
   "geometry": {
    "type": "Point",
    "coordinates": [
     141.40600509,
     -37.58263486
    ]
   },
   "properties": {
    "name": "4-6 MURRAY STREET CASTERTON 3311",
    "locID": "LOC000124625238",
    "tech": "FTTP",
    "upgrade": "FTTP_NA",
    "gnaf_pid": "GAVIC423709801",
    "tech_change_status": "Previous Tech Disconnected",
    "program_type": "On-Demand N2P SDU/MDU Simple",
    "target_eligibility_quarter": "NA"
   }
  },
  {
   "type": "Feature",
   "geometry": {
    "type": "Point",
    "coordinates": [
     141.39476429,
     -37.58997546
    ]
   },
   "properties": {
    "name": "UNIT 9, 225 HENTY STREET CASTERTON 3311",
    "locID": "LOC000056160354",
    "tech": "FTTN",
    "upgrade": "FTTP_NA",
    "gnaf_pid": "GAVIC423720026",
    "tech_change_status": "MDU Complex Eligible To Apply",
    "program_type": "Customer-initiated N2P MDU Complex"
   }
  },
  {
   "type": "Feature",
   "geometry": {
    "type": "Point",
    "coordinates": [
     141.41396328,
     -37.58867159
    ]
   },
   "properties": {
    "name": "3 KOCH STREET CASTERTON 3311",
    "locID": "LOC000081198815",
    "tech": "FTTN",
    "upgrade": "FTTP_SA",
    "gnaf_pid": "GAVIC423720634",
    "tech_change_status": "Eligible to Order",
    "program_type": "On-Demand N2P SDU/MDU Simple",
    "target_eligibility_quarter": "NA"
   }
  },
  {
   "type": "Feature",
   "geometry": {
    "type": "Point",
    "coordinates": [
     141.39438768,
     -37.59479175
    ]
   },
   "properties": {
    "name": "5 GAZZARD STREET CASTERTON 3311",
    "locID": "LOC000124629831",
    "tech": "FTTP",
    "upgrade": "NULL_NA",
    "gnaf_pid": "GAVIC423750338"
   }
  },
  {
   "type": "Feature",
   "geometry": {
    "type": "Point",
    "coordinates": [
     141.398435,
     -37.58571204
    ]
   },
   "properties": {
    "name": "22 HUTTON STREET CASTERTON 3311",
    "locID": "LOC000060156583",
    "tech": "FTTP",
    "upgrade": "FTTP_NA",
    "gnaf_pid": "GAVIC423763477",
    "tech_change_status": "Previous Tech Disconnected",
    "program_type": "On-Demand N2P SDU/MDU Simple",
    "target_eligibility_quarter": "NA"
   }
  },
  {
   "type": "Feature",
   "geometry": {
    "type": "Point",
    "coordinates": [
     141.38493872,
     -37.58912541
    ]
   },
   "properties": {
    "name": "UNIT 1, 43 MT GAMBIER ROAD CASTERTON 3311",
    "locID": "LOC000095229097",
    "tech": "FTTP",
    "upgrade": "FTTP_NA",
    "gnaf_pid": "GAVIC423764735",
    "tech_change_status": "Previous Tech Disconnected",
    "program_type": "On-Demand N2P SDU/MDU Simple",
    "target_eligibility_quarter": "NA"
   }
  },
  {
   "type": "Feature",
   "geometry": {
    "type": "Point",
    "coordinates": [
     141.38694507,
     -37.58876128
    ]
   },
   "properties": {
    "name": "UNIT 2, 29 MT GAMBIER ROAD CASTERTON 3311",
    "locID": "LOC000104959208",
    "tech": "FTTN",
    "upgrade": "FTTP_NA",
    "gnaf_pid": "GAVIC423764736",
    "tech_change_status": "MDU Complex Eligible To Apply",
    "program_type": "Customer-initiated N2P MDU Complex"
   }
  },
  {
   "type": "Feature",
   "geometry": {
    "type": "Point",
    "coordinates": [
     141.38500205,
     -37.58906393
    ]
   },
   "properties": {
    "name": "UNIT 2, 43 MT GAMBIER ROAD CASTERTON 3311",
    "locID": "LOC000096020514",
    "tech": "FTTN",
    "upgrade": "FTTP_SA",
    "gnaf_pid": "GAVIC423764737",
    "tech_change_status": "Eligible to Order",
    "program_type": "On-Demand N2P SDU/MDU Simple",
    "target_eligibility_quarter": "NA"
   }
  },
  {
   "type": "Feature",
   "geometry": {
    "type": "Point",
    "coordinates": [
     141.38497967,
     -37.58908737
    ]
   },
   "properties": {
    "name": "UNIT 3, 43 MT GAMBIER ROAD CASTERTON 3311",
    "locID": "LOC000095156846",
    "tech": "FTTN",
    "upgrade": "FTTP_SA",
    "gnaf_pid": "GAVIC423764738",
    "tech_change_status": "Eligible to Order",
    "program_type": "On-Demand N2P SDU/MDU Simple",
    "target_eligibility_quarter": "NA"
   }
  },
  {
   "type": "Feature",
   "geometry": {
    "type": "Point",
    "coordinates": [
     141.38694507,
     -37.58876128
    ]
   },
   "properties": {
    "name": "UNIT 4, 29 MT GAMBIER ROAD CASTERTON 3311",
    "locID": "LOC000104880335",
    "tech": "FTTN",
    "upgrade": "FTTP_NA",
    "gnaf_pid": "GAVIC423764739",
    "tech_change_status": "MDU Complex Eligible To Apply",
    "program_type": "Customer-initiated N2P MDU Complex"
   }
  },
  {
   "type": "Feature",
   "geometry": {
    "type": "Point",
    "coordinates": [
     141.38694507,
     -37.58876128
    ]
   },
   "properties": {
    "name": "UNIT 6, 29 MT GAMBIER ROAD CASTERTON 3311",
    "locID": "LOC000104931492",
    "tech": "FTTN",
    "upgrade": "FTTP_NA",
    "gnaf_pid": "GAVIC423764740",
    "tech_change_status": "MDU Complex Eligible To Apply",
    "program_type": "Customer-initiated N2P MDU Complex"
   }
  },
  {
   "type": "Feature",
   "geometry": {
    "type": "Point",
    "coordinates": [
     141.38694507,
     -37.58876128
    ]
   },
   "properties": {
    "name": "UNIT 7, 29 MT GAMBIER ROAD CASTERTON 3311",
    "locID": "LOC000104539758",
    "tech": "FTTN",
    "upgrade": "FTTP_NA",
    "gnaf_pid": "GAVIC423764741",
    "tech_change_status": "MDU Complex Eligible To Apply",
    "program_type": "Customer-initiated N2P MDU Complex"
   }
  },
  {
   "type": "Feature",
   "geometry": {
    "type": "Point",
    "coordinates": [
     141.39067975,
     -37.58835214
    ]
   },
   "properties": {
    "name": "10 MT GAMBIER ROAD CASTERTON 3311",
    "locID": "LOC000106479280",
    "tech": "FTTN",
    "upgrade": "FTTP_SA",
    "gnaf_pid": "GAVIC423764742",
    "tech_change_status": "Eligible to Order",
    "program_type": "On-Demand N2P SDU/MDU Simple",
    "target_eligibility_quarter": "NA"
   }
  },
  {
   "type": "Feature",
   "geometry": {
    "type": "Point",
    "coordinates": [
     141.38998584,
     -37.58898523
    ]
   },
   "properties": {
    "name": "11 MT GAMBIER ROAD CASTERTON 3311",
    "locID": "LOC000048787596",
    "tech": "FTTP",
    "upgrade": "FTTP_NA",
    "gnaf_pid": "GAVIC423764743",
    "tech_change_status": "Previous Tech Disconnected",
    "program_type": "On-Demand N2P SDU/MDU Simple",
    "target_eligibility_quarter": "NA"
   }
  },
  {
   "type": "Feature",
   "geometry": {
    "type": "Point",
    "coordinates": [
     141.39025519,
     -37.5883139
    ]
   },
   "properties": {
    "name": "12 MT GAMBIER ROAD CASTERTON 3311",
    "locID": "LOC000054122050",
    "tech": "FTTN",
    "upgrade": "FTTP_SA",
    "gnaf_pid": "GAVIC423764744",
    "tech_change_status": "Eligible to Order",
    "program_type": "On-Demand N2P SDU/MDU Simple",
    "target_eligibility_quarter": "NA"
   }
  },
  {
   "type": "Feature",
   "geometry": {
    "type": "Point",
    "coordinates": [
     141.38979735,
     -37.5889681
    ]
   },
   "properties": {
    "name": "13 MT GAMBIER ROAD CASTERTON 3311",
    "locID": "LOC000008523560",
    "tech": "FTTN",
    "upgrade": "FTTP_SA",
    "gnaf_pid": "GAVIC423764750",
    "tech_change_status": "Eligible to Order",
    "program_type": "On-Demand N2P SDU/MDU Simple",
    "target_eligibility_quarter": "NA"
   }
  },
  {
   "type": "Feature",
   "geometry": {
    "type": "Point",
    "coordinates": [
     141.38995962,
     -37.58829894
    ]
   },
   "properties": {
    "name": "14 MT GAMBIER ROAD CASTERTON 3311",
    "locID": "LOC000097408947",
    "tech": "FTTN",
    "upgrade": "FTTP_SA",
    "gnaf_pid": "GAVIC423764751",
    "tech_change_status": "Eligible to Order",
    "program_type": "On-Demand N2P SDU/MDU Simple",
    "target_eligibility_quarter": "NA"
   }
  },
  {
   "type": "Feature",
   "geometry": {
    "type": "Point",
    "coordinates": [
     141.3896146,
     -37.58895151
    ]
   },
   "properties": {
    "name": "15 MT GAMBIER ROAD CASTERTON 3311",
    "locID": "LOC000088982836",
    "tech": "FTTP",
    "upgrade": "FTTP_NA",
    "gnaf_pid": "GAVIC423764752",
    "tech_change_status": "Previous Tech Disconnected",
    "program_type": "On-Demand N2P SDU/MDU Simple",
    "target_eligibility_quarter": "NA"
   }
  },
  {
   "type": "Feature",
   "geometry": {
    "type": "Point",
    "coordinates": [
     141.38943432,
     -37.58893299
    ]
   },
   "properties": {
    "name": "17 MT GAMBIER ROAD CASTERTON 3311",
    "locID": "LOC000022042346",
    "tech": "FTTP",
    "upgrade": "FTTP_NA",
    "gnaf_pid": "GAVIC423764755",
    "tech_change_status": "Previous Tech Disconnected",
    "program_type": "On-Demand N2P SDU/MDU Simple",
    "target_eligibility_quarter": "NA"
   }
  },
  {
   "type": "Feature",
   "geometry": {
    "type": "Point",
    "coordinates": [
     141.38924783,
     -37.58891609
    ]
   },
   "properties": {
    "name": "19 MT GAMBIER ROAD CASTERTON 3311",
    "locID": "LOC000058366431",
    "tech": "FTTP",
    "upgrade": "FTTP_NA",
    "gnaf_pid": "GAVIC423764756",
    "tech_change_status": "Previous Tech Disconnected",
    "program_type": "On-Demand N2P SDU/MDU Simple",
    "target_eligibility_quarter": "NA"
   }
  },
  {
   "type": "Feature",
   "geometry": {
    "type": "Point",
    "coordinates": [
     141.39129276,
     -37.5891039
    ]
   },
   "properties": {
    "name": "1 MT GAMBIER ROAD CASTERTON 3311",
    "locID": "LOC000054180805",
    "tech": "FTTN",
    "upgrade": "FTTP_SA",
    "gnaf_pid": "GAVIC423764757",
    "tech_change_status": "Eligible to Order",
    "program_type": "On-Demand N2P SDU/MDU Simple",
    "target_eligibility_quarter": "NA"
   }
  },
  {
   "type": "Feature",
   "geometry": {
    "type": "Point",
    "coordinates": [
     141.38951878,
     -37.58824818
    ]
   },
   "properties": {
    "name": "20 MT GAMBIER ROAD CASTERTON 3311",
    "locID": "LOC000037972414",
    "tech": "FTTN",
    "upgrade": "FTTP_SA",
    "gnaf_pid": "GAVIC423764758",
    "tech_change_status": "Eligible to Order",
    "program_type": "On-Demand N2P SDU/MDU Simple",
    "target_eligibility_quarter": "NA"
   }
  },
  {
   "type": "Feature",
   "geometry": {
    "type": "Point",
    "coordinates": [
     141.38903866,
     -37.58889711
    ]
   },
   "properties": {
    "name": "21 MT GAMBIER ROAD CASTERTON 3311",
    "locID": "LOC000015709415",
    "tech": "FTTN",
    "upgrade": "FTTP",
    "gnaf_pid": "GAVIC423764759",
    "tech_change_status": "Eligible to Order",
    "program_type": "On-Demand N2P SDU/MDU Simple",
    "target_eligibility_quarter": "NA"
   }
  },
  {
   "type": "Feature",
   "geometry": {
    "type": "Point",
    "coordinates": [
     141.3892971,
     -37.5882279
    ]
   },
   "properties": {
    "name": "22 MT GAMBIER ROAD CASTERTON 3311",
    "locID": "LOC000029661663",
    "tech": "FTTN",
    "upgrade": "FTTP_SA",
    "gnaf_pid": "GAVIC423764760",
    "tech_change_status": "Eligible to Order",
    "program_type": "On-Demand N2P SDU/MDU Simple",
    "target_eligibility_quarter": "NA"
   }
  },
  {
   "type": "Feature",
   "geometry": {
    "type": "Point",
    "coordinates": [
     141.38881505,
     -37.58887685
    ]
   },
   "properties": {
    "name": "23 MT GAMBIER ROAD CASTERTON 3311",
    "locID": "LOC000102819688",
    "tech": "FTTN",
    "upgrade": "FTTP_SA",
    "gnaf_pid": "GAVIC423764761",
    "tech_change_status": "Eligible to Order",
    "program_type": "On-Demand N2P SDU/MDU Simple",
    "target_eligibility_quarter": "NA"
   }
  },
  {
   "type": "Feature",
   "geometry": {
    "type": "Point",
    "coordinates": [
     141.38905033,
     -37.58820539
    ]
   },
   "properties": {
    "name": "24 MT GAMBIER ROAD CASTERTON 3311",
    "locID": "LOC000028552456",
    "tech": "FTTP",
    "upgrade": "FTTP_NA",
    "gnaf_pid": "GAVIC423764762",
    "tech_change_status": "Previous Tech Disconnected",
    "program_type": "On-Demand N2P SDU/MDU Simple",
    "target_eligibility_quarter": "NA"
   }
  },
  {
   "type": "Feature",
   "geometry": {
    "type": "Point",
    "coordinates": [
     141.38858844,
     -37.58885631
    ]
   },
   "properties": {
    "name": "25 MT GAMBIER ROAD CASTERTON 3311",
    "locID": "LOC000032069569",
    "tech": "FTTN",
    "upgrade": "FTTP_SA",
    "gnaf_pid": "GAVIC423764763",
    "tech_change_status": "Eligible to Order",
    "program_type": "On-Demand N2P SDU/MDU Simple",
    "target_eligibility_quarter": "NA"
   }
  },
  {
   "type": "Feature",
   "geometry": {
    "type": "Point",
    "coordinates": [
     141.38890295,
     -37.58819114
    ]
   },
   "properties": {
    "name": "26 MT GAMBIER ROAD CASTERTON 3311",
    "locID": "LOC000060523999",
    "tech": "FTTN",
    "upgrade": "FTTP_SA",
    "gnaf_pid": "GAVIC423764764",
    "tech_change_status": "Eligible to Order",
    "program_type": "On-Demand N2P SDU/MDU Simple",
    "target_eligibility_quarter": "NA"
   }
  },
  {
   "type": "Feature",
   "geometry": {
    "type": "Point",
    "coordinates": [
     141.38855245,
     -37.58816054
    ]
   },
   "properties": {
    "name": "28 MT GAMBIER ROAD CASTERTON 3311",
    "locID": "LOC000028754823",
    "tech": "FTTN",
    "upgrade": "FTTP_SA",
    "gnaf_pid": "GAVIC423764765",
    "tech_change_status": "Eligible to Order",
    "program_type": "On-Demand N2P SDU/MDU Simple",
    "target_eligibility_quarter": "NA"
   }
  },
  {
   "type": "Feature",
   "geometry": {
    "type": "Point",
    "coordinates": [
     141.3882715,
     -37.58813521
    ]
   },
   "properties": {
    "name": "30 MT GAMBIER ROAD CASTERTON 3311",
    "locID": "LOC000091063240",
    "tech": "FTTN",
    "upgrade": "FTTP_SA",
    "gnaf_pid": "GAVIC423764767",
    "tech_change_status": "Eligible to Order",
    "program_type": "On-Demand N2P SDU/MDU Simple",
    "target_eligibility_quarter": "NA"
   }
  },
  {
   "type": "Feature",
   "geometry": {
    "type": "Point",
    "coordinates": [
     141.38802795,
     -37.58811328
    ]
   },
   "properties": {
    "name": "32 MT GAMBIER ROAD CASTERTON 3311",
    "locID": "LOC000073977147",
    "tech": "FTTN",
    "upgrade": "FTTP_SA",
    "gnaf_pid": "GAVIC423764768",
    "tech_change_status": "Eligible to Order",
    "program_type": "On-Demand N2P SDU/MDU Simple",
    "target_eligibility_quarter": "NA"
   }
  },
  {
   "type": "Feature",
   "geometry": {
    "type": "Point",
    "coordinates": [
     141.38624286,
     -37.58887144
    ]
   },
   "properties": {
    "name": "33 MT GAMBIER ROAD CASTERTON 3311",
    "locID": "LOC000051721391",
    "tech": "FTTN",
    "upgrade": "FTTP_SA",
    "gnaf_pid": "GAVIC423764769",
    "tech_change_status": "Eligible to Order",
    "program_type": "On-Demand N2P SDU/MDU Simple",
    "target_eligibility_quarter": "NA"
   }
  },
  {
   "type": "Feature",
   "geometry": {
    "type": "Point",
    "coordinates": [
     141.38782808,
     -37.58809528
    ]
   },
   "properties": {
    "name": "34 MT GAMBIER ROAD CASTERTON 3311",
    "locID": "LOC000100479741",
    "tech": "FTTN",
    "upgrade": "FTTP_SA",
    "gnaf_pid": "GAVIC423764770",
    "tech_change_status": "Eligible to Order",
    "program_type": "On-Demand N2P SDU/MDU Simple",
    "target_eligibility_quarter": "NA"
   }
  },
  {
   "type": "Feature",
   "geometry": {
    "type": "Point",
    "coordinates": [
     141.3859482,
     -37.58891722
    ]
   },
   "properties": {
    "name": "35 MT GAMBIER ROAD CASTERTON 3311",
    "locID": "LOC000014704266",
    "tech": "FTTP",
    "upgrade": "NULL_NA",
    "gnaf_pid": "GAVIC423764771",
    "program_type": "On-Demand N2P SDU/MDU Simple",
    "target_eligibility_quarter": "NA"
   }
  },
  {
   "type": "Feature",
   "geometry": {
    "type": "Point",
    "coordinates": [
     141.3876509,
     -37.58807931
    ]
   },
   "properties": {
    "name": "36 MT GAMBIER ROAD CASTERTON 3311",
    "locID": "LOC000107962120",
    "tech": "FTTN",
    "upgrade": "FTTP_SA",
    "gnaf_pid": "GAVIC423764772",
    "tech_change_status": "Eligible to Order",
    "program_type": "On-Demand N2P SDU/MDU Simple",
    "target_eligibility_quarter": "NA"
   }
  },
  {
   "type": "Feature",
   "geometry": {
    "type": "Point",
    "coordinates": [
     141.38571104,
     -37.58895401
    ]
   },
   "properties": {
    "name": "37 MT GAMBIER ROAD CASTERTON 3311",
    "locID": "LOC000103617665",
    "tech": "FTTN",
    "upgrade": "FTTP_SA",
    "gnaf_pid": "GAVIC423764773",
    "tech_change_status": "Eligible to Order",
    "program_type": "On-Demand N2P SDU/MDU Simple",
    "target_eligibility_quarter": "NA"
   }
  },
  {
   "type": "Feature",
   "geometry": {
    "type": "Point",
    "coordinates": [
     141.38547525,
     -37.58899059
    ]
   },
   "properties": {
    "name": "39 MT GAMBIER ROAD CASTERTON 3311",
    "locID": "LOC000077976042",
    "tech": "FTTP",
    "upgrade": "NULL_NA",
    "gnaf_pid": "GAVIC423764775",
    "program_type": "On-Demand N2P SDU/MDU Simple",
    "target_eligibility_quarter": "NA"
   }
  },
  {
   "type": "Feature",
   "geometry": {
    "type": "Point",
    "coordinates": [
     141.39101116,
     -37.58907833
    ]
   },
   "properties": {
    "name": "3 MT GAMBIER ROAD CASTERTON 3311",
    "locID": "LOC000046917162",
    "tech": "FTTN",
    "upgrade": "FTTP_SA",
    "gnaf_pid": "GAVIC423764776",
    "tech_change_status": "Eligible to Order",
    "program_type": "On-Demand N2P SDU/MDU Simple",
    "target_eligibility_quarter": "NA"
   }
  },
  {
   "type": "Feature",
   "geometry": {
    "type": "Point",
    "coordinates": [
     141.38523866,
     -37.58902731
    ]
   },
   "properties": {
    "name": "41 MT GAMBIER ROAD CASTERTON 3311",
    "locID": "LOC000023516556",
    "tech": "FTTN",
    "upgrade": "FTTP_SA",
    "gnaf_pid": "GAVIC423764777",
    "tech_change_status": "Eligible to Order",
    "program_type": "On-Demand N2P SDU/MDU Simple",
    "target_eligibility_quarter": "NA"
   }
  },
  {
   "type": "Feature",
   "geometry": {
    "type": "Point",
    "coordinates": [
     141.3905353,
     -37.58903513
    ]
   },
   "properties": {
    "name": "7 MT GAMBIER ROAD CASTERTON 3311",
    "locID": "LOC000080264456",
    "tech": "FTTN",
    "upgrade": "FTTP_SA",
    "gnaf_pid": "GAVIC423764778",
    "tech_change_status": "Eligible to Order",
    "program_type": "On-Demand N2P SDU/MDU Simple",
    "target_eligibility_quarter": "NA"
   }
  },
  {
   "type": "Feature",
   "geometry": {
    "type": "Point",
    "coordinates": [
     141.39025694,
     -37.58900985
    ]
   },
   "properties": {
    "name": "9 MT GAMBIER ROAD CASTERTON 3311",
    "locID": "LOC000012834745",
    "tech": "FTTN",
    "upgrade": "FTTP_SA",
    "gnaf_pid": "GAVIC423764779",
    "tech_change_status": "Eligible to Order",
    "program_type": "On-Demand N2P SDU/MDU Simple",
    "target_eligibility_quarter": "NA"
   }
  },
  {
   "type": "Feature",
   "geometry": {
    "type": "Point",
    "coordinates": [
     141.38971878,
     -37.58826559
    ]
   },
   "properties": {
    "name": "16 MT GAMBIER ROAD CASTERTON 3311",
    "locID": "LOC000035970525",
    "tech": "FTTP",
    "upgrade": "FTTP_NA",
    "gnaf_pid": "GAVIC423796612",
    "tech_change_status": "Previous Tech Disconnected",
    "program_type": "On-Demand N2P SDU/MDU Simple",
    "target_eligibility_quarter": "NA"
   }
  },
  {
   "type": "Feature",
   "geometry": {
    "type": "Point",
    "coordinates": [
     141.38767116,
     -37.588775
    ]
   },
   "properties": {
    "name": "27 MT GAMBIER ROAD CASTERTON 3311",
    "locID": "LOC000124698812",
    "tech": "FTTN",
    "upgrade": "FTTP_SA",
    "gnaf_pid": "GAVIC423796613",
    "tech_change_status": "Eligible to Order",
    "program_type": "On-Demand N2P SDU/MDU Simple",
    "target_eligibility_quarter": "NA"
   }
  },
  {
   "type": "Feature",
   "geometry": {
    "type": "Point",
    "coordinates": [
     141.38694507,
     -37.58876128
    ]
   },
   "properties": {
    "name": "29-31 MT GAMBIER ROAD CASTERTON 3311",
    "locID": "LOC000124698883",
    "tech": "FTTN",
    "upgrade": "FTTP_NA",
    "gnaf_pid": "GAVIC423796614",
    "tech_change_status": "MDU Complex Eligible To Apply",
    "program_type": "Customer-initiated N2P MDU Complex"
   }
  },
  {
   "type": "Feature",
   "geometry": {
    "type": "Point",
    "coordinates": [
     141.38493872,
     -37.58912541
    ]
   },
   "properties": {
    "name": "43 MT GAMBIER ROAD CASTERTON 3311",
    "locID": "LOC000096020514",
    "tech": "FTTN",
    "upgrade": "FTTP_SA",
    "gnaf_pid": "GAVIC423796615",
    "tech_change_status": "Eligible to Order",
    "program_type": "On-Demand N2P SDU/MDU Simple",
    "target_eligibility_quarter": "NA"
   }
  },
  {
   "type": "Feature",
   "geometry": {
    "type": "Point",
    "coordinates": [
     141.3939099,
     -37.58830195
    ]
   },
   "properties": {
    "name": "6 OAK AVENUE CASTERTON 3311",
    "locID": "LOC000124630048",
    "tech": "FTTP",
    "upgrade": "FTTP_NA",
    "gnaf_pid": "GAVIC423797054",
    "tech_change_status": "Previous Tech Disconnected",
    "program_type": "On-Demand N2P SDU/MDU Simple",
    "target_eligibility_quarter": "NA"
   }
  },
  {
   "type": "Feature",
   "geometry": {
    "type": "Point",
    "coordinates": [
     141.39353796,
     -37.5880921
    ]
   },
   "properties": {
    "name": "7 OAK AVENUE CASTERTON 3311",
    "locID": "LOC000124634493",
    "tech": "FTTN",
    "upgrade": "FTTP_SA",
    "gnaf_pid": "GAVIC423797055",
    "tech_change_status": "Eligible to Order",
    "program_type": "On-Demand N2P SDU/MDU Simple",
    "target_eligibility_quarter": "NA"
   }
  },
  {
   "type": "Feature",
   "geometry": {
    "type": "Point",
    "coordinates": [
     141.3882715,
     -37.58813521
    ]
   },
   "properties": {
    "name": "UNIT 1, 30 MT GAMBIER ROAD CASTERTON 3311",
    "locID": "LOC000091063240",
    "tech": "FTTN",
    "upgrade": "FTTP_SA",
    "gnaf_pid": "GAVIC423812088",
    "tech_change_status": "Eligible to Order",
    "program_type": "On-Demand N2P SDU/MDU Simple",
    "target_eligibility_quarter": "NA"
   }
  },
  {
   "type": "Feature",
   "geometry": {
    "type": "Point",
    "coordinates": [
     141.38126839,
     -37.58920157
    ]
   },
   "properties": {
    "name": "18 MT GAMBIER ROAD CASTERTON 3311",
    "locID": "LOC000023003152",
    "tech": "FTTP",
    "upgrade": "FTTP_NA",
    "gnaf_pid": "GAVIC423812090",
    "tech_change_status": "Previous Tech Disconnected",
    "program_type": "On-Demand N2P SDU/MDU Simple",
    "target_eligibility_quarter": "NA"
   }
  },
  {
   "type": "Feature",
   "geometry": {
    "type": "Point",
    "coordinates": [
     141.395009,
     -37.59856653
    ]
   },
   "properties": {
    "name": "147 BAHGALLAH ROAD CASTERTON 3311",
    "locID": "LOC000124689731",
    "tech": "FTTN",
    "upgrade": "FTTP_SA",
    "gnaf_pid": "GAVIC423820698",
    "tech_change_status": "Eligible to Order",
    "program_type": "On-Demand N2P SDU/MDU Simple",
    "target_eligibility_quarter": "NA"
   }
  },
  {
   "type": "Feature",
   "geometry": {
    "type": "Point",
    "coordinates": [
     141.35041931,
     -37.64655966
    ]
   },
   "properties": {
    "name": "197 GRUMMETTS ROAD CASTERTON 3311",
    "locID": "LOC000181772927",
    "tech": "NULL",
    "upgrade": "NULL_NA",
    "gnaf_pid": "GAVIC423828206",
    "tech_change_status": "Not Planned"
   }
  },
  {
   "type": "Feature",
   "geometry": {
    "type": "Point",
    "coordinates": [
     141.40353193,
     -37.58461156
    ]
   },
   "properties": {
    "name": "36 MCPHERSON STREET CASTERTON 3311",
    "locID": "LOC000124625175",
    "tech": "FTTP",
    "upgrade": "FTTP_NA",
    "gnaf_pid": "GAVIC423832898",
    "tech_change_status": "Previous Tech Disconnected",
    "program_type": "On-Demand N2P SDU/MDU Simple",
    "target_eligibility_quarter": "NA"
   }
  },
  {
   "type": "Feature",
   "geometry": {
    "type": "Point",
    "coordinates": [
     141.40278135,
     -37.5842932
    ]
   },
   "properties": {
    "name": "41 MCPHERSON STREET CASTERTON 3311",
    "locID": "LOC000124625264",
    "tech": "FTTP",
    "upgrade": "FTTP_NA",
    "gnaf_pid": "GAVIC423832899",
    "tech_change_status": "Previous Tech Disconnected",
    "program_type": "On-Demand N2P SDU/MDU Simple",
    "target_eligibility_quarter": "NA"
   }
  },
  {
   "type": "Feature",
   "geometry": {
    "type": "Point",
    "coordinates": [
     141.40260698,
     -37.58407908
    ]
   },
   "properties": {
    "name": "43 MCPHERSON STREET CASTERTON 3311",
    "locID": "LOC000124625319",
    "tech": "FTTP",
    "upgrade": "FTTP_NA",
    "gnaf_pid": "GAVIC423832900",
    "tech_change_status": "Previous Tech Disconnected",
    "program_type": "On-Demand N2P SDU/MDU Simple",
    "target_eligibility_quarter": "NA"
   }
  },
  {
   "type": "Feature",
   "geometry": {
    "type": "Point",
    "coordinates": [
     141.40230744,
     -37.58370956
    ]
   },
   "properties": {
    "name": "49 MCPHERSON STREET CASTERTON 3311",
    "locID": "LOC000124629808",
    "tech": "FTTP",
    "upgrade": "FTTP_NA",
    "gnaf_pid": "GAVIC423832901",
    "tech_change_status": "Previous Tech Disconnected",
    "program_type": "On-Demand N2P SDU/MDU Simple",
    "target_eligibility_quarter": "NA"
   }
  },
  {
   "type": "Feature",
   "geometry": {
    "type": "Point",
    "coordinates": [
     141.41145524,
     -37.59605868
    ]
   },
   "properties": {
    "name": "149 RACECOURSE ROAD CASTERTON 3311",
    "locID": "LOC000021064421",
    "tech": "FTTN",
    "upgrade": "FTTP",
    "gnaf_pid": "GAVIC423835598",
    "tech_change_status": "Eligible to Order",
    "program_type": "On-Demand N2P SDU/MDU Simple",
    "target_eligibility_quarter": "NA"
   }
  },
  {
   "type": "Feature",
   "geometry": {
    "type": "Point",
    "coordinates": [
     141.41738701,
     -37.5852021
    ]
   },
   "properties": {
    "name": "3 RHODES STREET CASTERTON 3311",
    "locID": "LOC000124698910",
    "tech": "FTTP",
    "upgrade": "NULL_NA",
    "gnaf_pid": "GAVIC423835855"
   }
  },
  {
   "type": "Feature",
   "geometry": {
    "type": "Point",
    "coordinates": [
     141.39258495,
     -37.58738995
    ]
   },
   "properties": {
    "name": "27 SILVESTER STREET CASTERTON 3311",
    "locID": "LOC000124698831",
    "tech": "FTTP",
    "upgrade": "FTTP_NA",
    "gnaf_pid": "GAVIC423837295",
    "tech_change_status": "Previous Tech Disconnected",
    "program_type": "On-Demand N2P SDU/MDU Simple",
    "target_eligibility_quarter": "NA"
   }
  },
  {
   "type": "Feature",
   "geometry": {
    "type": "Point",
    "coordinates": [
     141.40675377,
     -37.58403734
    ]
   },
   "properties": {
    "name": "UNIT 1, 25 HENTY STREET CASTERTON 3311",
    "locID": "LOC000054401286",
    "tech": "FTTP",
    "upgrade": "FTTP_NA",
    "gnaf_pid": "GAVIC423848078",
    "tech_change_status": "Previous Tech Disconnected",
    "program_type": "On-Demand N2P SDU/MDU Simple",
    "target_eligibility_quarter": "NA"
   }
  },
  {
   "type": "Feature",
   "geometry": {
    "type": "Point",
    "coordinates": [
     141.38902918,
     -37.59332829
    ]
   },
   "properties": {
    "name": "45 PEACHEY STREET CASTERTON 3311",
    "locID": "LOC000172362038",
    "tech": "FTTC",
    "upgrade": "FTTP_SA",
    "gnaf_pid": "GAVIC423849911",
    "tech_change_status": "Eligible to Order"
   }
  },
  {
   "type": "Feature",
   "geometry": {
    "type": "Point",
    "coordinates": [
     141.41584977,
     -37.58369099
    ]
   },
   "properties": {
    "name": "2 BERNARD STREET CASTERTON 3311",
    "locID": "LOC000124694253",
    "tech": "FTTN",
    "upgrade": "FTTP_SA",
    "gnaf_pid": "GAVIC423874203",
    "tech_change_status": "Eligible to Order",
    "program_type": "On-Demand N2P SDU/MDU Simple",
    "target_eligibility_quarter": "NA"
   }
  },
  {
   "type": "Feature",
   "geometry": {
    "type": "Point",
    "coordinates": [
     141.39444325,
     -37.5944353
    ]
   },
   "properties": {
    "name": "7 GAZZARD STREET CASTERTON 3311",
    "locID": "LOC000124634472",
    "tech": "FTTP",
    "upgrade": "NULL_NA",
    "gnaf_pid": "GAVIC423881716"
   }
  },
  {
   "type": "Feature",
   "geometry": {
    "type": "Point",
    "coordinates": [
     141.35377675,
     -37.64700031
    ]
   },
   "properties": {
    "name": "229 GRUMMETTS ROAD CASTERTON 3311",
    "locID": "LOC000181772894",
    "tech": "NULL",
    "upgrade": "NULL_NA",
    "gnaf_pid": "GAVIC423882942",
    "tech_change_status": "Not Planned"
   }
  },
  {
   "type": "Feature",
   "geometry": {
    "type": "Point",
    "coordinates": [
     141.40357098,
     -37.58567563
    ]
   },
   "properties": {
    "name": "125-131 HENTY STREET CASTERTON 3311",
    "locID": "LOC000124689593",
    "tech": "FTTN",
    "upgrade": "FTTP_SA",
    "gnaf_pid": "GAVIC423883970",
    "tech_change_status": "Eligible to Order",
    "program_type": "On-Demand N2P SDU/MDU Simple",
    "target_eligibility_quarter": "NA"
   }
  },
  {
   "type": "Feature",
   "geometry": {
    "type": "Point",
    "coordinates": [
     141.40608236,
     -37.58388251
    ]
   },
   "properties": {
    "name": "46-52 HENTY STREET CASTERTON 3311",
    "locID": "LOC000124629767",
    "tech": "FTTN",
    "upgrade": "FTTP_SA",
    "gnaf_pid": "GAVIC423883972",
    "tech_change_status": "Eligible to Order",
    "program_type": "On-Demand N2P SDU/MDU Simple",
    "target_eligibility_quarter": "NA"
   }
  },
  {
   "type": "Feature",
   "geometry": {
    "type": "Point",
    "coordinates": [
     141.40543702,
     -37.58471546
    ]
   },
   "properties": {
    "name": "63A HENTY STREET CASTERTON 3311",
    "locID": "LOC000163288123",
    "tech": "FTTN",
    "upgrade": "FTTP_SA",
    "gnaf_pid": "GAVIC423883973",
    "tech_change_status": "Eligible to Order",
    "program_type": "On-Demand N2P SDU/MDU Simple",
    "target_eligibility_quarter": "NA"
   }
  },
  {
   "type": "Feature",
   "geometry": {
    "type": "Point",
    "coordinates": [
     141.4021766,
     -37.58730632
    ]
   },
   "properties": {
    "name": "UNIT 1, 34 JACKSON STREET CASTERTON 3311",
    "locID": "LOC000124685023",
    "tech": "FTTN",
    "upgrade": "FTTP_SA",
    "gnaf_pid": "GAVIC423884801",
    "tech_change_status": "Eligible to Order",
    "program_type": "On-Demand N2P SDU/MDU Simple",
    "target_eligibility_quarter": "NA"
   }
  },
  {
   "type": "Feature",
   "geometry": {
    "type": "Point",
    "coordinates": [
     141.3978102,
     -37.59718196
    ]
   },
   "properties": {
    "name": "11 KNIGHTS LANE CASTERTON 3311",
    "locID": "LOC000021874987",
    "tech": "FTTP",
    "upgrade": "FTTP_NA",
    "gnaf_pid": "GAVIC423885925",
    "tech_change_status": "Previous Tech Disconnected",
    "program_type": "On-Demand N2P SDU/MDU Simple",
    "target_eligibility_quarter": "NA"
   }
  },
  {
   "type": "Feature",
   "geometry": {
    "type": "Point",
    "coordinates": [
     141.39707565,
     -37.59751795
    ]
   },
   "properties": {
    "name": "6 KNIGHTS LANE CASTERTON 3311",
    "locID": "LOC000124630030",
    "tech": "FTTN",
    "upgrade": "FTTP_SA",
    "gnaf_pid": "GAVIC423885926",
    "tech_change_status": "Eligible to Order",
    "program_type": "On-Demand N2P SDU/MDU Simple",
    "target_eligibility_quarter": "NA"
   }
  },
  {
   "type": "Feature",
   "geometry": {
    "type": "Point",
    "coordinates": [
     141.41343036,
     -37.58861401
    ]
   },
   "properties": {
    "name": "1 KOCH STREET CASTERTON 3311",
    "locID": "LOC000124685047",
    "tech": "FTTP",
    "upgrade": "FTTP_NA",
    "gnaf_pid": "GAVIC423885939",
    "tech_change_status": "Previous Tech Disconnected",
    "program_type": "On-Demand N2P SDU/MDU Simple",
    "target_eligibility_quarter": "NA"
   }
  },
  {
   "type": "Feature",
   "geometry": {
    "type": "Point",
    "coordinates": [
     141.40488325,
     -37.5868915
    ]
   },
   "properties": {
    "name": "17-19 MCPHERSON STREET CASTERTON 3311",
    "locID": "LOC000124694125",
    "tech": "FTTN",
    "upgrade": "FTTP_SA",
    "gnaf_pid": "GAVIC423888449",
    "tech_change_status": "Eligible to Order",
    "program_type": "On-Demand N2P SDU/MDU Simple",
    "target_eligibility_quarter": "NA"
   }
  },
  {
   "type": "Feature",
   "geometry": {
    "type": "Point",
    "coordinates": [
     141.3905353,
     -37.58903513
    ]
   },
   "properties": {
    "name": "7A MT GAMBIER ROAD CASTERTON 3311",
    "locID": "LOC000124634558",
    "tech": "FTTP",
    "upgrade": "FTTP_NA",
    "gnaf_pid": "GAVIC423889770",
    "tech_change_status": "Previous Tech Disconnected",
    "program_type": "On-Demand N2P SDU/MDU Simple",
    "target_eligibility_quarter": "NA"
   }
  },
  {
   "type": "Feature",
   "geometry": {
    "type": "Point",
    "coordinates": [
     141.39818464,
     -37.58704335
    ]
   },
   "properties": {
    "name": "59 MURRAY STREET CASTERTON 3311",
    "locID": "LOC000124630011",
    "tech": "FTTP",
    "upgrade": "FTTP_NA",
    "gnaf_pid": "GAVIC423889892",
    "tech_change_status": "Previous Tech Disconnected",
    "program_type": "On-Demand N2P SDU/MDU Simple",
    "target_eligibility_quarter": "NA"
   }
  },
  {
   "type": "Feature",
   "geometry": {
    "type": "Point",
    "coordinates": [
     141.40557369,
     -37.58324715
    ]
   },
   "properties": {
    "name": "9 MURRAY STREET CASTERTON 3311",
    "locID": "LOC000124639201",
    "tech": "FTTP",
    "upgrade": "FTTP_NA",
    "gnaf_pid": "GAVIC423889893",
    "tech_change_status": "Previous Tech Disconnected",
    "program_type": "On-Demand N2P SDU/MDU Simple",
    "target_eligibility_quarter": "NA"
   }
  },
  {
   "type": "Feature",
   "geometry": {
    "type": "Point",
    "coordinates": [
     141.41725426,
     -37.58597798
    ]
   },
   "properties": {
    "name": "17 RHODES STREET CASTERTON 3311",
    "locID": "LOC000124694071",
    "tech": "FTTP",
    "upgrade": "FTTP_NA",
    "gnaf_pid": "GAVIC423893117",
    "tech_change_status": "Previous Tech Disconnected",
    "program_type": "On-Demand N2P SDU/MDU Simple",
    "target_eligibility_quarter": "NA"
   }
  },
  {
   "type": "Feature",
   "geometry": {
    "type": "Point",
    "coordinates": [
     141.41425161,
     -37.58132634
    ]
   },
   "properties": {
    "name": "1A ROBERTSON STREET CASTERTON 3311",
    "locID": "LOC000105876941",
    "tech": "FTTN",
    "upgrade": "FTTP_SA",
    "gnaf_pid": "GAVIC423893274",
    "tech_change_status": "Eligible to Order",
    "program_type": "On-Demand N2P SDU/MDU Simple",
    "target_eligibility_quarter": "NA"
   }
  },
  {
   "type": "Feature",
   "geometry": {
    "type": "Point",
    "coordinates": [
     141.41411508,
     -37.58214473
    ]
   },
   "properties": {
    "name": "1B ROBERTSON STREET CASTERTON 3311",
    "locID": "LOC000105798505",
    "tech": "FTTN",
    "upgrade": "FTTP_SA",
    "gnaf_pid": "GAVIC423893275",
    "tech_change_status": "Eligible to Order",
    "program_type": "On-Demand N2P SDU/MDU Simple",
    "target_eligibility_quarter": "NA"
   }
  },
  {
   "type": "Feature",
   "geometry": {
    "type": "Point",
    "coordinates": [
     141.41243148,
     -37.5896163
    ]
   },
   "properties": {
    "name": "64A ROBERTSON STREET CASTERTON 3311",
    "locID": "LOC000124634455",
    "tech": "FTTP",
    "upgrade": "FTTP_NA",
    "gnaf_pid": "GAVIC423893276",
    "tech_change_status": "Previous Tech Disconnected",
    "program_type": "On-Demand N2P SDU/MDU Simple",
    "target_eligibility_quarter": "NA"
   }
  },
  {
   "type": "Feature",
   "geometry": {
    "type": "Point",
    "coordinates": [
     141.40719362,
     -37.63144874
    ]
   },
   "properties": {
    "name": "210 CHAPMANS ROAD CASTERTON 3311",
    "locID": "LOC100055385264",
    "tech": "SATELLITE",
    "upgrade": "NULL_NA",
    "gnaf_pid": "GAVIC423901827",
    "tech_change_status": "Not Planned"
   }
  },
  {
   "type": "Feature",
   "geometry": {
    "type": "Point",
    "coordinates": [
     141.49249535,
     -37.5668512
    ]
   },
   "properties": {
    "name": "64 FORD LUERS ROAD CASTERTON 3311",
    "locID": "LOC000115729833",
    "tech": "SATELLITE",
    "upgrade": "NULL_NA",
    "gnaf_pid": "GAVIC423922097",
    "tech_change_status": "Not Planned"
   }
  },
  {
   "type": "Feature",
   "geometry": {
    "type": "Point",
    "coordinates": [
     141.39423942,
     -37.58865231
    ]
   },
   "properties": {
    "name": "19-21 FLYNN STREET CASTERTON 3311",
    "locID": "LOC000124694224",
    "tech": "FTTP",
    "upgrade": "FTTP_NA",
    "gnaf_pid": "GAVIC424026212",
    "tech_change_status": "Previous Tech Disconnected",
    "program_type": "On-Demand N2P SDU/MDU Simple",
    "target_eligibility_quarter": "NA"
   }
  },
  {
   "type": "Feature",
   "geometry": {
    "type": "Point",
    "coordinates": [
     141.4140352,
     -37.58833635
    ]
   },
   "properties": {
    "name": "2 LITTLE KOCH STREET CASTERTON 3311",
    "locID": "LOC000046603391",
    "tech": "FTTP",
    "upgrade": "FTTP_NA",
    "gnaf_pid": "GAVIC424040526",
    "tech_change_status": "Previous Tech Disconnected",
    "program_type": "On-Demand N2P SDU/MDU Simple",
    "target_eligibility_quarter": "NA"
   }
  },
  {
   "type": "Feature",
   "geometry": {
    "type": "Point",
    "coordinates": [
     141.41741579,
     -37.58472275
    ]
   },
   "properties": {
    "name": "62 SHIELS TERRACE CASTERTON 3311",
    "locID": "LOC000050381516",
    "tech": "FTTN",
    "upgrade": "FTTP_SA",
    "gnaf_pid": "GAVIC424041674",
    "tech_change_status": "Eligible to Order",
    "program_type": "On-Demand N2P SDU/MDU Simple",
    "target_eligibility_quarter": "NA"
   }
  },
  {
   "type": "Feature",
   "geometry": {
    "type": "Point",
    "coordinates": [
     141.39297883,
     -37.59110903
    ]
   },
   "properties": {
    "name": "2-8 CUSSEN STREET CASTERTON 3311",
    "locID": "LOC000124698617",
    "tech": "FTTP",
    "upgrade": "NULL_NA",
    "gnaf_pid": "GAVIC424061561"
   }
  },
  {
   "type": "Feature",
   "geometry": {
    "type": "Point",
    "coordinates": [
     141.40362686,
     -37.58386514
    ]
   },
   "properties": {
    "name": "12 MURRAY STREET CASTERTON 3311",
    "locID": "LOC000124689540",
    "tech": "FTTP",
    "upgrade": "FTTP_NA",
    "gnaf_pid": "GAVIC424066557",
    "tech_change_status": "Previous Tech Disconnected",
    "program_type": "On-Demand N2P SDU/MDU Simple",
    "target_eligibility_quarter": "NA"
   }
  },
  {
   "type": "Feature",
   "geometry": {
    "type": "Point",
    "coordinates": [
     141.38694507,
     -37.58876128
    ]
   },
   "properties": {
    "name": "UNIT 3, 29 MT GAMBIER ROAD CASTERTON 3311",
    "locID": "LOC000104351650",
    "tech": "FTTN",
    "upgrade": "FTTP_NA",
    "gnaf_pid": "GAVIC424071826",
    "tech_change_status": "MDU Complex Eligible To Apply",
    "program_type": "Customer-initiated N2P MDU Complex"
   }
  },
  {
   "type": "Feature",
   "geometry": {
    "type": "Point",
    "coordinates": [
     141.39350091,
     -37.58835841
    ]
   },
   "properties": {
    "name": "9-11 OAK AVENUE CASTERTON 3311",
    "locID": "LOC000124639229",
    "tech": "FTTP",
    "upgrade": "FTTP_NA",
    "gnaf_pid": "GAVIC424086195",
    "tech_change_status": "Previous Tech Disconnected",
    "program_type": "On-Demand N2P SDU/MDU Simple",
    "target_eligibility_quarter": "NA"
   }
  },
  {
   "type": "Feature",
   "geometry": {
    "type": "Point",
    "coordinates": [
     141.38804936,
     -37.58469985
    ]
   },
   "properties": {
    "name": "35 MITCHELL STREET CASTERTON 3311",
    "locID": "LOC000115739424",
    "tech": "FTTN",
    "upgrade": "FTTP_SA",
    "gnaf_pid": "GAVIC424450951",
    "tech_change_status": "Eligible to Order",
    "program_type": "On-Demand N2P SDU/MDU Simple",
    "target_eligibility_quarter": "NA"
   }
  },
  {
   "type": "Feature",
   "geometry": {
    "type": "Point",
    "coordinates": [
     141.38694507,
     -37.58876128
    ]
   },
   "properties": {
    "name": "UNIT 1, 31 MT GAMBIER ROAD CASTERTON 3311",
    "locID": "LOC000163289615",
    "tech": "FTTN",
    "upgrade": "FTTP_NA",
    "gnaf_pid": "GAVIC424473288",
    "tech_change_status": "MDU Complex Eligible To Apply",
    "program_type": "Customer-initiated N2P MDU Complex"
   }
  },
  {
   "type": "Feature",
   "geometry": {
    "type": "Point",
    "coordinates": [
     141.38694507,
     -37.58876128
    ]
   },
   "properties": {
    "name": "UNIT 2, 31 MT GAMBIER ROAD CASTERTON 3311",
    "locID": "LOC000104959208",
    "tech": "FTTN",
    "upgrade": "FTTP_NA",
    "gnaf_pid": "GAVIC424473289",
    "tech_change_status": "MDU Complex Eligible To Apply",
    "program_type": "Customer-initiated N2P MDU Complex"
   }
  },
  {
   "type": "Feature",
   "geometry": {
    "type": "Point",
    "coordinates": [
     141.38694507,
     -37.58876128
    ]
   },
   "properties": {
    "name": "UNIT 3, 31 MT GAMBIER ROAD CASTERTON 3311",
    "locID": "LOC000104351650",
    "tech": "FTTN",
    "upgrade": "FTTP_NA",
    "gnaf_pid": "GAVIC424473290",
    "tech_change_status": "MDU Complex Eligible To Apply",
    "program_type": "Customer-initiated N2P MDU Complex"
   }
  },
  {
   "type": "Feature",
   "geometry": {
    "type": "Point",
    "coordinates": [
     141.38694507,
     -37.58876128
    ]
   },
   "properties": {
    "name": "UNIT 4, 31 MT GAMBIER ROAD CASTERTON 3311",
    "locID": "LOC000104880335",
    "tech": "FTTN",
    "upgrade": "FTTP_NA",
    "gnaf_pid": "GAVIC424473291",
    "tech_change_status": "MDU Complex Eligible To Apply",
    "program_type": "Customer-initiated N2P MDU Complex"
   }
  },
  {
   "type": "Feature",
   "geometry": {
    "type": "Point",
    "coordinates": [
     141.38694507,
     -37.58876128
    ]
   },
   "properties": {
    "name": "UNIT 5, 31 MT GAMBIER ROAD CASTERTON 3311",
    "locID": "LOC000104742320",
    "tech": "FTTN",
    "upgrade": "FTTP_NA",
    "gnaf_pid": "GAVIC424473292",
    "tech_change_status": "MDU Complex Eligible To Apply",
    "program_type": "Customer-initiated N2P MDU Complex"
   }
  },
  {
   "type": "Feature",
   "geometry": {
    "type": "Point",
    "coordinates": [
     141.38694507,
     -37.58876128
    ]
   },
   "properties": {
    "name": "UNIT 6, 31 MT GAMBIER ROAD CASTERTON 3311",
    "locID": "LOC000104931492",
    "tech": "FTTN",
    "upgrade": "FTTP_NA",
    "gnaf_pid": "GAVIC424473293",
    "tech_change_status": "MDU Complex Eligible To Apply",
    "program_type": "Customer-initiated N2P MDU Complex"
   }
  },
  {
   "type": "Feature",
   "geometry": {
    "type": "Point",
    "coordinates": [
     141.38694507,
     -37.58876128
    ]
   },
   "properties": {
    "name": "UNIT 7, 31 MT GAMBIER ROAD CASTERTON 3311",
    "locID": "LOC000104539758",
    "tech": "FTTN",
    "upgrade": "FTTP_NA",
    "gnaf_pid": "GAVIC424473294",
    "tech_change_status": "MDU Complex Eligible To Apply",
    "program_type": "Customer-initiated N2P MDU Complex"
   }
  },
  {
   "type": "Feature",
   "geometry": {
    "type": "Point",
    "coordinates": [
     141.39364359,
     -37.58874495
    ]
   },
   "properties": {
    "name": "13-15 OAK AVENUE CASTERTON 3311",
    "locID": "LOC000124689662",
    "tech": "FTTP",
    "upgrade": "FTTP_NA",
    "gnaf_pid": "GAVIC424500771",
    "tech_change_status": "Previous Tech Disconnected",
    "program_type": "On-Demand N2P SDU/MDU Simple",
    "target_eligibility_quarter": "NA"
   }
  },
  {
   "type": "Feature",
   "geometry": {
    "type": "Point",
    "coordinates": [
     141.41449663,
     -37.5941458
    ]
   },
   "properties": {
    "name": "19 SPRING STREET CASTERTON 3311",
    "locID": "LOC000124694211",
    "tech": "FTTP",
    "upgrade": "FTTP_NA",
    "gnaf_pid": "GAVIC424505263",
    "tech_change_status": "Previous Tech Disconnected",
    "program_type": "On-Demand N2P SDU/MDU Simple",
    "target_eligibility_quarter": "NA"
   }
  },
  {
   "type": "Feature",
   "geometry": {
    "type": "Point",
    "coordinates": [
     141.41325085,
     -37.5913918
    ]
   },
   "properties": {
    "name": "1-3 STEWART LANE CASTERTON 3311",
    "locID": "LOC000124685068",
    "tech": "FTTP",
    "upgrade": "FTTP_NA",
    "gnaf_pid": "GAVIC424505749",
    "tech_change_status": "Previous Tech Disconnected",
    "program_type": "On-Demand N2P SDU/MDU Simple",
    "target_eligibility_quarter": "NA"
   }
  },
  {
   "type": "Feature",
   "geometry": {
    "type": "Point",
    "coordinates": [
     141.41359596,
     -37.59163074
    ]
   },
   "properties": {
    "name": "2-6 STEWART LANE CASTERTON 3311",
    "locID": "LOC000124694346",
    "tech": "FTTP",
    "upgrade": "FTTP_NA",
    "gnaf_pid": "GAVIC424505750",
    "tech_change_status": "Previous Tech Disconnected",
    "program_type": "On-Demand N2P SDU/MDU Simple",
    "target_eligibility_quarter": "NA"
   }
  },
  {
   "type": "Feature",
   "geometry": {
    "type": "Point",
    "coordinates": [
     141.4135199,
     -37.59208085
    ]
   },
   "properties": {
    "name": "8-10 STEWART LANE CASTERTON 3311",
    "locID": "LOC000124634625",
    "tech": "FTTN",
    "upgrade": "FTTP",
    "gnaf_pid": "GAVIC424505752",
    "tech_change_status": "Eligible to Order",
    "program_type": "On-Demand N2P SDU/MDU Simple",
    "target_eligibility_quarter": "NA"
   }
  },
  {
   "type": "Feature",
   "geometry": {
    "type": "Point",
    "coordinates": [
     141.40640714,
     -37.5845008
    ]
   },
   "properties": {
    "name": "8 CLARKE STREET CASTERTON 3311",
    "locID": "LOC000124634562",
    "tech": "FTTP",
    "upgrade": "FTTP_NA",
    "gnaf_pid": "GAVIC424534298",
    "tech_change_status": "Previous Tech Disconnected",
    "program_type": "On-Demand N2P SDU/MDU Simple",
    "target_eligibility_quarter": "NA"
   }
  },
  {
   "type": "Feature",
   "geometry": {
    "type": "Point",
    "coordinates": [
     141.40133861,
     -37.58719848
    ]
   },
   "properties": {
    "name": "11 MCKINLAY STREET CASTERTON 3311",
    "locID": "LOC000124685204",
    "tech": "FTTP",
    "upgrade": "FTTP_NA",
    "gnaf_pid": "GAVIC424542207",
    "tech_change_status": "Previous Tech Disconnected",
    "program_type": "On-Demand N2P SDU/MDU Simple",
    "target_eligibility_quarter": "NA"
   }
  },
  {
   "type": "Feature",
   "geometry": {
    "type": "Point",
    "coordinates": [
     141.41374601,
     -37.5818329
    ]
   },
   "properties": {
    "name": "4 ROBERTSON STREET CASTERTON 3311",
    "locID": "LOC000124625217",
    "tech": "FTTP",
    "upgrade": "FTTP_NA",
    "gnaf_pid": "GAVIC424544934",
    "tech_change_status": "Previous Tech Disconnected",
    "program_type": "On-Demand N2P SDU/MDU Simple",
    "target_eligibility_quarter": "NA"
   }
  },
  {
   "type": "Feature",
   "geometry": {
    "type": "Point",
    "coordinates": [
     141.41369926,
     -37.58210983
    ]
   },
   "properties": {
    "name": "4A ROBERTSON STREET CASTERTON 3311",
    "locID": "LOC000124629820",
    "tech": "FTTN",
    "upgrade": "FTTP_SA",
    "gnaf_pid": "GAVIC424544935",
    "tech_change_status": "Eligible to Order",
    "program_type": "On-Demand N2P SDU/MDU Simple",
    "target_eligibility_quarter": "NA"
   }
  },
  {
   "type": "Feature",
   "geometry": {
    "type": "Point",
    "coordinates": [
     141.4136523,
     -37.58238795
    ]
   },
   "properties": {
    "name": "6 ROBERTSON STREET CASTERTON 3311",
    "locID": "LOC000189032547",
    "tech": "FTTN",
    "upgrade": "FTTP_SA",
    "gnaf_pid": "GAVIC424544936",
    "tech_change_status": "Eligible to Order",
    "program_type": "On-Demand N2P SDU/MDU Simple",
    "target_eligibility_quarter": "NA"
   }
  },
  {
   "type": "Feature",
   "geometry": {
    "type": "Point",
    "coordinates": [
     141.41360545,
     -37.58266536
    ]
   },
   "properties": {
    "name": "6A ROBERTSON STREET CASTERTON 3311",
    "locID": "LOC000124634464",
    "tech": "FTTN",
    "upgrade": "FTTP_SA",
    "gnaf_pid": "GAVIC424544937",
    "tech_change_status": "Eligible to Order",
    "program_type": "On-Demand N2P SDU/MDU Simple",
    "target_eligibility_quarter": "NA"
   }
  },
  {
   "type": "Feature",
   "geometry": {
    "type": "Point",
    "coordinates": [
     141.3936056,
     -37.58713784
    ]
   },
   "properties": {
    "name": "14-20 SILVESTER STREET CASTERTON 3311",
    "locID": "LOC000124689708",
    "tech": "FTTN",
    "upgrade": "FTTP_SA",
    "gnaf_pid": "GAVIC424545684",
    "tech_change_status": "Eligible to Order",
    "program_type": "On-Demand N2P SDU/MDU Simple",
    "target_eligibility_quarter": "NA"
   }
  },
  {
   "type": "Feature",
   "geometry": {
    "type": "Point",
    "coordinates": [
     141.41238854,
     -37.58108288
    ]
   },
   "properties": {
    "name": "11 MOODIE STREET CASTERTON 3311",
    "locID": "LOC000124685215",
    "tech": "FTTP",
    "upgrade": "FTTP_NA",
    "gnaf_pid": "GAVIC424585762",
    "tech_change_status": "Previous Tech Disconnected",
    "program_type": "On-Demand N2P SDU/MDU Simple",
    "target_eligibility_quarter": "NA"
   }
  },
  {
   "type": "Feature",
   "geometry": {
    "type": "Point",
    "coordinates": [
     141.38694507,
     -37.58876128
    ]
   },
   "properties": {
    "name": "UNIT 5, 29 MT GAMBIER ROAD CASTERTON 3311",
    "locID": "LOC000104742320",
    "tech": "FTTN",
    "upgrade": "FTTP_NA",
    "gnaf_pid": "GAVIC424592557",
    "tech_change_status": "MDU Complex Eligible To Apply",
    "program_type": "Customer-initiated N2P MDU Complex"
   }
  },
  {
   "type": "Feature",
   "geometry": {
    "type": "Point",
    "coordinates": [
     141.40462658,
     -37.58463813
    ]
   },
   "properties": {
    "name": "98 HENTY STREET CASTERTON 3311",
    "locID": "LOC000124639255",
    "tech": "FTTP",
    "upgrade": "FTTP_NA",
    "gnaf_pid": "GAVIC424619498",
    "tech_change_status": "Previous Tech Disconnected",
    "program_type": "On-Demand N2P SDU/MDU Simple",
    "target_eligibility_quarter": "NA"
   }
  },
  {
   "type": "Feature",
   "geometry": {
    "type": "Point",
    "coordinates": [
     141.38251264,
     -37.58947704
    ]
   },
   "properties": {
    "name": "61 MT GAMBIER ROAD CASTERTON 3311",
    "locID": "LOC000124634396",
    "tech": "FTTP",
    "upgrade": "FTTP_NA",
    "gnaf_pid": "GAVIC424625477",
    "tech_change_status": "Previous Tech Disconnected",
    "program_type": "On-Demand N2P SDU/MDU Simple",
    "target_eligibility_quarter": "NA"
   }
  },
  {
   "type": "Feature",
   "geometry": {
    "type": "Point",
    "coordinates": [
     141.41025072,
     -37.58444598
    ]
   },
   "properties": {
    "name": "4 THE TERRACE CASTERTON 3311",
    "locID": "LOC000124625229",
    "tech": "FTTN",
    "upgrade": "FTTP_SA",
    "gnaf_pid": "GAVIC424632291",
    "tech_change_status": "Eligible to Order",
    "program_type": "On-Demand N2P SDU/MDU Simple",
    "target_eligibility_quarter": "NA"
   }
  },
  {
   "type": "Feature",
   "geometry": {
    "type": "Point",
    "coordinates": [
     141.41073431,
     -37.58418955
    ]
   },
   "properties": {
    "name": "5 THE TERRACE CASTERTON 3311",
    "locID": "LOC000115739430",
    "tech": "FTTP",
    "upgrade": "FTTP_NA",
    "gnaf_pid": "GAVIC424632292",
    "tech_change_status": "Previous Tech Disconnected",
    "program_type": "On-Demand N2P SDU/MDU Simple",
    "target_eligibility_quarter": "NA"
   }
  },
  {
   "type": "Feature",
   "geometry": {
    "type": "Point",
    "coordinates": [
     141.41066782,
     -37.58470958
    ]
   },
   "properties": {
    "name": "6 THE TERRACE CASTERTON 3311",
    "locID": "LOC000124630069",
    "tech": "FTTP",
    "upgrade": "FTTP_NA",
    "gnaf_pid": "GAVIC424632293",
    "tech_change_status": "Previous Tech Disconnected",
    "program_type": "On-Demand N2P SDU/MDU Simple",
    "target_eligibility_quarter": "NA"
   }
  },
  {
   "type": "Feature",
   "geometry": {
    "type": "Point",
    "coordinates": [
     141.4045793,
     -37.58466241
    ]
   },
   "properties": {
    "name": "100 HENTY STREET CASTERTON 3311",
    "locID": "LOC000124685145",
    "tech": "FTTN",
    "upgrade": "FTTP_SA",
    "gnaf_pid": "GAVIC424672585",
    "tech_change_status": "Eligible to Order",
    "program_type": "On-Demand N2P SDU/MDU Simple",
    "target_eligibility_quarter": "NA"
   }
  },
  {
   "type": "Feature",
   "geometry": {
    "type": "Point",
    "coordinates": [
     141.40114705,
     -37.58595323
    ]
   },
   "properties": {
    "name": "13 MCKINLAY STREET CASTERTON 3311",
    "locID": "LOC000124689636",
    "tech": "FTTP",
    "upgrade": "FTTP_NA",
    "gnaf_pid": "GAVIC424675130",
    "tech_change_status": "Previous Tech Disconnected",
    "program_type": "On-Demand N2P SDU/MDU Simple",
    "target_eligibility_quarter": "NA"
   }
  },
  {
   "type": "Feature",
   "geometry": {
    "type": "Point",
    "coordinates": [
     141.41270333,
     -37.58099796
    ]
   },
   "properties": {
    "name": "9 MOODIE STREET CASTERTON 3311",
    "locID": "LOC000115739448",
    "tech": "FTTN",
    "upgrade": "FTTP",
    "gnaf_pid": "GAVIC424675505",
    "tech_change_status": "Eligible to Order",
    "program_type": "On-Demand N2P SDU/MDU Simple",
    "target_eligibility_quarter": "NA"
   }
  },
  {
   "type": "Feature",
   "geometry": {
    "type": "Point",
    "coordinates": [
     141.40179665,
     -37.58512103
    ]
   },
   "properties": {
    "name": "31 MURRAY STREET CASTERTON 3311",
    "locID": "LOC000124625096",
    "tech": "FTTN",
    "upgrade": "FTTP_SA",
    "gnaf_pid": "GAVIC424759431",
    "tech_change_status": "Eligible to Order",
    "program_type": "On-Demand N2P SDU/MDU Simple",
    "target_eligibility_quarter": "NA"
   }
  },
  {
   "type": "Feature",
   "geometry": {
    "type": "Point",
    "coordinates": [
     141.39011854,
     -37.59251345
    ]
   },
   "properties": {
    "name": "3 GEORGE STREET CASTERTON 3311",
    "locID": "LOC000124698896",
    "tech": "FTTN",
    "upgrade": "FTTP_SA",
    "gnaf_pid": "GAVIC424782529",
    "tech_change_status": "Eligible to Order",
    "program_type": "On-Demand N2P SDU/MDU Simple",
    "target_eligibility_quarter": "NA"
   }
  },
  {
   "type": "Feature",
   "geometry": {
    "type": "Point",
    "coordinates": [
     141.41311967,
     -37.58977048
    ]
   },
   "properties": {
    "name": "63 ROBERTSON STREET CASTERTON 3311",
    "locID": "LOC000124634429",
    "tech": "FTTP",
    "upgrade": "NULL_NA",
    "gnaf_pid": "GAVIC424888460",
    "program_type": "On-Demand N2P SDU/MDU Simple",
    "target_eligibility_quarter": "NA"
   }
  },
  {
   "type": "Feature",
   "geometry": {
    "type": "Point",
    "coordinates": [
     141.41288764,
     -37.59082587
    ]
   },
   "properties": {
    "name": "75 ROBERTSON STREET CASTERTON 3311",
    "locID": "LOC000124634536",
    "tech": "FTTP",
    "upgrade": "FTTP_NA",
    "gnaf_pid": "GAVIC424888461",
    "tech_change_status": "Previous Tech Disconnected",
    "program_type": "On-Demand N2P SDU/MDU Simple",
    "target_eligibility_quarter": "NA"
   }
  },
  {
   "type": "Feature",
   "geometry": {
    "type": "Point",
    "coordinates": [
     141.3926711,
     -37.59655688
    ]
   },
   "properties": {
    "name": "2-4 RUSSELL STREET CASTERTON 3311",
    "locID": "LOC000124694333",
    "tech": "FTTC",
    "upgrade": "FTTP_SA",
    "gnaf_pid": "GAVIC424971280",
    "tech_change_status": "Eligible to Order"
   }
  },
  {
   "type": "Feature",
   "geometry": {
    "type": "Point",
    "coordinates": [
     141.41500208,
     -37.58394962
    ]
   },
   "properties": {
    "name": "9-11 HANDLEY STREET CASTERTON 3311",
    "locID": "LOC000163287982",
    "tech": "FTTN",
    "upgrade": "FTTP_SA",
    "gnaf_pid": "GAVIC425084024",
    "tech_change_status": "Eligible to Order",
    "program_type": "On-Demand N2P SDU/MDU Simple",
    "target_eligibility_quarter": "NA"
   }
  },
  {
   "type": "Feature",
   "geometry": {
    "type": "Point",
    "coordinates": [
     141.39911405,
     -37.58746637
    ]
   },
   "properties": {
    "name": "184-186 HENTY STREET CASTERTON 3311",
    "locID": "LOC000112997986",
    "tech": "FTTP",
    "upgrade": "FTTP_NA",
    "gnaf_pid": "GAVIC425084263",
    "tech_change_status": "Previous Tech Disconnected",
    "program_type": "On-Demand N2P SDU/MDU Simple",
    "target_eligibility_quarter": "NA"
   }
  },
  {
   "type": "Feature",
   "geometry": {
    "type": "Point",
    "coordinates": [
     141.40201372,
     -37.58646621
    ]
   },
   "properties": {
    "name": "141 HENTY STREET CASTERTON 3311",
    "locID": "LOC000163288049",
    "tech": "FTTP",
    "upgrade": "FTTP_NA",
    "gnaf_pid": "GAVIC425227295",
    "tech_change_status": "Previous Tech Disconnected",
    "program_type": "On-Demand N2P SDU/MDU Simple",
    "target_eligibility_quarter": "NA"
   }
  },
  {
   "type": "Feature",
   "geometry": {
    "type": "Point",
    "coordinates": [
     141.39516116,
     -37.59214568
    ]
   },
   "properties": {
    "name": "12 QUEEN STREET CASTERTON 3311",
    "locID": "LOC000172362017",
    "tech": "FTTC",
    "upgrade": "FTTP_SA",
    "gnaf_pid": "GAVIC425231303",
    "tech_change_status": "Eligible to Order"
   }
  },
  {
   "type": "Feature",
   "geometry": {
    "type": "Point",
    "coordinates": [
     141.38931613,
     -37.59391322
    ]
   },
   "properties": {
    "name": "28-30 ROBERTS STREET CASTERTON 3311",
    "locID": "LOC000172362040",
    "tech": "FTTC",
    "upgrade": "FTTP_SA",
    "gnaf_pid": "GAVIC425284284",
    "tech_change_status": "Eligible to Order"
   }
  },
  {
   "type": "Feature",
   "geometry": {
    "type": "Point",
    "coordinates": [
     141.38694507,
     -37.58876128
    ]
   },
   "properties": {
    "name": "UNIT 1, 29 MT GAMBIER ROAD CASTERTON 3311",
    "locID": "LOC000163289615",
    "tech": "FTTN",
    "upgrade": "FTTP_NA",
    "gnaf_pid": "GAVIC425326117",
    "tech_change_status": "MDU Complex Eligible To Apply",
    "program_type": "Customer-initiated N2P MDU Complex"
   }
  },
  {
   "type": "Feature",
   "geometry": {
    "type": "Point",
    "coordinates": [
     141.40331935,
     -37.58531544
    ]
   },
   "properties": {
    "name": "128A HENTY STREET CASTERTON 3311",
    "locID": "LOC000124689627",
    "tech": "FTTP",
    "upgrade": "FTTP_NA",
    "gnaf_pid": "GAVIC425465589",
    "tech_change_status": "Previous Tech Disconnected",
    "program_type": "On-Demand N2P SDU/MDU Simple",
    "target_eligibility_quarter": "NA"
   }
  },
  {
   "type": "Feature",
   "geometry": {
    "type": "Point",
    "coordinates": [
     141.40331935,
     -37.58531544
    ]
   },
   "properties": {
    "name": "128C HENTY STREET CASTERTON 3311",
    "locID": "LOC000186938507",
    "tech": "FTTN",
    "upgrade": "FTTP_SA",
    "gnaf_pid": "GAVIC425465591",
    "tech_change_status": "Eligible to Order",
    "program_type": "On-Demand N2P SDU/MDU Simple",
    "target_eligibility_quarter": "NA"
   }
  },
  {
   "type": "Feature",
   "geometry": {
    "type": "Point",
    "coordinates": [
     141.40645074,
     -37.58824466
    ]
   },
   "properties": {
    "name": "2 MCPHERSON STREET CASTERTON 3311",
    "locID": "LOC000163289314",
    "tech": "FTTP",
    "upgrade": "FTTP_NA",
    "gnaf_pid": "GAVIC425467688",
    "tech_change_status": "Previous Tech Disconnected",
    "program_type": "On-Demand N2P SDU/MDU Simple",
    "target_eligibility_quarter": "NA"
   }
  },
  {
   "type": "Feature",
   "geometry": {
    "type": "Point",
    "coordinates": [
     141.40617762,
     -37.58788902
    ]
   },
   "properties": {
    "name": "4-10 MCPHERSON STREET CASTERTON 3311",
    "locID": "LOC000124625272",
    "tech": "FTTN",
    "upgrade": "FTTP_SA",
    "gnaf_pid": "GAVIC425467689",
    "tech_change_status": "Eligible to Order",
    "program_type": "On-Demand N2P SDU/MDU Simple",
    "target_eligibility_quarter": "NA"
   }
  },
  {
   "type": "Feature",
   "geometry": {
    "type": "Point",
    "coordinates": [
     141.41464275,
     -37.58734805
    ]
   },
   "properties": {
    "name": "10 ROSS STREET CASTERTON 3311",
    "locID": "LOC000163290520",
    "tech": "FTTN",
    "upgrade": "FTTP_SA",
    "gnaf_pid": "GAVIC425469958",
    "tech_change_status": "Eligible to Order",
    "program_type": "On-Demand N2P SDU/MDU Simple",
    "target_eligibility_quarter": "NA"
   }
  },
  {
   "type": "Feature",
   "geometry": {
    "type": "Point",
    "coordinates": [
     141.39532445,
     -37.59609578
    ]
   },
   "properties": {
    "name": "2 COWLAND STREET CASTERTON 3311",
    "locID": "LOC000124694282",
    "tech": "FTTN",
    "upgrade": "FTTP_SA",
    "gnaf_pid": "GAVIC425483005",
    "tech_change_status": "Eligible to Order",
    "program_type": "On-Demand N2P SDU/MDU Simple",
    "target_eligibility_quarter": "NA"
   }
  },
  {
   "type": "Feature",
   "geometry": {
    "type": "Point",
    "coordinates": [
     141.37493855,
     -37.5631008
    ]
   },
   "properties": {
    "name": "443 CASTERTON-APSLEY ROAD CASTERTON 3311",
    "locID": "LOC000150263687",
    "tech": "NULL",
    "upgrade": "NULL_NA",
    "gnaf_pid": "GAVIC425669947",
    "tech_change_status": "Not Planned"
   }
  },
  {
   "type": "Feature",
   "geometry": {
    "type": "Point",
    "coordinates": [
     141.37590524,
     -37.56192515
    ]
   },
   "properties": {
    "name": "459 CASTERTON-APSLEY ROAD CASTERTON 3311",
    "locID": "LOC100078867919",
    "tech": "NULL",
    "upgrade": "NULL_NA",
    "gnaf_pid": "GAVIC425669948",
    "tech_change_status": "Not Planned"
   }
  },
  {
   "type": "Feature",
   "geometry": {
    "type": "Point",
    "coordinates": [
     141.40494473,
     -37.58496823
    ]
   },
   "properties": {
    "name": "79A HENTY STREET CASTERTON 3311",
    "locID": "LOC000035961537",
    "tech": "FTTN",
    "upgrade": "FTTP_SA",
    "gnaf_pid": "GAVIC425676976",
    "tech_change_status": "Eligible to Order",
    "program_type": "On-Demand N2P SDU/MDU Simple",
    "target_eligibility_quarter": "NA"
   }
  },
  {
   "type": "Feature",
   "geometry": {
    "type": "Point",
    "coordinates": [
     141.4002899,
     -37.58427763
    ]
   },
   "properties": {
    "name": "24 ADDISON STREET CASTERTON 3311",
    "locID": "LOC000163286704",
    "tech": "FTTP",
    "upgrade": "FTTP_NA",
    "gnaf_pid": "GAVIC425814028",
    "tech_change_status": "Previous Tech Disconnected",
    "program_type": "On-Demand N2P SDU/MDU Simple",
    "target_eligibility_quarter": "NA"
   }
  },
  {
   "type": "Feature",
   "geometry": {
    "type": "Point",
    "coordinates": [
     141.40285095,
     -37.59067126
    ]
   },
   "properties": {
    "name": "37 BAHGALLAH ROAD CASTERTON 3311",
    "locID": "LOC100078149866",
    "tech": "NULL",
    "upgrade": "NULL_NA",
    "gnaf_pid": "GAVIC718993493",
    "tech_change_status": "Not Planned"
   }
  },
  {
   "type": "Feature",
   "geometry": {
    "type": "Point",
    "coordinates": [
     141.41344207,
     -37.59254138
    ]
   },
   "properties": {
    "name": "12 STEWART LANE CASTERTON 3311",
    "locID": "LOC000163291319",
    "tech": "FTTP",
    "upgrade": "FTTP_NA",
    "gnaf_pid": "GAVIC719018496",
    "tech_change_status": "Previous Tech Disconnected",
    "program_type": "On-Demand N2P SDU/MDU Simple",
    "target_eligibility_quarter": "NA"
   }
  },
  {
   "type": "Feature",
   "geometry": {
    "type": "Point",
    "coordinates": [
     141.38635598,
     -37.58425842
    ]
   },
   "properties": {
    "name": "52 MITCHELL STREET CASTERTON 3311",
    "locID": "LOC000124629906",
    "tech": "FTTP",
    "upgrade": "FTTP_NA",
    "gnaf_pid": "GAVIC719509638",
    "tech_change_status": "Previous Tech Disconnected",
    "program_type": "On-Demand N2P SDU/MDU Simple",
    "target_eligibility_quarter": "NA"
   }
  },
  {
   "type": "Feature",
   "geometry": {
    "type": "Point",
    "coordinates": [
     141.38880394,
     -37.58823065
    ]
   },
   "properties": {
    "name": "26A MT GAMBIER ROAD CASTERTON 3311",
    "locID": "LOC000194075692",
    "tech": "FTTN",
    "upgrade": "FTTP_NA",
    "gnaf_pid": "GAVIC719524713",
    "tech_change_status": "Committed",
    "program_type": "On-Demand N2P SDU/MDU Simple",
    "target_eligibility_quarter": "Dec 2025"
   }
  },
  {
   "type": "Feature",
   "geometry": {
    "type": "Point",
    "coordinates": [
     141.39466003,
     -37.59122891
    ]
   },
   "properties": {
    "name": "99 JACKSON STREET CASTERTON 3311",
    "locID": "LOC000124639240",
    "tech": "FTTN",
    "upgrade": "FTTP_SA",
    "gnaf_pid": "GAVIC719612139",
    "tech_change_status": "Eligible to Order",
    "program_type": "On-Demand N2P SDU/MDU Simple",
    "target_eligibility_quarter": "NA"
   }
  },
  {
   "type": "Feature",
   "geometry": {
    "type": "Point",
    "coordinates": [
     141.38621535,
     -37.58424657
    ]
   },
   "properties": {
    "name": "54 MITCHELL STREET CASTERTON 3311",
    "locID": "LOC000124629906",
    "tech": "FTTP",
    "upgrade": "FTTP_NA",
    "gnaf_pid": "GAVIC719756309",
    "tech_change_status": "Previous Tech Disconnected",
    "program_type": "On-Demand N2P SDU/MDU Simple",
    "target_eligibility_quarter": "NA"
   }
  },
  {
   "type": "Feature",
   "geometry": {
    "type": "Point",
    "coordinates": [
     141.42823639,
     -37.58893243
    ]
   },
   "properties": {
    "name": "25 MACKWOOD LANE CASTERTON 3311",
    "locID": "LOC100087725306",
    "tech": "NULL",
    "upgrade": "NULL_NA",
    "gnaf_pid": "GAVIC719992710",
    "tech_change_status": "Not Planned"
   }
  },
  {
   "type": "Feature",
   "geometry": {
    "type": "Point",
    "coordinates": [
     141.39280978,
     -37.59564672
    ]
   },
   "properties": {
    "name": "14 RUSSELL STREET CASTERTON 3311",
    "locID": "LOC000124689564",
    "tech": "FTTC",
    "upgrade": "FTTP_SA",
    "gnaf_pid": "GAVIC720574865",
    "tech_change_status": "Eligible to Order"
   }
  },
  {
   "type": "Feature",
   "geometry": {
    "type": "Point",
    "coordinates": [
     141.39360408,
     -37.58871995
    ]
   },
   "properties": {
    "name": "15 OAK AVENUE CASTERTON 3311",
    "locID": "LOC000124689662",
    "tech": "FTTP",
    "upgrade": "FTTP_NA",
    "gnaf_pid": "GAVIC720764281",
    "tech_change_status": "Previous Tech Disconnected",
    "program_type": "On-Demand N2P SDU/MDU Simple",
    "target_eligibility_quarter": "NA"
   }
  },
  {
   "type": "Feature",
   "geometry": {
    "type": "Point",
    "coordinates": [
     141.40573451,
     -37.5817515
    ]
   },
   "properties": {
    "name": "UNIT 26, 2 MURRAY STREET CASTERTON 3311",
    "locID": "LOC000124694269",
    "tech": "FTTN",
    "upgrade": "FTTP",
    "gnaf_pid": "GAVIC720951895",
    "tech_change_status": "Eligible to Order",
    "program_type": "On-Demand N2P SDU/MDU Simple",
    "target_eligibility_quarter": "NA"
   }
  },
  {
   "type": "Feature",
   "geometry": {
    "type": "Point",
    "coordinates": [
     141.40565974,
     -37.58155312
    ]
   },
   "properties": {
    "name": "UNIT 20, 2 MURRAY STREET CASTERTON 3311",
    "locID": "LOC000124694269",
    "tech": "FTTN",
    "upgrade": "FTTP",
    "gnaf_pid": "GAVIC720955734",
    "tech_change_status": "Eligible to Order",
    "program_type": "On-Demand N2P SDU/MDU Simple",
    "target_eligibility_quarter": "NA"
   }
  },
  {
   "type": "Feature",
   "geometry": {
    "type": "Point",
    "coordinates": [
     141.40572558,
     -37.58168667
    ]
   },
   "properties": {
    "name": "UNIT 23, 2 MURRAY STREET CASTERTON 3311",
    "locID": "LOC000124694269",
    "tech": "FTTN",
    "upgrade": "FTTP",
    "gnaf_pid": "GAVIC720955838",
    "tech_change_status": "Eligible to Order",
    "program_type": "On-Demand N2P SDU/MDU Simple",
    "target_eligibility_quarter": "NA"
   }
  },
  {
   "type": "Feature",
   "geometry": {
    "type": "Point",
    "coordinates": [
     141.40582547,
     -37.58166848
    ]
   },
   "properties": {
    "name": "UNIT 22, 2 MURRAY STREET CASTERTON 3311",
    "locID": "LOC000124694269",
    "tech": "FTTN",
    "upgrade": "FTTP",
    "gnaf_pid": "GAVIC720956359",
    "tech_change_status": "Eligible to Order",
    "program_type": "On-Demand N2P SDU/MDU Simple",
    "target_eligibility_quarter": "NA"
   }
  },
  {
   "type": "Feature",
   "geometry": {
    "type": "Point",
    "coordinates": [
     141.40586874,
     -37.5814778
    ]
   },
   "properties": {
    "name": "UNIT 9, 2 MURRAY STREET CASTERTON 3311",
    "locID": "LOC000124694269",
    "tech": "FTTN",
    "upgrade": "FTTP",
    "gnaf_pid": "GAVIC720956508",
    "tech_change_status": "Eligible to Order",
    "program_type": "On-Demand N2P SDU/MDU Simple",
    "target_eligibility_quarter": "NA"
   }
  },
  {
   "type": "Feature",
   "geometry": {
    "type": "Point",
    "coordinates": [
     141.40558648,
     -37.58155218
    ]
   },
   "properties": {
    "name": "UNIT 19, 2 MURRAY STREET CASTERTON 3311",
    "locID": "LOC000124694269",
    "tech": "FTTN",
    "upgrade": "FTTP",
    "gnaf_pid": "GAVIC720956584",
    "tech_change_status": "Eligible to Order",
    "program_type": "On-Demand N2P SDU/MDU Simple",
    "target_eligibility_quarter": "NA"
   }
  },
  {
   "type": "Feature",
   "geometry": {
    "type": "Point",
    "coordinates": [
     141.40593672,
     -37.58152556
    ]
   },
   "properties": {
    "name": "UNIT 10, 2 MURRAY STREET CASTERTON 3311",
    "locID": "LOC000124694269",
    "tech": "FTTN",
    "upgrade": "FTTP",
    "gnaf_pid": "GAVIC720959655",
    "tech_change_status": "Eligible to Order",
    "program_type": "On-Demand N2P SDU/MDU Simple",
    "target_eligibility_quarter": "NA"
   }
  },
  {
   "type": "Feature",
   "geometry": {
    "type": "Point",
    "coordinates": [
     141.40541712,
     -37.58152284
    ]
   },
   "properties": {
    "name": "UNIT 17, 2 MURRAY STREET CASTERTON 3311",
    "locID": "LOC000124694269",
    "tech": "FTTN",
    "upgrade": "FTTP",
    "gnaf_pid": "GAVIC720960043",
    "tech_change_status": "Eligible to Order",
    "program_type": "On-Demand N2P SDU/MDU Simple",
    "target_eligibility_quarter": "NA"
   }
  },
  {
   "type": "Feature",
   "geometry": {
    "type": "Point",
    "coordinates": [
     141.40612703,
     -37.58166492
    ]
   },
   "properties": {
    "name": "UNIT 13, 2 MURRAY STREET CASTERTON 3311",
    "locID": "LOC000124694269",
    "tech": "FTTN",
    "upgrade": "FTTP",
    "gnaf_pid": "GAVIC720960113",
    "tech_change_status": "Eligible to Order",
    "program_type": "On-Demand N2P SDU/MDU Simple",
    "target_eligibility_quarter": "NA"
   }
  },
  {
   "type": "Feature",
   "geometry": {
    "type": "Point",
    "coordinates": [
     141.40560883,
     -37.58148712
    ]
   },
   "properties": {
    "name": "UNIT 15, 2 MURRAY STREET CASTERTON 3311",
    "locID": "LOC000124694269",
    "tech": "FTTN",
    "upgrade": "FTTP",
    "gnaf_pid": "GAVIC720960789",
    "tech_change_status": "Eligible to Order",
    "program_type": "On-Demand N2P SDU/MDU Simple",
    "target_eligibility_quarter": "NA"
   }
  },
  {
   "type": "Feature",
   "geometry": {
    "type": "Point",
    "coordinates": [
     141.40534566,
     -37.58153638
    ]
   },
   "properties": {
    "name": "UNIT 18, 2 MURRAY STREET CASTERTON 3311",
    "locID": "LOC000124694269",
    "tech": "FTTN",
    "upgrade": "FTTP",
    "gnaf_pid": "GAVIC720960992",
    "tech_change_status": "Eligible to Order",
    "program_type": "On-Demand N2P SDU/MDU Simple",
    "target_eligibility_quarter": "NA"
   }
  },
  {
   "type": "Feature",
   "geometry": {
    "type": "Point",
    "coordinates": [
     141.40574399,
     -37.58138703
    ]
   },
   "properties": {
    "name": "UNIT 7, 2 MURRAY STREET CASTERTON 3311",
    "locID": "LOC000124694269",
    "tech": "FTTN",
    "upgrade": "FTTP",
    "gnaf_pid": "GAVIC720961238",
    "tech_change_status": "Eligible to Order",
    "program_type": "On-Demand N2P SDU/MDU Simple",
    "target_eligibility_quarter": "NA"
   }
  },
  {
   "type": "Feature",
   "geometry": {
    "type": "Point",
    "coordinates": [
     141.40556611,
     -37.58135355
    ]
   },
   "properties": {
    "name": "UNIT 5, 2 MURRAY STREET CASTERTON 3311",
    "locID": "LOC000124694269",
    "tech": "FTTN",
    "upgrade": "FTTP",
    "gnaf_pid": "GAVIC720961589",
    "tech_change_status": "Eligible to Order",
    "program_type": "On-Demand N2P SDU/MDU Simple",
    "target_eligibility_quarter": "NA"
   }
  },
  {
   "type": "Feature",
   "geometry": {
    "type": "Point",
    "coordinates": [
     141.40583386,
     -37.58173284
    ]
   },
   "properties": {
    "name": "UNIT 27, 2 MURRAY STREET CASTERTON 3311",
    "locID": "LOC000124694269",
    "tech": "FTTN",
    "upgrade": "FTTP",
    "gnaf_pid": "GAVIC720961809",
    "tech_change_status": "Eligible to Order",
    "program_type": "On-Demand N2P SDU/MDU Simple",
    "target_eligibility_quarter": "NA"
   }
  },
  {
   "type": "Feature",
   "geometry": {
    "type": "Point",
    "coordinates": [
     141.40619414,
     -37.58171211
    ]
   },
   "properties": {
    "name": "UNIT 14, 2 MURRAY STREET CASTERTON 3311",
    "locID": "LOC000124694269",
    "tech": "FTTN",
    "upgrade": "FTTP",
    "gnaf_pid": "GAVIC720962392",
    "tech_change_status": "Eligible to Order",
    "program_type": "On-Demand N2P SDU/MDU Simple",
    "target_eligibility_quarter": "NA"
   }
  },
  {
   "type": "Feature",
   "geometry": {
    "type": "Point",
    "coordinates": [
     141.40600108,
     -37.58157321
    ]
   },
   "properties": {
    "name": "UNIT 11, 2 MURRAY STREET CASTERTON 3311",
    "locID": "LOC000124694269",
    "tech": "FTTN",
    "upgrade": "FTTP",
    "gnaf_pid": "GAVIC720963004",
    "tech_change_status": "Eligible to Order",
    "program_type": "On-Demand N2P SDU/MDU Simple",
    "target_eligibility_quarter": "NA"
   }
  },
  {
   "type": "Feature",
   "geometry": {
    "type": "Point",
    "coordinates": [
     141.4056538,
     -37.58133698
    ]
   },
   "properties": {
    "name": "UNIT 6, 2 MURRAY STREET CASTERTON 3311",
    "locID": "LOC000124694269",
    "tech": "FTTN",
    "upgrade": "FTTP",
    "gnaf_pid": "GAVIC720965026",
    "tech_change_status": "Eligible to Order",
    "program_type": "On-Demand N2P SDU/MDU Simple",
    "target_eligibility_quarter": "NA"
   }
  },
  {
   "type": "Feature",
   "geometry": {
    "type": "Point",
    "coordinates": [
     141.40534947,
     -37.58139411
    ]
   },
   "properties": {
    "name": "UNIT 2, 2 MURRAY STREET CASTERTON 3311",
    "locID": "LOC000124694269",
    "tech": "FTTN",
    "upgrade": "FTTP",
    "gnaf_pid": "GAVIC720965851",
    "tech_change_status": "Eligible to Order",
    "program_type": "On-Demand N2P SDU/MDU Simple",
    "target_eligibility_quarter": "NA"
   }
  },
  {
   "type": "Feature",
   "geometry": {
    "type": "Point",
    "coordinates": [
     141.40548402,
     -37.58136894
    ]
   },
   "properties": {
    "name": "UNIT 4, 2 MURRAY STREET CASTERTON 3311",
    "locID": "LOC000124694269",
    "tech": "FTTN",
    "upgrade": "FTTP",
    "gnaf_pid": "GAVIC720966832",
    "tech_change_status": "Eligible to Order",
    "program_type": "On-Demand N2P SDU/MDU Simple",
    "target_eligibility_quarter": "NA"
   }
  },
  {
   "type": "Feature",
   "geometry": {
    "type": "Point",
    "coordinates": [
     141.40605958,
     -37.58161555
    ]
   },
   "properties": {
    "name": "UNIT 12, 2 MURRAY STREET CASTERTON 3311",
    "locID": "LOC000124694269",
    "tech": "FTTN",
    "upgrade": "FTTP",
    "gnaf_pid": "GAVIC720968246",
    "tech_change_status": "Eligible to Order",
    "program_type": "On-Demand N2P SDU/MDU Simple",
    "target_eligibility_quarter": "NA"
   }
  },
  {
   "type": "Feature",
   "geometry": {
    "type": "Point",
    "coordinates": [
     141.40591884,
     -37.5817161
    ]
   },
   "properties": {
    "name": "UNIT 28, 2 MURRAY STREET CASTERTON 3311",
    "locID": "LOC000124694269",
    "tech": "FTTN",
    "upgrade": "FTTP",
    "gnaf_pid": "GAVIC720968722",
    "tech_change_status": "Eligible to Order",
    "program_type": "On-Demand N2P SDU/MDU Simple",
    "target_eligibility_quarter": "NA"
   }
  },
  {
   "type": "Feature",
   "geometry": {
    "type": "Point",
    "coordinates": [
     141.40572141,
     -37.5815429
    ]
   },
   "properties": {
    "name": "UNIT 21, 2 MURRAY STREET CASTERTON 3311",
    "locID": "LOC000124694269",
    "tech": "FTTN",
    "upgrade": "FTTP",
    "gnaf_pid": "GAVIC720968900",
    "tech_change_status": "Eligible to Order",
    "program_type": "On-Demand N2P SDU/MDU Simple",
    "target_eligibility_quarter": "NA"
   }
  },
  {
   "type": "Feature",
   "geometry": {
    "type": "Point",
    "coordinates": [
     141.4052899,
     -37.58140539
    ]
   },
   "properties": {
    "name": "UNIT 1, 2 MURRAY STREET CASTERTON 3311",
    "locID": "LOC000124694269",
    "tech": "FTTN",
    "upgrade": "FTTP",
    "gnaf_pid": "GAVIC720970168",
    "tech_change_status": "Eligible to Order",
    "program_type": "On-Demand N2P SDU/MDU Simple",
    "target_eligibility_quarter": "NA"
   }
  },
  {
   "type": "Feature",
   "geometry": {
    "type": "Point",
    "coordinates": [
     141.40562031,
     -37.58170604
    ]
   },
   "properties": {
    "name": "UNIT 24, 2 MURRAY STREET CASTERTON 3311",
    "locID": "LOC000124694269",
    "tech": "FTTN",
    "upgrade": "FTTP",
    "gnaf_pid": "GAVIC720970215",
    "tech_change_status": "Eligible to Order",
    "program_type": "On-Demand N2P SDU/MDU Simple",
    "target_eligibility_quarter": "NA"
   }
  },
  {
   "type": "Feature",
   "geometry": {
    "type": "Point",
    "coordinates": [
     141.40550662,
     -37.58150641
    ]
   },
   "properties": {
    "name": "UNIT 16, 2 MURRAY STREET CASTERTON 3311",
    "locID": "LOC000124694269",
    "tech": "FTTN",
    "upgrade": "FTTP",
    "gnaf_pid": "GAVIC720970460",
    "tech_change_status": "Eligible to Order",
    "program_type": "On-Demand N2P SDU/MDU Simple",
    "target_eligibility_quarter": "NA"
   }
  },
  {
   "type": "Feature",
   "geometry": {
    "type": "Point",
    "coordinates": [
     141.40541475,
     -37.58138183
    ]
   },
   "properties": {
    "name": "UNIT 3, 2 MURRAY STREET CASTERTON 3311",
    "locID": "LOC000124694269",
    "tech": "FTTN",
    "upgrade": "FTTP",
    "gnaf_pid": "GAVIC720970540",
    "tech_change_status": "Eligible to Order",
    "program_type": "On-Demand N2P SDU/MDU Simple",
    "target_eligibility_quarter": "NA"
   }
  },
  {
   "type": "Feature",
   "geometry": {
    "type": "Point",
    "coordinates": [
     141.40563974,
     -37.5817693
    ]
   },
   "properties": {
    "name": "UNIT 25, 2 MURRAY STREET CASTERTON 3311",
    "locID": "LOC000124694269",
    "tech": "FTTN",
    "upgrade": "FTTP",
    "gnaf_pid": "GAVIC720971404",
    "tech_change_status": "Eligible to Order",
    "program_type": "On-Demand N2P SDU/MDU Simple",
    "target_eligibility_quarter": "NA"
   }
  },
  {
   "type": "Feature",
   "geometry": {
    "type": "Point",
    "coordinates": [
     141.40580535,
     -37.58143117
    ]
   },
   "properties": {
    "name": "UNIT 8, 2 MURRAY STREET CASTERTON 3311",
    "locID": "LOC000124694269",
    "tech": "FTTN",
    "upgrade": "FTTP",
    "gnaf_pid": "GAVIC720971612",
    "tech_change_status": "Eligible to Order",
    "program_type": "On-Demand N2P SDU/MDU Simple",
    "target_eligibility_quarter": "NA"
   }
  },
  {
   "type": "Feature",
   "geometry": {
    "type": "Point",
    "coordinates": [
     141.39406537,
     -37.58718566
    ]
   },
   "properties": {
    "name": "14 SILVESTER STREET CASTERTON 3311",
    "locID": "LOC000124689708",
    "tech": "FTTN",
    "upgrade": "FTTP_SA",
    "gnaf_pid": "GAVIC721022416",
    "tech_change_status": "Eligible to Order",
    "program_type": "On-Demand N2P SDU/MDU Simple",
    "target_eligibility_quarter": "NA"
   }
  },
  {
   "type": "Feature",
   "geometry": {
    "type": "Point",
    "coordinates": [
     141.41298056,
     -37.58636325
    ]
   },
   "properties": {
    "name": "40 ROBERTSON STREET CASTERTON 3311",
    "locID": "LOC000194390825",
    "tech": "FTTP",
    "upgrade": "FTTP_NA",
    "gnaf_pid": "GAVIC721165479",
    "tech_change_status": "Previous Tech Disconnected",
    "program_type": "On-Demand N2P SDU/MDU Simple",
    "target_eligibility_quarter": "NA"
   }
  },
  {
   "type": "Feature",
   "geometry": {
    "type": "Point",
    "coordinates": [
     141.413085,
     -37.58574591
    ]
   },
   "properties": {
    "name": "34 ROBERTSON STREET CASTERTON 3311",
    "locID": "LOC000194390818",
    "tech": "FTTP",
    "upgrade": "FTTP_NA",
    "gnaf_pid": "GAVIC721167561",
    "tech_change_status": "Previous Tech Disconnected",
    "program_type": "On-Demand N2P SDU/MDU Simple",
    "target_eligibility_quarter": "NA"
   }
  },
  {
   "type": "Feature",
   "geometry": {
    "type": "Point",
    "coordinates": [
     141.38847936,
     -37.58961346
    ]
   },
   "properties": {
    "name": "24 WHITE STREET CASTERTON 3311",
    "locID": "LOC000191883568",
    "tech": "FTTP",
    "upgrade": "FTTP_NA",
    "gnaf_pid": "GAVIC721295234",
    "tech_change_status": "Previous Tech Disconnected",
    "program_type": "On-Demand N2P SDU/MDU Simple",
    "target_eligibility_quarter": "NA"
   }
  },
  {
   "type": "Feature",
   "geometry": {
    "type": "Point",
    "coordinates": [
     141.41322094,
     -37.58494846
    ]
   },
   "properties": {
    "name": "26 ROBERTSON STREET CASTERTON 3311",
    "locID": "LOC000194390763",
    "tech": "FTTN",
    "upgrade": "NULL_NA",
    "gnaf_pid": "GAVIC721371682",
    "tech_change_status": "Not Planned"
   }
  }
 ]
}