{
 "type": "FeatureCollection",
 "generated": "2025-01-03T12:53:04.752271",
 "suburb": "EMERALD",
 "features": [
  {
   "type": "Feature",
   "geometry": {
    "type": "Point",
    "coordinates": [
     145.44832954,
     -37.9273087
    ]
   },
   "properties": {
    "name": "1 SHERRIFF ROAD EMERALD 3782",
    "locID": "LOC000004756760",
    "tech": "FTTN",
    "upgrade": "FTTP_NA",
    "gnaf_pid": "GAVIC411308018",
    "tech_change_status": "Committed",
    "program_type": "On-Demand N2P SDU/MDU Simple",
    "target_eligibility_quarter": "Dec 2025"
   }
  },
  {
   "type": "Feature",
   "geometry": {
    "type": "Point",
    "coordinates": [
     145.44855156,
     -37.93793995
    ]
   },
   "properties": {
    "name": "34 HAMILTON ROAD EMERALD 3782",
    "locID": "LOC000048598271",
    "tech": "FTTN",
    "upgrade": "FTTP_NA",
    "gnaf_pid": "GAVIC411308030",
    "tech_change_status": "In Design",
    "program_type": "On-Demand N2P SDU/MDU Simple",
    "target_eligibility_quarter": "Dec 2025"
   }
  },
  {
   "type": "Feature",
   "geometry": {
    "type": "Point",
    "coordinates": [
     145.44090178,
     -37.94527118
    ]
   },
   "properties": {
    "name": "71B KILVINGTON DRIVE EMERALD 3782",
    "locID": "LOC000031652874",
    "tech": "FTTN",
    "upgrade": "NULL_NA",
    "gnaf_pid": "GAVIC411308053",
    "tech_change_status": "Not Planned"
   }
  },
  {
   "type": "Feature",
   "geometry": {
    "type": "Point",
    "coordinates": [
     145.44232005,
     -37.94027224
    ]
   },
   "properties": {
    "name": "13 OUTLOOK ROAD EMERALD 3782",
    "locID": "LOC000125526623",
    "tech": "FTTN",
    "upgrade": "NULL_NA",
    "gnaf_pid": "GAVIC411308061",
    "tech_change_status": "Not Planned"
   }
  },
  {
   "type": "Feature",
   "geometry": {
    "type": "Point",
    "coordinates": [
     145.45623557,
     -37.91962357
    ]
   },
   "properties": {
    "name": "42 LAWSONS ROAD EMERALD 3782",
    "locID": "LOC000002671896",
    "tech": "FTTN",
    "upgrade": "NULL_NA",
    "gnaf_pid": "GAVIC411309151",
    "tech_change_status": "Not Planned"
   }
  },
  {
   "type": "Feature",
   "geometry": {
    "type": "Point",
    "coordinates": [
     145.45597967,
     -37.92044187
    ]
   },
   "properties": {
    "name": "36 LAWSONS ROAD EMERALD 3782",
    "locID": "LOC000033358261",
    "tech": "FTTN",
    "upgrade": "NULL_NA",
    "gnaf_pid": "GAVIC411309157",
    "tech_change_status": "Not Planned"
   }
  },
  {
   "type": "Feature",
   "geometry": {
    "type": "Point",
    "coordinates": [
     145.4559759,
     -37.92120609
    ]
   },
   "properties": {
    "name": "30 LAWSONS ROAD EMERALD 3782",
    "locID": "LOC000044778514",
    "tech": "FTTN",
    "upgrade": "NULL_NA",
    "gnaf_pid": "GAVIC411309232",
    "tech_change_status": "Not Planned"
   }
  },
  {
   "type": "Feature",
   "geometry": {
    "type": "Point",
    "coordinates": [
     145.440494,
     -37.933016
    ]
   },
   "properties": {
    "name": "UNIT 1, 10 KILVINGTON DRIVE EMERALD 3782",
    "locID": "LOC000038965740",
    "tech": "FTTN",
    "upgrade": "FTTP_NA",
    "gnaf_pid": "GAVIC411309261",
    "tech_change_status": "Committed",
    "program_type": "On-Demand N2P SDU/MDU Simple",
    "target_eligibility_quarter": "Jun 2025"
   }
  },
  {
   "type": "Feature",
   "geometry": {
    "type": "Point",
    "coordinates": [
     145.45605349,
     -37.92020568
    ]
   },
   "properties": {
    "name": "38 LAWSONS ROAD EMERALD 3782",
    "locID": "LOC000070129065",
    "tech": "FTTN",
    "upgrade": "NULL_NA",
    "gnaf_pid": "GAVIC411309476",
    "tech_change_status": "Not Planned"
   }
  },
  {
   "type": "Feature",
   "geometry": {
    "type": "Point",
    "coordinates": [
     145.43218048,
     -37.93711449
    ]
   },
   "properties": {
    "name": "49 WESTLANDS ROAD EMERALD 3782",
    "locID": "LOC000048436675",
    "tech": "FTTN",
    "upgrade": "FTTP_NA",
    "gnaf_pid": "GAVIC411310910",
    "tech_change_status": "Committed",
    "program_type": "On-Demand N2P SDU/MDU Simple",
    "target_eligibility_quarter": "Dec 2025"
   }
  },
  {
   "type": "Feature",
   "geometry": {
    "type": "Point",
    "coordinates": [
     145.45624842,
     -37.91883974
    ]
   },
   "properties": {
    "name": "46 LAWSONS ROAD EMERALD 3782",
    "locID": "LOC000042682559",
    "tech": "FTTN",
    "upgrade": "NULL_NA",
    "gnaf_pid": "GAVIC411311788",
    "tech_change_status": "Not Planned"
   }
  },
  {
   "type": "Feature",
   "geometry": {
    "type": "Point",
    "coordinates": [
     145.45601603,
     -37.92199451
    ]
   },
   "properties": {
    "name": "24 LAWSONS ROAD EMERALD 3782",
    "locID": "LOC000002736521",
    "tech": "FTTN",
    "upgrade": "NULL_NA",
    "gnaf_pid": "GAVIC411311793",
    "tech_change_status": "Not Planned"
   }
  },
  {
   "type": "Feature",
   "geometry": {
    "type": "Point",
    "coordinates": [
     145.444084,
     -37.90476825
    ]
   },
   "properties": {
    "name": "108C EMERALD-MONBULK ROAD EMERALD 3782",
    "locID": "LOC000047812849",
    "tech": "FTTN",
    "upgrade": "NULL_NA",
    "gnaf_pid": "GAVIC411313709",
    "tech_change_status": "Not Planned"
   }
  },
  {
   "type": "Feature",
   "geometry": {
    "type": "Point",
    "coordinates": [
     145.45650961,
     -37.91994984
    ]
   },
   "properties": {
    "name": "35 LAWSONS ROAD EMERALD 3782",
    "locID": "LOC000031964930",
    "tech": "FTTN",
    "upgrade": "NULL_NA",
    "gnaf_pid": "GAVIC411313757",
    "tech_change_status": "Not Planned"
   }
  },
  {
   "type": "Feature",
   "geometry": {
    "type": "Point",
    "coordinates": [
     145.44499011,
     -37.90616723
    ]
   },
   "properties": {
    "name": "29 STEWART ROAD EMERALD 3782",
    "locID": "LOC000081034677",
    "tech": "FTTN",
    "upgrade": "NULL_NA",
    "gnaf_pid": "GAVIC411316277",
    "tech_change_status": "Not Planned"
   }
  },
  {
   "type": "Feature",
   "geometry": {
    "type": "Point",
    "coordinates": [
     145.45771488,
     -37.90578528
    ]
   },
   "properties": {
    "name": "171 STEWART ROAD EMERALD 3782",
    "locID": "LOC000073460539",
    "tech": "WIRELESS",
    "upgrade": "NULL_NA",
    "gnaf_pid": "GAVIC411317866",
    "tech_change_status": "Not Planned",
    "program_type": "Fixed Wireless and Satellite Upgrade Program",
    "target_eligibility_quarter": "Mar 2025"
   }
  },
  {
   "type": "Feature",
   "geometry": {
    "type": "Point",
    "coordinates": [
     145.43614594,
     -37.93597045
    ]
   },
   "properties": {
    "name": "21 BOUNDARY ROAD WEST EMERALD 3782",
    "locID": "LOC000037990531",
    "tech": "FTTN",
    "upgrade": "FTTP_NA",
    "gnaf_pid": "GAVIC411317883",
    "tech_change_status": "Committed",
    "program_type": "On-Demand N2P SDU/MDU Simple",
    "target_eligibility_quarter": "Jun 2025"
   }
  },
  {
   "type": "Feature",
   "geometry": {
    "type": "Point",
    "coordinates": [
     145.45565871,
     -37.93894749
    ]
   },
   "properties": {
    "name": "44 AMBROSE STREET EMERALD 3782",
    "locID": "LOC000025669147",
    "tech": "FTTN",
    "upgrade": "FTTP_NA",
    "gnaf_pid": "GAVIC411319909",
    "tech_change_status": "In Design",
    "program_type": "On-Demand N2P SDU/MDU Simple",
    "target_eligibility_quarter": "Dec 2025"
   }
  },
  {
   "type": "Feature",
   "geometry": {
    "type": "Point",
    "coordinates": [
     145.445439,
     -37.898096
    ]
   },
   "properties": {
    "name": "UNIT 2, 2 HOLMAN ROAD EMERALD 3782",
    "locID": "LOC000102981165",
    "tech": "FTTN",
    "upgrade": "NULL_NA",
    "gnaf_pid": "GAVIC411319983",
    "tech_change_status": "Not Planned"
   }
  },
  {
   "type": "Feature",
   "geometry": {
    "type": "Point",
    "coordinates": [
     145.44653375,
     -37.9003289
    ]
   },
   "properties": {
    "name": "6 BUTTERFIELD ROAD EMERALD 3782",
    "locID": "LOC000076196090",
    "tech": "WIRELESS",
    "upgrade": "NULL_NA",
    "gnaf_pid": "GAVIC411319991",
    "tech_change_status": "Not Planned",
    "program_type": "Fixed Wireless and Satellite Upgrade Program",
    "target_eligibility_quarter": "Mar 2025"
   }
  },
  {
   "type": "Feature",
   "geometry": {
    "type": "Point",
    "coordinates": [
     145.436345,
     -37.940837
    ]
   },
   "properties": {
    "name": "17A STEEL ROAD EMERALD 3782",
    "locID": "LOC000048549710",
    "tech": "FTTN",
    "upgrade": "NULL_NA",
    "gnaf_pid": "GAVIC411320723",
    "tech_change_status": "Not Planned"
   }
  },
  {
   "type": "Feature",
   "geometry": {
    "type": "Point",
    "coordinates": [
     145.43651441,
     -37.93595871
    ]
   },
   "properties": {
    "name": "23 BOUNDARY ROAD WEST EMERALD 3782",
    "locID": "LOC000104258117",
    "tech": "FTTN",
    "upgrade": "FTTP_NA",
    "gnaf_pid": "GAVIC411320810",
    "tech_change_status": "Committed",
    "program_type": "On-Demand N2P SDU/MDU Simple",
    "target_eligibility_quarter": "Jun 2025"
   }
  },
  {
   "type": "Feature",
   "geometry": {
    "type": "Point",
    "coordinates": [
     145.45633474,
     -37.92092617
    ]
   },
   "properties": {
    "name": "27 LAWSONS ROAD EMERALD 3782",
    "locID": "LOC000065697042",
    "tech": "FTTN",
    "upgrade": "NULL_NA",
    "gnaf_pid": "GAVIC411320847",
    "tech_change_status": "Not Planned"
   }
  },
  {
   "type": "Feature",
   "geometry": {
    "type": "Point",
    "coordinates": [
     145.45639753,
     -37.9231456
    ]
   },
   "properties": {
    "name": "9 LAWSONS ROAD EMERALD 3782",
    "locID": "LOC000058455673",
    "tech": "FTTN",
    "upgrade": "NULL_NA",
    "gnaf_pid": "GAVIC411320848",
    "tech_change_status": "Not Planned"
   }
  },
  {
   "type": "Feature",
   "geometry": {
    "type": "Point",
    "coordinates": [
     145.45631539,
     -37.92069286
    ]
   },
   "properties": {
    "name": "29 LAWSONS ROAD EMERALD 3782",
    "locID": "LOC000102357695",
    "tech": "FTTN",
    "upgrade": "NULL_NA",
    "gnaf_pid": "GAVIC411320851",
    "tech_change_status": "Not Planned"
   }
  },
  {
   "type": "Feature",
   "geometry": {
    "type": "Point",
    "coordinates": [
     145.45658242,
     -37.91968936
    ]
   },
   "properties": {
    "name": "37 LAWSONS ROAD EMERALD 3782",
    "locID": "LOC000066793062",
    "tech": "FTTN",
    "upgrade": "NULL_NA",
    "gnaf_pid": "GAVIC411320853",
    "tech_change_status": "Not Planned"
   }
  },
  {
   "type": "Feature",
   "geometry": {
    "type": "Point",
    "coordinates": [
     145.45633753,
     -37.9211791
    ]
   },
   "properties": {
    "name": "25 LAWSONS ROAD EMERALD 3782",
    "locID": "LOC000071685666",
    "tech": "FTTN",
    "upgrade": "NULL_NA",
    "gnaf_pid": "GAVIC411320855",
    "tech_change_status": "Not Planned"
   }
  },
  {
   "type": "Feature",
   "geometry": {
    "type": "Point",
    "coordinates": [
     145.45626325,
     -37.9162065
    ]
   },
   "properties": {
    "name": "48A LAKESIDE DRIVE EMERALD 3782",
    "locID": "LOC000029252150",
    "tech": "NULL",
    "upgrade": "NULL_NA",
    "gnaf_pid": "GAVIC411320856",
    "tech_change_status": "Not Planned"
   }
  },
  {
   "type": "Feature",
   "geometry": {
    "type": "Point",
    "coordinates": [
     145.46088607,
     -37.94595694
    ]
   },
   "properties": {
    "name": "9 SEAVIEW STREET EMERALD 3782",
    "locID": "LOC000015202772",
    "tech": "FTTN",
    "upgrade": "FTTP",
    "gnaf_pid": "GAVIC411321616",
    "tech_change_status": "Eligible to Order",
    "program_type": "On-Demand N2P SDU/MDU Simple",
    "target_eligibility_quarter": "NA"
   }
  },
  {
   "type": "Feature",
   "geometry": {
    "type": "Point",
    "coordinates": [
     145.45530838,
     -37.93532085
    ]
   },
   "properties": {
    "name": "20 STATION AVENUE EMERALD 3782",
    "locID": "LOC000022543170",
    "tech": "FTTN",
    "upgrade": "FTTP_NA",
    "gnaf_pid": "GAVIC411321630",
    "tech_change_status": "In Design",
    "program_type": "On-Demand N2P SDU/MDU Simple",
    "target_eligibility_quarter": "Dec 2025"
   }
  },
  {
   "type": "Feature",
   "geometry": {
    "type": "Point",
    "coordinates": [
     145.4560461,
     -37.92229129
    ]
   },
   "properties": {
    "name": "22 LAWSONS ROAD EMERALD 3782",
    "locID": "LOC000005181007",
    "tech": "FTTN",
    "upgrade": "NULL_NA",
    "gnaf_pid": "GAVIC411322090",
    "tech_change_status": "Not Planned"
   }
  },
  {
   "type": "Feature",
   "geometry": {
    "type": "Point",
    "coordinates": [
     145.45625663,
     -37.91921932
    ]
   },
   "properties": {
    "name": "44 LAWSONS ROAD EMERALD 3782",
    "locID": "LOC000103807425",
    "tech": "FTTN",
    "upgrade": "NULL_NA",
    "gnaf_pid": "GAVIC411322100",
    "tech_change_status": "Not Planned"
   }
  },
  {
   "type": "Feature",
   "geometry": {
    "type": "Point",
    "coordinates": [
     145.44473038,
     -37.94128291
    ]
   },
   "properties": {
    "name": "1 OUTLOOK ROAD EMERALD 3782",
    "locID": "LOC000125526453",
    "tech": "FTTN",
    "upgrade": "NULL_NA",
    "gnaf_pid": "GAVIC411322143",
    "tech_change_status": "Not Planned"
   }
  },
  {
   "type": "Feature",
   "geometry": {
    "type": "Point",
    "coordinates": [
     145.44484567,
     -37.9313358
    ]
   },
   "properties": {
    "name": "26 KINGS ROAD EMERALD 3782",
    "locID": "LOC000169866106",
    "tech": "FTTN",
    "upgrade": "FTTP_NA",
    "gnaf_pid": "GAVIC411322263",
    "tech_change_status": "Committed",
    "program_type": "On-Demand N2P SDU/MDU Simple",
    "target_eligibility_quarter": "Jun 2025"
   }
  },
  {
   "type": "Feature",
   "geometry": {
    "type": "Point",
    "coordinates": [
     145.44292421,
     -37.91348562
    ]
   },
   "properties": {
    "name": "2 MEADOWVIEW LANE EMERALD 3782",
    "locID": "LOC000094000264",
    "tech": "FTTN",
    "upgrade": "NULL_NA",
    "gnaf_pid": "GAVIC411322265",
    "tech_change_status": "Not Planned"
   }
  },
  {
   "type": "Feature",
   "geometry": {
    "type": "Point",
    "coordinates": [
     145.44721531,
     -37.93237126
    ]
   },
   "properties": {
    "name": "16 BEACONSFIELD-EMERALD ROAD EMERALD 3782",
    "locID": "LOC000184272145",
    "tech": "FTTN",
    "upgrade": "FTTP_NA",
    "gnaf_pid": "GAVIC411323701",
    "tech_change_status": "Committed",
    "program_type": "On-Demand N2P SDU/MDU Simple",
    "target_eligibility_quarter": "Jun 2025"
   }
  },
  {
   "type": "Feature",
   "geometry": {
    "type": "Point",
    "coordinates": [
     145.46417864,
     -37.93737934
    ]
   },
   "properties": {
    "name": "21 FORD ROAD EMERALD 3782",
    "locID": "LOC000025241829",
    "tech": "FTTP",
    "upgrade": "FTTP_NA",
    "gnaf_pid": "GAVIC411323736",
    "tech_change_status": "Previous Tech Disconnected",
    "program_type": "On-Demand N2P SDU/MDU Simple",
    "target_eligibility_quarter": "NA"
   }
  },
  {
   "type": "Feature",
   "geometry": {
    "type": "Point",
    "coordinates": [
     145.45642544,
     -37.92020116
    ]
   },
   "properties": {
    "name": "33 LAWSONS ROAD EMERALD 3782",
    "locID": "LOC000037855847",
    "tech": "FTTN",
    "upgrade": "NULL_NA",
    "gnaf_pid": "GAVIC411323846",
    "tech_change_status": "Not Planned"
   }
  },
  {
   "type": "Feature",
   "geometry": {
    "type": "Point",
    "coordinates": [
     145.45638069,
     -37.92241243
    ]
   },
   "properties": {
    "name": "15 LAWSONS ROAD EMERALD 3782",
    "locID": "LOC000009382692",
    "tech": "FTTN",
    "upgrade": "NULL_NA",
    "gnaf_pid": "GAVIC411323847",
    "tech_change_status": "Not Planned"
   }
  },
  {
   "type": "Feature",
   "geometry": {
    "type": "Point",
    "coordinates": [
     145.45637286,
     -37.92217817
    ]
   },
   "properties": {
    "name": "17 LAWSONS ROAD EMERALD 3782",
    "locID": "LOC000070920390",
    "tech": "FTTN",
    "upgrade": "NULL_NA",
    "gnaf_pid": "GAVIC411323848",
    "tech_change_status": "Not Planned"
   }
  },
  {
   "type": "Feature",
   "geometry": {
    "type": "Point",
    "coordinates": [
     145.45635004,
     -37.92143318
    ]
   },
   "properties": {
    "name": "23 LAWSONS ROAD EMERALD 3782",
    "locID": "LOC000039727528",
    "tech": "FTTN",
    "upgrade": "NULL_NA",
    "gnaf_pid": "GAVIC411323851",
    "tech_change_status": "Not Planned"
   }
  },
  {
   "type": "Feature",
   "geometry": {
    "type": "Point",
    "coordinates": [
     145.45636546,
     -37.92191859
    ]
   },
   "properties": {
    "name": "19 LAWSONS ROAD EMERALD 3782",
    "locID": "LOC000017793675",
    "tech": "FTTN",
    "upgrade": "NULL_NA",
    "gnaf_pid": "GAVIC411323853",
    "tech_change_status": "Not Planned"
   }
  },
  {
   "type": "Feature",
   "geometry": {
    "type": "Point",
    "coordinates": [
     145.46838039,
     -37.93384055
    ]
   },
   "properties": {
    "name": "2 MIMOSA AVENUE EMERALD 3782",
    "locID": "LOC000169821456",
    "tech": "FTTN",
    "upgrade": "NULL_NA",
    "gnaf_pid": "GAVIC411324547",
    "tech_change_status": "Not Planned"
   }
  },
  {
   "type": "Feature",
   "geometry": {
    "type": "Point",
    "coordinates": [
     145.44693637,
     -37.89901011
    ]
   },
   "properties": {
    "name": "8 BUTTERFIELD ROAD EMERALD 3782",
    "locID": "LOC000004462155",
    "tech": "WIRELESS",
    "upgrade": "NULL_NA",
    "gnaf_pid": "GAVIC411324570",
    "tech_change_status": "Not Planned"
   }
  },
  {
   "type": "Feature",
   "geometry": {
    "type": "Point",
    "coordinates": [
     145.44077569,
     -37.92777493
    ]
   },
   "properties": {
    "name": "34 FERRES ROAD EMERALD 3782",
    "locID": "LOC000112963752",
    "tech": "FTTN",
    "upgrade": "FTTP_NA",
    "gnaf_pid": "GAVIC411324618",
    "tech_change_status": "Committed",
    "program_type": "On-Demand N2P SDU/MDU Simple",
    "target_eligibility_quarter": "Jun 2025"
   }
  },
  {
   "type": "Feature",
   "geometry": {
    "type": "Point",
    "coordinates": [
     145.466254,
     -37.940177
    ]
   },
   "properties": {
    "name": "UNIT 1, 5 FORD ROAD EMERALD 3782",
    "locID": "LOC100052049014",
    "tech": "FTTN",
    "upgrade": "FTTP_SA",
    "gnaf_pid": "GAVIC411324627",
    "tech_change_status": "Eligible to Order",
    "program_type": "On-Demand N2P SDU/MDU Simple",
    "target_eligibility_quarter": "NA"
   }
  },
  {
   "type": "Feature",
   "geometry": {
    "type": "Point",
    "coordinates": [
     145.43318154,
     -37.91432834
    ]
   },
   "properties": {
    "name": "53 RIDGE ROAD EAST EMERALD 3782",
    "locID": "LOC000089145565",
    "tech": "WIRELESS",
    "upgrade": "NULL_NA",
    "gnaf_pid": "GAVIC411325465",
    "tech_change_status": "Not Planned",
    "program_type": "Fixed Wireless and Satellite Upgrade Program",
    "target_eligibility_quarter": "Mar 2025"
   }
  },
  {
   "type": "Feature",
   "geometry": {
    "type": "Point",
    "coordinates": [
     145.46787134,
     -37.94303606
    ]
   },
   "properties": {
    "name": "25A ULMER ROAD EMERALD 3782",
    "locID": "LOC000088828022",
    "tech": "FTTN",
    "upgrade": "FTTP_SA",
    "gnaf_pid": "GAVIC411325506",
    "tech_change_status": "Eligible to Order",
    "program_type": "On-Demand N2P SDU/MDU Simple",
    "target_eligibility_quarter": "NA"
   }
  },
  {
   "type": "Feature",
   "geometry": {
    "type": "Point",
    "coordinates": [
     145.45607979,
     -37.9253282
    ]
   },
   "properties": {
    "name": "2 LAWSONS ROAD EMERALD 3782",
    "locID": "LOC000101484569",
    "tech": "FTTN",
    "upgrade": "NULL_NA",
    "gnaf_pid": "GAVIC411326172",
    "tech_change_status": "Not Planned"
   }
  },
  {
   "type": "Feature",
   "geometry": {
    "type": "Point",
    "coordinates": [
     145.44405185,
     -37.9318596
    ]
   },
   "properties": {
    "name": "16 KINGS ROAD EMERALD 3782",
    "locID": "LOC000185370803",
    "tech": "FTTP",
    "upgrade": "NULL_NA",
    "gnaf_pid": "GAVIC411326174"
   }
  },
  {
   "type": "Feature",
   "geometry": {
    "type": "Point",
    "coordinates": [
     145.44860438,
     -37.93892761
    ]
   },
   "properties": {
    "name": "44 HAMILTON ROAD EMERALD 3782",
    "locID": "LOC000034333167",
    "tech": "FTTN",
    "upgrade": "FTTP_NA",
    "gnaf_pid": "GAVIC411328323",
    "tech_change_status": "In Design",
    "program_type": "On-Demand N2P SDU/MDU Simple",
    "target_eligibility_quarter": "Dec 2025"
   }
  },
  {
   "type": "Feature",
   "geometry": {
    "type": "Point",
    "coordinates": [
     145.44828669,
     -37.9114827
    ]
   },
   "properties": {
    "name": "23 NOBELIUS STREET EMERALD 3782",
    "locID": "LOC000070548092",
    "tech": "FTTN",
    "upgrade": "NULL_NA",
    "gnaf_pid": "GAVIC411328335",
    "tech_change_status": "Not Planned"
   }
  },
  {
   "type": "Feature",
   "geometry": {
    "type": "Point",
    "coordinates": [
     145.44652762,
     -37.9120568
    ]
   },
   "properties": {
    "name": "5 SUNNYSIDE TERRACE EMERALD 3782",
    "locID": "LOC000125534931",
    "tech": "FTTN",
    "upgrade": "NULL_NA",
    "gnaf_pid": "GAVIC411328341",
    "tech_change_status": "Not Planned"
   }
  },
  {
   "type": "Feature",
   "geometry": {
    "type": "Point",
    "coordinates": [
     145.4322182,
     -37.93132301
    ]
   },
   "properties": {
    "name": "322 BELGRAVE-GEMBROOK ROAD EMERALD 3782",
    "locID": "LOC000049967836",
    "tech": "FTTN",
    "upgrade": "FTTP_NA",
    "gnaf_pid": "GAVIC411329059",
    "tech_change_status": "Committed",
    "program_type": "On-Demand N2P SDU/MDU Simple",
    "target_eligibility_quarter": "Jun 2025"
   }
  },
  {
   "type": "Feature",
   "geometry": {
    "type": "Point",
    "coordinates": [
     145.45607136,
     -37.92412364
    ]
   },
   "properties": {
    "name": "6 LAWSONS ROAD EMERALD 3782",
    "locID": "LOC000061639667",
    "tech": "FTTN",
    "upgrade": "NULL_NA",
    "gnaf_pid": "GAVIC411329062",
    "tech_change_status": "Not Planned"
   }
  },
  {
   "type": "Feature",
   "geometry": {
    "type": "Point",
    "coordinates": [
     145.43515204,
     -37.93488699
    ]
   },
   "properties": {
    "name": "10 BAYVIEW ROAD EMERALD 3782",
    "locID": "LOC000125539078",
    "tech": "FTTN",
    "upgrade": "FTTP_NA",
    "gnaf_pid": "GAVIC411329066",
    "tech_change_status": "Committed",
    "program_type": "On-Demand N2P SDU/MDU Simple",
    "target_eligibility_quarter": "Jun 2025"
   }
  },
  {
   "type": "Feature",
   "geometry": {
    "type": "Point",
    "coordinates": [
     145.457112,
     -37.925692
    ]
   },
   "properties": {
    "name": "418A BELGRAVE-GEMBROOK ROAD EMERALD 3782",
    "locID": "LOC000020343068",
    "tech": "FTTN",
    "upgrade": "NULL_NA",
    "gnaf_pid": "GAVIC411329072",
    "tech_change_status": "Not Planned"
   }
  },
  {
   "type": "Feature",
   "geometry": {
    "type": "Point",
    "coordinates": [
     145.43233583,
     -37.93676508
    ]
   },
   "properties": {
    "name": "47 WESTLANDS ROAD EMERALD 3782",
    "locID": "LOC000042561186",
    "tech": "FTTN",
    "upgrade": "FTTP_NA",
    "gnaf_pid": "GAVIC411329075",
    "tech_change_status": "Committed",
    "program_type": "On-Demand N2P SDU/MDU Simple",
    "target_eligibility_quarter": "Jun 2025"
   }
  },
  {
   "type": "Feature",
   "geometry": {
    "type": "Point",
    "coordinates": [
     145.44053809,
     -37.9408492
    ]
   },
   "properties": {
    "name": "51 KILVINGTON DRIVE EMERALD 3782",
    "locID": "LOC000080700702",
    "tech": "FTTN",
    "upgrade": "NULL_NA",
    "gnaf_pid": "GAVIC411329164",
    "tech_change_status": "Not Planned"
   }
  },
  {
   "type": "Feature",
   "geometry": {
    "type": "Point",
    "coordinates": [
     145.45640807,
     -37.92422954
    ]
   },
   "properties": {
    "name": "5 LAWSONS ROAD EMERALD 3782",
    "locID": "LOC000025210408",
    "tech": "FTTN",
    "upgrade": "NULL_NA",
    "gnaf_pid": "GAVIC411329901",
    "tech_change_status": "Not Planned"
   }
  },
  {
   "type": "Feature",
   "geometry": {
    "type": "Point",
    "coordinates": [
     145.45638739,
     -37.92263809
    ]
   },
   "properties": {
    "name": "13 LAWSONS ROAD EMERALD 3782",
    "locID": "LOC000055089477",
    "tech": "FTTN",
    "upgrade": "NULL_NA",
    "gnaf_pid": "GAVIC411329902",
    "tech_change_status": "Not Planned"
   }
  },
  {
   "type": "Feature",
   "geometry": {
    "type": "Point",
    "coordinates": [
     145.45659895,
     -37.91894601
    ]
   },
   "properties": {
    "name": "43 LAWSONS ROAD EMERALD 3782",
    "locID": "LOC000016157386",
    "tech": "FTTN",
    "upgrade": "NULL_NA",
    "gnaf_pid": "GAVIC411329903",
    "tech_change_status": "Not Planned"
   }
  },
  {
   "type": "Feature",
   "geometry": {
    "type": "Point",
    "coordinates": [
     145.456353,
     -37.92045179
    ]
   },
   "properties": {
    "name": "31 LAWSONS ROAD EMERALD 3782",
    "locID": "LOC000011024990",
    "tech": "FTTN",
    "upgrade": "NULL_NA",
    "gnaf_pid": "GAVIC411329904",
    "tech_change_status": "Not Planned"
   }
  },
  {
   "type": "Feature",
   "geometry": {
    "type": "Point",
    "coordinates": [
     145.44806091,
     -37.94574876
    ]
   },
   "properties": {
    "name": "44 OLD BEACONSFIELD ROAD EMERALD 3782",
    "locID": "LOC000114482309",
    "tech": "FTTN",
    "upgrade": "NULL_NA",
    "gnaf_pid": "GAVIC411329982",
    "tech_change_status": "Not Planned"
   }
  },
  {
   "type": "Feature",
   "geometry": {
    "type": "Point",
    "coordinates": [
     145.451905,
     -37.9179
    ]
   },
   "properties": {
    "name": "26A LAKESIDE DRIVE EMERALD 3782",
    "locID": "LOC000057913501",
    "tech": "FTTN",
    "upgrade": "NULL_NA",
    "gnaf_pid": "GAVIC411331851",
    "tech_change_status": "Not Planned"
   }
  },
  {
   "type": "Feature",
   "geometry": {
    "type": "Point",
    "coordinates": [
     145.43949778,
     -37.93703437
    ]
   },
   "properties": {
    "name": "UNIT 2, 9 LEGG ROAD EMERALD 3782",
    "locID": "LOC000035343851",
    "tech": "FTTN",
    "upgrade": "NULL_NA",
    "gnaf_pid": "GAVIC411331853",
    "tech_change_status": "Not Planned"
   }
  },
  {
   "type": "Feature",
   "geometry": {
    "type": "Point",
    "coordinates": [
     145.45550698,
     -37.93781808
    ]
   },
   "properties": {
    "name": "69 AMBROSE STREET EMERALD 3782",
    "locID": "LOC000070367282",
    "tech": "FTTN",
    "upgrade": "FTTP_NA",
    "gnaf_pid": "GAVIC411331929",
    "tech_change_status": "In Design",
    "program_type": "On-Demand N2P SDU/MDU Simple",
    "target_eligibility_quarter": "Dec 2025"
   }
  },
  {
   "type": "Feature",
   "geometry": {
    "type": "Point",
    "coordinates": [
     145.45605551,
     -37.9248517
    ]
   },
   "properties": {
    "name": "4 LAWSONS ROAD EMERALD 3782",
    "locID": "LOC000050751843",
    "tech": "FTTN",
    "upgrade": "NULL_NA",
    "gnaf_pid": "GAVIC411331967",
    "tech_change_status": "Not Planned"
   }
  },
  {
   "type": "Feature",
   "geometry": {
    "type": "Point",
    "coordinates": [
     145.45611454,
     -37.91999939
    ]
   },
   "properties": {
    "name": "40 LAWSONS ROAD EMERALD 3782",
    "locID": "LOC000015991526",
    "tech": "FTTN",
    "upgrade": "NULL_NA",
    "gnaf_pid": "GAVIC411331973",
    "tech_change_status": "Not Planned"
   }
  },
  {
   "type": "Feature",
   "geometry": {
    "type": "Point",
    "coordinates": [
     145.46899058,
     -37.93739655
    ]
   },
   "properties": {
    "name": "1 ACACIA CRESCENT EMERALD 3782",
    "locID": "LOC000080861164",
    "tech": "FTTN",
    "upgrade": "NULL_NA",
    "gnaf_pid": "GAVIC411332016",
    "tech_change_status": "Not Planned"
   }
  },
  {
   "type": "Feature",
   "geometry": {
    "type": "Point",
    "coordinates": [
     145.43712103,
     -37.93594555
    ]
   },
   "properties": {
    "name": "25 BOUNDARY ROAD WEST EMERALD 3782",
    "locID": "LOC000041316473",
    "tech": "FTTN",
    "upgrade": "NULL_NA",
    "gnaf_pid": "GAVIC411332799",
    "tech_change_status": "Not Planned"
   }
  },
  {
   "type": "Feature",
   "geometry": {
    "type": "Point",
    "coordinates": [
     145.46860383,
     -37.95456615
    ]
   },
   "properties": {
    "name": "2 LADD SQUARE EMERALD 3782",
    "locID": "LOC000041229212",
    "tech": "WIRELESS",
    "upgrade": "NULL_NA",
    "gnaf_pid": "GAVIC411332850",
    "tech_change_status": "Not Planned"
   }
  },
  {
   "type": "Feature",
   "geometry": {
    "type": "Point",
    "coordinates": [
     145.43220922,
     -37.93066981
    ]
   },
   "properties": {
    "name": "255 BELGRAVE-GEMBROOK ROAD EMERALD 3782",
    "locID": "LOC000113130706",
    "tech": "FTTN",
    "upgrade": "FTTP_NA",
    "gnaf_pid": "GAVIC411332877",
    "tech_change_status": "Committed",
    "program_type": "On-Demand N2P SDU/MDU Simple",
    "target_eligibility_quarter": "Dec 2025"
   }
  },
  {
   "type": "Feature",
   "geometry": {
    "type": "Point",
    "coordinates": [
     145.43811657,
     -37.93512958
    ]
   },
   "properties": {
    "name": "11 BENSON STREET EMERALD 3782",
    "locID": "LOC000030143068",
    "tech": "FTTN",
    "upgrade": "FTTP_NA",
    "gnaf_pid": "GAVIC411333405",
    "tech_change_status": "Committed",
    "program_type": "On-Demand N2P SDU/MDU Simple",
    "target_eligibility_quarter": "Dec 2025"
   }
  },
  {
   "type": "Feature",
   "geometry": {
    "type": "Point",
    "coordinates": [
     145.44564657,
     -37.93041689
    ]
   },
   "properties": {
    "name": "37 KINGS ROAD EMERALD 3782",
    "locID": "LOC000081621216",
    "tech": "FTTN",
    "upgrade": "FTTP_NA",
    "gnaf_pid": "GAVIC411333495",
    "tech_change_status": "Committed",
    "program_type": "On-Demand N2P SDU/MDU Simple",
    "target_eligibility_quarter": "Jun 2025"
   }
  },
  {
   "type": "Feature",
   "geometry": {
    "type": "Point",
    "coordinates": [
     145.45598616,
     -37.92174648
    ]
   },
   "properties": {
    "name": "26 LAWSONS ROAD EMERALD 3782",
    "locID": "LOC000071759899",
    "tech": "FTTN",
    "upgrade": "NULL_NA",
    "gnaf_pid": "GAVIC411333505",
    "tech_change_status": "Not Planned"
   }
  },
  {
   "type": "Feature",
   "geometry": {
    "type": "Point",
    "coordinates": [
     145.45570001,
     -37.91492682
    ]
   },
   "properties": {
    "name": "UNIT 1, 11 SYCAMORE AVENUE EMERALD 3782",
    "locID": "LOC000105832688",
    "tech": "FTTN",
    "upgrade": "NULL_NA",
    "gnaf_pid": "GAVIC411334437",
    "tech_change_status": "Not Planned"
   }
  },
  {
   "type": "Feature",
   "geometry": {
    "type": "Point",
    "coordinates": [
     145.4513975,
     -37.92415203
    ]
   },
   "properties": {
    "name": "5 DALLAS STREET EMERALD 3782",
    "locID": "LOC000058542709",
    "tech": "FTTN",
    "upgrade": "NULL_NA",
    "gnaf_pid": "GAVIC411334455",
    "tech_change_status": "Not Planned"
   }
  },
  {
   "type": "Feature",
   "geometry": {
    "type": "Point",
    "coordinates": [
     145.4358,
     -37.929446
    ]
   },
   "properties": {
    "name": "6 PINNOCKS ROAD EMERALD 3782",
    "locID": "LOC000113103238",
    "tech": "FTTN",
    "upgrade": "FTTP_NA",
    "gnaf_pid": "GAVIC411334473",
    "tech_change_status": "Committed",
    "program_type": "On-Demand N2P SDU/MDU Simple",
    "target_eligibility_quarter": "Jun 2025"
   }
  },
  {
   "type": "Feature",
   "geometry": {
    "type": "Point",
    "coordinates": [
     145.46708405,
     -37.95425276
    ]
   },
   "properties": {
    "name": "90A BEACONSFIELD-EMERALD ROAD EMERALD 3782",
    "locID": "LOC000092605504",
    "tech": "NULL",
    "upgrade": "NULL_NA",
    "gnaf_pid": "GAVIC411335214",
    "tech_change_status": "Not Planned"
   }
  },
  {
   "type": "Feature",
   "geometry": {
    "type": "Point",
    "coordinates": [
     145.45660427,
     -37.9192076
    ]
   },
   "properties": {
    "name": "41 LAWSONS ROAD EMERALD 3782",
    "locID": "LOC000006951676",
    "tech": "FTTN",
    "upgrade": "NULL_NA",
    "gnaf_pid": "GAVIC411335215",
    "tech_change_status": "Not Planned"
   }
  },
  {
   "type": "Feature",
   "geometry": {
    "type": "Point",
    "coordinates": [
     145.45662107,
     -37.91944784
    ]
   },
   "properties": {
    "name": "39 LAWSONS ROAD EMERALD 3782",
    "locID": "LOC000029429578",
    "tech": "FTTN",
    "upgrade": "NULL_NA",
    "gnaf_pid": "GAVIC411335217",
    "tech_change_status": "Not Planned"
   }
  },
  {
   "type": "Feature",
   "geometry": {
    "type": "Point",
    "coordinates": [
     145.45599287,
     -37.92150248
    ]
   },
   "properties": {
    "name": "28 LAWSONS ROAD EMERALD 3782",
    "locID": "LOC000086512059",
    "tech": "FTTN",
    "upgrade": "NULL_NA",
    "gnaf_pid": "GAVIC411335239",
    "tech_change_status": "Not Planned"
   }
  },
  {
   "type": "Feature",
   "geometry": {
    "type": "Point",
    "coordinates": [
     145.443489,
     -37.933957
    ]
   },
   "properties": {
    "name": "UNIT 1, 1 RAILWAY ROAD EMERALD 3782",
    "locID": "LOC000101339575",
    "tech": "FTTN",
    "upgrade": "FTTP_NA",
    "gnaf_pid": "GAVIC411339941",
    "tech_change_status": "Committed",
    "program_type": "On-Demand N2P SDU/MDU Simple",
    "target_eligibility_quarter": "Dec 2025"
   }
  },
  {
   "type": "Feature",
   "geometry": {
    "type": "Point",
    "coordinates": [
     145.45595198,
     -37.9206753
    ]
   },
   "properties": {
    "name": "34 LAWSONS ROAD EMERALD 3782",
    "locID": "LOC000071482640",
    "tech": "FTTN",
    "upgrade": "NULL_NA",
    "gnaf_pid": "GAVIC411340688",
    "tech_change_status": "Not Planned"
   }
  },
  {
   "type": "Feature",
   "geometry": {
    "type": "Point",
    "coordinates": [
     145.45596976,
     -37.92092626
    ]
   },
   "properties": {
    "name": "32 LAWSONS ROAD EMERALD 3782",
    "locID": "LOC000018723953",
    "tech": "FTTN",
    "upgrade": "NULL_NA",
    "gnaf_pid": "GAVIC411340697",
    "tech_change_status": "Not Planned"
   }
  },
  {
   "type": "Feature",
   "geometry": {
    "type": "Point",
    "coordinates": [
     145.45605138,
     -37.92338311
    ]
   },
   "properties": {
    "name": "8 LAWSONS ROAD EMERALD 3782",
    "locID": "LOC000009756069",
    "tech": "FTTN",
    "upgrade": "NULL_NA",
    "gnaf_pid": "GAVIC411340700",
    "tech_change_status": "Not Planned"
   }
  },
  {
   "type": "Feature",
   "geometry": {
    "type": "Point",
    "coordinates": [
     145.44136297,
     -37.93342176
    ]
   },
   "properties": {
    "name": "SHOP 1, 2 HEROES AVENUE EMERALD 3782",
    "locID": "LOC000180894322",
    "tech": "FTTN",
    "upgrade": "FTTP_NA",
    "gnaf_pid": "GAVIC414530804",
    "tech_change_status": "Committed",
    "program_type": "Customer-initiated N2P MDU Complex",
    "target_eligibility_quarter": "Jun 2025"
   }
  },
  {
   "type": "Feature",
   "geometry": {
    "type": "Point",
    "coordinates": [
     145.44136297,
     -37.93342176
    ]
   },
   "properties": {
    "name": "SHOP 2, 2 HEROES AVENUE EMERALD 3782",
    "locID": "LOC000180894322",
    "tech": "FTTN",
    "upgrade": "FTTP_NA",
    "gnaf_pid": "GAVIC414530809",
    "tech_change_status": "Committed",
    "program_type": "Customer-initiated N2P MDU Complex",
    "target_eligibility_quarter": "Jun 2025"
   }
  },
  {
   "type": "Feature",
   "geometry": {
    "type": "Point",
    "coordinates": [
     145.44099032,
     -37.93345965
    ]
   },
   "properties": {
    "name": "SHOP 1, 11 KILVINGTON DRIVE EMERALD 3782",
    "locID": "LOC000015938545",
    "tech": "FTTN",
    "upgrade": "FTTP_NA",
    "gnaf_pid": "GAVIC414530847",
    "tech_change_status": "Committed",
    "program_type": "Customer-initiated N2P MDU Complex",
    "target_eligibility_quarter": "Jun 2025"
   }
  },
  {
   "type": "Feature",
   "geometry": {
    "type": "Point",
    "coordinates": [
     145.44099032,
     -37.93345965
    ]
   },
   "properties": {
    "name": "SHOP 2, 11 KILVINGTON DRIVE EMERALD 3782",
    "locID": "LOC000015938545",
    "tech": "FTTN",
    "upgrade": "FTTP_NA",
    "gnaf_pid": "GAVIC414530848",
    "tech_change_status": "Committed",
    "program_type": "Customer-initiated N2P MDU Complex",
    "target_eligibility_quarter": "Jun 2025"
   }
  },
  {
   "type": "Feature",
   "geometry": {
    "type": "Point",
    "coordinates": [
     145.44099032,
     -37.93345965
    ]
   },
   "properties": {
    "name": "SHOP 3, 11 KILVINGTON DRIVE EMERALD 3782",
    "locID": "LOC000015961105",
    "tech": "FTTN",
    "upgrade": "FTTP_NA",
    "gnaf_pid": "GAVIC414530849",
    "tech_change_status": "Committed",
    "program_type": "Customer-initiated N2P MDU Complex",
    "target_eligibility_quarter": "Jun 2025"
   }
  },
  {
   "type": "Feature",
   "geometry": {
    "type": "Point",
    "coordinates": [
     145.43649456,
     -37.92942821
    ]
   },
   "properties": {
    "name": "1A WALNUT AVENUE EMERALD 3782",
    "locID": "LOC000067241370",
    "tech": "FTTN",
    "upgrade": "FTTP_NA",
    "gnaf_pid": "GAVIC414549497",
    "tech_change_status": "Committed",
    "program_type": "On-Demand N2P SDU/MDU Simple",
    "target_eligibility_quarter": "Jun 2025"
   }
  },
  {
   "type": "Feature",
   "geometry": {
    "type": "Point",
    "coordinates": [
     145.43849441,
     -37.94383593
    ]
   },
   "properties": {
    "name": "3-5 WINTLE ROAD EMERALD 3782",
    "locID": "LOC000102326449",
    "tech": "FTTN",
    "upgrade": "NULL_NA",
    "gnaf_pid": "GAVIC414549566",
    "tech_change_status": "Not Planned"
   }
  },
  {
   "type": "Feature",
   "geometry": {
    "type": "Point",
    "coordinates": [
     145.43949778,
     -37.93703437
    ]
   },
   "properties": {
    "name": "UNIT 1, 9 LEGG ROAD EMERALD 3782",
    "locID": "LOC000035202590",
    "tech": "FTTN",
    "upgrade": "NULL_NA",
    "gnaf_pid": "GAVIC414552509",
    "tech_change_status": "Not Planned"
   }
  },
  {
   "type": "Feature",
   "geometry": {
    "type": "Point",
    "coordinates": [
     145.44023461,
     -37.93184128
    ]
   },
   "properties": {
    "name": "299 BELGRAVE-GEMBROOK ROAD EMERALD 3782",
    "locID": "LOC000112816397",
    "tech": "FTTN",
    "upgrade": "FTTP_NA",
    "gnaf_pid": "GAVIC414557061",
    "tech_change_status": "Committed",
    "program_type": "On-Demand N2P SDU/MDU Simple",
    "target_eligibility_quarter": "Jun 2025"
   }
  },
  {
   "type": "Feature",
   "geometry": {
    "type": "Point",
    "coordinates": [
     145.44138445,
     -37.93181146
    ]
   },
   "properties": {
    "name": "SHOP 2, 321 BELGRAVE-GEMBROOK ROAD EMERALD 3782",
    "locID": "LOC000067198756",
    "tech": "FTTN",
    "upgrade": "FTTP_NA",
    "gnaf_pid": "GAVIC414557081",
    "tech_change_status": "Committed",
    "program_type": "On-Demand N2P SDU/MDU Simple",
    "target_eligibility_quarter": "Jun 2025"
   }
  },
  {
   "type": "Feature",
   "geometry": {
    "type": "Point",
    "coordinates": [
     145.44374115,
     -37.94528303
    ]
   },
   "properties": {
    "name": "UNIT 1, 12 TORLEY ROAD EMERALD 3782",
    "locID": "LOC000041171794",
    "tech": "FTTN",
    "upgrade": "NULL_NA",
    "gnaf_pid": "GAVIC414567649",
    "tech_change_status": "Not Planned"
   }
  },
  {
   "type": "Feature",
   "geometry": {
    "type": "Point",
    "coordinates": [
     145.4819443,
     -37.96075738
    ]
   },
   "properties": {
    "name": "120 HEPNER ROAD EMERALD 3782",
    "locID": "LOC000054236971",
    "tech": "NULL",
    "upgrade": "NULL_NA",
    "gnaf_pid": "GAVIC414570517",
    "tech_change_status": "Not Planned"
   }
  },
  {
   "type": "Feature",
   "geometry": {
    "type": "Point",
    "coordinates": [
     145.44138445,
     -37.93181146
    ]
   },
   "properties": {
    "name": "SHOP 1, 321 BELGRAVE-GEMBROOK ROAD EMERALD 3782",
    "locID": "LOC000067155863",
    "tech": "FTTN",
    "upgrade": "FTTP_NA",
    "gnaf_pid": "GAVIC414575191",
    "tech_change_status": "Committed",
    "program_type": "On-Demand N2P SDU/MDU Simple",
    "target_eligibility_quarter": "Jun 2025"
   }
  },
  {
   "type": "Feature",
   "geometry": {
    "type": "Point",
    "coordinates": [
     145.44028206,
     -37.9326887
    ]
   },
   "properties": {
    "name": "SHOP 2, 344 BELGRAVE-GEMBROOK ROAD EMERALD 3782",
    "locID": "LOC000065524120",
    "tech": "FTTN",
    "upgrade": "FTTP_NA",
    "gnaf_pid": "GAVIC414575199",
    "tech_change_status": "Committed",
    "program_type": "Customer-initiated N2P MDU Complex",
    "target_eligibility_quarter": "Jun 2025"
   }
  },
  {
   "type": "Feature",
   "geometry": {
    "type": "Point",
    "coordinates": [
     145.44028206,
     -37.9326887
    ]
   },
   "properties": {
    "name": "SHOP 5, 344 BELGRAVE-GEMBROOK ROAD EMERALD 3782",
    "locID": "LOC000065675156",
    "tech": "FTTN",
    "upgrade": "FTTP_NA",
    "gnaf_pid": "GAVIC414575200",
    "tech_change_status": "Committed",
    "program_type": "Customer-initiated N2P MDU Complex",
    "target_eligibility_quarter": "Jun 2025"
   }
  },
  {
   "type": "Feature",
   "geometry": {
    "type": "Point",
    "coordinates": [
     145.46509167,
     -37.9317222
    ]
   },
   "properties": {
    "name": "5 BELLBIRD CRESCENT EMERALD 3782",
    "locID": "LOC000088465593",
    "tech": "FTTN",
    "upgrade": "FTTP_NA",
    "gnaf_pid": "GAVIC414582235",
    "tech_change_status": "Committed",
    "program_type": "On-Demand N2P SDU/MDU Simple",
    "target_eligibility_quarter": "Jun 2025"
   }
  },
  {
   "type": "Feature",
   "geometry": {
    "type": "Point",
    "coordinates": [
     145.46482382,
     -37.92060717
    ]
   },
   "properties": {
    "name": "1 ALFRED GROVE EMERALD 3782",
    "locID": "LOC000105840385",
    "tech": "FTTP",
    "upgrade": "NULL_NA",
    "gnaf_pid": "GAVIC414594225"
   }
  },
  {
   "type": "Feature",
   "geometry": {
    "type": "Point",
    "coordinates": [
     145.46768313,
     -37.9196226
    ]
   },
   "properties": {
    "name": "2A FAIRWAY ROAD EMERALD 3782",
    "locID": "LOC000083396337",
    "tech": "FTTN",
    "upgrade": "FTTP_NA",
    "gnaf_pid": "GAVIC414594280",
    "tech_change_status": "Committed",
    "program_type": "On-Demand N2P SDU/MDU Simple",
    "target_eligibility_quarter": "Jun 2025"
   }
  },
  {
   "type": "Feature",
   "geometry": {
    "type": "Point",
    "coordinates": [
     145.46773881,
     -37.9167439
    ]
   },
   "properties": {
    "name": "9 FAIRWAY ROAD EMERALD 3782",
    "locID": "LOC000113269101",
    "tech": "WIRELESS",
    "upgrade": "NULL_NA",
    "gnaf_pid": "GAVIC414594281",
    "tech_change_status": "Not Planned",
    "program_type": "Fixed Wireless and Satellite Upgrade Program",
    "target_eligibility_quarter": "Mar 2025"
   }
  },
  {
   "type": "Feature",
   "geometry": {
    "type": "Point",
    "coordinates": [
     145.46793948,
     -37.91578038
    ]
   },
   "properties": {
    "name": "11 FAIRWAY ROAD EMERALD 3782",
    "locID": "LOC000113278411",
    "tech": "WIRELESS",
    "upgrade": "NULL_NA",
    "gnaf_pid": "GAVIC414594282",
    "tech_change_status": "Not Planned",
    "program_type": "Fixed Wireless and Satellite Upgrade Program",
    "target_eligibility_quarter": "Mar 2025"
   }
  },
  {
   "type": "Feature",
   "geometry": {
    "type": "Point",
    "coordinates": [
     145.46820279,
     -37.91451598
    ]
   },
   "properties": {
    "name": "13 FAIRWAY ROAD EMERALD 3782",
    "locID": "LOC100077375547",
    "tech": "WIRELESS",
    "upgrade": "NULL_NA",
    "gnaf_pid": "GAVIC414594283",
    "tech_change_status": "Not Planned",
    "program_type": "Fixed Wireless and Satellite Upgrade Program",
    "target_eligibility_quarter": "Mar 2025"
   }
  },
  {
   "type": "Feature",
   "geometry": {
    "type": "Point",
    "coordinates": [
     145.46784486,
     -37.91857179
    ]
   },
   "properties": {
    "name": "10 FAIRWAY ROAD EMERALD 3782",
    "locID": "LOC000106799970",
    "tech": "FTTN",
    "upgrade": "FTTP_NA",
    "gnaf_pid": "GAVIC414594285",
    "tech_change_status": "Committed",
    "program_type": "On-Demand N2P SDU/MDU Simple",
    "target_eligibility_quarter": "Jun 2025"
   }
  },
  {
   "type": "Feature",
   "geometry": {
    "type": "Point",
    "coordinates": [
     145.46788006,
     -37.91839272
    ]
   },
   "properties": {
    "name": "12 FAIRWAY ROAD EMERALD 3782",
    "locID": "LOC000032792135",
    "tech": "FTTN",
    "upgrade": "FTTP_NA",
    "gnaf_pid": "GAVIC414594286",
    "tech_change_status": "Committed",
    "program_type": "On-Demand N2P SDU/MDU Simple",
    "target_eligibility_quarter": "Jun 2025"
   }
  },
  {
   "type": "Feature",
   "geometry": {
    "type": "Point",
    "coordinates": [
     145.44052834,
     -37.92671363
    ]
   },
   "properties": {
    "name": "6 FERRES ROAD EMERALD 3782",
    "locID": "LOC000096451496",
    "tech": "FTTN",
    "upgrade": "NULL_NA",
    "gnaf_pid": "GAVIC414597734",
    "tech_change_status": "Not Planned"
   }
  },
  {
   "type": "Feature",
   "geometry": {
    "type": "Point",
    "coordinates": [
     145.4444853,
     -37.92775194
    ]
   },
   "properties": {
    "name": "3 EMERALD-MONBULK ROAD EMERALD 3782",
    "locID": "LOC000097380364",
    "tech": "FTTN",
    "upgrade": "FTTP_NA",
    "gnaf_pid": "GAVIC414612410",
    "tech_change_status": "Committed",
    "program_type": "On-Demand N2P SDU/MDU Simple",
    "target_eligibility_quarter": "Dec 2025"
   }
  },
  {
   "type": "Feature",
   "geometry": {
    "type": "Point",
    "coordinates": [
     145.44412494,
     -37.92766675
    ]
   },
   "properties": {
    "name": "5 EMERALD-MONBULK ROAD EMERALD 3782",
    "locID": "LOC000112806244",
    "tech": "FTTN",
    "upgrade": "FTTP_NA",
    "gnaf_pid": "GAVIC414612411",
    "tech_change_status": "Committed",
    "program_type": "On-Demand N2P SDU/MDU Simple",
    "target_eligibility_quarter": "Dec 2025"
   }
  },
  {
   "type": "Feature",
   "geometry": {
    "type": "Point",
    "coordinates": [
     145.44654207,
     -37.9151927
    ]
   },
   "properties": {
    "name": "77A EMERALD-MONBULK ROAD EMERALD 3782",
    "locID": "LOC000004240142",
    "tech": "FTTN",
    "upgrade": "NULL_NA",
    "gnaf_pid": "GAVIC414612420",
    "tech_change_status": "Not Planned"
   }
  },
  {
   "type": "Feature",
   "geometry": {
    "type": "Point",
    "coordinates": [
     145.47536731,
     -37.94115033
    ]
   },
   "properties": {
    "name": "89 BAILEY ROAD EMERALD 3782",
    "locID": "LOC000083184577",
    "tech": "FTTN",
    "upgrade": "NULL_NA",
    "gnaf_pid": "GAVIC414612454",
    "tech_change_status": "Not Planned"
   }
  },
  {
   "type": "Feature",
   "geometry": {
    "type": "Point",
    "coordinates": [
     145.46396623,
     -37.93969839
    ]
   },
   "properties": {
    "name": "17 FORD ROAD EMERALD 3782",
    "locID": "LOC000068959707",
    "tech": "FTTN",
    "upgrade": "FTTP",
    "gnaf_pid": "GAVIC414615930",
    "tech_change_status": "Eligible to Order",
    "program_type": "On-Demand N2P SDU/MDU Simple",
    "target_eligibility_quarter": "NA"
   }
  },
  {
   "type": "Feature",
   "geometry": {
    "type": "Point",
    "coordinates": [
     145.465824,
     -37.934584
    ]
   },
   "properties": {
    "name": "4 AUHL ROAD EMERALD 3782",
    "locID": "LOC000194971609",
    "tech": "FTTN",
    "upgrade": "NULL_NA",
    "gnaf_pid": "GAVIC419578534",
    "tech_change_status": "Not Planned"
   }
  },
  {
   "type": "Feature",
   "geometry": {
    "type": "Point",
    "coordinates": [
     145.4613355,
     -37.93206281
    ]
   },
   "properties": {
    "name": "27 AUHL ROAD EMERALD 3782",
    "locID": "LOC000070308974",
    "tech": "FTTN",
    "upgrade": "NULL_NA",
    "gnaf_pid": "GAVIC419578535",
    "tech_change_status": "Not Planned"
   }
  },
  {
   "type": "Feature",
   "geometry": {
    "type": "Point",
    "coordinates": [
     145.47271718,
     -37.9395422
    ]
   },
   "properties": {
    "name": "6 AZALEA CRESCENT EMERALD 3782",
    "locID": "LOC000019697389",
    "tech": "FTTP",
    "upgrade": "NULL_NA",
    "gnaf_pid": "GAVIC419578536"
   }
  },
  {
   "type": "Feature",
   "geometry": {
    "type": "Point",
    "coordinates": [
     145.450775,
     -37.934332
    ]
   },
   "properties": {
    "name": "43 BEACONSFIELD-EMERALD ROAD EMERALD 3782",
    "locID": "LOC000085399187",
    "tech": "FTTN",
    "upgrade": "FTTP_NA",
    "gnaf_pid": "GAVIC419579221",
    "tech_change_status": "Committed",
    "program_type": "On-Demand N2P SDU/MDU Simple",
    "target_eligibility_quarter": "Jun 2025"
   }
  },
  {
   "type": "Feature",
   "geometry": {
    "type": "Point",
    "coordinates": [
     145.45842205,
     -37.94314463
    ]
   },
   "properties": {
    "name": "48A BEACONSFIELD-EMERALD ROAD EMERALD 3782",
    "locID": "LOC000055241046",
    "tech": "FTTP",
    "upgrade": "FTTP_NA",
    "gnaf_pid": "GAVIC419579223",
    "tech_change_status": "Previous Tech Disconnected",
    "program_type": "On-Demand N2P SDU/MDU Simple",
    "target_eligibility_quarter": "NA"
   }
  },
  {
   "type": "Feature",
   "geometry": {
    "type": "Point",
    "coordinates": [
     145.451495,
     -37.936342
    ]
   },
   "properties": {
    "name": "53 BEACONSFIELD-EMERALD ROAD EMERALD 3782",
    "locID": "LOC000056220584",
    "tech": "FTTN",
    "upgrade": "FTTP_NA",
    "gnaf_pid": "GAVIC419579224",
    "tech_change_status": "In Design",
    "program_type": "On-Demand N2P SDU/MDU Simple",
    "target_eligibility_quarter": "Dec 2025"
   }
  },
  {
   "type": "Feature",
   "geometry": {
    "type": "Point",
    "coordinates": [
     145.436509,
     -37.938514
    ]
   },
   "properties": {
    "name": "2 MAISIE ROAD EMERALD 3782",
    "locID": "LOC000082297634",
    "tech": "FTTN",
    "upgrade": "NULL_NA",
    "gnaf_pid": "GAVIC419579667",
    "tech_change_status": "Not Planned"
   }
  },
  {
   "type": "Feature",
   "geometry": {
    "type": "Point",
    "coordinates": [
     145.47317258,
     -37.94042659
    ]
   },
   "properties": {
    "name": "4 MAJESTIC DRIVE EMERALD 3782",
    "locID": "LOC000026925080",
    "tech": "FTTP",
    "upgrade": "NULL_NA",
    "gnaf_pid": "GAVIC419579668"
   }
  },
  {
   "type": "Feature",
   "geometry": {
    "type": "Point",
    "coordinates": [
     145.4707488,
     -37.93925974
    ]
   },
   "properties": {
    "name": "14 MAJESTIC DRIVE EMERALD 3782",
    "locID": "LOC000017667165",
    "tech": "FTTN",
    "upgrade": "NULL_NA",
    "gnaf_pid": "GAVIC419579669",
    "tech_change_status": "Not Planned"
   }
  },
  {
   "type": "Feature",
   "geometry": {
    "type": "Point",
    "coordinates": [
     145.4695835,
     -37.93636445
    ]
   },
   "properties": {
    "name": "22 MAJESTIC DRIVE EMERALD 3782",
    "locID": "LOC000072988836",
    "tech": "FTTN",
    "upgrade": "NULL_NA",
    "gnaf_pid": "GAVIC419579670",
    "tech_change_status": "Not Planned"
   }
  },
  {
   "type": "Feature",
   "geometry": {
    "type": "Point",
    "coordinates": [
     145.44038094,
     -37.93628211
    ]
   },
   "properties": {
    "name": "25 KILVINGTON DRIVE EMERALD 3782",
    "locID": "LOC000033547333",
    "tech": "FTTN",
    "upgrade": "NULL_NA",
    "gnaf_pid": "GAVIC419579759",
    "tech_change_status": "Not Planned"
   }
  },
  {
   "type": "Feature",
   "geometry": {
    "type": "Point",
    "coordinates": [
     145.44068107,
     -37.94205842
    ]
   },
   "properties": {
    "name": "58 KILVINGTON DRIVE EMERALD 3782",
    "locID": "LOC000007768595",
    "tech": "FTTN",
    "upgrade": "NULL_NA",
    "gnaf_pid": "GAVIC419579761",
    "tech_change_status": "Not Planned"
   }
  },
  {
   "type": "Feature",
   "geometry": {
    "type": "Point",
    "coordinates": [
     145.46826313,
     -37.94097853
    ]
   },
   "properties": {
    "name": "2 FORD ROAD EMERALD 3782",
    "locID": "LOC000103975273",
    "tech": "FTTN",
    "upgrade": "FTTP_NA",
    "gnaf_pid": "GAVIC419579868",
    "tech_change_status": "Committed",
    "program_type": "On-Demand N2P SDU/MDU Simple",
    "target_eligibility_quarter": "Dec 2025"
   }
  },
  {
   "type": "Feature",
   "geometry": {
    "type": "Point",
    "coordinates": [
     145.48144345,
     -37.96512393
    ]
   },
   "properties": {
    "name": "80 MARKS LANE EMERALD 3782",
    "locID": "LOC000101271353",
    "tech": "NULL",
    "upgrade": "NULL_NA",
    "gnaf_pid": "GAVIC419580355",
    "tech_change_status": "Not Planned"
   }
  },
  {
   "type": "Feature",
   "geometry": {
    "type": "Point",
    "coordinates": [
     145.44503753,
     -37.94034987
    ]
   },
   "properties": {
    "name": "3 OLD BEACONSFIELD ROAD EMERALD 3782",
    "locID": "LOC000056653203",
    "tech": "FTTN",
    "upgrade": "NULL_NA",
    "gnaf_pid": "GAVIC419580515",
    "tech_change_status": "Not Planned"
   }
  },
  {
   "type": "Feature",
   "geometry": {
    "type": "Point",
    "coordinates": [
     145.44083476,
     -37.94257411
    ]
   },
   "properties": {
    "name": "62 KILVINGTON DRIVE EMERALD 3782",
    "locID": "LOC000073696917",
    "tech": "FTTN",
    "upgrade": "NULL_NA",
    "gnaf_pid": "GAVIC419580602",
    "tech_change_status": "Not Planned"
   }
  },
  {
   "type": "Feature",
   "geometry": {
    "type": "Point",
    "coordinates": [
     145.437863,
     -37.937947
    ]
   },
   "properties": {
    "name": "2 CURTIS ROAD EMERALD 3782",
    "locID": "LOC000053941906",
    "tech": "FTTN",
    "upgrade": "NULL_NA",
    "gnaf_pid": "GAVIC419580617",
    "tech_change_status": "Not Planned"
   }
  },
  {
   "type": "Feature",
   "geometry": {
    "type": "Point",
    "coordinates": [
     145.45225343,
     -37.9518912
    ]
   },
   "properties": {
    "name": "8 DEERY ROAD EMERALD 3782",
    "locID": "LOC000101243666",
    "tech": "NULL",
    "upgrade": "NULL_NA",
    "gnaf_pid": "GAVIC419580619",
    "tech_change_status": "Not Planned"
   }
  },
  {
   "type": "Feature",
   "geometry": {
    "type": "Point",
    "coordinates": [
     145.45912756,
     -37.9505092
    ]
   },
   "properties": {
    "name": "20 DEERY ROAD EMERALD 3782",
    "locID": "LOC000002021998",
    "tech": "SATELLITE",
    "upgrade": "NULL_NA",
    "gnaf_pid": "GAVIC419580620",
    "tech_change_status": "Not Planned"
   }
  },
  {
   "type": "Feature",
   "geometry": {
    "type": "Point",
    "coordinates": [
     145.455,
     -37.937966
    ]
   },
   "properties": {
    "name": "67 BEACONSFIELD-EMERALD ROAD EMERALD 3782",
    "locID": "LOC000073239257",
    "tech": "FTTN",
    "upgrade": "FTTP_NA",
    "gnaf_pid": "GAVIC419581203",
    "tech_change_status": "In Design",
    "program_type": "On-Demand N2P SDU/MDU Simple",
    "target_eligibility_quarter": "Dec 2025"
   }
  },
  {
   "type": "Feature",
   "geometry": {
    "type": "Point",
    "coordinates": [
     145.46434759,
     -37.95049753
    ]
   },
   "properties": {
    "name": "81 BEACONSFIELD-EMERALD ROAD EMERALD 3782",
    "locID": "LOC000090840499",
    "tech": "FTTN",
    "upgrade": "FTTP_SA",
    "gnaf_pid": "GAVIC419581392",
    "tech_change_status": "Eligible to Order",
    "program_type": "On-Demand N2P SDU/MDU Simple",
    "target_eligibility_quarter": "NA"
   }
  },
  {
   "type": "Feature",
   "geometry": {
    "type": "Point",
    "coordinates": [
     145.458445,
     -37.933748
    ]
   },
   "properties": {
    "name": "9 SELLARS ROAD EMERALD 3782",
    "locID": "LOC000024431619",
    "tech": "FTTN",
    "upgrade": "FTTP_NA",
    "gnaf_pid": "GAVIC419582082",
    "tech_change_status": "In Design",
    "program_type": "On-Demand N2P SDU/MDU Simple",
    "target_eligibility_quarter": "Dec 2025"
   }
  },
  {
   "type": "Feature",
   "geometry": {
    "type": "Point",
    "coordinates": [
     145.44894087,
     -37.93776664
    ]
   },
   "properties": {
    "name": "31 HAMILTON ROAD EMERALD 3782",
    "locID": "LOC000005287474",
    "tech": "FTTN",
    "upgrade": "FTTP_NA",
    "gnaf_pid": "GAVIC419583093",
    "tech_change_status": "In Design",
    "program_type": "On-Demand N2P SDU/MDU Simple",
    "target_eligibility_quarter": "Dec 2025"
   }
  },
  {
   "type": "Feature",
   "geometry": {
    "type": "Point",
    "coordinates": [
     145.47048541,
     -37.9355259
    ]
   },
   "properties": {
    "name": "6 HEATHER AVENUE EMERALD 3782",
    "locID": "LOC000032992483",
    "tech": "FTTN",
    "upgrade": "NULL_NA",
    "gnaf_pid": "GAVIC419583259",
    "tech_change_status": "Not Planned"
   }
  },
  {
   "type": "Feature",
   "geometry": {
    "type": "Point",
    "coordinates": [
     145.48267095,
     -37.96084785
    ]
   },
   "properties": {
    "name": "128 HEPNER ROAD EMERALD 3782",
    "locID": "LOC000085518943",
    "tech": "NULL",
    "upgrade": "NULL_NA",
    "gnaf_pid": "GAVIC419583260",
    "tech_change_status": "Not Planned"
   }
  },
  {
   "type": "Feature",
   "geometry": {
    "type": "Point",
    "coordinates": [
     145.454956,
     -37.935703
    ]
   },
   "properties": {
    "name": "16 STATION AVENUE EMERALD 3782",
    "locID": "LOC000005159170",
    "tech": "FTTN",
    "upgrade": "FTTP_NA",
    "gnaf_pid": "GAVIC419584079",
    "tech_change_status": "In Design",
    "program_type": "On-Demand N2P SDU/MDU Simple",
    "target_eligibility_quarter": "Dec 2025"
   }
  },
  {
   "type": "Feature",
   "geometry": {
    "type": "Point",
    "coordinates": [
     145.433425,
     -37.936365
    ]
   },
   "properties": {
    "name": "4 BOUNDARY ROAD WEST EMERALD 3782",
    "locID": "LOC000065661838",
    "tech": "FTTN",
    "upgrade": "FTTP_NA",
    "gnaf_pid": "GAVIC419584698",
    "tech_change_status": "Committed",
    "program_type": "On-Demand N2P SDU/MDU Simple",
    "target_eligibility_quarter": "Jun 2025"
   }
  },
  {
   "type": "Feature",
   "geometry": {
    "type": "Point",
    "coordinates": [
     145.44055832,
     -37.94432236
    ]
   },
   "properties": {
    "name": "74 KILVINGTON DRIVE EMERALD 3782",
    "locID": "LOC000052540297",
    "tech": "FTTN",
    "upgrade": "NULL_NA",
    "gnaf_pid": "GAVIC419584915",
    "tech_change_status": "Not Planned"
   }
  },
  {
   "type": "Feature",
   "geometry": {
    "type": "Point",
    "coordinates": [
     145.43983444,
     -37.94493696
    ]
   },
   "properties": {
    "name": "2 DIXON ROAD EMERALD 3782",
    "locID": "LOC000015140753",
    "tech": "FTTN",
    "upgrade": "NULL_NA",
    "gnaf_pid": "GAVIC419584974",
    "tech_change_status": "Not Planned"
   }
  },
  {
   "type": "Feature",
   "geometry": {
    "type": "Point",
    "coordinates": [
     145.43874506,
     -37.94522838
    ]
   },
   "properties": {
    "name": "5 DIXON ROAD EMERALD 3782",
    "locID": "LOC000002053079",
    "tech": "FTTN",
    "upgrade": "NULL_NA",
    "gnaf_pid": "GAVIC419584975",
    "tech_change_status": "Not Planned"
   }
  },
  {
   "type": "Feature",
   "geometry": {
    "type": "Point",
    "coordinates": [
     145.44427961,
     -37.9452765
    ]
   },
   "properties": {
    "name": "10 TORLEY ROAD EMERALD 3782",
    "locID": "LOC000098359981",
    "tech": "FTTN",
    "upgrade": "NULL_NA",
    "gnaf_pid": "GAVIC419585668",
    "tech_change_status": "Not Planned"
   }
  },
  {
   "type": "Feature",
   "geometry": {
    "type": "Point",
    "coordinates": [
     145.44314819,
     -37.94561907
    ]
   },
   "properties": {
    "name": "17 TORLEY ROAD EMERALD 3782",
    "locID": "LOC000020326943",
    "tech": "FTTN",
    "upgrade": "NULL_NA",
    "gnaf_pid": "GAVIC419585670",
    "tech_change_status": "Not Planned"
   }
  },
  {
   "type": "Feature",
   "geometry": {
    "type": "Point",
    "coordinates": [
     145.438938,
     -37.940403
    ]
   },
   "properties": {
    "name": "2 STEEL ROAD EMERALD 3782",
    "locID": "LOC000103012492",
    "tech": "FTTN",
    "upgrade": "NULL_NA",
    "gnaf_pid": "GAVIC419585760",
    "tech_change_status": "Not Planned"
   }
  },
  {
   "type": "Feature",
   "geometry": {
    "type": "Point",
    "coordinates": [
     145.43847048,
     -37.94046061
    ]
   },
   "properties": {
    "name": "4 STEEL ROAD EMERALD 3782",
    "locID": "LOC000045374488",
    "tech": "FTTN",
    "upgrade": "NULL_NA",
    "gnaf_pid": "GAVIC419585761",
    "tech_change_status": "Not Planned"
   }
  },
  {
   "type": "Feature",
   "geometry": {
    "type": "Point",
    "coordinates": [
     145.43589,
     -37.94084
    ]
   },
   "properties": {
    "name": "19 STEEL ROAD EMERALD 3782",
    "locID": "LOC000080713516",
    "tech": "FTTN",
    "upgrade": "NULL_NA",
    "gnaf_pid": "GAVIC419585762",
    "tech_change_status": "Not Planned"
   }
  },
  {
   "type": "Feature",
   "geometry": {
    "type": "Point",
    "coordinates": [
     145.4351,
     -37.940541
    ]
   },
   "properties": {
    "name": "26 STEEL ROAD EMERALD 3782",
    "locID": "LOC000033547966",
    "tech": "FTTN",
    "upgrade": "NULL_NA",
    "gnaf_pid": "GAVIC419585763",
    "tech_change_status": "Not Planned"
   }
  },
  {
   "type": "Feature",
   "geometry": {
    "type": "Point",
    "coordinates": [
     145.443952,
     -37.933035
    ]
   },
   "properties": {
    "name": "9 HEROES AVENUE EMERALD 3782",
    "locID": "LOC000048248108",
    "tech": "FTTN",
    "upgrade": "FTTP_NA",
    "gnaf_pid": "GAVIC419585919",
    "tech_change_status": "Committed",
    "program_type": "On-Demand N2P SDU/MDU Simple",
    "target_eligibility_quarter": "Jun 2025"
   }
  },
  {
   "type": "Feature",
   "geometry": {
    "type": "Point",
    "coordinates": [
     145.444103,
     -37.932928
    ]
   },
   "properties": {
    "name": "11 HEROES AVENUE EMERALD 3782",
    "locID": "LOC000108975893",
    "tech": "FTTN",
    "upgrade": "FTTP_NA",
    "gnaf_pid": "GAVIC419585920",
    "tech_change_status": "Committed",
    "program_type": "On-Demand N2P SDU/MDU Simple",
    "target_eligibility_quarter": "Jun 2025"
   }
  },
  {
   "type": "Feature",
   "geometry": {
    "type": "Point",
    "coordinates": [
     145.445038,
     -37.932265
    ]
   },
   "properties": {
    "name": "23 HEROES AVENUE EMERALD 3782",
    "locID": "LOC000045652384",
    "tech": "FTTN",
    "upgrade": "FTTP_NA",
    "gnaf_pid": "GAVIC419585921",
    "tech_change_status": "Committed",
    "program_type": "On-Demand N2P SDU/MDU Simple",
    "target_eligibility_quarter": "Jun 2025"
   }
  },
  {
   "type": "Feature",
   "geometry": {
    "type": "Point",
    "coordinates": [
     145.445653,
     -37.932228
    ]
   },
   "properties": {
    "name": "36 HEROES AVENUE EMERALD 3782",
    "locID": "LOC000036033911",
    "tech": "FTTN",
    "upgrade": "FTTP_NA",
    "gnaf_pid": "GAVIC419585923",
    "tech_change_status": "Committed",
    "program_type": "On-Demand N2P SDU/MDU Simple",
    "target_eligibility_quarter": "Jun 2025"
   }
  },
  {
   "type": "Feature",
   "geometry": {
    "type": "Point",
    "coordinates": [
     145.446196,
     -37.931848
    ]
   },
   "properties": {
    "name": "40 HEROES AVENUE EMERALD 3782",
    "locID": "LOC000065839643",
    "tech": "FTTN",
    "upgrade": "FTTP_NA",
    "gnaf_pid": "GAVIC419585924",
    "tech_change_status": "Committed",
    "program_type": "On-Demand N2P SDU/MDU Simple",
    "target_eligibility_quarter": "Jun 2025"
   }
  },
  {
   "type": "Feature",
   "geometry": {
    "type": "Point",
    "coordinates": [
     145.44791,
     -37.912016
    ]
   },
   "properties": {
    "name": "30 NOBELIUS STREET EMERALD 3782",
    "locID": "LOC000009407080",
    "tech": "FTTN",
    "upgrade": "NULL_NA",
    "gnaf_pid": "GAVIC419587838",
    "tech_change_status": "Not Planned"
   }
  },
  {
   "type": "Feature",
   "geometry": {
    "type": "Point",
    "coordinates": [
     145.446308,
     -37.930876
    ]
   },
   "properties": {
    "name": "7 BEACONSFIELD-EMERALD ROAD EMERALD 3782",
    "locID": "LOC000088773448",
    "tech": "FTTN",
    "upgrade": "FTTP_NA",
    "gnaf_pid": "GAVIC419588526",
    "tech_change_status": "Committed",
    "program_type": "On-Demand N2P SDU/MDU Simple",
    "target_eligibility_quarter": "Dec 2025"
   }
  },
  {
   "type": "Feature",
   "geometry": {
    "type": "Point",
    "coordinates": [
     145.446395,
     -37.931048
    ]
   },
   "properties": {
    "name": "9 BEACONSFIELD-EMERALD ROAD EMERALD 3782",
    "locID": "LOC000063727060",
    "tech": "FTTN",
    "upgrade": "FTTP_NA",
    "gnaf_pid": "GAVIC419588527",
    "tech_change_status": "Committed",
    "program_type": "On-Demand N2P SDU/MDU Simple",
    "target_eligibility_quarter": "Dec 2025"
   }
  },
  {
   "type": "Feature",
   "geometry": {
    "type": "Point",
    "coordinates": [
     145.438765,
     -37.931884
    ]
   },
   "properties": {
    "name": "275 BELGRAVE-GEMBROOK ROAD EMERALD 3782",
    "locID": "LOC000045649696",
    "tech": "FTTN",
    "upgrade": "FTTP_NA",
    "gnaf_pid": "GAVIC419588540",
    "tech_change_status": "Committed",
    "program_type": "On-Demand N2P SDU/MDU Simple",
    "target_eligibility_quarter": "Jun 2025"
   }
  },
  {
   "type": "Feature",
   "geometry": {
    "type": "Point",
    "coordinates": [
     145.43953355,
     -37.93764304
    ]
   },
   "properties": {
    "name": "17 LEGG ROAD EMERALD 3782",
    "locID": "LOC000005222374",
    "tech": "FTTN",
    "upgrade": "NULL_NA",
    "gnaf_pid": "GAVIC419588596",
    "tech_change_status": "Not Planned"
   }
  },
  {
   "type": "Feature",
   "geometry": {
    "type": "Point",
    "coordinates": [
     145.432628,
     -37.936381
    ]
   },
   "properties": {
    "name": "45 WESTLANDS ROAD EMERALD 3782",
    "locID": "LOC000022159697",
    "tech": "FTTN",
    "upgrade": "FTTP_NA",
    "gnaf_pid": "GAVIC419588630",
    "tech_change_status": "Committed",
    "program_type": "On-Demand N2P SDU/MDU Simple",
    "target_eligibility_quarter": "Jun 2025"
   }
  },
  {
   "type": "Feature",
   "geometry": {
    "type": "Point",
    "coordinates": [
     145.45648633,
     -37.9354803
    ]
   },
   "properties": {
    "name": "12 AMBROSE STREET EMERALD 3782",
    "locID": "LOC000008634679",
    "tech": "FTTN",
    "upgrade": "FTTP_NA",
    "gnaf_pid": "GAVIC419591105",
    "tech_change_status": "In Design",
    "program_type": "On-Demand N2P SDU/MDU Simple",
    "target_eligibility_quarter": "Dec 2025"
   }
  },
  {
   "type": "Feature",
   "geometry": {
    "type": "Point",
    "coordinates": [
     145.455824,
     -37.937201
    ]
   },
   "properties": {
    "name": "17 AMBROSE STREET EMERALD 3782",
    "locID": "LOC000086369435",
    "tech": "FTTN",
    "upgrade": "FTTP_NA",
    "gnaf_pid": "GAVIC419591106",
    "tech_change_status": "In Design",
    "program_type": "On-Demand N2P SDU/MDU Simple",
    "target_eligibility_quarter": "Dec 2025"
   }
  },
  {
   "type": "Feature",
   "geometry": {
    "type": "Point",
    "coordinates": [
     145.47086635,
     -37.93456391
    ]
   },
   "properties": {
    "name": "12 MIMOSA AVENUE EMERALD 3782",
    "locID": "LOC000002946527",
    "tech": "FTTN",
    "upgrade": "NULL_NA",
    "gnaf_pid": "GAVIC419591141",
    "tech_change_status": "Not Planned"
   }
  },
  {
   "type": "Feature",
   "geometry": {
    "type": "Point",
    "coordinates": [
     145.4589412,
     -37.94120432
    ]
   },
   "properties": {
    "name": "73 BEACONSFIELD-EMERALD ROAD EMERALD 3782",
    "locID": "LOC000036796208",
    "tech": "FTTN",
    "upgrade": "FTTP_SA",
    "gnaf_pid": "GAVIC419591332",
    "tech_change_status": "Eligible to Order",
    "program_type": "On-Demand N2P SDU/MDU Simple",
    "target_eligibility_quarter": "NA"
   }
  },
  {
   "type": "Feature",
   "geometry": {
    "type": "Point",
    "coordinates": [
     145.46734133,
     -37.9552238
    ]
   },
   "properties": {
    "name": "92 BEACONSFIELD-EMERALD ROAD EMERALD 3782",
    "locID": "LOC000047158090",
    "tech": "SATELLITE",
    "upgrade": "NULL_NA",
    "gnaf_pid": "GAVIC419591333",
    "tech_change_status": "Not Planned"
   }
  },
  {
   "type": "Feature",
   "geometry": {
    "type": "Point",
    "coordinates": [
     145.444094,
     -37.933316
    ]
   },
   "properties": {
    "name": "18 HEROES AVENUE EMERALD 3782",
    "locID": "LOC000037661295",
    "tech": "FTTN",
    "upgrade": "FTTP_NA",
    "gnaf_pid": "GAVIC419591404",
    "tech_change_status": "Committed",
    "program_type": "On-Demand N2P SDU/MDU Simple",
    "target_eligibility_quarter": "Jun 2025"
   }
  },
  {
   "type": "Feature",
   "geometry": {
    "type": "Point",
    "coordinates": [
     145.44739958,
     -37.92598668
    ]
   },
   "properties": {
    "name": "1 ALEXANDER STREET EMERALD 3782",
    "locID": "LOC000014557799",
    "tech": "FTTN",
    "upgrade": "NULL_NA",
    "gnaf_pid": "GAVIC419592280",
    "tech_change_status": "Not Planned"
   }
  },
  {
   "type": "Feature",
   "geometry": {
    "type": "Point",
    "coordinates": [
     145.46474008,
     -37.92201135
    ]
   },
   "properties": {
    "name": "3 ALFRED GROVE EMERALD 3782",
    "locID": "LOC000044576096",
    "tech": "FTTP",
    "upgrade": "NULL_NA",
    "gnaf_pid": "GAVIC419592281",
    "tech_change_status": "Previous Tech Disconnected"
   }
  },
  {
   "type": "Feature",
   "geometry": {
    "type": "Point",
    "coordinates": [
     145.46493525,
     -37.91963865
    ]
   },
   "properties": {
    "name": "12 ALFRED GROVE EMERALD 3782",
    "locID": "LOC000100136322",
    "tech": "FTTP",
    "upgrade": "NULL_NA",
    "gnaf_pid": "GAVIC419592282",
    "tech_change_status": "Previous Tech Disconnected"
   }
  },
  {
   "type": "Feature",
   "geometry": {
    "type": "Point",
    "coordinates": [
     145.46491131,
     -37.91911513
    ]
   },
   "properties": {
    "name": "14 ALFRED GROVE EMERALD 3782",
    "locID": "LOC000047171529",
    "tech": "FTTP",
    "upgrade": "NULL_NA",
    "gnaf_pid": "GAVIC419592283",
    "tech_change_status": "Previous Tech Disconnected"
   }
  },
  {
   "type": "Feature",
   "geometry": {
    "type": "Point",
    "coordinates": [
     145.44821423,
     -37.91734134
    ]
   },
   "properties": {
    "name": "2 COLIN AVENUE EMERALD 3782",
    "locID": "LOC000048523361",
    "tech": "FTTN",
    "upgrade": "NULL_NA",
    "gnaf_pid": "GAVIC419592927",
    "tech_change_status": "Not Planned"
   }
  },
  {
   "type": "Feature",
   "geometry": {
    "type": "Point",
    "coordinates": [
     145.435514,
     -37.934968
    ]
   },
   "properties": {
    "name": "13 BAYVIEW ROAD EMERALD 3782",
    "locID": "LOC000102974090",
    "tech": "FTTN",
    "upgrade": "FTTP_NA",
    "gnaf_pid": "GAVIC419594525",
    "tech_change_status": "Committed",
    "program_type": "On-Demand N2P SDU/MDU Simple",
    "target_eligibility_quarter": "Jun 2025"
   }
  },
  {
   "type": "Feature",
   "geometry": {
    "type": "Point",
    "coordinates": [
     145.44151,
     -37.926919
    ]
   },
   "properties": {
    "name": "9 CORNISH ROAD EMERALD 3782",
    "locID": "LOC000075404843",
    "tech": "FTTN",
    "upgrade": "FTTP_NA",
    "gnaf_pid": "GAVIC419594528",
    "tech_change_status": "Committed",
    "program_type": "On-Demand N2P SDU/MDU Simple",
    "target_eligibility_quarter": "Jun 2025"
   }
  },
  {
   "type": "Feature",
   "geometry": {
    "type": "Point",
    "coordinates": [
     145.431654,
     -37.924409
    ]
   },
   "properties": {
    "name": "6 DUKE STREET EMERALD 3782",
    "locID": "LOC000011186154",
    "tech": "FTTN",
    "upgrade": "NULL_NA",
    "gnaf_pid": "GAVIC419595410",
    "tech_change_status": "Not Planned"
   }
  },
  {
   "type": "Feature",
   "geometry": {
    "type": "Point",
    "coordinates": [
     145.42668744,
     -37.92886818
    ]
   },
   "properties": {
    "name": "5 EDENMONT ROAD EMERALD 3782",
    "locID": "LOC000102248934",
    "tech": "FTTN",
    "upgrade": "NULL_NA",
    "gnaf_pid": "GAVIC419595415",
    "tech_change_status": "Not Planned"
   }
  },
  {
   "type": "Feature",
   "geometry": {
    "type": "Point",
    "coordinates": [
     145.45174081,
     -37.9160189
    ]
   },
   "properties": {
    "name": "8 ELM CRESCENT EMERALD 3782",
    "locID": "LOC000076847611",
    "tech": "FTTN",
    "upgrade": "NULL_NA",
    "gnaf_pid": "GAVIC419595416",
    "tech_change_status": "Not Planned"
   }
  },
  {
   "type": "Feature",
   "geometry": {
    "type": "Point",
    "coordinates": [
     145.45222816,
     -37.91589753
    ]
   },
   "properties": {
    "name": "10 ELM CRESCENT EMERALD 3782",
    "locID": "LOC000025217531",
    "tech": "FTTN",
    "upgrade": "NULL_NA",
    "gnaf_pid": "GAVIC419595417",
    "tech_change_status": "Not Planned"
   }
  },
  {
   "type": "Feature",
   "geometry": {
    "type": "Point",
    "coordinates": [
     145.452558,
     -37.913321
    ]
   },
   "properties": {
    "name": "25 ELM CRESCENT EMERALD 3782",
    "locID": "LOC000046101413",
    "tech": "FTTN",
    "upgrade": "NULL_NA",
    "gnaf_pid": "GAVIC419595418",
    "tech_change_status": "Not Planned"
   }
  },
  {
   "type": "Feature",
   "geometry": {
    "type": "Point",
    "coordinates": [
     145.45155162,
     -37.91295142
    ]
   },
   "properties": {
    "name": "26 ELM CRESCENT EMERALD 3782",
    "locID": "LOC000021153053",
    "tech": "FTTN",
    "upgrade": "NULL_NA",
    "gnaf_pid": "GAVIC419595419",
    "tech_change_status": "Not Planned"
   }
  },
  {
   "type": "Feature",
   "geometry": {
    "type": "Point",
    "coordinates": [
     145.437103,
     -37.93407
    ]
   },
   "properties": {
    "name": "8 RUSSELL STREET EMERALD 3782",
    "locID": "LOC000053101235",
    "tech": "FTTN",
    "upgrade": "FTTP_NA",
    "gnaf_pid": "GAVIC419595597",
    "tech_change_status": "Committed",
    "program_type": "On-Demand N2P SDU/MDU Simple",
    "target_eligibility_quarter": "Jun 2025"
   }
  },
  {
   "type": "Feature",
   "geometry": {
    "type": "Point",
    "coordinates": [
     145.445286,
     -37.90214
    ]
   },
   "properties": {
    "name": "115 EMERALD-MONBULK ROAD EMERALD 3782",
    "locID": "LOC000014789917",
    "tech": "FTTN",
    "upgrade": "NULL_NA",
    "gnaf_pid": "GAVIC419595645",
    "tech_change_status": "Not Planned"
   }
  },
  {
   "type": "Feature",
   "geometry": {
    "type": "Point",
    "coordinates": [
     145.43008,
     -37.924054
    ]
   },
   "properties": {
    "name": "9 TELOPEA ROAD EMERALD 3782",
    "locID": "LOC000026953584",
    "tech": "FTTN",
    "upgrade": "NULL_NA",
    "gnaf_pid": "GAVIC419595648",
    "tech_change_status": "Not Planned"
   }
  },
  {
   "type": "Feature",
   "geometry": {
    "type": "Point",
    "coordinates": [
     145.440735,
     -37.926963
    ]
   },
   "properties": {
    "name": "42 FERRES ROAD EMERALD 3782",
    "locID": "LOC000104142566",
    "tech": "FTTN",
    "upgrade": "NULL_NA",
    "gnaf_pid": "GAVIC419596117",
    "tech_change_status": "Not Planned"
   }
  },
  {
   "type": "Feature",
   "geometry": {
    "type": "Point",
    "coordinates": [
     145.440677,
     -37.925421
    ]
   },
   "properties": {
    "name": "54 FERRES ROAD EMERALD 3782",
    "locID": "LOC000035967016",
    "tech": "FTTN",
    "upgrade": "NULL_NA",
    "gnaf_pid": "GAVIC419596118",
    "tech_change_status": "Not Planned"
   }
  },
  {
   "type": "Feature",
   "geometry": {
    "type": "Point",
    "coordinates": [
     145.44084782,
     -37.92216154
    ]
   },
   "properties": {
    "name": "67 FERRES ROAD EMERALD 3782",
    "locID": "LOC000048317851",
    "tech": "FTTN",
    "upgrade": "NULL_NA",
    "gnaf_pid": "GAVIC419596119",
    "tech_change_status": "Not Planned"
   }
  },
  {
   "type": "Feature",
   "geometry": {
    "type": "Point",
    "coordinates": [
     145.44681177,
     -37.91903585
    ]
   },
   "properties": {
    "name": "16 FLORENCE AVENUE EMERALD 3782",
    "locID": "LOC000091479753",
    "tech": "FTTN",
    "upgrade": "NULL_NA",
    "gnaf_pid": "GAVIC419596120",
    "tech_change_status": "Not Planned"
   }
  },
  {
   "type": "Feature",
   "geometry": {
    "type": "Point",
    "coordinates": [
     145.43004278,
     -37.92171358
    ]
   },
   "properties": {
    "name": "19 TELOPEA ROAD EMERALD 3782",
    "locID": "LOC000035365418",
    "tech": "FTTN",
    "upgrade": "NULL_NA",
    "gnaf_pid": "GAVIC419596486",
    "tech_change_status": "Not Planned"
   }
  },
  {
   "type": "Feature",
   "geometry": {
    "type": "Point",
    "coordinates": [
     145.45076838,
     -37.92719862
    ]
   },
   "properties": {
    "name": "13 OLD GEMBROOK ROAD EMERALD 3782",
    "locID": "LOC000007121291",
    "tech": "FTTN",
    "upgrade": "NULL_NA",
    "gnaf_pid": "GAVIC419596968",
    "tech_change_status": "Not Planned"
   }
  },
  {
   "type": "Feature",
   "geometry": {
    "type": "Point",
    "coordinates": [
     145.451164,
     -37.927731
    ]
   },
   "properties": {
    "name": "16 OLD GEMBROOK ROAD EMERALD 3782",
    "locID": "LOC000044432129",
    "tech": "FTTN",
    "upgrade": "NULL_NA",
    "gnaf_pid": "GAVIC419596969",
    "tech_change_status": "Not Planned"
   }
  },
  {
   "type": "Feature",
   "geometry": {
    "type": "Point",
    "coordinates": [
     145.45300171,
     -37.92760792
    ]
   },
   "properties": {
    "name": "19 OLD GEMBROOK ROAD EMERALD 3782",
    "locID": "LOC000046735100",
    "tech": "FTTN",
    "upgrade": "NULL_NA",
    "gnaf_pid": "GAVIC419596970",
    "tech_change_status": "Not Planned"
   }
  },
  {
   "type": "Feature",
   "geometry": {
    "type": "Point",
    "coordinates": [
     145.45173,
     -37.927847
    ]
   },
   "properties": {
    "name": "20 OLD GEMBROOK ROAD EMERALD 3782",
    "locID": "LOC000049334779",
    "tech": "FTTN",
    "upgrade": "NULL_NA",
    "gnaf_pid": "GAVIC419596971",
    "tech_change_status": "Not Planned"
   }
  },
  {
   "type": "Feature",
   "geometry": {
    "type": "Point",
    "coordinates": [
     145.452761,
     -37.92805
    ]
   },
   "properties": {
    "name": "28 OLD GEMBROOK ROAD EMERALD 3782",
    "locID": "LOC000052433921",
    "tech": "FTTN",
    "upgrade": "NULL_NA",
    "gnaf_pid": "GAVIC419596972",
    "tech_change_status": "Not Planned"
   }
  },
  {
   "type": "Feature",
   "geometry": {
    "type": "Point",
    "coordinates": [
     145.4381675,
     -37.93677133
    ]
   },
   "properties": {
    "name": "12 UPTON ROAD EMERALD 3782",
    "locID": "LOC000104436543",
    "tech": "FTTN",
    "upgrade": "NULL_NA",
    "gnaf_pid": "GAVIC419597046",
    "tech_change_status": "Not Planned"
   }
  },
  {
   "type": "Feature",
   "geometry": {
    "type": "Point",
    "coordinates": [
     145.445042,
     -37.903462
    ]
   },
   "properties": {
    "name": "116 EMERALD-MONBULK ROAD EMERALD 3782",
    "locID": "LOC000057322006",
    "tech": "FTTN",
    "upgrade": "NULL_NA",
    "gnaf_pid": "GAVIC419597232",
    "tech_change_status": "Not Planned"
   }
  },
  {
   "type": "Feature",
   "geometry": {
    "type": "Point",
    "coordinates": [
     145.44446908,
     -37.90030111
    ]
   },
   "properties": {
    "name": "129 EMERALD-MONBULK ROAD EMERALD 3782",
    "locID": "LOC000039010435",
    "tech": "FTTN",
    "upgrade": "NULL_NA",
    "gnaf_pid": "GAVIC419597233",
    "tech_change_status": "Not Planned"
   }
  },
  {
   "type": "Feature",
   "geometry": {
    "type": "Point",
    "coordinates": [
     145.44440805,
     -37.89928508
    ]
   },
   "properties": {
    "name": "137 EMERALD-MONBULK ROAD EMERALD 3782",
    "locID": "LOC000017009532",
    "tech": "FTTN",
    "upgrade": "NULL_NA",
    "gnaf_pid": "GAVIC419597234",
    "tech_change_status": "Not Planned"
   }
  },
  {
   "type": "Feature",
   "geometry": {
    "type": "Point",
    "coordinates": [
     145.444476,
     -37.89848
    ]
   },
   "properties": {
    "name": "144 EMERALD-MONBULK ROAD EMERALD 3782",
    "locID": "LOC000125530684",
    "tech": "FTTN",
    "upgrade": "NULL_NA",
    "gnaf_pid": "GAVIC419597235",
    "tech_change_status": "Not Planned"
   }
  },
  {
   "type": "Feature",
   "geometry": {
    "type": "Point",
    "coordinates": [
     145.443593,
     -37.898261
    ]
   },
   "properties": {
    "name": "145 EMERALD-MONBULK ROAD EMERALD 3782",
    "locID": "LOC000031105350",
    "tech": "FTTN",
    "upgrade": "NULL_NA",
    "gnaf_pid": "GAVIC419597236",
    "tech_change_status": "Not Planned"
   }
  },
  {
   "type": "Feature",
   "geometry": {
    "type": "Point",
    "coordinates": [
     145.44293541,
     -37.89771959
    ]
   },
   "properties": {
    "name": "151 EMERALD-MONBULK ROAD EMERALD 3782",
    "locID": "LOC000009430912",
    "tech": "FTTN",
    "upgrade": "NULL_NA",
    "gnaf_pid": "GAVIC419597237",
    "tech_change_status": "Not Planned"
   }
  },
  {
   "type": "Feature",
   "geometry": {
    "type": "Point",
    "coordinates": [
     145.44279931,
     -37.89757291
    ]
   },
   "properties": {
    "name": "153 EMERALD-MONBULK ROAD EMERALD 3782",
    "locID": "LOC000093181015",
    "tech": "FTTN",
    "upgrade": "NULL_NA",
    "gnaf_pid": "GAVIC419597238",
    "tech_change_status": "Not Planned"
   }
  },
  {
   "type": "Feature",
   "geometry": {
    "type": "Point",
    "coordinates": [
     145.44244953,
     -37.89681603
    ]
   },
   "properties": {
    "name": "158 EMERALD-MONBULK ROAD EMERALD 3782",
    "locID": "LOC000042327593",
    "tech": "FTTN",
    "upgrade": "NULL_NA",
    "gnaf_pid": "GAVIC419597239",
    "tech_change_status": "Not Planned"
   }
  },
  {
   "type": "Feature",
   "geometry": {
    "type": "Point",
    "coordinates": [
     145.44165064,
     -37.89619345
    ]
   },
   "properties": {
    "name": "168 EMERALD-MONBULK ROAD EMERALD 3782",
    "locID": "LOC000006092643",
    "tech": "FTTN",
    "upgrade": "NULL_NA",
    "gnaf_pid": "GAVIC419597240",
    "tech_change_status": "Not Planned"
   }
  },
  {
   "type": "Feature",
   "geometry": {
    "type": "Point",
    "coordinates": [
     145.4679233,
     -37.91820526
    ]
   },
   "properties": {
    "name": "14 FAIRWAY ROAD EMERALD 3782",
    "locID": "LOC000070458350",
    "tech": "FTTN",
    "upgrade": "FTTP_NA",
    "gnaf_pid": "GAVIC419597970",
    "tech_change_status": "Committed",
    "program_type": "On-Demand N2P SDU/MDU Simple",
    "target_eligibility_quarter": "Jun 2025"
   }
  },
  {
   "type": "Feature",
   "geometry": {
    "type": "Point",
    "coordinates": [
     145.46832508,
     -37.91613799
    ]
   },
   "properties": {
    "name": "34 FAIRWAY ROAD EMERALD 3782",
    "locID": "LOC000015279766",
    "tech": "FTTN",
    "upgrade": "FTTP_NA",
    "gnaf_pid": "GAVIC419597971",
    "tech_change_status": "Committed",
    "program_type": "On-Demand N2P SDU/MDU Simple",
    "target_eligibility_quarter": "Jun 2025"
   }
  },
  {
   "type": "Feature",
   "geometry": {
    "type": "Point",
    "coordinates": [
     145.4404606,
     -37.92970451
    ]
   },
   "properties": {
    "name": "21-25 FERRES ROAD EMERALD 3782",
    "locID": "LOC000125530915",
    "tech": "FTTN",
    "upgrade": "FTTP_NA",
    "gnaf_pid": "GAVIC419597976",
    "tech_change_status": "Committed",
    "program_type": "On-Demand N2P SDU/MDU Simple",
    "target_eligibility_quarter": "Jun 2025"
   }
  },
  {
   "type": "Feature",
   "geometry": {
    "type": "Point",
    "coordinates": [
     145.44040788,
     -37.92802043
    ]
   },
   "properties": {
    "name": "33 FERRES ROAD EMERALD 3782",
    "locID": "LOC000061849622",
    "tech": "FTTN",
    "upgrade": "FTTP_NA",
    "gnaf_pid": "GAVIC419597977",
    "tech_change_status": "Committed",
    "program_type": "On-Demand N2P SDU/MDU Simple",
    "target_eligibility_quarter": "Jun 2025"
   }
  },
  {
   "type": "Feature",
   "geometry": {
    "type": "Point",
    "coordinates": [
     145.45074714,
     -37.90640145
    ]
   },
   "properties": {
    "name": "71 STEWART ROAD EMERALD 3782",
    "locID": "LOC000092880508",
    "tech": "WIRELESS",
    "upgrade": "NULL_NA",
    "gnaf_pid": "GAVIC419597979",
    "tech_change_status": "Not Planned",
    "program_type": "Fixed Wireless and Satellite Upgrade Program",
    "target_eligibility_quarter": "Mar 2025"
   }
  },
  {
   "type": "Feature",
   "geometry": {
    "type": "Point",
    "coordinates": [
     145.4537825,
     -37.90670985
    ]
   },
   "properties": {
    "name": "110 STEWART ROAD EMERALD 3782",
    "locID": "LOC000042088528",
    "tech": "WIRELESS",
    "upgrade": "NULL_NA",
    "gnaf_pid": "GAVIC419597980",
    "tech_change_status": "Not Planned",
    "program_type": "Fixed Wireless and Satellite Upgrade Program",
    "target_eligibility_quarter": "Mar 2025"
   }
  },
  {
   "type": "Feature",
   "geometry": {
    "type": "Point",
    "coordinates": [
     145.447689,
     -37.913329
    ]
   },
   "properties": {
    "name": "3 GLENVISTA AVENUE EMERALD 3782",
    "locID": "LOC000063565840",
    "tech": "FTTN",
    "upgrade": "NULL_NA",
    "gnaf_pid": "GAVIC419598951",
    "tech_change_status": "Not Planned"
   }
  },
  {
   "type": "Feature",
   "geometry": {
    "type": "Point",
    "coordinates": [
     145.447029,
     -37.913347
    ]
   },
   "properties": {
    "name": "7 GLENVISTA AVENUE EMERALD 3782",
    "locID": "LOC000025026619",
    "tech": "FTTN",
    "upgrade": "NULL_NA",
    "gnaf_pid": "GAVIC419598952",
    "tech_change_status": "Not Planned"
   }
  },
  {
   "type": "Feature",
   "geometry": {
    "type": "Point",
    "coordinates": [
     145.445777,
     -37.913376
    ]
   },
   "properties": {
    "name": "13 GLENVISTA AVENUE EMERALD 3782",
    "locID": "LOC000012651317",
    "tech": "FTTN",
    "upgrade": "NULL_NA",
    "gnaf_pid": "GAVIC419599792",
    "tech_change_status": "Not Planned"
   }
  },
  {
   "type": "Feature",
   "geometry": {
    "type": "Point",
    "coordinates": [
     145.44781152,
     -37.91034885
    ]
   },
   "properties": {
    "name": "1 GRANDVIEW AVENUE EMERALD 3782",
    "locID": "LOC000094364338",
    "tech": "FTTN",
    "upgrade": "NULL_NA",
    "gnaf_pid": "GAVIC419599793",
    "tech_change_status": "Not Planned"
   }
  },
  {
   "type": "Feature",
   "geometry": {
    "type": "Point",
    "coordinates": [
     145.447025,
     -37.910328
    ]
   },
   "properties": {
    "name": "4 GRANDVIEW AVENUE EMERALD 3782",
    "locID": "LOC000100142135",
    "tech": "FTTN",
    "upgrade": "NULL_NA",
    "gnaf_pid": "GAVIC419599795",
    "tech_change_status": "Not Planned"
   }
  },
  {
   "type": "Feature",
   "geometry": {
    "type": "Point",
    "coordinates": [
     145.445972,
     -37.909521
    ]
   },
   "properties": {
    "name": "7 GRANDVIEW AVENUE EMERALD 3782",
    "locID": "LOC000075823422",
    "tech": "FTTN",
    "upgrade": "NULL_NA",
    "gnaf_pid": "GAVIC419599796",
    "tech_change_status": "Not Planned"
   }
  },
  {
   "type": "Feature",
   "geometry": {
    "type": "Point",
    "coordinates": [
     145.441156,
     -37.931808
    ]
   },
   "properties": {
    "name": "315-317 BELGRAVE-GEMBROOK ROAD EMERALD 3782",
    "locID": "LOC000005152178",
    "tech": "FTTN",
    "upgrade": "FTTP_NA",
    "gnaf_pid": "GAVIC419599928",
    "tech_change_status": "Committed",
    "program_type": "On-Demand N2P SDU/MDU Simple",
    "target_eligibility_quarter": "Jun 2025"
   }
  },
  {
   "type": "Feature",
   "geometry": {
    "type": "Point",
    "coordinates": [
     145.441811,
     -37.931528
    ]
   },
   "properties": {
    "name": "327 BELGRAVE-GEMBROOK ROAD EMERALD 3782",
    "locID": "LOC000028909990",
    "tech": "FTTN",
    "upgrade": "FTTP_NA",
    "gnaf_pid": "GAVIC419599929",
    "tech_change_status": "Committed",
    "program_type": "On-Demand N2P SDU/MDU Simple",
    "target_eligibility_quarter": "Jun 2025"
   }
  },
  {
   "type": "Feature",
   "geometry": {
    "type": "Point",
    "coordinates": [
     145.443843,
     -37.930122
    ]
   },
   "properties": {
    "name": "345 BELGRAVE-GEMBROOK ROAD EMERALD 3782",
    "locID": "LOC000045849084",
    "tech": "FTTN",
    "upgrade": "FTTP_NA",
    "gnaf_pid": "GAVIC419599930",
    "tech_change_status": "Committed",
    "program_type": "On-Demand N2P SDU/MDU Simple",
    "target_eligibility_quarter": "Dec 2025"
   }
  },
  {
   "type": "Feature",
   "geometry": {
    "type": "Point",
    "coordinates": [
     145.456961,
     -37.925834
    ]
   },
   "properties": {
    "name": "416 BELGRAVE-GEMBROOK ROAD EMERALD 3782",
    "locID": "LOC000012741369",
    "tech": "FTTN",
    "upgrade": "NULL_NA",
    "gnaf_pid": "GAVIC419599932",
    "tech_change_status": "Not Planned"
   }
  },
  {
   "type": "Feature",
   "geometry": {
    "type": "Point",
    "coordinates": [
     145.438383,
     -37.931122
    ]
   },
   "properties": {
    "name": "21 BERRYS ROAD EMERALD 3782",
    "locID": "LOC000085350619",
    "tech": "FTTN",
    "upgrade": "FTTP_NA",
    "gnaf_pid": "GAVIC419600662",
    "tech_change_status": "Committed",
    "program_type": "On-Demand N2P SDU/MDU Simple",
    "target_eligibility_quarter": "Jun 2025"
   }
  },
  {
   "type": "Feature",
   "geometry": {
    "type": "Point",
    "coordinates": [
     145.437541,
     -37.931147
    ]
   },
   "properties": {
    "name": "25 BERRYS ROAD EMERALD 3782",
    "locID": "LOC000023553228",
    "tech": "FTTN",
    "upgrade": "FTTP_NA",
    "gnaf_pid": "GAVIC419600663",
    "tech_change_status": "Committed",
    "program_type": "On-Demand N2P SDU/MDU Simple",
    "target_eligibility_quarter": "Jun 2025"
   }
  },
  {
   "type": "Feature",
   "geometry": {
    "type": "Point",
    "coordinates": [
     145.437225,
     -37.93318
    ]
   },
   "properties": {
    "name": "4 WESTLANDS ROAD EMERALD 3782",
    "locID": "LOC000006050080",
    "tech": "FTTN",
    "upgrade": "FTTP_NA",
    "gnaf_pid": "GAVIC419600766",
    "tech_change_status": "Committed",
    "program_type": "On-Demand N2P SDU/MDU Simple",
    "target_eligibility_quarter": "Jun 2025"
   }
  },
  {
   "type": "Feature",
   "geometry": {
    "type": "Point",
    "coordinates": [
     145.43980079,
     -37.93554878
    ]
   },
   "properties": {
    "name": "18 KILVINGTON DRIVE EMERALD 3782",
    "locID": "LOC000082173770",
    "tech": "FTTN",
    "upgrade": "NULL_NA",
    "gnaf_pid": "GAVIC419601480",
    "tech_change_status": "Not Planned"
   }
  },
  {
   "type": "Feature",
   "geometry": {
    "type": "Point",
    "coordinates": [
     145.44366,
     -37.931769
    ]
   },
   "properties": {
    "name": "15 KINGS ROAD EMERALD 3782",
    "locID": "LOC000025251065",
    "tech": "FTTN",
    "upgrade": "FTTP_NA",
    "gnaf_pid": "GAVIC419601482",
    "tech_change_status": "Committed",
    "program_type": "On-Demand N2P SDU/MDU Simple",
    "target_eligibility_quarter": "Jun 2025"
   }
  },
  {
   "type": "Feature",
   "geometry": {
    "type": "Point",
    "coordinates": [
     145.44515513,
     -37.93049732
    ]
   },
   "properties": {
    "name": "35 KINGS ROAD EMERALD 3782",
    "locID": "LOC000190754202",
    "tech": "FTTN",
    "upgrade": "FTTP_NA",
    "gnaf_pid": "GAVIC419601483",
    "tech_change_status": "Committed",
    "program_type": "On-Demand N2P SDU/MDU Simple",
    "target_eligibility_quarter": "Jun 2025"
   }
  },
  {
   "type": "Feature",
   "geometry": {
    "type": "Point",
    "coordinates": [
     145.449466,
     -37.920274
    ]
   },
   "properties": {
    "name": "4 LAKESIDE DRIVE EMERALD 3782",
    "locID": "LOC000107847534",
    "tech": "FTTN",
    "upgrade": "NULL_NA",
    "gnaf_pid": "GAVIC419601485",
    "tech_change_status": "Not Planned"
   }
  },
  {
   "type": "Feature",
   "geometry": {
    "type": "Point",
    "coordinates": [
     145.45044211,
     -37.91973581
    ]
   },
   "properties": {
    "name": "10 LAKESIDE DRIVE EMERALD 3782",
    "locID": "LOC000003970394",
    "tech": "FTTN",
    "upgrade": "NULL_NA",
    "gnaf_pid": "GAVIC419601486",
    "tech_change_status": "Not Planned"
   }
  },
  {
   "type": "Feature",
   "geometry": {
    "type": "Point",
    "coordinates": [
     145.453319,
     -37.917756
    ]
   },
   "properties": {
    "name": "30 LAKESIDE DRIVE EMERALD 3782",
    "locID": "LOC000036081597",
    "tech": "FTTN",
    "upgrade": "NULL_NA",
    "gnaf_pid": "GAVIC419601487",
    "tech_change_status": "Not Planned"
   }
  },
  {
   "type": "Feature",
   "geometry": {
    "type": "Point",
    "coordinates": [
     145.45703848,
     -37.91810994
    ]
   },
   "properties": {
    "name": "62 LAKESIDE DRIVE EMERALD 3782",
    "locID": "LOC000069739876",
    "tech": "FTTN",
    "upgrade": "NULL_NA",
    "gnaf_pid": "GAVIC419601488",
    "tech_change_status": "Not Planned"
   }
  },
  {
   "type": "Feature",
   "geometry": {
    "type": "Point",
    "coordinates": [
     145.46091152,
     -37.92587231
    ]
   },
   "properties": {
    "name": "7 LAKEVIEW COURT EMERALD 3782",
    "locID": "LOC000103454433",
    "tech": "FTTN",
    "upgrade": "FTTP",
    "gnaf_pid": "GAVIC419601489",
    "tech_change_status": "Eligible to Order"
   }
  },
  {
   "type": "Feature",
   "geometry": {
    "type": "Point",
    "coordinates": [
     145.442914,
     -37.922386
    ]
   },
   "properties": {
    "name": "9 ORCHARD GROVE EMERALD 3782",
    "locID": "LOC000062352991",
    "tech": "FTTN",
    "upgrade": "FTTP_NA",
    "gnaf_pid": "GAVIC419601601",
    "tech_change_status": "Committed",
    "program_type": "On-Demand N2P SDU/MDU Simple",
    "target_eligibility_quarter": "Jun 2025"
   }
  },
  {
   "type": "Feature",
   "geometry": {
    "type": "Point",
    "coordinates": [
     145.433572,
     -37.93424
    ]
   },
   "properties": {
    "name": "27 WESTLANDS ROAD EMERALD 3782",
    "locID": "LOC000004339950",
    "tech": "FTTN",
    "upgrade": "FTTP_NA",
    "gnaf_pid": "GAVIC419601641",
    "tech_change_status": "Committed",
    "program_type": "On-Demand N2P SDU/MDU Simple",
    "target_eligibility_quarter": "Jun 2025"
   }
  },
  {
   "type": "Feature",
   "geometry": {
    "type": "Point",
    "coordinates": [
     145.433317,
     -37.93393
    ]
   },
   "properties": {
    "name": "28 WESTLANDS ROAD EMERALD 3782",
    "locID": "LOC000031722511",
    "tech": "FTTN",
    "upgrade": "FTTP_NA",
    "gnaf_pid": "GAVIC419601642",
    "tech_change_status": "Committed",
    "program_type": "On-Demand N2P SDU/MDU Simple",
    "target_eligibility_quarter": "Jun 2025"
   }
  },
  {
   "type": "Feature",
   "geometry": {
    "type": "Point",
    "coordinates": [
     145.433432,
     -37.934409
    ]
   },
   "properties": {
    "name": "29 WESTLANDS ROAD EMERALD 3782",
    "locID": "LOC000052473227",
    "tech": "FTTN",
    "upgrade": "FTTP_NA",
    "gnaf_pid": "GAVIC419601643",
    "tech_change_status": "Committed",
    "program_type": "On-Demand N2P SDU/MDU Simple",
    "target_eligibility_quarter": "Jun 2025"
   }
  },
  {
   "type": "Feature",
   "geometry": {
    "type": "Point",
    "coordinates": [
     145.46652373,
     -37.92094789
    ]
   },
   "properties": {
    "name": "1 MACCLESFIELD ROAD EMERALD 3782",
    "locID": "LOC000084497678",
    "tech": "FTTN",
    "upgrade": "FTTP_NA",
    "gnaf_pid": "GAVIC419602471",
    "tech_change_status": "Committed",
    "program_type": "On-Demand N2P SDU/MDU Simple",
    "target_eligibility_quarter": "Jun 2025"
   }
  },
  {
   "type": "Feature",
   "geometry": {
    "type": "Point",
    "coordinates": [
     145.46901528,
     -37.91909899
    ]
   },
   "properties": {
    "name": "19 MACCLESFIELD ROAD EMERALD 3782",
    "locID": "LOC000067932009",
    "tech": "FTTN",
    "upgrade": "FTTP_NA",
    "gnaf_pid": "GAVIC419602474",
    "tech_change_status": "Committed",
    "program_type": "On-Demand N2P SDU/MDU Simple",
    "target_eligibility_quarter": "Jun 2025"
   }
  },
  {
   "type": "Feature",
   "geometry": {
    "type": "Point",
    "coordinates": [
     145.45887753,
     -37.92476225
    ]
   },
   "properties": {
    "name": "424 BELGRAVE-GEMBROOK ROAD EMERALD 3782",
    "locID": "LOC000102192972",
    "tech": "FTTN",
    "upgrade": "NULL_NA",
    "gnaf_pid": "GAVIC419602600",
    "tech_change_status": "Not Planned"
   }
  },
  {
   "type": "Feature",
   "geometry": {
    "type": "Point",
    "coordinates": [
     145.4636818,
     -37.92351282
    ]
   },
   "properties": {
    "name": "436A BELGRAVE-GEMBROOK ROAD EMERALD 3782",
    "locID": "LOC000125475239",
    "tech": "FTTN",
    "upgrade": "NULL_NA",
    "gnaf_pid": "GAVIC419602601",
    "tech_change_status": "Not Planned"
   }
  },
  {
   "type": "Feature",
   "geometry": {
    "type": "Point",
    "coordinates": [
     145.46535403,
     -37.93182862
    ]
   },
   "properties": {
    "name": "7 WOMBAT CRESCENT EMERALD 3782",
    "locID": "LOC000096490675",
    "tech": "FTTN",
    "upgrade": "FTTP_NA",
    "gnaf_pid": "GAVIC419602609",
    "tech_change_status": "Committed",
    "program_type": "On-Demand N2P SDU/MDU Simple",
    "target_eligibility_quarter": "Jun 2025"
   }
  },
  {
   "type": "Feature",
   "geometry": {
    "type": "Point",
    "coordinates": [
     145.46400216,
     -37.93052384
    ]
   },
   "properties": {
    "name": "19 BELLBIRD CRESCENT EMERALD 3782",
    "locID": "LOC000031977770",
    "tech": "FTTN",
    "upgrade": "FTTP_NA",
    "gnaf_pid": "GAVIC419602610",
    "tech_change_status": "Committed",
    "program_type": "On-Demand N2P SDU/MDU Simple",
    "target_eligibility_quarter": "Jun 2025"
   }
  },
  {
   "type": "Feature",
   "geometry": {
    "type": "Point",
    "coordinates": [
     145.46333486,
     -37.92977941
    ]
   },
   "properties": {
    "name": "27 BELLBIRD CRESCENT EMERALD 3782",
    "locID": "LOC000107808014",
    "tech": "FTTN",
    "upgrade": "FTTP_NA",
    "gnaf_pid": "GAVIC419602611",
    "tech_change_status": "Committed",
    "program_type": "On-Demand N2P SDU/MDU Simple",
    "target_eligibility_quarter": "Jun 2025"
   }
  },
  {
   "type": "Feature",
   "geometry": {
    "type": "Point",
    "coordinates": [
     145.46720933,
     -37.92827638
    ]
   },
   "properties": {
    "name": "38 BELLBIRD CRESCENT EMERALD 3782",
    "locID": "LOC000020975129",
    "tech": "FTTN",
    "upgrade": "FTTP_NA",
    "gnaf_pid": "GAVIC419602612",
    "tech_change_status": "Committed",
    "program_type": "On-Demand N2P SDU/MDU Simple",
    "target_eligibility_quarter": "Jun 2025"
   }
  },
  {
   "type": "Feature",
   "geometry": {
    "type": "Point",
    "coordinates": [
     145.434597,
     -37.932081
    ]
   },
   "properties": {
    "name": "10 CHURCH STREET EMERALD 3782",
    "locID": "LOC000056960416",
    "tech": "FTTN",
    "upgrade": "FTTP_NA",
    "gnaf_pid": "GAVIC419602779",
    "tech_change_status": "Committed",
    "program_type": "On-Demand N2P SDU/MDU Simple",
    "target_eligibility_quarter": "Jun 2025"
   }
  },
  {
   "type": "Feature",
   "geometry": {
    "type": "Point",
    "coordinates": [
     145.446376,
     -37.911401
    ]
   },
   "properties": {
    "name": "11 SUNNYSIDE TERRACE EMERALD 3782",
    "locID": "LOC000013860669",
    "tech": "FTTN",
    "upgrade": "NULL_NA",
    "gnaf_pid": "GAVIC419603316",
    "tech_change_status": "Not Planned"
   }
  },
  {
   "type": "Feature",
   "geometry": {
    "type": "Point",
    "coordinates": [
     145.4451176,
     -37.90816761
    ]
   },
   "properties": {
    "name": "26 SUNNYSIDE TERRACE EMERALD 3782",
    "locID": "LOC000019335326",
    "tech": "FTTN",
    "upgrade": "NULL_NA",
    "gnaf_pid": "GAVIC419603317",
    "tech_change_status": "Not Planned"
   }
  },
  {
   "type": "Feature",
   "geometry": {
    "type": "Point",
    "coordinates": [
     145.447906,
     -37.9083551
    ]
   },
   "properties": {
    "name": "34 SUNNYSIDE TERRACE EMERALD 3782",
    "locID": "LOC000103329318",
    "tech": "FTTN",
    "upgrade": "NULL_NA",
    "gnaf_pid": "GAVIC419603318",
    "tech_change_status": "Not Planned"
   }
  },
  {
   "type": "Feature",
   "geometry": {
    "type": "Point",
    "coordinates": [
     145.45361388,
     -37.91174564
    ]
   },
   "properties": {
    "name": "30 SYCAMORE AVENUE EMERALD 3782",
    "locID": "LOC000038781030",
    "tech": "FTTN",
    "upgrade": "NULL_NA",
    "gnaf_pid": "GAVIC419603321",
    "tech_change_status": "Not Planned"
   }
  },
  {
   "type": "Feature",
   "geometry": {
    "type": "Point",
    "coordinates": [
     145.45570001,
     -37.91492682
    ]
   },
   "properties": {
    "name": "11 SYCAMORE AVENUE EMERALD 3782",
    "locID": "LOC000105907910",
    "tech": "FTTN",
    "upgrade": "NULL_NA",
    "gnaf_pid": "GAVIC419603322",
    "tech_change_status": "Not Planned"
   }
  },
  {
   "type": "Feature",
   "geometry": {
    "type": "Point",
    "coordinates": [
     145.45527304,
     -37.91554907
    ]
   },
   "properties": {
    "name": "12 SYCAMORE AVENUE EMERALD 3782",
    "locID": "LOC000079113195",
    "tech": "FTTN",
    "upgrade": "NULL_NA",
    "gnaf_pid": "GAVIC419603323",
    "tech_change_status": "Not Planned"
   }
  },
  {
   "type": "Feature",
   "geometry": {
    "type": "Point",
    "coordinates": [
     145.45530024,
     -37.91515958
    ]
   },
   "properties": {
    "name": "14-16 SYCAMORE AVENUE EMERALD 3782",
    "locID": "LOC000125530650",
    "tech": "FTTN",
    "upgrade": "NULL_NA",
    "gnaf_pid": "GAVIC419603324",
    "tech_change_status": "Not Planned"
   }
  },
  {
   "type": "Feature",
   "geometry": {
    "type": "Point",
    "coordinates": [
     145.45429276,
     -37.91290887
    ]
   },
   "properties": {
    "name": "24 SYCAMORE AVENUE EMERALD 3782",
    "locID": "LOC000030970128",
    "tech": "FTTN",
    "upgrade": "NULL_NA",
    "gnaf_pid": "GAVIC419603325",
    "tech_change_status": "Not Planned"
   }
  },
  {
   "type": "Feature",
   "geometry": {
    "type": "Point",
    "coordinates": [
     145.43523703,
     -37.92725088
    ]
   },
   "properties": {
    "name": "20 PINNOCKS ROAD EMERALD 3782",
    "locID": "LOC000065662868",
    "tech": "FTTN",
    "upgrade": "FTTP_NA",
    "gnaf_pid": "GAVIC419603333",
    "tech_change_status": "Committed",
    "program_type": "On-Demand N2P SDU/MDU Simple",
    "target_eligibility_quarter": "Jun 2025"
   }
  },
  {
   "type": "Feature",
   "geometry": {
    "type": "Point",
    "coordinates": [
     145.43197138,
     -37.92554003
    ]
   },
   "properties": {
    "name": "24 PINNOCKS ROAD EMERALD 3782",
    "locID": "LOC000070446544",
    "tech": "FTTN",
    "upgrade": "FTTP_NA",
    "gnaf_pid": "GAVIC419603334",
    "tech_change_status": "Committed",
    "program_type": "On-Demand N2P SDU/MDU Simple",
    "target_eligibility_quarter": "Dec 2025"
   }
  },
  {
   "type": "Feature",
   "geometry": {
    "type": "Point",
    "coordinates": [
     145.433408,
     -37.926442
    ]
   },
   "properties": {
    "name": "28 PINNOCKS ROAD EMERALD 3782",
    "locID": "LOC000044595208",
    "tech": "FTTN",
    "upgrade": "FTTP_NA",
    "gnaf_pid": "GAVIC419603335",
    "tech_change_status": "Committed",
    "program_type": "On-Demand N2P SDU/MDU Simple",
    "target_eligibility_quarter": "Dec 2025"
   }
  },
  {
   "type": "Feature",
   "geometry": {
    "type": "Point",
    "coordinates": [
     145.432757,
     -37.926028
    ]
   },
   "properties": {
    "name": "32 PINNOCKS ROAD EMERALD 3782",
    "locID": "LOC000061605274",
    "tech": "FTTN",
    "upgrade": "FTTP_NA",
    "gnaf_pid": "GAVIC419603336",
    "tech_change_status": "Committed",
    "program_type": "On-Demand N2P SDU/MDU Simple",
    "target_eligibility_quarter": "Dec 2025"
   }
  },
  {
   "type": "Feature",
   "geometry": {
    "type": "Point",
    "coordinates": [
     145.45382152,
     -37.91666081
    ]
   },
   "properties": {
    "name": "9 POPLAR CRESCENT EMERALD 3782",
    "locID": "LOC000083224537",
    "tech": "FTTN",
    "upgrade": "NULL_NA",
    "gnaf_pid": "GAVIC419603339",
    "tech_change_status": "Not Planned"
   }
  },
  {
   "type": "Feature",
   "geometry": {
    "type": "Point",
    "coordinates": [
     145.452823,
     -37.912622
    ]
   },
   "properties": {
    "name": "28 POPLAR CRESCENT EMERALD 3782",
    "locID": "LOC000077232627",
    "tech": "FTTN",
    "upgrade": "NULL_NA",
    "gnaf_pid": "GAVIC419603340",
    "tech_change_status": "Not Planned"
   }
  },
  {
   "type": "Feature",
   "geometry": {
    "type": "Point",
    "coordinates": [
     145.46917062,
     -37.918743
    ]
   },
   "properties": {
    "name": "23 MACCLESFIELD ROAD EMERALD 3782",
    "locID": "LOC000085487110",
    "tech": "FTTN",
    "upgrade": "FTTP_NA",
    "gnaf_pid": "GAVIC419603348",
    "tech_change_status": "Committed",
    "program_type": "On-Demand N2P SDU/MDU Simple",
    "target_eligibility_quarter": "Jun 2025"
   }
  },
  {
   "type": "Feature",
   "geometry": {
    "type": "Point",
    "coordinates": [
     145.46983063,
     -37.916932
    ]
   },
   "properties": {
    "name": "41 MACCLESFIELD ROAD EMERALD 3782",
    "locID": "LOC000068443228",
    "tech": "FTTN",
    "upgrade": "FTTP_NA",
    "gnaf_pid": "GAVIC419603349",
    "tech_change_status": "Committed",
    "program_type": "On-Demand N2P SDU/MDU Simple",
    "target_eligibility_quarter": "Jun 2025"
   }
  },
  {
   "type": "Feature",
   "geometry": {
    "type": "Point",
    "coordinates": [
     145.444199,
     -37.897593
    ]
   },
   "properties": {
    "name": "7 HOLMAN ROAD EMERALD 3782",
    "locID": "LOC000041434657",
    "tech": "FTTN",
    "upgrade": "NULL_NA",
    "gnaf_pid": "GAVIC419603362",
    "tech_change_status": "Not Planned"
   }
  },
  {
   "type": "Feature",
   "geometry": {
    "type": "Point",
    "coordinates": [
     145.444641,
     -37.897653
    ]
   },
   "properties": {
    "name": "11 HOLMAN ROAD EMERALD 3782",
    "locID": "LOC000012098101",
    "tech": "FTTN",
    "upgrade": "NULL_NA",
    "gnaf_pid": "GAVIC419603363",
    "tech_change_status": "Not Planned"
   }
  },
  {
   "type": "Feature",
   "geometry": {
    "type": "Point",
    "coordinates": [
     145.445684,
     -37.897793
    ]
   },
   "properties": {
    "name": "15 HOLMAN ROAD EMERALD 3782",
    "locID": "LOC000092867918",
    "tech": "FTTN",
    "upgrade": "NULL_NA",
    "gnaf_pid": "GAVIC419603364",
    "tech_change_status": "Not Planned"
   }
  },
  {
   "type": "Feature",
   "geometry": {
    "type": "Point",
    "coordinates": [
     145.44229509,
     -37.92088208
    ]
   },
   "properties": {
    "name": "1 SYDNEY AVENUE EMERALD 3782",
    "locID": "LOC000047401066",
    "tech": "FTTN",
    "upgrade": "NULL_NA",
    "gnaf_pid": "GAVIC419603670",
    "tech_change_status": "Not Planned"
   }
  },
  {
   "type": "Feature",
   "geometry": {
    "type": "Point",
    "coordinates": [
     145.439372,
     -37.919879
    ]
   },
   "properties": {
    "name": "13 SYDNEY AVENUE EMERALD 3782",
    "locID": "LOC000092514912",
    "tech": "FTTN",
    "upgrade": "NULL_NA",
    "gnaf_pid": "GAVIC419603671",
    "tech_change_status": "Not Planned"
   }
  },
  {
   "type": "Feature",
   "geometry": {
    "type": "Point",
    "coordinates": [
     145.43780765,
     -37.9199405
    ]
   },
   "properties": {
    "name": "21 SYDNEY AVENUE EMERALD 3782",
    "locID": "LOC000067122979",
    "tech": "FTTN",
    "upgrade": "NULL_NA",
    "gnaf_pid": "GAVIC419603672",
    "tech_change_status": "Not Planned"
   }
  },
  {
   "type": "Feature",
   "geometry": {
    "type": "Point",
    "coordinates": [
     145.43784908,
     -37.91966039
    ]
   },
   "properties": {
    "name": "24 SYDNEY AVENUE EMERALD 3782",
    "locID": "LOC000073133909",
    "tech": "FTTN",
    "upgrade": "NULL_NA",
    "gnaf_pid": "GAVIC419603673",
    "tech_change_status": "Not Planned"
   }
  },
  {
   "type": "Feature",
   "geometry": {
    "type": "Point",
    "coordinates": [
     145.43846387,
     -37.93513945
    ]
   },
   "properties": {
    "name": "7 BENSON STREET EMERALD 3782",
    "locID": "LOC000013668017",
    "tech": "FTTN",
    "upgrade": "NULL_NA",
    "gnaf_pid": "GAVIC419603695",
    "tech_change_status": "Not Planned"
   }
  },
  {
   "type": "Feature",
   "geometry": {
    "type": "Point",
    "coordinates": [
     145.440273,
     -37.931084
    ]
   },
   "properties": {
    "name": "3 BERRYS ROAD EMERALD 3782",
    "locID": "LOC000091261347",
    "tech": "FTTN",
    "upgrade": "FTTP_NA",
    "gnaf_pid": "GAVIC419603697",
    "tech_change_status": "Committed",
    "program_type": "On-Demand N2P SDU/MDU Simple",
    "target_eligibility_quarter": "Jun 2025"
   }
  },
  {
   "type": "Feature",
   "geometry": {
    "type": "Point",
    "coordinates": [
     145.439995,
     -37.930765
    ]
   },
   "properties": {
    "name": "6 BERRYS ROAD EMERALD 3782",
    "locID": "LOC000065580091",
    "tech": "FTTN",
    "upgrade": "FTTP_NA",
    "gnaf_pid": "GAVIC419603698",
    "tech_change_status": "Committed",
    "program_type": "On-Demand N2P SDU/MDU Simple",
    "target_eligibility_quarter": "Jun 2025"
   }
  },
  {
   "type": "Feature",
   "geometry": {
    "type": "Point",
    "coordinates": [
     145.439635,
     -37.931094
    ]
   },
   "properties": {
    "name": "9 BERRYS ROAD EMERALD 3782",
    "locID": "LOC000037572848",
    "tech": "FTTN",
    "upgrade": "FTTP_NA",
    "gnaf_pid": "GAVIC419603699",
    "tech_change_status": "Committed",
    "program_type": "On-Demand N2P SDU/MDU Simple",
    "target_eligibility_quarter": "Jun 2025"
   }
  },
  {
   "type": "Feature",
   "geometry": {
    "type": "Point",
    "coordinates": [
     145.439312,
     -37.930783
    ]
   },
   "properties": {
    "name": "12 BERRYS ROAD EMERALD 3782",
    "locID": "LOC000016904032",
    "tech": "FTTN",
    "upgrade": "FTTP_NA",
    "gnaf_pid": "GAVIC419603700",
    "tech_change_status": "Committed",
    "program_type": "On-Demand N2P SDU/MDU Simple",
    "target_eligibility_quarter": "Jun 2025"
   }
  },
  {
   "type": "Feature",
   "geometry": {
    "type": "Point",
    "coordinates": [
     145.43772652,
     -37.92125658
    ]
   },
   "properties": {
    "name": "8 PRINCE STREET EMERALD 3782",
    "locID": "LOC000048895562",
    "tech": "FTTN",
    "upgrade": "NULL_NA",
    "gnaf_pid": "GAVIC419604215",
    "tech_change_status": "Not Planned"
   }
  },
  {
   "type": "Feature",
   "geometry": {
    "type": "Point",
    "coordinates": [
     145.447284,
     -37.930979
    ]
   },
   "properties": {
    "name": "12 PRINCESS AVENUE EMERALD 3782",
    "locID": "LOC000094401206",
    "tech": "FTTN",
    "upgrade": "FTTP_NA",
    "gnaf_pid": "GAVIC419604216",
    "tech_change_status": "Committed",
    "program_type": "On-Demand N2P SDU/MDU Simple",
    "target_eligibility_quarter": "Dec 2025"
   }
  },
  {
   "type": "Feature",
   "geometry": {
    "type": "Point",
    "coordinates": [
     145.46712146,
     -37.93001465
    ]
   },
   "properties": {
    "name": "7 WATTLE COURT EMERALD 3782",
    "locID": "LOC000098593018",
    "tech": "FTTN",
    "upgrade": "FTTP_NA",
    "gnaf_pid": "GAVIC419604286",
    "tech_change_status": "Committed",
    "program_type": "On-Demand N2P SDU/MDU Simple",
    "target_eligibility_quarter": "Jun 2025"
   }
  },
  {
   "type": "Feature",
   "geometry": {
    "type": "Point",
    "coordinates": [
     145.43486222,
     -37.93600447
    ]
   },
   "properties": {
    "name": "15 BOUNDARY ROAD WEST EMERALD 3782",
    "locID": "LOC000071801384",
    "tech": "FTTN",
    "upgrade": "FTTP_NA",
    "gnaf_pid": "GAVIC419605221",
    "tech_change_status": "Committed",
    "program_type": "On-Demand N2P SDU/MDU Simple",
    "target_eligibility_quarter": "Jun 2025"
   }
  },
  {
   "type": "Feature",
   "geometry": {
    "type": "Point",
    "coordinates": [
     145.43513498,
     -37.93600024
    ]
   },
   "properties": {
    "name": "17 BOUNDARY ROAD WEST EMERALD 3782",
    "locID": "LOC000034621919",
    "tech": "FTTN",
    "upgrade": "FTTP_NA",
    "gnaf_pid": "GAVIC419605222",
    "tech_change_status": "Committed",
    "program_type": "On-Demand N2P SDU/MDU Simple",
    "target_eligibility_quarter": "Jun 2025"
   }
  },
  {
   "type": "Feature",
   "geometry": {
    "type": "Point",
    "coordinates": [
     145.45164422,
     -37.92556557
    ]
   },
   "properties": {
    "name": "6 MARY STREET EMERALD 3782",
    "locID": "LOC000008856739",
    "tech": "FTTN",
    "upgrade": "NULL_NA",
    "gnaf_pid": "GAVIC419605239",
    "tech_change_status": "Not Planned"
   }
  },
  {
   "type": "Feature",
   "geometry": {
    "type": "Point",
    "coordinates": [
     145.45249558,
     -37.92566012
    ]
   },
   "properties": {
    "name": "7 MARY STREET EMERALD 3782",
    "locID": "LOC000021149955",
    "tech": "FTTN",
    "upgrade": "NULL_NA",
    "gnaf_pid": "GAVIC419605240",
    "tech_change_status": "Not Planned"
   }
  },
  {
   "type": "Feature",
   "geometry": {
    "type": "Point",
    "coordinates": [
     145.43847287,
     -37.93422526
    ]
   },
   "properties": {
    "name": "20 MEMORIAL AVENUE EMERALD 3782",
    "locID": "LOC000060193128",
    "tech": "FTTN",
    "upgrade": "FTTP_NA",
    "gnaf_pid": "GAVIC419605246",
    "tech_change_status": "Committed",
    "program_type": "On-Demand N2P SDU/MDU Simple",
    "target_eligibility_quarter": "Jun 2025"
   }
  },
  {
   "type": "Feature",
   "geometry": {
    "type": "Point",
    "coordinates": [
     145.438473,
     -37.934404
    ]
   },
   "properties": {
    "name": "22 MEMORIAL AVENUE EMERALD 3782",
    "locID": "LOC000072802759",
    "tech": "FTTN",
    "upgrade": "FTTP_NA",
    "gnaf_pid": "GAVIC419605247",
    "tech_change_status": "Committed",
    "program_type": "On-Demand N2P SDU/MDU Simple",
    "target_eligibility_quarter": "Jun 2025"
   }
  },
  {
   "type": "Feature",
   "geometry": {
    "type": "Point",
    "coordinates": [
     145.43848,
     -37.934593
    ]
   },
   "properties": {
    "name": "24 MEMORIAL AVENUE EMERALD 3782",
    "locID": "LOC000105936170",
    "tech": "FTTN",
    "upgrade": "NULL_NA",
    "gnaf_pid": "GAVIC419605248",
    "tech_change_status": "Not Planned"
   }
  },
  {
   "type": "Feature",
   "geometry": {
    "type": "Point",
    "coordinates": [
     145.438488,
     -37.934774
    ]
   },
   "properties": {
    "name": "26 MEMORIAL AVENUE EMERALD 3782",
    "locID": "LOC000003695611",
    "tech": "FTTN",
    "upgrade": "NULL_NA",
    "gnaf_pid": "GAVIC419605249",
    "tech_change_status": "Not Planned"
   }
  },
  {
   "type": "Feature",
   "geometry": {
    "type": "Point",
    "coordinates": [
     145.449742,
     -37.917448
    ]
   },
   "properties": {
    "name": "2 CHARMAN AVENUE EMERALD 3782",
    "locID": "LOC000027630775",
    "tech": "FTTN",
    "upgrade": "NULL_NA",
    "gnaf_pid": "GAVIC419606294",
    "tech_change_status": "Not Planned"
   }
  },
  {
   "type": "Feature",
   "geometry": {
    "type": "Point",
    "coordinates": [
     145.44536193,
     -37.91860808
    ]
   },
   "properties": {
    "name": "21 CHARMAN AVENUE EMERALD 3782",
    "locID": "LOC000071916162",
    "tech": "FTTN",
    "upgrade": "NULL_NA",
    "gnaf_pid": "GAVIC419606295",
    "tech_change_status": "Not Planned"
   }
  },
  {
   "type": "Feature",
   "geometry": {
    "type": "Point",
    "coordinates": [
     145.443778,
     -37.919748
    ]
   },
   "properties": {
    "name": "31 CHARMAN AVENUE EMERALD 3782",
    "locID": "LOC000002820951",
    "tech": "FTTN",
    "upgrade": "NULL_NA",
    "gnaf_pid": "GAVIC419606296",
    "tech_change_status": "Not Planned"
   }
  },
  {
   "type": "Feature",
   "geometry": {
    "type": "Point",
    "coordinates": [
     145.443489,
     -37.919952
    ]
   },
   "properties": {
    "name": "33 CHARMAN AVENUE EMERALD 3782",
    "locID": "LOC000083140294",
    "tech": "FTTN",
    "upgrade": "NULL_NA",
    "gnaf_pid": "GAVIC419606297",
    "tech_change_status": "Not Planned"
   }
  },
  {
   "type": "Feature",
   "geometry": {
    "type": "Point",
    "coordinates": [
     145.46924813,
     -37.91686777
    ]
   },
   "properties": {
    "name": "4 CHRISTIANS AVENUE EMERALD 3782",
    "locID": "LOC000037715738",
    "tech": "FTTN",
    "upgrade": "FTTP_NA",
    "gnaf_pid": "GAVIC419606300",
    "tech_change_status": "Committed",
    "program_type": "On-Demand N2P SDU/MDU Simple",
    "target_eligibility_quarter": "Jun 2025"
   }
  },
  {
   "type": "Feature",
   "geometry": {
    "type": "Point",
    "coordinates": [
     145.446608,
     -37.929591
    ]
   },
   "properties": {
    "name": "6 EMERALD LAKE ROAD EMERALD 3782",
    "locID": "LOC000068334983",
    "tech": "FTTN",
    "upgrade": "FTTP_NA",
    "gnaf_pid": "GAVIC419606336",
    "tech_change_status": "Committed",
    "program_type": "On-Demand N2P SDU/MDU Simple",
    "target_eligibility_quarter": "Jun 2025"
   }
  },
  {
   "type": "Feature",
   "geometry": {
    "type": "Point",
    "coordinates": [
     145.446961,
     -37.929578
    ]
   },
   "properties": {
    "name": "8 EMERALD LAKE ROAD EMERALD 3782",
    "locID": "LOC000068113379",
    "tech": "FTTN",
    "upgrade": "FTTP_NA",
    "gnaf_pid": "GAVIC419606337",
    "tech_change_status": "Committed",
    "program_type": "On-Demand N2P SDU/MDU Simple",
    "target_eligibility_quarter": "Jun 2025"
   }
  },
  {
   "type": "Feature",
   "geometry": {
    "type": "Point",
    "coordinates": [
     145.4507,
     -37.929248
    ]
   },
   "properties": {
    "name": "11 EMERALD LAKE ROAD EMERALD 3782",
    "locID": "LOC000030292929",
    "tech": "FTTN",
    "upgrade": "FTTP_NA",
    "gnaf_pid": "GAVIC419606338",
    "tech_change_status": "Committed",
    "program_type": "On-Demand N2P SDU/MDU Simple",
    "target_eligibility_quarter": "Jun 2025"
   }
  },
  {
   "type": "Feature",
   "geometry": {
    "type": "Point",
    "coordinates": [
     145.45367434,
     -37.92999844
    ]
   },
   "properties": {
    "name": "31 EMERALD LAKE ROAD EMERALD 3782",
    "locID": "LOC000034765467",
    "tech": "FTTN",
    "upgrade": "NULL_NA",
    "gnaf_pid": "GAVIC419606339",
    "tech_change_status": "Not Planned"
   }
  },
  {
   "type": "Feature",
   "geometry": {
    "type": "Point",
    "coordinates": [
     145.442931,
     -37.92537
    ]
   },
   "properties": {
    "name": "22 EMERALD-MONBULK ROAD EMERALD 3782",
    "locID": "LOC000029319906",
    "tech": "FTTN",
    "upgrade": "FTTP_NA",
    "gnaf_pid": "GAVIC419606341",
    "tech_change_status": "Committed",
    "program_type": "On-Demand N2P SDU/MDU Simple",
    "target_eligibility_quarter": "Jun 2025"
   }
  },
  {
   "type": "Feature",
   "geometry": {
    "type": "Point",
    "coordinates": [
     145.44258528,
     -37.92394333
    ]
   },
   "properties": {
    "name": "29 EMERALD-MONBULK ROAD EMERALD 3782",
    "locID": "LOC000030975991",
    "tech": "FTTN",
    "upgrade": "FTTP_NA",
    "gnaf_pid": "GAVIC419606342",
    "tech_change_status": "Committed",
    "program_type": "On-Demand N2P SDU/MDU Simple",
    "target_eligibility_quarter": "Jun 2025"
   }
  },
  {
   "type": "Feature",
   "geometry": {
    "type": "Point",
    "coordinates": [
     145.448062,
     -37.920499
    ]
   },
   "properties": {
    "name": "46 EMERALD-MONBULK ROAD EMERALD 3782",
    "locID": "LOC000018577115",
    "tech": "FTTN",
    "upgrade": "NULL_NA",
    "gnaf_pid": "GAVIC419606343",
    "tech_change_status": "Not Planned"
   }
  },
  {
   "type": "Feature",
   "geometry": {
    "type": "Point",
    "coordinates": [
     145.44575773,
     -37.92186756
    ]
   },
   "properties": {
    "name": "47 EMERALD-MONBULK ROAD EMERALD 3782",
    "locID": "LOC000092719420",
    "tech": "FTTN",
    "upgrade": "NULL_NA",
    "gnaf_pid": "GAVIC419606344",
    "tech_change_status": "Not Planned"
   }
  },
  {
   "type": "Feature",
   "geometry": {
    "type": "Point",
    "coordinates": [
     145.449216,
     -37.918648
    ]
   },
   "properties": {
    "name": "63 EMERALD-MONBULK ROAD EMERALD 3782",
    "locID": "LOC000054271729",
    "tech": "FTTN",
    "upgrade": "NULL_NA",
    "gnaf_pid": "GAVIC419606345",
    "tech_change_status": "Not Planned"
   }
  },
  {
   "type": "Feature",
   "geometry": {
    "type": "Point",
    "coordinates": [
     145.450111,
     -37.918255
    ]
   },
   "properties": {
    "name": "64 EMERALD-MONBULK ROAD EMERALD 3782",
    "locID": "LOC100056893841",
    "tech": "FTTN",
    "upgrade": "NULL_NA",
    "gnaf_pid": "GAVIC419606346",
    "tech_change_status": "Not Planned"
   }
  },
  {
   "type": "Feature",
   "geometry": {
    "type": "Point",
    "coordinates": [
     145.44391841,
     -37.90436175
    ]
   },
   "properties": {
    "name": "99 EMERALD-MONBULK ROAD EMERALD 3782",
    "locID": "LOC000031138422",
    "tech": "FTTN",
    "upgrade": "NULL_NA",
    "gnaf_pid": "GAVIC419606348",
    "tech_change_status": "Not Planned"
   }
  },
  {
   "type": "Feature",
   "geometry": {
    "type": "Point",
    "coordinates": [
     145.44433759,
     -37.91394584
    ]
   },
   "properties": {
    "name": "104 EMERALD-MONBULK ROAD EMERALD 3782",
    "locID": "LOC000077033492",
    "tech": "FTTN",
    "upgrade": "NULL_NA",
    "gnaf_pid": "GAVIC419606349",
    "tech_change_status": "Not Planned"
   }
  },
  {
   "type": "Feature",
   "geometry": {
    "type": "Point",
    "coordinates": [
     145.44472475,
     -37.90392684
    ]
   },
   "properties": {
    "name": "112 EMERALD-MONBULK ROAD EMERALD 3782",
    "locID": "LOC000036546978",
    "tech": "FTTN",
    "upgrade": "NULL_NA",
    "gnaf_pid": "GAVIC419606351",
    "tech_change_status": "Not Planned"
   }
  },
  {
   "type": "Feature",
   "geometry": {
    "type": "Point",
    "coordinates": [
     145.43008199,
     -37.92450546
    ]
   },
   "properties": {
    "name": "5 TELOPEA ROAD EMERALD 3782",
    "locID": "LOC000031013038",
    "tech": "FTTN",
    "upgrade": "NULL_NA",
    "gnaf_pid": "GAVIC419614552",
    "tech_change_status": "Not Planned"
   }
  },
  {
   "type": "Feature",
   "geometry": {
    "type": "Point",
    "coordinates": [
     145.43701179,
     -37.92849376
    ]
   },
   "properties": {
    "name": "12B WALNUT AVENUE EMERALD 3782",
    "locID": "LOC000060351046",
    "tech": "FTTN",
    "upgrade": "FTTP_NA",
    "gnaf_pid": "GAVIC419615394",
    "tech_change_status": "Committed",
    "program_type": "On-Demand N2P SDU/MDU Simple",
    "target_eligibility_quarter": "Dec 2025"
   }
  },
  {
   "type": "Feature",
   "geometry": {
    "type": "Point",
    "coordinates": [
     145.45674129,
     -37.93328682
    ]
   },
   "properties": {
    "name": "4 WILLIAM STREET EMERALD 3782",
    "locID": "LOC000034381720",
    "tech": "FTTN",
    "upgrade": "FTTP_NA",
    "gnaf_pid": "GAVIC419621212",
    "tech_change_status": "In Design",
    "program_type": "On-Demand N2P SDU/MDU Simple",
    "target_eligibility_quarter": "Dec 2025"
   }
  },
  {
   "type": "Feature",
   "geometry": {
    "type": "Point",
    "coordinates": [
     145.4536943,
     -37.93715553
    ]
   },
   "properties": {
    "name": "2-4 STATION AVENUE EMERALD 3782",
    "locID": "LOC000125530841",
    "tech": "FTTN",
    "upgrade": "FTTP_NA",
    "gnaf_pid": "GAVIC419621214",
    "tech_change_status": "In Design",
    "program_type": "On-Demand N2P SDU/MDU Simple",
    "target_eligibility_quarter": "Dec 2025"
   }
  },
  {
   "type": "Feature",
   "geometry": {
    "type": "Point",
    "coordinates": [
     145.44654207,
     -37.9151927
    ]
   },
   "properties": {
    "name": "77 EMERALD-MONBULK ROAD EMERALD 3782",
    "locID": "LOC000004327147",
    "tech": "FTTN",
    "upgrade": "NULL_NA",
    "gnaf_pid": "GAVIC419661794",
    "tech_change_status": "Not Planned"
   }
  },
  {
   "type": "Feature",
   "geometry": {
    "type": "Point",
    "coordinates": [
     145.44863517,
     -37.9384123
    ]
   },
   "properties": {
    "name": "36 HAMILTON ROAD EMERALD 3782",
    "locID": "LOC000067945873",
    "tech": "FTTN",
    "upgrade": "FTTP_NA",
    "gnaf_pid": "GAVIC419692438",
    "tech_change_status": "In Design",
    "program_type": "On-Demand N2P SDU/MDU Simple",
    "target_eligibility_quarter": "Dec 2025"
   }
  },
  {
   "type": "Feature",
   "geometry": {
    "type": "Point",
    "coordinates": [
     145.43294316,
     -37.93079591
    ]
   },
   "properties": {
    "name": "259 BELGRAVE-GEMBROOK ROAD EMERALD 3782",
    "locID": "LOC000023496950",
    "tech": "FTTN",
    "upgrade": "FTTP_NA",
    "gnaf_pid": "GAVIC419695062",
    "tech_change_status": "Committed",
    "program_type": "On-Demand N2P SDU/MDU Simple",
    "target_eligibility_quarter": "Dec 2025"
   }
  },
  {
   "type": "Feature",
   "geometry": {
    "type": "Point",
    "coordinates": [
     145.44119268,
     -37.94285473
    ]
   },
   "properties": {
    "name": "59 KILVINGTON DRIVE EMERALD 3782",
    "locID": "LOC000033386330",
    "tech": "FTTN",
    "upgrade": "NULL_NA",
    "gnaf_pid": "GAVIC419706852",
    "tech_change_status": "Not Planned"
   }
  },
  {
   "type": "Feature",
   "geometry": {
    "type": "Point",
    "coordinates": [
     145.46805762,
     -37.95105172
    ]
   },
   "properties": {
    "name": "15 LADD ROAD EMERALD 3782",
    "locID": "LOC000050074834",
    "tech": "FTTN",
    "upgrade": "FTTP_SA",
    "gnaf_pid": "GAVIC419707880",
    "tech_change_status": "Eligible to Order",
    "program_type": "On-Demand N2P SDU/MDU Simple",
    "target_eligibility_quarter": "NA"
   }
  },
  {
   "type": "Feature",
   "geometry": {
    "type": "Point",
    "coordinates": [
     145.46874105,
     -37.95193636
    ]
   },
   "properties": {
    "name": "9 LADD ROAD EMERALD 3782",
    "locID": "LOC000097069174",
    "tech": "FTTP",
    "upgrade": "FTTP_NA",
    "gnaf_pid": "GAVIC419707881",
    "tech_change_status": "Previous Tech Disconnected",
    "program_type": "On-Demand N2P SDU/MDU Simple",
    "target_eligibility_quarter": "NA"
   }
  },
  {
   "type": "Feature",
   "geometry": {
    "type": "Point",
    "coordinates": [
     145.446406,
     -37.910867
    ]
   },
   "properties": {
    "name": "15 SUNNYSIDE TERRACE EMERALD 3782",
    "locID": "LOC000020170915",
    "tech": "FTTN",
    "upgrade": "NULL_NA",
    "gnaf_pid": "GAVIC419708378",
    "tech_change_status": "Not Planned"
   }
  },
  {
   "type": "Feature",
   "geometry": {
    "type": "Point",
    "coordinates": [
     145.43865226,
     -37.9308019
    ]
   },
   "properties": {
    "name": "16 BERRYS ROAD EMERALD 3782",
    "locID": "LOC000044373965",
    "tech": "FTTN",
    "upgrade": "FTTP_NA",
    "gnaf_pid": "GAVIC419708381",
    "tech_change_status": "Committed",
    "program_type": "On-Demand N2P SDU/MDU Simple",
    "target_eligibility_quarter": "Jun 2025"
   }
  },
  {
   "type": "Feature",
   "geometry": {
    "type": "Point",
    "coordinates": [
     145.4425322,
     -37.91602402
    ]
   },
   "properties": {
    "name": "43 MEADOWVIEW LANE EMERALD 3782",
    "locID": "LOC000046387001",
    "tech": "FTTN",
    "upgrade": "NULL_NA",
    "gnaf_pid": "GAVIC419708382",
    "tech_change_status": "Not Planned"
   }
  },
  {
   "type": "Feature",
   "geometry": {
    "type": "Point",
    "coordinates": [
     145.45533865,
     -37.91847952
    ]
   },
   "properties": {
    "name": "21 LAKESIDE DRIVE EMERALD 3782",
    "locID": "LOC000082041795",
    "tech": "FTTN",
    "upgrade": "NULL_NA",
    "gnaf_pid": "GAVIC419708383",
    "tech_change_status": "Not Planned"
   }
  },
  {
   "type": "Feature",
   "geometry": {
    "type": "Point",
    "coordinates": [
     145.45626325,
     -37.9162065
    ]
   },
   "properties": {
    "name": "48 LAKESIDE DRIVE EMERALD 3782",
    "locID": "LOC000029386674",
    "tech": "SATELLITE",
    "upgrade": "NULL_NA",
    "gnaf_pid": "GAVIC419708385",
    "tech_change_status": "Not Planned"
   }
  },
  {
   "type": "Feature",
   "geometry": {
    "type": "Point",
    "coordinates": [
     145.44266598,
     -37.92470216
    ]
   },
   "properties": {
    "name": "UNIT 2, 25 EMERALD-MONBULK ROAD EMERALD 3782",
    "locID": "LOC000081017155",
    "tech": "FTTN",
    "upgrade": "FTTP_NA",
    "gnaf_pid": "GAVIC419708389",
    "tech_change_status": "Committed",
    "program_type": "Customer-initiated N2P MDU Complex",
    "target_eligibility_quarter": "Jun 2025"
   }
  },
  {
   "type": "Feature",
   "geometry": {
    "type": "Point",
    "coordinates": [
     145.43788073,
     -37.93593791
    ]
   },
   "properties": {
    "name": "29 BOUNDARY ROAD EAST EMERALD 3782",
    "locID": "LOC000002938642",
    "tech": "FTTN",
    "upgrade": "NULL_NA",
    "gnaf_pid": "GAVIC419710807",
    "tech_change_status": "Not Planned"
   }
  },
  {
   "type": "Feature",
   "geometry": {
    "type": "Point",
    "coordinates": [
     145.44764461,
     -37.91512924
    ]
   },
   "properties": {
    "name": "88 EMERALD-MONBULK ROAD EMERALD 3782",
    "locID": "LOC000095219297",
    "tech": "FTTN",
    "upgrade": "NULL_NA",
    "gnaf_pid": "GAVIC419711013",
    "tech_change_status": "Not Planned"
   }
  },
  {
   "type": "Feature",
   "geometry": {
    "type": "Point",
    "coordinates": [
     145.4420048,
     -37.92167658
    ]
   },
   "properties": {
    "name": "9 PRINCE STREET EMERALD 3782",
    "locID": "LOC000055030851",
    "tech": "FTTN",
    "upgrade": "NULL_NA",
    "gnaf_pid": "GAVIC419711967",
    "tech_change_status": "Not Planned"
   }
  },
  {
   "type": "Feature",
   "geometry": {
    "type": "Point",
    "coordinates": [
     145.46873163,
     -37.91364314
    ]
   },
   "properties": {
    "name": "54 FAIRWAY ROAD EMERALD 3782",
    "locID": "LOC000069213000",
    "tech": "FTTN",
    "upgrade": "FTTP_NA",
    "gnaf_pid": "GAVIC419713891",
    "tech_change_status": "Committed",
    "program_type": "On-Demand N2P SDU/MDU Simple",
    "target_eligibility_quarter": "Jun 2025"
   }
  },
  {
   "type": "Feature",
   "geometry": {
    "type": "Point",
    "coordinates": [
     145.453263,
     -37.929885
    ]
   },
   "properties": {
    "name": "28 DURBAN ROAD EMERALD 3782",
    "locID": "LOC000072807127",
    "tech": "FTTN",
    "upgrade": "NULL_NA",
    "gnaf_pid": "GAVIC419713926",
    "tech_change_status": "Not Planned"
   }
  },
  {
   "type": "Feature",
   "geometry": {
    "type": "Point",
    "coordinates": [
     145.46904686,
     -37.94480133
    ]
   },
   "properties": {
    "name": "2 PATERNOSTER ROAD EMERALD 3782",
    "locID": "LOC000034178868",
    "tech": "FTTN",
    "upgrade": "FTTP_NA",
    "gnaf_pid": "GAVIC419723535",
    "tech_change_status": "Committed",
    "program_type": "On-Demand N2P SDU/MDU Simple",
    "target_eligibility_quarter": "Dec 2025"
   }
  },
  {
   "type": "Feature",
   "geometry": {
    "type": "Point",
    "coordinates": [
     145.42788436,
     -37.92216549
    ]
   },
   "properties": {
    "name": "22 EDENMONT ROAD EMERALD 3782",
    "locID": "LOC000013887261",
    "tech": "FTTN",
    "upgrade": "NULL_NA",
    "gnaf_pid": "GAVIC419724549",
    "tech_change_status": "Not Planned"
   }
  },
  {
   "type": "Feature",
   "geometry": {
    "type": "Point",
    "coordinates": [
     145.45051514,
     -37.93559896
    ]
   },
   "properties": {
    "name": "36 BEACONSFIELD-EMERALD ROAD EMERALD 3782",
    "locID": "LOC000016214623",
    "tech": "FTTN",
    "upgrade": "FTTP_NA",
    "gnaf_pid": "GAVIC419728454",
    "tech_change_status": "In Design",
    "program_type": "On-Demand N2P SDU/MDU Simple",
    "target_eligibility_quarter": "Dec 2025"
   }
  },
  {
   "type": "Feature",
   "geometry": {
    "type": "Point",
    "coordinates": [
     145.444767,
     -37.930945
    ]
   },
   "properties": {
    "name": "UNIT 5, 27-31 KINGS ROAD EMERALD 3782",
    "locID": "LOC000026982695",
    "tech": "FTTN",
    "upgrade": "FTTP_NA",
    "gnaf_pid": "GAVIC419733443",
    "tech_change_status": "Committed",
    "program_type": "Customer-initiated N2P MDU Complex",
    "target_eligibility_quarter": "Jun 2025"
   }
  },
  {
   "type": "Feature",
   "geometry": {
    "type": "Point",
    "coordinates": [
     145.44096059,
     -37.93314657
    ]
   },
   "properties": {
    "name": "SHOP 8, 5-7 KILVINGTON DRIVE EMERALD 3782",
    "locID": "LOC000019283937",
    "tech": "FTTN",
    "upgrade": "FTTP_NA",
    "gnaf_pid": "GAVIC419733446",
    "tech_change_status": "Committed",
    "program_type": "Customer-initiated N2P MDU Complex",
    "target_eligibility_quarter": "Jun 2025"
   }
  },
  {
   "type": "Feature",
   "geometry": {
    "type": "Point",
    "coordinates": [
     145.440377,
     -37.932355
    ]
   },
   "properties": {
    "name": "344 BELGRAVE-GEMBROOK ROAD EMERALD 3782",
    "locID": "LOC000065509525",
    "tech": "FTTN",
    "upgrade": "FTTP_NA",
    "gnaf_pid": "GAVIC419733654",
    "tech_change_status": "Committed",
    "program_type": "Customer-initiated N2P MDU Complex",
    "target_eligibility_quarter": "Jun 2025"
   }
  },
  {
   "type": "Feature",
   "geometry": {
    "type": "Point",
    "coordinates": [
     145.44049,
     -37.932528
    ]
   },
   "properties": {
    "name": "SHOP 6, 344 BELGRAVE-GEMBROOK ROAD EMERALD 3782",
    "locID": "LOC000125522200",
    "tech": "FTTN",
    "upgrade": "FTTP_NA",
    "gnaf_pid": "GAVIC419733655",
    "tech_change_status": "Committed",
    "program_type": "Customer-initiated N2P MDU Complex",
    "target_eligibility_quarter": "Jun 2025"
   }
  },
  {
   "type": "Feature",
   "geometry": {
    "type": "Point",
    "coordinates": [
     145.43655278,
     -37.93438199
    ]
   },
   "properties": {
    "name": "UNIT 22, 11 WESTLANDS ROAD EMERALD 3782",
    "locID": "LOC000059966133",
    "tech": "FTTN",
    "upgrade": "FTTP_NA",
    "gnaf_pid": "GAVIC419736100",
    "tech_change_status": "Committed",
    "program_type": "Customer-initiated N2P MDU Complex",
    "target_eligibility_quarter": "Jun 2025"
   }
  },
  {
   "type": "Feature",
   "geometry": {
    "type": "Point",
    "coordinates": [
     145.43645578,
     -37.93384872
    ]
   },
   "properties": {
    "name": "UNIT 6, 11 WESTLANDS ROAD EMERALD 3782",
    "locID": "LOC000060055372",
    "tech": "FTTN",
    "upgrade": "FTTP_NA",
    "gnaf_pid": "GAVIC419740872",
    "tech_change_status": "Committed",
    "program_type": "Customer-initiated N2P MDU Complex",
    "target_eligibility_quarter": "Jun 2025"
   }
  },
  {
   "type": "Feature",
   "geometry": {
    "type": "Point",
    "coordinates": [
     145.43597215,
     -37.93392409
    ]
   },
   "properties": {
    "name": "UNIT 10, 11 WESTLANDS ROAD EMERALD 3782",
    "locID": "LOC000060191778",
    "tech": "FTTN",
    "upgrade": "FTTP_NA",
    "gnaf_pid": "GAVIC419740873",
    "tech_change_status": "Committed",
    "program_type": "Customer-initiated N2P MDU Complex",
    "target_eligibility_quarter": "Jun 2025"
   }
  },
  {
   "type": "Feature",
   "geometry": {
    "type": "Point",
    "coordinates": [
     145.43641147,
     -37.93414872
    ]
   },
   "properties": {
    "name": "UNIT 12, 11 WESTLANDS ROAD EMERALD 3782",
    "locID": "LOC000059898966",
    "tech": "FTTN",
    "upgrade": "FTTP_NA",
    "gnaf_pid": "GAVIC419745403",
    "tech_change_status": "Committed",
    "program_type": "Customer-initiated N2P MDU Complex",
    "target_eligibility_quarter": "Jun 2025"
   }
  },
  {
   "type": "Feature",
   "geometry": {
    "type": "Point",
    "coordinates": [
     145.43618855,
     -37.93416028
    ]
   },
   "properties": {
    "name": "UNIT 14, 11 WESTLANDS ROAD EMERALD 3782",
    "locID": "LOC000060394071",
    "tech": "FTTN",
    "upgrade": "FTTP_NA",
    "gnaf_pid": "GAVIC419745404",
    "tech_change_status": "Committed",
    "program_type": "Customer-initiated N2P MDU Complex",
    "target_eligibility_quarter": "Jun 2025"
   }
  },
  {
   "type": "Feature",
   "geometry": {
    "type": "Point",
    "coordinates": [
     145.43607052,
     -37.93416168
    ]
   },
   "properties": {
    "name": "UNIT 15, 11 WESTLANDS ROAD EMERALD 3782",
    "locID": "LOC000059890394",
    "tech": "FTTN",
    "upgrade": "FTTP_NA",
    "gnaf_pid": "GAVIC419746921",
    "tech_change_status": "Committed",
    "program_type": "Customer-initiated N2P MDU Complex",
    "target_eligibility_quarter": "Jun 2025"
   }
  },
  {
   "type": "Feature",
   "geometry": {
    "type": "Point",
    "coordinates": [
     145.44155641,
     -37.93175065
    ]
   },
   "properties": {
    "name": "323B BELGRAVE-GEMBROOK ROAD EMERALD 3782",
    "locID": "LOC000054978225",
    "tech": "FTTN",
    "upgrade": "FTTP_NA",
    "gnaf_pid": "GAVIC419747983",
    "tech_change_status": "Committed",
    "program_type": "On-Demand N2P SDU/MDU Simple",
    "target_eligibility_quarter": "Jun 2025"
   }
  },
  {
   "type": "Feature",
   "geometry": {
    "type": "Point",
    "coordinates": [
     145.44100454,
     -37.9336359
    ]
   },
   "properties": {
    "name": "13 KILVINGTON DRIVE EMERALD 3782",
    "locID": "LOC000125522228",
    "tech": "FTTN",
    "upgrade": "FTTP_NA",
    "gnaf_pid": "GAVIC419755451",
    "tech_change_status": "Committed",
    "program_type": "Customer-initiated N2P MDU Complex",
    "target_eligibility_quarter": "Jun 2025"
   }
  },
  {
   "type": "Feature",
   "geometry": {
    "type": "Point",
    "coordinates": [
     145.448014,
     -37.910912
    ]
   },
   "properties": {
    "name": "36 NOBELIUS STREET EMERALD 3782",
    "locID": "LOC000090905680",
    "tech": "FTTN",
    "upgrade": "NULL_NA",
    "gnaf_pid": "GAVIC419761630",
    "tech_change_status": "Not Planned"
   }
  },
  {
   "type": "Feature",
   "geometry": {
    "type": "Point",
    "coordinates": [
     145.44168641,
     -37.93906911
    ]
   },
   "properties": {
    "name": "4A OLD BEACONSFIELD ROAD EMERALD 3782",
    "locID": "LOC000100655824",
    "tech": "FTTN",
    "upgrade": "NULL_NA",
    "gnaf_pid": "GAVIC419780961",
    "tech_change_status": "Not Planned"
   }
  },
  {
   "type": "Feature",
   "geometry": {
    "type": "Point",
    "coordinates": [
     145.44153053,
     -37.91919706
    ]
   },
   "properties": {
    "name": "5 CAROLINE CRESCENT EMERALD 3782",
    "locID": "LOC000036862895",
    "tech": "FTTN",
    "upgrade": "NULL_NA",
    "gnaf_pid": "GAVIC419800277",
    "tech_change_status": "Not Planned"
   }
  },
  {
   "type": "Feature",
   "geometry": {
    "type": "Point",
    "coordinates": [
     145.4576035,
     -37.93451846
    ]
   },
   "properties": {
    "name": "14 WILLIAM STREET EMERALD 3782",
    "locID": "LOC000003648935",
    "tech": "FTTN",
    "upgrade": "FTTP_NA",
    "gnaf_pid": "GAVIC419805417",
    "tech_change_status": "In Design",
    "program_type": "On-Demand N2P SDU/MDU Simple",
    "target_eligibility_quarter": "Dec 2025"
   }
  },
  {
   "type": "Feature",
   "geometry": {
    "type": "Point",
    "coordinates": [
     145.44538141,
     -37.927836
    ]
   },
   "properties": {
    "name": "2 EMERALD-MONBULK ROAD EMERALD 3782",
    "locID": "LOC000081017155",
    "tech": "FTTN",
    "upgrade": "FTTP_NA",
    "gnaf_pid": "GAVIC419845360",
    "tech_change_status": "Committed",
    "program_type": "Customer-initiated N2P MDU Complex",
    "target_eligibility_quarter": "Jun 2025"
   }
  },
  {
   "type": "Feature",
   "geometry": {
    "type": "Point",
    "coordinates": [
     145.4371881,
     -37.94081915
    ]
   },
   "properties": {
    "name": "13 STEEL ROAD EMERALD 3782",
    "locID": "LOC000066265603",
    "tech": "FTTN",
    "upgrade": "NULL_NA",
    "gnaf_pid": "GAVIC419872787",
    "tech_change_status": "Not Planned"
   }
  },
  {
   "type": "Feature",
   "geometry": {
    "type": "Point",
    "coordinates": [
     145.47000122,
     -37.93461829
    ]
   },
   "properties": {
    "name": "7 MIMOSA AVENUE EMERALD 3782",
    "locID": "LOC000102512752",
    "tech": "FTTN",
    "upgrade": "NULL_NA",
    "gnaf_pid": "GAVIC419879149",
    "tech_change_status": "Not Planned"
   }
  },
  {
   "type": "Feature",
   "geometry": {
    "type": "Point",
    "coordinates": [
     145.45275734,
     -37.91587012
    ]
   },
   "properties": {
    "name": "9 ELM CRESCENT EMERALD 3782",
    "locID": "LOC000079469110",
    "tech": "FTTN",
    "upgrade": "NULL_NA",
    "gnaf_pid": "GAVIC419879208",
    "tech_change_status": "Not Planned"
   }
  },
  {
   "type": "Feature",
   "geometry": {
    "type": "Point",
    "coordinates": [
     145.45288693,
     -37.91557285
    ]
   },
   "properties": {
    "name": "11 ELM CRESCENT EMERALD 3782",
    "locID": "LOC000079869734",
    "tech": "FTTN",
    "upgrade": "NULL_NA",
    "gnaf_pid": "GAVIC419879209",
    "tech_change_status": "Not Planned"
   }
  },
  {
   "type": "Feature",
   "geometry": {
    "type": "Point",
    "coordinates": [
     145.45754268,
     -37.91921599
    ]
   },
   "properties": {
    "name": "2 MESSMATE COURT EMERALD 3782",
    "locID": "LOC000008614621",
    "tech": "FTTN",
    "upgrade": "NULL_NA",
    "gnaf_pid": "GAVIC419879278",
    "tech_change_status": "Not Planned"
   }
  },
  {
   "type": "Feature",
   "geometry": {
    "type": "Point",
    "coordinates": [
     145.431639,
     -37.938459
    ]
   },
   "properties": {
    "name": "1 BIRCH AVENUE EMERALD 3782",
    "locID": "LOC000069308951",
    "tech": "FTTN",
    "upgrade": "FTTP_NA",
    "gnaf_pid": "GAVIC419880132",
    "tech_change_status": "Committed",
    "program_type": "On-Demand N2P SDU/MDU Simple",
    "target_eligibility_quarter": "Jun 2025"
   }
  },
  {
   "type": "Feature",
   "geometry": {
    "type": "Point",
    "coordinates": [
     145.4355,
     -37.934581
    ]
   },
   "properties": {
    "name": "9 BAYVIEW ROAD EMERALD 3782",
    "locID": "LOC000047356894",
    "tech": "FTTN",
    "upgrade": "FTTP_NA",
    "gnaf_pid": "GAVIC419881141",
    "tech_change_status": "Committed",
    "program_type": "On-Demand N2P SDU/MDU Simple",
    "target_eligibility_quarter": "Jun 2025"
   }
  },
  {
   "type": "Feature",
   "geometry": {
    "type": "Point",
    "coordinates": [
     145.447183,
     -37.931446
    ]
   },
   "properties": {
    "name": "1 CRICHTON ROAD EMERALD 3782",
    "locID": "LOC000036856703",
    "tech": "FTTN",
    "upgrade": "FTTP_NA",
    "gnaf_pid": "GAVIC419881228",
    "tech_change_status": "Committed",
    "program_type": "On-Demand N2P SDU/MDU Simple",
    "target_eligibility_quarter": "Dec 2025"
   }
  },
  {
   "type": "Feature",
   "geometry": {
    "type": "Point",
    "coordinates": [
     145.447479,
     -37.931459
    ]
   },
   "properties": {
    "name": "3 CRICHTON ROAD EMERALD 3782",
    "locID": "LOC000047267770",
    "tech": "FTTN",
    "upgrade": "FTTP_NA",
    "gnaf_pid": "GAVIC419881229",
    "tech_change_status": "Committed",
    "program_type": "On-Demand N2P SDU/MDU Simple",
    "target_eligibility_quarter": "Dec 2025"
   }
  },
  {
   "type": "Feature",
   "geometry": {
    "type": "Point",
    "coordinates": [
     145.44438577,
     -37.91893374
    ]
   },
   "properties": {
    "name": "18 CHARMAN AVENUE EMERALD 3782",
    "locID": "LOC000040842209",
    "tech": "FTTN",
    "upgrade": "NULL_NA",
    "gnaf_pid": "GAVIC419881266",
    "tech_change_status": "Not Planned"
   }
  },
  {
   "type": "Feature",
   "geometry": {
    "type": "Point",
    "coordinates": [
     145.44423636,
     -37.91904787
    ]
   },
   "properties": {
    "name": "20 CHARMAN AVENUE EMERALD 3782",
    "locID": "LOC000039286584",
    "tech": "FTTN",
    "upgrade": "NULL_NA",
    "gnaf_pid": "GAVIC419881267",
    "tech_change_status": "Not Planned"
   }
  },
  {
   "type": "Feature",
   "geometry": {
    "type": "Point",
    "coordinates": [
     145.45274497,
     -37.92587974
    ]
   },
   "properties": {
    "name": "10 MARY STREET EMERALD 3782",
    "locID": "LOC000001995265",
    "tech": "FTTN",
    "upgrade": "NULL_NA",
    "gnaf_pid": "GAVIC419881274",
    "tech_change_status": "Not Planned"
   }
  },
  {
   "type": "Feature",
   "geometry": {
    "type": "Point",
    "coordinates": [
     145.45860034,
     -37.95139655
    ]
   },
   "properties": {
    "name": "18 DEERY ROAD EMERALD 3782",
    "locID": "LOC000023388204",
    "tech": "NULL",
    "upgrade": "NULL_NA",
    "gnaf_pid": "GAVIC419884699",
    "tech_change_status": "Not Planned"
   }
  },
  {
   "type": "Feature",
   "geometry": {
    "type": "Point",
    "coordinates": [
     145.44894672,
     -37.93748952
    ]
   },
   "properties": {
    "name": "29 HAMILTON ROAD EMERALD 3782",
    "locID": "LOC000046699458",
    "tech": "FTTN",
    "upgrade": "FTTP_NA",
    "gnaf_pid": "GAVIC419886315",
    "tech_change_status": "In Design",
    "program_type": "On-Demand N2P SDU/MDU Simple",
    "target_eligibility_quarter": "Dec 2025"
   }
  },
  {
   "type": "Feature",
   "geometry": {
    "type": "Point",
    "coordinates": [
     145.456861,
     -37.935512
    ]
   },
   "properties": {
    "name": "3 AMBROSE STREET EMERALD 3782",
    "locID": "LOC000090528460",
    "tech": "FTTN",
    "upgrade": "FTTP_NA",
    "gnaf_pid": "GAVIC419887984",
    "tech_change_status": "In Design",
    "program_type": "On-Demand N2P SDU/MDU Simple",
    "target_eligibility_quarter": "Dec 2025"
   }
  },
  {
   "type": "Feature",
   "geometry": {
    "type": "Point",
    "coordinates": [
     145.456566,
     -37.935995
    ]
   },
   "properties": {
    "name": "7A AMBROSE STREET EMERALD 3782",
    "locID": "LOC000036922724",
    "tech": "FTTN",
    "upgrade": "FTTP_NA",
    "gnaf_pid": "GAVIC419887985",
    "tech_change_status": "In Design",
    "program_type": "On-Demand N2P SDU/MDU Simple",
    "target_eligibility_quarter": "Dec 2025"
   }
  },
  {
   "type": "Feature",
   "geometry": {
    "type": "Point",
    "coordinates": [
     145.455389,
     -37.937322
    ]
   },
   "properties": {
    "name": "28 AMBROSE STREET EMERALD 3782",
    "locID": "LOC000108160950",
    "tech": "FTTN",
    "upgrade": "FTTP_NA",
    "gnaf_pid": "GAVIC419887987",
    "tech_change_status": "In Design",
    "program_type": "On-Demand N2P SDU/MDU Simple",
    "target_eligibility_quarter": "Dec 2025"
   }
  },
  {
   "type": "Feature",
   "geometry": {
    "type": "Point",
    "coordinates": [
     145.465263,
     -37.93418
    ]
   },
   "properties": {
    "name": "6 AUHL ROAD EMERALD 3782",
    "locID": "LOC000080195025",
    "tech": "FTTN",
    "upgrade": "NULL_NA",
    "gnaf_pid": "GAVIC419887990",
    "tech_change_status": "Not Planned"
   }
  },
  {
   "type": "Feature",
   "geometry": {
    "type": "Point",
    "coordinates": [
     145.46144243,
     -37.93234485
    ]
   },
   "properties": {
    "name": "23 AUHL ROAD EMERALD 3782",
    "locID": "LOC000071860967",
    "tech": "FTTN",
    "upgrade": "NULL_NA",
    "gnaf_pid": "GAVIC419887991",
    "tech_change_status": "Not Planned"
   }
  },
  {
   "type": "Feature",
   "geometry": {
    "type": "Point",
    "coordinates": [
     145.4742107,
     -37.94019224
    ]
   },
   "properties": {
    "name": "2 AZALEA CRESCENT EMERALD 3782",
    "locID": "LOC000061419190",
    "tech": "FTTN",
    "upgrade": "NULL_NA",
    "gnaf_pid": "GAVIC419887992",
    "tech_change_status": "Not Planned"
   }
  },
  {
   "type": "Feature",
   "geometry": {
    "type": "Point",
    "coordinates": [
     145.44965,
     -37.933164
    ]
   },
   "properties": {
    "name": "31 BEACONSFIELD-EMERALD ROAD EMERALD 3782",
    "locID": "LOC000046728994",
    "tech": "FTTN",
    "upgrade": "FTTP_NA",
    "gnaf_pid": "GAVIC419887995",
    "tech_change_status": "Committed",
    "program_type": "On-Demand N2P SDU/MDU Simple",
    "target_eligibility_quarter": "Jun 2025"
   }
  },
  {
   "type": "Feature",
   "geometry": {
    "type": "Point",
    "coordinates": [
     145.46325802,
     -37.9458874
    ]
   },
   "properties": {
    "name": "78 BEACONSFIELD-EMERALD ROAD EMERALD 3782",
    "locID": "LOC000107957857",
    "tech": "FTTP",
    "upgrade": "NULL_NA",
    "gnaf_pid": "GAVIC419887996",
    "program_type": "On-Demand N2P SDU/MDU Simple",
    "target_eligibility_quarter": "NA"
   }
  },
  {
   "type": "Feature",
   "geometry": {
    "type": "Point",
    "coordinates": [
     145.462836,
     -37.945278
    ]
   },
   "properties": {
    "name": "74 BEACONSFIELD-EMERALD ROAD EMERALD 3782",
    "locID": "LOC000043766663",
    "tech": "FTTN",
    "upgrade": "FTTP_NA",
    "gnaf_pid": "GAVIC419887997",
    "tech_change_status": "Committed",
    "program_type": "On-Demand N2P SDU/MDU Simple",
    "target_eligibility_quarter": "Dec 2025"
   }
  },
  {
   "type": "Feature",
   "geometry": {
    "type": "Point",
    "coordinates": [
     145.46728732,
     -37.95646263
    ]
   },
   "properties": {
    "name": "96 BEACONSFIELD-EMERALD ROAD EMERALD 3782",
    "locID": "LOC000073101050",
    "tech": "WIRELESS",
    "upgrade": "NULL_NA",
    "gnaf_pid": "GAVIC419890661",
    "tech_change_status": "Previous Tech Disconnected",
    "program_type": "Fixed Wireless and Satellite Upgrade Program",
    "target_eligibility_quarter": "NA"
   }
  },
  {
   "type": "Feature",
   "geometry": {
    "type": "Point",
    "coordinates": [
     145.457435,
     -37.93688
    ]
   },
   "properties": {
    "name": "13 WILLIAM STREET EMERALD 3782",
    "locID": "LOC000002032462",
    "tech": "FTTN",
    "upgrade": "FTTP_NA",
    "gnaf_pid": "GAVIC419890665",
    "tech_change_status": "In Design",
    "program_type": "On-Demand N2P SDU/MDU Simple",
    "target_eligibility_quarter": "Dec 2025"
   }
  },
  {
   "type": "Feature",
   "geometry": {
    "type": "Point",
    "coordinates": [
     145.457671,
     -37.937568
    ]
   },
   "properties": {
    "name": "21 WILLIAM STREET EMERALD 3782",
    "locID": "LOC000031110777",
    "tech": "FTTN",
    "upgrade": "FTTP_NA",
    "gnaf_pid": "GAVIC419890666",
    "tech_change_status": "In Design",
    "program_type": "On-Demand N2P SDU/MDU Simple",
    "target_eligibility_quarter": "Dec 2025"
   }
  },
  {
   "type": "Feature",
   "geometry": {
    "type": "Point",
    "coordinates": [
     145.453977,
     -37.936835
    ]
   },
   "properties": {
    "name": "6 STATION AVENUE EMERALD 3782",
    "locID": "LOC000060369188",
    "tech": "FTTN",
    "upgrade": "FTTP_NA",
    "gnaf_pid": "GAVIC419890884",
    "tech_change_status": "In Design",
    "program_type": "On-Demand N2P SDU/MDU Simple",
    "target_eligibility_quarter": "Dec 2025"
   }
  },
  {
   "type": "Feature",
   "geometry": {
    "type": "Point",
    "coordinates": [
     145.43880558,
     -37.94077487
    ]
   },
   "properties": {
    "name": "3 STEEL ROAD EMERALD 3782",
    "locID": "LOC000102167244",
    "tech": "FTTN",
    "upgrade": "NULL_NA",
    "gnaf_pid": "GAVIC419890888",
    "tech_change_status": "Not Planned"
   }
  },
  {
   "type": "Feature",
   "geometry": {
    "type": "Point",
    "coordinates": [
     145.43817407,
     -37.94079432
    ]
   },
   "properties": {
    "name": "7 STEEL ROAD EMERALD 3782",
    "locID": "LOC000010271055",
    "tech": "FTTN",
    "upgrade": "NULL_NA",
    "gnaf_pid": "GAVIC419890889",
    "tech_change_status": "Not Planned"
   }
  },
  {
   "type": "Feature",
   "geometry": {
    "type": "Point",
    "coordinates": [
     145.43263924,
     -37.94092259
    ]
   },
   "properties": {
    "name": "33 STEEL ROAD EMERALD 3782",
    "locID": "LOC000033917300",
    "tech": "FTTN",
    "upgrade": "NULL_NA",
    "gnaf_pid": "GAVIC419890891",
    "tech_change_status": "Not Planned"
   }
  },
  {
   "type": "Feature",
   "geometry": {
    "type": "Point",
    "coordinates": [
     145.452129,
     -37.934891
    ]
   },
   "properties": {
    "name": "4 ALBERT ROAD EMERALD 3782",
    "locID": "LOC000125539256",
    "tech": "FTTN",
    "upgrade": "FTTP_NA",
    "gnaf_pid": "GAVIC419892443",
    "tech_change_status": "In Design",
    "program_type": "On-Demand N2P SDU/MDU Simple",
    "target_eligibility_quarter": "Dec 2025"
   }
  },
  {
   "type": "Feature",
   "geometry": {
    "type": "Point",
    "coordinates": [
     145.460049,
     -37.945215
    ]
   },
   "properties": {
    "name": "4 SEAVIEW STREET EMERALD 3782",
    "locID": "LOC000050165384",
    "tech": "FTTN",
    "upgrade": "FTTP_SA",
    "gnaf_pid": "GAVIC419892561",
    "tech_change_status": "Eligible to Order",
    "program_type": "On-Demand N2P SDU/MDU Simple",
    "target_eligibility_quarter": "NA"
   }
  },
  {
   "type": "Feature",
   "geometry": {
    "type": "Point",
    "coordinates": [
     145.4683104,
     -37.943088
    ]
   },
   "properties": {
    "name": "24 ULMER ROAD EMERALD 3782",
    "locID": "LOC000068305862",
    "tech": "FTTN",
    "upgrade": "FTTP_SA",
    "gnaf_pid": "GAVIC419892607",
    "tech_change_status": "Eligible to Order",
    "program_type": "On-Demand N2P SDU/MDU Simple",
    "target_eligibility_quarter": "NA"
   }
  },
  {
   "type": "Feature",
   "geometry": {
    "type": "Point",
    "coordinates": [
     145.43049579,
     -37.93451274
    ]
   },
   "properties": {
    "name": "21 CLEMATIS PARK ROAD EMERALD 3782",
    "locID": "LOC000047665341",
    "tech": "FTTN",
    "upgrade": "FTTP_NA",
    "gnaf_pid": "GAVIC419892675",
    "tech_change_status": "Committed",
    "program_type": "On-Demand N2P SDU/MDU Simple",
    "target_eligibility_quarter": "Jun 2025"
   }
  },
  {
   "type": "Feature",
   "geometry": {
    "type": "Point",
    "coordinates": [
     145.437987,
     -37.93155
    ]
   },
   "properties": {
    "name": "1 COMO STREET EMERALD 3782",
    "locID": "LOC000098179193",
    "tech": "FTTN",
    "upgrade": "FTTP_NA",
    "gnaf_pid": "GAVIC419892680",
    "tech_change_status": "Committed",
    "program_type": "On-Demand N2P SDU/MDU Simple",
    "target_eligibility_quarter": "Jun 2025"
   }
  },
  {
   "type": "Feature",
   "geometry": {
    "type": "Point",
    "coordinates": [
     145.43872014,
     -37.93591732
    ]
   },
   "properties": {
    "name": "35 BOUNDARY ROAD EAST EMERALD 3782",
    "locID": "LOC000089616994",
    "tech": "FTTN",
    "upgrade": "NULL_NA",
    "gnaf_pid": "GAVIC419893031",
    "tech_change_status": "Not Planned"
   }
  },
  {
   "type": "Feature",
   "geometry": {
    "type": "Point",
    "coordinates": [
     145.46367864,
     -37.93141276
    ]
   },
   "properties": {
    "name": "5 BOWER COURT EMERALD 3782",
    "locID": "LOC000063691833",
    "tech": "FTTN",
    "upgrade": "FTTP_NA",
    "gnaf_pid": "GAVIC419893032",
    "tech_change_status": "Committed",
    "program_type": "On-Demand N2P SDU/MDU Simple",
    "target_eligibility_quarter": "Jun 2025"
   }
  },
  {
   "type": "Feature",
   "geometry": {
    "type": "Point",
    "coordinates": [
     145.47001846,
     -37.91658536
    ]
   },
   "properties": {
    "name": "45 MACCLESFIELD ROAD EMERALD 3782",
    "locID": "LOC000086331725",
    "tech": "FTTN",
    "upgrade": "FTTP_NA",
    "gnaf_pid": "GAVIC419893040",
    "tech_change_status": "Committed",
    "program_type": "On-Demand N2P SDU/MDU Simple",
    "target_eligibility_quarter": "Jun 2025"
   }
  },
  {
   "type": "Feature",
   "geometry": {
    "type": "Point",
    "coordinates": [
     145.44357152,
     -37.92424416
    ]
   },
   "properties": {
    "name": "4 DAVEY ROAD EMERALD 3782",
    "locID": "LOC000022865301",
    "tech": "FTTN",
    "upgrade": "FTTP_NA",
    "gnaf_pid": "GAVIC419893599",
    "tech_change_status": "Committed",
    "program_type": "On-Demand N2P SDU/MDU Simple",
    "target_eligibility_quarter": "Jun 2025"
   }
  },
  {
   "type": "Feature",
   "geometry": {
    "type": "Point",
    "coordinates": [
     145.449425,
     -37.918426
    ]
   },
   "properties": {
    "name": "65 EMERALD-MONBULK ROAD EMERALD 3782",
    "locID": "LOC000077721882",
    "tech": "FTTN",
    "upgrade": "NULL_NA",
    "gnaf_pid": "GAVIC419893664",
    "tech_change_status": "Not Planned"
   }
  },
  {
   "type": "Feature",
   "geometry": {
    "type": "Point",
    "coordinates": [
     145.4498059,
     -37.91646466
    ]
   },
   "properties": {
    "name": "72 EMERALD-MONBULK ROAD EMERALD 3782",
    "locID": "LOC000101448135",
    "tech": "FTTN",
    "upgrade": "NULL_NA",
    "gnaf_pid": "GAVIC419893665",
    "tech_change_status": "Not Planned"
   }
  },
  {
   "type": "Feature",
   "geometry": {
    "type": "Point",
    "coordinates": [
     145.44827158,
     -37.9153468
    ]
   },
   "properties": {
    "name": "84 EMERALD-MONBULK ROAD EMERALD 3782",
    "locID": "LOC000030189559",
    "tech": "FTTN",
    "upgrade": "NULL_NA",
    "gnaf_pid": "GAVIC419893666",
    "tech_change_status": "Not Planned"
   }
  },
  {
   "type": "Feature",
   "geometry": {
    "type": "Point",
    "coordinates": [
     145.458509,
     -37.945933
    ]
   },
   "properties": {
    "name": "11 OZONE AVENUE EMERALD 3782",
    "locID": "LOC000049236348",
    "tech": "FTTN",
    "upgrade": "FTTP_SA",
    "gnaf_pid": "GAVIC419893667",
    "tech_change_status": "Eligible to Order",
    "program_type": "On-Demand N2P SDU/MDU Simple",
    "target_eligibility_quarter": "NA"
   }
  },
  {
   "type": "Feature",
   "geometry": {
    "type": "Point",
    "coordinates": [
     145.46550071,
     -37.94733478
    ]
   },
   "properties": {
    "name": "1 PATERNOSTER ROAD EMERALD 3782",
    "locID": "LOC000114226040",
    "tech": "FTTN",
    "upgrade": "FTTP",
    "gnaf_pid": "GAVIC419893672",
    "tech_change_status": "Eligible to Order",
    "program_type": "On-Demand N2P SDU/MDU Simple",
    "target_eligibility_quarter": "NA"
   }
  },
  {
   "type": "Feature",
   "geometry": {
    "type": "Point",
    "coordinates": [
     145.44567868,
     -37.90142824
    ]
   },
   "properties": {
    "name": "1 BUTTERFIELD ROAD EMERALD 3782",
    "locID": "LOC000031916817",
    "tech": "FTTN",
    "upgrade": "NULL_NA",
    "gnaf_pid": "GAVIC419893790",
    "tech_change_status": "Not Planned"
   }
  },
  {
   "type": "Feature",
   "geometry": {
    "type": "Point",
    "coordinates": [
     145.45393868,
     -37.91204377
    ]
   },
   "properties": {
    "name": "28 SYCAMORE AVENUE EMERALD 3782",
    "locID": "LOC000072982068",
    "tech": "FTTN",
    "upgrade": "NULL_NA",
    "gnaf_pid": "GAVIC419894197",
    "tech_change_status": "Not Planned"
   }
  },
  {
   "type": "Feature",
   "geometry": {
    "type": "Point",
    "coordinates": [
     145.434621,
     -37.93146
    ]
   },
   "properties": {
    "name": "18 ANNE STREET EMERALD 3782",
    "locID": "LOC000102162443",
    "tech": "FTTN",
    "upgrade": "FTTP_NA",
    "gnaf_pid": "GAVIC419894563",
    "tech_change_status": "Committed",
    "program_type": "On-Demand N2P SDU/MDU Simple",
    "target_eligibility_quarter": "Jun 2025"
   }
  },
  {
   "type": "Feature",
   "geometry": {
    "type": "Point",
    "coordinates": [
     145.435166,
     -37.932053
    ]
   },
   "properties": {
    "name": "22 ANNE STREET EMERALD 3782",
    "locID": "LOC000066505687",
    "tech": "FTTN",
    "upgrade": "FTTP_NA",
    "gnaf_pid": "GAVIC419894564",
    "tech_change_status": "Committed",
    "program_type": "On-Demand N2P SDU/MDU Simple",
    "target_eligibility_quarter": "Jun 2025"
   }
  },
  {
   "type": "Feature",
   "geometry": {
    "type": "Point",
    "coordinates": [
     145.434943,
     -37.932401
    ]
   },
   "properties": {
    "name": "15 CHURCH STREET EMERALD 3782",
    "locID": "LOC000071521986",
    "tech": "FTTN",
    "upgrade": "FTTP_NA",
    "gnaf_pid": "GAVIC419895546",
    "tech_change_status": "Committed",
    "program_type": "On-Demand N2P SDU/MDU Simple",
    "target_eligibility_quarter": "Jun 2025"
   }
  },
  {
   "type": "Feature",
   "geometry": {
    "type": "Point",
    "coordinates": [
     145.433265,
     -37.932109
    ]
   },
   "properties": {
    "name": "20 CHURCH STREET EMERALD 3782",
    "locID": "LOC000083714567",
    "tech": "FTTN",
    "upgrade": "FTTP_NA",
    "gnaf_pid": "GAVIC419895547",
    "tech_change_status": "Committed",
    "program_type": "On-Demand N2P SDU/MDU Simple",
    "target_eligibility_quarter": "Jun 2025"
   }
  },
  {
   "type": "Feature",
   "geometry": {
    "type": "Point",
    "coordinates": [
     145.433793,
     -37.932431
    ]
   },
   "properties": {
    "name": "23 CHURCH STREET EMERALD 3782",
    "locID": "LOC000046124139",
    "tech": "FTTN",
    "upgrade": "FTTP_NA",
    "gnaf_pid": "GAVIC419895548",
    "tech_change_status": "Committed",
    "program_type": "On-Demand N2P SDU/MDU Simple",
    "target_eligibility_quarter": "Jun 2025"
   }
  },
  {
   "type": "Feature",
   "geometry": {
    "type": "Point",
    "coordinates": [
     145.43260273,
     -37.93245762
    ]
   },
   "properties": {
    "name": "29 CHURCH STREET EMERALD 3782",
    "locID": "LOC000081128590",
    "tech": "FTTN",
    "upgrade": "FTTP_NA",
    "gnaf_pid": "GAVIC419895549",
    "tech_change_status": "Committed",
    "program_type": "On-Demand N2P SDU/MDU Simple",
    "target_eligibility_quarter": "Jun 2025"
   }
  },
  {
   "type": "Feature",
   "geometry": {
    "type": "Point",
    "coordinates": [
     145.444956,
     -37.906471
    ]
   },
   "properties": {
    "name": "22 STEWART ROAD EMERALD 3782",
    "locID": "LOC000097154950",
    "tech": "FTTN",
    "upgrade": "NULL_NA",
    "gnaf_pid": "GAVIC419895988",
    "tech_change_status": "Not Planned"
   }
  },
  {
   "type": "Feature",
   "geometry": {
    "type": "Point",
    "coordinates": [
     145.44571731,
     -37.90660877
    ]
   },
   "properties": {
    "name": "26 STEWART ROAD EMERALD 3782",
    "locID": "LOC000095563302",
    "tech": "FTTN",
    "upgrade": "NULL_NA",
    "gnaf_pid": "GAVIC419895989",
    "tech_change_status": "Not Planned"
   }
  },
  {
   "type": "Feature",
   "geometry": {
    "type": "Point",
    "coordinates": [
     145.447148,
     -37.906608
    ]
   },
   "properties": {
    "name": "40 STEWART ROAD EMERALD 3782",
    "locID": "LOC000086350476",
    "tech": "FTTN",
    "upgrade": "NULL_NA",
    "gnaf_pid": "GAVIC419895990",
    "tech_change_status": "Not Planned"
   }
  },
  {
   "type": "Feature",
   "geometry": {
    "type": "Point",
    "coordinates": [
     145.45017735,
     -37.91453475
    ]
   },
   "properties": {
    "name": "10 CARRAMAR COURT EMERALD 3782",
    "locID": "LOC000018585393",
    "tech": "FTTN",
    "upgrade": "NULL_NA",
    "gnaf_pid": "GAVIC419896466",
    "tech_change_status": "Not Planned"
   }
  },
  {
   "type": "Feature",
   "geometry": {
    "type": "Point",
    "coordinates": [
     145.44937953,
     -37.91450069
    ]
   },
   "properties": {
    "name": "12 CARRAMAR COURT EMERALD 3782",
    "locID": "LOC000104225530",
    "tech": "FTTN",
    "upgrade": "NULL_NA",
    "gnaf_pid": "GAVIC419896467",
    "tech_change_status": "Not Planned"
   }
  },
  {
   "type": "Feature",
   "geometry": {
    "type": "Point",
    "coordinates": [
     145.42890598,
     -37.92379161
    ]
   },
   "properties": {
    "name": "3 CASCADE ROAD EMERALD 3782",
    "locID": "LOC000101862282",
    "tech": "FTTN",
    "upgrade": "NULL_NA",
    "gnaf_pid": "GAVIC419896468",
    "tech_change_status": "Not Planned"
   }
  },
  {
   "type": "Feature",
   "geometry": {
    "type": "Point",
    "coordinates": [
     145.449552,
     -37.917797
    ]
   },
   "properties": {
    "name": "1 CHARMAN AVENUE EMERALD 3782",
    "locID": "LOC000030948922",
    "tech": "FTTN",
    "upgrade": "NULL_NA",
    "gnaf_pid": "GAVIC419896471",
    "tech_change_status": "Not Planned"
   }
  },
  {
   "type": "Feature",
   "geometry": {
    "type": "Point",
    "coordinates": [
     145.44722518,
     -37.91804648
    ]
   },
   "properties": {
    "name": "9 CHARMAN AVENUE EMERALD 3782",
    "locID": "LOC000062328797",
    "tech": "FTTN",
    "upgrade": "NULL_NA",
    "gnaf_pid": "GAVIC419896472",
    "tech_change_status": "Not Planned"
   }
  },
  {
   "type": "Feature",
   "geometry": {
    "type": "Point",
    "coordinates": [
     145.44599794,
     -37.9411532
    ]
   },
   "properties": {
    "name": "30 OLD BEACONSFIELD ROAD EMERALD 3782",
    "locID": "LOC000109030029",
    "tech": "FTTN",
    "upgrade": "NULL_NA",
    "gnaf_pid": "GAVIC419896514",
    "tech_change_status": "Not Planned"
   }
  },
  {
   "type": "Feature",
   "geometry": {
    "type": "Point",
    "coordinates": [
     145.443798,
     -37.940909
    ]
   },
   "properties": {
    "name": "5 OUTLOOK ROAD EMERALD 3782",
    "locID": "LOC000023543204",
    "tech": "FTTN",
    "upgrade": "NULL_NA",
    "gnaf_pid": "GAVIC419896515",
    "tech_change_status": "Not Planned"
   }
  },
  {
   "type": "Feature",
   "geometry": {
    "type": "Point",
    "coordinates": [
     145.443561,
     -37.940798
    ]
   },
   "properties": {
    "name": "7 OUTLOOK ROAD EMERALD 3782",
    "locID": "LOC000028759290",
    "tech": "FTTN",
    "upgrade": "NULL_NA",
    "gnaf_pid": "GAVIC419896516",
    "tech_change_status": "Not Planned"
   }
  },
  {
   "type": "Feature",
   "geometry": {
    "type": "Point",
    "coordinates": [
     145.458903,
     -37.943947
    ]
   },
   "properties": {
    "name": "1 OZONE AVENUE EMERALD 3782",
    "locID": "LOC000020314365",
    "tech": "FTTN",
    "upgrade": "FTTP_SA",
    "gnaf_pid": "GAVIC419896517",
    "tech_change_status": "Eligible to Order",
    "program_type": "On-Demand N2P SDU/MDU Simple",
    "target_eligibility_quarter": "NA"
   }
  },
  {
   "type": "Feature",
   "geometry": {
    "type": "Point",
    "coordinates": [
     145.45871,
     -37.945035
    ]
   },
   "properties": {
    "name": "7 OZONE AVENUE EMERALD 3782",
    "locID": "LOC000006331517",
    "tech": "FTTN",
    "upgrade": "FTTP_SA",
    "gnaf_pid": "GAVIC419896518",
    "tech_change_status": "Eligible to Order",
    "program_type": "On-Demand N2P SDU/MDU Simple",
    "target_eligibility_quarter": "NA"
   }
  },
  {
   "type": "Feature",
   "geometry": {
    "type": "Point",
    "coordinates": [
     145.45012432,
     -37.92753936
    ]
   },
   "properties": {
    "name": "10 OLD GEMBROOK ROAD EMERALD 3782",
    "locID": "LOC000101875314",
    "tech": "FTTN",
    "upgrade": "NULL_NA",
    "gnaf_pid": "GAVIC419896608",
    "tech_change_status": "Not Planned"
   }
  },
  {
   "type": "Feature",
   "geometry": {
    "type": "Point",
    "coordinates": [
     145.45005015,
     -37.92705734
    ]
   },
   "properties": {
    "name": "11 OLD GEMBROOK ROAD EMERALD 3782",
    "locID": "LOC000067587751",
    "tech": "FTTN",
    "upgrade": "NULL_NA",
    "gnaf_pid": "GAVIC419896609",
    "tech_change_status": "Not Planned"
   }
  },
  {
   "type": "Feature",
   "geometry": {
    "type": "Point",
    "coordinates": [
     145.450869,
     -37.927673
    ]
   },
   "properties": {
    "name": "14 OLD GEMBROOK ROAD EMERALD 3782",
    "locID": "LOC000049957333",
    "tech": "FTTN",
    "upgrade": "NULL_NA",
    "gnaf_pid": "GAVIC419896610",
    "tech_change_status": "Not Planned"
   }
  },
  {
   "type": "Feature",
   "geometry": {
    "type": "Point",
    "coordinates": [
     145.452512,
     -37.927993
    ]
   },
   "properties": {
    "name": "26 OLD GEMBROOK ROAD EMERALD 3782",
    "locID": "LOC000103308298",
    "tech": "FTTN",
    "upgrade": "NULL_NA",
    "gnaf_pid": "GAVIC419896611",
    "tech_change_status": "Not Planned"
   }
  },
  {
   "type": "Feature",
   "geometry": {
    "type": "Point",
    "coordinates": [
     145.44618,
     -37.912624
    ]
   },
   "properties": {
    "name": "2 SUNNYSIDE TERRACE EMERALD 3782",
    "locID": "LOC000047581005",
    "tech": "FTTN",
    "upgrade": "NULL_NA",
    "gnaf_pid": "GAVIC419896748",
    "tech_change_status": "Not Planned"
   }
  },
  {
   "type": "Feature",
   "geometry": {
    "type": "Point",
    "coordinates": [
     145.4649711,
     -37.92060124
    ]
   },
   "properties": {
    "name": "6 ALFRED GROVE EMERALD 3782",
    "locID": "LOC000071723505",
    "tech": "FTTP",
    "upgrade": "NULL_NA",
    "gnaf_pid": "GAVIC419897080",
    "tech_change_status": "Previous Tech Disconnected"
   }
  },
  {
   "type": "Feature",
   "geometry": {
    "type": "Point",
    "coordinates": [
     145.44615601,
     -37.91176005
    ]
   },
   "properties": {
    "name": "6 SUNNYSIDE TERRACE EMERALD 3782",
    "locID": "LOC000081050879",
    "tech": "FTTN",
    "upgrade": "NULL_NA",
    "gnaf_pid": "GAVIC419897431",
    "tech_change_status": "Not Planned"
   }
  },
  {
   "type": "Feature",
   "geometry": {
    "type": "Point",
    "coordinates": [
     145.44650736,
     -37.91180054
    ]
   },
   "properties": {
    "name": "7 SUNNYSIDE TERRACE EMERALD 3782",
    "locID": "LOC000041452313",
    "tech": "FTTN",
    "upgrade": "NULL_NA",
    "gnaf_pid": "GAVIC419897432",
    "tech_change_status": "Not Planned"
   }
  },
  {
   "type": "Feature",
   "geometry": {
    "type": "Point",
    "coordinates": [
     145.444326,
     -37.90831
    ]
   },
   "properties": {
    "name": "24 SUNNYSIDE TERRACE EMERALD 3782",
    "locID": "LOC000045039702",
    "tech": "FTTN",
    "upgrade": "NULL_NA",
    "gnaf_pid": "GAVIC419897433",
    "tech_change_status": "Not Planned"
   }
  },
  {
   "type": "Feature",
   "geometry": {
    "type": "Point",
    "coordinates": [
     145.4649576,
     -37.92020843
    ]
   },
   "properties": {
    "name": "8 ALFRED GROVE EMERALD 3782",
    "locID": "LOC000060163717",
    "tech": "FTTP",
    "upgrade": "NULL_NA",
    "gnaf_pid": "GAVIC419897921",
    "tech_change_status": "Eligible to Order"
   }
  },
  {
   "type": "Feature",
   "geometry": {
    "type": "Point",
    "coordinates": [
     145.46459663,
     -37.92003425
    ]
   },
   "properties": {
    "name": "19 ALFRED GROVE EMERALD 3782",
    "locID": "LOC000070151160",
    "tech": "FTTP",
    "upgrade": "NULL_NA",
    "gnaf_pid": "GAVIC419897922"
   }
  },
  {
   "type": "Feature",
   "geometry": {
    "type": "Point",
    "coordinates": [
     145.44571056,
     -37.92019868
    ]
   },
   "properties": {
    "name": "24 FLORENCE AVENUE EMERALD 3782",
    "locID": "LOC000077012790",
    "tech": "FTTN",
    "upgrade": "NULL_NA",
    "gnaf_pid": "GAVIC419897948",
    "tech_change_status": "Not Planned"
   }
  },
  {
   "type": "Feature",
   "geometry": {
    "type": "Point",
    "coordinates": [
     145.444707,
     -37.920977
    ]
   },
   "properties": {
    "name": "30 FLORENCE AVENUE EMERALD 3782",
    "locID": "LOC000006266967",
    "tech": "FTTN",
    "upgrade": "NULL_NA",
    "gnaf_pid": "GAVIC419897949",
    "tech_change_status": "Not Planned"
   }
  },
  {
   "type": "Feature",
   "geometry": {
    "type": "Point",
    "coordinates": [
     145.438443,
     -37.93316
    ]
   },
   "properties": {
    "name": "1 MEMORIAL AVENUE EMERALD 3782",
    "locID": "LOC000125526430",
    "tech": "FTTN",
    "upgrade": "FTTP_NA",
    "gnaf_pid": "GAVIC419898025",
    "tech_change_status": "Committed",
    "program_type": "On-Demand N2P SDU/MDU Simple",
    "target_eligibility_quarter": "Dec 2025"
   }
  },
  {
   "type": "Feature",
   "geometry": {
    "type": "Point",
    "coordinates": [
     145.438056,
     -37.933155
    ]
   },
   "properties": {
    "name": "10 MEMORIAL AVENUE EMERALD 3782",
    "locID": "LOC000081319510",
    "tech": "FTTN",
    "upgrade": "FTTP_NA",
    "gnaf_pid": "GAVIC419898026",
    "tech_change_status": "Committed",
    "program_type": "On-Demand N2P SDU/MDU Simple",
    "target_eligibility_quarter": "Dec 2025"
   }
  },
  {
   "type": "Feature",
   "geometry": {
    "type": "Point",
    "coordinates": [
     145.43650465,
     -37.92028006
    ]
   },
   "properties": {
    "name": "30 SYDNEY AVENUE EMERALD 3782",
    "locID": "LOC000107981981",
    "tech": "FTTN",
    "upgrade": "NULL_NA",
    "gnaf_pid": "GAVIC419898731",
    "tech_change_status": "Not Planned"
   }
  },
  {
   "type": "Feature",
   "geometry": {
    "type": "Point",
    "coordinates": [
     145.4358181,
     -37.9206793
    ]
   },
   "properties": {
    "name": "32 SYDNEY AVENUE EMERALD 3782",
    "locID": "LOC000097376830",
    "tech": "FTTN",
    "upgrade": "NULL_NA",
    "gnaf_pid": "GAVIC419898732",
    "tech_change_status": "Not Planned"
   }
  },
  {
   "type": "Feature",
   "geometry": {
    "type": "Point",
    "coordinates": [
     145.438454,
     -37.933701
    ]
   },
   "properties": {
    "name": "14 MEMORIAL AVENUE EMERALD 3782",
    "locID": "LOC000049911877",
    "tech": "FTTN",
    "upgrade": "FTTP_NA",
    "gnaf_pid": "GAVIC419898865",
    "tech_change_status": "Committed",
    "program_type": "On-Demand N2P SDU/MDU Simple",
    "target_eligibility_quarter": "Jun 2025"
   }
  },
  {
   "type": "Feature",
   "geometry": {
    "type": "Point",
    "coordinates": [
     145.45062027,
     -37.89587084
    ]
   },
   "properties": {
    "name": "85 UREN ROAD EMERALD 3782",
    "locID": "LOC000034052817",
    "tech": "WIRELESS",
    "upgrade": "NULL_NA",
    "gnaf_pid": "GAVIC419899226",
    "tech_change_status": "Not Planned",
    "program_type": "Fixed Wireless and Satellite Upgrade Program",
    "target_eligibility_quarter": "Mar 2025"
   }
  },
  {
   "type": "Feature",
   "geometry": {
    "type": "Point",
    "coordinates": [
     145.43048176,
     -37.92407047
    ]
   },
   "properties": {
    "name": "6 TELOPEA ROAD EMERALD 3782",
    "locID": "LOC000014706194",
    "tech": "FTTN",
    "upgrade": "NULL_NA",
    "gnaf_pid": "GAVIC419899580",
    "tech_change_status": "Not Planned"
   }
  },
  {
   "type": "Feature",
   "geometry": {
    "type": "Point",
    "coordinates": [
     145.42984672,
     -37.92927274
    ]
   },
   "properties": {
    "name": "5 OGILVY ROAD EMERALD 3782",
    "locID": "LOC000084807114",
    "tech": "FTTN",
    "upgrade": "NULL_NA",
    "gnaf_pid": "GAVIC419899722",
    "tech_change_status": "Not Planned"
   }
  },
  {
   "type": "Feature",
   "geometry": {
    "type": "Point",
    "coordinates": [
     145.46933744,
     -37.9157981
    ]
   },
   "properties": {
    "name": "4 ANDREW COURT EMERALD 3782",
    "locID": "LOC000092216694",
    "tech": "FTTN",
    "upgrade": "FTTP_NA",
    "gnaf_pid": "GAVIC419899924",
    "tech_change_status": "Committed",
    "program_type": "On-Demand N2P SDU/MDU Simple",
    "target_eligibility_quarter": "Jun 2025"
   }
  },
  {
   "type": "Feature",
   "geometry": {
    "type": "Point",
    "coordinates": [
     145.452718,
     -37.914369
    ]
   },
   "properties": {
    "name": "18 ELM CRESCENT EMERALD 3782",
    "locID": "LOC000063588147",
    "tech": "FTTN",
    "upgrade": "NULL_NA",
    "gnaf_pid": "GAVIC419900070",
    "tech_change_status": "Not Planned"
   }
  },
  {
   "type": "Feature",
   "geometry": {
    "type": "Point",
    "coordinates": [
     145.451778,
     -37.929371
    ]
   },
   "properties": {
    "name": "19 EMERALD LAKE ROAD EMERALD 3782",
    "locID": "LOC000086343551",
    "tech": "FTTN",
    "upgrade": "FTTP_NA",
    "gnaf_pid": "GAVIC419900071",
    "tech_change_status": "Committed",
    "program_type": "On-Demand N2P SDU/MDU Simple",
    "target_eligibility_quarter": "Jun 2025"
   }
  },
  {
   "type": "Feature",
   "geometry": {
    "type": "Point",
    "coordinates": [
     145.452298,
     -37.929549
    ]
   },
   "properties": {
    "name": "23 EMERALD LAKE ROAD EMERALD 3782",
    "locID": "LOC000055278147",
    "tech": "FTTN",
    "upgrade": "FTTP_NA",
    "gnaf_pid": "GAVIC419900072",
    "tech_change_status": "Committed",
    "program_type": "On-Demand N2P SDU/MDU Simple",
    "target_eligibility_quarter": "Dec 2025"
   }
  },
  {
   "type": "Feature",
   "geometry": {
    "type": "Point",
    "coordinates": [
     145.45575917,
     -37.92897102
    ]
   },
   "properties": {
    "name": "37 EMERALD LAKE ROAD EMERALD 3782",
    "locID": "LOC000096903843",
    "tech": "FTTN",
    "upgrade": "NULL_NA",
    "gnaf_pid": "GAVIC419900073",
    "tech_change_status": "Not Planned"
   }
  },
  {
   "type": "Feature",
   "geometry": {
    "type": "Point",
    "coordinates": [
     145.437468,
     -37.934066
    ]
   },
   "properties": {
    "name": "7 RUSSELL STREET EMERALD 3782",
    "locID": "LOC000037921500",
    "tech": "FTTN",
    "upgrade": "FTTP_NA",
    "gnaf_pid": "GAVIC419900214",
    "tech_change_status": "Committed",
    "program_type": "On-Demand N2P SDU/MDU Simple",
    "target_eligibility_quarter": "Jun 2025"
   }
  },
  {
   "type": "Feature",
   "geometry": {
    "type": "Point",
    "coordinates": [
     145.45515743,
     -37.90638982
    ]
   },
   "properties": {
    "name": "119 STEWART ROAD EMERALD 3782",
    "locID": "LOC000025197911",
    "tech": "WIRELESS",
    "upgrade": "NULL_NA",
    "gnaf_pid": "GAVIC419900261",
    "tech_change_status": "Not Planned"
   }
  },
  {
   "type": "Feature",
   "geometry": {
    "type": "Point",
    "coordinates": [
     145.45376635,
     -37.9159338
    ]
   },
   "properties": {
    "name": "14 POPLAR CRESCENT EMERALD 3782",
    "locID": "LOC000036646410",
    "tech": "FTTN",
    "upgrade": "NULL_NA",
    "gnaf_pid": "GAVIC419900462",
    "tech_change_status": "Not Planned"
   }
  },
  {
   "type": "Feature",
   "geometry": {
    "type": "Point",
    "coordinates": [
     145.43870092,
     -37.92122537
    ]
   },
   "properties": {
    "name": "6 PRINCE STREET EMERALD 3782",
    "locID": "LOC000004411307",
    "tech": "FTTN",
    "upgrade": "NULL_NA",
    "gnaf_pid": "GAVIC419900465",
    "tech_change_status": "Not Planned"
   }
  },
  {
   "type": "Feature",
   "geometry": {
    "type": "Point",
    "coordinates": [
     145.447111,
     -37.930003
    ]
   },
   "properties": {
    "name": "2 PRINCESS AVENUE EMERALD 3782",
    "locID": "LOC000105939531",
    "tech": "FTTN",
    "upgrade": "FTTP_NA",
    "gnaf_pid": "GAVIC419900466",
    "tech_change_status": "Committed",
    "program_type": "On-Demand N2P SDU/MDU Simple",
    "target_eligibility_quarter": "Dec 2025"
   }
  },
  {
   "type": "Feature",
   "geometry": {
    "type": "Point",
    "coordinates": [
     145.443489,
     -37.933957
    ]
   },
   "properties": {
    "name": "1 RAILWAY ROAD EMERALD 3782",
    "locID": "LOC000101339575",
    "tech": "FTTN",
    "upgrade": "FTTP_NA",
    "gnaf_pid": "GAVIC419900469",
    "tech_change_status": "Committed",
    "program_type": "On-Demand N2P SDU/MDU Simple",
    "target_eligibility_quarter": "Dec 2025"
   }
  },
  {
   "type": "Feature",
   "geometry": {
    "type": "Point",
    "coordinates": [
     145.445211,
     -37.932159
    ]
   },
   "properties": {
    "name": "25 HEROES AVENUE EMERALD 3782",
    "locID": "LOC000103655686",
    "tech": "FTTN",
    "upgrade": "FTTP_NA",
    "gnaf_pid": "GAVIC419900607",
    "tech_change_status": "Committed",
    "program_type": "On-Demand N2P SDU/MDU Simple",
    "target_eligibility_quarter": "Jun 2025"
   }
  },
  {
   "type": "Feature",
   "geometry": {
    "type": "Point",
    "coordinates": [
     145.445907,
     -37.932051
    ]
   },
   "properties": {
    "name": "38 HEROES AVENUE EMERALD 3782",
    "locID": "LOC000083444860",
    "tech": "FTTN",
    "upgrade": "FTTP_NA",
    "gnaf_pid": "GAVIC419900608",
    "tech_change_status": "Committed",
    "program_type": "On-Demand N2P SDU/MDU Simple",
    "target_eligibility_quarter": "Jun 2025"
   }
  },
  {
   "type": "Feature",
   "geometry": {
    "type": "Point",
    "coordinates": [
     145.4446691,
     -37.91428921
    ]
   },
   "properties": {
    "name": "102 EMERALD-MONBULK ROAD EMERALD 3782",
    "locID": "LOC000103152493",
    "tech": "FTTN",
    "upgrade": "NULL_NA",
    "gnaf_pid": "GAVIC419900813",
    "tech_change_status": "Not Planned"
   }
  },
  {
   "type": "Feature",
   "geometry": {
    "type": "Point",
    "coordinates": [
     145.44282458,
     -37.90846737
    ]
   },
   "properties": {
    "name": "108 EMERALD-MONBULK ROAD EMERALD 3782",
    "locID": "LOC000047546326",
    "tech": "FTTN",
    "upgrade": "NULL_NA",
    "gnaf_pid": "GAVIC419900814",
    "tech_change_status": "Not Planned"
   }
  },
  {
   "type": "Feature",
   "geometry": {
    "type": "Point",
    "coordinates": [
     145.445247,
     -37.901815
    ]
   },
   "properties": {
    "name": "117 EMERALD-MONBULK ROAD EMERALD 3782",
    "locID": "LOC000066031620",
    "tech": "FTTN",
    "upgrade": "NULL_NA",
    "gnaf_pid": "GAVIC419900815",
    "tech_change_status": "Not Planned"
   }
  },
  {
   "type": "Feature",
   "geometry": {
    "type": "Point",
    "coordinates": [
     145.44539007,
     -37.90280001
    ]
   },
   "properties": {
    "name": "120 EMERALD-MONBULK ROAD EMERALD 3782",
    "locID": "LOC000095134437",
    "tech": "FTTN",
    "upgrade": "NULL_NA",
    "gnaf_pid": "GAVIC419900816",
    "tech_change_status": "Not Planned"
   }
  },
  {
   "type": "Feature",
   "geometry": {
    "type": "Point",
    "coordinates": [
     145.44456559,
     -37.89971167
    ]
   },
   "properties": {
    "name": "133 EMERALD-MONBULK ROAD EMERALD 3782",
    "locID": "LOC000051556843",
    "tech": "FTTN",
    "upgrade": "NULL_NA",
    "gnaf_pid": "GAVIC419900817",
    "tech_change_status": "Not Planned"
   }
  },
  {
   "type": "Feature",
   "geometry": {
    "type": "Point",
    "coordinates": [
     145.4448483,
     -37.89930052
    ]
   },
   "properties": {
    "name": "138 EMERALD-MONBULK ROAD EMERALD 3782",
    "locID": "LOC000009679161",
    "tech": "FTTN",
    "upgrade": "NULL_NA",
    "gnaf_pid": "GAVIC419900818",
    "tech_change_status": "Not Planned"
   }
  },
  {
   "type": "Feature",
   "geometry": {
    "type": "Point",
    "coordinates": [
     145.44429162,
     -37.89898418
    ]
   },
   "properties": {
    "name": "139 EMERALD-MONBULK ROAD EMERALD 3782",
    "locID": "LOC000002004046",
    "tech": "FTTN",
    "upgrade": "NULL_NA",
    "gnaf_pid": "GAVIC419900819",
    "tech_change_status": "Not Planned"
   }
  },
  {
   "type": "Feature",
   "geometry": {
    "type": "Point",
    "coordinates": [
     145.444041,
     -37.898609
    ]
   },
   "properties": {
    "name": "141 EMERALD-MONBULK ROAD EMERALD 3782",
    "locID": "LOC000008665670",
    "tech": "FTTN",
    "upgrade": "NULL_NA",
    "gnaf_pid": "GAVIC419900820",
    "tech_change_status": "Not Planned"
   }
  },
  {
   "type": "Feature",
   "geometry": {
    "type": "Point",
    "coordinates": [
     145.44217051,
     -37.89708127
    ]
   },
   "properties": {
    "name": "155 EMERALD-MONBULK ROAD EMERALD 3782",
    "locID": "LOC000101973567",
    "tech": "FTTN",
    "upgrade": "NULL_NA",
    "gnaf_pid": "GAVIC419900821",
    "tech_change_status": "Not Planned"
   }
  },
  {
   "type": "Feature",
   "geometry": {
    "type": "Point",
    "coordinates": [
     145.43554514,
     -37.93559522
    ]
   },
   "properties": {
    "name": "19 BAYVIEW ROAD EMERALD 3782",
    "locID": "LOC000086444769",
    "tech": "FTTN",
    "upgrade": "FTTP_NA",
    "gnaf_pid": "GAVIC419901030",
    "tech_change_status": "Committed",
    "program_type": "On-Demand N2P SDU/MDU Simple",
    "target_eligibility_quarter": "Jun 2025"
   }
  },
  {
   "type": "Feature",
   "geometry": {
    "type": "Point",
    "coordinates": [
     145.445869,
     -37.931699
    ]
   },
   "properties": {
    "name": "33 HEROES AVENUE EMERALD 3782",
    "locID": "LOC000075411679",
    "tech": "FTTN",
    "upgrade": "FTTP_NA",
    "gnaf_pid": "GAVIC419901032",
    "tech_change_status": "Committed",
    "program_type": "On-Demand N2P SDU/MDU Simple",
    "target_eligibility_quarter": "Jun 2025"
   }
  },
  {
   "type": "Feature",
   "geometry": {
    "type": "Point",
    "coordinates": [
     145.46769693,
     -37.91938652
    ]
   },
   "properties": {
    "name": "2 FAIRWAY ROAD EMERALD 3782",
    "locID": "LOC000083553661",
    "tech": "FTTN",
    "upgrade": "FTTP_NA",
    "gnaf_pid": "GAVIC419901655",
    "tech_change_status": "Committed",
    "program_type": "On-Demand N2P SDU/MDU Simple",
    "target_eligibility_quarter": "Jun 2025"
   }
  },
  {
   "type": "Feature",
   "geometry": {
    "type": "Point",
    "coordinates": [
     145.46805863,
     -37.91748432
    ]
   },
   "properties": {
    "name": "22 FAIRWAY ROAD EMERALD 3782",
    "locID": "LOC000104538089",
    "tech": "FTTN",
    "upgrade": "FTTP_NA",
    "gnaf_pid": "GAVIC419901656",
    "tech_change_status": "Committed",
    "program_type": "On-Demand N2P SDU/MDU Simple",
    "target_eligibility_quarter": "Jun 2025"
   }
  },
  {
   "type": "Feature",
   "geometry": {
    "type": "Point",
    "coordinates": [
     145.46829778,
     -37.91631502
    ]
   },
   "properties": {
    "name": "32 FAIRWAY ROAD EMERALD 3782",
    "locID": "LOC000019437436",
    "tech": "FTTN",
    "upgrade": "FTTP_NA",
    "gnaf_pid": "GAVIC419901657",
    "tech_change_status": "Committed",
    "program_type": "On-Demand N2P SDU/MDU Simple",
    "target_eligibility_quarter": "Jun 2025"
   }
  },
  {
   "type": "Feature",
   "geometry": {
    "type": "Point",
    "coordinates": [
     145.44023227,
     -37.9244965
    ]
   },
   "properties": {
    "name": "55 FERRES ROAD EMERALD 3782",
    "locID": "LOC000082387487",
    "tech": "FTTN",
    "upgrade": "NULL_NA",
    "gnaf_pid": "GAVIC419901662",
    "tech_change_status": "Not Planned"
   }
  },
  {
   "type": "Feature",
   "geometry": {
    "type": "Point",
    "coordinates": [
     145.44062114,
     -37.92384209
    ]
   },
   "properties": {
    "name": "64 FERRES ROAD EMERALD 3782",
    "locID": "LOC000051460131",
    "tech": "FTTN",
    "upgrade": "NULL_NA",
    "gnaf_pid": "GAVIC419901663",
    "tech_change_status": "Not Planned"
   }
  },
  {
   "type": "Feature",
   "geometry": {
    "type": "Point",
    "coordinates": [
     145.46561782,
     -37.92865724
    ]
   },
   "properties": {
    "name": "3 VISTA DRIVE EMERALD 3782",
    "locID": "LOC000075479692",
    "tech": "FTTN",
    "upgrade": "FTTP_NA",
    "gnaf_pid": "GAVIC419901779",
    "tech_change_status": "Committed",
    "program_type": "On-Demand N2P SDU/MDU Simple",
    "target_eligibility_quarter": "Jun 2025"
   }
  },
  {
   "type": "Feature",
   "geometry": {
    "type": "Point",
    "coordinates": [
     145.46558593,
     -37.92907159
    ]
   },
   "properties": {
    "name": "5 VISTA DRIVE EMERALD 3782",
    "locID": "LOC000043527941",
    "tech": "FTTN",
    "upgrade": "FTTP_NA",
    "gnaf_pid": "GAVIC419901780",
    "tech_change_status": "Committed",
    "program_type": "On-Demand N2P SDU/MDU Simple",
    "target_eligibility_quarter": "Jun 2025"
   }
  },
  {
   "type": "Feature",
   "geometry": {
    "type": "Point",
    "coordinates": [
     145.4263579,
     -37.92577411
    ]
   },
   "properties": {
    "name": "6 NAYLORS ROAD EMERALD 3782",
    "locID": "LOC000061880996",
    "tech": "FTTN",
    "upgrade": "NULL_NA",
    "gnaf_pid": "GAVIC419901858",
    "tech_change_status": "Not Planned"
   }
  },
  {
   "type": "Feature",
   "geometry": {
    "type": "Point",
    "coordinates": [
     145.44939242,
     -37.91530232
    ]
   },
   "properties": {
    "name": "8 NOBELIUS STREET EMERALD 3782",
    "locID": "LOC000107826106",
    "tech": "FTTN",
    "upgrade": "NULL_NA",
    "gnaf_pid": "GAVIC419901859",
    "tech_change_status": "Not Planned"
   }
  },
  {
   "type": "Feature",
   "geometry": {
    "type": "Point",
    "coordinates": [
     145.44862752,
     -37.91418167
    ]
   },
   "properties": {
    "name": "18 NOBELIUS STREET EMERALD 3782",
    "locID": "LOC000012071438",
    "tech": "FTTN",
    "upgrade": "NULL_NA",
    "gnaf_pid": "GAVIC419901861",
    "tech_change_status": "Not Planned"
   }
  },
  {
   "type": "Feature",
   "geometry": {
    "type": "Point",
    "coordinates": [
     145.448142,
     -37.909658
    ]
   },
   "properties": {
    "name": "38 NOBELIUS STREET EMERALD 3782",
    "locID": "LOC000036005026",
    "tech": "FTTN",
    "upgrade": "NULL_NA",
    "gnaf_pid": "GAVIC419901862",
    "tech_change_status": "Not Planned"
   }
  },
  {
   "type": "Feature",
   "geometry": {
    "type": "Point",
    "coordinates": [
     145.44978922,
     -37.91260615
    ]
   },
   "properties": {
    "name": "2 OAK AVENUE EMERALD 3782",
    "locID": "LOC000041319939",
    "tech": "FTTN",
    "upgrade": "NULL_NA",
    "gnaf_pid": "GAVIC419901866",
    "tech_change_status": "Not Planned"
   }
  },
  {
   "type": "Feature",
   "geometry": {
    "type": "Point",
    "coordinates": [
     145.43977942,
     -37.93531415
    ]
   },
   "properties": {
    "name": "16 KILVINGTON DRIVE EMERALD 3782",
    "locID": "LOC000046018195",
    "tech": "FTTN",
    "upgrade": "NULL_NA",
    "gnaf_pid": "GAVIC419901892",
    "tech_change_status": "Not Planned"
   }
  },
  {
   "type": "Feature",
   "geometry": {
    "type": "Point",
    "coordinates": [
     145.443349,
     -37.93199
    ]
   },
   "properties": {
    "name": "11 KINGS ROAD EMERALD 3782",
    "locID": "LOC000081621216",
    "tech": "FTTN",
    "upgrade": "FTTP_NA",
    "gnaf_pid": "GAVIC419901893",
    "tech_change_status": "Committed",
    "program_type": "On-Demand N2P SDU/MDU Simple",
    "target_eligibility_quarter": "Jun 2025"
   }
  },
  {
   "type": "Feature",
   "geometry": {
    "type": "Point",
    "coordinates": [
     145.443822,
     -37.931663
    ]
   },
   "properties": {
    "name": "17 KINGS ROAD EMERALD 3782",
    "locID": "LOC000049215500",
    "tech": "FTTN",
    "upgrade": "FTTP_NA",
    "gnaf_pid": "GAVIC419901894",
    "tech_change_status": "Committed",
    "program_type": "On-Demand N2P SDU/MDU Simple",
    "target_eligibility_quarter": "Jun 2025"
   }
  },
  {
   "type": "Feature",
   "geometry": {
    "type": "Point",
    "coordinates": [
     145.46741972,
     -37.93015964
    ]
   },
   "properties": {
    "name": "6 WATTLE COURT EMERALD 3782",
    "locID": "LOC000048898040",
    "tech": "FTTN",
    "upgrade": "FTTP_NA",
    "gnaf_pid": "GAVIC419901946",
    "tech_change_status": "Committed",
    "program_type": "On-Demand N2P SDU/MDU Simple",
    "target_eligibility_quarter": "Jun 2025"
   }
  },
  {
   "type": "Feature",
   "geometry": {
    "type": "Point",
    "coordinates": [
     145.46997775,
     -37.93572493
    ]
   },
   "properties": {
    "name": "3 HEATHER AVENUE EMERALD 3782",
    "locID": "LOC000057390111",
    "tech": "FTTN",
    "upgrade": "NULL_NA",
    "gnaf_pid": "GAVIC419902534",
    "tech_change_status": "Not Planned"
   }
  },
  {
   "type": "Feature",
   "geometry": {
    "type": "Point",
    "coordinates": [
     145.47943153,
     -37.96039843
    ]
   },
   "properties": {
    "name": "96 HEPNER ROAD EMERALD 3782",
    "locID": "LOC000018140897",
    "tech": "NULL",
    "upgrade": "NULL_NA",
    "gnaf_pid": "GAVIC419902535",
    "tech_change_status": "Not Planned"
   }
  },
  {
   "type": "Feature",
   "geometry": {
    "type": "Point",
    "coordinates": [
     145.4808505,
     -37.9602566
    ]
   },
   "properties": {
    "name": "111 HEPNER ROAD EMERALD 3782",
    "locID": "LOC000011890739",
    "tech": "WIRELESS",
    "upgrade": "NULL_NA",
    "gnaf_pid": "GAVIC419902536",
    "tech_change_status": "Not Planned",
    "program_type": "Fixed Wireless and Satellite Upgrade Program",
    "target_eligibility_quarter": "NA"
   }
  },
  {
   "type": "Feature",
   "geometry": {
    "type": "Point",
    "coordinates": [
     145.44493774,
     -37.92968877
    ]
   },
   "properties": {
    "name": "398 BELGRAVE-GEMBROOK ROAD EMERALD 3782",
    "locID": "LOC000104343760",
    "tech": "FTTN",
    "upgrade": "FTTP_NA",
    "gnaf_pid": "GAVIC419902650",
    "tech_change_status": "Committed",
    "program_type": "On-Demand N2P SDU/MDU Simple",
    "target_eligibility_quarter": "Dec 2025"
   }
  },
  {
   "type": "Feature",
   "geometry": {
    "type": "Point",
    "coordinates": [
     145.45226578,
     -37.92669075
    ]
   },
   "properties": {
    "name": "413 BELGRAVE-GEMBROOK ROAD EMERALD 3782",
    "locID": "LOC000038547953",
    "tech": "FTTN",
    "upgrade": "NULL_NA",
    "gnaf_pid": "GAVIC419902651",
    "tech_change_status": "Not Planned"
   }
  },
  {
   "type": "Feature",
   "geometry": {
    "type": "Point",
    "coordinates": [
     145.46173982,
     -37.9241253
    ]
   },
   "properties": {
    "name": "432 BELGRAVE-GEMBROOK ROAD EMERALD 3782",
    "locID": "LOC000106653092",
    "tech": "FTTN",
    "upgrade": "NULL_NA",
    "gnaf_pid": "GAVIC419902652",
    "tech_change_status": "Not Planned"
   }
  },
  {
   "type": "Feature",
   "geometry": {
    "type": "Point",
    "coordinates": [
     145.46425012,
     -37.93075079
    ]
   },
   "properties": {
    "name": "15 BELLBIRD CRESCENT EMERALD 3782",
    "locID": "LOC000022148275",
    "tech": "FTTN",
    "upgrade": "FTTP_NA",
    "gnaf_pid": "GAVIC419902658",
    "tech_change_status": "Committed",
    "program_type": "On-Demand N2P SDU/MDU Simple",
    "target_eligibility_quarter": "Jun 2025"
   }
  },
  {
   "type": "Feature",
   "geometry": {
    "type": "Point",
    "coordinates": [
     145.46372895,
     -37.92963136
    ]
   },
   "properties": {
    "name": "18 BELLBIRD CRESCENT EMERALD 3782",
    "locID": "LOC000098082184",
    "tech": "FTTN",
    "upgrade": "FTTP_NA",
    "gnaf_pid": "GAVIC419902659",
    "tech_change_status": "Committed",
    "program_type": "On-Demand N2P SDU/MDU Simple",
    "target_eligibility_quarter": "Jun 2025"
   }
  },
  {
   "type": "Feature",
   "geometry": {
    "type": "Point",
    "coordinates": [
     145.45618798,
     -37.92861063
    ]
   },
   "properties": {
    "name": "41 EMERALD LAKE ROAD EMERALD 3782",
    "locID": "LOC000059113986",
    "tech": "FTTN",
    "upgrade": "NULL_NA",
    "gnaf_pid": "GAVIC419902745",
    "tech_change_status": "Not Planned"
   }
  },
  {
   "type": "Feature",
   "geometry": {
    "type": "Point",
    "coordinates": [
     145.444015,
     -37.927358
    ]
   },
   "properties": {
    "name": "7 EMERALD-MONBULK ROAD EMERALD 3782",
    "locID": "LOC000076075409",
    "tech": "FTTN",
    "upgrade": "FTTP_NA",
    "gnaf_pid": "GAVIC419902746",
    "tech_change_status": "Committed",
    "program_type": "On-Demand N2P SDU/MDU Simple",
    "target_eligibility_quarter": "Jun 2025"
   }
  },
  {
   "type": "Feature",
   "geometry": {
    "type": "Point",
    "coordinates": [
     145.443061,
     -37.926414
    ]
   },
   "properties": {
    "name": "13 EMERALD-MONBULK ROAD EMERALD 3782",
    "locID": "LOC000187753395",
    "tech": "FTTN",
    "upgrade": "FTTP_NA",
    "gnaf_pid": "GAVIC419902747",
    "tech_change_status": "Committed",
    "program_type": "Customer-initiated N2P MDU Complex",
    "target_eligibility_quarter": "Jun 2025"
   }
  },
  {
   "type": "Feature",
   "geometry": {
    "type": "Point",
    "coordinates": [
     145.443191,
     -37.925986
    ]
   },
   "properties": {
    "name": "18 EMERALD-MONBULK ROAD EMERALD 3782",
    "locID": "LOC000058498193",
    "tech": "FTTN",
    "upgrade": "FTTP_NA",
    "gnaf_pid": "GAVIC419902748",
    "tech_change_status": "Committed",
    "program_type": "On-Demand N2P SDU/MDU Simple",
    "target_eligibility_quarter": "Jun 2025"
   }
  },
  {
   "type": "Feature",
   "geometry": {
    "type": "Point",
    "coordinates": [
     145.442969,
     -37.92519
    ]
   },
   "properties": {
    "name": "24 EMERALD-MONBULK ROAD EMERALD 3782",
    "locID": "LOC000066227006",
    "tech": "FTTN",
    "upgrade": "FTTP_NA",
    "gnaf_pid": "GAVIC419902749",
    "tech_change_status": "Committed",
    "program_type": "On-Demand N2P SDU/MDU Simple",
    "target_eligibility_quarter": "Dec 2025"
   }
  },
  {
   "type": "Feature",
   "geometry": {
    "type": "Point",
    "coordinates": [
     145.44769753,
     -37.92091624
    ]
   },
   "properties": {
    "name": "44 EMERALD-MONBULK ROAD EMERALD 3782",
    "locID": "LOC000057893997",
    "tech": "FTTN",
    "upgrade": "NULL_NA",
    "gnaf_pid": "GAVIC419902750",
    "tech_change_status": "Not Planned"
   }
  },
  {
   "type": "Feature",
   "geometry": {
    "type": "Point",
    "coordinates": [
     145.448377,
     -37.920142
    ]
   },
   "properties": {
    "name": "48 EMERALD-MONBULK ROAD EMERALD 3782",
    "locID": "LOC000078917824",
    "tech": "FTTN",
    "upgrade": "NULL_NA",
    "gnaf_pid": "GAVIC419902751",
    "tech_change_status": "Not Planned"
   }
  },
  {
   "type": "Feature",
   "geometry": {
    "type": "Point",
    "coordinates": [
     145.44639134,
     -37.9214646
    ]
   },
   "properties": {
    "name": "49 EMERALD-MONBULK ROAD EMERALD 3782",
    "locID": "LOC000020316231",
    "tech": "FTTN",
    "upgrade": "NULL_NA",
    "gnaf_pid": "GAVIC419902752",
    "tech_change_status": "Not Planned"
   }
  },
  {
   "type": "Feature",
   "geometry": {
    "type": "Point",
    "coordinates": [
     145.449331,
     -37.91911
    ]
   },
   "properties": {
    "name": "56 EMERALD-MONBULK ROAD EMERALD 3782",
    "locID": "LOC000043364190",
    "tech": "FTTN",
    "upgrade": "NULL_NA",
    "gnaf_pid": "GAVIC419902753",
    "tech_change_status": "Not Planned"
   }
  },
  {
   "type": "Feature",
   "geometry": {
    "type": "Point",
    "coordinates": [
     145.449529,
     -37.918887
    ]
   },
   "properties": {
    "name": "58 EMERALD-MONBULK ROAD EMERALD 3782",
    "locID": "LOC000092774454",
    "tech": "FTTN",
    "upgrade": "NULL_NA",
    "gnaf_pid": "GAVIC419902754",
    "tech_change_status": "Not Planned"
   }
  },
  {
   "type": "Feature",
   "geometry": {
    "type": "Point",
    "coordinates": [
     145.44969956,
     -37.91867535
    ]
   },
   "properties": {
    "name": "60 EMERALD-MONBULK ROAD EMERALD 3782",
    "locID": "LOC000089034239",
    "tech": "FTTN",
    "upgrade": "NULL_NA",
    "gnaf_pid": "GAVIC419902755",
    "tech_change_status": "Not Planned"
   }
  },
  {
   "type": "Feature",
   "geometry": {
    "type": "Point",
    "coordinates": [
     145.44990449,
     -37.91845928
    ]
   },
   "properties": {
    "name": "62 EMERALD-MONBULK ROAD EMERALD 3782",
    "locID": "LOC000079520084",
    "tech": "FTTN",
    "upgrade": "NULL_NA",
    "gnaf_pid": "GAVIC419902756",
    "tech_change_status": "Not Planned"
   }
  },
  {
   "type": "Feature",
   "geometry": {
    "type": "Point",
    "coordinates": [
     145.428875,
     -37.924516
    ]
   },
   "properties": {
    "name": "3 DOERY STREET EMERALD 3782",
    "locID": "LOC000017792593",
    "tech": "FTTN",
    "upgrade": "NULL_NA",
    "gnaf_pid": "GAVIC419902779",
    "tech_change_status": "Not Planned"
   }
  },
  {
   "type": "Feature",
   "geometry": {
    "type": "Point",
    "coordinates": [
     145.44024383,
     -37.93702737
    ]
   },
   "properties": {
    "name": "30 KILVINGTON DRIVE EMERALD 3782",
    "locID": "LOC000067847709",
    "tech": "FTTN",
    "upgrade": "NULL_NA",
    "gnaf_pid": "GAVIC419903390",
    "tech_change_status": "Not Planned"
   }
  },
  {
   "type": "Feature",
   "geometry": {
    "type": "Point",
    "coordinates": [
     145.440593,
     -37.94394
    ]
   },
   "properties": {
    "name": "72 KILVINGTON DRIVE EMERALD 3782",
    "locID": "LOC000026004342",
    "tech": "FTTN",
    "upgrade": "NULL_NA",
    "gnaf_pid": "GAVIC419903391",
    "tech_change_status": "Not Planned"
   }
  },
  {
   "type": "Feature",
   "geometry": {
    "type": "Point",
    "coordinates": [
     145.43602973,
     -37.93852987
    ]
   },
   "properties": {
    "name": "4 MAISIE ROAD EMERALD 3782",
    "locID": "LOC000086395464",
    "tech": "FTTN",
    "upgrade": "NULL_NA",
    "gnaf_pid": "GAVIC419903449",
    "tech_change_status": "Not Planned"
   }
  },
  {
   "type": "Feature",
   "geometry": {
    "type": "Point",
    "coordinates": [
     145.47454515,
     -37.94054381
    ]
   },
   "properties": {
    "name": "3 MAJESTIC DRIVE EMERALD 3782",
    "locID": "LOC000087942750",
    "tech": "FTTP",
    "upgrade": "NULL_NA",
    "gnaf_pid": "GAVIC419903450",
    "tech_change_status": "Previous Tech Disconnected"
   }
  },
  {
   "type": "Feature",
   "geometry": {
    "type": "Point",
    "coordinates": [
     145.47205284,
     -37.94068537
    ]
   },
   "properties": {
    "name": "11 MAJESTIC DRIVE EMERALD 3782",
    "locID": "LOC000017114790",
    "tech": "FTTP",
    "upgrade": "NULL_NA",
    "gnaf_pid": "GAVIC419903451"
   }
  },
  {
   "type": "Feature",
   "geometry": {
    "type": "Point",
    "coordinates": [
     145.47125127,
     -37.93972885
    ]
   },
   "properties": {
    "name": "12 MAJESTIC DRIVE EMERALD 3782",
    "locID": "LOC000072579053",
    "tech": "FTTP",
    "upgrade": "NULL_NA",
    "gnaf_pid": "GAVIC419903452"
   }
  },
  {
   "type": "Feature",
   "geometry": {
    "type": "Point",
    "coordinates": [
     145.46964791,
     -37.93765751
    ]
   },
   "properties": {
    "name": "27 MAJESTIC DRIVE EMERALD 3782",
    "locID": "LOC000058014676",
    "tech": "FTTN",
    "upgrade": "NULL_NA",
    "gnaf_pid": "GAVIC419903453",
    "tech_change_status": "Not Planned"
   }
  },
  {
   "type": "Feature",
   "geometry": {
    "type": "Point",
    "coordinates": [
     145.47983325,
     -37.9648757
    ]
   },
   "properties": {
    "name": "74 MARKS LANE EMERALD 3782",
    "locID": "LOC000106303535",
    "tech": "NULL",
    "upgrade": "NULL_NA",
    "gnaf_pid": "GAVIC419903454",
    "tech_change_status": "Not Planned"
   }
  },
  {
   "type": "Feature",
   "geometry": {
    "type": "Point",
    "coordinates": [
     145.48206195,
     -37.9649946
    ]
   },
   "properties": {
    "name": "93 MARKS LANE EMERALD 3782",
    "locID": "LOC000071691005",
    "tech": "SATELLITE",
    "upgrade": "NULL_NA",
    "gnaf_pid": "GAVIC419903455",
    "tech_change_status": "Not Planned"
   }
  },
  {
   "type": "Feature",
   "geometry": {
    "type": "Point",
    "coordinates": [
     145.48289693,
     -37.9659066
    ]
   },
   "properties": {
    "name": "102 MARKS LANE EMERALD 3782",
    "locID": "LOC000048840549",
    "tech": "WIRELESS",
    "upgrade": "NULL_NA",
    "gnaf_pid": "GAVIC419903456",
    "tech_change_status": "Not Planned",
    "program_type": "Fixed Wireless and Satellite Upgrade Program",
    "target_eligibility_quarter": "NA"
   }
  },
  {
   "type": "Feature",
   "geometry": {
    "type": "Point",
    "coordinates": [
     145.44078013,
     -37.94656179
    ]
   },
   "properties": {
    "name": "82 KILVINGTON DRIVE EMERALD 3782",
    "locID": "LOC000091570820",
    "tech": "FTTN",
    "upgrade": "NULL_NA",
    "gnaf_pid": "GAVIC419903471",
    "tech_change_status": "Not Planned"
   }
  },
  {
   "type": "Feature",
   "geometry": {
    "type": "Point",
    "coordinates": [
     145.4390792,
     -37.93676056
    ]
   },
   "properties": {
    "name": "6 LEGG ROAD EMERALD 3782",
    "locID": "LOC000050870582",
    "tech": "FTTN",
    "upgrade": "NULL_NA",
    "gnaf_pid": "GAVIC419903479",
    "tech_change_status": "Not Planned"
   }
  },
  {
   "type": "Feature",
   "geometry": {
    "type": "Point",
    "coordinates": [
     145.43950581,
     -37.93717779
    ]
   },
   "properties": {
    "name": "11 LEGG ROAD EMERALD 3782",
    "locID": "LOC000057905616",
    "tech": "FTTN",
    "upgrade": "NULL_NA",
    "gnaf_pid": "GAVIC419903480",
    "tech_change_status": "Not Planned"
   }
  },
  {
   "type": "Feature",
   "geometry": {
    "type": "Point",
    "coordinates": [
     145.439105,
     -37.937332
    ]
   },
   "properties": {
    "name": "12 LEGG ROAD EMERALD 3782",
    "locID": "LOC000100849737",
    "tech": "FTTN",
    "upgrade": "NULL_NA",
    "gnaf_pid": "GAVIC419903481",
    "tech_change_status": "Not Planned"
   }
  },
  {
   "type": "Feature",
   "geometry": {
    "type": "Point",
    "coordinates": [
     145.450606,
     -37.928301
    ]
   },
   "properties": {
    "name": "1 DURBAN ROAD EMERALD 3782",
    "locID": "LOC000100054710",
    "tech": "FTTN",
    "upgrade": "NULL_NA",
    "gnaf_pid": "GAVIC419904451",
    "tech_change_status": "Not Planned"
   }
  },
  {
   "type": "Feature",
   "geometry": {
    "type": "Point",
    "coordinates": [
     145.450441,
     -37.928569
    ]
   },
   "properties": {
    "name": "8 DURBAN ROAD EMERALD 3782",
    "locID": "LOC000071900247",
    "tech": "FTTN",
    "upgrade": "NULL_NA",
    "gnaf_pid": "GAVIC419904452",
    "tech_change_status": "Not Planned"
   }
  },
  {
   "type": "Feature",
   "geometry": {
    "type": "Point",
    "coordinates": [
     145.450679,
     -37.92859
    ]
   },
   "properties": {
    "name": "10 DURBAN ROAD EMERALD 3782",
    "locID": "LOC000008812014",
    "tech": "FTTN",
    "upgrade": "NULL_NA",
    "gnaf_pid": "GAVIC419904453",
    "tech_change_status": "Not Planned"
   }
  },
  {
   "type": "Feature",
   "geometry": {
    "type": "Point",
    "coordinates": [
     145.452,
     -37.928545
    ]
   },
   "properties": {
    "name": "11 DURBAN ROAD EMERALD 3782",
    "locID": "LOC000015993954",
    "tech": "FTTN",
    "upgrade": "NULL_NA",
    "gnaf_pid": "GAVIC419904454",
    "tech_change_status": "Not Planned"
   }
  },
  {
   "type": "Feature",
   "geometry": {
    "type": "Point",
    "coordinates": [
     145.451485,
     -37.928691
    ]
   },
   "properties": {
    "name": "16 DURBAN ROAD EMERALD 3782",
    "locID": "LOC000037769828",
    "tech": "FTTN",
    "upgrade": "NULL_NA",
    "gnaf_pid": "GAVIC419904455",
    "tech_change_status": "Not Planned"
   }
  },
  {
   "type": "Feature",
   "geometry": {
    "type": "Point",
    "coordinates": [
     145.42768843,
     -37.92634536
    ]
   },
   "properties": {
    "name": "15 EDENMONT ROAD EMERALD 3782",
    "locID": "LOC000080363715",
    "tech": "FTTN",
    "upgrade": "NULL_NA",
    "gnaf_pid": "GAVIC419904458",
    "tech_change_status": "Not Planned"
   }
  },
  {
   "type": "Feature",
   "geometry": {
    "type": "Point",
    "coordinates": [
     145.42770706,
     -37.92549514
    ]
   },
   "properties": {
    "name": "21 EDENMONT ROAD EMERALD 3782",
    "locID": "LOC000047468712",
    "tech": "FTTN",
    "upgrade": "NULL_NA",
    "gnaf_pid": "GAVIC419904459",
    "tech_change_status": "Not Planned"
   }
  },
  {
   "type": "Feature",
   "geometry": {
    "type": "Point",
    "coordinates": [
     145.458533,
     -37.926819
    ]
   },
   "properties": {
    "name": "5 ELIZABETH COURT EMERALD 3782",
    "locID": "LOC000014347529",
    "tech": "FTTN",
    "upgrade": "NULL_NA",
    "gnaf_pid": "GAVIC419904460",
    "tech_change_status": "Not Planned"
   }
  },
  {
   "type": "Feature",
   "geometry": {
    "type": "Point",
    "coordinates": [
     145.45124307,
     -37.916355
    ]
   },
   "properties": {
    "name": "1 ELM CRESCENT EMERALD 3782",
    "locID": "LOC000073655151",
    "tech": "FTTN",
    "upgrade": "NULL_NA",
    "gnaf_pid": "GAVIC419904462",
    "tech_change_status": "Not Planned"
   }
  },
  {
   "type": "Feature",
   "geometry": {
    "type": "Point",
    "coordinates": [
     145.45049653,
     -37.91606253
    ]
   },
   "properties": {
    "name": "2 ELM CRESCENT EMERALD 3782",
    "locID": "LOC000046791842",
    "tech": "FTTN",
    "upgrade": "NULL_NA",
    "gnaf_pid": "GAVIC419904463",
    "tech_change_status": "Not Planned"
   }
  },
  {
   "type": "Feature",
   "geometry": {
    "type": "Point",
    "coordinates": [
     145.452131,
     -37.916335
    ]
   },
   "properties": {
    "name": "5 ELM CRESCENT EMERALD 3782",
    "locID": "LOC000102149346",
    "tech": "FTTN",
    "upgrade": "NULL_NA",
    "gnaf_pid": "GAVIC419904464",
    "tech_change_status": "Not Planned"
   }
  },
  {
   "type": "Feature",
   "geometry": {
    "type": "Point",
    "coordinates": [
     145.44468,
     -37.931431
    ]
   },
   "properties": {
    "name": "24 KINGS ROAD EMERALD 3782",
    "locID": "LOC000095058063",
    "tech": "FTTN",
    "upgrade": "FTTP_NA",
    "gnaf_pid": "GAVIC419905329",
    "tech_change_status": "Committed",
    "program_type": "On-Demand N2P SDU/MDU Simple",
    "target_eligibility_quarter": "Jun 2025"
   }
  },
  {
   "type": "Feature",
   "geometry": {
    "type": "Point",
    "coordinates": [
     145.4628961,
     -37.92157457
    ]
   },
   "properties": {
    "name": "10 RONALD ROAD EMERALD 3782",
    "locID": "LOC000007930898",
    "tech": "FTTN",
    "upgrade": "FTTP_NA",
    "gnaf_pid": "GAVIC419905427",
    "tech_change_status": "Committed",
    "program_type": "On-Demand N2P SDU/MDU Simple",
    "target_eligibility_quarter": "Jun 2025"
   }
  },
  {
   "type": "Feature",
   "geometry": {
    "type": "Point",
    "coordinates": [
     145.456377,
     -37.92762
    ]
   },
   "properties": {
    "name": "6 ROYAL PARADE EMERALD 3782",
    "locID": "LOC000104324972",
    "tech": "FTTN",
    "upgrade": "NULL_NA",
    "gnaf_pid": "GAVIC419905428",
    "tech_change_status": "Not Planned"
   }
  },
  {
   "type": "Feature",
   "geometry": {
    "type": "Point",
    "coordinates": [
     145.437911,
     -37.929764
    ]
   },
   "properties": {
    "name": "5 PARADISE GROVE EMERALD 3782",
    "locID": "LOC000015217479",
    "tech": "FTTN",
    "upgrade": "FTTP_NA",
    "gnaf_pid": "GAVIC419905441",
    "tech_change_status": "Committed",
    "program_type": "On-Demand N2P SDU/MDU Simple",
    "target_eligibility_quarter": "Jun 2025"
   }
  },
  {
   "type": "Feature",
   "geometry": {
    "type": "Point",
    "coordinates": [
     145.43627719,
     -37.93514377
    ]
   },
   "properties": {
    "name": "9 PEPPERMINT COURT EMERALD 3782",
    "locID": "LOC000103296304",
    "tech": "FTTN",
    "upgrade": "FTTP_NA",
    "gnaf_pid": "GAVIC419905599",
    "tech_change_status": "Committed",
    "program_type": "On-Demand N2P SDU/MDU Simple",
    "target_eligibility_quarter": "Jun 2025"
   }
  },
  {
   "type": "Feature",
   "geometry": {
    "type": "Point",
    "coordinates": [
     145.45353517,
     -37.91634853
    ]
   },
   "properties": {
    "name": "12 POPLAR CRESCENT EMERALD 3782",
    "locID": "LOC000094180201",
    "tech": "FTTN",
    "upgrade": "NULL_NA",
    "gnaf_pid": "GAVIC419905602",
    "tech_change_status": "Not Planned"
   }
  },
  {
   "type": "Feature",
   "geometry": {
    "type": "Point",
    "coordinates": [
     145.45090873,
     -37.91934042
    ]
   },
   "properties": {
    "name": "14 LAKESIDE DRIVE EMERALD 3782",
    "locID": "LOC000081410495",
    "tech": "FTTN",
    "upgrade": "NULL_NA",
    "gnaf_pid": "GAVIC419906201",
    "tech_change_status": "Not Planned"
   }
  },
  {
   "type": "Feature",
   "geometry": {
    "type": "Point",
    "coordinates": [
     145.451423,
     -37.91866
    ]
   },
   "properties": {
    "name": "20 LAKESIDE DRIVE EMERALD 3782",
    "locID": "LOC000038658832",
    "tech": "FTTN",
    "upgrade": "NULL_NA",
    "gnaf_pid": "GAVIC419906202",
    "tech_change_status": "Not Planned"
   }
  },
  {
   "type": "Feature",
   "geometry": {
    "type": "Point",
    "coordinates": [
     145.431892,
     -37.934623
    ]
   },
   "properties": {
    "name": "6 LEIGHTON AVENUE EMERALD 3782",
    "locID": "LOC000023898200",
    "tech": "FTTN",
    "upgrade": "FTTP_NA",
    "gnaf_pid": "GAVIC419906214",
    "tech_change_status": "Committed",
    "program_type": "On-Demand N2P SDU/MDU Simple",
    "target_eligibility_quarter": "Jun 2025"
   }
  },
  {
   "type": "Feature",
   "geometry": {
    "type": "Point",
    "coordinates": [
     145.42037179,
     -37.92655862
    ]
   },
   "properties": {
    "name": "243 BELGRAVE-GEMBROOK ROAD EMERALD 3782",
    "locID": "LOC000080206160",
    "tech": "FTTN",
    "upgrade": "NULL_NA",
    "gnaf_pid": "GAVIC419906250",
    "tech_change_status": "Not Planned"
   }
  },
  {
   "type": "Feature",
   "geometry": {
    "type": "Point",
    "coordinates": [
     145.439381,
     -37.932361
    ]
   },
   "properties": {
    "name": "336-338 BELGRAVE-GEMBROOK ROAD EMERALD 3782",
    "locID": "LOC000080782160",
    "tech": "FTTP",
    "upgrade": "NULL_NA",
    "gnaf_pid": "GAVIC419906256"
   }
  },
  {
   "type": "Feature",
   "geometry": {
    "type": "Point",
    "coordinates": [
     145.44291,
     -37.9312
    ]
   },
   "properties": {
    "name": "374 BELGRAVE-GEMBROOK ROAD EMERALD 3782",
    "locID": "LOC000080800419",
    "tech": "FTTN",
    "upgrade": "FTTP_NA",
    "gnaf_pid": "GAVIC419906257",
    "tech_change_status": "Committed",
    "program_type": "On-Demand N2P SDU/MDU Simple",
    "target_eligibility_quarter": "Dec 2025"
   }
  },
  {
   "type": "Feature",
   "geometry": {
    "type": "Point",
    "coordinates": [
     145.434217,
     -37.933338
    ]
   },
   "properties": {
    "name": "20 WESTLANDS ROAD EMERALD 3782",
    "locID": "LOC000021120136",
    "tech": "FTTN",
    "upgrade": "FTTP_NA",
    "gnaf_pid": "GAVIC419907001",
    "tech_change_status": "Committed",
    "program_type": "On-Demand N2P SDU/MDU Simple",
    "target_eligibility_quarter": "Jun 2025"
   }
  },
  {
   "type": "Feature",
   "geometry": {
    "type": "Point",
    "coordinates": [
     145.433537,
     -37.933762
    ]
   },
   "properties": {
    "name": "26 WESTLANDS ROAD EMERALD 3782",
    "locID": "LOC000069648722",
    "tech": "FTTN",
    "upgrade": "FTTP_NA",
    "gnaf_pid": "GAVIC419907002",
    "tech_change_status": "Committed",
    "program_type": "On-Demand N2P SDU/MDU Simple",
    "target_eligibility_quarter": "Jun 2025"
   }
  },
  {
   "type": "Feature",
   "geometry": {
    "type": "Point",
    "coordinates": [
     145.46739601,
     -37.92795699
    ]
   },
   "properties": {
    "name": "85 BELLBIRD CRESCENT EMERALD 3782",
    "locID": "LOC000010670236",
    "tech": "FTTN",
    "upgrade": "FTTP_NA",
    "gnaf_pid": "GAVIC419907385",
    "tech_change_status": "Committed",
    "program_type": "On-Demand N2P SDU/MDU Simple",
    "target_eligibility_quarter": "Jun 2025"
   }
  },
  {
   "type": "Feature",
   "geometry": {
    "type": "Point",
    "coordinates": [
     145.4391891,
     -37.93511539
    ]
   },
   "properties": {
    "name": "1 BENSON STREET EMERALD 3782",
    "locID": "LOC000040326073",
    "tech": "FTTN",
    "upgrade": "NULL_NA",
    "gnaf_pid": "GAVIC419907386",
    "tech_change_status": "Not Planned"
   }
  },
  {
   "type": "Feature",
   "geometry": {
    "type": "Point",
    "coordinates": [
     145.440211,
     -37.930759
    ]
   },
   "properties": {
    "name": "4 BERRYS ROAD EMERALD 3782",
    "locID": "LOC000033457277",
    "tech": "FTTN",
    "upgrade": "FTTP_NA",
    "gnaf_pid": "GAVIC419907387",
    "tech_change_status": "Committed",
    "program_type": "On-Demand N2P SDU/MDU Simple",
    "target_eligibility_quarter": "Jun 2025"
   }
  },
  {
   "type": "Feature",
   "geometry": {
    "type": "Point",
    "coordinates": [
     145.439431,
     -37.9311
    ]
   },
   "properties": {
    "name": "11 BERRYS ROAD EMERALD 3782",
    "locID": "LOC000077152067",
    "tech": "FTTN",
    "upgrade": "FTTP_NA",
    "gnaf_pid": "GAVIC419907388",
    "tech_change_status": "Committed",
    "program_type": "On-Demand N2P SDU/MDU Simple",
    "target_eligibility_quarter": "Jun 2025"
   }
  },
  {
   "type": "Feature",
   "geometry": {
    "type": "Point",
    "coordinates": [
     145.437461,
     -37.930074
    ]
   },
   "properties": {
    "name": "4 PARADISE GROVE EMERALD 3782",
    "locID": "LOC000006148102",
    "tech": "FTTN",
    "upgrade": "FTTP_NA",
    "gnaf_pid": "GAVIC419907404",
    "tech_change_status": "Committed",
    "program_type": "On-Demand N2P SDU/MDU Simple",
    "target_eligibility_quarter": "Jun 2025"
   }
  },
  {
   "type": "Feature",
   "geometry": {
    "type": "Point",
    "coordinates": [
     145.45446626,
     -37.93630995
    ]
   },
   "properties": {
    "name": "12 STATION AVENUE EMERALD 3782",
    "locID": "LOC000077037830",
    "tech": "FTTN",
    "upgrade": "FTTP_NA",
    "gnaf_pid": "GAVIC419917831",
    "tech_change_status": "In Design",
    "program_type": "On-Demand N2P SDU/MDU Simple",
    "target_eligibility_quarter": "Dec 2025"
   }
  },
  {
   "type": "Feature",
   "geometry": {
    "type": "Point",
    "coordinates": [
     145.46541417,
     -37.94171646
    ]
   },
   "properties": {
    "name": "10 ULMER ROAD EMERALD 3782",
    "locID": "LOC000057350987",
    "tech": "FTTN",
    "upgrade": "FTTP_SA",
    "gnaf_pid": "GAVIC419917832",
    "tech_change_status": "Eligible to Order",
    "program_type": "On-Demand N2P SDU/MDU Simple",
    "target_eligibility_quarter": "NA"
   }
  },
  {
   "type": "Feature",
   "geometry": {
    "type": "Point",
    "coordinates": [
     145.44082376,
     -37.93779251
    ]
   },
   "properties": {
    "name": "33 KILVINGTON DRIVE EMERALD 3782",
    "locID": "LOC000082961272",
    "tech": "FTTN",
    "upgrade": "NULL_NA",
    "gnaf_pid": "GAVIC419932851",
    "tech_change_status": "Not Planned"
   }
  },
  {
   "type": "Feature",
   "geometry": {
    "type": "Point",
    "coordinates": [
     145.43034236,
     -37.93513397
    ]
   },
   "properties": {
    "name": "16 CLEMATIS PARK ROAD EMERALD 3782",
    "locID": "LOC000108099917",
    "tech": "FTTN",
    "upgrade": "NULL_NA",
    "gnaf_pid": "GAVIC419972528",
    "tech_change_status": "Not Planned"
   }
  },
  {
   "type": "Feature",
   "geometry": {
    "type": "Point",
    "coordinates": [
     145.44030907,
     -37.93729282
    ]
   },
   "properties": {
    "name": "32 KILVINGTON DRIVE EMERALD 3782",
    "locID": "LOC000080341639",
    "tech": "FTTN",
    "upgrade": "NULL_NA",
    "gnaf_pid": "GAVIC419993208",
    "tech_change_status": "Not Planned"
   }
  },
  {
   "type": "Feature",
   "geometry": {
    "type": "Point",
    "coordinates": [
     145.4401837,
     -37.93761337
    ]
   },
   "properties": {
    "name": "34 KILVINGTON DRIVE EMERALD 3782",
    "locID": "LOC000003921613",
    "tech": "FTTN",
    "upgrade": "NULL_NA",
    "gnaf_pid": "GAVIC419993209",
    "tech_change_status": "Not Planned"
   }
  },
  {
   "type": "Feature",
   "geometry": {
    "type": "Point",
    "coordinates": [
     145.43717546,
     -37.93795664
    ]
   },
   "properties": {
    "name": "4 CURTIS ROAD EMERALD 3782",
    "locID": "LOC000067662231",
    "tech": "FTTN",
    "upgrade": "NULL_NA",
    "gnaf_pid": "GAVIC419993210",
    "tech_change_status": "Not Planned"
   }
  },
  {
   "type": "Feature",
   "geometry": {
    "type": "Point",
    "coordinates": [
     145.44104291,
     -37.94366699
    ]
   },
   "properties": {
    "name": "65 KILVINGTON DRIVE EMERALD 3782",
    "locID": "LOC000060681340",
    "tech": "FTTN",
    "upgrade": "NULL_NA",
    "gnaf_pid": "GAVIC419993214",
    "tech_change_status": "Not Planned"
   }
  },
  {
   "type": "Feature",
   "geometry": {
    "type": "Point",
    "coordinates": [
     145.44433669,
     -37.9405777
    ]
   },
   "properties": {
    "name": "18 OLD BEACONSFIELD ROAD EMERALD 3782",
    "locID": "LOC000011098307",
    "tech": "FTTN",
    "upgrade": "NULL_NA",
    "gnaf_pid": "GAVIC419993215",
    "tech_change_status": "Not Planned"
   }
  },
  {
   "type": "Feature",
   "geometry": {
    "type": "Point",
    "coordinates": [
     145.4425178,
     -37.931484
    ]
   },
   "properties": {
    "name": "368-370 BELGRAVE-GEMBROOK ROAD EMERALD 3782",
    "locID": "LOC000125539153",
    "tech": "FTTN",
    "upgrade": "FTTP_NA",
    "gnaf_pid": "GAVIC419993313",
    "tech_change_status": "Committed",
    "program_type": "On-Demand N2P SDU/MDU Simple",
    "target_eligibility_quarter": "Dec 2025"
   }
  },
  {
   "type": "Feature",
   "geometry": {
    "type": "Point",
    "coordinates": [
     145.45130405,
     -37.91481886
    ]
   },
   "properties": {
    "name": "15 CARRAMAR COURT EMERALD 3782",
    "locID": "LOC000039485150",
    "tech": "FTTN",
    "upgrade": "NULL_NA",
    "gnaf_pid": "GAVIC419993314",
    "tech_change_status": "Not Planned"
   }
  },
  {
   "type": "Feature",
   "geometry": {
    "type": "Point",
    "coordinates": [
     145.44760133,
     -37.91862766
    ]
   },
   "properties": {
    "name": "5 FLORENCE AVENUE EMERALD 3782",
    "locID": "LOC000038985576",
    "tech": "FTTN",
    "upgrade": "NULL_NA",
    "gnaf_pid": "GAVIC419993316",
    "tech_change_status": "Not Planned"
   }
  },
  {
   "type": "Feature",
   "geometry": {
    "type": "Point",
    "coordinates": [
     145.44659046,
     -37.91783953
    ]
   },
   "properties": {
    "name": "12 CHARMAN AVENUE EMERALD 3782",
    "locID": "LOC000035952769",
    "tech": "FTTN",
    "upgrade": "NULL_NA",
    "gnaf_pid": "GAVIC419996135",
    "tech_change_status": "Not Planned"
   }
  },
  {
   "type": "Feature",
   "geometry": {
    "type": "Point",
    "coordinates": [
     145.46452085,
     -37.93118715
    ]
   },
   "properties": {
    "name": "13 BELLBIRD CRESCENT EMERALD 3782",
    "locID": "LOC000025205665",
    "tech": "FTTN",
    "upgrade": "FTTP_NA",
    "gnaf_pid": "GAVIC419996136",
    "tech_change_status": "Committed",
    "program_type": "On-Demand N2P SDU/MDU Simple",
    "target_eligibility_quarter": "Jun 2025"
   }
  },
  {
   "type": "Feature",
   "geometry": {
    "type": "Point",
    "coordinates": [
     145.44453862,
     -37.92106165
    ]
   },
   "properties": {
    "name": "2 PRINCE STREET EMERALD 3782",
    "locID": "LOC000085857342",
    "tech": "FTTN",
    "upgrade": "NULL_NA",
    "gnaf_pid": "GAVIC419996137",
    "tech_change_status": "Not Planned"
   }
  },
  {
   "type": "Feature",
   "geometry": {
    "type": "Point",
    "coordinates": [
     145.45255615,
     -37.92901115
    ]
   },
   "properties": {
    "name": "24 DURBAN ROAD EMERALD 3782",
    "locID": "LOC000190813697",
    "tech": "FTTN",
    "upgrade": "NULL_NA",
    "gnaf_pid": "GAVIC419996139",
    "tech_change_status": "Not Planned"
   }
  },
  {
   "type": "Feature",
   "geometry": {
    "type": "Point",
    "coordinates": [
     145.469829,
     -37.926102
    ]
   },
   "properties": {
    "name": "2C WRIGHT ROAD EMERALD 3782",
    "locID": "LOC000048731142",
    "tech": "FTTN",
    "upgrade": "FTTP_NA",
    "gnaf_pid": "GAVIC419999942",
    "tech_change_status": "Committed",
    "program_type": "On-Demand N2P SDU/MDU Simple",
    "target_eligibility_quarter": "Jun 2025"
   }
  },
  {
   "type": "Feature",
   "geometry": {
    "type": "Point",
    "coordinates": [
     145.44408331,
     -37.91422785
    ]
   },
   "properties": {
    "name": "85 EMERALD-MONBULK ROAD EMERALD 3782",
    "locID": "LOC000125479884",
    "tech": "FTTN",
    "upgrade": "NULL_NA",
    "gnaf_pid": "GAVIC420008522",
    "tech_change_status": "Not Planned"
   }
  },
  {
   "type": "Feature",
   "geometry": {
    "type": "Point",
    "coordinates": [
     145.4495584,
     -37.91698621
    ]
   },
   "properties": {
    "name": "73 EMERALD-MONBULK ROAD EMERALD 3782",
    "locID": "LOC000069461108",
    "tech": "FTTN",
    "upgrade": "NULL_NA",
    "gnaf_pid": "GAVIC420008753",
    "tech_change_status": "Not Planned"
   }
  },
  {
   "type": "Feature",
   "geometry": {
    "type": "Point",
    "coordinates": [
     145.45048424,
     -37.91692295
    ]
   },
   "properties": {
    "name": "1-3 NOBELIUS STREET EMERALD 3782",
    "locID": "LOC000125526448",
    "tech": "FTTN",
    "upgrade": "NULL_NA",
    "gnaf_pid": "GAVIC420008755",
    "tech_change_status": "Not Planned"
   }
  },
  {
   "type": "Feature",
   "geometry": {
    "type": "Point",
    "coordinates": [
     145.44506335,
     -37.9208382
    ]
   },
   "properties": {
    "name": "28 FLORENCE AVENUE EMERALD 3782",
    "locID": "LOC000038907832",
    "tech": "FTTN",
    "upgrade": "NULL_NA",
    "gnaf_pid": "GAVIC420011236",
    "tech_change_status": "Not Planned"
   }
  },
  {
   "type": "Feature",
   "geometry": {
    "type": "Point",
    "coordinates": [
     145.45406769,
     -37.91459833
    ]
   },
   "properties": {
    "name": "20 POPLAR CRESCENT EMERALD 3782",
    "locID": "LOC000048777584",
    "tech": "FTTN",
    "upgrade": "NULL_NA",
    "gnaf_pid": "GAVIC420011238",
    "tech_change_status": "Not Planned"
   }
  },
  {
   "type": "Feature",
   "geometry": {
    "type": "Point",
    "coordinates": [
     145.44266598,
     -37.92470216
    ]
   },
   "properties": {
    "name": "UNIT 1, 25 EMERALD-MONBULK ROAD EMERALD 3782",
    "locID": "LOC000082951539",
    "tech": "FTTN",
    "upgrade": "FTTP_NA",
    "gnaf_pid": "GAVIC420011242",
    "tech_change_status": "Committed",
    "program_type": "Customer-initiated N2P MDU Complex",
    "target_eligibility_quarter": "Jun 2025"
   }
  },
  {
   "type": "Feature",
   "geometry": {
    "type": "Point",
    "coordinates": [
     145.44266598,
     -37.92470216
    ]
   },
   "properties": {
    "name": "UNIT 5, 25 EMERALD-MONBULK ROAD EMERALD 3782",
    "locID": "LOC000082551445",
    "tech": "FTTN",
    "upgrade": "FTTP_NA",
    "gnaf_pid": "GAVIC420011243",
    "tech_change_status": "Committed",
    "program_type": "Customer-initiated N2P MDU Complex",
    "target_eligibility_quarter": "Jun 2025"
   }
  },
  {
   "type": "Feature",
   "geometry": {
    "type": "Point",
    "coordinates": [
     145.44266598,
     -37.92470216
    ]
   },
   "properties": {
    "name": "UNIT 7, 25 EMERALD-MONBULK ROAD EMERALD 3782",
    "locID": "LOC000080760228",
    "tech": "FTTN",
    "upgrade": "FTTP_NA",
    "gnaf_pid": "GAVIC420011244",
    "tech_change_status": "Committed",
    "program_type": "Customer-initiated N2P MDU Complex",
    "target_eligibility_quarter": "Jun 2025"
   }
  },
  {
   "type": "Feature",
   "geometry": {
    "type": "Point",
    "coordinates": [
     145.440494,
     -37.933016
    ]
   },
   "properties": {
    "name": "10 KILVINGTON DRIVE EMERALD 3782",
    "locID": "LOC000039016197",
    "tech": "FTTN",
    "upgrade": "FTTP_NA",
    "gnaf_pid": "GAVIC420011246",
    "tech_change_status": "Committed",
    "program_type": "On-Demand N2P SDU/MDU Simple",
    "target_eligibility_quarter": "Jun 2025"
   }
  },
  {
   "type": "Feature",
   "geometry": {
    "type": "Point",
    "coordinates": [
     145.43463409,
     -37.93079606
    ]
   },
   "properties": {
    "name": "UNIT 1, 3 ANNE STREET EMERALD 3782",
    "locID": "LOC000058262328",
    "tech": "FTTN",
    "upgrade": "FTTP_NA",
    "gnaf_pid": "GAVIC420014709",
    "tech_change_status": "Committed",
    "program_type": "On-Demand N2P SDU/MDU Simple",
    "target_eligibility_quarter": "Dec 2025"
   }
  },
  {
   "type": "Feature",
   "geometry": {
    "type": "Point",
    "coordinates": [
     145.43463409,
     -37.93079606
    ]
   },
   "properties": {
    "name": "UNIT 2, 3 ANNE STREET EMERALD 3782",
    "locID": "LOC000057785888",
    "tech": "FTTN",
    "upgrade": "FTTP_NA",
    "gnaf_pid": "GAVIC420014710",
    "tech_change_status": "Committed",
    "program_type": "On-Demand N2P SDU/MDU Simple",
    "target_eligibility_quarter": "Dec 2025"
   }
  },
  {
   "type": "Feature",
   "geometry": {
    "type": "Point",
    "coordinates": [
     145.4329193,
     -37.93447475
    ]
   },
   "properties": {
    "name": "32 WESTLANDS ROAD EMERALD 3782",
    "locID": "LOC000090913177",
    "tech": "FTTN",
    "upgrade": "FTTP_NA",
    "gnaf_pid": "GAVIC420016838",
    "tech_change_status": "Committed",
    "program_type": "On-Demand N2P SDU/MDU Simple",
    "target_eligibility_quarter": "Jun 2025"
   }
  },
  {
   "type": "Feature",
   "geometry": {
    "type": "Point",
    "coordinates": [
     145.440483,
     -37.932838
    ]
   },
   "properties": {
    "name": "6 KILVINGTON DRIVE EMERALD 3782",
    "locID": "LOC000060417827",
    "tech": "FTTN",
    "upgrade": "FTTP_NA",
    "gnaf_pid": "GAVIC420018423",
    "tech_change_status": "Committed",
    "program_type": "Customer-initiated N2P MDU Complex",
    "target_eligibility_quarter": "Jun 2025"
   }
  },
  {
   "type": "Feature",
   "geometry": {
    "type": "Point",
    "coordinates": [
     145.47005695,
     -37.91517189
    ]
   },
   "properties": {
    "name": "55 MACCLESFIELD ROAD EMERALD 3782",
    "locID": "LOC000067864464",
    "tech": "FTTN",
    "upgrade": "FTTP_NA",
    "gnaf_pid": "GAVIC420019161",
    "tech_change_status": "Committed",
    "program_type": "On-Demand N2P SDU/MDU Simple",
    "target_eligibility_quarter": "Jun 2025"
   }
  },
  {
   "type": "Feature",
   "geometry": {
    "type": "Point",
    "coordinates": [
     145.44359601,
     -37.94008443
    ]
   },
   "properties": {
    "name": "12 OLD BEACONSFIELD ROAD EMERALD 3782",
    "locID": "LOC000079725981",
    "tech": "FTTN",
    "upgrade": "NULL_NA",
    "gnaf_pid": "GAVIC420022751",
    "tech_change_status": "Not Planned"
   }
  },
  {
   "type": "Feature",
   "geometry": {
    "type": "Point",
    "coordinates": [
     145.45014972,
     -37.9340374
    ]
   },
   "properties": {
    "name": "26 BEACONSFIELD-EMERALD ROAD EMERALD 3782",
    "locID": "LOC000062609208",
    "tech": "FTTN",
    "upgrade": "FTTP_NA",
    "gnaf_pid": "GAVIC420028112",
    "tech_change_status": "In Design",
    "program_type": "On-Demand N2P SDU/MDU Simple",
    "target_eligibility_quarter": "Dec 2025"
   }
  },
  {
   "type": "Feature",
   "geometry": {
    "type": "Point",
    "coordinates": [
     145.4575764,
     -37.935044
    ]
   },
   "properties": {
    "name": "16 WILLIAM STREET EMERALD 3782",
    "locID": "LOC000066907846",
    "tech": "FTTN",
    "upgrade": "FTTP_NA",
    "gnaf_pid": "GAVIC420032253",
    "tech_change_status": "In Design",
    "program_type": "On-Demand N2P SDU/MDU Simple",
    "target_eligibility_quarter": "Dec 2025"
   }
  },
  {
   "type": "Feature",
   "geometry": {
    "type": "Point",
    "coordinates": [
     145.444576,
     -37.930581
    ]
   },
   "properties": {
    "name": "UNIT 1, 27-31 KINGS ROAD EMERALD 3782",
    "locID": "LOC000026892968",
    "tech": "FTTN",
    "upgrade": "FTTP_NA",
    "gnaf_pid": "GAVIC420037778",
    "tech_change_status": "Committed",
    "program_type": "Customer-initiated N2P MDU Complex",
    "target_eligibility_quarter": "Jun 2025"
   }
  },
  {
   "type": "Feature",
   "geometry": {
    "type": "Point",
    "coordinates": [
     145.441322,
     -37.933142
    ]
   },
   "properties": {
    "name": "SHOP 12, 5-7 KILVINGTON DRIVE EMERALD 3782",
    "locID": "LOC000019646778",
    "tech": "FTTN",
    "upgrade": "FTTP_NA",
    "gnaf_pid": "GAVIC420037790",
    "tech_change_status": "Committed",
    "program_type": "Customer-initiated N2P MDU Complex",
    "target_eligibility_quarter": "Jun 2025"
   }
  },
  {
   "type": "Feature",
   "geometry": {
    "type": "Point",
    "coordinates": [
     145.456751,
     -37.926007
    ]
   },
   "properties": {
    "name": "414 BELGRAVE-GEMBROOK ROAD EMERALD 3782",
    "locID": "LOC000105871797",
    "tech": "FTTN",
    "upgrade": "NULL_NA",
    "gnaf_pid": "GAVIC420039876",
    "tech_change_status": "Not Planned"
   }
  },
  {
   "type": "Feature",
   "geometry": {
    "type": "Point",
    "coordinates": [
     145.441148,
     -37.933147
    ]
   },
   "properties": {
    "name": "SHOP 10, 5-7 KILVINGTON DRIVE EMERALD 3782",
    "locID": "LOC000019595411",
    "tech": "FTTN",
    "upgrade": "FTTP_NA",
    "gnaf_pid": "GAVIC420046976",
    "tech_change_status": "Committed",
    "program_type": "Customer-initiated N2P MDU Complex",
    "target_eligibility_quarter": "Jun 2025"
   }
  },
  {
   "type": "Feature",
   "geometry": {
    "type": "Point",
    "coordinates": [
     145.44155641,
     -37.93175065
    ]
   },
   "properties": {
    "name": "323A BELGRAVE-GEMBROOK ROAD EMERALD 3782",
    "locID": "LOC000052854833",
    "tech": "FTTN",
    "upgrade": "FTTP_NA",
    "gnaf_pid": "GAVIC420067840",
    "tech_change_status": "Committed",
    "program_type": "On-Demand N2P SDU/MDU Simple",
    "target_eligibility_quarter": "Jun 2025"
   }
  },
  {
   "type": "Feature",
   "geometry": {
    "type": "Point",
    "coordinates": [
     145.46835108,
     -37.91387762
    ]
   },
   "properties": {
    "name": "15 FAIRWAY ROAD EMERALD 3782",
    "locID": "LOC000026630567",
    "tech": "WIRELESS",
    "upgrade": "NULL_NA",
    "gnaf_pid": "GAVIC420082571",
    "tech_change_status": "Not Planned",
    "program_type": "Fixed Wireless and Satellite Upgrade Program",
    "target_eligibility_quarter": "Mar 2025"
   }
  },
  {
   "type": "Feature",
   "geometry": {
    "type": "Point",
    "coordinates": [
     145.43526843,
     -37.93632429
    ]
   },
   "properties": {
    "name": "14 BOUNDARY ROAD WEST EMERALD 3782",
    "locID": "LOC000076585640",
    "tech": "FTTN",
    "upgrade": "FTTP_NA",
    "gnaf_pid": "GAVIC420091069",
    "tech_change_status": "Committed",
    "program_type": "On-Demand N2P SDU/MDU Simple",
    "target_eligibility_quarter": "Jun 2025"
   }
  },
  {
   "type": "Feature",
   "geometry": {
    "type": "Point",
    "coordinates": [
     145.46854808,
     -37.9147599
    ]
   },
   "properties": {
    "name": "42 FAIRWAY ROAD EMERALD 3782",
    "locID": "LOC000074365268",
    "tech": "FTTN",
    "upgrade": "FTTP_NA",
    "gnaf_pid": "GAVIC420110654",
    "tech_change_status": "Committed",
    "program_type": "On-Demand N2P SDU/MDU Simple",
    "target_eligibility_quarter": "Jun 2025"
   }
  },
  {
   "type": "Feature",
   "geometry": {
    "type": "Point",
    "coordinates": [
     145.44847103,
     -37.91299222
    ]
   },
   "properties": {
    "name": "21 NOBELIUS STREET EMERALD 3782",
    "locID": "LOC000063758040",
    "tech": "FTTN",
    "upgrade": "NULL_NA",
    "gnaf_pid": "GAVIC420119313",
    "tech_change_status": "Not Planned"
   }
  },
  {
   "type": "Feature",
   "geometry": {
    "type": "Point",
    "coordinates": [
     145.44317693,
     -37.94529503
    ]
   },
   "properties": {
    "name": "14 TORLEY ROAD EMERALD 3782",
    "locID": "LOC000070490835",
    "tech": "FTTN",
    "upgrade": "NULL_NA",
    "gnaf_pid": "GAVIC420128727",
    "tech_change_status": "Not Planned"
   }
  },
  {
   "type": "Feature",
   "geometry": {
    "type": "Point",
    "coordinates": [
     145.458861,
     -37.945992
    ]
   },
   "properties": {
    "name": "3 SEAVIEW STREET EMERALD 3782",
    "locID": "LOC000066840886",
    "tech": "FTTN",
    "upgrade": "FTTP_SA",
    "gnaf_pid": "GAVIC420133081",
    "tech_change_status": "Eligible to Order",
    "program_type": "On-Demand N2P SDU/MDU Simple",
    "target_eligibility_quarter": "NA"
   }
  },
  {
   "type": "Feature",
   "geometry": {
    "type": "Point",
    "coordinates": [
     145.46772539,
     -37.91915213
    ]
   },
   "properties": {
    "name": "4 FAIRWAY ROAD EMERALD 3782",
    "locID": "LOC000021090316",
    "tech": "FTTN",
    "upgrade": "FTTP_NA",
    "gnaf_pid": "GAVIC420166305",
    "tech_change_status": "Committed",
    "program_type": "On-Demand N2P SDU/MDU Simple",
    "target_eligibility_quarter": "Jun 2025"
   }
  },
  {
   "type": "Feature",
   "geometry": {
    "type": "Point",
    "coordinates": [
     145.445361,
     -37.932053
    ]
   },
   "properties": {
    "name": "27 HEROES AVENUE EMERALD 3782",
    "locID": "LOC000104422433",
    "tech": "FTTN",
    "upgrade": "FTTP_NA",
    "gnaf_pid": "GAVIC420166371",
    "tech_change_status": "Committed",
    "program_type": "On-Demand N2P SDU/MDU Simple",
    "target_eligibility_quarter": "Jun 2025"
   }
  },
  {
   "type": "Feature",
   "geometry": {
    "type": "Point",
    "coordinates": [
     145.445226,
     -37.932538
    ]
   },
   "properties": {
    "name": "32 HEROES AVENUE EMERALD 3782",
    "locID": "LOC000037834245",
    "tech": "FTTN",
    "upgrade": "FTTP_NA",
    "gnaf_pid": "GAVIC420166372",
    "tech_change_status": "Committed",
    "program_type": "On-Demand N2P SDU/MDU Simple",
    "target_eligibility_quarter": "Jun 2025"
   }
  },
  {
   "type": "Feature",
   "geometry": {
    "type": "Point",
    "coordinates": [
     145.445889,
     -37.897813
    ]
   },
   "properties": {
    "name": "17 HOLMAN ROAD EMERALD 3782",
    "locID": "LOC000105774473",
    "tech": "FTTN",
    "upgrade": "NULL_NA",
    "gnaf_pid": "GAVIC420167238",
    "tech_change_status": "Not Planned"
   }
  },
  {
   "type": "Feature",
   "geometry": {
    "type": "Point",
    "coordinates": [
     145.446116,
     -37.897843
    ]
   },
   "properties": {
    "name": "19 HOLMAN ROAD EMERALD 3782",
    "locID": "LOC000073674880",
    "tech": "FTTN",
    "upgrade": "NULL_NA",
    "gnaf_pid": "GAVIC420167239",
    "tech_change_status": "Not Planned"
   }
  },
  {
   "type": "Feature",
   "geometry": {
    "type": "Point",
    "coordinates": [
     145.43197138,
     -37.92554003
    ]
   },
   "properties": {
    "name": "38 PINNOCKS ROAD EMERALD 3782",
    "locID": "LOC000092737105",
    "tech": "FTTN",
    "upgrade": "FTTP_NA",
    "gnaf_pid": "GAVIC420167249",
    "tech_change_status": "Committed",
    "program_type": "On-Demand N2P SDU/MDU Simple",
    "target_eligibility_quarter": "Dec 2025"
   }
  },
  {
   "type": "Feature",
   "geometry": {
    "type": "Point",
    "coordinates": [
     145.43064102,
     -37.92540097
    ]
   },
   "properties": {
    "name": "42 PINNOCKS ROAD EMERALD 3782",
    "locID": "LOC000004407152",
    "tech": "FTTN",
    "upgrade": "NULL_NA",
    "gnaf_pid": "GAVIC420167250",
    "tech_change_status": "Not Planned"
   }
  },
  {
   "type": "Feature",
   "geometry": {
    "type": "Point",
    "coordinates": [
     145.4522277,
     -37.91710867
    ]
   },
   "properties": {
    "name": "6 POPLAR CRESCENT EMERALD 3782",
    "locID": "LOC000026021036",
    "tech": "FTTN",
    "upgrade": "NULL_NA",
    "gnaf_pid": "GAVIC420167251",
    "tech_change_status": "Not Planned"
   }
  },
  {
   "type": "Feature",
   "geometry": {
    "type": "Point",
    "coordinates": [
     145.4312811,
     -37.92399909
    ]
   },
   "properties": {
    "name": "5 DUKE STREET EMERALD 3782",
    "locID": "LOC000080204209",
    "tech": "FTTN",
    "upgrade": "NULL_NA",
    "gnaf_pid": "GAVIC420175034",
    "tech_change_status": "Not Planned"
   }
  },
  {
   "type": "Feature",
   "geometry": {
    "type": "Point",
    "coordinates": [
     145.450219,
     -37.928296
    ]
   },
   "properties": {
    "name": "4 DURBAN ROAD EMERALD 3782",
    "locID": "LOC000042324743",
    "tech": "FTTN",
    "upgrade": "NULL_NA",
    "gnaf_pid": "GAVIC420175043",
    "tech_change_status": "Not Planned"
   }
  },
  {
   "type": "Feature",
   "geometry": {
    "type": "Point",
    "coordinates": [
     145.452701,
     -37.928761
    ]
   },
   "properties": {
    "name": "15 DURBAN ROAD EMERALD 3782",
    "locID": "LOC000010995176",
    "tech": "FTTN",
    "upgrade": "NULL_NA",
    "gnaf_pid": "GAVIC420175044",
    "tech_change_status": "Not Planned"
   }
  },
  {
   "type": "Feature",
   "geometry": {
    "type": "Point",
    "coordinates": [
     145.453176,
     -37.928893
    ]
   },
   "properties": {
    "name": "17 DURBAN ROAD EMERALD 3782",
    "locID": "LOC000105709005",
    "tech": "FTTN",
    "upgrade": "NULL_NA",
    "gnaf_pid": "GAVIC420175045",
    "tech_change_status": "Not Planned"
   }
  },
  {
   "type": "Feature",
   "geometry": {
    "type": "Point",
    "coordinates": [
     145.428028,
     -37.924757
    ]
   },
   "properties": {
    "name": "10 EDENMONT ROAD EMERALD 3782",
    "locID": "LOC000105794264",
    "tech": "FTTN",
    "upgrade": "NULL_NA",
    "gnaf_pid": "GAVIC420175046",
    "tech_change_status": "Not Planned"
   }
  },
  {
   "type": "Feature",
   "geometry": {
    "type": "Point",
    "coordinates": [
     145.428022,
     -37.924523
    ]
   },
   "properties": {
    "name": "12 EDENMONT ROAD EMERALD 3782",
    "locID": "LOC000044245924",
    "tech": "FTTN",
    "upgrade": "NULL_NA",
    "gnaf_pid": "GAVIC420175047",
    "tech_change_status": "Not Planned"
   }
  },
  {
   "type": "Feature",
   "geometry": {
    "type": "Point",
    "coordinates": [
     145.42802599,
     -37.92364198
    ]
   },
   "properties": {
    "name": "16-18 EDENMONT ROAD EMERALD 3782",
    "locID": "LOC000125530728",
    "tech": "FTTN",
    "upgrade": "NULL_NA",
    "gnaf_pid": "GAVIC420175048",
    "tech_change_status": "Not Planned"
   }
  },
  {
   "type": "Feature",
   "geometry": {
    "type": "Point",
    "coordinates": [
     145.44067,
     -37.925223
    ]
   },
   "properties": {
    "name": "56 FERRES ROAD EMERALD 3782",
    "locID": "LOC000005137129",
    "tech": "FTTN",
    "upgrade": "NULL_NA",
    "gnaf_pid": "GAVIC420175112",
    "tech_change_status": "Not Planned"
   }
  },
  {
   "type": "Feature",
   "geometry": {
    "type": "Point",
    "coordinates": [
     145.44702408,
     -37.91879434
    ]
   },
   "properties": {
    "name": "12 FLORENCE AVENUE EMERALD 3782",
    "locID": "LOC000033887310",
    "tech": "FTTN",
    "upgrade": "NULL_NA",
    "gnaf_pid": "GAVIC420175114",
    "tech_change_status": "Not Planned"
   }
  },
  {
   "type": "Feature",
   "geometry": {
    "type": "Point",
    "coordinates": [
     145.44602451,
     -37.91988736
    ]
   },
   "properties": {
    "name": "22 FLORENCE AVENUE EMERALD 3782",
    "locID": "LOC000045584723",
    "tech": "FTTN",
    "upgrade": "NULL_NA",
    "gnaf_pid": "GAVIC420175115",
    "tech_change_status": "Not Planned"
   }
  },
  {
   "type": "Feature",
   "geometry": {
    "type": "Point",
    "coordinates": [
     145.446035,
     -37.92073596
    ]
   },
   "properties": {
    "name": "36 FLORENCE AVENUE EMERALD 3782",
    "locID": "LOC000019487507",
    "tech": "FTTN",
    "upgrade": "NULL_NA",
    "gnaf_pid": "GAVIC420175116",
    "tech_change_status": "Not Planned"
   }
  },
  {
   "type": "Feature",
   "geometry": {
    "type": "Point",
    "coordinates": [
     145.43091884,
     -37.9296216
    ]
   },
   "properties": {
    "name": "11 OGILVY ROAD EMERALD 3782",
    "locID": "LOC000015355778",
    "tech": "FTTN",
    "upgrade": "FTTP_NA",
    "gnaf_pid": "GAVIC420175121",
    "tech_change_status": "Committed",
    "program_type": "On-Demand N2P SDU/MDU Simple",
    "target_eligibility_quarter": "Jun 2025"
   }
  },
  {
   "type": "Feature",
   "geometry": {
    "type": "Point",
    "coordinates": [
     145.449872,
     -37.92748
    ]
   },
   "properties": {
    "name": "8 OLD GEMBROOK ROAD EMERALD 3782",
    "locID": "LOC000003641882",
    "tech": "FTTN",
    "upgrade": "FTTP_NA",
    "gnaf_pid": "GAVIC420175122",
    "tech_change_status": "Committed",
    "program_type": "On-Demand N2P SDU/MDU Simple",
    "target_eligibility_quarter": "Jun 2025"
   }
  },
  {
   "type": "Feature",
   "geometry": {
    "type": "Point",
    "coordinates": [
     145.436376,
     -37.931898
    ]
   },
   "properties": {
    "name": "6 CHURCH STREET EMERALD 3782",
    "locID": "LOC000108960977",
    "tech": "FTTN",
    "upgrade": "FTTP_NA",
    "gnaf_pid": "GAVIC420175181",
    "tech_change_status": "Committed",
    "program_type": "On-Demand N2P SDU/MDU Simple",
    "target_eligibility_quarter": "Dec 2025"
   }
  },
  {
   "type": "Feature",
   "geometry": {
    "type": "Point",
    "coordinates": [
     145.43642747,
     -37.93245328
    ]
   },
   "properties": {
    "name": "7 CHURCH STREET EMERALD 3782",
    "locID": "LOC000094689825",
    "tech": "FTTN",
    "upgrade": "FTTP_NA",
    "gnaf_pid": "GAVIC420175182",
    "tech_change_status": "Committed",
    "program_type": "On-Demand N2P SDU/MDU Simple",
    "target_eligibility_quarter": "Jun 2025"
   }
  },
  {
   "type": "Feature",
   "geometry": {
    "type": "Point",
    "coordinates": [
     145.46727851,
     -37.919344
    ]
   },
   "properties": {
    "name": "7 FAIRWAY ROAD EMERALD 3782",
    "locID": "LOC000096587029",
    "tech": "FTTN",
    "upgrade": "FTTP_NA",
    "gnaf_pid": "GAVIC420177945",
    "tech_change_status": "Committed",
    "program_type": "On-Demand N2P SDU/MDU Simple",
    "target_eligibility_quarter": "Jun 2025"
   }
  },
  {
   "type": "Feature",
   "geometry": {
    "type": "Point",
    "coordinates": [
     145.440904,
     -37.931354
    ]
   },
   "properties": {
    "name": "2 FERRES ROAD EMERALD 3782",
    "locID": "LOC000024209391",
    "tech": "FTTN",
    "upgrade": "FTTP_NA",
    "gnaf_pid": "GAVIC420177951",
    "tech_change_status": "Committed",
    "program_type": "On-Demand N2P SDU/MDU Simple",
    "target_eligibility_quarter": "Jun 2025"
   }
  },
  {
   "type": "Feature",
   "geometry": {
    "type": "Point",
    "coordinates": [
     145.44045,
     -37.930248
    ]
   },
   "properties": {
    "name": "17 FERRES ROAD EMERALD 3782",
    "locID": "LOC000026965358",
    "tech": "FTTN",
    "upgrade": "FTTP_NA",
    "gnaf_pid": "GAVIC420177952",
    "tech_change_status": "Committed",
    "program_type": "On-Demand N2P SDU/MDU Simple",
    "target_eligibility_quarter": "Jun 2025"
   }
  },
  {
   "type": "Feature",
   "geometry": {
    "type": "Point",
    "coordinates": [
     145.440756,
     -37.927585
    ]
   },
   "properties": {
    "name": "36 FERRES ROAD EMERALD 3782",
    "locID": "LOC000018549408",
    "tech": "FTTN",
    "upgrade": "FTTP_NA",
    "gnaf_pid": "GAVIC420177953",
    "tech_change_status": "Committed",
    "program_type": "On-Demand N2P SDU/MDU Simple",
    "target_eligibility_quarter": "Jun 2025"
   }
  },
  {
   "type": "Feature",
   "geometry": {
    "type": "Point",
    "coordinates": [
     145.440684,
     -37.925637
    ]
   },
   "properties": {
    "name": "52 FERRES ROAD EMERALD 3782",
    "locID": "LOC000106201831",
    "tech": "FTTN",
    "upgrade": "NULL_NA",
    "gnaf_pid": "GAVIC420177954",
    "tech_change_status": "Not Planned"
   }
  },
  {
   "type": "Feature",
   "geometry": {
    "type": "Point",
    "coordinates": [
     145.44599913,
     -37.90211235
    ]
   },
   "properties": {
    "name": "2 BUTTERFIELD ROAD EMERALD 3782",
    "locID": "LOC000058656735",
    "tech": "FTTN",
    "upgrade": "NULL_NA",
    "gnaf_pid": "GAVIC420179618",
    "tech_change_status": "Not Planned"
   }
  },
  {
   "type": "Feature",
   "geometry": {
    "type": "Point",
    "coordinates": [
     145.447121,
     -37.894928
    ]
   },
   "properties": {
    "name": "12 BUTTERFIELD ROAD EMERALD 3782",
    "locID": "LOC000021779994",
    "tech": "NULL",
    "upgrade": "NULL_NA",
    "gnaf_pid": "GAVIC420179619",
    "tech_change_status": "Not Planned"
   }
  },
  {
   "type": "Feature",
   "geometry": {
    "type": "Point",
    "coordinates": [
     145.446843,
     -37.897844
    ]
   },
   "properties": {
    "name": "19 BUTTERFIELD ROAD EMERALD 3782",
    "locID": "LOC000101923012",
    "tech": "FTTN",
    "upgrade": "NULL_NA",
    "gnaf_pid": "GAVIC420179620",
    "tech_change_status": "Not Planned"
   }
  },
  {
   "type": "Feature",
   "geometry": {
    "type": "Point",
    "coordinates": [
     145.44198765,
     -37.91980198
    ]
   },
   "properties": {
    "name": "34 CHARMAN AVENUE EMERALD 3782",
    "locID": "LOC000075788786",
    "tech": "FTTN",
    "upgrade": "NULL_NA",
    "gnaf_pid": "GAVIC420179624",
    "tech_change_status": "Not Planned"
   }
  },
  {
   "type": "Feature",
   "geometry": {
    "type": "Point",
    "coordinates": [
     145.44091518,
     -37.91761217
    ]
   },
   "properties": {
    "name": "9 CAROLINE CRESCENT EMERALD 3782",
    "locID": "LOC000030174326",
    "tech": "FTTN",
    "upgrade": "NULL_NA",
    "gnaf_pid": "GAVIC420179625",
    "tech_change_status": "Not Planned"
   }
  },
  {
   "type": "Feature",
   "geometry": {
    "type": "Point",
    "coordinates": [
     145.45155029,
     -37.91529497
    ]
   },
   "properties": {
    "name": "4 CARRAMAR COURT EMERALD 3782",
    "locID": "LOC000074041962",
    "tech": "FTTN",
    "upgrade": "NULL_NA",
    "gnaf_pid": "GAVIC420179626",
    "tech_change_status": "Not Planned"
   }
  },
  {
   "type": "Feature",
   "geometry": {
    "type": "Point",
    "coordinates": [
     145.44093,
     -37.923135
    ]
   },
   "properties": {
    "name": "1 BARNSHAW LANE EMERALD 3782",
    "locID": "LOC000016895711",
    "tech": "FTTN",
    "upgrade": "NULL_NA",
    "gnaf_pid": "GAVIC420180466",
    "tech_change_status": "Not Planned"
   }
  },
  {
   "type": "Feature",
   "geometry": {
    "type": "Point",
    "coordinates": [
     145.44205748,
     -37.92343513
    ]
   },
   "properties": {
    "name": "6 BARNSHAW LANE EMERALD 3782",
    "locID": "LOC000080596181",
    "tech": "FTTN",
    "upgrade": "FTTP_NA",
    "gnaf_pid": "GAVIC420180467",
    "tech_change_status": "Committed",
    "program_type": "On-Demand N2P SDU/MDU Simple",
    "target_eligibility_quarter": "Jun 2025"
   }
  },
  {
   "type": "Feature",
   "geometry": {
    "type": "Point",
    "coordinates": [
     145.42996865,
     -37.94132676
    ]
   },
   "properties": {
    "name": "58 WESTLANDS ROAD EMERALD 3782",
    "locID": "LOC000073971646",
    "tech": "WIRELESS",
    "upgrade": "NULL_NA",
    "gnaf_pid": "GAVIC420181082",
    "tech_change_status": "Not Planned"
   }
  },
  {
   "type": "Feature",
   "geometry": {
    "type": "Point",
    "coordinates": [
     145.42941778,
     -37.94202265
    ]
   },
   "properties": {
    "name": "60 WESTLANDS ROAD EMERALD 3782",
    "locID": "LOC000025239355",
    "tech": "WIRELESS",
    "upgrade": "NULL_NA",
    "gnaf_pid": "GAVIC420181083",
    "tech_change_status": "Not Planned"
   }
  },
  {
   "type": "Feature",
   "geometry": {
    "type": "Point",
    "coordinates": [
     145.432622,
     -37.933966
    ]
   },
   "properties": {
    "name": "10 WOODLANDS AVENUE EMERALD 3782",
    "locID": "LOC000008015361",
    "tech": "FTTN",
    "upgrade": "NULL_NA",
    "gnaf_pid": "GAVIC420181091",
    "tech_change_status": "Not Planned"
   }
  },
  {
   "type": "Feature",
   "geometry": {
    "type": "Point",
    "coordinates": [
     145.466828,
     -37.920736
    ]
   },
   "properties": {
    "name": "3 MACCLESFIELD ROAD EMERALD 3782",
    "locID": "LOC000081051059",
    "tech": "FTTN",
    "upgrade": "FTTP_NA",
    "gnaf_pid": "GAVIC420181188",
    "tech_change_status": "Committed",
    "program_type": "On-Demand N2P SDU/MDU Simple",
    "target_eligibility_quarter": "Jun 2025"
   }
  },
  {
   "type": "Feature",
   "geometry": {
    "type": "Point",
    "coordinates": [
     145.46694452,
     -37.92060089
    ]
   },
   "properties": {
    "name": "5 MACCLESFIELD ROAD EMERALD 3782",
    "locID": "LOC000084746879",
    "tech": "FTTN",
    "upgrade": "FTTP_NA",
    "gnaf_pid": "GAVIC420181189",
    "tech_change_status": "Committed",
    "program_type": "On-Demand N2P SDU/MDU Simple",
    "target_eligibility_quarter": "Jun 2025"
   }
  },
  {
   "type": "Feature",
   "geometry": {
    "type": "Point",
    "coordinates": [
     145.46961204,
     -37.91749031
    ]
   },
   "properties": {
    "name": "37 MACCLESFIELD ROAD EMERALD 3782",
    "locID": "LOC000107840680",
    "tech": "FTTN",
    "upgrade": "FTTP_NA",
    "gnaf_pid": "GAVIC420181190",
    "tech_change_status": "Committed",
    "program_type": "On-Demand N2P SDU/MDU Simple",
    "target_eligibility_quarter": "Jun 2025"
   }
  },
  {
   "type": "Feature",
   "geometry": {
    "type": "Point",
    "coordinates": [
     145.47009133,
     -37.91640468
    ]
   },
   "properties": {
    "name": "47 MACCLESFIELD ROAD EMERALD 3782",
    "locID": "LOC000068001744",
    "tech": "FTTN",
    "upgrade": "FTTP_NA",
    "gnaf_pid": "GAVIC420181191",
    "tech_change_status": "Committed",
    "program_type": "On-Demand N2P SDU/MDU Simple",
    "target_eligibility_quarter": "Jun 2025"
   }
  },
  {
   "type": "Feature",
   "geometry": {
    "type": "Point",
    "coordinates": [
     145.44533,
     -37.910838
    ]
   },
   "properties": {
    "name": "10 SUNNYSIDE TERRACE EMERALD 3782",
    "locID": "LOC000031964953",
    "tech": "FTTN",
    "upgrade": "NULL_NA",
    "gnaf_pid": "GAVIC420181203",
    "tech_change_status": "Not Planned"
   }
  },
  {
   "type": "Feature",
   "geometry": {
    "type": "Point",
    "coordinates": [
     145.444981,
     -37.91068
    ]
   },
   "properties": {
    "name": "12 SUNNYSIDE TERRACE EMERALD 3782",
    "locID": "LOC000071420054",
    "tech": "FTTN",
    "upgrade": "NULL_NA",
    "gnaf_pid": "GAVIC420181204",
    "tech_change_status": "Not Planned"
   }
  },
  {
   "type": "Feature",
   "geometry": {
    "type": "Point",
    "coordinates": [
     145.446289,
     -37.911247
    ]
   },
   "properties": {
    "name": "13 SUNNYSIDE TERRACE EMERALD 3782",
    "locID": "LOC000088950736",
    "tech": "FTTN",
    "upgrade": "NULL_NA",
    "gnaf_pid": "GAVIC420181205",
    "tech_change_status": "Not Planned"
   }
  },
  {
   "type": "Feature",
   "geometry": {
    "type": "Point",
    "coordinates": [
     145.445664,
     -37.910662
    ]
   },
   "properties": {
    "name": "19 SUNNYSIDE TERRACE EMERALD 3782",
    "locID": "LOC000035548817",
    "tech": "FTTN",
    "upgrade": "NULL_NA",
    "gnaf_pid": "GAVIC420181206",
    "tech_change_status": "Not Planned"
   }
  },
  {
   "type": "Feature",
   "geometry": {
    "type": "Point",
    "coordinates": [
     145.445258,
     -37.910476
    ]
   },
   "properties": {
    "name": "21 SUNNYSIDE TERRACE EMERALD 3782",
    "locID": "LOC000039438322",
    "tech": "FTTN",
    "upgrade": "NULL_NA",
    "gnaf_pid": "GAVIC420181207",
    "tech_change_status": "Not Planned"
   }
  },
  {
   "type": "Feature",
   "geometry": {
    "type": "Point",
    "coordinates": [
     145.454585,
     -37.917061
    ]
   },
   "properties": {
    "name": "4 SYCAMORE AVENUE EMERALD 3782",
    "locID": "LOC000092924471",
    "tech": "FTTN",
    "upgrade": "NULL_NA",
    "gnaf_pid": "GAVIC420181208",
    "tech_change_status": "Not Planned"
   }
  },
  {
   "type": "Feature",
   "geometry": {
    "type": "Point",
    "coordinates": [
     145.45527158,
     -37.91434298
    ]
   },
   "properties": {
    "name": "18 SYCAMORE AVENUE EMERALD 3782",
    "locID": "LOC000007154451",
    "tech": "FTTN",
    "upgrade": "NULL_NA",
    "gnaf_pid": "GAVIC420181209",
    "tech_change_status": "Not Planned"
   }
  },
  {
   "type": "Feature",
   "geometry": {
    "type": "Point",
    "coordinates": [
     145.45408061,
     -37.91249334
    ]
   },
   "properties": {
    "name": "26 SYCAMORE AVENUE EMERALD 3782",
    "locID": "LOC000096961218",
    "tech": "FTTN",
    "upgrade": "NULL_NA",
    "gnaf_pid": "GAVIC420181210",
    "tech_change_status": "Not Planned"
   }
  },
  {
   "type": "Feature",
   "geometry": {
    "type": "Point",
    "coordinates": [
     145.44276537,
     -37.9207849
    ]
   },
   "properties": {
    "name": "8 SYDNEY AVENUE EMERALD 3782",
    "locID": "LOC000012712109",
    "tech": "FTTN",
    "upgrade": "NULL_NA",
    "gnaf_pid": "GAVIC420181212",
    "tech_change_status": "Not Planned"
   }
  },
  {
   "type": "Feature",
   "geometry": {
    "type": "Point",
    "coordinates": [
     145.43977157,
     -37.9200216
    ]
   },
   "properties": {
    "name": "9 SYDNEY AVENUE EMERALD 3782",
    "locID": "LOC000084751257",
    "tech": "FTTN",
    "upgrade": "NULL_NA",
    "gnaf_pid": "GAVIC420181213",
    "tech_change_status": "Not Planned"
   }
  },
  {
   "type": "Feature",
   "geometry": {
    "type": "Point",
    "coordinates": [
     145.44007216,
     -37.91990613
    ]
   },
   "properties": {
    "name": "16 SYDNEY AVENUE EMERALD 3782",
    "locID": "LOC000101849571",
    "tech": "FTTN",
    "upgrade": "NULL_NA",
    "gnaf_pid": "GAVIC420181214",
    "tech_change_status": "Not Planned"
   }
  },
  {
   "type": "Feature",
   "geometry": {
    "type": "Point",
    "coordinates": [
     145.43047256,
     -37.93404525
    ]
   },
   "properties": {
    "name": "17 CLEMATIS PARK ROAD EMERALD 3782",
    "locID": "LOC000048769522",
    "tech": "FTTN",
    "upgrade": "NULL_NA",
    "gnaf_pid": "GAVIC420181260",
    "tech_change_status": "Not Planned"
   }
  },
  {
   "type": "Feature",
   "geometry": {
    "type": "Point",
    "coordinates": [
     145.431646,
     -37.935458
    ]
   },
   "properties": {
    "name": "23 CLEMATIS PARK ROAD EMERALD 3782",
    "locID": "LOC000030162916",
    "tech": "FTTN",
    "upgrade": "FTTP_NA",
    "gnaf_pid": "GAVIC420181261",
    "tech_change_status": "Committed",
    "program_type": "On-Demand N2P SDU/MDU Simple",
    "target_eligibility_quarter": "Jun 2025"
   }
  },
  {
   "type": "Feature",
   "geometry": {
    "type": "Point",
    "coordinates": [
     145.431849,
     -37.935578
    ]
   },
   "properties": {
    "name": "25 CLEMATIS PARK ROAD EMERALD 3782",
    "locID": "LOC000011054428",
    "tech": "FTTN",
    "upgrade": "FTTP_NA",
    "gnaf_pid": "GAVIC420181262",
    "tech_change_status": "Committed",
    "program_type": "On-Demand N2P SDU/MDU Simple",
    "target_eligibility_quarter": "Jun 2025"
   }
  },
  {
   "type": "Feature",
   "geometry": {
    "type": "Point",
    "coordinates": [
     145.46566996,
     -37.92837977
    ]
   },
   "properties": {
    "name": "1 VISTA DRIVE EMERALD 3782",
    "locID": "LOC000020284052",
    "tech": "FTTN",
    "upgrade": "FTTP_NA",
    "gnaf_pid": "GAVIC420181299",
    "tech_change_status": "Committed",
    "program_type": "On-Demand N2P SDU/MDU Simple",
    "target_eligibility_quarter": "Jun 2025"
   }
  },
  {
   "type": "Feature",
   "geometry": {
    "type": "Point",
    "coordinates": [
     145.46575156,
     -37.92969798
    ]
   },
   "properties": {
    "name": "9 VISTA DRIVE EMERALD 3782",
    "locID": "LOC000070942890",
    "tech": "FTTN",
    "upgrade": "FTTP_NA",
    "gnaf_pid": "GAVIC420181300",
    "tech_change_status": "Committed",
    "program_type": "On-Demand N2P SDU/MDU Simple",
    "target_eligibility_quarter": "Jun 2025"
   }
  },
  {
   "type": "Feature",
   "geometry": {
    "type": "Point",
    "coordinates": [
     145.446475,
     -37.911574
    ]
   },
   "properties": {
    "name": "9 SUNNYSIDE TERRACE EMERALD 3782",
    "locID": "LOC000023458126",
    "tech": "FTTN",
    "upgrade": "NULL_NA",
    "gnaf_pid": "GAVIC420181845",
    "tech_change_status": "Not Planned"
   }
  },
  {
   "type": "Feature",
   "geometry": {
    "type": "Point",
    "coordinates": [
     145.445728,
     -37.918404
    ]
   },
   "properties": {
    "name": "17 CHARMAN AVENUE EMERALD 3782",
    "locID": "LOC000021883427",
    "tech": "FTTN",
    "upgrade": "NULL_NA",
    "gnaf_pid": "GAVIC420181873",
    "tech_change_status": "Not Planned"
   }
  },
  {
   "type": "Feature",
   "geometry": {
    "type": "Point",
    "coordinates": [
     145.44353826,
     -37.9195536
    ]
   },
   "properties": {
    "name": "26 CHARMAN AVENUE EMERALD 3782",
    "locID": "LOC000060349939",
    "tech": "FTTN",
    "upgrade": "NULL_NA",
    "gnaf_pid": "GAVIC420181874",
    "tech_change_status": "Not Planned"
   }
  },
  {
   "type": "Feature",
   "geometry": {
    "type": "Point",
    "coordinates": [
     145.436636,
     -37.93036
    ]
   },
   "properties": {
    "name": "6 WALNUT AVENUE EMERALD 3782",
    "locID": "LOC000066736241",
    "tech": "FTTN",
    "upgrade": "FTTP_NA",
    "gnaf_pid": "GAVIC420182744",
    "tech_change_status": "Committed",
    "program_type": "On-Demand N2P SDU/MDU Simple",
    "target_eligibility_quarter": "Jun 2025"
   }
  },
  {
   "type": "Feature",
   "geometry": {
    "type": "Point",
    "coordinates": [
     145.436794,
     -37.929807
    ]
   },
   "properties": {
    "name": "10 WALNUT AVENUE EMERALD 3782",
    "locID": "LOC000070995466",
    "tech": "FTTN",
    "upgrade": "FTTP_NA",
    "gnaf_pid": "GAVIC420182745",
    "tech_change_status": "Committed",
    "program_type": "On-Demand N2P SDU/MDU Simple",
    "target_eligibility_quarter": "Jun 2025"
   }
  },
  {
   "type": "Feature",
   "geometry": {
    "type": "Point",
    "coordinates": [
     145.43712582,
     -37.92822005
    ]
   },
   "properties": {
    "name": "14 WALNUT AVENUE EMERALD 3782",
    "locID": "LOC000063462229",
    "tech": "FTTN",
    "upgrade": "FTTP_NA",
    "gnaf_pid": "GAVIC420182746",
    "tech_change_status": "Committed",
    "program_type": "On-Demand N2P SDU/MDU Simple",
    "target_eligibility_quarter": "Dec 2025"
   }
  },
  {
   "type": "Feature",
   "geometry": {
    "type": "Point",
    "coordinates": [
     145.44197511,
     -37.89646574
    ]
   },
   "properties": {
    "name": "164 EMERALD-MONBULK ROAD EMERALD 3782",
    "locID": "LOC000028523542",
    "tech": "FTTN",
    "upgrade": "NULL_NA",
    "gnaf_pid": "GAVIC420183193",
    "tech_change_status": "Not Planned"
   }
  },
  {
   "type": "Feature",
   "geometry": {
    "type": "Point",
    "coordinates": [
     145.450934,
     -37.913759
    ]
   },
   "properties": {
    "name": "8 OAK AVENUE EMERALD 3782",
    "locID": "LOC000026107690",
    "tech": "FTTN",
    "upgrade": "NULL_NA",
    "gnaf_pid": "GAVIC420183894",
    "tech_change_status": "Not Planned"
   }
  },
  {
   "type": "Feature",
   "geometry": {
    "type": "Point",
    "coordinates": [
     145.42941503,
     -37.92920458
    ]
   },
   "properties": {
    "name": "3 OGILVY ROAD EMERALD 3782",
    "locID": "LOC000055306013",
    "tech": "FTTN",
    "upgrade": "NULL_NA",
    "gnaf_pid": "GAVIC420183904",
    "tech_change_status": "Not Planned"
   }
  },
  {
   "type": "Feature",
   "geometry": {
    "type": "Point",
    "coordinates": [
     145.44782525,
     -37.92547845
    ]
   },
   "properties": {
    "name": "5 ALEXANDER STREET EMERALD 3782",
    "locID": "LOC000104924644",
    "tech": "FTTN",
    "upgrade": "NULL_NA",
    "gnaf_pid": "GAVIC420184783",
    "tech_change_status": "Not Planned"
   }
  },
  {
   "type": "Feature",
   "geometry": {
    "type": "Point",
    "coordinates": [
     145.44408824,
     -37.93039899
    ]
   },
   "properties": {
    "name": "390 BELGRAVE-GEMBROOK ROAD EMERALD 3782",
    "locID": "LOC000152279695",
    "tech": "FTTN",
    "upgrade": "FTTP_NA",
    "gnaf_pid": "GAVIC420184894",
    "tech_change_status": "Committed",
    "program_type": "On-Demand N2P SDU/MDU Simple",
    "target_eligibility_quarter": "Jun 2025"
   }
  },
  {
   "type": "Feature",
   "geometry": {
    "type": "Point",
    "coordinates": [
     145.44442206,
     -37.93021144
    ]
   },
   "properties": {
    "name": "392 BELGRAVE-GEMBROOK ROAD EMERALD 3782",
    "locID": "LOC000189309638",
    "tech": "FTTP",
    "upgrade": "NULL_NA",
    "gnaf_pid": "GAVIC420184895"
   }
  },
  {
   "type": "Feature",
   "geometry": {
    "type": "Point",
    "coordinates": [
     145.44881908,
     -37.92557752
    ]
   },
   "properties": {
    "name": "399 BELGRAVE-GEMBROOK ROAD EMERALD 3782",
    "locID": "LOC000042593935",
    "tech": "FTTN",
    "upgrade": "NULL_NA",
    "gnaf_pid": "GAVIC420184897",
    "tech_change_status": "Not Planned"
   }
  },
  {
   "type": "Feature",
   "geometry": {
    "type": "Point",
    "coordinates": [
     145.4502898,
     -37.92578431
    ]
   },
   "properties": {
    "name": "403 BELGRAVE-GEMBROOK ROAD EMERALD 3782",
    "locID": "LOC000021263579",
    "tech": "FTTN",
    "upgrade": "NULL_NA",
    "gnaf_pid": "GAVIC420184898",
    "tech_change_status": "Not Planned"
   }
  },
  {
   "type": "Feature",
   "geometry": {
    "type": "Point",
    "coordinates": [
     145.45533758,
     -37.92687327
    ]
   },
   "properties": {
    "name": "406 BELGRAVE-GEMBROOK ROAD EMERALD 3782",
    "locID": "LOC000045093020",
    "tech": "FTTN",
    "upgrade": "NULL_NA",
    "gnaf_pid": "GAVIC420184899",
    "tech_change_status": "Not Planned"
   }
  },
  {
   "type": "Feature",
   "geometry": {
    "type": "Point",
    "coordinates": [
     145.45088976,
     -37.92624418
    ]
   },
   "properties": {
    "name": "407 BELGRAVE-GEMBROOK ROAD EMERALD 3782",
    "locID": "LOC000034232880",
    "tech": "FTTN",
    "upgrade": "NULL_NA",
    "gnaf_pid": "GAVIC420184900",
    "tech_change_status": "Not Planned"
   }
  },
  {
   "type": "Feature",
   "geometry": {
    "type": "Point",
    "coordinates": [
     145.45580766,
     -37.9266803
    ]
   },
   "properties": {
    "name": "408 BELGRAVE-GEMBROOK ROAD EMERALD 3782",
    "locID": "LOC000038022676",
    "tech": "FTTN",
    "upgrade": "NULL_NA",
    "gnaf_pid": "GAVIC420184901",
    "tech_change_status": "Not Planned"
   }
  },
  {
   "type": "Feature",
   "geometry": {
    "type": "Point",
    "coordinates": [
     145.45146681,
     -37.92642504
    ]
   },
   "properties": {
    "name": "411 BELGRAVE-GEMBROOK ROAD EMERALD 3782",
    "locID": "LOC000058065878",
    "tech": "FTTN",
    "upgrade": "NULL_NA",
    "gnaf_pid": "GAVIC420184902",
    "tech_change_status": "Not Planned"
   }
  },
  {
   "type": "Feature",
   "geometry": {
    "type": "Point",
    "coordinates": [
     145.45317,
     -37.912924
    ]
   },
   "properties": {
    "name": "26 POPLAR CRESCENT EMERALD 3782",
    "locID": "LOC000007196024",
    "tech": "FTTN",
    "upgrade": "NULL_NA",
    "gnaf_pid": "GAVIC420184948",
    "tech_change_status": "Not Planned"
   }
  },
  {
   "type": "Feature",
   "geometry": {
    "type": "Point",
    "coordinates": [
     145.44496274,
     -37.90095102
    ]
   },
   "properties": {
    "name": "128 EMERALD-MONBULK ROAD EMERALD 3782",
    "locID": "LOC000004414257",
    "tech": "FTTN",
    "upgrade": "NULL_NA",
    "gnaf_pid": "GAVIC420185629",
    "tech_change_status": "Not Planned"
   }
  },
  {
   "type": "Feature",
   "geometry": {
    "type": "Point",
    "coordinates": [
     145.444062,
     -37.898168
    ]
   },
   "properties": {
    "name": "146 EMERALD-MONBULK ROAD EMERALD 3782",
    "locID": "LOC000025291774",
    "tech": "FTTN",
    "upgrade": "NULL_NA",
    "gnaf_pid": "GAVIC420185630",
    "tech_change_status": "Not Planned"
   }
  },
  {
   "type": "Feature",
   "geometry": {
    "type": "Point",
    "coordinates": [
     145.442956,
     -37.897198
    ]
   },
   "properties": {
    "name": "152 EMERALD-MONBULK ROAD EMERALD 3782",
    "locID": "LOC000097226161",
    "tech": "FTTN",
    "upgrade": "NULL_NA",
    "gnaf_pid": "GAVIC420185631",
    "tech_change_status": "Not Planned"
   }
  },
  {
   "type": "Feature",
   "geometry": {
    "type": "Point",
    "coordinates": [
     145.4427948,
     -37.89707967
    ]
   },
   "properties": {
    "name": "154 EMERALD-MONBULK ROAD EMERALD 3782",
    "locID": "LOC000052168414",
    "tech": "FTTN",
    "upgrade": "NULL_NA",
    "gnaf_pid": "GAVIC420185632",
    "tech_change_status": "Not Planned"
   }
  },
  {
   "type": "Feature",
   "geometry": {
    "type": "Point",
    "coordinates": [
     145.448358,
     -37.928046
    ]
   },
   "properties": {
    "name": "7 SHERRIFF ROAD EMERALD 3782",
    "locID": "LOC000045570201",
    "tech": "FTTN",
    "upgrade": "FTTP_NA",
    "gnaf_pid": "GAVIC420186214",
    "tech_change_status": "Committed",
    "program_type": "On-Demand N2P SDU/MDU Simple",
    "target_eligibility_quarter": "Jun 2025"
   }
  },
  {
   "type": "Feature",
   "geometry": {
    "type": "Point",
    "coordinates": [
     145.442262,
     -37.92309
    ]
   },
   "properties": {
    "name": "7 BARNSHAW LANE EMERALD 3782",
    "locID": "LOC000025163482",
    "tech": "FTTN",
    "upgrade": "FTTP_NA",
    "gnaf_pid": "GAVIC420186809",
    "tech_change_status": "Committed",
    "program_type": "On-Demand N2P SDU/MDU Simple",
    "target_eligibility_quarter": "Jun 2025"
   }
  },
  {
   "type": "Feature",
   "geometry": {
    "type": "Point",
    "coordinates": [
     145.43656788,
     -37.9348248
    ]
   },
   "properties": {
    "name": "2 PEPPERMINT COURT EMERALD 3782",
    "locID": "LOC000105858234",
    "tech": "FTTN",
    "upgrade": "FTTP_NA",
    "gnaf_pid": "GAVIC420186812",
    "tech_change_status": "Committed",
    "program_type": "On-Demand N2P SDU/MDU Simple",
    "target_eligibility_quarter": "Jun 2025"
   }
  },
  {
   "type": "Feature",
   "geometry": {
    "type": "Point",
    "coordinates": [
     145.441455,
     -37.932217
    ]
   },
   "properties": {
    "name": "356 BELGRAVE-GEMBROOK ROAD EMERALD 3782",
    "locID": "LOC000125539124",
    "tech": "FTTN",
    "upgrade": "FTTP_NA",
    "gnaf_pid": "GAVIC420187538",
    "tech_change_status": "Committed",
    "program_type": "On-Demand N2P SDU/MDU Simple",
    "target_eligibility_quarter": "Jun 2025"
   }
  },
  {
   "type": "Feature",
   "geometry": {
    "type": "Point",
    "coordinates": [
     145.441998,
     -37.931846
    ]
   },
   "properties": {
    "name": "362 BELGRAVE-GEMBROOK ROAD EMERALD 3782",
    "locID": "LOC000125539148",
    "tech": "FTTN",
    "upgrade": "FTTP_NA",
    "gnaf_pid": "GAVIC420187539",
    "tech_change_status": "Committed",
    "program_type": "On-Demand N2P SDU/MDU Simple",
    "target_eligibility_quarter": "Jun 2025"
   }
  },
  {
   "type": "Feature",
   "geometry": {
    "type": "Point",
    "coordinates": [
     145.44235628,
     -37.93159001
    ]
   },
   "properties": {
    "name": "366 BELGRAVE-GEMBROOK ROAD EMERALD 3782",
    "locID": "LOC000071704880",
    "tech": "FTTN",
    "upgrade": "FTTP_NA",
    "gnaf_pid": "GAVIC420187540",
    "tech_change_status": "Committed",
    "program_type": "On-Demand N2P SDU/MDU Simple",
    "target_eligibility_quarter": "Dec 2025"
   }
  },
  {
   "type": "Feature",
   "geometry": {
    "type": "Point",
    "coordinates": [
     145.45155794,
     -37.91455308
    ]
   },
   "properties": {
    "name": "6 CARRAMAR COURT EMERALD 3782",
    "locID": "LOC000046528447",
    "tech": "FTTN",
    "upgrade": "NULL_NA",
    "gnaf_pid": "GAVIC420187621",
    "tech_change_status": "Not Planned"
   }
  },
  {
   "type": "Feature",
   "geometry": {
    "type": "Point",
    "coordinates": [
     145.45033099,
     -37.91504887
    ]
   },
   "properties": {
    "name": "13 CARRAMAR COURT EMERALD 3782",
    "locID": "LOC000060954507",
    "tech": "FTTN",
    "upgrade": "NULL_NA",
    "gnaf_pid": "GAVIC420187622",
    "tech_change_status": "Not Planned"
   }
  },
  {
   "type": "Feature",
   "geometry": {
    "type": "Point",
    "coordinates": [
     145.4533747,
     -37.92571844
    ]
   },
   "properties": {
    "name": "9 MARY STREET EMERALD 3782",
    "locID": "LOC000031065091",
    "tech": "FTTN",
    "upgrade": "NULL_NA",
    "gnaf_pid": "GAVIC420187630",
    "tech_change_status": "Not Planned"
   }
  },
  {
   "type": "Feature",
   "geometry": {
    "type": "Point",
    "coordinates": [
     145.45833233,
     -37.92700172
    ]
   },
   "properties": {
    "name": "2 ELIZABETH COURT EMERALD 3782",
    "locID": "LOC000035639364",
    "tech": "FTTN",
    "upgrade": "NULL_NA",
    "gnaf_pid": "GAVIC420188286",
    "tech_change_status": "Not Planned"
   }
  },
  {
   "type": "Feature",
   "geometry": {
    "type": "Point",
    "coordinates": [
     145.45808251,
     -37.92669589
    ]
   },
   "properties": {
    "name": "3 ELIZABETH COURT EMERALD 3782",
    "locID": "LOC000072960724",
    "tech": "FTTN",
    "upgrade": "NULL_NA",
    "gnaf_pid": "GAVIC420188287",
    "tech_change_status": "Not Planned"
   }
  },
  {
   "type": "Feature",
   "geometry": {
    "type": "Point",
    "coordinates": [
     145.45134443,
     -37.91602951
    ]
   },
   "properties": {
    "name": "6 ELM CRESCENT EMERALD 3782",
    "locID": "LOC000059315262",
    "tech": "FTTN",
    "upgrade": "NULL_NA",
    "gnaf_pid": "GAVIC420188289",
    "tech_change_status": "Not Planned"
   }
  },
  {
   "type": "Feature",
   "geometry": {
    "type": "Point",
    "coordinates": [
     145.45199459,
     -37.91281744
    ]
   },
   "properties": {
    "name": "29 ELM CRESCENT EMERALD 3782",
    "locID": "LOC000035914224",
    "tech": "FTTN",
    "upgrade": "NULL_NA",
    "gnaf_pid": "GAVIC420188290",
    "tech_change_status": "Not Planned"
   }
  },
  {
   "type": "Feature",
   "geometry": {
    "type": "Point",
    "coordinates": [
     145.449937,
     -37.929247
    ]
   },
   "properties": {
    "name": "5 EMERALD LAKE ROAD EMERALD 3782",
    "locID": "LOC000057739788",
    "tech": "FTTN",
    "upgrade": "FTTP_NA",
    "gnaf_pid": "GAVIC420188292",
    "tech_change_status": "Committed",
    "program_type": "On-Demand N2P SDU/MDU Simple",
    "target_eligibility_quarter": "Jun 2025"
   }
  },
  {
   "type": "Feature",
   "geometry": {
    "type": "Point",
    "coordinates": [
     145.448235,
     -37.929576
    ]
   },
   "properties": {
    "name": "16 EMERALD LAKE ROAD EMERALD 3782",
    "locID": "LOC000051632896",
    "tech": "FTTN",
    "upgrade": "FTTP_NA",
    "gnaf_pid": "GAVIC420188293",
    "tech_change_status": "Committed",
    "program_type": "On-Demand N2P SDU/MDU Simple",
    "target_eligibility_quarter": "Jun 2025"
   }
  },
  {
   "type": "Feature",
   "geometry": {
    "type": "Point",
    "coordinates": [
     145.452603,
     -37.929652
    ]
   },
   "properties": {
    "name": "25 EMERALD LAKE ROAD EMERALD 3782",
    "locID": "LOC000021058269",
    "tech": "FTTN",
    "upgrade": "FTTP_NA",
    "gnaf_pid": "GAVIC420188294",
    "tech_change_status": "Committed",
    "program_type": "On-Demand N2P SDU/MDU Simple",
    "target_eligibility_quarter": "Dec 2025"
   }
  },
  {
   "type": "Feature",
   "geometry": {
    "type": "Point",
    "coordinates": [
     145.45582974,
     -37.92886624
    ]
   },
   "properties": {
    "name": "39 EMERALD LAKE ROAD EMERALD 3782",
    "locID": "LOC000047839226",
    "tech": "FTTN",
    "upgrade": "NULL_NA",
    "gnaf_pid": "GAVIC420188295",
    "tech_change_status": "Not Planned"
   }
  },
  {
   "type": "Feature",
   "geometry": {
    "type": "Point",
    "coordinates": [
     145.45701396,
     -37.92805907
    ]
   },
   "properties": {
    "name": "43 EMERALD LAKE ROAD EMERALD 3782",
    "locID": "LOC000046848939",
    "tech": "FTTN",
    "upgrade": "NULL_NA",
    "gnaf_pid": "GAVIC420188296",
    "tech_change_status": "Not Planned"
   }
  },
  {
   "type": "Feature",
   "geometry": {
    "type": "Point",
    "coordinates": [
     145.443535,
     -37.926405
    ]
   },
   "properties": {
    "name": "14 EMERALD-MONBULK ROAD EMERALD 3782",
    "locID": "LOC000104749200",
    "tech": "FTTN",
    "upgrade": "FTTP_NA",
    "gnaf_pid": "GAVIC420188297",
    "tech_change_status": "Committed",
    "program_type": "On-Demand N2P SDU/MDU Simple",
    "target_eligibility_quarter": "Jun 2025"
   }
  },
  {
   "type": "Feature",
   "geometry": {
    "type": "Point",
    "coordinates": [
     145.448924,
     -37.919555
    ]
   },
   "properties": {
    "name": "52 EMERALD-MONBULK ROAD EMERALD 3782",
    "locID": "LOC000106901328",
    "tech": "FTTN",
    "upgrade": "NULL_NA",
    "gnaf_pid": "GAVIC420188298",
    "tech_change_status": "Not Planned"
   }
  },
  {
   "type": "Feature",
   "geometry": {
    "type": "Point",
    "coordinates": [
     145.44861,
     -37.919316
    ]
   },
   "properties": {
    "name": "57 EMERALD-MONBULK ROAD EMERALD 3782",
    "locID": "LOC000029740233",
    "tech": "FTTN",
    "upgrade": "NULL_NA",
    "gnaf_pid": "GAVIC420188299",
    "tech_change_status": "Not Planned"
   }
  },
  {
   "type": "Feature",
   "geometry": {
    "type": "Point",
    "coordinates": [
     145.435506,
     -37.934788
    ]
   },
   "properties": {
    "name": "11 BAYVIEW ROAD EMERALD 3782",
    "locID": "LOC000013695994",
    "tech": "FTTN",
    "upgrade": "FTTP_NA",
    "gnaf_pid": "GAVIC420188381",
    "tech_change_status": "Committed",
    "program_type": "On-Demand N2P SDU/MDU Simple",
    "target_eligibility_quarter": "Jun 2025"
   }
  },
  {
   "type": "Feature",
   "geometry": {
    "type": "Point",
    "coordinates": [
     145.43515291,
     -37.93524632
    ]
   },
   "properties": {
    "name": "14 BAYVIEW ROAD EMERALD 3782",
    "locID": "LOC000021874735",
    "tech": "FTTN",
    "upgrade": "FTTP_NA",
    "gnaf_pid": "GAVIC420188382",
    "tech_change_status": "Committed",
    "program_type": "On-Demand N2P SDU/MDU Simple",
    "target_eligibility_quarter": "Jun 2025"
   }
  },
  {
   "type": "Feature",
   "geometry": {
    "type": "Point",
    "coordinates": [
     145.44597377,
     -37.93108811
    ]
   },
   "properties": {
    "name": "10 BEACONSFIELD-EMERALD ROAD EMERALD 3782",
    "locID": "LOC000104138770",
    "tech": "FTTN",
    "upgrade": "FTTP_NA",
    "gnaf_pid": "GAVIC420188384",
    "tech_change_status": "Committed",
    "program_type": "On-Demand N2P SDU/MDU Simple",
    "target_eligibility_quarter": "Dec 2025"
   }
  },
  {
   "type": "Feature",
   "geometry": {
    "type": "Point",
    "coordinates": [
     145.43580198,
     -37.9209555
    ]
   },
   "properties": {
    "name": "33 SYDNEY AVENUE EMERALD 3782",
    "locID": "LOC000084922254",
    "tech": "FTTN",
    "upgrade": "NULL_NA",
    "gnaf_pid": "GAVIC420189170",
    "tech_change_status": "Not Planned"
   }
  },
  {
   "type": "Feature",
   "geometry": {
    "type": "Point",
    "coordinates": [
     145.437745,
     -37.932799
    ]
   },
   "properties": {
    "name": "6 MEMORIAL AVENUE EMERALD 3782",
    "locID": "LOC000104643688",
    "tech": "FTTN",
    "upgrade": "FTTP_NA",
    "gnaf_pid": "GAVIC420190422",
    "tech_change_status": "Committed",
    "program_type": "On-Demand N2P SDU/MDU Simple",
    "target_eligibility_quarter": "Dec 2025"
   }
  },
  {
   "type": "Feature",
   "geometry": {
    "type": "Point",
    "coordinates": [
     145.438462,
     -37.933854
    ]
   },
   "properties": {
    "name": "16 MEMORIAL AVENUE EMERALD 3782",
    "locID": "LOC000078695243",
    "tech": "FTTN",
    "upgrade": "FTTP_NA",
    "gnaf_pid": "GAVIC420190423",
    "tech_change_status": "Committed",
    "program_type": "On-Demand N2P SDU/MDU Simple",
    "target_eligibility_quarter": "Jun 2025"
   }
  },
  {
   "type": "Feature",
   "geometry": {
    "type": "Point",
    "coordinates": [
     145.450559,
     -37.91754
    ]
   },
   "properties": {
    "name": "70 EMERALD-MONBULK ROAD EMERALD 3782",
    "locID": "LOC000045988179",
    "tech": "FTTN",
    "upgrade": "NULL_NA",
    "gnaf_pid": "GAVIC420191124",
    "tech_change_status": "Not Planned"
   }
  },
  {
   "type": "Feature",
   "geometry": {
    "type": "Point",
    "coordinates": [
     145.444564,
     -37.903474
    ]
   },
   "properties": {
    "name": "103 EMERALD-MONBULK ROAD EMERALD 3782",
    "locID": "LOC000082147170",
    "tech": "FTTN",
    "upgrade": "NULL_NA",
    "gnaf_pid": "GAVIC420191125",
    "tech_change_status": "Not Planned"
   }
  },
  {
   "type": "Feature",
   "geometry": {
    "type": "Point",
    "coordinates": [
     145.445156,
     -37.902391
    ]
   },
   "properties": {
    "name": "113 EMERALD-MONBULK ROAD EMERALD 3782",
    "locID": "LOC000007095803",
    "tech": "FTTN",
    "upgrade": "NULL_NA",
    "gnaf_pid": "GAVIC420191126",
    "tech_change_status": "Not Planned"
   }
  },
  {
   "type": "Feature",
   "geometry": {
    "type": "Point",
    "coordinates": [
     145.44529401,
     -37.90301458
    ]
   },
   "properties": {
    "name": "118 EMERALD-MONBULK ROAD EMERALD 3782",
    "locID": "LOC000032837543",
    "tech": "FTTN",
    "upgrade": "NULL_NA",
    "gnaf_pid": "GAVIC420191127",
    "tech_change_status": "Not Planned"
   }
  },
  {
   "type": "Feature",
   "geometry": {
    "type": "Point",
    "coordinates": [
     145.450411,
     -37.916465
    ]
   },
   "properties": {
    "name": "5 NOBELIUS STREET EMERALD 3782",
    "locID": "LOC000024391296",
    "tech": "FTTN",
    "upgrade": "NULL_NA",
    "gnaf_pid": "GAVIC420191139",
    "tech_change_status": "Not Planned"
   }
  },
  {
   "type": "Feature",
   "geometry": {
    "type": "Point",
    "coordinates": [
     145.45015465,
     -37.91563968
    ]
   },
   "properties": {
    "name": "7 NOBELIUS STREET EMERALD 3782",
    "locID": "LOC000077280324",
    "tech": "FTTN",
    "upgrade": "NULL_NA",
    "gnaf_pid": "GAVIC420191821",
    "tech_change_status": "Not Planned"
   }
  },
  {
   "type": "Feature",
   "geometry": {
    "type": "Point",
    "coordinates": [
     145.44910945,
     -37.91492893
    ]
   },
   "properties": {
    "name": "12 NOBELIUS STREET EMERALD 3782",
    "locID": "LOC000050831039",
    "tech": "FTTN",
    "upgrade": "NULL_NA",
    "gnaf_pid": "GAVIC420191822",
    "tech_change_status": "Not Planned"
   }
  },
  {
   "type": "Feature",
   "geometry": {
    "type": "Point",
    "coordinates": [
     145.448058,
     -37.912586
    ]
   },
   "properties": {
    "name": "26 NOBELIUS STREET EMERALD 3782",
    "locID": "LOC000036119139",
    "tech": "FTTN",
    "upgrade": "NULL_NA",
    "gnaf_pid": "GAVIC420191823",
    "tech_change_status": "Not Planned"
   }
  },
  {
   "type": "Feature",
   "geometry": {
    "type": "Point",
    "coordinates": [
     145.447995,
     -37.912306
    ]
   },
   "properties": {
    "name": "28 NOBELIUS STREET EMERALD 3782",
    "locID": "LOC000015549770",
    "tech": "FTTN",
    "upgrade": "NULL_NA",
    "gnaf_pid": "GAVIC420191825",
    "tech_change_status": "Not Planned"
   }
  },
  {
   "type": "Feature",
   "geometry": {
    "type": "Point",
    "coordinates": [
     145.447836,
     -37.911754
    ]
   },
   "properties": {
    "name": "32 NOBELIUS STREET EMERALD 3782",
    "locID": "LOC000014416237",
    "tech": "FTTN",
    "upgrade": "NULL_NA",
    "gnaf_pid": "GAVIC420191826",
    "tech_change_status": "Not Planned"
   }
  },
  {
   "type": "Feature",
   "geometry": {
    "type": "Point",
    "coordinates": [
     145.468935,
     -37.928298
    ]
   },
   "properties": {
    "name": "10 WRIGHT ROAD EMERALD 3782",
    "locID": "LOC000022717368",
    "tech": "FTTN",
    "upgrade": "FTTP_NA",
    "gnaf_pid": "GAVIC420191828",
    "tech_change_status": "Committed",
    "program_type": "On-Demand N2P SDU/MDU Simple",
    "target_eligibility_quarter": "Jun 2025"
   }
  },
  {
   "type": "Feature",
   "geometry": {
    "type": "Point",
    "coordinates": [
     145.447337,
     -37.913343
    ]
   },
   "properties": {
    "name": "5 GLENVISTA AVENUE EMERALD 3782",
    "locID": "LOC000075189926",
    "tech": "FTTN",
    "upgrade": "NULL_NA",
    "gnaf_pid": "GAVIC420191875",
    "tech_change_status": "Not Planned"
   }
  },
  {
   "type": "Feature",
   "geometry": {
    "type": "Point",
    "coordinates": [
     145.44689263,
     -37.91369322
    ]
   },
   "properties": {
    "name": "6 GLENVISTA AVENUE EMERALD 3782",
    "locID": "LOC000057385075",
    "tech": "FTTN",
    "upgrade": "NULL_NA",
    "gnaf_pid": "GAVIC420191876",
    "tech_change_status": "Not Planned"
   }
  },
  {
   "type": "Feature",
   "geometry": {
    "type": "Point",
    "coordinates": [
     145.46287571,
     -37.9209341
    ]
   },
   "properties": {
    "name": "16 RONALD ROAD EMERALD 3782",
    "locID": "LOC000008875092",
    "tech": "FTTN",
    "upgrade": "FTTP_NA",
    "gnaf_pid": "GAVIC420191910",
    "tech_change_status": "Committed",
    "program_type": "On-Demand N2P SDU/MDU Simple",
    "target_eligibility_quarter": "Jun 2025"
   }
  },
  {
   "type": "Feature",
   "geometry": {
    "type": "Point",
    "coordinates": [
     145.46285256,
     -37.92041777
    ]
   },
   "properties": {
    "name": "20 RONALD ROAD EMERALD 3782",
    "locID": "LOC000049179890",
    "tech": "FTTN",
    "upgrade": "FTTP_NA",
    "gnaf_pid": "GAVIC420191911",
    "tech_change_status": "Committed",
    "program_type": "On-Demand N2P SDU/MDU Simple",
    "target_eligibility_quarter": "Jun 2025"
   }
  },
  {
   "type": "Feature",
   "geometry": {
    "type": "Point",
    "coordinates": [
     145.46283028,
     -37.91986842
    ]
   },
   "properties": {
    "name": "24 RONALD ROAD EMERALD 3782",
    "locID": "LOC000091696301",
    "tech": "FTTN",
    "upgrade": "FTTP_NA",
    "gnaf_pid": "GAVIC420191912",
    "tech_change_status": "Committed",
    "program_type": "On-Demand N2P SDU/MDU Simple",
    "target_eligibility_quarter": "Jun 2025"
   }
  },
  {
   "type": "Feature",
   "geometry": {
    "type": "Point",
    "coordinates": [
     145.437452,
     -37.933714
    ]
   },
   "properties": {
    "name": "3 RUSSELL STREET EMERALD 3782",
    "locID": "LOC000057337022",
    "tech": "FTTN",
    "upgrade": "FTTP_NA",
    "gnaf_pid": "GAVIC420191915",
    "tech_change_status": "Committed",
    "program_type": "On-Demand N2P SDU/MDU Simple",
    "target_eligibility_quarter": "Jun 2025"
   }
  },
  {
   "type": "Feature",
   "geometry": {
    "type": "Point",
    "coordinates": [
     145.437111,
     -37.93426
    ]
   },
   "properties": {
    "name": "10 RUSSELL STREET EMERALD 3782",
    "locID": "LOC000044447958",
    "tech": "FTTN",
    "upgrade": "FTTP_NA",
    "gnaf_pid": "GAVIC420191916",
    "tech_change_status": "Committed",
    "program_type": "On-Demand N2P SDU/MDU Simple",
    "target_eligibility_quarter": "Jun 2025"
   }
  },
  {
   "type": "Feature",
   "geometry": {
    "type": "Point",
    "coordinates": [
     145.46668928,
     -37.92770148
    ]
   },
   "properties": {
    "name": "32 BELLBIRD CRESCENT EMERALD 3782",
    "locID": "LOC000105519750",
    "tech": "FTTN",
    "upgrade": "FTTP_NA",
    "gnaf_pid": "GAVIC420191965",
    "tech_change_status": "Committed",
    "program_type": "On-Demand N2P SDU/MDU Simple",
    "target_eligibility_quarter": "Jun 2025"
   }
  },
  {
   "type": "Feature",
   "geometry": {
    "type": "Point",
    "coordinates": [
     145.43892607,
     -37.93512697
    ]
   },
   "properties": {
    "name": "3 BENSON STREET EMERALD 3782",
    "locID": "LOC000057107697",
    "tech": "FTTN",
    "upgrade": "NULL_NA",
    "gnaf_pid": "GAVIC420191967",
    "tech_change_status": "Not Planned"
   }
  },
  {
   "type": "Feature",
   "geometry": {
    "type": "Point",
    "coordinates": [
     145.438265,
     -37.930805
    ]
   },
   "properties": {
    "name": "18 BERRYS ROAD EMERALD 3782",
    "locID": "LOC000014733951",
    "tech": "FTTN",
    "upgrade": "FTTP_NA",
    "gnaf_pid": "GAVIC420191968",
    "tech_change_status": "Committed",
    "program_type": "On-Demand N2P SDU/MDU Simple",
    "target_eligibility_quarter": "Jun 2025"
   }
  },
  {
   "type": "Feature",
   "geometry": {
    "type": "Point",
    "coordinates": [
     145.438804,
     -37.931119
    ]
   },
   "properties": {
    "name": "17 BERRYS ROAD EMERALD 3782",
    "locID": "LOC000091896680",
    "tech": "FTTN",
    "upgrade": "FTTP_NA",
    "gnaf_pid": "GAVIC420191969",
    "tech_change_status": "Committed",
    "program_type": "On-Demand N2P SDU/MDU Simple",
    "target_eligibility_quarter": "Jun 2025"
   }
  },
  {
   "type": "Feature",
   "geometry": {
    "type": "Point",
    "coordinates": [
     145.437491,
     -37.930822
    ]
   },
   "properties": {
    "name": "24 BERRYS ROAD EMERALD 3782",
    "locID": "LOC000060554493",
    "tech": "FTTN",
    "upgrade": "FTTP_NA",
    "gnaf_pid": "GAVIC420191970",
    "tech_change_status": "Committed",
    "program_type": "On-Demand N2P SDU/MDU Simple",
    "target_eligibility_quarter": "Jun 2025"
   }
  },
  {
   "type": "Feature",
   "geometry": {
    "type": "Point",
    "coordinates": [
     145.437916,
     -37.931143
    ]
   },
   "properties": {
    "name": "23 BERRYS ROAD EMERALD 3782",
    "locID": "LOC000012070485",
    "tech": "FTTN",
    "upgrade": "FTTP_NA",
    "gnaf_pid": "GAVIC420191971",
    "tech_change_status": "Committed",
    "program_type": "On-Demand N2P SDU/MDU Simple",
    "target_eligibility_quarter": "Jun 2025"
   }
  },
  {
   "type": "Feature",
   "geometry": {
    "type": "Point",
    "coordinates": [
     145.437074,
     -37.931159
    ]
   },
   "properties": {
    "name": "27 BERRYS ROAD EMERALD 3782",
    "locID": "LOC000048712838",
    "tech": "FTTN",
    "upgrade": "FTTP_NA",
    "gnaf_pid": "GAVIC420191972",
    "tech_change_status": "Committed",
    "program_type": "On-Demand N2P SDU/MDU Simple",
    "target_eligibility_quarter": "Jun 2025"
   }
  },
  {
   "type": "Feature",
   "geometry": {
    "type": "Point",
    "coordinates": [
     145.45126673,
     -37.92243332
    ]
   },
   "properties": {
    "name": "19 BOTTOMLEY DRIVE EMERALD 3782",
    "locID": "LOC000002028552",
    "tech": "FTTN",
    "upgrade": "NULL_NA",
    "gnaf_pid": "GAVIC420191978",
    "tech_change_status": "Not Planned"
   }
  },
  {
   "type": "Feature",
   "geometry": {
    "type": "Point",
    "coordinates": [
     145.43826186,
     -37.93592859
    ]
   },
   "properties": {
    "name": "31 BOUNDARY ROAD EAST EMERALD 3782",
    "locID": "LOC000056863965",
    "tech": "FTTN",
    "upgrade": "NULL_NA",
    "gnaf_pid": "GAVIC420191979",
    "tech_change_status": "Not Planned"
   }
  },
  {
   "type": "Feature",
   "geometry": {
    "type": "Point",
    "coordinates": [
     145.439204,
     -37.935883
    ]
   },
   "properties": {
    "name": "39 BOUNDARY ROAD EAST EMERALD 3782",
    "locID": "LOC000034320296",
    "tech": "FTTN",
    "upgrade": "NULL_NA",
    "gnaf_pid": "GAVIC420191980",
    "tech_change_status": "Not Planned"
   }
  },
  {
   "type": "Feature",
   "geometry": {
    "type": "Point",
    "coordinates": [
     145.430087,
     -37.924262
    ]
   },
   "properties": {
    "name": "7 TELOPEA ROAD EMERALD 3782",
    "locID": "LOC000065696893",
    "tech": "FTTN",
    "upgrade": "NULL_NA",
    "gnaf_pid": "GAVIC420192008",
    "tech_change_status": "Not Planned"
   }
  },
  {
   "type": "Feature",
   "geometry": {
    "type": "Point",
    "coordinates": [
     145.448189,
     -37.917157
    ]
   },
   "properties": {
    "name": "4 COLIN AVENUE EMERALD 3782",
    "locID": "LOC000088772538",
    "tech": "FTTN",
    "upgrade": "NULL_NA",
    "gnaf_pid": "GAVIC420192045",
    "tech_change_status": "Not Planned"
   }
  },
  {
   "type": "Feature",
   "geometry": {
    "type": "Point",
    "coordinates": [
     145.448161,
     -37.916868
    ]
   },
   "properties": {
    "name": "6 COLIN AVENUE EMERALD 3782",
    "locID": "LOC000008532879",
    "tech": "FTTN",
    "upgrade": "NULL_NA",
    "gnaf_pid": "GAVIC420192046",
    "tech_change_status": "Not Planned"
   }
  },
  {
   "type": "Feature",
   "geometry": {
    "type": "Point",
    "coordinates": [
     145.45659214,
     -37.92647253
    ]
   },
   "properties": {
    "name": "2 ROYAL PARADE EMERALD 3782",
    "locID": "LOC000016908649",
    "tech": "FTTN",
    "upgrade": "NULL_NA",
    "gnaf_pid": "GAVIC420192644",
    "tech_change_status": "Not Planned"
   }
  },
  {
   "type": "Feature",
   "geometry": {
    "type": "Point",
    "coordinates": [
     145.46309119,
     -37.92323107
    ]
   },
   "properties": {
    "name": "427 BELGRAVE-GEMBROOK ROAD EMERALD 3782",
    "locID": "LOC000079601028",
    "tech": "FTTN",
    "upgrade": "FTTP_NA",
    "gnaf_pid": "GAVIC420192645",
    "tech_change_status": "Committed",
    "program_type": "On-Demand N2P SDU/MDU Simple",
    "target_eligibility_quarter": "Jun 2025"
   }
  },
  {
   "type": "Feature",
   "geometry": {
    "type": "Point",
    "coordinates": [
     145.46704855,
     -37.93220609
    ]
   },
   "properties": {
    "name": "2 BELLBIRD CRESCENT EMERALD 3782",
    "locID": "LOC000060633091",
    "tech": "FTTN",
    "upgrade": "NULL_NA",
    "gnaf_pid": "GAVIC420192652",
    "tech_change_status": "Not Planned"
   }
  },
  {
   "type": "Feature",
   "geometry": {
    "type": "Point",
    "coordinates": [
     145.43979727,
     -37.93568478
    ]
   },
   "properties": {
    "name": "20 KILVINGTON DRIVE EMERALD 3782",
    "locID": "LOC000067819689",
    "tech": "FTTN",
    "upgrade": "NULL_NA",
    "gnaf_pid": "GAVIC420192656",
    "tech_change_status": "Not Planned"
   }
  },
  {
   "type": "Feature",
   "geometry": {
    "type": "Point",
    "coordinates": [
     145.443271,
     -37.932413
    ]
   },
   "properties": {
    "name": "6 KINGS ROAD EMERALD 3782",
    "locID": "LOC000049957230",
    "tech": "FTTN",
    "upgrade": "FTTP_NA",
    "gnaf_pid": "GAVIC420192657",
    "tech_change_status": "Committed",
    "program_type": "On-Demand N2P SDU/MDU Simple",
    "target_eligibility_quarter": "Jun 2025"
   }
  },
  {
   "type": "Feature",
   "geometry": {
    "type": "Point",
    "coordinates": [
     145.45745352,
     -37.91760336
    ]
   },
   "properties": {
    "name": "58 LAKESIDE DRIVE EMERALD 3782",
    "locID": "LOC000037937760",
    "tech": "FTTN",
    "upgrade": "NULL_NA",
    "gnaf_pid": "GAVIC420192661",
    "tech_change_status": "Not Planned"
   }
  },
  {
   "type": "Feature",
   "geometry": {
    "type": "Point",
    "coordinates": [
     145.46147286,
     -37.92582051
    ]
   },
   "properties": {
    "name": "9 LAKEVIEW COURT EMERALD 3782",
    "locID": "LOC000083735873",
    "tech": "FTTN",
    "upgrade": "FTTP",
    "gnaf_pid": "GAVIC420192662",
    "tech_change_status": "Eligible to Order"
   }
  },
  {
   "type": "Feature",
   "geometry": {
    "type": "Point",
    "coordinates": [
     145.45219627,
     -37.93634162
    ]
   },
   "properties": {
    "name": "57 BEACONSFIELD-EMERALD ROAD EMERALD 3782",
    "locID": "LOC000022799115",
    "tech": "FTTN",
    "upgrade": "FTTP_NA",
    "gnaf_pid": "GAVIC420193585",
    "tech_change_status": "In Design",
    "program_type": "On-Demand N2P SDU/MDU Simple",
    "target_eligibility_quarter": "Dec 2025"
   }
  },
  {
   "type": "Feature",
   "geometry": {
    "type": "Point",
    "coordinates": [
     145.46037768,
     -37.94363827
    ]
   },
   "properties": {
    "name": "58 BEACONSFIELD-EMERALD ROAD EMERALD 3782",
    "locID": "LOC000046079113",
    "tech": "FTTN",
    "upgrade": "FTTP_SA",
    "gnaf_pid": "GAVIC420193586",
    "tech_change_status": "Eligible to Order",
    "program_type": "On-Demand N2P SDU/MDU Simple",
    "target_eligibility_quarter": "NA"
   }
  },
  {
   "type": "Feature",
   "geometry": {
    "type": "Point",
    "coordinates": [
     145.462214,
     -37.944567
    ]
   },
   "properties": {
    "name": "68 BEACONSFIELD-EMERALD ROAD EMERALD 3782",
    "locID": "LOC000085416294",
    "tech": "FTTN",
    "upgrade": "FTTP_SA",
    "gnaf_pid": "GAVIC420193587",
    "tech_change_status": "Eligible to Order",
    "program_type": "On-Demand N2P SDU/MDU Simple",
    "target_eligibility_quarter": "NA"
   }
  },
  {
   "type": "Feature",
   "geometry": {
    "type": "Point",
    "coordinates": [
     145.46476496,
     -37.9523846
    ]
   },
   "properties": {
    "name": "88 BEACONSFIELD-EMERALD ROAD EMERALD 3782",
    "locID": "LOC000062761131",
    "tech": "WIRELESS",
    "upgrade": "NULL_NA",
    "gnaf_pid": "GAVIC420193590",
    "tech_change_status": "Not Planned"
   }
  },
  {
   "type": "Feature",
   "geometry": {
    "type": "Point",
    "coordinates": [
     145.456347,
     -37.933414
    ]
   },
   "properties": {
    "name": "2 WILLIAM STREET EMERALD 3782",
    "locID": "LOC000070455040",
    "tech": "FTTN",
    "upgrade": "FTTP_NA",
    "gnaf_pid": "GAVIC420195286",
    "tech_change_status": "In Design",
    "program_type": "On-Demand N2P SDU/MDU Simple",
    "target_eligibility_quarter": "Dec 2025"
   }
  },
  {
   "type": "Feature",
   "geometry": {
    "type": "Point",
    "coordinates": [
     145.456755,
     -37.935691
    ]
   },
   "properties": {
    "name": "5 AMBROSE STREET EMERALD 3782",
    "locID": "LOC000019469702",
    "tech": "FTTN",
    "upgrade": "FTTP_NA",
    "gnaf_pid": "GAVIC420196201",
    "tech_change_status": "In Design",
    "program_type": "On-Demand N2P SDU/MDU Simple",
    "target_eligibility_quarter": "Dec 2025"
   }
  },
  {
   "type": "Feature",
   "geometry": {
    "type": "Point",
    "coordinates": [
     145.456626,
     -37.935851
    ]
   },
   "properties": {
    "name": "7 AMBROSE STREET EMERALD 3782",
    "locID": "LOC000037145616",
    "tech": "FTTN",
    "upgrade": "FTTP_NA",
    "gnaf_pid": "GAVIC420196202",
    "tech_change_status": "In Design",
    "program_type": "On-Demand N2P SDU/MDU Simple",
    "target_eligibility_quarter": "Dec 2025"
   }
  },
  {
   "type": "Feature",
   "geometry": {
    "type": "Point",
    "coordinates": [
     145.43919646,
     -37.94065845
    ]
   },
   "properties": {
    "name": "1 STEEL ROAD EMERALD 3782",
    "locID": "LOC000011037606",
    "tech": "FTTN",
    "upgrade": "NULL_NA",
    "gnaf_pid": "GAVIC420197209",
    "tech_change_status": "Not Planned"
   }
  },
  {
   "type": "Feature",
   "geometry": {
    "type": "Point",
    "coordinates": [
     145.43783447,
     -37.94079906
    ]
   },
   "properties": {
    "name": "9 STEEL ROAD EMERALD 3782",
    "locID": "LOC000026961016",
    "tech": "FTTN",
    "upgrade": "NULL_NA",
    "gnaf_pid": "GAVIC420197210",
    "tech_change_status": "Not Planned"
   }
  },
  {
   "type": "Feature",
   "geometry": {
    "type": "Point",
    "coordinates": [
     145.4375026,
     -37.94048648
    ]
   },
   "properties": {
    "name": "10 STEEL ROAD EMERALD 3782",
    "locID": "LOC000066694085",
    "tech": "FTTN",
    "upgrade": "NULL_NA",
    "gnaf_pid": "GAVIC420197211",
    "tech_change_status": "Not Planned"
   }
  },
  {
   "type": "Feature",
   "geometry": {
    "type": "Point",
    "coordinates": [
     145.432857,
     -37.940584
    ]
   },
   "properties": {
    "name": "36 STEEL ROAD EMERALD 3782",
    "locID": "LOC000067745443",
    "tech": "FTTN",
    "upgrade": "NULL_NA",
    "gnaf_pid": "GAVIC420197213",
    "tech_change_status": "Not Planned"
   }
  },
  {
   "type": "Feature",
   "geometry": {
    "type": "Point",
    "coordinates": [
     145.450925,
     -37.935335
    ]
   },
   "properties": {
    "name": "47 BEACONSFIELD-EMERALD ROAD EMERALD 3782",
    "locID": "LOC000044292879",
    "tech": "FTTN",
    "upgrade": "FTTP_NA",
    "gnaf_pid": "GAVIC420199036",
    "tech_change_status": "Committed",
    "program_type": "On-Demand N2P SDU/MDU Simple",
    "target_eligibility_quarter": "Jun 2025"
   }
  },
  {
   "type": "Feature",
   "geometry": {
    "type": "Point",
    "coordinates": [
     145.457551,
     -37.934043
    ]
   },
   "properties": {
    "name": "12 WILLIAM STREET EMERALD 3782",
    "locID": "LOC000089666555",
    "tech": "FTTN",
    "upgrade": "FTTP_NA",
    "gnaf_pid": "GAVIC420199038",
    "tech_change_status": "In Design",
    "program_type": "On-Demand N2P SDU/MDU Simple",
    "target_eligibility_quarter": "Dec 2025"
   }
  },
  {
   "type": "Feature",
   "geometry": {
    "type": "Point",
    "coordinates": [
     145.457601,
     -37.935494
    ]
   },
   "properties": {
    "name": "20 WILLIAM STREET EMERALD 3782",
    "locID": "LOC000017717226",
    "tech": "FTTN",
    "upgrade": "FTTP_NA",
    "gnaf_pid": "GAVIC420199039",
    "tech_change_status": "In Design",
    "program_type": "On-Demand N2P SDU/MDU Simple",
    "target_eligibility_quarter": "Dec 2025"
   }
  },
  {
   "type": "Feature",
   "geometry": {
    "type": "Point",
    "coordinates": [
     145.43421173,
     -37.93888985
    ]
   },
   "properties": {
    "name": "11 MAISIE ROAD EMERALD 3782",
    "locID": "LOC000097227261",
    "tech": "FTTN",
    "upgrade": "NULL_NA",
    "gnaf_pid": "GAVIC420200499",
    "tech_change_status": "Not Planned"
   }
  },
  {
   "type": "Feature",
   "geometry": {
    "type": "Point",
    "coordinates": [
     145.47261059,
     -37.94042327
    ]
   },
   "properties": {
    "name": "6 MAJESTIC DRIVE EMERALD 3782",
    "locID": "LOC000087032951",
    "tech": "FTTP",
    "upgrade": "NULL_NA",
    "gnaf_pid": "GAVIC420200500"
   }
  },
  {
   "type": "Feature",
   "geometry": {
    "type": "Point",
    "coordinates": [
     145.47225359,
     -37.94037829
    ]
   },
   "properties": {
    "name": "8 MAJESTIC DRIVE EMERALD 3782",
    "locID": "LOC000053867255",
    "tech": "FTTP",
    "upgrade": "NULL_NA",
    "gnaf_pid": "GAVIC420200501"
   }
  },
  {
   "type": "Feature",
   "geometry": {
    "type": "Point",
    "coordinates": [
     145.45198721,
     -37.95096504
    ]
   },
   "properties": {
    "name": "6 DEERY ROAD EMERALD 3782",
    "locID": "LOC000092978557",
    "tech": "NULL",
    "upgrade": "NULL_NA",
    "gnaf_pid": "GAVIC420200696",
    "tech_change_status": "Not Planned"
   }
  },
  {
   "type": "Feature",
   "geometry": {
    "type": "Point",
    "coordinates": [
     145.45785941,
     -37.95242596
    ]
   },
   "properties": {
    "name": "16 DEERY ROAD EMERALD 3782",
    "locID": "LOC000013881449",
    "tech": "SATELLITE",
    "upgrade": "NULL_NA",
    "gnaf_pid": "GAVIC420200697",
    "tech_change_status": "Not Planned"
   }
  },
  {
   "type": "Feature",
   "geometry": {
    "type": "Point",
    "coordinates": [
     145.47163648,
     -37.94039017
    ]
   },
   "properties": {
    "name": "13 MAJESTIC DRIVE EMERALD 3782",
    "locID": "LOC000059888393",
    "tech": "FTTP",
    "upgrade": "NULL_NA",
    "gnaf_pid": "GAVIC420203334"
   }
  },
  {
   "type": "Feature",
   "geometry": {
    "type": "Point",
    "coordinates": [
     145.47026801,
     -37.93853301
    ]
   },
   "properties": {
    "name": "16 MAJESTIC DRIVE EMERALD 3782",
    "locID": "LOC000056929060",
    "tech": "FTTN",
    "upgrade": "NULL_NA",
    "gnaf_pid": "GAVIC420203335",
    "tech_change_status": "Not Planned"
   }
  },
  {
   "type": "Feature",
   "geometry": {
    "type": "Point",
    "coordinates": [
     145.46793398,
     -37.93449771
    ]
   },
   "properties": {
    "name": "41 MAJESTIC DRIVE EMERALD 3782",
    "locID": "LOC000012738329",
    "tech": "FTTN",
    "upgrade": "NULL_NA",
    "gnaf_pid": "GAVIC420203336",
    "tech_change_status": "Not Planned"
   }
  },
  {
   "type": "Feature",
   "geometry": {
    "type": "Point",
    "coordinates": [
     145.4796821,
     -37.9644772
    ]
   },
   "properties": {
    "name": "71 MARKS LANE EMERALD 3782",
    "locID": "LOC000089131656",
    "tech": "WIRELESS",
    "upgrade": "NULL_NA",
    "gnaf_pid": "GAVIC420203337",
    "tech_change_status": "Not Planned",
    "program_type": "Fixed Wireless and Satellite Upgrade Program",
    "target_eligibility_quarter": "NA"
   }
  },
  {
   "type": "Feature",
   "geometry": {
    "type": "Point",
    "coordinates": [
     145.46996355,
     -37.9342658
    ]
   },
   "properties": {
    "name": "8 MIMOSA AVENUE EMERALD 3782",
    "locID": "LOC000095378946",
    "tech": "FTTN",
    "upgrade": "NULL_NA",
    "gnaf_pid": "GAVIC420203339",
    "tech_change_status": "Not Planned"
   }
  },
  {
   "type": "Feature",
   "geometry": {
    "type": "Point",
    "coordinates": [
     145.43668429,
     -37.93976555
    ]
   },
   "properties": {
    "name": "1 NOLAN ROAD EMERALD 3782",
    "locID": "LOC000031131471",
    "tech": "FTTN",
    "upgrade": "NULL_NA",
    "gnaf_pid": "GAVIC420204282",
    "tech_change_status": "Not Planned"
   }
  },
  {
   "type": "Feature",
   "geometry": {
    "type": "Point",
    "coordinates": [
     145.43705856,
     -37.93913071
    ]
   },
   "properties": {
    "name": "6 NOLAN ROAD EMERALD 3782",
    "locID": "LOC000076155296",
    "tech": "FTTN",
    "upgrade": "NULL_NA",
    "gnaf_pid": "GAVIC420204283",
    "tech_change_status": "Not Planned"
   }
  },
  {
   "type": "Feature",
   "geometry": {
    "type": "Point",
    "coordinates": [
     145.44603762,
     -37.94079855
    ]
   },
   "properties": {
    "name": "5 OLD BEACONSFIELD ROAD EMERALD 3782",
    "locID": "LOC000051887982",
    "tech": "FTTN",
    "upgrade": "NULL_NA",
    "gnaf_pid": "GAVIC420204284",
    "tech_change_status": "Not Planned"
   }
  },
  {
   "type": "Feature",
   "geometry": {
    "type": "Point",
    "coordinates": [
     145.44275019,
     -37.93977658
    ]
   },
   "properties": {
    "name": "8 OLD BEACONSFIELD ROAD EMERALD 3782",
    "locID": "LOC000002777874",
    "tech": "FTTN",
    "upgrade": "NULL_NA",
    "gnaf_pid": "GAVIC420204285",
    "tech_change_status": "Not Planned"
   }
  },
  {
   "type": "Feature",
   "geometry": {
    "type": "Point",
    "coordinates": [
     145.44485893,
     -37.94526772
    ]
   },
   "properties": {
    "name": "8 TORLEY ROAD EMERALD 3782",
    "locID": "LOC000038792873",
    "tech": "FTTN",
    "upgrade": "NULL_NA",
    "gnaf_pid": "GAVIC420204995",
    "tech_change_status": "Not Planned"
   }
  },
  {
   "type": "Feature",
   "geometry": {
    "type": "Point",
    "coordinates": [
     145.438365,
     -37.937899
    ]
   },
   "properties": {
    "name": "2 UPTON ROAD EMERALD 3782",
    "locID": "LOC000028899306",
    "tech": "FTTN",
    "upgrade": "NULL_NA",
    "gnaf_pid": "GAVIC420204996",
    "tech_change_status": "Not Planned"
   }
  },
  {
   "type": "Feature",
   "geometry": {
    "type": "Point",
    "coordinates": [
     145.438371,
     -37.93762
    ]
   },
   "properties": {
    "name": "4 UPTON ROAD EMERALD 3782",
    "locID": "LOC000036976537",
    "tech": "FTTN",
    "upgrade": "NULL_NA",
    "gnaf_pid": "GAVIC420204997",
    "tech_change_status": "Not Planned"
   }
  },
  {
   "type": "Feature",
   "geometry": {
    "type": "Point",
    "coordinates": [
     145.442421,
     -37.926895
    ]
   },
   "properties": {
    "name": "3 CORNISH ROAD EMERALD 3782",
    "locID": "LOC000018751608",
    "tech": "FTTN",
    "upgrade": "FTTP_NA",
    "gnaf_pid": "GAVIC420205296",
    "tech_change_status": "Committed",
    "program_type": "On-Demand N2P SDU/MDU Simple",
    "target_eligibility_quarter": "Jun 2025"
   }
  },
  {
   "type": "Feature",
   "geometry": {
    "type": "Point",
    "coordinates": [
     145.455802,
     -37.936615
    ]
   },
   "properties": {
    "name": "20 AMBROSE STREET EMERALD 3782",
    "locID": "LOC000011028566",
    "tech": "FTTN",
    "upgrade": "FTTP_NA",
    "gnaf_pid": "GAVIC420206972",
    "tech_change_status": "In Design",
    "program_type": "On-Demand N2P SDU/MDU Simple",
    "target_eligibility_quarter": "Dec 2025"
   }
  },
  {
   "type": "Feature",
   "geometry": {
    "type": "Point",
    "coordinates": [
     145.455696,
     -37.936776
    ]
   },
   "properties": {
    "name": "22 AMBROSE STREET EMERALD 3782",
    "locID": "LOC000058173583",
    "tech": "FTTN",
    "upgrade": "FTTP_NA",
    "gnaf_pid": "GAVIC420206973",
    "tech_change_status": "In Design",
    "program_type": "On-Demand N2P SDU/MDU Simple",
    "target_eligibility_quarter": "Dec 2025"
   }
  },
  {
   "type": "Feature",
   "geometry": {
    "type": "Point",
    "coordinates": [
     145.455496,
     -37.937089
    ]
   },
   "properties": {
    "name": "26 AMBROSE STREET EMERALD 3782",
    "locID": "LOC000104929052",
    "tech": "FTTN",
    "upgrade": "FTTP_NA",
    "gnaf_pid": "GAVIC420206974",
    "tech_change_status": "In Design",
    "program_type": "On-Demand N2P SDU/MDU Simple",
    "target_eligibility_quarter": "Dec 2025"
   }
  },
  {
   "type": "Feature",
   "geometry": {
    "type": "Point",
    "coordinates": [
     145.46387958,
     -37.93322762
    ]
   },
   "properties": {
    "name": "12 AUHL ROAD EMERALD 3782",
    "locID": "LOC000014853940",
    "tech": "FTTN",
    "upgrade": "NULL_NA",
    "gnaf_pid": "GAVIC420206976",
    "tech_change_status": "Not Planned"
   }
  },
  {
   "type": "Feature",
   "geometry": {
    "type": "Point",
    "coordinates": [
     145.46242024,
     -37.93237148
    ]
   },
   "properties": {
    "name": "20 AUHL ROAD EMERALD 3782",
    "locID": "LOC000008510319",
    "tech": "FTTN",
    "upgrade": "NULL_NA",
    "gnaf_pid": "GAVIC420206977",
    "tech_change_status": "Not Planned"
   }
  },
  {
   "type": "Feature",
   "geometry": {
    "type": "Point",
    "coordinates": [
     145.46159659,
     -37.93195907
    ]
   },
   "properties": {
    "name": "24 AUHL ROAD EMERALD 3782",
    "locID": "LOC000018587472",
    "tech": "FTTN",
    "upgrade": "NULL_NA",
    "gnaf_pid": "GAVIC420206978",
    "tech_change_status": "Not Planned"
   }
  },
  {
   "type": "Feature",
   "geometry": {
    "type": "Point",
    "coordinates": [
     145.46128588,
     -37.93221398
    ]
   },
   "properties": {
    "name": "25 AUHL ROAD EMERALD 3782",
    "locID": "LOC000002699291",
    "tech": "FTTN",
    "upgrade": "NULL_NA",
    "gnaf_pid": "GAVIC420206979",
    "tech_change_status": "Not Planned"
   }
  },
  {
   "type": "Feature",
   "geometry": {
    "type": "Point",
    "coordinates": [
     145.459155,
     -37.944428
    ]
   },
   "properties": {
    "name": "4 OZONE AVENUE EMERALD 3782",
    "locID": "LOC000033586637",
    "tech": "FTTN",
    "upgrade": "FTTP_SA",
    "gnaf_pid": "GAVIC420209277",
    "tech_change_status": "Eligible to Order",
    "program_type": "On-Demand N2P SDU/MDU Simple",
    "target_eligibility_quarter": "NA"
   }
  },
  {
   "type": "Feature",
   "geometry": {
    "type": "Point",
    "coordinates": [
     145.43576,
     -37.933575
    ]
   },
   "properties": {
    "name": "13 WESTLANDS ROAD EMERALD 3782",
    "locID": "LOC000029962081",
    "tech": "FTTN",
    "upgrade": "FTTP_NA",
    "gnaf_pid": "GAVIC420212902",
    "tech_change_status": "Committed",
    "program_type": "On-Demand N2P SDU/MDU Simple",
    "target_eligibility_quarter": "Jun 2025"
   }
  },
  {
   "type": "Feature",
   "geometry": {
    "type": "Point",
    "coordinates": [
     145.435425,
     -37.933246
    ]
   },
   "properties": {
    "name": "14 WESTLANDS ROAD EMERALD 3782",
    "locID": "LOC000004317311",
    "tech": "FTTN",
    "upgrade": "FTTP_NA",
    "gnaf_pid": "GAVIC420212903",
    "tech_change_status": "Committed",
    "program_type": "On-Demand N2P SDU/MDU Simple",
    "target_eligibility_quarter": "Jun 2025"
   }
  },
  {
   "type": "Feature",
   "geometry": {
    "type": "Point",
    "coordinates": [
     145.434583,
     -37.933262
    ]
   },
   "properties": {
    "name": "18 WESTLANDS ROAD EMERALD 3782",
    "locID": "LOC000066298241",
    "tech": "FTTN",
    "upgrade": "FTTP_NA",
    "gnaf_pid": "GAVIC420212904",
    "tech_change_status": "Committed",
    "program_type": "On-Demand N2P SDU/MDU Simple",
    "target_eligibility_quarter": "Jun 2025"
   }
  },
  {
   "type": "Feature",
   "geometry": {
    "type": "Point",
    "coordinates": [
     145.432641,
     -37.93521
    ]
   },
   "properties": {
    "name": "40 WESTLANDS ROAD EMERALD 3782",
    "locID": "LOC000104006913",
    "tech": "FTTN",
    "upgrade": "FTTP_NA",
    "gnaf_pid": "GAVIC420212905",
    "tech_change_status": "Committed",
    "program_type": "On-Demand N2P SDU/MDU Simple",
    "target_eligibility_quarter": "Dec 2025"
   }
  },
  {
   "type": "Feature",
   "geometry": {
    "type": "Point",
    "coordinates": [
     145.43294182,
     -37.93547544
    ]
   },
   "properties": {
    "name": "39 WESTLANDS ROAD EMERALD 3782",
    "locID": "LOC000051509581",
    "tech": "FTTN",
    "upgrade": "FTTP_NA",
    "gnaf_pid": "GAVIC420212906",
    "tech_change_status": "Committed",
    "program_type": "On-Demand N2P SDU/MDU Simple",
    "target_eligibility_quarter": "Jun 2025"
   }
  },
  {
   "type": "Feature",
   "geometry": {
    "type": "Point",
    "coordinates": [
     145.43088427,
     -37.93800146
    ]
   },
   "properties": {
    "name": "52 WESTLANDS ROAD EMERALD 3782",
    "locID": "LOC000061807626",
    "tech": "FTTN",
    "upgrade": "FTTP_NA",
    "gnaf_pid": "GAVIC420212907",
    "tech_change_status": "Committed",
    "program_type": "On-Demand N2P SDU/MDU Simple",
    "target_eligibility_quarter": "Jun 2025"
   }
  },
  {
   "type": "Feature",
   "geometry": {
    "type": "Point",
    "coordinates": [
     145.42769093,
     -37.92846765
    ]
   },
   "properties": {
    "name": "7 EDENMONT ROAD EMERALD 3782",
    "locID": "LOC000057952683",
    "tech": "FTTN",
    "upgrade": "NULL_NA",
    "gnaf_pid": "GAVIC420213380",
    "tech_change_status": "Not Planned"
   }
  },
  {
   "type": "Feature",
   "geometry": {
    "type": "Point",
    "coordinates": [
     145.4300832,
     -37.92498314
    ]
   },
   "properties": {
    "name": "3 TELOPEA ROAD EMERALD 3782",
    "locID": "LOC000036871424",
    "tech": "FTTN",
    "upgrade": "NULL_NA",
    "gnaf_pid": "GAVIC420213382",
    "tech_change_status": "Not Planned"
   }
  },
  {
   "type": "Feature",
   "geometry": {
    "type": "Point",
    "coordinates": [
     145.43006791,
     -37.92295477
    ]
   },
   "properties": {
    "name": "13 TELOPEA ROAD EMERALD 3782",
    "locID": "LOC000012025392",
    "tech": "FTTN",
    "upgrade": "NULL_NA",
    "gnaf_pid": "GAVIC420213383",
    "tech_change_status": "Not Planned"
   }
  },
  {
   "type": "Feature",
   "geometry": {
    "type": "Point",
    "coordinates": [
     145.46862309,
     -37.93479399
    ]
   },
   "properties": {
    "name": "26 MAJESTIC DRIVE EMERALD 3782",
    "locID": "LOC000088822695",
    "tech": "FTTN",
    "upgrade": "NULL_NA",
    "gnaf_pid": "GAVIC420213802",
    "tech_change_status": "Not Planned"
   }
  },
  {
   "type": "Feature",
   "geometry": {
    "type": "Point",
    "coordinates": [
     145.42075951,
     -37.92466507
    ]
   },
   "properties": {
    "name": "237 BELGRAVE-GEMBROOK ROAD EMERALD 3782",
    "locID": "LOC000004204504",
    "tech": "FTTN",
    "upgrade": "NULL_NA",
    "gnaf_pid": "GAVIC420215440",
    "tech_change_status": "Not Planned"
   }
  },
  {
   "type": "Feature",
   "geometry": {
    "type": "Point",
    "coordinates": [
     145.464428,
     -37.939856
    ]
   },
   "properties": {
    "name": "15 FORD ROAD EMERALD 3782",
    "locID": "LOC000085487123",
    "tech": "FTTN",
    "upgrade": "FTTP_SA",
    "gnaf_pid": "GAVIC420216450",
    "tech_change_status": "Eligible to Order",
    "program_type": "On-Demand N2P SDU/MDU Simple",
    "target_eligibility_quarter": "NA"
   }
  },
  {
   "type": "Feature",
   "geometry": {
    "type": "Point",
    "coordinates": [
     145.457154,
     -37.932343
    ]
   },
   "properties": {
    "name": "3 SELLARS ROAD EMERALD 3782",
    "locID": "LOC000059412940",
    "tech": "FTTN",
    "upgrade": "FTTP_NA",
    "gnaf_pid": "GAVIC420216924",
    "tech_change_status": "In Design",
    "program_type": "On-Demand N2P SDU/MDU Simple",
    "target_eligibility_quarter": "Dec 2025"
   }
  },
  {
   "type": "Feature",
   "geometry": {
    "type": "Point",
    "coordinates": [
     145.440132,
     -37.937751
    ]
   },
   "properties": {
    "name": "36 KILVINGTON DRIVE EMERALD 3782",
    "locID": "LOC000017805438",
    "tech": "FTTN",
    "upgrade": "NULL_NA",
    "gnaf_pid": "GAVIC420217141",
    "tech_change_status": "Not Planned"
   }
  },
  {
   "type": "Feature",
   "geometry": {
    "type": "Point",
    "coordinates": [
     145.43921945,
     -37.93943069
    ]
   },
   "properties": {
    "name": "44 KILVINGTON DRIVE EMERALD 3782",
    "locID": "LOC000087598742",
    "tech": "FTTN",
    "upgrade": "NULL_NA",
    "gnaf_pid": "GAVIC420217142",
    "tech_change_status": "Not Planned"
   }
  },
  {
   "type": "Feature",
   "geometry": {
    "type": "Point",
    "coordinates": [
     145.44096629,
     -37.94431655
    ]
   },
   "properties": {
    "name": "67 KILVINGTON DRIVE EMERALD 3782",
    "locID": "LOC000083176804",
    "tech": "FTTN",
    "upgrade": "NULL_NA",
    "gnaf_pid": "GAVIC420217144",
    "tech_change_status": "Not Planned"
   }
  },
  {
   "type": "Feature",
   "geometry": {
    "type": "Point",
    "coordinates": [
     145.46712078,
     -37.94816844
    ]
   },
   "properties": {
    "name": "7 PATERNOSTER ROAD EMERALD 3782",
    "locID": "LOC000075978914",
    "tech": "FTTP",
    "upgrade": "FTTP_NA",
    "gnaf_pid": "GAVIC420220736",
    "tech_change_status": "Previous Tech Disconnected",
    "program_type": "On-Demand N2P SDU/MDU Simple",
    "target_eligibility_quarter": "NA"
   }
  },
  {
   "type": "Feature",
   "geometry": {
    "type": "Point",
    "coordinates": [
     145.4675892,
     -37.94839448
    ]
   },
   "properties": {
    "name": "27 LADD ROAD EMERALD 3782",
    "locID": "LOC000048785072",
    "tech": "FTTP",
    "upgrade": "NULL_NA",
    "gnaf_pid": "GAVIC420220737",
    "program_type": "On-Demand N2P SDU/MDU Simple",
    "target_eligibility_quarter": "NA"
   }
  },
  {
   "type": "Feature",
   "geometry": {
    "type": "Point",
    "coordinates": [
     145.43425879,
     -37.9320845
    ]
   },
   "properties": {
    "name": "12 CHURCH STREET EMERALD 3782",
    "locID": "LOC000067668923",
    "tech": "FTTN",
    "upgrade": "FTTP_NA",
    "gnaf_pid": "GAVIC420221480",
    "tech_change_status": "Committed",
    "program_type": "On-Demand N2P SDU/MDU Simple",
    "target_eligibility_quarter": "Jun 2025"
   }
  },
  {
   "type": "Feature",
   "geometry": {
    "type": "Point",
    "coordinates": [
     145.46153065,
     -37.94403704
    ]
   },
   "properties": {
    "name": "64 BEACONSFIELD-EMERALD ROAD EMERALD 3782",
    "locID": "LOC000056320030",
    "tech": "FTTN",
    "upgrade": "FTTP_SA",
    "gnaf_pid": "GAVIC420288609",
    "tech_change_status": "Eligible to Order",
    "program_type": "On-Demand N2P SDU/MDU Simple",
    "target_eligibility_quarter": "NA"
   }
  },
  {
   "type": "Feature",
   "geometry": {
    "type": "Point",
    "coordinates": [
     145.45301262,
     -37.9139225
    ]
   },
   "properties": {
    "name": "21 ELM CRESCENT EMERALD 3782",
    "locID": "LOC000043239492",
    "tech": "FTTN",
    "upgrade": "NULL_NA",
    "gnaf_pid": "GAVIC420295289",
    "tech_change_status": "Not Planned"
   }
  },
  {
   "type": "Feature",
   "geometry": {
    "type": "Point",
    "coordinates": [
     145.45130658,
     -37.92540421
    ]
   },
   "properties": {
    "name": "4 MARY STREET EMERALD 3782",
    "locID": "LOC000033753354",
    "tech": "FTTN",
    "upgrade": "NULL_NA",
    "gnaf_pid": "GAVIC420295291",
    "tech_change_status": "Not Planned"
   }
  },
  {
   "type": "Feature",
   "geometry": {
    "type": "Point",
    "coordinates": [
     145.44746941,
     -37.92057259
    ]
   },
   "properties": {
    "name": "53 EMERALD-MONBULK ROAD EMERALD 3782",
    "locID": "LOC000169817109",
    "tech": "FTTN",
    "upgrade": "NULL_NA",
    "gnaf_pid": "GAVIC420295292",
    "tech_change_status": "Not Planned"
   }
  },
  {
   "type": "Feature",
   "geometry": {
    "type": "Point",
    "coordinates": [
     145.46598679,
     -37.9278877
    ]
   },
   "properties": {
    "name": "30 BELLBIRD CRESCENT EMERALD 3782",
    "locID": "LOC000024792862",
    "tech": "FTTN",
    "upgrade": "FTTP_NA",
    "gnaf_pid": "GAVIC420295294",
    "tech_change_status": "Committed",
    "program_type": "On-Demand N2P SDU/MDU Simple",
    "target_eligibility_quarter": "Jun 2025"
   }
  },
  {
   "type": "Feature",
   "geometry": {
    "type": "Point",
    "coordinates": [
     145.444664,
     -37.928752
    ]
   },
   "properties": {
    "name": "365 BELGRAVE-GEMBROOK ROAD EMERALD 3782",
    "locID": "LOC000015283462",
    "tech": "FTTN",
    "upgrade": "FTTP_NA",
    "gnaf_pid": "GAVIC420307649",
    "tech_change_status": "Committed",
    "program_type": "On-Demand N2P SDU/MDU Simple",
    "target_eligibility_quarter": "Jun 2025"
   }
  },
  {
   "type": "Feature",
   "geometry": {
    "type": "Point",
    "coordinates": [
     145.441248,
     -37.93237
    ]
   },
   "properties": {
    "name": "348 BELGRAVE-GEMBROOK ROAD EMERALD 3782",
    "locID": "LOC000027654286",
    "tech": "FTTN",
    "upgrade": "FTTP_NA",
    "gnaf_pid": "GAVIC420316299",
    "tech_change_status": "Committed",
    "program_type": "Customer-initiated N2P MDU Complex",
    "target_eligibility_quarter": "Jun 2025"
   }
  },
  {
   "type": "Feature",
   "geometry": {
    "type": "Point",
    "coordinates": [
     145.44374115,
     -37.94528303
    ]
   },
   "properties": {
    "name": "12 TORLEY ROAD EMERALD 3782",
    "locID": "LOC000041171794",
    "tech": "FTTN",
    "upgrade": "NULL_NA",
    "gnaf_pid": "GAVIC420325292",
    "tech_change_status": "Not Planned"
   }
  },
  {
   "type": "Feature",
   "geometry": {
    "type": "Point",
    "coordinates": [
     145.46408137,
     -37.93889595
    ]
   },
   "properties": {
    "name": "19 FORD ROAD EMERALD 3782",
    "locID": "LOC000073130574",
    "tech": "FTTN",
    "upgrade": "FTTP_SA",
    "gnaf_pid": "GAVIC420325295",
    "tech_change_status": "Eligible to Order",
    "program_type": "On-Demand N2P SDU/MDU Simple",
    "target_eligibility_quarter": "NA"
   }
  },
  {
   "type": "Feature",
   "geometry": {
    "type": "Point",
    "coordinates": [
     145.44443125,
     -37.92729908
    ]
   },
   "properties": {
    "name": "6 EMERALD-MONBULK ROAD EMERALD 3782",
    "locID": "LOC000060383155",
    "tech": "FTTN",
    "upgrade": "FTTP_NA",
    "gnaf_pid": "GAVIC420326549",
    "tech_change_status": "Committed",
    "program_type": "On-Demand N2P SDU/MDU Simple",
    "target_eligibility_quarter": "Dec 2025"
   }
  },
  {
   "type": "Feature",
   "geometry": {
    "type": "Point",
    "coordinates": [
     145.44186163,
     -37.91471747
    ]
   },
   "properties": {
    "name": "30 MEADOWVIEW LANE EMERALD 3782",
    "locID": "LOC000053982780",
    "tech": "FTTN",
    "upgrade": "NULL_NA",
    "gnaf_pid": "GAVIC420326919",
    "tech_change_status": "Not Planned"
   }
  },
  {
   "type": "Feature",
   "geometry": {
    "type": "Point",
    "coordinates": [
     145.44868913,
     -37.92488369
    ]
   },
   "properties": {
    "name": "7 ALEXANDER STREET EMERALD 3782",
    "locID": "LOC000056643531",
    "tech": "FTTN",
    "upgrade": "NULL_NA",
    "gnaf_pid": "GAVIC420327745",
    "tech_change_status": "Not Planned"
   }
  },
  {
   "type": "Feature",
   "geometry": {
    "type": "Point",
    "coordinates": [
     145.44174963,
     -37.94400506
    ]
   },
   "properties": {
    "name": "14 RAWHITI ROAD EMERALD 3782",
    "locID": "LOC000071050481",
    "tech": "FTTN",
    "upgrade": "NULL_NA",
    "gnaf_pid": "GAVIC420331565",
    "tech_change_status": "Not Planned"
   }
  },
  {
   "type": "Feature",
   "geometry": {
    "type": "Point",
    "coordinates": [
     145.44555805,
     -37.9276664
    ]
   },
   "properties": {
    "name": "387 BELGRAVE-GEMBROOK ROAD EMERALD 3782",
    "locID": "LOC000057277252",
    "tech": "FTTN",
    "upgrade": "FTTP_NA",
    "gnaf_pid": "GAVIC420334243",
    "tech_change_status": "Committed",
    "program_type": "On-Demand N2P SDU/MDU Simple",
    "target_eligibility_quarter": "Jun 2025"
   }
  },
  {
   "type": "Feature",
   "geometry": {
    "type": "Point",
    "coordinates": [
     145.43609178,
     -37.93391006
    ]
   },
   "properties": {
    "name": "UNIT 9, 11 WESTLANDS ROAD EMERALD 3782",
    "locID": "LOC000060323040",
    "tech": "FTTN",
    "upgrade": "FTTP_NA",
    "gnaf_pid": "GAVIC420336299",
    "tech_change_status": "Committed",
    "program_type": "Customer-initiated N2P MDU Complex",
    "target_eligibility_quarter": "Jun 2025"
   }
  },
  {
   "type": "Feature",
   "geometry": {
    "type": "Point",
    "coordinates": [
     145.444413,
     -37.9263
    ]
   },
   "properties": {
    "name": "3 EMERALD CLOSE EMERALD 3782",
    "locID": "LOC000056877347",
    "tech": "FTTN",
    "upgrade": "FTTP_NA",
    "gnaf_pid": "GAVIC420345488",
    "tech_change_status": "Committed",
    "program_type": "On-Demand N2P SDU/MDU Simple",
    "target_eligibility_quarter": "Jun 2025"
   }
  },
  {
   "type": "Feature",
   "geometry": {
    "type": "Point",
    "coordinates": [
     145.45042178,
     -37.93657153
    ]
   },
   "properties": {
    "name": "2 CLOVERLEIGH AVENUE EMERALD 3782",
    "locID": "LOC000080107027",
    "tech": "FTTN",
    "upgrade": "FTTP_NA",
    "gnaf_pid": "GAVIC420353420",
    "tech_change_status": "In Design",
    "program_type": "On-Demand N2P SDU/MDU Simple",
    "target_eligibility_quarter": "Dec 2025"
   }
  },
  {
   "type": "Feature",
   "geometry": {
    "type": "Point",
    "coordinates": [
     145.449446,
     -37.927408
    ]
   },
   "properties": {
    "name": "6 OLD GEMBROOK ROAD EMERALD 3782",
    "locID": "LOC000066682959",
    "tech": "FTTN",
    "upgrade": "FTTP_NA",
    "gnaf_pid": "GAVIC420362958",
    "tech_change_status": "Committed",
    "program_type": "On-Demand N2P SDU/MDU Simple",
    "target_eligibility_quarter": "Jun 2025"
   }
  },
  {
   "type": "Feature",
   "geometry": {
    "type": "Point",
    "coordinates": [
     145.43651833,
     -37.9341501
    ]
   },
   "properties": {
    "name": "UNIT 11, 11 WESTLANDS ROAD EMERALD 3782",
    "locID": "LOC000060412036",
    "tech": "FTTN",
    "upgrade": "FTTP_NA",
    "gnaf_pid": "GAVIC420364969",
    "tech_change_status": "Committed",
    "program_type": "Customer-initiated N2P MDU Complex",
    "target_eligibility_quarter": "Jun 2025"
   }
  },
  {
   "type": "Feature",
   "geometry": {
    "type": "Point",
    "coordinates": [
     145.441012,
     -37.933816
    ]
   },
   "properties": {
    "name": "15 KILVINGTON DRIVE EMERALD 3782",
    "locID": "LOC000078221734",
    "tech": "FTTN",
    "upgrade": "FTTP_NA",
    "gnaf_pid": "GAVIC420373607",
    "tech_change_status": "Committed",
    "program_type": "On-Demand N2P SDU/MDU Simple",
    "target_eligibility_quarter": "Jun 2025"
   }
  },
  {
   "type": "Feature",
   "geometry": {
    "type": "Point",
    "coordinates": [
     145.441207,
     -37.934278
    ]
   },
   "properties": {
    "name": "19 KILVINGTON DRIVE EMERALD 3782",
    "locID": "LOC000125530771",
    "tech": "FTTN",
    "upgrade": "FTTP_NA",
    "gnaf_pid": "GAVIC420373608",
    "tech_change_status": "Committed",
    "program_type": "On-Demand N2P SDU/MDU Simple",
    "target_eligibility_quarter": "Jun 2025"
   }
  },
  {
   "type": "Feature",
   "geometry": {
    "type": "Point",
    "coordinates": [
     145.456912,
     -37.926383
    ]
   },
   "properties": {
    "name": "1A ROYAL PARADE EMERALD 3782",
    "locID": "LOC000024362965",
    "tech": "FTTN",
    "upgrade": "NULL_NA",
    "gnaf_pid": "GAVIC420376068",
    "tech_change_status": "Not Planned"
   }
  },
  {
   "type": "Feature",
   "geometry": {
    "type": "Point",
    "coordinates": [
     145.44383418,
     -37.91392926
    ]
   },
   "properties": {
    "name": "1 MEADOWVIEW LANE EMERALD 3782",
    "locID": "LOC000047556957",
    "tech": "FTTN",
    "upgrade": "NULL_NA",
    "gnaf_pid": "GAVIC420399579",
    "tech_change_status": "Not Planned"
   }
  },
  {
   "type": "Feature",
   "geometry": {
    "type": "Point",
    "coordinates": [
     145.44672765,
     -37.91019074
    ]
   },
   "properties": {
    "name": "6 GRANDVIEW AVENUE EMERALD 3782",
    "locID": "LOC000052532106",
    "tech": "FTTN",
    "upgrade": "NULL_NA",
    "gnaf_pid": "GAVIC420408540",
    "tech_change_status": "Not Planned"
   }
  },
  {
   "type": "Feature",
   "geometry": {
    "type": "Point",
    "coordinates": [
     145.43162615,
     -37.93796723
    ]
   },
   "properties": {
    "name": "2 WATTLE AVENUE EMERALD 3782",
    "locID": "LOC000084621496",
    "tech": "FTTN",
    "upgrade": "FTTP_NA",
    "gnaf_pid": "GAVIC420413848",
    "tech_change_status": "Committed",
    "program_type": "On-Demand N2P SDU/MDU Simple",
    "target_eligibility_quarter": "Jun 2025"
   }
  },
  {
   "type": "Feature",
   "geometry": {
    "type": "Point",
    "coordinates": [
     145.45936761,
     -37.9194985
    ]
   },
   "properties": {
    "name": "8 MESSMATE COURT EMERALD 3782",
    "locID": "LOC000079953420",
    "tech": "FTTN",
    "upgrade": "NULL_NA",
    "gnaf_pid": "GAVIC420430658",
    "tech_change_status": "Not Planned"
   }
  },
  {
   "type": "Feature",
   "geometry": {
    "type": "Point",
    "coordinates": [
     145.43906242,
     -37.91950973
    ]
   },
   "properties": {
    "name": "22 SYDNEY AVENUE EMERALD 3782",
    "locID": "LOC000079913008",
    "tech": "FTTN",
    "upgrade": "NULL_NA",
    "gnaf_pid": "GAVIC420437133",
    "tech_change_status": "Not Planned"
   }
  },
  {
   "type": "Feature",
   "geometry": {
    "type": "Point",
    "coordinates": [
     145.439893,
     -37.932368
    ]
   },
   "properties": {
    "name": "342 BELGRAVE-GEMBROOK ROAD EMERALD 3782",
    "locID": "LOC000091938109",
    "tech": "FTTN",
    "upgrade": "FTTP",
    "gnaf_pid": "GAVIC420438006",
    "tech_change_status": "New Tech Connected"
   }
  },
  {
   "type": "Feature",
   "geometry": {
    "type": "Point",
    "coordinates": [
     145.47378835,
     -37.95939014
    ]
   },
   "properties": {
    "name": "45 HEPNER ROAD EMERALD 3782",
    "locID": "LOC000105001965",
    "tech": "NULL",
    "upgrade": "NULL_NA",
    "gnaf_pid": "GAVIC420442434",
    "tech_change_status": "Not Planned"
   }
  },
  {
   "type": "Feature",
   "geometry": {
    "type": "Point",
    "coordinates": [
     145.466447,
     -37.941798
    ]
   },
   "properties": {
    "name": "6 ULMER ROAD EMERALD 3782",
    "locID": "LOC000037806260",
    "tech": "FTTN",
    "upgrade": "FTTP_SA",
    "gnaf_pid": "GAVIC420479583",
    "tech_change_status": "Eligible to Order",
    "program_type": "On-Demand N2P SDU/MDU Simple",
    "target_eligibility_quarter": "NA"
   }
  },
  {
   "type": "Feature",
   "geometry": {
    "type": "Point",
    "coordinates": [
     145.457025,
     -37.93363
    ]
   },
   "properties": {
    "name": "3 WILLIAM STREET EMERALD 3782",
    "locID": "LOC000066015661",
    "tech": "FTTN",
    "upgrade": "FTTP_NA",
    "gnaf_pid": "GAVIC420479593",
    "tech_change_status": "In Design",
    "program_type": "On-Demand N2P SDU/MDU Simple",
    "target_eligibility_quarter": "Dec 2025"
   }
  },
  {
   "type": "Feature",
   "geometry": {
    "type": "Point",
    "coordinates": [
     145.457359,
     -37.933427
    ]
   },
   "properties": {
    "name": "8 WILLIAM STREET EMERALD 3782",
    "locID": "LOC000038464158",
    "tech": "FTTN",
    "upgrade": "FTTP_NA",
    "gnaf_pid": "GAVIC420479594",
    "tech_change_status": "In Design",
    "program_type": "On-Demand N2P SDU/MDU Simple",
    "target_eligibility_quarter": "Dec 2025"
   }
  },
  {
   "type": "Feature",
   "geometry": {
    "type": "Point",
    "coordinates": [
     145.4575,
     -37.937043
    ]
   },
   "properties": {
    "name": "15 WILLIAM STREET EMERALD 3782",
    "locID": "LOC000073345457",
    "tech": "FTTN",
    "upgrade": "FTTP_NA",
    "gnaf_pid": "GAVIC420479596",
    "tech_change_status": "In Design",
    "program_type": "On-Demand N2P SDU/MDU Simple",
    "target_eligibility_quarter": "Dec 2025"
   }
  },
  {
   "type": "Feature",
   "geometry": {
    "type": "Point",
    "coordinates": [
     145.457607,
     -37.937387
    ]
   },
   "properties": {
    "name": "19 WILLIAM STREET EMERALD 3782",
    "locID": "LOC000041043485",
    "tech": "FTTN",
    "upgrade": "FTTP_NA",
    "gnaf_pid": "GAVIC420479597",
    "tech_change_status": "In Design",
    "program_type": "On-Demand N2P SDU/MDU Simple",
    "target_eligibility_quarter": "Dec 2025"
   }
  },
  {
   "type": "Feature",
   "geometry": {
    "type": "Point",
    "coordinates": [
     145.43751855,
     -37.94081426
    ]
   },
   "properties": {
    "name": "11 STEEL ROAD EMERALD 3782",
    "locID": "LOC000059034490",
    "tech": "FTTN",
    "upgrade": "NULL_NA",
    "gnaf_pid": "GAVIC420480063",
    "tech_change_status": "Not Planned"
   }
  },
  {
   "type": "Feature",
   "geometry": {
    "type": "Point",
    "coordinates": [
     145.43348774,
     -37.9305929
    ]
   },
   "properties": {
    "name": "263 BELGRAVE-GEMBROOK ROAD EMERALD 3782",
    "locID": "LOC000005257329",
    "tech": "FTTN",
    "upgrade": "FTTP_NA",
    "gnaf_pid": "GAVIC420480968",
    "tech_change_status": "Committed",
    "program_type": "On-Demand N2P SDU/MDU Simple",
    "target_eligibility_quarter": "Dec 2025"
   }
  },
  {
   "type": "Feature",
   "geometry": {
    "type": "Point",
    "coordinates": [
     145.443566,
     -37.930317
    ]
   },
   "properties": {
    "name": "343 BELGRAVE-GEMBROOK ROAD EMERALD 3782",
    "locID": "LOC000071764190",
    "tech": "FTTN",
    "upgrade": "FTTP_NA",
    "gnaf_pid": "GAVIC420480973",
    "tech_change_status": "Committed",
    "program_type": "On-Demand N2P SDU/MDU Simple",
    "target_eligibility_quarter": "Jun 2025"
   }
  },
  {
   "type": "Feature",
   "geometry": {
    "type": "Point",
    "coordinates": [
     145.44483692,
     -37.92888312
    ]
   },
   "properties": {
    "name": "363 BELGRAVE-GEMBROOK ROAD EMERALD 3782",
    "locID": "LOC100052048999",
    "tech": "FTTN",
    "upgrade": "NULL_NA",
    "gnaf_pid": "GAVIC420480975",
    "tech_change_status": "Not Planned"
   }
  },
  {
   "type": "Feature",
   "geometry": {
    "type": "Point",
    "coordinates": [
     145.461441,
     -37.945602
    ]
   },
   "properties": {
    "name": "5 MOUNTAIN AVENUE EMERALD 3782",
    "locID": "LOC000081422927",
    "tech": "FTTN",
    "upgrade": "FTTP_SA",
    "gnaf_pid": "GAVIC420481536",
    "tech_change_status": "Eligible to Order",
    "program_type": "On-Demand N2P SDU/MDU Simple",
    "target_eligibility_quarter": "NA"
   }
  },
  {
   "type": "Feature",
   "geometry": {
    "type": "Point",
    "coordinates": [
     145.44327959,
     -37.93997157
    ]
   },
   "properties": {
    "name": "10 OLD BEACONSFIELD ROAD EMERALD 3782",
    "locID": "LOC000049078528",
    "tech": "FTTN",
    "upgrade": "NULL_NA",
    "gnaf_pid": "GAVIC420481549",
    "tech_change_status": "Not Planned"
   }
  },
  {
   "type": "Feature",
   "geometry": {
    "type": "Point",
    "coordinates": [
     145.44297527,
     -37.91664109
    ]
   },
   "properties": {
    "name": "51 MEADOWVIEW LANE EMERALD 3782",
    "locID": "LOC000017000045",
    "tech": "FTTN",
    "upgrade": "NULL_NA",
    "gnaf_pid": "GAVIC420481696",
    "tech_change_status": "Not Planned"
   }
  },
  {
   "type": "Feature",
   "geometry": {
    "type": "Point",
    "coordinates": [
     145.446085,
     -37.918238
    ]
   },
   "properties": {
    "name": "13 CHARMAN AVENUE EMERALD 3782",
    "locID": "LOC000020321543",
    "tech": "FTTN",
    "upgrade": "NULL_NA",
    "gnaf_pid": "GAVIC420481708",
    "tech_change_status": "Not Planned"
   }
  },
  {
   "type": "Feature",
   "geometry": {
    "type": "Point",
    "coordinates": [
     145.44486223,
     -37.91857982
    ]
   },
   "properties": {
    "name": "14 CHARMAN AVENUE EMERALD 3782",
    "locID": "LOC000022138807",
    "tech": "FTTN",
    "upgrade": "NULL_NA",
    "gnaf_pid": "GAVIC420481709",
    "tech_change_status": "Not Planned"
   }
  },
  {
   "type": "Feature",
   "geometry": {
    "type": "Point",
    "coordinates": [
     145.44458213,
     -37.9187749
    ]
   },
   "properties": {
    "name": "16 CHARMAN AVENUE EMERALD 3782",
    "locID": "LOC000059326276",
    "tech": "FTTN",
    "upgrade": "NULL_NA",
    "gnaf_pid": "GAVIC420481710",
    "tech_change_status": "Not Planned"
   }
  },
  {
   "type": "Feature",
   "geometry": {
    "type": "Point",
    "coordinates": [
     145.443111,
     -37.920064
    ]
   },
   "properties": {
    "name": "37 CHARMAN AVENUE EMERALD 3782",
    "locID": "LOC000083252684",
    "tech": "FTTN",
    "upgrade": "NULL_NA",
    "gnaf_pid": "GAVIC420481711",
    "tech_change_status": "Not Planned"
   }
  },
  {
   "type": "Feature",
   "geometry": {
    "type": "Point",
    "coordinates": [
     145.43881575,
     -37.93404163
    ]
   },
   "properties": {
    "name": "5 MEMORIAL AVENUE EMERALD 3782",
    "locID": "LOC000039295590",
    "tech": "FTTN",
    "upgrade": "FTTP_NA",
    "gnaf_pid": "GAVIC420481721",
    "tech_change_status": "Committed",
    "program_type": "On-Demand N2P SDU/MDU Simple",
    "target_eligibility_quarter": "Dec 2025"
   }
  },
  {
   "type": "Feature",
   "geometry": {
    "type": "Point",
    "coordinates": [
     145.43846412,
     -37.93404485
    ]
   },
   "properties": {
    "name": "18 MEMORIAL AVENUE EMERALD 3782",
    "locID": "LOC000091815032",
    "tech": "FTTN",
    "upgrade": "FTTP_NA",
    "gnaf_pid": "GAVIC420481722",
    "tech_change_status": "Committed",
    "program_type": "On-Demand N2P SDU/MDU Simple",
    "target_eligibility_quarter": "Jun 2025"
   }
  },
  {
   "type": "Feature",
   "geometry": {
    "type": "Point",
    "coordinates": [
     145.456413,
     -37.936245
    ]
   },
   "properties": {
    "name": "9 AMBROSE STREET EMERALD 3782",
    "locID": "LOC000047148705",
    "tech": "FTTN",
    "upgrade": "FTTP_NA",
    "gnaf_pid": "GAVIC420482206",
    "tech_change_status": "In Design",
    "program_type": "On-Demand N2P SDU/MDU Simple",
    "target_eligibility_quarter": "Dec 2025"
   }
  },
  {
   "type": "Feature",
   "geometry": {
    "type": "Point",
    "coordinates": [
     145.46268874,
     -37.93251451
    ]
   },
   "properties": {
    "name": "18 AUHL ROAD EMERALD 3782",
    "locID": "LOC000026005646",
    "tech": "FTTN",
    "upgrade": "NULL_NA",
    "gnaf_pid": "GAVIC420482213",
    "tech_change_status": "Not Planned"
   }
  },
  {
   "type": "Feature",
   "geometry": {
    "type": "Point",
    "coordinates": [
     145.47241828,
     -37.93976625
    ]
   },
   "properties": {
    "name": "10 AZALEA CRESCENT EMERALD 3782",
    "locID": "LOC000015181770",
    "tech": "FTTP",
    "upgrade": "NULL_NA",
    "gnaf_pid": "GAVIC420482214"
   }
  },
  {
   "type": "Feature",
   "geometry": {
    "type": "Point",
    "coordinates": [
     145.452894,
     -37.936938
    ]
   },
   "properties": {
    "name": "63 BEACONSFIELD-EMERALD ROAD EMERALD 3782",
    "locID": "LOC000055056669",
    "tech": "FTTN",
    "upgrade": "FTTP_NA",
    "gnaf_pid": "GAVIC420482219",
    "tech_change_status": "In Design",
    "program_type": "On-Demand N2P SDU/MDU Simple",
    "target_eligibility_quarter": "Dec 2025"
   }
  },
  {
   "type": "Feature",
   "geometry": {
    "type": "Point",
    "coordinates": [
     145.453293,
     -37.936871
    ]
   },
   "properties": {
    "name": "65 BEACONSFIELD-EMERALD ROAD EMERALD 3782",
    "locID": "LOC000105821252",
    "tech": "FTTN",
    "upgrade": "FTTP_NA",
    "gnaf_pid": "GAVIC420482220",
    "tech_change_status": "In Design",
    "program_type": "On-Demand N2P SDU/MDU Simple",
    "target_eligibility_quarter": "Dec 2025"
   }
  },
  {
   "type": "Feature",
   "geometry": {
    "type": "Point",
    "coordinates": [
     145.45863825,
     -37.93923058
    ]
   },
   "properties": {
    "name": "33 WILLIAM STREET EMERALD 3782",
    "locID": "LOC000050478433",
    "tech": "FTTN",
    "upgrade": "FTTP_NA",
    "gnaf_pid": "GAVIC420483096",
    "tech_change_status": "In Design",
    "program_type": "On-Demand N2P SDU/MDU Simple",
    "target_eligibility_quarter": "Dec 2025"
   }
  },
  {
   "type": "Feature",
   "geometry": {
    "type": "Point",
    "coordinates": [
     145.438665,
     -37.938237
    ]
   },
   "properties": {
    "name": "1 CURTIS ROAD EMERALD 3782",
    "locID": "LOC000096479379",
    "tech": "FTTN",
    "upgrade": "NULL_NA",
    "gnaf_pid": "GAVIC420483154",
    "tech_change_status": "Not Planned"
   }
  },
  {
   "type": "Feature",
   "geometry": {
    "type": "Point",
    "coordinates": [
     145.43720821,
     -37.93827492
    ]
   },
   "properties": {
    "name": "7 CURTIS ROAD EMERALD 3782",
    "locID": "LOC000058019190",
    "tech": "FTTN",
    "upgrade": "NULL_NA",
    "gnaf_pid": "GAVIC420483155",
    "tech_change_status": "Not Planned"
   }
  },
  {
   "type": "Feature",
   "geometry": {
    "type": "Point",
    "coordinates": [
     145.454171,
     -37.95260477
    ]
   },
   "properties": {
    "name": "12 DEERY ROAD EMERALD 3782",
    "locID": "LOC000024363078",
    "tech": "NULL",
    "upgrade": "NULL_NA",
    "gnaf_pid": "GAVIC420483156",
    "tech_change_status": "Not Planned"
   }
  },
  {
   "type": "Feature",
   "geometry": {
    "type": "Point",
    "coordinates": [
     145.45914054,
     -37.95161337
    ]
   },
   "properties": {
    "name": "17 DEERY ROAD EMERALD 3782",
    "locID": "LOC000075443182",
    "tech": "NULL",
    "upgrade": "NULL_NA",
    "gnaf_pid": "GAVIC420483157",
    "tech_change_status": "Not Planned"
   }
  },
  {
   "type": "Feature",
   "geometry": {
    "type": "Point",
    "coordinates": [
     145.43986749,
     -37.94525994
    ]
   },
   "properties": {
    "name": "1 DIXON ROAD EMERALD 3782",
    "locID": "LOC000083884829",
    "tech": "FTTN",
    "upgrade": "NULL_NA",
    "gnaf_pid": "GAVIC420483165",
    "tech_change_status": "Not Planned"
   }
  },
  {
   "type": "Feature",
   "geometry": {
    "type": "Point",
    "coordinates": [
     145.44893139,
     -37.93713004
    ]
   },
   "properties": {
    "name": "25 HAMILTON ROAD EMERALD 3782",
    "locID": "LOC000034951639",
    "tech": "FTTN",
    "upgrade": "FTTP_NA",
    "gnaf_pid": "GAVIC420483194",
    "tech_change_status": "In Design",
    "program_type": "On-Demand N2P SDU/MDU Simple",
    "target_eligibility_quarter": "Dec 2025"
   }
  },
  {
   "type": "Feature",
   "geometry": {
    "type": "Point",
    "coordinates": [
     145.47765243,
     -37.96023328
    ]
   },
   "properties": {
    "name": "84 HEPNER ROAD EMERALD 3782",
    "locID": "LOC000067749903",
    "tech": "NULL",
    "upgrade": "NULL_NA",
    "gnaf_pid": "GAVIC420483203",
    "tech_change_status": "Not Planned"
   }
  },
  {
   "type": "Feature",
   "geometry": {
    "type": "Point",
    "coordinates": [
     145.48043414,
     -37.96057565
    ]
   },
   "properties": {
    "name": "110 HEPNER ROAD EMERALD 3782",
    "locID": "LOC000038355735",
    "tech": "NULL",
    "upgrade": "NULL_NA",
    "gnaf_pid": "GAVIC420483204",
    "tech_change_status": "Not Planned"
   }
  },
  {
   "type": "Feature",
   "geometry": {
    "type": "Point",
    "coordinates": [
     145.48097906,
     -37.96064579
    ]
   },
   "properties": {
    "name": "116 HEPNER ROAD EMERALD 3782",
    "locID": "LOC000083516597",
    "tech": "NULL",
    "upgrade": "NULL_NA",
    "gnaf_pid": "GAVIC420483205",
    "tech_change_status": "Not Planned"
   }
  },
  {
   "type": "Feature",
   "geometry": {
    "type": "Point",
    "coordinates": [
     145.4771913,
     -37.96492263
    ]
   },
   "properties": {
    "name": "8 MADELINE COURT EMERALD 3782",
    "locID": "LOC000029666719",
    "tech": "WIRELESS",
    "upgrade": "NULL_NA",
    "gnaf_pid": "GAVIC420483952",
    "tech_change_status": "Not Planned",
    "program_type": "Fixed Wireless and Satellite Upgrade Program",
    "target_eligibility_quarter": "NA"
   }
  },
  {
   "type": "Feature",
   "geometry": {
    "type": "Point",
    "coordinates": [
     145.43442135,
     -37.93856641
    ]
   },
   "properties": {
    "name": "10 MAISIE ROAD EMERALD 3782",
    "locID": "LOC000085218789",
    "tech": "FTTN",
    "upgrade": "NULL_NA",
    "gnaf_pid": "GAVIC420483963",
    "tech_change_status": "Not Planned"
   }
  },
  {
   "type": "Feature",
   "geometry": {
    "type": "Point",
    "coordinates": [
     145.440479,
     -37.93651018
    ]
   },
   "properties": {
    "name": "27 KILVINGTON DRIVE EMERALD 3782",
    "locID": "LOC000066897336",
    "tech": "FTTN",
    "upgrade": "NULL_NA",
    "gnaf_pid": "GAVIC420484139",
    "tech_change_status": "Not Planned"
   }
  },
  {
   "type": "Feature",
   "geometry": {
    "type": "Point",
    "coordinates": [
     145.43971545,
     -37.93822576
    ]
   },
   "properties": {
    "name": "38 KILVINGTON DRIVE EMERALD 3782",
    "locID": "LOC000058732346",
    "tech": "FTTN",
    "upgrade": "NULL_NA",
    "gnaf_pid": "GAVIC420484140",
    "tech_change_status": "Not Planned"
   }
  },
  {
   "type": "Feature",
   "geometry": {
    "type": "Point",
    "coordinates": [
     145.43920351,
     -37.94007859
    ]
   },
   "properties": {
    "name": "50 KILVINGTON DRIVE EMERALD 3782",
    "locID": "LOC000006996544",
    "tech": "FTTN",
    "upgrade": "NULL_NA",
    "gnaf_pid": "GAVIC420484141",
    "tech_change_status": "Not Planned"
   }
  },
  {
   "type": "Feature",
   "geometry": {
    "type": "Point",
    "coordinates": [
     145.44114952,
     -37.94593895
    ]
   },
   "properties": {
    "name": "71 KILVINGTON DRIVE EMERALD 3782",
    "locID": "LOC000031652874",
    "tech": "FTTN",
    "upgrade": "NULL_NA",
    "gnaf_pid": "GAVIC420484142",
    "tech_change_status": "Not Planned"
   }
  },
  {
   "type": "Feature",
   "geometry": {
    "type": "Point",
    "coordinates": [
     145.45866436,
     -37.94692324
    ]
   },
   "properties": {
    "name": "14 OZONE AVENUE EMERALD 3782",
    "locID": "LOC000085057612",
    "tech": "FTTN",
    "upgrade": "FTTP_SA",
    "gnaf_pid": "GAVIC420485083",
    "tech_change_status": "Eligible to Order",
    "program_type": "On-Demand N2P SDU/MDU Simple",
    "target_eligibility_quarter": "NA"
   }
  },
  {
   "type": "Feature",
   "geometry": {
    "type": "Point",
    "coordinates": [
     145.45834725,
     -37.94667792
    ]
   },
   "properties": {
    "name": "15 OZONE AVENUE EMERALD 3782",
    "locID": "LOC000106355830",
    "tech": "FTTP",
    "upgrade": "FTTP_NA",
    "gnaf_pid": "GAVIC420485084",
    "tech_change_status": "Previous Tech Disconnected",
    "program_type": "On-Demand N2P SDU/MDU Simple",
    "target_eligibility_quarter": "NA"
   }
  },
  {
   "type": "Feature",
   "geometry": {
    "type": "Point",
    "coordinates": [
     145.4499519,
     -37.93792942
    ]
   },
   "properties": {
    "name": "14 CLOVERLEIGH AVENUE EMERALD 3782",
    "locID": "LOC000081946861",
    "tech": "FTTN",
    "upgrade": "FTTP_NA",
    "gnaf_pid": "GAVIC420485759",
    "tech_change_status": "In Design",
    "program_type": "On-Demand N2P SDU/MDU Simple",
    "target_eligibility_quarter": "Dec 2025"
   }
  },
  {
   "type": "Feature",
   "geometry": {
    "type": "Point",
    "coordinates": [
     145.46561837,
     -37.93211549
    ]
   },
   "properties": {
    "name": "1 BELLBIRD CRESCENT EMERALD 3782",
    "locID": "LOC000071545985",
    "tech": "FTTN",
    "upgrade": "NULL_NA",
    "gnaf_pid": "GAVIC420486997",
    "tech_change_status": "Not Planned"
   }
  },
  {
   "type": "Feature",
   "geometry": {
    "type": "Point",
    "coordinates": [
     145.46642511,
     -37.93212669
    ]
   },
   "properties": {
    "name": "4 BELLBIRD CRESCENT EMERALD 3782",
    "locID": "LOC000029368143",
    "tech": "FTTN",
    "upgrade": "NULL_NA",
    "gnaf_pid": "GAVIC420486998",
    "tech_change_status": "Not Planned"
   }
  },
  {
   "type": "Feature",
   "geometry": {
    "type": "Point",
    "coordinates": [
     145.46490661,
     -37.93088317
    ]
   },
   "properties": {
    "name": "8 BELLBIRD CRESCENT EMERALD 3782",
    "locID": "LOC000044573063",
    "tech": "FTTN",
    "upgrade": "FTTP_NA",
    "gnaf_pid": "GAVIC420486999",
    "tech_change_status": "Committed",
    "program_type": "On-Demand N2P SDU/MDU Simple",
    "target_eligibility_quarter": "Dec 2025"
   }
  },
  {
   "type": "Feature",
   "geometry": {
    "type": "Point",
    "coordinates": [
     145.46431532,
     -37.93032724
    ]
   },
   "properties": {
    "name": "12 BELLBIRD CRESCENT EMERALD 3782",
    "locID": "LOC000055026250",
    "tech": "FTTN",
    "upgrade": "FTTP_NA",
    "gnaf_pid": "GAVIC420487000",
    "tech_change_status": "Committed",
    "program_type": "On-Demand N2P SDU/MDU Simple",
    "target_eligibility_quarter": "Jun 2025"
   }
  },
  {
   "type": "Feature",
   "geometry": {
    "type": "Point",
    "coordinates": [
     145.47300102,
     -37.94080188
    ]
   },
   "properties": {
    "name": "9 MAJESTIC DRIVE EMERALD 3782",
    "locID": "LOC000030222997",
    "tech": "FTTP",
    "upgrade": "NULL_NA",
    "gnaf_pid": "GAVIC420487725"
   }
  },
  {
   "type": "Feature",
   "geometry": {
    "type": "Point",
    "coordinates": [
     145.47122977,
     -37.94013266
    ]
   },
   "properties": {
    "name": "15 MAJESTIC DRIVE EMERALD 3782",
    "locID": "LOC000066835707",
    "tech": "FTTP",
    "upgrade": "NULL_NA",
    "gnaf_pid": "GAVIC420487726"
   }
  },
  {
   "type": "Feature",
   "geometry": {
    "type": "Point",
    "coordinates": [
     145.47063024,
     -37.93966863
    ]
   },
   "properties": {
    "name": "19 MAJESTIC DRIVE EMERALD 3782",
    "locID": "LOC000082060973",
    "tech": "FTTN",
    "upgrade": "NULL_NA",
    "gnaf_pid": "GAVIC420487727",
    "tech_change_status": "Not Planned"
   }
  },
  {
   "type": "Feature",
   "geometry": {
    "type": "Point",
    "coordinates": [
     145.469319,
     -37.936684
    ]
   },
   "properties": {
    "name": "29 MAJESTIC DRIVE EMERALD 3782",
    "locID": "LOC000040877250",
    "tech": "FTTN",
    "upgrade": "NULL_NA",
    "gnaf_pid": "GAVIC420487729",
    "tech_change_status": "Not Planned"
   }
  },
  {
   "type": "Feature",
   "geometry": {
    "type": "Point",
    "coordinates": [
     145.43907247,
     -37.93657066
    ]
   },
   "properties": {
    "name": "4 LEGG ROAD EMERALD 3782",
    "locID": "LOC000013672189",
    "tech": "FTTN",
    "upgrade": "NULL_NA",
    "gnaf_pid": "GAVIC420489415",
    "tech_change_status": "Not Planned"
   }
  },
  {
   "type": "Feature",
   "geometry": {
    "type": "Point",
    "coordinates": [
     145.44892058,
     -37.92048036
    ]
   },
   "properties": {
    "name": "2 LAKESIDE DRIVE EMERALD 3782",
    "locID": "LOC000038763793",
    "tech": "FTTN",
    "upgrade": "NULL_NA",
    "gnaf_pid": "GAVIC420489605",
    "tech_change_status": "Not Planned"
   }
  },
  {
   "type": "Feature",
   "geometry": {
    "type": "Point",
    "coordinates": [
     145.45528154,
     -37.91758205
    ]
   },
   "properties": {
    "name": "11 LAKESIDE DRIVE EMERALD 3782",
    "locID": "LOC000071503373",
    "tech": "FTTN",
    "upgrade": "NULL_NA",
    "gnaf_pid": "GAVIC420489606",
    "tech_change_status": "Not Planned"
   }
  },
  {
   "type": "Feature",
   "geometry": {
    "type": "Point",
    "coordinates": [
     145.45582655,
     -37.91618943
    ]
   },
   "properties": {
    "name": "40 LAKESIDE DRIVE EMERALD 3782",
    "locID": "LOC000020226827",
    "tech": "FTTN",
    "upgrade": "NULL_NA",
    "gnaf_pid": "GAVIC420489607",
    "tech_change_status": "Not Planned"
   }
  },
  {
   "type": "Feature",
   "geometry": {
    "type": "Point",
    "coordinates": [
     145.45761448,
     -37.91732034
    ]
   },
   "properties": {
    "name": "56 LAKESIDE DRIVE EMERALD 3782",
    "locID": "LOC000032878055",
    "tech": "FTTN",
    "upgrade": "NULL_NA",
    "gnaf_pid": "GAVIC420489608",
    "tech_change_status": "Not Planned"
   }
  },
  {
   "type": "Feature",
   "geometry": {
    "type": "Point",
    "coordinates": [
     145.46353165,
     -37.93007264
    ]
   },
   "properties": {
    "name": "23 BELLBIRD CRESCENT EMERALD 3782",
    "locID": "LOC000059335581",
    "tech": "FTTN",
    "upgrade": "FTTP_NA",
    "gnaf_pid": "GAVIC420489817",
    "tech_change_status": "Committed",
    "program_type": "On-Demand N2P SDU/MDU Simple",
    "target_eligibility_quarter": "Jun 2025"
   }
  },
  {
   "type": "Feature",
   "geometry": {
    "type": "Point",
    "coordinates": [
     145.46330461,
     -37.92952981
    ]
   },
   "properties": {
    "name": "29 BELLBIRD CRESCENT EMERALD 3782",
    "locID": "LOC000100647684",
    "tech": "FTTN",
    "upgrade": "FTTP_NA",
    "gnaf_pid": "GAVIC420489818",
    "tech_change_status": "Committed",
    "program_type": "On-Demand N2P SDU/MDU Simple",
    "target_eligibility_quarter": "Jun 2025"
   }
  },
  {
   "type": "Feature",
   "geometry": {
    "type": "Point",
    "coordinates": [
     145.46369,
     -37.928851
    ]
   },
   "properties": {
    "name": "39 BELLBIRD CRESCENT EMERALD 3782",
    "locID": "LOC000072938574",
    "tech": "FTTN",
    "upgrade": "FTTP_NA",
    "gnaf_pid": "GAVIC420489819",
    "tech_change_status": "Committed",
    "program_type": "On-Demand N2P SDU/MDU Simple",
    "target_eligibility_quarter": "Jun 2025"
   }
  },
  {
   "type": "Feature",
   "geometry": {
    "type": "Point",
    "coordinates": [
     145.46787874,
     -37.92935162
    ]
   },
   "properties": {
    "name": "54 BELLBIRD CRESCENT EMERALD 3782",
    "locID": "LOC000095966844",
    "tech": "FTTN",
    "upgrade": "FTTP_NA",
    "gnaf_pid": "GAVIC420489820",
    "tech_change_status": "Committed",
    "program_type": "On-Demand N2P SDU/MDU Simple",
    "target_eligibility_quarter": "Jun 2025"
   }
  },
  {
   "type": "Feature",
   "geometry": {
    "type": "Point",
    "coordinates": [
     145.437707,
     -37.930816
    ]
   },
   "properties": {
    "name": "22 BERRYS ROAD EMERALD 3782",
    "locID": "LOC000097136275",
    "tech": "FTTN",
    "upgrade": "FTTP_NA",
    "gnaf_pid": "GAVIC420489821",
    "tech_change_status": "Committed",
    "program_type": "On-Demand N2P SDU/MDU Simple",
    "target_eligibility_quarter": "Jun 2025"
   }
  },
  {
   "type": "Feature",
   "geometry": {
    "type": "Point",
    "coordinates": [
     145.431952,
     -37.934434
    ]
   },
   "properties": {
    "name": "8 LEIGHTON AVENUE EMERALD 3782",
    "locID": "LOC000011053716",
    "tech": "FTTN",
    "upgrade": "FTTP_NA",
    "gnaf_pid": "GAVIC420490512",
    "tech_change_status": "Committed",
    "program_type": "On-Demand N2P SDU/MDU Simple",
    "target_eligibility_quarter": "Jun 2025"
   }
  },
  {
   "type": "Feature",
   "geometry": {
    "type": "Point",
    "coordinates": [
     145.45973099,
     -37.92693583
    ]
   },
   "properties": {
    "name": "5 LAKEVIEW COURT EMERALD 3782",
    "locID": "LOC000024448801",
    "tech": "FTTN",
    "upgrade": "FTTP",
    "gnaf_pid": "GAVIC420492426",
    "tech_change_status": "Eligible to Order"
   }
  },
  {
   "type": "Feature",
   "geometry": {
    "type": "Point",
    "coordinates": [
     145.45504857,
     -37.91628516
    ]
   },
   "properties": {
    "name": "8 SYCAMORE AVENUE EMERALD 3782",
    "locID": "LOC000046698680",
    "tech": "FTTN",
    "upgrade": "NULL_NA",
    "gnaf_pid": "GAVIC420492517",
    "tech_change_status": "Not Planned"
   }
  },
  {
   "type": "Feature",
   "geometry": {
    "type": "Point",
    "coordinates": [
     145.44003374,
     -37.9201802
    ]
   },
   "properties": {
    "name": "7 SYDNEY AVENUE EMERALD 3782",
    "locID": "LOC000031772242",
    "tech": "FTTN",
    "upgrade": "NULL_NA",
    "gnaf_pid": "GAVIC420492519",
    "tech_change_status": "Not Planned"
   }
  },
  {
   "type": "Feature",
   "geometry": {
    "type": "Point",
    "coordinates": [
     145.438727,
     -37.919699
    ]
   },
   "properties": {
    "name": "17 SYDNEY AVENUE EMERALD 3782",
    "locID": "LOC000074144396",
    "tech": "FTTN",
    "upgrade": "NULL_NA",
    "gnaf_pid": "GAVIC420492520",
    "tech_change_status": "Not Planned"
   }
  },
  {
   "type": "Feature",
   "geometry": {
    "type": "Point",
    "coordinates": [
     145.43681835,
     -37.92010331
    ]
   },
   "properties": {
    "name": "28 SYDNEY AVENUE EMERALD 3782",
    "locID": "LOC000080286850",
    "tech": "FTTN",
    "upgrade": "NULL_NA",
    "gnaf_pid": "GAVIC420492521",
    "tech_change_status": "Not Planned"
   }
  },
  {
   "type": "Feature",
   "geometry": {
    "type": "Point",
    "coordinates": [
     145.43643316,
     -37.92066626
    ]
   },
   "properties": {
    "name": "29 SYDNEY AVENUE EMERALD 3782",
    "locID": "LOC000089867076",
    "tech": "FTTN",
    "upgrade": "NULL_NA",
    "gnaf_pid": "GAVIC420492522",
    "tech_change_status": "Not Planned"
   }
  },
  {
   "type": "Feature",
   "geometry": {
    "type": "Point",
    "coordinates": [
     145.43573553,
     -37.92783745
    ]
   },
   "properties": {
    "name": "18 PINNOCKS ROAD EMERALD 3782",
    "locID": "LOC000081034122",
    "tech": "FTTN",
    "upgrade": "FTTP_NA",
    "gnaf_pid": "GAVIC420493469",
    "tech_change_status": "Committed",
    "program_type": "On-Demand N2P SDU/MDU Simple",
    "target_eligibility_quarter": "Jun 2025"
   }
  },
  {
   "type": "Feature",
   "geometry": {
    "type": "Point",
    "coordinates": [
     145.437566,
     -37.933184
    ]
   },
   "properties": {
    "name": "2 WESTLANDS ROAD EMERALD 3782",
    "locID": "LOC000048524574",
    "tech": "FTTN",
    "upgrade": "FTTP_NA",
    "gnaf_pid": "GAVIC420493642",
    "tech_change_status": "Committed",
    "program_type": "On-Demand N2P SDU/MDU Simple",
    "target_eligibility_quarter": "Jun 2025"
   }
  },
  {
   "type": "Feature",
   "geometry": {
    "type": "Point",
    "coordinates": [
     145.433779,
     -37.933612
    ]
   },
   "properties": {
    "name": "24 WESTLANDS ROAD EMERALD 3782",
    "locID": "LOC000104657245",
    "tech": "FTTN",
    "upgrade": "FTTP_NA",
    "gnaf_pid": "GAVIC420493644",
    "tech_change_status": "Committed",
    "program_type": "On-Demand N2P SDU/MDU Simple",
    "target_eligibility_quarter": "Jun 2025"
   }
  },
  {
   "type": "Feature",
   "geometry": {
    "type": "Point",
    "coordinates": [
     145.433701,
     -37.93407
    ]
   },
   "properties": {
    "name": "25 WESTLANDS ROAD EMERALD 3782",
    "locID": "LOC000095930773",
    "tech": "FTTN",
    "upgrade": "FTTP_NA",
    "gnaf_pid": "GAVIC420493645",
    "tech_change_status": "Committed",
    "program_type": "On-Demand N2P SDU/MDU Simple",
    "target_eligibility_quarter": "Jun 2025"
   }
  },
  {
   "type": "Feature",
   "geometry": {
    "type": "Point",
    "coordinates": [
     145.433048,
     -37.934269
    ]
   },
   "properties": {
    "name": "30 WESTLANDS ROAD EMERALD 3782",
    "locID": "LOC000004305210",
    "tech": "FTTN",
    "upgrade": "FTTP_NA",
    "gnaf_pid": "GAVIC420493646",
    "tech_change_status": "Committed",
    "program_type": "On-Demand N2P SDU/MDU Simple",
    "target_eligibility_quarter": "Jun 2025"
   }
  },
  {
   "type": "Feature",
   "geometry": {
    "type": "Point",
    "coordinates": [
     145.433099,
     -37.935108
    ]
   },
   "properties": {
    "name": "35 WESTLANDS ROAD EMERALD 3782",
    "locID": "LOC000021972034",
    "tech": "FTTN",
    "upgrade": "FTTP_NA",
    "gnaf_pid": "GAVIC420493647",
    "tech_change_status": "Committed",
    "program_type": "On-Demand N2P SDU/MDU Simple",
    "target_eligibility_quarter": "Jun 2025"
   }
  },
  {
   "type": "Feature",
   "geometry": {
    "type": "Point",
    "coordinates": [
     145.432774,
     -37.934842
    ]
   },
   "properties": {
    "name": "36 WESTLANDS ROAD EMERALD 3782",
    "locID": "LOC000024229448",
    "tech": "FTTN",
    "upgrade": "FTTP_NA",
    "gnaf_pid": "GAVIC420493648",
    "tech_change_status": "Committed",
    "program_type": "On-Demand N2P SDU/MDU Simple",
    "target_eligibility_quarter": "Jun 2025"
   }
  },
  {
   "type": "Feature",
   "geometry": {
    "type": "Point",
    "coordinates": [
     145.433027,
     -37.935287
    ]
   },
   "properties": {
    "name": "37 WESTLANDS ROAD EMERALD 3782",
    "locID": "LOC000060202651",
    "tech": "FTTN",
    "upgrade": "FTTP_NA",
    "gnaf_pid": "GAVIC420493650",
    "tech_change_status": "Committed",
    "program_type": "On-Demand N2P SDU/MDU Simple",
    "target_eligibility_quarter": "Jun 2025"
   }
  },
  {
   "type": "Feature",
   "geometry": {
    "type": "Point",
    "coordinates": [
     145.43551022,
     -37.93517031
    ]
   },
   "properties": {
    "name": "15 BAYVIEW ROAD EMERALD 3782",
    "locID": "LOC000071734531",
    "tech": "FTTN",
    "upgrade": "FTTP_NA",
    "gnaf_pid": "GAVIC420493735",
    "tech_change_status": "Committed",
    "program_type": "On-Demand N2P SDU/MDU Simple",
    "target_eligibility_quarter": "Jun 2025"
   }
  },
  {
   "type": "Feature",
   "geometry": {
    "type": "Point",
    "coordinates": [
     145.44584044,
     -37.93078911
    ]
   },
   "properties": {
    "name": "8 BEACONSFIELD-EMERALD ROAD EMERALD 3782",
    "locID": "LOC000011937789",
    "tech": "FTTN",
    "upgrade": "FTTP_NA",
    "gnaf_pid": "GAVIC420493736",
    "tech_change_status": "Committed",
    "program_type": "On-Demand N2P SDU/MDU Simple",
    "target_eligibility_quarter": "Jun 2025"
   }
  },
  {
   "type": "Feature",
   "geometry": {
    "type": "Point",
    "coordinates": [
     145.446482,
     -37.931239
    ]
   },
   "properties": {
    "name": "11 BEACONSFIELD-EMERALD ROAD EMERALD 3782",
    "locID": "LOC000094786448",
    "tech": "FTTN",
    "upgrade": "FTTP_NA",
    "gnaf_pid": "GAVIC420493737",
    "tech_change_status": "Committed",
    "program_type": "On-Demand N2P SDU/MDU Simple",
    "target_eligibility_quarter": "Dec 2025"
   }
  },
  {
   "type": "Feature",
   "geometry": {
    "type": "Point",
    "coordinates": [
     145.43390825,
     -37.9360237
    ]
   },
   "properties": {
    "name": "7 BOUNDARY ROAD WEST EMERALD 3782",
    "locID": "LOC000056361466",
    "tech": "FTTN",
    "upgrade": "FTTP_NA",
    "gnaf_pid": "GAVIC420493833",
    "tech_change_status": "Committed",
    "program_type": "On-Demand N2P SDU/MDU Simple",
    "target_eligibility_quarter": "Jun 2025"
   }
  },
  {
   "type": "Feature",
   "geometry": {
    "type": "Point",
    "coordinates": [
     145.43459079,
     -37.93600892
    ]
   },
   "properties": {
    "name": "13 BOUNDARY ROAD WEST EMERALD 3782",
    "locID": "LOC000091568329",
    "tech": "FTTN",
    "upgrade": "FTTP_NA",
    "gnaf_pid": "GAVIC420493834",
    "tech_change_status": "Committed",
    "program_type": "On-Demand N2P SDU/MDU Simple",
    "target_eligibility_quarter": "Jun 2025"
   }
  },
  {
   "type": "Feature",
   "geometry": {
    "type": "Point",
    "coordinates": [
     145.4640029,
     -37.93122924
    ]
   },
   "properties": {
    "name": "3 BOWER COURT EMERALD 3782",
    "locID": "LOC000005067264",
    "tech": "FTTN",
    "upgrade": "FTTP_NA",
    "gnaf_pid": "GAVIC420493837",
    "tech_change_status": "Committed",
    "program_type": "On-Demand N2P SDU/MDU Simple",
    "target_eligibility_quarter": "Jun 2025"
   }
  },
  {
   "type": "Feature",
   "geometry": {
    "type": "Point",
    "coordinates": [
     145.4289235,
     -37.924871
    ]
   },
   "properties": {
    "name": "1 DOERY STREET EMERALD 3782",
    "locID": "LOC000034819564",
    "tech": "FTTN",
    "upgrade": "NULL_NA",
    "gnaf_pid": "GAVIC420494727",
    "tech_change_status": "Not Planned"
   }
  },
  {
   "type": "Feature",
   "geometry": {
    "type": "Point",
    "coordinates": [
     145.431639,
     -37.924003
    ]
   },
   "properties": {
    "name": "8 DUKE STREET EMERALD 3782",
    "locID": "LOC000050638862",
    "tech": "FTTN",
    "upgrade": "NULL_NA",
    "gnaf_pid": "GAVIC420494728",
    "tech_change_status": "Not Planned"
   }
  },
  {
   "type": "Feature",
   "geometry": {
    "type": "Point",
    "coordinates": [
     145.466581,
     -37.940325
    ]
   },
   "properties": {
    "name": "3 FORD ROAD EMERALD 3782",
    "locID": "LOC000082226497",
    "tech": "FTTN",
    "upgrade": "FTTP_NA",
    "gnaf_pid": "GAVIC420494843",
    "tech_change_status": "Committed",
    "program_type": "On-Demand N2P SDU/MDU Simple",
    "target_eligibility_quarter": "Dec 2025"
   }
  },
  {
   "type": "Feature",
   "geometry": {
    "type": "Point",
    "coordinates": [
     145.466254,
     -37.940177
    ]
   },
   "properties": {
    "name": "5 FORD ROAD EMERALD 3782",
    "locID": "LOC100052049014",
    "tech": "FTTN",
    "upgrade": "FTTP_SA",
    "gnaf_pid": "GAVIC420494845",
    "tech_change_status": "Eligible to Order",
    "program_type": "On-Demand N2P SDU/MDU Simple",
    "target_eligibility_quarter": "NA"
   }
  },
  {
   "type": "Feature",
   "geometry": {
    "type": "Point",
    "coordinates": [
     145.46527,
     -37.939858
    ]
   },
   "properties": {
    "name": "11 FORD ROAD EMERALD 3782",
    "locID": "LOC000061970711",
    "tech": "FTTN",
    "upgrade": "FTTP",
    "gnaf_pid": "GAVIC420494846",
    "tech_change_status": "Eligible to Order",
    "program_type": "On-Demand N2P SDU/MDU Simple",
    "target_eligibility_quarter": "NA"
   }
  },
  {
   "type": "Feature",
   "geometry": {
    "type": "Point",
    "coordinates": [
     145.46456461,
     -37.93677994
    ]
   },
   "properties": {
    "name": "26 FORD ROAD EMERALD 3782",
    "locID": "LOC000039398171",
    "tech": "FTTN",
    "upgrade": "FTTP",
    "gnaf_pid": "GAVIC420494847",
    "tech_change_status": "Eligible to Order",
    "program_type": "On-Demand N2P SDU/MDU Simple",
    "target_eligibility_quarter": "NA"
   }
  },
  {
   "type": "Feature",
   "geometry": {
    "type": "Point",
    "coordinates": [
     145.433038,
     -37.936377
    ]
   },
   "properties": {
    "name": "2 BOUNDARY ROAD WEST EMERALD 3782",
    "locID": "LOC000084622782",
    "tech": "FTTN",
    "upgrade": "FTTP_NA",
    "gnaf_pid": "GAVIC420495245",
    "tech_change_status": "Committed",
    "program_type": "On-Demand N2P SDU/MDU Simple",
    "target_eligibility_quarter": "Jun 2025"
   }
  },
  {
   "type": "Feature",
   "geometry": {
    "type": "Point",
    "coordinates": [
     145.437677,
     -37.930077
    ]
   },
   "properties": {
    "name": "6 PARADISE GROVE EMERALD 3782",
    "locID": "LOC000034643425",
    "tech": "FTTN",
    "upgrade": "FTTP_NA",
    "gnaf_pid": "GAVIC420495343",
    "tech_change_status": "Committed",
    "program_type": "On-Demand N2P SDU/MDU Simple",
    "target_eligibility_quarter": "Jun 2025"
   }
  },
  {
   "type": "Feature",
   "geometry": {
    "type": "Point",
    "coordinates": [
     145.437905,
     -37.930062
    ]
   },
   "properties": {
    "name": "8 PARADISE GROVE EMERALD 3782",
    "locID": "LOC000006216743",
    "tech": "FTTN",
    "upgrade": "FTTP_NA",
    "gnaf_pid": "GAVIC420495344",
    "tech_change_status": "Committed",
    "program_type": "On-Demand N2P SDU/MDU Simple",
    "target_eligibility_quarter": "Jun 2025"
   }
  },
  {
   "type": "Feature",
   "geometry": {
    "type": "Point",
    "coordinates": [
     145.441704,
     -37.923118
    ]
   },
   "properties": {
    "name": "5 BARNSHAW LANE EMERALD 3782",
    "locID": "LOC000072901297",
    "tech": "FTTN",
    "upgrade": "FTTP_NA",
    "gnaf_pid": "GAVIC420495405",
    "tech_change_status": "Committed",
    "program_type": "On-Demand N2P SDU/MDU Simple",
    "target_eligibility_quarter": "Dec 2025"
   }
  },
  {
   "type": "Feature",
   "geometry": {
    "type": "Point",
    "coordinates": [
     145.448373,
     -37.928425
    ]
   },
   "properties": {
    "name": "9 SHERRIFF ROAD EMERALD 3782",
    "locID": "LOC000006018501",
    "tech": "FTTN",
    "upgrade": "FTTP_NA",
    "gnaf_pid": "GAVIC420496184",
    "tech_change_status": "Committed",
    "program_type": "On-Demand N2P SDU/MDU Simple",
    "target_eligibility_quarter": "Jun 2025"
   }
  },
  {
   "type": "Feature",
   "geometry": {
    "type": "Point",
    "coordinates": [
     145.448388,
     -37.928785
    ]
   },
   "properties": {
    "name": "11 SHERRIFF ROAD EMERALD 3782",
    "locID": "LOC000097211128",
    "tech": "FTTN",
    "upgrade": "FTTP_NA",
    "gnaf_pid": "GAVIC420496185",
    "tech_change_status": "Committed",
    "program_type": "On-Demand N2P SDU/MDU Simple",
    "target_eligibility_quarter": "Dec 2025"
   }
  },
  {
   "type": "Feature",
   "geometry": {
    "type": "Point",
    "coordinates": [
     145.449612,
     -37.918221
    ]
   },
   "properties": {
    "name": "67 EMERALD-MONBULK ROAD EMERALD 3782",
    "locID": "LOC000008857427",
    "tech": "FTTN",
    "upgrade": "NULL_NA",
    "gnaf_pid": "GAVIC420497234",
    "tech_change_status": "Not Planned"
   }
  },
  {
   "type": "Feature",
   "geometry": {
    "type": "Point",
    "coordinates": [
     145.45348865,
     -37.91700535
    ]
   },
   "properties": {
    "name": "7 POPLAR CRESCENT EMERALD 3782",
    "locID": "LOC000083166466",
    "tech": "FTTN",
    "upgrade": "NULL_NA",
    "gnaf_pid": "GAVIC420497301",
    "tech_change_status": "Not Planned"
   }
  },
  {
   "type": "Feature",
   "geometry": {
    "type": "Point",
    "coordinates": [
     145.4539994,
     -37.91635021
    ]
   },
   "properties": {
    "name": "11 POPLAR CRESCENT EMERALD 3782",
    "locID": "LOC000039215853",
    "tech": "FTTN",
    "upgrade": "NULL_NA",
    "gnaf_pid": "GAVIC420497302",
    "tech_change_status": "Not Planned"
   }
  },
  {
   "type": "Feature",
   "geometry": {
    "type": "Point",
    "coordinates": [
     145.442297,
     -37.921459
    ]
   },
   "properties": {
    "name": "7 PRINCE STREET EMERALD 3782",
    "locID": "LOC000063299329",
    "tech": "FTTN",
    "upgrade": "NULL_NA",
    "gnaf_pid": "GAVIC420497305",
    "tech_change_status": "Not Planned"
   }
  },
  {
   "type": "Feature",
   "geometry": {
    "type": "Point",
    "coordinates": [
     145.447121,
     -37.930607
    ]
   },
   "properties": {
    "name": "8 PRINCESS AVENUE EMERALD 3782",
    "locID": "LOC000044791935",
    "tech": "FTTN",
    "upgrade": "FTTP_NA",
    "gnaf_pid": "GAVIC420497307",
    "tech_change_status": "Committed",
    "program_type": "On-Demand N2P SDU/MDU Simple",
    "target_eligibility_quarter": "Dec 2025"
   }
  },
  {
   "type": "Feature",
   "geometry": {
    "type": "Point",
    "coordinates": [
     145.444193,
     -37.906533
    ]
   },
   "properties": {
    "name": "12 STEWART ROAD EMERALD 3782",
    "locID": "LOC000083035995",
    "tech": "FTTN",
    "upgrade": "NULL_NA",
    "gnaf_pid": "GAVIC420497360",
    "tech_change_status": "Not Planned"
   }
  },
  {
   "type": "Feature",
   "geometry": {
    "type": "Point",
    "coordinates": [
     145.446473,
     -37.906824
    ]
   },
   "properties": {
    "name": "38 STEWART ROAD EMERALD 3782",
    "locID": "LOC000033141327",
    "tech": "FTTN",
    "upgrade": "NULL_NA",
    "gnaf_pid": "GAVIC420497361",
    "tech_change_status": "Not Planned"
   }
  },
  {
   "type": "Feature",
   "geometry": {
    "type": "Point",
    "coordinates": [
     145.44296,
     -37.932634
    ]
   },
   "properties": {
    "name": "2 KINGS ROAD EMERALD 3782",
    "locID": "LOC000013885213",
    "tech": "FTTN",
    "upgrade": "FTTP_NA",
    "gnaf_pid": "GAVIC420497648",
    "tech_change_status": "Committed",
    "program_type": "On-Demand N2P SDU/MDU Simple",
    "target_eligibility_quarter": "Jun 2025"
   }
  },
  {
   "type": "Feature",
   "geometry": {
    "type": "Point",
    "coordinates": [
     145.444134,
     -37.931442
    ]
   },
   "properties": {
    "name": "21 KINGS ROAD EMERALD 3782",
    "locID": "LOC000104186945",
    "tech": "FTTN",
    "upgrade": "FTTP_NA",
    "gnaf_pid": "GAVIC420497649",
    "tech_change_status": "Committed",
    "program_type": "On-Demand N2P SDU/MDU Simple",
    "target_eligibility_quarter": "Jun 2025"
   }
  },
  {
   "type": "Feature",
   "geometry": {
    "type": "Point",
    "coordinates": [
     145.462898,
     -37.92201497
    ]
   },
   "properties": {
    "name": "6 RONALD ROAD EMERALD 3782",
    "locID": "LOC000085455344",
    "tech": "FTTN",
    "upgrade": "FTTP_NA",
    "gnaf_pid": "GAVIC420497655",
    "tech_change_status": "Committed",
    "program_type": "On-Demand N2P SDU/MDU Simple",
    "target_eligibility_quarter": "Jun 2025"
   }
  },
  {
   "type": "Feature",
   "geometry": {
    "type": "Point",
    "coordinates": [
     145.46287132,
     -37.92114258
    ]
   },
   "properties": {
    "name": "14 RONALD ROAD EMERALD 3782",
    "locID": "LOC000039743941",
    "tech": "FTTN",
    "upgrade": "FTTP_NA",
    "gnaf_pid": "GAVIC420497656",
    "tech_change_status": "Committed",
    "program_type": "On-Demand N2P SDU/MDU Simple",
    "target_eligibility_quarter": "Jun 2025"
   }
  },
  {
   "type": "Feature",
   "geometry": {
    "type": "Point",
    "coordinates": [
     145.46281191,
     -37.91912544
    ]
   },
   "properties": {
    "name": "30 RONALD ROAD EMERALD 3782",
    "locID": "LOC000044261600",
    "tech": "FTTN",
    "upgrade": "FTTP_NA",
    "gnaf_pid": "GAVIC420497657",
    "tech_change_status": "Committed",
    "program_type": "On-Demand N2P SDU/MDU Simple",
    "target_eligibility_quarter": "Jun 2025"
   }
  },
  {
   "type": "Feature",
   "geometry": {
    "type": "Point",
    "coordinates": [
     145.456371,
     -37.927926
    ]
   },
   "properties": {
    "name": "8 ROYAL PARADE EMERALD 3782",
    "locID": "LOC000087702603",
    "tech": "FTTN",
    "upgrade": "NULL_NA",
    "gnaf_pid": "GAVIC420497658",
    "tech_change_status": "Not Planned"
   }
  },
  {
   "type": "Feature",
   "geometry": {
    "type": "Point",
    "coordinates": [
     145.456399,
     -37.928233
    ]
   },
   "properties": {
    "name": "10 ROYAL PARADE EMERALD 3782",
    "locID": "LOC000101105563",
    "tech": "FTTN",
    "upgrade": "NULL_NA",
    "gnaf_pid": "GAVIC420497659",
    "tech_change_status": "Not Planned"
   }
  },
  {
   "type": "Feature",
   "geometry": {
    "type": "Point",
    "coordinates": [
     145.43746895,
     -37.93443758
    ]
   },
   "properties": {
    "name": "11 RUSSELL STREET EMERALD 3782",
    "locID": "LOC000057554312",
    "tech": "FTTN",
    "upgrade": "FTTP_NA",
    "gnaf_pid": "GAVIC420497661",
    "tech_change_status": "Committed",
    "program_type": "On-Demand N2P SDU/MDU Simple",
    "target_eligibility_quarter": "Jun 2025"
   }
  },
  {
   "type": "Feature",
   "geometry": {
    "type": "Point",
    "coordinates": [
     145.43711991,
     -37.93444144
    ]
   },
   "properties": {
    "name": "12 RUSSELL STREET EMERALD 3782",
    "locID": "LOC000023782448",
    "tech": "FTTN",
    "upgrade": "FTTP_NA",
    "gnaf_pid": "GAVIC420497662",
    "tech_change_status": "Committed",
    "program_type": "On-Demand N2P SDU/MDU Simple",
    "target_eligibility_quarter": "Jun 2025"
   }
  },
  {
   "type": "Feature",
   "geometry": {
    "type": "Point",
    "coordinates": [
     145.43712664,
     -37.93463184
    ]
   },
   "properties": {
    "name": "14 RUSSELL STREET EMERALD 3782",
    "locID": "LOC000058584520",
    "tech": "FTTN",
    "upgrade": "FTTP_NA",
    "gnaf_pid": "GAVIC420497663",
    "tech_change_status": "Committed",
    "program_type": "On-Demand N2P SDU/MDU Simple",
    "target_eligibility_quarter": "Jun 2025"
   }
  },
  {
   "type": "Feature",
   "geometry": {
    "type": "Point",
    "coordinates": [
     145.43713384,
     -37.93482249
    ]
   },
   "properties": {
    "name": "16 RUSSELL STREET EMERALD 3782",
    "locID": "LOC000027676805",
    "tech": "FTTN",
    "upgrade": "FTTP_NA",
    "gnaf_pid": "GAVIC420497664",
    "tech_change_status": "Committed",
    "program_type": "On-Demand N2P SDU/MDU Simple",
    "target_eligibility_quarter": "Jun 2025"
   }
  },
  {
   "type": "Feature",
   "geometry": {
    "type": "Point",
    "coordinates": [
     145.450283,
     -37.93228
    ]
   },
   "properties": {
    "name": "18 ALBERT ROAD EMERALD 3782",
    "locID": "LOC000010130398",
    "tech": "FTTN",
    "upgrade": "FTTP_NA",
    "gnaf_pid": "GAVIC420498699",
    "tech_change_status": "Committed",
    "program_type": "On-Demand N2P SDU/MDU Simple",
    "target_eligibility_quarter": "Jun 2025"
   }
  },
  {
   "type": "Feature",
   "geometry": {
    "type": "Point",
    "coordinates": [
     145.433698,
     -37.936359
    ]
   },
   "properties": {
    "name": "6 BOUNDARY ROAD WEST EMERALD 3782",
    "locID": "LOC000046350565",
    "tech": "FTTN",
    "upgrade": "FTTP_NA",
    "gnaf_pid": "GAVIC420498749",
    "tech_change_status": "Committed",
    "program_type": "On-Demand N2P SDU/MDU Simple",
    "target_eligibility_quarter": "Jun 2025"
   }
  },
  {
   "type": "Feature",
   "geometry": {
    "type": "Point",
    "coordinates": [
     145.43498415,
     -37.93633135
    ]
   },
   "properties": {
    "name": "12 BOUNDARY ROAD WEST EMERALD 3782",
    "locID": "LOC000023877534",
    "tech": "FTTN",
    "upgrade": "FTTP_NA",
    "gnaf_pid": "GAVIC420498750",
    "tech_change_status": "Committed",
    "program_type": "On-Demand N2P SDU/MDU Simple",
    "target_eligibility_quarter": "Jun 2025"
   }
  },
  {
   "type": "Feature",
   "geometry": {
    "type": "Point",
    "coordinates": [
     145.436373,
     -37.936296
    ]
   },
   "properties": {
    "name": "20 BOUNDARY ROAD WEST EMERALD 3782",
    "locID": "LOC000098071752",
    "tech": "FTTN",
    "upgrade": "FTTP_NA",
    "gnaf_pid": "GAVIC420498751",
    "tech_change_status": "Committed",
    "program_type": "On-Demand N2P SDU/MDU Simple",
    "target_eligibility_quarter": "Jun 2025"
   }
  },
  {
   "type": "Feature",
   "geometry": {
    "type": "Point",
    "coordinates": [
     145.46947823,
     -37.91783105
    ]
   },
   "properties": {
    "name": "33 MACCLESFIELD ROAD EMERALD 3782",
    "locID": "LOC000086498490",
    "tech": "FTTN",
    "upgrade": "FTTP_NA",
    "gnaf_pid": "GAVIC420499017",
    "tech_change_status": "Committed",
    "program_type": "On-Demand N2P SDU/MDU Simple",
    "target_eligibility_quarter": "Jun 2025"
   }
  },
  {
   "type": "Feature",
   "geometry": {
    "type": "Point",
    "coordinates": [
     145.43592281,
     -37.93246603
    ]
   },
   "properties": {
    "name": "11 CHURCH STREET EMERALD 3782",
    "locID": "LOC000182793124",
    "tech": "FTTN",
    "upgrade": "FTTP_NA",
    "gnaf_pid": "GAVIC420499071",
    "tech_change_status": "Committed",
    "program_type": "On-Demand N2P SDU/MDU Simple",
    "target_eligibility_quarter": "Jun 2025"
   }
  },
  {
   "type": "Feature",
   "geometry": {
    "type": "Point",
    "coordinates": [
     145.433481,
     -37.932112
    ]
   },
   "properties": {
    "name": "18 CHURCH STREET EMERALD 3782",
    "locID": "LOC000050971386",
    "tech": "FTTN",
    "upgrade": "FTTP_NA",
    "gnaf_pid": "GAVIC420499074",
    "tech_change_status": "Committed",
    "program_type": "On-Demand N2P SDU/MDU Simple",
    "target_eligibility_quarter": "Jun 2025"
   }
  },
  {
   "type": "Feature",
   "geometry": {
    "type": "Point",
    "coordinates": [
     145.4468804,
     -37.89914339
    ]
   },
   "properties": {
    "name": "115 UREN ROAD EMERALD 3782",
    "locID": "LOC000011886152",
    "tech": "WIRELESS",
    "upgrade": "NULL_NA",
    "gnaf_pid": "GAVIC420500223",
    "tech_change_status": "Not Planned",
    "program_type": "Fixed Wireless and Satellite Upgrade Program",
    "target_eligibility_quarter": "NA"
   }
  },
  {
   "type": "Feature",
   "geometry": {
    "type": "Point",
    "coordinates": [
     145.4331733,
     -37.9307239
    ]
   },
   "properties": {
    "name": "261 BELGRAVE-GEMBROOK ROAD EMERALD 3782",
    "locID": "LOC000047209763",
    "tech": "FTTN",
    "upgrade": "FTTP_NA",
    "gnaf_pid": "GAVIC420500459",
    "tech_change_status": "Committed",
    "program_type": "On-Demand N2P SDU/MDU Simple",
    "target_eligibility_quarter": "Dec 2025"
   }
  },
  {
   "type": "Feature",
   "geometry": {
    "type": "Point",
    "coordinates": [
     145.446022,
     -37.909883
    ]
   },
   "properties": {
    "name": "10 GRANDVIEW AVENUE EMERALD 3782",
    "locID": "LOC000016931244",
    "tech": "FTTN",
    "upgrade": "NULL_NA",
    "gnaf_pid": "GAVIC420500724",
    "tech_change_status": "Not Planned"
   }
  },
  {
   "type": "Feature",
   "geometry": {
    "type": "Point",
    "coordinates": [
     145.46873183,
     -37.9195379
    ]
   },
   "properties": {
    "name": "15 MACCLESFIELD ROAD EMERALD 3782",
    "locID": "LOC000057278260",
    "tech": "FTTN",
    "upgrade": "FTTP_NA",
    "gnaf_pid": "GAVIC420501838",
    "tech_change_status": "Committed",
    "program_type": "On-Demand N2P SDU/MDU Simple",
    "target_eligibility_quarter": "Jun 2025"
   }
  },
  {
   "type": "Feature",
   "geometry": {
    "type": "Point",
    "coordinates": [
     145.46929449,
     -37.91837377
    ]
   },
   "properties": {
    "name": "27 MACCLESFIELD ROAD EMERALD 3782",
    "locID": "LOC000093885338",
    "tech": "FTTN",
    "upgrade": "FTTP_NA",
    "gnaf_pid": "GAVIC420501839",
    "tech_change_status": "Committed",
    "program_type": "On-Demand N2P SDU/MDU Simple",
    "target_eligibility_quarter": "Jun 2025"
   }
  },
  {
   "type": "Feature",
   "geometry": {
    "type": "Point",
    "coordinates": [
     145.46935684,
     -37.91819457
    ]
   },
   "properties": {
    "name": "29 MACCLESFIELD ROAD EMERALD 3782",
    "locID": "LOC000109741357",
    "tech": "FTTN",
    "upgrade": "FTTP_NA",
    "gnaf_pid": "GAVIC420501840",
    "tech_change_status": "Committed",
    "program_type": "On-Demand N2P SDU/MDU Simple",
    "target_eligibility_quarter": "Jun 2025"
   }
  },
  {
   "type": "Feature",
   "geometry": {
    "type": "Point",
    "coordinates": [
     145.46736053,
     -37.93360458
    ]
   },
   "properties": {
    "name": "45 MAJESTIC DRIVE EMERALD 3782",
    "locID": "LOC000005242500",
    "tech": "FTTN",
    "upgrade": "NULL_NA",
    "gnaf_pid": "GAVIC420502436",
    "tech_change_status": "Not Planned"
   }
  },
  {
   "type": "Feature",
   "geometry": {
    "type": "Point",
    "coordinates": [
     145.4702828,
     -37.9343665
    ]
   },
   "properties": {
    "name": "10 MIMOSA AVENUE EMERALD 3782",
    "locID": "LOC000085167984",
    "tech": "FTTN",
    "upgrade": "NULL_NA",
    "gnaf_pid": "GAVIC420502445",
    "tech_change_status": "Not Planned"
   }
  },
  {
   "type": "Feature",
   "geometry": {
    "type": "Point",
    "coordinates": [
     145.46886586,
     -37.91712451
    ]
   },
   "properties": {
    "name": "5 CHRISTIANS AVENUE EMERALD 3782",
    "locID": "LOC000036851103",
    "tech": "FTTN",
    "upgrade": "FTTP_NA",
    "gnaf_pid": "GAVIC420502585",
    "tech_change_status": "Committed",
    "program_type": "On-Demand N2P SDU/MDU Simple",
    "target_eligibility_quarter": "Jun 2025"
   }
  },
  {
   "type": "Feature",
   "geometry": {
    "type": "Point",
    "coordinates": [
     145.468625,
     -37.91709372
    ]
   },
   "properties": {
    "name": "7 CHRISTIANS AVENUE EMERALD 3782",
    "locID": "LOC000031040853",
    "tech": "FTTN",
    "upgrade": "FTTP_NA",
    "gnaf_pid": "GAVIC420502586",
    "tech_change_status": "Committed",
    "program_type": "On-Demand N2P SDU/MDU Simple",
    "target_eligibility_quarter": "Jun 2025"
   }
  },
  {
   "type": "Feature",
   "geometry": {
    "type": "Point",
    "coordinates": [
     145.46879269,
     -37.91679068
    ]
   },
   "properties": {
    "name": "8 CHRISTIANS AVENUE EMERALD 3782",
    "locID": "LOC000006908620",
    "tech": "FTTN",
    "upgrade": "FTTP_NA",
    "gnaf_pid": "GAVIC420502587",
    "tech_change_status": "Committed",
    "program_type": "On-Demand N2P SDU/MDU Simple",
    "target_eligibility_quarter": "Jun 2025"
   }
  },
  {
   "type": "Feature",
   "geometry": {
    "type": "Point",
    "coordinates": [
     145.436045,
     -37.931929
    ]
   },
   "properties": {
    "name": "8 CHURCH STREET EMERALD 3782",
    "locID": "LOC000125479832",
    "tech": "FTTN",
    "upgrade": "FTTP_NA",
    "gnaf_pid": "GAVIC420502589",
    "tech_change_status": "Committed",
    "program_type": "On-Demand N2P SDU/MDU Simple",
    "target_eligibility_quarter": "Jun 2025"
   }
  },
  {
   "type": "Feature",
   "geometry": {
    "type": "Point",
    "coordinates": [
     145.43719546,
     -37.93243179
    ]
   },
   "properties": {
    "name": "1-3 CHURCH STREET EMERALD 3782",
    "locID": "LOC000067804296",
    "tech": "FTTN",
    "upgrade": "FTTP_NA",
    "gnaf_pid": "GAVIC420502590",
    "tech_change_status": "Committed",
    "program_type": "On-Demand N2P SDU/MDU Simple",
    "target_eligibility_quarter": "Jun 2025"
   }
  },
  {
   "type": "Feature",
   "geometry": {
    "type": "Point",
    "coordinates": [
     145.44497598,
     -37.92838334
    ]
   },
   "properties": {
    "name": "377 BELGRAVE-GEMBROOK ROAD EMERALD 3782",
    "locID": "LOC000030625467",
    "tech": "FTTN",
    "upgrade": "FTTP_NA",
    "gnaf_pid": "GAVIC420502596",
    "tech_change_status": "Committed",
    "program_type": "On-Demand N2P SDU/MDU Simple",
    "target_eligibility_quarter": "Jun 2025"
   }
  },
  {
   "type": "Feature",
   "geometry": {
    "type": "Point",
    "coordinates": [
     145.443453,
     -37.930838
    ]
   },
   "properties": {
    "name": "380 BELGRAVE-GEMBROOK ROAD EMERALD 3782",
    "locID": "LOC000091775772",
    "tech": "FTTN",
    "upgrade": "FTTP_NA",
    "gnaf_pid": "GAVIC420502597",
    "tech_change_status": "Committed",
    "program_type": "On-Demand N2P SDU/MDU Simple",
    "target_eligibility_quarter": "Dec 2025"
   }
  },
  {
   "type": "Feature",
   "geometry": {
    "type": "Point",
    "coordinates": [
     145.46216109,
     -37.92420318
    ]
   },
   "properties": {
    "name": "434 BELGRAVE-GEMBROOK ROAD EMERALD 3782",
    "locID": "LOC000058286030",
    "tech": "FTTN",
    "upgrade": "NULL_NA",
    "gnaf_pid": "GAVIC420502601",
    "tech_change_status": "Not Planned"
   }
  },
  {
   "type": "Feature",
   "geometry": {
    "type": "Point",
    "coordinates": [
     145.44590487,
     -37.90098135
    ]
   },
   "properties": {
    "name": "3 BUTTERFIELD ROAD EMERALD 3782",
    "locID": "LOC000054333694",
    "tech": "FTTN",
    "upgrade": "NULL_NA",
    "gnaf_pid": "GAVIC420502638",
    "tech_change_status": "Not Planned"
   }
  },
  {
   "type": "Feature",
   "geometry": {
    "type": "Point",
    "coordinates": [
     145.44231076,
     -37.91989646
    ]
   },
   "properties": {
    "name": "32 CHARMAN AVENUE EMERALD 3782",
    "locID": "LOC000017544504",
    "tech": "FTTN",
    "upgrade": "NULL_NA",
    "gnaf_pid": "GAVIC420502642",
    "tech_change_status": "Not Planned"
   }
  },
  {
   "type": "Feature",
   "geometry": {
    "type": "Point",
    "coordinates": [
     145.4385929,
     -37.91637866
    ]
   },
   "properties": {
    "name": "15 CAROLINE CRESCENT EMERALD 3782",
    "locID": "LOC000063492528",
    "tech": "NULL",
    "upgrade": "NULL_NA",
    "gnaf_pid": "GAVIC420502645",
    "tech_change_status": "Not Planned"
   }
  },
  {
   "type": "Feature",
   "geometry": {
    "type": "Point",
    "coordinates": [
     145.4421208,
     -37.91805589
    ]
   },
   "properties": {
    "name": "16 CAROLINE CRESCENT EMERALD 3782",
    "locID": "LOC000002772429",
    "tech": "FTTN",
    "upgrade": "NULL_NA",
    "gnaf_pid": "GAVIC420502646",
    "tech_change_status": "Not Planned"
   }
  },
  {
   "type": "Feature",
   "geometry": {
    "type": "Point",
    "coordinates": [
     145.451151,
     -37.928344
    ]
   },
   "properties": {
    "name": "5 DURBAN ROAD EMERALD 3782",
    "locID": "LOC000048558578",
    "tech": "FTTN",
    "upgrade": "NULL_NA",
    "gnaf_pid": "GAVIC420502690",
    "tech_change_status": "Not Planned"
   }
  },
  {
   "type": "Feature",
   "geometry": {
    "type": "Point",
    "coordinates": [
     145.42772555,
     -37.92268965
    ]
   },
   "properties": {
    "name": "27 EDENMONT ROAD EMERALD 3782",
    "locID": "LOC000048730517",
    "tech": "FTTN",
    "upgrade": "NULL_NA",
    "gnaf_pid": "GAVIC420502694",
    "tech_change_status": "Not Planned"
   }
  },
  {
   "type": "Feature",
   "geometry": {
    "type": "Point",
    "coordinates": [
     145.458344,
     -37.926591
    ]
   },
   "properties": {
    "name": "4 ELIZABETH COURT EMERALD 3782",
    "locID": "LOC000080313590",
    "tech": "FTTN",
    "upgrade": "NULL_NA",
    "gnaf_pid": "GAVIC420502697",
    "tech_change_status": "Not Planned"
   }
  },
  {
   "type": "Feature",
   "geometry": {
    "type": "Point",
    "coordinates": [
     145.45284182,
     -37.91362452
    ]
   },
   "properties": {
    "name": "23 ELM CRESCENT EMERALD 3782",
    "locID": "LOC000030125237",
    "tech": "FTTN",
    "upgrade": "NULL_NA",
    "gnaf_pid": "GAVIC420502698",
    "tech_change_status": "Not Planned"
   }
  },
  {
   "type": "Feature",
   "geometry": {
    "type": "Point",
    "coordinates": [
     145.445142,
     -37.914909
    ]
   },
   "properties": {
    "name": "79 EMERALD-MONBULK ROAD EMERALD 3782",
    "locID": "LOC000079619596",
    "tech": "FTTN",
    "upgrade": "NULL_NA",
    "gnaf_pid": "GAVIC420503432",
    "tech_change_status": "Not Planned"
   }
  },
  {
   "type": "Feature",
   "geometry": {
    "type": "Point",
    "coordinates": [
     145.442394,
     -37.907149
    ]
   },
   "properties": {
    "name": "93 EMERALD-MONBULK ROAD EMERALD 3782",
    "locID": "LOC000096990602",
    "tech": "FTTN",
    "upgrade": "NULL_NA",
    "gnaf_pid": "GAVIC420503434",
    "tech_change_status": "Not Planned"
   }
  },
  {
   "type": "Feature",
   "geometry": {
    "type": "Point",
    "coordinates": [
     145.4459154,
     -37.91473686
    ]
   },
   "properties": {
    "name": "96 EMERALD-MONBULK ROAD EMERALD 3782",
    "locID": "LOC000085471964",
    "tech": "FTTN",
    "upgrade": "NULL_NA",
    "gnaf_pid": "GAVIC420503435",
    "tech_change_status": "Not Planned"
   }
  },
  {
   "type": "Feature",
   "geometry": {
    "type": "Point",
    "coordinates": [
     145.4426159,
     -37.896952
    ]
   },
   "properties": {
    "name": "156 EMERALD-MONBULK ROAD EMERALD 3782",
    "locID": "LOC000092963499",
    "tech": "FTTN",
    "upgrade": "NULL_NA",
    "gnaf_pid": "GAVIC420503436",
    "tech_change_status": "Not Planned"
   }
  },
  {
   "type": "Feature",
   "geometry": {
    "type": "Point",
    "coordinates": [
     145.44229321,
     -37.89669756
    ]
   },
   "properties": {
    "name": "160 EMERALD-MONBULK ROAD EMERALD 3782",
    "locID": "LOC000107236770",
    "tech": "FTTN",
    "upgrade": "NULL_NA",
    "gnaf_pid": "GAVIC420503438",
    "tech_change_status": "Not Planned"
   }
  },
  {
   "type": "Feature",
   "geometry": {
    "type": "Point",
    "coordinates": [
     145.44140598,
     -37.89611035
    ]
   },
   "properties": {
    "name": "170 EMERALD-MONBULK ROAD EMERALD 3782",
    "locID": "LOC000013496332",
    "tech": "FTTN",
    "upgrade": "NULL_NA",
    "gnaf_pid": "GAVIC420503439",
    "tech_change_status": "Not Planned"
   }
  },
  {
   "type": "Feature",
   "geometry": {
    "type": "Point",
    "coordinates": [
     145.44770551,
     -37.92575437
    ]
   },
   "properties": {
    "name": "3 ALEXANDER STREET EMERALD 3782",
    "locID": "LOC000095295957",
    "tech": "FTTN",
    "upgrade": "NULL_NA",
    "gnaf_pid": "GAVIC420503915",
    "tech_change_status": "Not Planned"
   }
  },
  {
   "type": "Feature",
   "geometry": {
    "type": "Point",
    "coordinates": [
     145.4646309,
     -37.92109311
    ]
   },
   "properties": {
    "name": "9 ALFRED GROVE EMERALD 3782",
    "locID": "LOC000053956514",
    "tech": "FTTP",
    "upgrade": "NULL_NA",
    "gnaf_pid": "GAVIC420503916",
    "tech_change_status": "Previous Tech Disconnected"
   }
  },
  {
   "type": "Feature",
   "geometry": {
    "type": "Point",
    "coordinates": [
     145.46458296,
     -37.91960889
    ]
   },
   "properties": {
    "name": "23 ALFRED GROVE EMERALD 3782",
    "locID": "LOC000125534688",
    "tech": "FTTP",
    "upgrade": "NULL_NA",
    "gnaf_pid": "GAVIC420503918"
   }
  },
  {
   "type": "Feature",
   "geometry": {
    "type": "Point",
    "coordinates": [
     145.42671336,
     -37.92606082
    ]
   },
   "properties": {
    "name": "1 NAYLORS ROAD EMERALD 3782",
    "locID": "LOC000029192813",
    "tech": "FTTN",
    "upgrade": "NULL_NA",
    "gnaf_pid": "GAVIC420504136",
    "tech_change_status": "Not Planned"
   }
  },
  {
   "type": "Feature",
   "geometry": {
    "type": "Point",
    "coordinates": [
     145.45005589,
     -37.91551459
    ]
   },
   "properties": {
    "name": "9 NOBELIUS STREET EMERALD 3782",
    "locID": "LOC000070384386",
    "tech": "FTTN",
    "upgrade": "NULL_NA",
    "gnaf_pid": "GAVIC420504138",
    "tech_change_status": "Not Planned"
   }
  },
  {
   "type": "Feature",
   "geometry": {
    "type": "Point",
    "coordinates": [
     145.44924966,
     -37.91510968
    ]
   },
   "properties": {
    "name": "10 NOBELIUS STREET EMERALD 3782",
    "locID": "LOC000059985681",
    "tech": "FTTN",
    "upgrade": "NULL_NA",
    "gnaf_pid": "GAVIC420504139",
    "tech_change_status": "Not Planned"
   }
  },
  {
   "type": "Feature",
   "geometry": {
    "type": "Point",
    "coordinates": [
     145.431336,
     -37.934012
    ]
   },
   "properties": {
    "name": "4 WOODLANDS AVENUE EMERALD 3782",
    "locID": "LOC000052476589",
    "tech": "FTTN",
    "upgrade": "NULL_NA",
    "gnaf_pid": "GAVIC420504147",
    "tech_change_status": "Not Planned"
   }
  },
  {
   "type": "Feature",
   "geometry": {
    "type": "Point",
    "coordinates": [
     145.468861,
     -37.928053
    ]
   },
   "properties": {
    "name": "8 WRIGHT ROAD EMERALD 3782",
    "locID": "LOC000105768441",
    "tech": "FTTN",
    "upgrade": "FTTP_NA",
    "gnaf_pid": "GAVIC420504148",
    "tech_change_status": "Committed",
    "program_type": "On-Demand N2P SDU/MDU Simple",
    "target_eligibility_quarter": "Jun 2025"
   }
  },
  {
   "type": "Feature",
   "geometry": {
    "type": "Point",
    "coordinates": [
     145.46837665,
     -37.91592971
    ]
   },
   "properties": {
    "name": "36 FAIRWAY ROAD EMERALD 3782",
    "locID": "LOC000072052279",
    "tech": "FTTN",
    "upgrade": "FTTP_NA",
    "gnaf_pid": "GAVIC420505054",
    "tech_change_status": "Committed",
    "program_type": "On-Demand N2P SDU/MDU Simple",
    "target_eligibility_quarter": "Jun 2025"
   }
  },
  {
   "type": "Feature",
   "geometry": {
    "type": "Point",
    "coordinates": [
     145.46843029,
     -37.91564958
    ]
   },
   "properties": {
    "name": "38 FAIRWAY ROAD EMERALD 3782",
    "locID": "LOC000079534468",
    "tech": "FTTN",
    "upgrade": "FTTP_NA",
    "gnaf_pid": "GAVIC420505055",
    "tech_change_status": "Committed",
    "program_type": "On-Demand N2P SDU/MDU Simple",
    "target_eligibility_quarter": "Jun 2025"
   }
  },
  {
   "type": "Feature",
   "geometry": {
    "type": "Point",
    "coordinates": [
     145.44079,
     -37.928171
    ]
   },
   "properties": {
    "name": "30 FERRES ROAD EMERALD 3782",
    "locID": "LOC000097357884",
    "tech": "FTTN",
    "upgrade": "FTTP_NA",
    "gnaf_pid": "GAVIC420505057",
    "tech_change_status": "Committed",
    "program_type": "On-Demand N2P SDU/MDU Simple",
    "target_eligibility_quarter": "Jun 2025"
   }
  },
  {
   "type": "Feature",
   "geometry": {
    "type": "Point",
    "coordinates": [
     145.44122507,
     -37.92228732
    ]
   },
   "properties": {
    "name": "72 FERRES ROAD EMERALD 3782",
    "locID": "LOC000103391208",
    "tech": "FTTN",
    "upgrade": "NULL_NA",
    "gnaf_pid": "GAVIC420505059",
    "tech_change_status": "Not Planned"
   }
  },
  {
   "type": "Feature",
   "geometry": {
    "type": "Point",
    "coordinates": [
     145.447799,
     -37.918404
    ]
   },
   "properties": {
    "name": "3 FLORENCE AVENUE EMERALD 3782",
    "locID": "LOC000063771320",
    "tech": "FTTN",
    "upgrade": "NULL_NA",
    "gnaf_pid": "GAVIC420505061",
    "tech_change_status": "Not Planned"
   }
  },
  {
   "type": "Feature",
   "geometry": {
    "type": "Point",
    "coordinates": [
     145.44691943,
     -37.91890038
    ]
   },
   "properties": {
    "name": "14 FLORENCE AVENUE EMERALD 3782",
    "locID": "LOC000101603363",
    "tech": "FTTN",
    "upgrade": "NULL_NA",
    "gnaf_pid": "GAVIC420505062",
    "tech_change_status": "Not Planned"
   }
  },
  {
   "type": "Feature",
   "geometry": {
    "type": "Point",
    "coordinates": [
     145.450448,
     -37.913609
    ]
   },
   "properties": {
    "name": "6 OAK AVENUE EMERALD 3782",
    "locID": "LOC000079421597",
    "tech": "FTTN",
    "upgrade": "NULL_NA",
    "gnaf_pid": "GAVIC420505069",
    "tech_change_status": "Not Planned"
   }
  },
  {
   "type": "Feature",
   "geometry": {
    "type": "Point",
    "coordinates": [
     145.44617584,
     -37.9123673
    ]
   },
   "properties": {
    "name": "4 SUNNYSIDE TERRACE EMERALD 3782",
    "locID": "LOC000026109876",
    "tech": "FTTN",
    "upgrade": "NULL_NA",
    "gnaf_pid": "GAVIC420505324",
    "tech_change_status": "Not Planned"
   }
  },
  {
   "type": "Feature",
   "geometry": {
    "type": "Point",
    "coordinates": [
     145.44578598,
     -37.91103626
    ]
   },
   "properties": {
    "name": "8 SUNNYSIDE TERRACE EMERALD 3782",
    "locID": "LOC000036809498",
    "tech": "FTTN",
    "upgrade": "NULL_NA",
    "gnaf_pid": "GAVIC420505326",
    "tech_change_status": "Not Planned"
   }
  },
  {
   "type": "Feature",
   "geometry": {
    "type": "Point",
    "coordinates": [
     145.470014,
     -37.93747642
    ]
   },
   "properties": {
    "name": "20 MAJESTIC DRIVE EMERALD 3782",
    "locID": "LOC000032027772",
    "tech": "FTTN",
    "upgrade": "NULL_NA",
    "gnaf_pid": "GAVIC420506061",
    "tech_change_status": "Not Planned"
   }
  },
  {
   "type": "Feature",
   "geometry": {
    "type": "Point",
    "coordinates": [
     145.46598529,
     -37.93148894
    ]
   },
   "properties": {
    "name": "1 WATTLE COURT EMERALD 3782",
    "locID": "LOC000017753167",
    "tech": "FTTN",
    "upgrade": "FTTP_NA",
    "gnaf_pid": "GAVIC420506237",
    "tech_change_status": "Committed",
    "program_type": "On-Demand N2P SDU/MDU Simple",
    "target_eligibility_quarter": "Jun 2025"
   }
  },
  {
   "type": "Feature",
   "geometry": {
    "type": "Point",
    "coordinates": [
     145.44967619,
     -37.91502963
    ]
   },
   "properties": {
    "name": "11 NOBELIUS STREET EMERALD 3782",
    "locID": "LOC000104699933",
    "tech": "FTTN",
    "upgrade": "NULL_NA",
    "gnaf_pid": "GAVIC420506971",
    "tech_change_status": "Not Planned"
   }
  },
  {
   "type": "Feature",
   "geometry": {
    "type": "Point",
    "coordinates": [
     145.444253,
     -37.932822
    ]
   },
   "properties": {
    "name": "13 HEROES AVENUE EMERALD 3782",
    "locID": "LOC000040777653",
    "tech": "FTTN",
    "upgrade": "FTTP_NA",
    "gnaf_pid": "GAVIC420507028",
    "tech_change_status": "Committed",
    "program_type": "On-Demand N2P SDU/MDU Simple",
    "target_eligibility_quarter": "Jun 2025"
   }
  },
  {
   "type": "Feature",
   "geometry": {
    "type": "Point",
    "coordinates": [
     145.443912,
     -37.933349
    ]
   },
   "properties": {
    "name": "16 HEROES AVENUE EMERALD 3782",
    "locID": "LOC000080841623",
    "tech": "FTTN",
    "upgrade": "FTTP_NA",
    "gnaf_pid": "GAVIC420507029",
    "tech_change_status": "Committed",
    "program_type": "On-Demand N2P SDU/MDU Simple",
    "target_eligibility_quarter": "Jun 2025"
   }
  },
  {
   "type": "Feature",
   "geometry": {
    "type": "Point",
    "coordinates": [
     145.442592,
     -37.922571
    ]
   },
   "properties": {
    "name": "7 ORCHARD GROVE EMERALD 3782",
    "locID": "LOC000018604487",
    "tech": "FTTN",
    "upgrade": "FTTP_NA",
    "gnaf_pid": "GAVIC420507042",
    "tech_change_status": "Committed",
    "program_type": "On-Demand N2P SDU/MDU Simple",
    "target_eligibility_quarter": "Jun 2025"
   }
  },
  {
   "type": "Feature",
   "geometry": {
    "type": "Point",
    "coordinates": [
     145.452999,
     -37.928098
    ]
   },
   "properties": {
    "name": "30 OLD GEMBROOK ROAD EMERALD 3782",
    "locID": "LOC000036129683",
    "tech": "FTTN",
    "upgrade": "NULL_NA",
    "gnaf_pid": "GAVIC420507220",
    "tech_change_status": "Not Planned"
   }
  },
  {
   "type": "Feature",
   "geometry": {
    "type": "Point",
    "coordinates": [
     145.46712431,
     -37.92010973
    ]
   },
   "properties": {
    "name": "1 FAIRWAY ROAD EMERALD 3782",
    "locID": "LOC000012830407",
    "tech": "FTTN",
    "upgrade": "FTTP_NA",
    "gnaf_pid": "GAVIC420507874",
    "tech_change_status": "Committed",
    "program_type": "On-Demand N2P SDU/MDU Simple",
    "target_eligibility_quarter": "Jun 2025"
   }
  },
  {
   "type": "Feature",
   "geometry": {
    "type": "Point",
    "coordinates": [
     145.46795329,
     -37.91801846
    ]
   },
   "properties": {
    "name": "16 FAIRWAY ROAD EMERALD 3782",
    "locID": "LOC000070161654",
    "tech": "FTTN",
    "upgrade": "FTTP_NA",
    "gnaf_pid": "GAVIC420507875",
    "tech_change_status": "Committed",
    "program_type": "On-Demand N2P SDU/MDU Simple",
    "target_eligibility_quarter": "Jun 2025"
   }
  },
  {
   "type": "Feature",
   "geometry": {
    "type": "Point",
    "coordinates": [
     145.4679916,
     -37.91785173
    ]
   },
   "properties": {
    "name": "18 FAIRWAY ROAD EMERALD 3782",
    "locID": "LOC000104637869",
    "tech": "FTTN",
    "upgrade": "FTTP_NA",
    "gnaf_pid": "GAVIC420507876",
    "tech_change_status": "Committed",
    "program_type": "On-Demand N2P SDU/MDU Simple",
    "target_eligibility_quarter": "Jun 2025"
   }
  },
  {
   "type": "Feature",
   "geometry": {
    "type": "Point",
    "coordinates": [
     145.46821926,
     -37.91667341
    ]
   },
   "properties": {
    "name": "28 FAIRWAY ROAD EMERALD 3782",
    "locID": "LOC000026046661",
    "tech": "FTTN",
    "upgrade": "FTTP_NA",
    "gnaf_pid": "GAVIC420507877",
    "tech_change_status": "Committed",
    "program_type": "On-Demand N2P SDU/MDU Simple",
    "target_eligibility_quarter": "Jun 2025"
   }
  },
  {
   "type": "Feature",
   "geometry": {
    "type": "Point",
    "coordinates": [
     145.43656155,
     -37.93522156
    ]
   },
   "properties": {
    "name": "7 PEPPERMINT COURT EMERALD 3782",
    "locID": "LOC000046604137",
    "tech": "FTTN",
    "upgrade": "FTTP_NA",
    "gnaf_pid": "GAVIC420507980",
    "tech_change_status": "Committed",
    "program_type": "On-Demand N2P SDU/MDU Simple",
    "target_eligibility_quarter": "Jun 2025"
   }
  },
  {
   "type": "Feature",
   "geometry": {
    "type": "Point",
    "coordinates": [
     145.43543426,
     -37.94085866
    ]
   },
   "properties": {
    "name": "21 STEEL ROAD EMERALD 3782",
    "locID": "LOC000062421374",
    "tech": "FTTN",
    "upgrade": "NULL_NA",
    "gnaf_pid": "GAVIC420508721",
    "tech_change_status": "Not Planned"
   }
  },
  {
   "type": "Feature",
   "geometry": {
    "type": "Point",
    "coordinates": [
     145.43553063,
     -37.94053189
    ]
   },
   "properties": {
    "name": "22 STEEL ROAD EMERALD 3782",
    "locID": "LOC000054111219",
    "tech": "FTTN",
    "upgrade": "NULL_NA",
    "gnaf_pid": "GAVIC420508722",
    "tech_change_status": "Not Planned"
   }
  },
  {
   "type": "Feature",
   "geometry": {
    "type": "Point",
    "coordinates": [
     145.43406921,
     -37.94089519
    ]
   },
   "properties": {
    "name": "27 STEEL ROAD EMERALD 3782",
    "locID": "LOC000054006870",
    "tech": "FTTN",
    "upgrade": "NULL_NA",
    "gnaf_pid": "GAVIC420508723",
    "tech_change_status": "Not Planned"
   }
  },
  {
   "type": "Feature",
   "geometry": {
    "type": "Point",
    "coordinates": [
     145.434758,
     -37.940555
    ]
   },
   "properties": {
    "name": "28 STEEL ROAD EMERALD 3782",
    "locID": "LOC000092198412",
    "tech": "FTTN",
    "upgrade": "NULL_NA",
    "gnaf_pid": "GAVIC420508724",
    "tech_change_status": "Not Planned"
   }
  },
  {
   "type": "Feature",
   "geometry": {
    "type": "Point",
    "coordinates": [
     145.44429427,
     -37.94559209
    ]
   },
   "properties": {
    "name": "13 TORLEY ROAD EMERALD 3782",
    "locID": "LOC000002856656",
    "tech": "FTTN",
    "upgrade": "NULL_NA",
    "gnaf_pid": "GAVIC420508731",
    "tech_change_status": "Not Planned"
   }
  },
  {
   "type": "Feature",
   "geometry": {
    "type": "Point",
    "coordinates": [
     145.43403441,
     -37.93081991
    ]
   },
   "properties": {
    "name": "1 ANNE STREET EMERALD 3782",
    "locID": "LOC000025368385",
    "tech": "FTTN",
    "upgrade": "FTTP_NA",
    "gnaf_pid": "GAVIC420508934",
    "tech_change_status": "Committed",
    "program_type": "On-Demand N2P SDU/MDU Simple",
    "target_eligibility_quarter": "Dec 2025"
   }
  },
  {
   "type": "Feature",
   "geometry": {
    "type": "Point",
    "coordinates": [
     145.433259,
     -37.931316
    ]
   },
   "properties": {
    "name": "8 ANNE STREET EMERALD 3782",
    "locID": "LOC000094998374",
    "tech": "FTTN",
    "upgrade": "FTTP_NA",
    "gnaf_pid": "GAVIC420508935",
    "tech_change_status": "Committed",
    "program_type": "On-Demand N2P SDU/MDU Simple",
    "target_eligibility_quarter": "Dec 2025"
   }
  },
  {
   "type": "Feature",
   "geometry": {
    "type": "Point",
    "coordinates": [
     145.433464,
     -37.931318
    ]
   },
   "properties": {
    "name": "10 ANNE STREET EMERALD 3782",
    "locID": "LOC000081150922",
    "tech": "FTTN",
    "upgrade": "FTTP_NA",
    "gnaf_pid": "GAVIC420508936",
    "tech_change_status": "Committed",
    "program_type": "On-Demand N2P SDU/MDU Simple",
    "target_eligibility_quarter": "Dec 2025"
   }
  },
  {
   "type": "Feature",
   "geometry": {
    "type": "Point",
    "coordinates": [
     145.44172099,
     -37.92000668
    ]
   },
   "properties": {
    "name": "45 CHARMAN AVENUE EMERALD 3782",
    "locID": "LOC000086248494",
    "tech": "FTTN",
    "upgrade": "NULL_NA",
    "gnaf_pid": "GAVIC420509023",
    "tech_change_status": "Not Planned"
   }
  },
  {
   "type": "Feature",
   "geometry": {
    "type": "Point",
    "coordinates": [
     145.44183646,
     -37.94664879
    ]
   },
   "properties": {
    "name": "4 RAWHITI ROAD EMERALD 3782",
    "locID": "LOC000045166264",
    "tech": "FTTN",
    "upgrade": "NULL_NA",
    "gnaf_pid": "GAVIC420509579",
    "tech_change_status": "Not Planned"
   }
  },
  {
   "type": "Feature",
   "geometry": {
    "type": "Point",
    "coordinates": [
     145.44172673,
     -37.94361894
    ]
   },
   "properties": {
    "name": "18 RAWHITI ROAD EMERALD 3782",
    "locID": "LOC000050561029",
    "tech": "FTTN",
    "upgrade": "NULL_NA",
    "gnaf_pid": "GAVIC420509580",
    "tech_change_status": "Not Planned"
   }
  },
  {
   "type": "Feature",
   "geometry": {
    "type": "Point",
    "coordinates": [
     145.46070615,
     -37.94611701
    ]
   },
   "properties": {
    "name": "7 SEAVIEW STREET EMERALD 3782",
    "locID": "LOC000104469205",
    "tech": "FTTN",
    "upgrade": "FTTP_SA",
    "gnaf_pid": "GAVIC420509600",
    "tech_change_status": "Eligible to Order",
    "program_type": "On-Demand N2P SDU/MDU Simple",
    "target_eligibility_quarter": "NA"
   }
  },
  {
   "type": "Feature",
   "geometry": {
    "type": "Point",
    "coordinates": [
     145.45938396,
     -37.91888855
    ]
   },
   "properties": {
    "name": "9 MESSMATE COURT EMERALD 3782",
    "locID": "LOC000032839572",
    "tech": "FTTN",
    "upgrade": "NULL_NA",
    "gnaf_pid": "GAVIC420509976",
    "tech_change_status": "Not Planned"
   }
  },
  {
   "type": "Feature",
   "geometry": {
    "type": "Point",
    "coordinates": [
     145.44841737,
     -37.91392033
    ]
   },
   "properties": {
    "name": "22 NOBELIUS STREET EMERALD 3782",
    "locID": "LOC000016090342",
    "tech": "FTTN",
    "upgrade": "NULL_NA",
    "gnaf_pid": "GAVIC420511529",
    "tech_change_status": "Not Planned"
   }
  },
  {
   "type": "Feature",
   "geometry": {
    "type": "Point",
    "coordinates": [
     145.4378427,
     -37.94048084
    ]
   },
   "properties": {
    "name": "8 STEEL ROAD EMERALD 3782",
    "locID": "LOC000026880369",
    "tech": "FTTN",
    "upgrade": "NULL_NA",
    "gnaf_pid": "GAVIC420511567",
    "tech_change_status": "Not Planned"
   }
  },
  {
   "type": "Feature",
   "geometry": {
    "type": "Point",
    "coordinates": [
     145.43057854,
     -37.92941526
    ]
   },
   "properties": {
    "name": "9 OGILVY ROAD EMERALD 3782",
    "locID": "LOC000022059363",
    "tech": "FTTN",
    "upgrade": "FTTP_NA",
    "gnaf_pid": "GAVIC420512469",
    "tech_change_status": "Committed",
    "program_type": "On-Demand N2P SDU/MDU Simple",
    "target_eligibility_quarter": "Jun 2025"
   }
  },
  {
   "type": "Feature",
   "geometry": {
    "type": "Point",
    "coordinates": [
     145.43137454,
     -37.92994546
    ]
   },
   "properties": {
    "name": "13 OGILVY ROAD EMERALD 3782",
    "locID": "LOC000061516258",
    "tech": "FTTN",
    "upgrade": "FTTP_NA",
    "gnaf_pid": "GAVIC420512470",
    "tech_change_status": "Committed",
    "program_type": "On-Demand N2P SDU/MDU Simple",
    "target_eligibility_quarter": "Jun 2025"
   }
  },
  {
   "type": "Feature",
   "geometry": {
    "type": "Point",
    "coordinates": [
     145.4486938,
     -37.92679762
    ]
   },
   "properties": {
    "name": "3 OLD GEMBROOK ROAD EMERALD 3782",
    "locID": "LOC000060697436",
    "tech": "FTTN",
    "upgrade": "FTTP_NA",
    "gnaf_pid": "GAVIC420512472",
    "tech_change_status": "Committed",
    "program_type": "On-Demand N2P SDU/MDU Simple",
    "target_eligibility_quarter": "Dec 2025"
   }
  },
  {
   "type": "Feature",
   "geometry": {
    "type": "Point",
    "coordinates": [
     145.4523174,
     -37.92750941
    ]
   },
   "properties": {
    "name": "17 OLD GEMBROOK ROAD EMERALD 3782",
    "locID": "LOC000048041450",
    "tech": "FTTN",
    "upgrade": "NULL_NA",
    "gnaf_pid": "GAVIC420512473",
    "tech_change_status": "Not Planned"
   }
  },
  {
   "type": "Feature",
   "geometry": {
    "type": "Point",
    "coordinates": [
     145.451436,
     -37.927789
    ]
   },
   "properties": {
    "name": "18 OLD GEMBROOK ROAD EMERALD 3782",
    "locID": "LOC000039221191",
    "tech": "FTTN",
    "upgrade": "NULL_NA",
    "gnaf_pid": "GAVIC420512474",
    "tech_change_status": "Not Planned"
   }
  },
  {
   "type": "Feature",
   "geometry": {
    "type": "Point",
    "coordinates": [
     145.453803,
     -37.936463
    ]
   },
   "properties": {
    "name": "3 STATION AVENUE EMERALD 3782",
    "locID": "LOC000079825022",
    "tech": "FTTN",
    "upgrade": "FTTP_NA",
    "gnaf_pid": "GAVIC420516114",
    "tech_change_status": "In Design",
    "program_type": "On-Demand N2P SDU/MDU Simple",
    "target_eligibility_quarter": "Dec 2025"
   }
  },
  {
   "type": "Feature",
   "geometry": {
    "type": "Point",
    "coordinates": [
     145.45399643,
     -37.93620781
    ]
   },
   "properties": {
    "name": "5 STATION AVENUE EMERALD 3782",
    "locID": "LOC000102528792",
    "tech": "FTTN",
    "upgrade": "FTTP_NA",
    "gnaf_pid": "GAVIC420516116",
    "tech_change_status": "In Design",
    "program_type": "On-Demand N2P SDU/MDU Simple",
    "target_eligibility_quarter": "Dec 2025"
   }
  },
  {
   "type": "Feature",
   "geometry": {
    "type": "Point",
    "coordinates": [
     145.454187,
     -37.936594
    ]
   },
   "properties": {
    "name": "8 STATION AVENUE EMERALD 3782",
    "locID": "LOC000054237044",
    "tech": "FTTN",
    "upgrade": "FTTP_NA",
    "gnaf_pid": "GAVIC420516117",
    "tech_change_status": "In Design",
    "program_type": "On-Demand N2P SDU/MDU Simple",
    "target_eligibility_quarter": "Dec 2025"
   }
  },
  {
   "type": "Feature",
   "geometry": {
    "type": "Point",
    "coordinates": [
     145.454793,
     -37.935899
    ]
   },
   "properties": {
    "name": "14 STATION AVENUE EMERALD 3782",
    "locID": "LOC000026917716",
    "tech": "FTTN",
    "upgrade": "FTTP_NA",
    "gnaf_pid": "GAVIC420516118",
    "tech_change_status": "In Design",
    "program_type": "On-Demand N2P SDU/MDU Simple",
    "target_eligibility_quarter": "Dec 2025"
   }
  },
  {
   "type": "Feature",
   "geometry": {
    "type": "Point",
    "coordinates": [
     145.455085,
     -37.935552
    ]
   },
   "properties": {
    "name": "18 STATION AVENUE EMERALD 3782",
    "locID": "LOC000032569879",
    "tech": "FTTN",
    "upgrade": "FTTP_NA",
    "gnaf_pid": "GAVIC420516119",
    "tech_change_status": "In Design",
    "program_type": "On-Demand N2P SDU/MDU Simple",
    "target_eligibility_quarter": "Dec 2025"
   }
  },
  {
   "type": "Feature",
   "geometry": {
    "type": "Point",
    "coordinates": [
     145.44742539,
     -37.91369391
    ]
   },
   "properties": {
    "name": "2 GLENVISTA AVENUE EMERALD 3782",
    "locID": "LOC000061949773",
    "tech": "FTTN",
    "upgrade": "NULL_NA",
    "gnaf_pid": "GAVIC420516137",
    "tech_change_status": "Not Planned"
   }
  },
  {
   "type": "Feature",
   "geometry": {
    "type": "Point",
    "coordinates": [
     145.445459,
     -37.91339
    ]
   },
   "properties": {
    "name": "15 GLENVISTA AVENUE EMERALD 3782",
    "locID": "LOC000029284559",
    "tech": "FTTN",
    "upgrade": "NULL_NA",
    "gnaf_pid": "GAVIC420516138",
    "tech_change_status": "Not Planned"
   }
  },
  {
   "type": "Feature",
   "geometry": {
    "type": "Point",
    "coordinates": [
     145.445117,
     -37.913394
    ]
   },
   "properties": {
    "name": "17 GLENVISTA AVENUE EMERALD 3782",
    "locID": "LOC000060578168",
    "tech": "FTTN",
    "upgrade": "NULL_NA",
    "gnaf_pid": "GAVIC420516139",
    "tech_change_status": "Not Planned"
   }
  },
  {
   "type": "Feature",
   "geometry": {
    "type": "Point",
    "coordinates": [
     145.444054,
     -37.926078
    ]
   },
   "properties": {
    "name": "1 EMERALD CLOSE EMERALD 3782",
    "locID": "LOC000022636618",
    "tech": "FTTN",
    "upgrade": "FTTP_NA",
    "gnaf_pid": "GAVIC420516652",
    "tech_change_status": "Committed",
    "program_type": "On-Demand N2P SDU/MDU Simple",
    "target_eligibility_quarter": "Jun 2025"
   }
  },
  {
   "type": "Feature",
   "geometry": {
    "type": "Point",
    "coordinates": [
     145.446323,
     -37.929587
    ]
   },
   "properties": {
    "name": "4 EMERALD LAKE ROAD EMERALD 3782",
    "locID": "LOC000026187905",
    "tech": "FTTN",
    "upgrade": "FTTP_NA",
    "gnaf_pid": "GAVIC420516653",
    "tech_change_status": "Committed",
    "program_type": "On-Demand N2P SDU/MDU Simple",
    "target_eligibility_quarter": "Jun 2025"
   }
  },
  {
   "type": "Feature",
   "geometry": {
    "type": "Point",
    "coordinates": [
     145.450961,
     -37.929252
    ]
   },
   "properties": {
    "name": "11A EMERALD LAKE ROAD EMERALD 3782",
    "locID": "LOC000030308714",
    "tech": "FTTN",
    "upgrade": "FTTP_NA",
    "gnaf_pid": "GAVIC420516654",
    "tech_change_status": "Committed",
    "program_type": "On-Demand N2P SDU/MDU Simple",
    "target_eligibility_quarter": "Jun 2025"
   }
  },
  {
   "type": "Feature",
   "geometry": {
    "type": "Point",
    "coordinates": [
     145.451212,
     -37.929246
    ]
   },
   "properties": {
    "name": "15 EMERALD LAKE ROAD EMERALD 3782",
    "locID": "LOC000008715847",
    "tech": "FTTN",
    "upgrade": "FTTP_NA",
    "gnaf_pid": "GAVIC420516655",
    "tech_change_status": "Committed",
    "program_type": "On-Demand N2P SDU/MDU Simple",
    "target_eligibility_quarter": "Dec 2025"
   }
  },
  {
   "type": "Feature",
   "geometry": {
    "type": "Point",
    "coordinates": [
     145.45539758,
     -37.92925457
    ]
   },
   "properties": {
    "name": "35 EMERALD LAKE ROAD EMERALD 3782",
    "locID": "LOC000106258352",
    "tech": "FTTN",
    "upgrade": "NULL_NA",
    "gnaf_pid": "GAVIC420516657",
    "tech_change_status": "Not Planned"
   }
  },
  {
   "type": "Feature",
   "geometry": {
    "type": "Point",
    "coordinates": [
     145.45714369,
     -37.92799299
    ]
   },
   "properties": {
    "name": "45 EMERALD LAKE ROAD EMERALD 3782",
    "locID": "LOC000077264237",
    "tech": "FTTN",
    "upgrade": "NULL_NA",
    "gnaf_pid": "GAVIC420516658",
    "tech_change_status": "Not Planned"
   }
  },
  {
   "type": "Feature",
   "geometry": {
    "type": "Point",
    "coordinates": [
     145.4575436,
     -37.92783992
    ]
   },
   "properties": {
    "name": "47 EMERALD LAKE ROAD EMERALD 3782",
    "locID": "LOC000048670437",
    "tech": "FTTN",
    "upgrade": "NULL_NA",
    "gnaf_pid": "GAVIC420516659",
    "tech_change_status": "Not Planned"
   }
  },
  {
   "type": "Feature",
   "geometry": {
    "type": "Point",
    "coordinates": [
     145.44471224,
     -37.92238365
    ]
   },
   "properties": {
    "name": "45 EMERALD-MONBULK ROAD EMERALD 3782",
    "locID": "LOC000014292108",
    "tech": "FTTN",
    "upgrade": "NULL_NA",
    "gnaf_pid": "GAVIC420516660",
    "tech_change_status": "Not Planned"
   }
  },
  {
   "type": "Feature",
   "geometry": {
    "type": "Point",
    "coordinates": [
     145.44474217,
     -37.92798065
    ]
   },
   "properties": {
    "name": "1 EMERALD-MONBULK ROAD EMERALD 3782",
    "locID": "LOC000081782929",
    "tech": "FTTN",
    "upgrade": "FTTP_NA",
    "gnaf_pid": "GAVIC420516661",
    "tech_change_status": "Committed",
    "program_type": "On-Demand N2P SDU/MDU Simple",
    "target_eligibility_quarter": "Dec 2025"
   }
  },
  {
   "type": "Feature",
   "geometry": {
    "type": "Point",
    "coordinates": [
     145.443424,
     -37.926259
    ]
   },
   "properties": {
    "name": "16 EMERALD-MONBULK ROAD EMERALD 3782",
    "locID": "LOC000081093275",
    "tech": "FTTN",
    "upgrade": "FTTP_NA",
    "gnaf_pid": "GAVIC420516662",
    "tech_change_status": "Committed",
    "program_type": "On-Demand N2P SDU/MDU Simple",
    "target_eligibility_quarter": "Jun 2025"
   }
  },
  {
   "type": "Feature",
   "geometry": {
    "type": "Point",
    "coordinates": [
     145.44291508,
     -37.92367958
    ]
   },
   "properties": {
    "name": "30 EMERALD-MONBULK ROAD EMERALD 3782",
    "locID": "LOC000070545087",
    "tech": "FTTN",
    "upgrade": "FTTP_NA",
    "gnaf_pid": "GAVIC420516664",
    "tech_change_status": "Committed",
    "program_type": "On-Demand N2P SDU/MDU Simple",
    "target_eligibility_quarter": "Jun 2025"
   }
  },
  {
   "type": "Feature",
   "geometry": {
    "type": "Point",
    "coordinates": [
     145.44341711,
     -37.92273353
    ]
   },
   "properties": {
    "name": "32 EMERALD-MONBULK ROAD EMERALD 3782",
    "locID": "LOC000079816544",
    "tech": "FTTN",
    "upgrade": "FTTP_NA",
    "gnaf_pid": "GAVIC420516665",
    "tech_change_status": "Committed",
    "program_type": "On-Demand N2P SDU/MDU Simple",
    "target_eligibility_quarter": "Jun 2025"
   }
  },
  {
   "type": "Feature",
   "geometry": {
    "type": "Point",
    "coordinates": [
     145.44647024,
     -37.92178623
    ]
   },
   "properties": {
    "name": "40 EMERALD-MONBULK ROAD EMERALD 3782",
    "locID": "LOC000056621368",
    "tech": "FTTN",
    "upgrade": "NULL_NA",
    "gnaf_pid": "GAVIC420516666",
    "tech_change_status": "Not Planned"
   }
  },
  {
   "type": "Feature",
   "geometry": {
    "type": "Point",
    "coordinates": [
     145.44680964,
     -37.92159567
    ]
   },
   "properties": {
    "name": "42 EMERALD-MONBULK ROAD EMERALD 3782",
    "locID": "LOC000093140484",
    "tech": "FTTN",
    "upgrade": "NULL_NA",
    "gnaf_pid": "GAVIC420516667",
    "tech_change_status": "Not Planned"
   }
  },
  {
   "type": "Feature",
   "geometry": {
    "type": "Point",
    "coordinates": [
     145.44171891,
     -37.9434368
    ]
   },
   "properties": {
    "name": "20 RAWHITI ROAD EMERALD 3782",
    "locID": "LOC000056378953",
    "tech": "FTTN",
    "upgrade": "NULL_NA",
    "gnaf_pid": "GAVIC420519468",
    "tech_change_status": "Not Planned"
   }
  },
  {
   "type": "Feature",
   "geometry": {
    "type": "Point",
    "coordinates": [
     145.40113925,
     -37.97801704
    ]
   },
   "properties": {
    "name": "270 RED HILL ROAD EMERALD 3782",
    "locID": "LOC000017712164",
    "tech": "WIRELESS",
    "upgrade": "NULL_NA",
    "gnaf_pid": "GAVIC420524686",
    "tech_change_status": "Not Planned",
    "program_type": "Fixed Wireless and Satellite Upgrade Program",
    "target_eligibility_quarter": "Mar 2025"
   }
  },
  {
   "type": "Feature",
   "geometry": {
    "type": "Point",
    "coordinates": [
     145.436953,
     -37.929054
    ]
   },
   "properties": {
    "name": "12 WALNUT AVENUE EMERALD 3782",
    "locID": "LOC000060445117",
    "tech": "FTTN",
    "upgrade": "FTTP_NA",
    "gnaf_pid": "GAVIC420527073",
    "tech_change_status": "Committed",
    "program_type": "On-Demand N2P SDU/MDU Simple",
    "target_eligibility_quarter": "Jun 2025"
   }
  },
  {
   "type": "Feature",
   "geometry": {
    "type": "Point",
    "coordinates": [
     145.4504238,
     -37.93362224
    ]
   },
   "properties": {
    "name": "37 BEACONSFIELD-EMERALD ROAD EMERALD 3782",
    "locID": "LOC000070423905",
    "tech": "FTTN",
    "upgrade": "FTTP_NA",
    "gnaf_pid": "GAVIC420528036",
    "tech_change_status": "Committed",
    "program_type": "On-Demand N2P SDU/MDU Simple",
    "target_eligibility_quarter": "Jun 2025"
   }
  },
  {
   "type": "Feature",
   "geometry": {
    "type": "Point",
    "coordinates": [
     145.450206,
     -37.93349937
    ]
   },
   "properties": {
    "name": "35 BEACONSFIELD-EMERALD ROAD EMERALD 3782",
    "locID": "LOC000054135913",
    "tech": "FTTN",
    "upgrade": "FTTP_NA",
    "gnaf_pid": "GAVIC420528037",
    "tech_change_status": "Committed",
    "program_type": "On-Demand N2P SDU/MDU Simple",
    "target_eligibility_quarter": "Dec 2025"
   }
  },
  {
   "type": "Feature",
   "geometry": {
    "type": "Point",
    "coordinates": [
     145.4508293,
     -37.9347156
    ]
   },
   "properties": {
    "name": "45 BEACONSFIELD-EMERALD ROAD EMERALD 3782",
    "locID": "LOC000036983184",
    "tech": "FTTN",
    "upgrade": "FTTP_NA",
    "gnaf_pid": "GAVIC420528038",
    "tech_change_status": "Committed",
    "program_type": "On-Demand N2P SDU/MDU Simple",
    "target_eligibility_quarter": "Dec 2025"
   }
  },
  {
   "type": "Feature",
   "geometry": {
    "type": "Point",
    "coordinates": [
     145.46782723,
     -37.95038703
    ]
   },
   "properties": {
    "name": "19 LADD ROAD EMERALD 3782",
    "locID": "LOC000020497385",
    "tech": "FTTN",
    "upgrade": "FTTP_NA",
    "gnaf_pid": "GAVIC420532312",
    "tech_change_status": "Committed",
    "program_type": "On-Demand N2P SDU/MDU Simple",
    "target_eligibility_quarter": "Dec 2025"
   }
  },
  {
   "type": "Feature",
   "geometry": {
    "type": "Point",
    "coordinates": [
     145.44621486,
     -37.90639289
    ]
   },
   "properties": {
    "name": "49 STEWART ROAD EMERALD 3782",
    "locID": "LOC000090952832",
    "tech": "FTTN",
    "upgrade": "NULL_NA",
    "gnaf_pid": "GAVIC420553839",
    "tech_change_status": "Not Planned"
   }
  },
  {
   "type": "Feature",
   "geometry": {
    "type": "Point",
    "coordinates": [
     145.46764957,
     -37.94918092
    ]
   },
   "properties": {
    "name": "25 LADD ROAD EMERALD 3782",
    "locID": "LOC000016059420",
    "tech": "FTTN",
    "upgrade": "FTTP_SA",
    "gnaf_pid": "GAVIC420595601",
    "tech_change_status": "Eligible to Order",
    "program_type": "On-Demand N2P SDU/MDU Simple",
    "target_eligibility_quarter": "NA"
   }
  },
  {
   "type": "Feature",
   "geometry": {
    "type": "Point",
    "coordinates": [
     145.44266598,
     -37.92470216
    ]
   },
   "properties": {
    "name": "UNIT 6, 25 EMERALD-MONBULK ROAD EMERALD 3782",
    "locID": "LOC000080811049",
    "tech": "FTTN",
    "upgrade": "FTTP_NA",
    "gnaf_pid": "GAVIC420598466",
    "tech_change_status": "Committed",
    "program_type": "Customer-initiated N2P MDU Complex",
    "target_eligibility_quarter": "Jun 2025"
   }
  },
  {
   "type": "Feature",
   "geometry": {
    "type": "Point",
    "coordinates": [
     145.43253694,
     -37.93131662
    ]
   },
   "properties": {
    "name": "324 BELGRAVE-GEMBROOK ROAD EMERALD 3782",
    "locID": "LOC000053924418",
    "tech": "FTTN",
    "upgrade": "FTTP_NA",
    "gnaf_pid": "GAVIC420604106",
    "tech_change_status": "Committed",
    "program_type": "On-Demand N2P SDU/MDU Simple",
    "target_eligibility_quarter": "Jun 2025"
   }
  },
  {
   "type": "Feature",
   "geometry": {
    "type": "Point",
    "coordinates": [
     145.44642836,
     -37.91484852
    ]
   },
   "properties": {
    "name": "94 EMERALD-MONBULK ROAD EMERALD 3782",
    "locID": "LOC000030194642",
    "tech": "FTTN",
    "upgrade": "NULL_NA",
    "gnaf_pid": "GAVIC420605001",
    "tech_change_status": "Not Planned"
   }
  },
  {
   "type": "Feature",
   "geometry": {
    "type": "Point",
    "coordinates": [
     145.43231748,
     -37.93188265
    ]
   },
   "properties": {
    "name": "24 CHURCH STREET EMERALD 3782",
    "locID": "LOC000081907770",
    "tech": "FTTN",
    "upgrade": "FTTP_NA",
    "gnaf_pid": "GAVIC420606912",
    "tech_change_status": "Committed",
    "program_type": "On-Demand N2P SDU/MDU Simple",
    "target_eligibility_quarter": "Jun 2025"
   }
  },
  {
   "type": "Feature",
   "geometry": {
    "type": "Point",
    "coordinates": [
     145.44329154,
     -37.9309445
    ]
   },
   "properties": {
    "name": "378 BELGRAVE-GEMBROOK ROAD EMERALD 3782",
    "locID": "LOC000021086020",
    "tech": "FTTN",
    "upgrade": "FTTP_NA",
    "gnaf_pid": "GAVIC420616699",
    "tech_change_status": "Committed",
    "program_type": "On-Demand N2P SDU/MDU Simple",
    "target_eligibility_quarter": "Dec 2025"
   }
  },
  {
   "type": "Feature",
   "geometry": {
    "type": "Point",
    "coordinates": [
     145.43633283,
     -37.93387392
    ]
   },
   "properties": {
    "name": "UNIT 7, 11 WESTLANDS ROAD EMERALD 3782",
    "locID": "LOC000060273211",
    "tech": "FTTN",
    "upgrade": "FTTP_NA",
    "gnaf_pid": "GAVIC420620078",
    "tech_change_status": "Committed",
    "program_type": "Customer-initiated N2P MDU Complex",
    "target_eligibility_quarter": "Jun 2025"
   }
  },
  {
   "type": "Feature",
   "geometry": {
    "type": "Point",
    "coordinates": [
     145.45032975,
     -37.93686045
    ]
   },
   "properties": {
    "name": "4 CLOVERLEIGH AVENUE EMERALD 3782",
    "locID": "LOC000104156961",
    "tech": "FTTN",
    "upgrade": "FTTP_NA",
    "gnaf_pid": "GAVIC420622100",
    "tech_change_status": "In Design",
    "program_type": "On-Demand N2P SDU/MDU Simple",
    "target_eligibility_quarter": "Dec 2025"
   }
  },
  {
   "type": "Feature",
   "geometry": {
    "type": "Point",
    "coordinates": [
     145.44049,
     -37.93262
    ]
   },
   "properties": {
    "name": "UNIT 7, 344 BELGRAVE-GEMBROOK ROAD EMERALD 3782",
    "locID": "LOC000065509525",
    "tech": "FTTN",
    "upgrade": "FTTP_NA",
    "gnaf_pid": "GAVIC420631436",
    "tech_change_status": "Committed",
    "program_type": "Customer-initiated N2P MDU Complex",
    "target_eligibility_quarter": "Jun 2025"
   }
  },
  {
   "type": "Feature",
   "geometry": {
    "type": "Point",
    "coordinates": [
     145.38896244,
     -37.9584649
    ]
   },
   "properties": {
    "name": "11A DUFFYS ROAD EMERALD 3782",
    "locID": "LOC000023556397",
    "tech": "WIRELESS",
    "upgrade": "NULL_NA",
    "gnaf_pid": "GAVIC420639357",
    "tech_change_status": "Not Planned"
   }
  },
  {
   "type": "Feature",
   "geometry": {
    "type": "Point",
    "coordinates": [
     145.44431,
     -37.930895
    ]
   },
   "properties": {
    "name": "UNIT 7, 27-31 KINGS ROAD EMERALD 3782",
    "locID": "LOC000026872888",
    "tech": "FTTN",
    "upgrade": "FTTP_NA",
    "gnaf_pid": "GAVIC420643127",
    "tech_change_status": "Committed",
    "program_type": "Customer-initiated N2P MDU Complex",
    "target_eligibility_quarter": "Jun 2025"
   }
  },
  {
   "type": "Feature",
   "geometry": {
    "type": "Point",
    "coordinates": [
     145.444547,
     -37.931115
    ]
   },
   "properties": {
    "name": "UNIT 10, 27-31 KINGS ROAD EMERALD 3782",
    "locID": "LOC000026819675",
    "tech": "FTTN",
    "upgrade": "FTTP_NA",
    "gnaf_pid": "GAVIC420643128",
    "tech_change_status": "Committed",
    "program_type": "Customer-initiated N2P MDU Complex",
    "target_eligibility_quarter": "Jun 2025"
   }
  },
  {
   "type": "Feature",
   "geometry": {
    "type": "Point",
    "coordinates": [
     145.44123389,
     -37.9331462
    ]
   },
   "properties": {
    "name": "SHOP 11, 5-7 KILVINGTON DRIVE EMERALD 3782",
    "locID": "LOC000019334957",
    "tech": "FTTN",
    "upgrade": "FTTP_NA",
    "gnaf_pid": "GAVIC420649753",
    "tech_change_status": "Committed",
    "program_type": "Customer-initiated N2P MDU Complex",
    "target_eligibility_quarter": "Jun 2025"
   }
  },
  {
   "type": "Feature",
   "geometry": {
    "type": "Point",
    "coordinates": [
     145.44048,
     -37.932772
    ]
   },
   "properties": {
    "name": "4 KILVINGTON DRIVE EMERALD 3782",
    "locID": "LOC000005148774",
    "tech": "FTTN",
    "upgrade": "FTTP_NA",
    "gnaf_pid": "GAVIC420650640",
    "tech_change_status": "Committed",
    "program_type": "Customer-initiated N2P MDU Complex",
    "target_eligibility_quarter": "Jun 2025"
   }
  },
  {
   "type": "Feature",
   "geometry": {
    "type": "Point",
    "coordinates": [
     145.443593,
     -37.932204
    ]
   },
   "properties": {
    "name": "10 KINGS ROAD EMERALD 3782",
    "locID": "LOC000006956277",
    "tech": "FTTN",
    "upgrade": "FTTP_NA",
    "gnaf_pid": "GAVIC420672131",
    "tech_change_status": "Committed",
    "program_type": "On-Demand N2P SDU/MDU Simple",
    "target_eligibility_quarter": "Jun 2025"
   }
  },
  {
   "type": "Feature",
   "geometry": {
    "type": "Point",
    "coordinates": [
     145.453128,
     -37.914298
    ]
   },
   "properties": {
    "name": "19 ELM CRESCENT EMERALD 3782",
    "locID": "LOC000065697562",
    "tech": "FTTN",
    "upgrade": "NULL_NA",
    "gnaf_pid": "GAVIC420674027",
    "tech_change_status": "Not Planned"
   }
  },
  {
   "type": "Feature",
   "geometry": {
    "type": "Point",
    "coordinates": [
     145.38832703,
     -37.95868625
    ]
   },
   "properties": {
    "name": "11C DUFFYS ROAD EMERALD 3782",
    "locID": "LOC000023456590",
    "tech": "WIRELESS",
    "upgrade": "NULL_NA",
    "gnaf_pid": "GAVIC420674956",
    "tech_change_status": "Not Planned"
   }
  },
  {
   "type": "Feature",
   "geometry": {
    "type": "Point",
    "coordinates": [
     145.43595528,
     -37.93439659
    ]
   },
   "properties": {
    "name": "UNIT 17, 11 WESTLANDS ROAD EMERALD 3782",
    "locID": "LOC000060496655",
    "tech": "FTTN",
    "upgrade": "FTTP_NA",
    "gnaf_pid": "GAVIC420676432",
    "tech_change_status": "Committed",
    "program_type": "Customer-initiated N2P MDU Complex",
    "target_eligibility_quarter": "Jun 2025"
   }
  },
  {
   "type": "Feature",
   "geometry": {
    "type": "Point",
    "coordinates": [
     145.44135498,
     -37.93880344
    ]
   },
   "properties": {
    "name": "4 OLD BEACONSFIELD ROAD EMERALD 3782",
    "locID": "LOC000101036080",
    "tech": "FTTN",
    "upgrade": "NULL_NA",
    "gnaf_pid": "GAVIC420690452",
    "tech_change_status": "Not Planned"
   }
  },
  {
   "type": "Feature",
   "geometry": {
    "type": "Point",
    "coordinates": [
     145.43977292,
     -37.93949038
    ]
   },
   "properties": {
    "name": "47 KILVINGTON DRIVE EMERALD 3782",
    "locID": "LOC000032700309",
    "tech": "FTTN",
    "upgrade": "NULL_NA",
    "gnaf_pid": "GAVIC420690457",
    "tech_change_status": "Not Planned"
   }
  },
  {
   "type": "Feature",
   "geometry": {
    "type": "Point",
    "coordinates": [
     145.43047806,
     -37.92319829
    ]
   },
   "properties": {
    "name": "8 TELOPEA ROAD EMERALD 3782",
    "locID": "LOC000067865056",
    "tech": "FTTN",
    "upgrade": "NULL_NA",
    "gnaf_pid": "GAVIC420692993",
    "tech_change_status": "Not Planned"
   }
  },
  {
   "type": "Feature",
   "geometry": {
    "type": "Point",
    "coordinates": [
     145.45036945,
     -37.93463021
    ]
   },
   "properties": {
    "name": "28 BEACONSFIELD-EMERALD ROAD EMERALD 3782",
    "locID": "LOC000096516125",
    "tech": "FTTN",
    "upgrade": "FTTP_NA",
    "gnaf_pid": "GAVIC420723336",
    "tech_change_status": "In Design",
    "program_type": "On-Demand N2P SDU/MDU Simple",
    "target_eligibility_quarter": "Dec 2025"
   }
  },
  {
   "type": "Feature",
   "geometry": {
    "type": "Point",
    "coordinates": [
     145.45873873,
     -37.9522599
    ]
   },
   "properties": {
    "name": "15 DEERY ROAD EMERALD 3782",
    "locID": "LOC000039706315",
    "tech": "SATELLITE",
    "upgrade": "NULL_NA",
    "gnaf_pid": "GAVIC420727183",
    "tech_change_status": "Not Planned"
   }
  },
  {
   "type": "Feature",
   "geometry": {
    "type": "Point",
    "coordinates": [
     145.46952105,
     -37.92169089
    ]
   },
   "properties": {
    "name": "444 BELGRAVE-GEMBROOK ROAD EMERALD 3782",
    "locID": "LOC000035981775",
    "tech": "FTTN",
    "upgrade": "FTTP_NA",
    "gnaf_pid": "GAVIC420735955",
    "tech_change_status": "Committed",
    "program_type": "On-Demand N2P SDU/MDU Simple",
    "target_eligibility_quarter": "Jun 2025"
   }
  },
  {
   "type": "Feature",
   "geometry": {
    "type": "Point",
    "coordinates": [
     145.44880724,
     -37.94882022
    ]
   },
   "properties": {
    "name": "15 OLD BEACONSFIELD ROAD EMERALD 3782",
    "locID": "LOC000005702392",
    "tech": "NULL",
    "upgrade": "NULL_NA",
    "gnaf_pid": "GAVIC420737791",
    "tech_change_status": "Not Planned"
   }
  },
  {
   "type": "Feature",
   "geometry": {
    "type": "Point",
    "coordinates": [
     145.43838096,
     -37.91966998
    ]
   },
   "properties": {
    "name": "19 SYDNEY AVENUE EMERALD 3782",
    "locID": "LOC000048070969",
    "tech": "FTTN",
    "upgrade": "NULL_NA",
    "gnaf_pid": "GAVIC420765399",
    "tech_change_status": "Not Planned"
   }
  },
  {
   "type": "Feature",
   "geometry": {
    "type": "Point",
    "coordinates": [
     145.45008126,
     -37.9375459
    ]
   },
   "properties": {
    "name": "10 CLOVERLEIGH AVENUE EMERALD 3782",
    "locID": "LOC000035780151",
    "tech": "FTTN",
    "upgrade": "FTTP_NA",
    "gnaf_pid": "GAVIC420774645",
    "tech_change_status": "In Design",
    "program_type": "On-Demand N2P SDU/MDU Simple",
    "target_eligibility_quarter": "Dec 2025"
   }
  },
  {
   "type": "Feature",
   "geometry": {
    "type": "Point",
    "coordinates": [
     145.449876,
     -37.938115
    ]
   },
   "properties": {
    "name": "16 CLOVERLEIGH AVENUE EMERALD 3782",
    "locID": "LOC000046551605",
    "tech": "FTTN",
    "upgrade": "FTTP_NA",
    "gnaf_pid": "GAVIC420774646",
    "tech_change_status": "In Design",
    "program_type": "On-Demand N2P SDU/MDU Simple",
    "target_eligibility_quarter": "Dec 2025"
   }
  },
  {
   "type": "Feature",
   "geometry": {
    "type": "Point",
    "coordinates": [
     145.43951414,
     -37.93731477
    ]
   },
   "properties": {
    "name": "13 LEGG ROAD EMERALD 3782",
    "locID": "LOC000013483224",
    "tech": "FTTN",
    "upgrade": "NULL_NA",
    "gnaf_pid": "GAVIC420774683",
    "tech_change_status": "Not Planned"
   }
  },
  {
   "type": "Feature",
   "geometry": {
    "type": "Point",
    "coordinates": [
     145.457394,
     -37.936681
    ]
   },
   "properties": {
    "name": "11 WILLIAM STREET EMERALD 3782",
    "locID": "LOC000003878766",
    "tech": "FTTN",
    "upgrade": "FTTP_NA",
    "gnaf_pid": "GAVIC420781728",
    "tech_change_status": "In Design",
    "program_type": "On-Demand N2P SDU/MDU Simple",
    "target_eligibility_quarter": "Dec 2025"
   }
  },
  {
   "type": "Feature",
   "geometry": {
    "type": "Point",
    "coordinates": [
     145.457844,
     -37.938003
    ]
   },
   "properties": {
    "name": "25 WILLIAM STREET EMERALD 3782",
    "locID": "LOC000088698333",
    "tech": "FTTN",
    "upgrade": "FTTP_NA",
    "gnaf_pid": "GAVIC420781729",
    "tech_change_status": "In Design",
    "program_type": "On-Demand N2P SDU/MDU Simple",
    "target_eligibility_quarter": "Dec 2025"
   }
  },
  {
   "type": "Feature",
   "geometry": {
    "type": "Point",
    "coordinates": [
     145.43849441,
     -37.94383593
    ]
   },
   "properties": {
    "name": "3 WINTLE ROAD EMERALD 3782",
    "locID": "LOC000125534908",
    "tech": "FTTN",
    "upgrade": "NULL_NA",
    "gnaf_pid": "GAVIC420781733",
    "tech_change_status": "Not Planned"
   }
  },
  {
   "type": "Feature",
   "geometry": {
    "type": "Point",
    "coordinates": [
     145.46387526,
     -37.93241712
    ]
   },
   "properties": {
    "name": "4 WOMBAT CRESCENT EMERALD 3782",
    "locID": "LOC000016038920",
    "tech": "FTTN",
    "upgrade": "NULL_NA",
    "gnaf_pid": "GAVIC420781734",
    "tech_change_status": "Not Planned"
   }
  },
  {
   "type": "Feature",
   "geometry": {
    "type": "Point",
    "coordinates": [
     145.4697304,
     -37.93527749
    ]
   },
   "properties": {
    "name": "4 HEATHER AVENUE EMERALD 3782",
    "locID": "LOC000106264524",
    "tech": "FTTN",
    "upgrade": "NULL_NA",
    "gnaf_pid": "GAVIC420782508",
    "tech_change_status": "Not Planned"
   }
  },
  {
   "type": "Feature",
   "geometry": {
    "type": "Point",
    "coordinates": [
     145.468835,
     -37.935894
    ]
   },
   "properties": {
    "name": "33 MAJESTIC DRIVE EMERALD 3782",
    "locID": "LOC000079910010",
    "tech": "FTTN",
    "upgrade": "NULL_NA",
    "gnaf_pid": "GAVIC420782589",
    "tech_change_status": "Not Planned"
   }
  },
  {
   "type": "Feature",
   "geometry": {
    "type": "Point",
    "coordinates": [
     145.4683134,
     -37.9350856
    ]
   },
   "properties": {
    "name": "39 MAJESTIC DRIVE EMERALD 3782",
    "locID": "LOC000083527575",
    "tech": "FTTN",
    "upgrade": "NULL_NA",
    "gnaf_pid": "GAVIC420782590",
    "tech_change_status": "Not Planned"
   }
  },
  {
   "type": "Feature",
   "geometry": {
    "type": "Point",
    "coordinates": [
     145.46750617,
     -37.93391292
    ]
   },
   "properties": {
    "name": "43 MAJESTIC DRIVE EMERALD 3782",
    "locID": "LOC000069849855",
    "tech": "FTTN",
    "upgrade": "NULL_NA",
    "gnaf_pid": "GAVIC420782591",
    "tech_change_status": "Not Planned"
   }
  },
  {
   "type": "Feature",
   "geometry": {
    "type": "Point",
    "coordinates": [
     145.4670611,
     -37.93317335
    ]
   },
   "properties": {
    "name": "47 MAJESTIC DRIVE EMERALD 3782",
    "locID": "LOC000042346661",
    "tech": "FTTN",
    "upgrade": "NULL_NA",
    "gnaf_pid": "GAVIC420782592",
    "tech_change_status": "Not Planned"
   }
  },
  {
   "type": "Feature",
   "geometry": {
    "type": "Point",
    "coordinates": [
     145.47665998,
     -37.9603376
    ]
   },
   "properties": {
    "name": "5 MARKS LANE EMERALD 3782",
    "locID": "LOC000002921026",
    "tech": "NULL",
    "upgrade": "NULL_NA",
    "gnaf_pid": "GAVIC420782594",
    "tech_change_status": "Not Planned"
   }
  },
  {
   "type": "Feature",
   "geometry": {
    "type": "Point",
    "coordinates": [
     145.459244,
     -37.943996
    ]
   },
   "properties": {
    "name": "2 OZONE AVENUE EMERALD 3782",
    "locID": "LOC000092605128",
    "tech": "FTTN",
    "upgrade": "FTTP_SA",
    "gnaf_pid": "GAVIC420784123",
    "tech_change_status": "Eligible to Order",
    "program_type": "On-Demand N2P SDU/MDU Simple",
    "target_eligibility_quarter": "NA"
   }
  },
  {
   "type": "Feature",
   "geometry": {
    "type": "Point",
    "coordinates": [
     145.458975,
     -37.945408
    ]
   },
   "properties": {
    "name": "8 OZONE AVENUE EMERALD 3782",
    "locID": "LOC000085161378",
    "tech": "FTTN",
    "upgrade": "FTTP_SA",
    "gnaf_pid": "GAVIC420784124",
    "tech_change_status": "Eligible to Order",
    "program_type": "On-Demand N2P SDU/MDU Simple",
    "target_eligibility_quarter": "NA"
   }
  },
  {
   "type": "Feature",
   "geometry": {
    "type": "Point",
    "coordinates": [
     145.458598,
     -37.945493
    ]
   },
   "properties": {
    "name": "9 OZONE AVENUE EMERALD 3782",
    "locID": "LOC000104607870",
    "tech": "FTTN",
    "upgrade": "FTTP_SA",
    "gnaf_pid": "GAVIC420784125",
    "tech_change_status": "Eligible to Order",
    "program_type": "On-Demand N2P SDU/MDU Simple",
    "target_eligibility_quarter": "NA"
   }
  },
  {
   "type": "Feature",
   "geometry": {
    "type": "Point",
    "coordinates": [
     145.4587451,
     -37.94662742
    ]
   },
   "properties": {
    "name": "12 OZONE AVENUE EMERALD 3782",
    "locID": "LOC000090839631",
    "tech": "FTTN",
    "upgrade": "FTTP_SA",
    "gnaf_pid": "GAVIC420784126",
    "tech_change_status": "Eligible to Order",
    "program_type": "On-Demand N2P SDU/MDU Simple",
    "target_eligibility_quarter": "NA"
   }
  },
  {
   "type": "Feature",
   "geometry": {
    "type": "Point",
    "coordinates": [
     145.45827813,
     -37.94701489
    ]
   },
   "properties": {
    "name": "17 OZONE AVENUE EMERALD 3782",
    "locID": "LOC000074827457",
    "tech": "FTTN",
    "upgrade": "FTTP",
    "gnaf_pid": "GAVIC420784127",
    "tech_change_status": "Eligible to Order",
    "program_type": "On-Demand N2P SDU/MDU Simple",
    "target_eligibility_quarter": "NA"
   }
  },
  {
   "type": "Feature",
   "geometry": {
    "type": "Point",
    "coordinates": [
     145.47653983,
     -37.96317749
    ]
   },
   "properties": {
    "name": "44 MARKS LANE EMERALD 3782",
    "locID": "LOC000026193481",
    "tech": "WIRELESS",
    "upgrade": "NULL_NA",
    "gnaf_pid": "GAVIC420785315",
    "tech_change_status": "Not Planned",
    "program_type": "Fixed Wireless and Satellite Upgrade Program",
    "target_eligibility_quarter": "NA"
   }
  },
  {
   "type": "Feature",
   "geometry": {
    "type": "Point",
    "coordinates": [
     145.436524,
     -37.938839
    ]
   },
   "properties": {
    "name": "1 MAISIE ROAD EMERALD 3782",
    "locID": "LOC000065643279",
    "tech": "FTTN",
    "upgrade": "NULL_NA",
    "gnaf_pid": "GAVIC420786101",
    "tech_change_status": "Not Planned"
   }
  },
  {
   "type": "Feature",
   "geometry": {
    "type": "Point",
    "coordinates": [
     145.43558791,
     -37.9388622
    ]
   },
   "properties": {
    "name": "5 MAISIE ROAD EMERALD 3782",
    "locID": "LOC000087672481",
    "tech": "FTTN",
    "upgrade": "NULL_NA",
    "gnaf_pid": "GAVIC420788927",
    "tech_change_status": "Not Planned"
   }
  },
  {
   "type": "Feature",
   "geometry": {
    "type": "Point",
    "coordinates": [
     145.4337311,
     -37.93890191
    ]
   },
   "properties": {
    "name": "13 MAISIE ROAD EMERALD 3782",
    "locID": "LOC000052940238",
    "tech": "FTTN",
    "upgrade": "NULL_NA",
    "gnaf_pid": "GAVIC420788928",
    "tech_change_status": "Not Planned"
   }
  },
  {
   "type": "Feature",
   "geometry": {
    "type": "Point",
    "coordinates": [
     145.46933482,
     -37.93899938
    ]
   },
   "properties": {
    "name": "23 MAJESTIC DRIVE EMERALD 3782",
    "locID": "LOC000082112453",
    "tech": "FTTN",
    "upgrade": "NULL_NA",
    "gnaf_pid": "GAVIC420788931",
    "tech_change_status": "Not Planned"
   }
  },
  {
   "type": "Feature",
   "geometry": {
    "type": "Point",
    "coordinates": [
     145.469143,
     -37.936411
    ]
   },
   "properties": {
    "name": "31 MAJESTIC DRIVE EMERALD 3782",
    "locID": "LOC000021076568",
    "tech": "FTTN",
    "upgrade": "NULL_NA",
    "gnaf_pid": "GAVIC420788932",
    "tech_change_status": "Not Planned"
   }
  },
  {
   "type": "Feature",
   "geometry": {
    "type": "Point",
    "coordinates": [
     145.46950745,
     -37.91616719
    ]
   },
   "properties": {
    "name": "2 ANDREW COURT EMERALD 3782",
    "locID": "LOC000024408661",
    "tech": "FTTN",
    "upgrade": "FTTP_NA",
    "gnaf_pid": "GAVIC420792073",
    "tech_change_status": "Committed",
    "program_type": "On-Demand N2P SDU/MDU Simple",
    "target_eligibility_quarter": "Jun 2025"
   }
  },
  {
   "type": "Feature",
   "geometry": {
    "type": "Point",
    "coordinates": [
     145.447286,
     -37.918974
    ]
   },
   "properties": {
    "name": "9 FLORENCE AVENUE EMERALD 3782",
    "locID": "LOC000096973066",
    "tech": "FTTN",
    "upgrade": "NULL_NA",
    "gnaf_pid": "GAVIC420794046",
    "tech_change_status": "Not Planned"
   }
  },
  {
   "type": "Feature",
   "geometry": {
    "type": "Point",
    "coordinates": [
     145.46809942,
     -37.91726727
    ]
   },
   "properties": {
    "name": "24 FAIRWAY ROAD EMERALD 3782",
    "locID": "LOC000056569272",
    "tech": "FTTN",
    "upgrade": "FTTP_NA",
    "gnaf_pid": "GAVIC420794055",
    "tech_change_status": "Committed",
    "program_type": "On-Demand N2P SDU/MDU Simple",
    "target_eligibility_quarter": "Jun 2025"
   }
  },
  {
   "type": "Feature",
   "geometry": {
    "type": "Point",
    "coordinates": [
     145.44823919,
     -37.91373355
    ]
   },
   "properties": {
    "name": "24 NOBELIUS STREET EMERALD 3782",
    "locID": "LOC000079805816",
    "tech": "FTTN",
    "upgrade": "NULL_NA",
    "gnaf_pid": "GAVIC420794061",
    "tech_change_status": "Not Planned"
   }
  },
  {
   "type": "Feature",
   "geometry": {
    "type": "Point",
    "coordinates": [
     145.446428,
     -37.904066
    ]
   },
   "properties": {
    "name": "42 NOBELIUS STREET EMERALD 3782",
    "locID": "LOC000075896774",
    "tech": "FTTN",
    "upgrade": "NULL_NA",
    "gnaf_pid": "GAVIC420794062",
    "tech_change_status": "Not Planned"
   }
  },
  {
   "type": "Feature",
   "geometry": {
    "type": "Point",
    "coordinates": [
     145.443468,
     -37.933362
    ]
   },
   "properties": {
    "name": "12 HEROES AVENUE EMERALD 3782",
    "locID": "LOC000022679766",
    "tech": "FTTN",
    "upgrade": "FTTP_NA",
    "gnaf_pid": "GAVIC420794129",
    "tech_change_status": "Committed",
    "program_type": "On-Demand N2P SDU/MDU Simple",
    "target_eligibility_quarter": "Jun 2025"
   }
  },
  {
   "type": "Feature",
   "geometry": {
    "type": "Point",
    "coordinates": [
     145.444876,
     -37.93238
    ]
   },
   "properties": {
    "name": "21 HEROES AVENUE EMERALD 3782",
    "locID": "LOC000089598976",
    "tech": "FTTN",
    "upgrade": "FTTP_NA",
    "gnaf_pid": "GAVIC420794130",
    "tech_change_status": "Committed",
    "program_type": "On-Demand N2P SDU/MDU Simple",
    "target_eligibility_quarter": "Jun 2025"
   }
  },
  {
   "type": "Feature",
   "geometry": {
    "type": "Point",
    "coordinates": [
     145.445434,
     -37.932387
    ]
   },
   "properties": {
    "name": "34 HEROES AVENUE EMERALD 3782",
    "locID": "LOC000103535648",
    "tech": "FTTN",
    "upgrade": "FTTP_NA",
    "gnaf_pid": "GAVIC420794131",
    "tech_change_status": "Committed",
    "program_type": "On-Demand N2P SDU/MDU Simple",
    "target_eligibility_quarter": "Jun 2025"
   }
  },
  {
   "type": "Feature",
   "geometry": {
    "type": "Point",
    "coordinates": [
     145.457051,
     -37.934586
    ]
   },
   "properties": {
    "name": "4 AMBROSE STREET EMERALD 3782",
    "locID": "LOC000077434853",
    "tech": "FTTN",
    "upgrade": "FTTP_NA",
    "gnaf_pid": "GAVIC420794354",
    "tech_change_status": "In Design",
    "program_type": "On-Demand N2P SDU/MDU Simple",
    "target_eligibility_quarter": "Dec 2025"
   }
  },
  {
   "type": "Feature",
   "geometry": {
    "type": "Point",
    "coordinates": [
     145.456675,
     -37.935158
    ]
   },
   "properties": {
    "name": "10 AMBROSE STREET EMERALD 3782",
    "locID": "LOC000042519430",
    "tech": "FTTN",
    "upgrade": "FTTP_NA",
    "gnaf_pid": "GAVIC420794355",
    "tech_change_status": "In Design",
    "program_type": "On-Demand N2P SDU/MDU Simple",
    "target_eligibility_quarter": "Dec 2025"
   }
  },
  {
   "type": "Feature",
   "geometry": {
    "type": "Point",
    "coordinates": [
     145.456038,
     -37.936213
    ]
   },
   "properties": {
    "name": "16 AMBROSE STREET EMERALD 3782",
    "locID": "LOC000031607184",
    "tech": "FTTN",
    "upgrade": "FTTP_NA",
    "gnaf_pid": "GAVIC420794356",
    "tech_change_status": "In Design",
    "program_type": "On-Demand N2P SDU/MDU Simple",
    "target_eligibility_quarter": "Dec 2025"
   }
  },
  {
   "type": "Feature",
   "geometry": {
    "type": "Point",
    "coordinates": [
     145.438588,
     -37.931125
    ]
   },
   "properties": {
    "name": "19 BERRYS ROAD EMERALD 3782",
    "locID": "LOC000030027671",
    "tech": "FTTN",
    "upgrade": "FTTP_NA",
    "gnaf_pid": "GAVIC420795465",
    "tech_change_status": "Committed",
    "program_type": "On-Demand N2P SDU/MDU Simple",
    "target_eligibility_quarter": "Jun 2025"
   }
  },
  {
   "type": "Feature",
   "geometry": {
    "type": "Point",
    "coordinates": [
     145.46815602,
     -37.9199801
    ]
   },
   "properties": {
    "name": "9 MACCLESFIELD ROAD EMERALD 3782",
    "locID": "LOC000058539801",
    "tech": "FTTN",
    "upgrade": "FTTP_NA",
    "gnaf_pid": "GAVIC420795604",
    "tech_change_status": "Committed",
    "program_type": "On-Demand N2P SDU/MDU Simple",
    "target_eligibility_quarter": "Jun 2025"
   }
  },
  {
   "type": "Feature",
   "geometry": {
    "type": "Point",
    "coordinates": [
     145.44590922,
     -37.91833512
    ]
   },
   "properties": {
    "name": "15 CHARMAN AVENUE EMERALD 3782",
    "locID": "LOC000037729584",
    "tech": "FTTN",
    "upgrade": "NULL_NA",
    "gnaf_pid": "GAVIC420795699",
    "tech_change_status": "Not Planned"
   }
  },
  {
   "type": "Feature",
   "geometry": {
    "type": "Point",
    "coordinates": [
     145.443624,
     -37.920173
    ]
   },
   "properties": {
    "name": "35 CHARMAN AVENUE EMERALD 3782",
    "locID": "LOC000050457862",
    "tech": "FTTN",
    "upgrade": "NULL_NA",
    "gnaf_pid": "GAVIC420795702",
    "tech_change_status": "Not Planned"
   }
  },
  {
   "type": "Feature",
   "geometry": {
    "type": "Point",
    "coordinates": [
     145.437946,
     -37.932973
    ]
   },
   "properties": {
    "name": "8 MEMORIAL AVENUE EMERALD 3782",
    "locID": "LOC000066041495",
    "tech": "FTTN",
    "upgrade": "FTTP_NA",
    "gnaf_pid": "GAVIC420795719",
    "tech_change_status": "Committed",
    "program_type": "On-Demand N2P SDU/MDU Simple",
    "target_eligibility_quarter": "Dec 2025"
   }
  },
  {
   "type": "Feature",
   "geometry": {
    "type": "Point",
    "coordinates": [
     145.46457619,
     -37.91939076
    ]
   },
   "properties": {
    "name": "25 ALFRED GROVE EMERALD 3782",
    "locID": "LOC000079378587",
    "tech": "FTTP",
    "upgrade": "NULL_NA",
    "gnaf_pid": "GAVIC420795803",
    "tech_change_status": "Previous Tech Disconnected"
   }
  },
  {
   "type": "Feature",
   "geometry": {
    "type": "Point",
    "coordinates": [
     145.442968,
     -37.921441
    ]
   },
   "properties": {
    "name": "3 PRINCE STREET EMERALD 3782",
    "locID": "LOC000057096531",
    "tech": "FTTN",
    "upgrade": "NULL_NA",
    "gnaf_pid": "GAVIC420795831",
    "tech_change_status": "Not Planned"
   }
  },
  {
   "type": "Feature",
   "geometry": {
    "type": "Point",
    "coordinates": [
     145.4443,
     -37.921413
    ]
   },
   "properties": {
    "name": "1A PRINCE STREET EMERALD 3782",
    "locID": "LOC000085416130",
    "tech": "FTTN",
    "upgrade": "NULL_NA",
    "gnaf_pid": "GAVIC420795832",
    "tech_change_status": "Not Planned"
   }
  },
  {
   "type": "Feature",
   "geometry": {
    "type": "Point",
    "coordinates": [
     145.45881274,
     -37.91895029
    ]
   },
   "properties": {
    "name": "5 MESSMATE COURT EMERALD 3782",
    "locID": "LOC000004260406",
    "tech": "FTTN",
    "upgrade": "NULL_NA",
    "gnaf_pid": "GAVIC420796271",
    "tech_change_status": "Not Planned"
   }
  },
  {
   "type": "Feature",
   "geometry": {
    "type": "Point",
    "coordinates": [
     145.44515397,
     -37.91455889
    ]
   },
   "properties": {
    "name": "100 EMERALD-MONBULK ROAD EMERALD 3782",
    "locID": "LOC000004349170",
    "tech": "FTTN",
    "upgrade": "NULL_NA",
    "gnaf_pid": "GAVIC420796373",
    "tech_change_status": "Not Planned"
   }
  },
  {
   "type": "Feature",
   "geometry": {
    "type": "Point",
    "coordinates": [
     145.444717,
     -37.903241
    ]
   },
   "properties": {
    "name": "105 EMERALD-MONBULK ROAD EMERALD 3782",
    "locID": "LOC000095324745",
    "tech": "FTTN",
    "upgrade": "NULL_NA",
    "gnaf_pid": "GAVIC420796374",
    "tech_change_status": "Not Planned"
   }
  },
  {
   "type": "Feature",
   "geometry": {
    "type": "Point",
    "coordinates": [
     145.44493,
     -37.902821
    ]
   },
   "properties": {
    "name": "109 EMERALD-MONBULK ROAD EMERALD 3782",
    "locID": "LOC000088896543",
    "tech": "FTTN",
    "upgrade": "NULL_NA",
    "gnaf_pid": "GAVIC420796375",
    "tech_change_status": "Not Planned"
   }
  },
  {
   "type": "Feature",
   "geometry": {
    "type": "Point",
    "coordinates": [
     145.445049,
     -37.902597
    ]
   },
   "properties": {
    "name": "111 EMERALD-MONBULK ROAD EMERALD 3782",
    "locID": "LOC000045658314",
    "tech": "FTTN",
    "upgrade": "NULL_NA",
    "gnaf_pid": "GAVIC420796376",
    "tech_change_status": "Not Planned"
   }
  },
  {
   "type": "Feature",
   "geometry": {
    "type": "Point",
    "coordinates": [
     145.444703,
     -37.901204
    ]
   },
   "properties": {
    "name": "123 EMERALD-MONBULK ROAD EMERALD 3782",
    "locID": "LOC000087591749",
    "tech": "FTTN",
    "upgrade": "NULL_NA",
    "gnaf_pid": "GAVIC420796377",
    "tech_change_status": "Not Planned"
   }
  },
  {
   "type": "Feature",
   "geometry": {
    "type": "Point",
    "coordinates": [
     145.44888,
     -37.914598
    ]
   },
   "properties": {
    "name": "14 NOBELIUS STREET EMERALD 3782",
    "locID": "LOC000019448582",
    "tech": "FTTN",
    "upgrade": "NULL_NA",
    "gnaf_pid": "GAVIC420796395",
    "tech_change_status": "Not Planned"
   }
  },
  {
   "type": "Feature",
   "geometry": {
    "type": "Point",
    "coordinates": [
     145.44639496,
     -37.89943435
    ]
   },
   "properties": {
    "name": "11 BUTTERFIELD ROAD EMERALD 3782",
    "locID": "LOC000069741810",
    "tech": "FTTN",
    "upgrade": "NULL_NA",
    "gnaf_pid": "GAVIC420796472",
    "tech_change_status": "Not Planned"
   }
  },
  {
   "type": "Feature",
   "geometry": {
    "type": "Point",
    "coordinates": [
     145.44675,
     -37.895788
    ]
   },
   "properties": {
    "name": "35 BUTTERFIELD ROAD EMERALD 3782",
    "locID": "LOC000082295686",
    "tech": "FTTN",
    "upgrade": "NULL_NA",
    "gnaf_pid": "GAVIC420796473",
    "tech_change_status": "Not Planned"
   }
  },
  {
   "type": "Feature",
   "geometry": {
    "type": "Point",
    "coordinates": [
     145.458209,
     -37.933069
    ]
   },
   "properties": {
    "name": "7 SELLARS ROAD EMERALD 3782",
    "locID": "LOC000018583965",
    "tech": "FTTN",
    "upgrade": "FTTP_NA",
    "gnaf_pid": "GAVIC420797018",
    "tech_change_status": "In Design",
    "program_type": "On-Demand N2P SDU/MDU Simple",
    "target_eligibility_quarter": "Dec 2025"
   }
  },
  {
   "type": "Feature",
   "geometry": {
    "type": "Point",
    "coordinates": [
     145.458478,
     -37.934352
    ]
   },
   "properties": {
    "name": "11 SELLARS ROAD EMERALD 3782",
    "locID": "LOC000049006462",
    "tech": "FTTN",
    "upgrade": "FTTP_NA",
    "gnaf_pid": "GAVIC420797019",
    "tech_change_status": "In Design",
    "program_type": "On-Demand N2P SDU/MDU Simple",
    "target_eligibility_quarter": "Dec 2025"
   }
  },
  {
   "type": "Feature",
   "geometry": {
    "type": "Point",
    "coordinates": [
     145.4698721,
     -37.9366488
    ]
   },
   "properties": {
    "name": "1 SILVAN COURT EMERALD 3782",
    "locID": "LOC000031033601",
    "tech": "FTTN",
    "upgrade": "NULL_NA",
    "gnaf_pid": "GAVIC420797020",
    "tech_change_status": "Not Planned"
   }
  },
  {
   "type": "Feature",
   "geometry": {
    "type": "Point",
    "coordinates": [
     145.4370405,
     -37.93885215
    ]
   },
   "properties": {
    "name": "8 NOLAN ROAD EMERALD 3782",
    "locID": "LOC000083444168",
    "tech": "FTTN",
    "upgrade": "NULL_NA",
    "gnaf_pid": "GAVIC420797192",
    "tech_change_status": "Not Planned"
   }
  },
  {
   "type": "Feature",
   "geometry": {
    "type": "Point",
    "coordinates": [
     145.44704168,
     -37.94356833
    ]
   },
   "properties": {
    "name": "9 OLD BEACONSFIELD ROAD EMERALD 3782",
    "locID": "LOC000009332653",
    "tech": "FTTN",
    "upgrade": "NULL_NA",
    "gnaf_pid": "GAVIC420797193",
    "tech_change_status": "Not Planned"
   }
  },
  {
   "type": "Feature",
   "geometry": {
    "type": "Point",
    "coordinates": [
     145.4452009,
     -37.94075878
    ]
   },
   "properties": {
    "name": "24 OLD BEACONSFIELD ROAD EMERALD 3782",
    "locID": "LOC000032725991",
    "tech": "FTTN",
    "upgrade": "NULL_NA",
    "gnaf_pid": "GAVIC420797194",
    "tech_change_status": "Not Planned"
   }
  },
  {
   "type": "Feature",
   "geometry": {
    "type": "Point",
    "coordinates": [
     145.45948995,
     -37.94340293
    ]
   },
   "properties": {
    "name": "54 BEACONSFIELD-EMERALD ROAD EMERALD 3782",
    "locID": "LOC000039726422",
    "tech": "FTTN",
    "upgrade": "FTTP_SA",
    "gnaf_pid": "GAVIC420797874",
    "tech_change_status": "Eligible to Order",
    "program_type": "On-Demand N2P SDU/MDU Simple",
    "target_eligibility_quarter": "NA"
   }
  },
  {
   "type": "Feature",
   "geometry": {
    "type": "Point",
    "coordinates": [
     145.42050792,
     -37.92674656
    ]
   },
   "properties": {
    "name": "245 BELGRAVE-GEMBROOK ROAD EMERALD 3782",
    "locID": "LOC000125534730",
    "tech": "FTTN",
    "upgrade": "NULL_NA",
    "gnaf_pid": "GAVIC420798433",
    "tech_change_status": "Not Planned"
   }
  },
  {
   "type": "Feature",
   "geometry": {
    "type": "Point",
    "coordinates": [
     145.45557027,
     -37.89277183
    ]
   },
   "properties": {
    "name": "20 UREN ROAD EMERALD 3782",
    "locID": "LOC000076076553",
    "tech": "WIRELESS",
    "upgrade": "NULL_NA",
    "gnaf_pid": "GAVIC420799226",
    "tech_change_status": "Not Planned",
    "program_type": "Fixed Wireless and Satellite Upgrade Program",
    "target_eligibility_quarter": "Mar 2025"
   }
  },
  {
   "type": "Feature",
   "geometry": {
    "type": "Point",
    "coordinates": [
     145.450878,
     -37.928322
    ]
   },
   "properties": {
    "name": "3 DURBAN ROAD EMERALD 3782",
    "locID": "LOC000092937908",
    "tech": "FTTN",
    "upgrade": "NULL_NA",
    "gnaf_pid": "GAVIC420799321",
    "tech_change_status": "Not Planned"
   }
  },
  {
   "type": "Feature",
   "geometry": {
    "type": "Point",
    "coordinates": [
     145.45020249,
     -37.92849869
    ]
   },
   "properties": {
    "name": "6 DURBAN ROAD EMERALD 3782",
    "locID": "LOC000038569196",
    "tech": "FTTN",
    "upgrade": "FTTP_NA",
    "gnaf_pid": "GAVIC420799322",
    "tech_change_status": "Committed",
    "program_type": "On-Demand N2P SDU/MDU Simple",
    "target_eligibility_quarter": "Jun 2025"
   }
  },
  {
   "type": "Feature",
   "geometry": {
    "type": "Point",
    "coordinates": [
     145.451446,
     -37.928384
    ]
   },
   "properties": {
    "name": "7 DURBAN ROAD EMERALD 3782",
    "locID": "LOC000058129203",
    "tech": "FTTN",
    "upgrade": "NULL_NA",
    "gnaf_pid": "GAVIC420799323",
    "tech_change_status": "Not Planned"
   }
  },
  {
   "type": "Feature",
   "geometry": {
    "type": "Point",
    "coordinates": [
     145.452271,
     -37.928629
    ]
   },
   "properties": {
    "name": "13 DURBAN ROAD EMERALD 3782",
    "locID": "LOC000042523629",
    "tech": "FTTN",
    "upgrade": "NULL_NA",
    "gnaf_pid": "GAVIC420799324",
    "tech_change_status": "Not Planned"
   }
  },
  {
   "type": "Feature",
   "geometry": {
    "type": "Point",
    "coordinates": [
     145.45119,
     -37.928651
    ]
   },
   "properties": {
    "name": "14 DURBAN ROAD EMERALD 3782",
    "locID": "LOC000080717589",
    "tech": "FTTN",
    "upgrade": "NULL_NA",
    "gnaf_pid": "GAVIC420799325",
    "tech_change_status": "Not Planned"
   }
  },
  {
   "type": "Feature",
   "geometry": {
    "type": "Point",
    "coordinates": [
     145.42793497,
     -37.92643329
    ]
   },
   "properties": {
    "name": "2 EDENMONT ROAD EMERALD 3782",
    "locID": "LOC000043737769",
    "tech": "FTTN",
    "upgrade": "NULL_NA",
    "gnaf_pid": "GAVIC420799327",
    "tech_change_status": "Not Planned"
   }
  },
  {
   "type": "Feature",
   "geometry": {
    "type": "Point",
    "coordinates": [
     145.42800653,
     -37.9259443
    ]
   },
   "properties": {
    "name": "4 EDENMONT ROAD EMERALD 3782",
    "locID": "LOC000103305156",
    "tech": "FTTN",
    "upgrade": "NULL_NA",
    "gnaf_pid": "GAVIC420799328",
    "tech_change_status": "Not Planned"
   }
  },
  {
   "type": "Feature",
   "geometry": {
    "type": "Point",
    "coordinates": [
     145.428023,
     -37.924991
    ]
   },
   "properties": {
    "name": "8 EDENMONT ROAD EMERALD 3782",
    "locID": "LOC000073994964",
    "tech": "FTTN",
    "upgrade": "NULL_NA",
    "gnaf_pid": "GAVIC420799329",
    "tech_change_status": "Not Planned"
   }
  },
  {
   "type": "Feature",
   "geometry": {
    "type": "Point",
    "coordinates": [
     145.42692462,
     -37.92717245
    ]
   },
   "properties": {
    "name": "11 EDENMONT ROAD EMERALD 3782",
    "locID": "LOC000048840315",
    "tech": "FTTN",
    "upgrade": "NULL_NA",
    "gnaf_pid": "GAVIC420799330",
    "tech_change_status": "Not Planned"
   }
  },
  {
   "type": "Feature",
   "geometry": {
    "type": "Point",
    "coordinates": [
     145.444339,
     -37.926046
    ]
   },
   "properties": {
    "name": "2 EMERALD CLOSE EMERALD 3782",
    "locID": "LOC000107893718",
    "tech": "FTTN",
    "upgrade": "FTTP_NA",
    "gnaf_pid": "GAVIC420799331",
    "tech_change_status": "Committed",
    "program_type": "On-Demand N2P SDU/MDU Simple",
    "target_eligibility_quarter": "Jun 2025"
   }
  },
  {
   "type": "Feature",
   "geometry": {
    "type": "Point",
    "coordinates": [
     145.46004806,
     -37.9270516
    ]
   },
   "properties": {
    "name": "2 LAKEVIEW COURT EMERALD 3782",
    "locID": "LOC000080850095",
    "tech": "FTTN",
    "upgrade": "FTTP",
    "gnaf_pid": "GAVIC420799332",
    "tech_change_status": "Eligible to Order"
   }
  },
  {
   "type": "Feature",
   "geometry": {
    "type": "Point",
    "coordinates": [
     145.447951,
     -37.929555
    ]
   },
   "properties": {
    "name": "14 EMERALD LAKE ROAD EMERALD 3782",
    "locID": "LOC000101558912",
    "tech": "FTTN",
    "upgrade": "FTTP_NA",
    "gnaf_pid": "GAVIC420799333",
    "tech_change_status": "Committed",
    "program_type": "On-Demand N2P SDU/MDU Simple",
    "target_eligibility_quarter": "Jun 2025"
   }
  },
  {
   "type": "Feature",
   "geometry": {
    "type": "Point",
    "coordinates": [
     145.459483,
     -37.927111
    ]
   },
   "properties": {
    "name": "55 EMERALD LAKE ROAD EMERALD 3782",
    "locID": "LOC000009293557",
    "tech": "FTTN",
    "upgrade": "NULL_NA",
    "gnaf_pid": "GAVIC420799334",
    "tech_change_status": "Not Planned"
   }
  },
  {
   "type": "Feature",
   "geometry": {
    "type": "Point",
    "coordinates": [
     145.4443754,
     -37.92726072
    ]
   },
   "properties": {
    "name": "8 EMERALD-MONBULK ROAD EMERALD 3782",
    "locID": "LOC000010306342",
    "tech": "FTTN",
    "upgrade": "FTTP_NA",
    "gnaf_pid": "GAVIC420799335",
    "tech_change_status": "Committed",
    "program_type": "On-Demand N2P SDU/MDU Simple",
    "target_eligibility_quarter": "Dec 2025"
   }
  },
  {
   "type": "Feature",
   "geometry": {
    "type": "Point",
    "coordinates": [
     145.444673,
     -37.927439
    ]
   },
   "properties": {
    "name": "4 EMERALD-MONBULK ROAD EMERALD 3782",
    "locID": "LOC000076275601",
    "tech": "FTTN",
    "upgrade": "FTTP_NA",
    "gnaf_pid": "GAVIC420799336",
    "tech_change_status": "Committed",
    "program_type": "On-Demand N2P SDU/MDU Simple",
    "target_eligibility_quarter": "Jun 2025"
   }
  },
  {
   "type": "Feature",
   "geometry": {
    "type": "Point",
    "coordinates": [
     145.439156,
     -37.938694
    ]
   },
   "properties": {
    "name": "40 KILVINGTON DRIVE EMERALD 3782",
    "locID": "LOC000028843101",
    "tech": "FTTN",
    "upgrade": "NULL_NA",
    "gnaf_pid": "GAVIC420799616",
    "tech_change_status": "Not Planned"
   }
  },
  {
   "type": "Feature",
   "geometry": {
    "type": "Point",
    "coordinates": [
     145.43917544,
     -37.93910304
    ]
   },
   "properties": {
    "name": "42 KILVINGTON DRIVE EMERALD 3782",
    "locID": "LOC000094049462",
    "tech": "FTTN",
    "upgrade": "NULL_NA",
    "gnaf_pid": "GAVIC420799617",
    "tech_change_status": "Not Planned"
   }
  },
  {
   "type": "Feature",
   "geometry": {
    "type": "Point",
    "coordinates": [
     145.44079303,
     -37.94232181
    ]
   },
   "properties": {
    "name": "60 KILVINGTON DRIVE EMERALD 3782",
    "locID": "LOC000103648688",
    "tech": "FTTN",
    "upgrade": "NULL_NA",
    "gnaf_pid": "GAVIC420799620",
    "tech_change_status": "Not Planned"
   }
  },
  {
   "type": "Feature",
   "geometry": {
    "type": "Point",
    "coordinates": [
     145.440529,
     -37.944786
    ]
   },
   "properties": {
    "name": "76 KILVINGTON DRIVE EMERALD 3782",
    "locID": "LOC000056942798",
    "tech": "FTTN",
    "upgrade": "NULL_NA",
    "gnaf_pid": "GAVIC420799621",
    "tech_change_status": "Not Planned"
   }
  },
  {
   "type": "Feature",
   "geometry": {
    "type": "Point",
    "coordinates": [
     145.44072645,
     -37.94593344
    ]
   },
   "properties": {
    "name": "78 KILVINGTON DRIVE EMERALD 3782",
    "locID": "LOC000045255726",
    "tech": "FTTN",
    "upgrade": "NULL_NA",
    "gnaf_pid": "GAVIC420799622",
    "tech_change_status": "Not Planned"
   }
  },
  {
   "type": "Feature",
   "geometry": {
    "type": "Point",
    "coordinates": [
     145.442204,
     -37.926901
    ]
   },
   "properties": {
    "name": "5 CORNISH ROAD EMERALD 3782",
    "locID": "LOC000025140102",
    "tech": "FTTN",
    "upgrade": "FTTP_NA",
    "gnaf_pid": "GAVIC420800092",
    "tech_change_status": "Committed",
    "program_type": "On-Demand N2P SDU/MDU Simple",
    "target_eligibility_quarter": "Jun 2025"
   }
  },
  {
   "type": "Feature",
   "geometry": {
    "type": "Point",
    "coordinates": [
     145.44491268,
     -37.922761
    ]
   },
   "properties": {
    "name": "34 EMERALD-MONBULK ROAD EMERALD 3782",
    "locID": "LOC000085423993",
    "tech": "FTTN",
    "upgrade": "FTTP_NA",
    "gnaf_pid": "GAVIC420800095",
    "tech_change_status": "Committed",
    "program_type": "On-Demand N2P SDU/MDU Simple",
    "target_eligibility_quarter": "Jun 2025"
   }
  },
  {
   "type": "Feature",
   "geometry": {
    "type": "Point",
    "coordinates": [
     145.44155641,
     -37.93175065
    ]
   },
   "properties": {
    "name": "323C BELGRAVE-GEMBROOK ROAD EMERALD 3782",
    "locID": "LOC000055036371",
    "tech": "FTTN",
    "upgrade": "FTTP_NA",
    "gnaf_pid": "GAVIC420801931",
    "tech_change_status": "Committed",
    "program_type": "On-Demand N2P SDU/MDU Simple",
    "target_eligibility_quarter": "Jun 2025"
   }
  },
  {
   "type": "Feature",
   "geometry": {
    "type": "Point",
    "coordinates": [
     145.44408824,
     -37.93039899
    ]
   },
   "properties": {
    "name": "386 BELGRAVE-GEMBROOK ROAD EMERALD 3782",
    "locID": "LOC000152279695",
    "tech": "FTTN",
    "upgrade": "FTTP_NA",
    "gnaf_pid": "GAVIC420801936",
    "tech_change_status": "Committed",
    "program_type": "On-Demand N2P SDU/MDU Simple",
    "target_eligibility_quarter": "Jun 2025"
   }
  },
  {
   "type": "Feature",
   "geometry": {
    "type": "Point",
    "coordinates": [
     145.446786,
     -37.927061
    ]
   },
   "properties": {
    "name": "393 BELGRAVE-GEMBROOK ROAD EMERALD 3782",
    "locID": "LOC000010350826",
    "tech": "FTTN",
    "upgrade": "FTTP_NA",
    "gnaf_pid": "GAVIC420801937",
    "tech_change_status": "Committed",
    "program_type": "On-Demand N2P SDU/MDU Simple",
    "target_eligibility_quarter": "Dec 2025"
   }
  },
  {
   "type": "Feature",
   "geometry": {
    "type": "Point",
    "coordinates": [
     145.44476836,
     -37.93002213
    ]
   },
   "properties": {
    "name": "394 BELGRAVE-GEMBROOK ROAD EMERALD 3782",
    "locID": "LOC000125539241",
    "tech": "FTTN",
    "upgrade": "FTTP_NA",
    "gnaf_pid": "GAVIC420801938",
    "tech_change_status": "Committed",
    "program_type": "On-Demand N2P SDU/MDU Simple",
    "target_eligibility_quarter": "Dec 2025"
   }
  },
  {
   "type": "Feature",
   "geometry": {
    "type": "Point",
    "coordinates": [
     145.45057151,
     -37.92600189
    ]
   },
   "properties": {
    "name": "405 BELGRAVE-GEMBROOK ROAD EMERALD 3782",
    "locID": "LOC000059245990",
    "tech": "FTTN",
    "upgrade": "NULL_NA",
    "gnaf_pid": "GAVIC420801939",
    "tech_change_status": "Not Planned"
   }
  },
  {
   "type": "Feature",
   "geometry": {
    "type": "Point",
    "coordinates": [
     145.44138658,
     -37.91788307
    ]
   },
   "properties": {
    "name": "7 CAROLINE CRESCENT EMERALD 3782",
    "locID": "LOC000080100437",
    "tech": "FTTN",
    "upgrade": "NULL_NA",
    "gnaf_pid": "GAVIC420802015",
    "tech_change_status": "Not Planned"
   }
  },
  {
   "type": "Feature",
   "geometry": {
    "type": "Point",
    "coordinates": [
     145.44191734,
     -37.91916766
    ]
   },
   "properties": {
    "name": "8 CAROLINE CRESCENT EMERALD 3782",
    "locID": "LOC000058788622",
    "tech": "FTTN",
    "upgrade": "NULL_NA",
    "gnaf_pid": "GAVIC420802016",
    "tech_change_status": "Not Planned"
   }
  },
  {
   "type": "Feature",
   "geometry": {
    "type": "Point",
    "coordinates": [
     145.43998309,
     -37.91733896
    ]
   },
   "properties": {
    "name": "11 CAROLINE CRESCENT EMERALD 3782",
    "locID": "LOC000102086463",
    "tech": "FTTN",
    "upgrade": "NULL_NA",
    "gnaf_pid": "GAVIC420802017",
    "tech_change_status": "Not Planned"
   }
  },
  {
   "type": "Feature",
   "geometry": {
    "type": "Point",
    "coordinates": [
     145.45129636,
     -37.91531883
    ]
   },
   "properties": {
    "name": "3 CARRAMAR COURT EMERALD 3782",
    "locID": "LOC000066714580",
    "tech": "FTTN",
    "upgrade": "NULL_NA",
    "gnaf_pid": "GAVIC420802018",
    "tech_change_status": "Not Planned"
   }
  },
  {
   "type": "Feature",
   "geometry": {
    "type": "Point",
    "coordinates": [
     145.44873927,
     -37.91762418
    ]
   },
   "properties": {
    "name": "4 CHARMAN AVENUE EMERALD 3782",
    "locID": "LOC000003884383",
    "tech": "FTTN",
    "upgrade": "NULL_NA",
    "gnaf_pid": "GAVIC420802020",
    "tech_change_status": "Not Planned"
   }
  },
  {
   "type": "Feature",
   "geometry": {
    "type": "Point",
    "coordinates": [
     145.4465313,
     -37.91816413
    ]
   },
   "properties": {
    "name": "11 CHARMAN AVENUE EMERALD 3782",
    "locID": "LOC000062015041",
    "tech": "FTTN",
    "upgrade": "NULL_NA",
    "gnaf_pid": "GAVIC420802021",
    "tech_change_status": "Not Planned"
   }
  },
  {
   "type": "Feature",
   "geometry": {
    "type": "Point",
    "coordinates": [
     145.47051011,
     -37.94482516
    ]
   },
   "properties": {
    "name": "4 PATERNOSTER ROAD EMERALD 3782",
    "locID": "LOC000083556743",
    "tech": "FTTN",
    "upgrade": "FTTP_SA",
    "gnaf_pid": "GAVIC420802238",
    "tech_change_status": "Eligible to Order",
    "program_type": "On-Demand N2P SDU/MDU Simple",
    "target_eligibility_quarter": "NA"
   }
  },
  {
   "type": "Feature",
   "geometry": {
    "type": "Point",
    "coordinates": [
     145.469042,
     -37.945629
    ]
   },
   "properties": {
    "name": "17 PATERNOSTER ROAD EMERALD 3782",
    "locID": "LOC000067834726",
    "tech": "FTTN",
    "upgrade": "FTTP_NA",
    "gnaf_pid": "GAVIC420802239",
    "tech_change_status": "Committed",
    "program_type": "On-Demand N2P SDU/MDU Simple",
    "target_eligibility_quarter": "Dec 2025"
   }
  },
  {
   "type": "Feature",
   "geometry": {
    "type": "Point",
    "coordinates": [
     145.46747122,
     -37.94035689
    ]
   },
   "properties": {
    "name": "4 FORD ROAD EMERALD 3782",
    "locID": "LOC000031980049",
    "tech": "FTTN",
    "upgrade": "FTTP_NA",
    "gnaf_pid": "GAVIC420803135",
    "tech_change_status": "Committed",
    "program_type": "On-Demand N2P SDU/MDU Simple",
    "target_eligibility_quarter": "Dec 2025"
   }
  },
  {
   "type": "Feature",
   "geometry": {
    "type": "Point",
    "coordinates": [
     145.46688879,
     -37.93104018
    ]
   },
   "properties": {
    "name": "2 WATTLE COURT EMERALD 3782",
    "locID": "LOC000084739255",
    "tech": "FTTN",
    "upgrade": "FTTP_NA",
    "gnaf_pid": "GAVIC420804791",
    "tech_change_status": "Committed",
    "program_type": "On-Demand N2P SDU/MDU Simple",
    "target_eligibility_quarter": "Jun 2025"
   }
  },
  {
   "type": "Feature",
   "geometry": {
    "type": "Point",
    "coordinates": [
     145.46678638,
     -37.93016682
    ]
   },
   "properties": {
    "name": "5 WATTLE COURT EMERALD 3782",
    "locID": "LOC000022799629",
    "tech": "FTTN",
    "upgrade": "FTTP_NA",
    "gnaf_pid": "GAVIC420804792",
    "tech_change_status": "Committed",
    "program_type": "On-Demand N2P SDU/MDU Simple",
    "target_eligibility_quarter": "Jun 2025"
   }
  },
  {
   "type": "Feature",
   "geometry": {
    "type": "Point",
    "coordinates": [
     145.436189,
     -37.933211
    ]
   },
   "properties": {
    "name": "10 WESTLANDS ROAD EMERALD 3782",
    "locID": "LOC000101156374",
    "tech": "FTTN",
    "upgrade": "FTTP_NA",
    "gnaf_pid": "GAVIC420804800",
    "tech_change_status": "Committed",
    "program_type": "On-Demand N2P SDU/MDU Simple",
    "target_eligibility_quarter": "Jun 2025"
   }
  },
  {
   "type": "Feature",
   "geometry": {
    "type": "Point",
    "coordinates": [
     145.43279736,
     -37.93604876
    ]
   },
   "properties": {
    "name": "43 WESTLANDS ROAD EMERALD 3782",
    "locID": "LOC000080253952",
    "tech": "FTTN",
    "upgrade": "FTTP_NA",
    "gnaf_pid": "GAVIC420804802",
    "tech_change_status": "Committed",
    "program_type": "On-Demand N2P SDU/MDU Simple",
    "target_eligibility_quarter": "Jun 2025"
   }
  },
  {
   "type": "Feature",
   "geometry": {
    "type": "Point",
    "coordinates": [
     145.444943,
     -37.900063
    ]
   },
   "properties": {
    "name": "132 EMERALD-MONBULK ROAD EMERALD 3782",
    "locID": "LOC000025888690",
    "tech": "FTTN",
    "upgrade": "NULL_NA",
    "gnaf_pid": "GAVIC420804853",
    "tech_change_status": "Not Planned"
   }
  },
  {
   "type": "Feature",
   "geometry": {
    "type": "Point",
    "coordinates": [
     145.44373651,
     -37.89793443
    ]
   },
   "properties": {
    "name": "148 EMERALD-MONBULK ROAD EMERALD 3782",
    "locID": "LOC000013888092",
    "tech": "FTTN",
    "upgrade": "NULL_NA",
    "gnaf_pid": "GAVIC420804854",
    "tech_change_status": "Not Planned"
   }
  },
  {
   "type": "Feature",
   "geometry": {
    "type": "Point",
    "coordinates": [
     145.46943123,
     -37.93411994
    ]
   },
   "properties": {
    "name": "6 MIMOSA AVENUE EMERALD 3782",
    "locID": "LOC000021053900",
    "tech": "FTTN",
    "upgrade": "NULL_NA",
    "gnaf_pid": "GAVIC420804886",
    "tech_change_status": "Not Planned"
   }
  },
  {
   "type": "Feature",
   "geometry": {
    "type": "Point",
    "coordinates": [
     145.461883,
     -37.945121
    ]
   },
   "properties": {
    "name": "2 MOUNTAIN AVENUE EMERALD 3782",
    "locID": "LOC000039518907",
    "tech": "FTTN",
    "upgrade": "FTTP_SA",
    "gnaf_pid": "GAVIC420804891",
    "tech_change_status": "Eligible to Order",
    "program_type": "On-Demand N2P SDU/MDU Simple",
    "target_eligibility_quarter": "NA"
   }
  },
  {
   "type": "Feature",
   "geometry": {
    "type": "Point",
    "coordinates": [
     145.461493,
     -37.945288
    ]
   },
   "properties": {
    "name": "3 MOUNTAIN AVENUE EMERALD 3782",
    "locID": "LOC000051744151",
    "tech": "FTTN",
    "upgrade": "FTTP_SA",
    "gnaf_pid": "GAVIC420804892",
    "tech_change_status": "Eligible to Order",
    "program_type": "On-Demand N2P SDU/MDU Simple",
    "target_eligibility_quarter": "NA"
   }
  },
  {
   "type": "Feature",
   "geometry": {
    "type": "Point",
    "coordinates": [
     145.461746,
     -37.945687
    ]
   },
   "properties": {
    "name": "4 MOUNTAIN AVENUE EMERALD 3782",
    "locID": "LOC000091044413",
    "tech": "FTTN",
    "upgrade": "FTTP_SA",
    "gnaf_pid": "GAVIC420804893",
    "tech_change_status": "Eligible to Order",
    "program_type": "On-Demand N2P SDU/MDU Simple",
    "target_eligibility_quarter": "NA"
   }
  },
  {
   "type": "Feature",
   "geometry": {
    "type": "Point",
    "coordinates": [
     145.448392,
     -37.929155
    ]
   },
   "properties": {
    "name": "13 SHERRIFF ROAD EMERALD 3782",
    "locID": "LOC000043720270",
    "tech": "FTTN",
    "upgrade": "FTTP_NA",
    "gnaf_pid": "GAVIC420805486",
    "tech_change_status": "Committed",
    "program_type": "On-Demand N2P SDU/MDU Simple",
    "target_eligibility_quarter": "Dec 2025"
   }
  },
  {
   "type": "Feature",
   "geometry": {
    "type": "Point",
    "coordinates": [
     145.437222,
     -37.930088
    ]
   },
   "properties": {
    "name": "2 PARADISE GROVE EMERALD 3782",
    "locID": "LOC000035060824",
    "tech": "FTTN",
    "upgrade": "FTTP_NA",
    "gnaf_pid": "GAVIC420805634",
    "tech_change_status": "Committed",
    "program_type": "On-Demand N2P SDU/MDU Simple",
    "target_eligibility_quarter": "Jun 2025"
   }
  },
  {
   "type": "Feature",
   "geometry": {
    "type": "Point",
    "coordinates": [
     145.431063,
     -37.934008
    ]
   },
   "properties": {
    "name": "2 WOODLANDS AVENUE EMERALD 3782",
    "locID": "LOC000048876482",
    "tech": "FTTN",
    "upgrade": "NULL_NA",
    "gnaf_pid": "GAVIC420805671",
    "tech_change_status": "Not Planned"
   }
  },
  {
   "type": "Feature",
   "geometry": {
    "type": "Point",
    "coordinates": [
     145.46672998,
     -37.93494917
    ]
   },
   "properties": {
    "name": "2 AUHL ROAD EMERALD 3782",
    "locID": "LOC000001950700",
    "tech": "FTTN",
    "upgrade": "NULL_NA",
    "gnaf_pid": "GAVIC420805819",
    "tech_change_status": "Not Planned"
   }
  },
  {
   "type": "Feature",
   "geometry": {
    "type": "Point",
    "coordinates": [
     145.46444407,
     -37.93361791
    ]
   },
   "properties": {
    "name": "10 AUHL ROAD EMERALD 3782",
    "locID": "LOC000104117174",
    "tech": "FTTN",
    "upgrade": "NULL_NA",
    "gnaf_pid": "GAVIC420805820",
    "tech_change_status": "Not Planned"
   }
  },
  {
   "type": "Feature",
   "geometry": {
    "type": "Point",
    "coordinates": [
     145.452566,
     -37.936852
    ]
   },
   "properties": {
    "name": "61 BEACONSFIELD-EMERALD ROAD EMERALD 3782",
    "locID": "LOC000066994562",
    "tech": "FTTN",
    "upgrade": "FTTP_NA",
    "gnaf_pid": "GAVIC420805832",
    "tech_change_status": "In Design",
    "program_type": "On-Demand N2P SDU/MDU Simple",
    "target_eligibility_quarter": "Dec 2025"
   }
  },
  {
   "type": "Feature",
   "geometry": {
    "type": "Point",
    "coordinates": [
     145.43411856,
     -37.93601836
    ]
   },
   "properties": {
    "name": "9 BOUNDARY ROAD WEST EMERALD 3782",
    "locID": "LOC000089059139",
    "tech": "FTTN",
    "upgrade": "FTTP_NA",
    "gnaf_pid": "GAVIC420806344",
    "tech_change_status": "Committed",
    "program_type": "On-Demand N2P SDU/MDU Simple",
    "target_eligibility_quarter": "Jun 2025"
   }
  },
  {
   "type": "Feature",
   "geometry": {
    "type": "Point",
    "coordinates": [
     145.44324776,
     -37.91892005
    ]
   },
   "properties": {
    "name": "5 BROOKDALE AVENUE EMERALD 3782",
    "locID": "LOC000050421997",
    "tech": "FTTN",
    "upgrade": "NULL_NA",
    "gnaf_pid": "GAVIC420806353",
    "tech_change_status": "Not Planned"
   }
  },
  {
   "type": "Feature",
   "geometry": {
    "type": "Point",
    "coordinates": [
     145.44626398,
     -37.9012124
    ]
   },
   "properties": {
    "name": "4 BUTTERFIELD ROAD EMERALD 3782",
    "locID": "LOC000104990193",
    "tech": "FTTN",
    "upgrade": "NULL_NA",
    "gnaf_pid": "GAVIC420806354",
    "tech_change_status": "Not Planned"
   }
  },
  {
   "type": "Feature",
   "geometry": {
    "type": "Point",
    "coordinates": [
     145.446049,
     -37.900483
    ]
   },
   "properties": {
    "name": "7 BUTTERFIELD ROAD EMERALD 3782",
    "locID": "LOC000092719653",
    "tech": "FTTN",
    "upgrade": "NULL_NA",
    "gnaf_pid": "GAVIC420806355",
    "tech_change_status": "Not Planned"
   }
  },
  {
   "type": "Feature",
   "geometry": {
    "type": "Point",
    "coordinates": [
     145.448019,
     -37.913334
    ]
   },
   "properties": {
    "name": "1 GLENVISTA AVENUE EMERALD 3782",
    "locID": "LOC000017756281",
    "tech": "FTTN",
    "upgrade": "NULL_NA",
    "gnaf_pid": "GAVIC420806509",
    "tech_change_status": "Not Planned"
   }
  },
  {
   "type": "Feature",
   "geometry": {
    "type": "Point",
    "coordinates": [
     145.4462896,
     -37.91370398
    ]
   },
   "properties": {
    "name": "10 GLENVISTA AVENUE EMERALD 3782",
    "locID": "LOC000071129602",
    "tech": "FTTN",
    "upgrade": "NULL_NA",
    "gnaf_pid": "GAVIC420806510",
    "tech_change_status": "Not Planned"
   }
  },
  {
   "type": "Feature",
   "geometry": {
    "type": "Point",
    "coordinates": [
     145.44649719,
     -37.9098365
    ]
   },
   "properties": {
    "name": "5 GRANDVIEW AVENUE EMERALD 3782",
    "locID": "LOC000071644982",
    "tech": "FTTN",
    "upgrade": "NULL_NA",
    "gnaf_pid": "GAVIC420806512",
    "tech_change_status": "Not Planned"
   }
  },
  {
   "type": "Feature",
   "geometry": {
    "type": "Point",
    "coordinates": [
     145.446292,
     -37.910003
    ]
   },
   "properties": {
    "name": "8 GRANDVIEW AVENUE EMERALD 3782",
    "locID": "LOC000100216651",
    "tech": "FTTN",
    "upgrade": "NULL_NA",
    "gnaf_pid": "GAVIC420806514",
    "tech_change_status": "Not Planned"
   }
  },
  {
   "type": "Feature",
   "geometry": {
    "type": "Point",
    "coordinates": [
     145.455765,
     -37.934596
    ]
   },
   "properties": {
    "name": "28 STATION AVENUE EMERALD 3782",
    "locID": "LOC000080915670",
    "tech": "FTTN",
    "upgrade": "FTTP_NA",
    "gnaf_pid": "GAVIC420807804",
    "tech_change_status": "In Design",
    "program_type": "On-Demand N2P SDU/MDU Simple",
    "target_eligibility_quarter": "Dec 2025"
   }
  },
  {
   "type": "Feature",
   "geometry": {
    "type": "Point",
    "coordinates": [
     145.455871,
     -37.934417
    ]
   },
   "properties": {
    "name": "30 STATION AVENUE EMERALD 3782",
    "locID": "LOC000041348720",
    "tech": "FTTN",
    "upgrade": "FTTP_NA",
    "gnaf_pid": "GAVIC420807805",
    "tech_change_status": "In Design",
    "program_type": "On-Demand N2P SDU/MDU Simple",
    "target_eligibility_quarter": "Dec 2025"
   }
  },
  {
   "type": "Feature",
   "geometry": {
    "type": "Point",
    "coordinates": [
     145.44882838,
     -37.92681928
    ]
   },
   "properties": {
    "name": "5 OLD GEMBROOK ROAD EMERALD 3782",
    "locID": "LOC000018399786",
    "tech": "FTTN",
    "upgrade": "FTTP_NA",
    "gnaf_pid": "GAVIC420808837",
    "tech_change_status": "Committed",
    "program_type": "On-Demand N2P SDU/MDU Simple",
    "target_eligibility_quarter": "Dec 2025"
   }
  },
  {
   "type": "Feature",
   "geometry": {
    "type": "Point",
    "coordinates": [
     145.45180022,
     -37.92739783
    ]
   },
   "properties": {
    "name": "15 OLD GEMBROOK ROAD EMERALD 3782",
    "locID": "LOC000049075064",
    "tech": "FTTN",
    "upgrade": "NULL_NA",
    "gnaf_pid": "GAVIC420808838",
    "tech_change_status": "Not Planned"
   }
  },
  {
   "type": "Feature",
   "geometry": {
    "type": "Point",
    "coordinates": [
     145.451991,
     -37.927896
    ]
   },
   "properties": {
    "name": "22 OLD GEMBROOK ROAD EMERALD 3782",
    "locID": "LOC000092080476",
    "tech": "FTTN",
    "upgrade": "NULL_NA",
    "gnaf_pid": "GAVIC420808839",
    "tech_change_status": "Not Planned"
   }
  },
  {
   "type": "Feature",
   "geometry": {
    "type": "Point",
    "coordinates": [
     145.443972,
     -37.897563
    ]
   },
   "properties": {
    "name": "5 HOLMAN ROAD EMERALD 3782",
    "locID": "LOC000081990908",
    "tech": "FTTN",
    "upgrade": "NULL_NA",
    "gnaf_pid": "GAVIC420808942",
    "tech_change_status": "Not Planned"
   }
  },
  {
   "type": "Feature",
   "geometry": {
    "type": "Point",
    "coordinates": [
     145.43533397,
     -37.92844462
    ]
   },
   "properties": {
    "name": "1 PINNOCKS ROAD EMERALD 3782",
    "locID": "LOC000077336118",
    "tech": "FTTN",
    "upgrade": "FTTP_NA",
    "gnaf_pid": "GAVIC420809636",
    "tech_change_status": "Committed",
    "program_type": "On-Demand N2P SDU/MDU Simple",
    "target_eligibility_quarter": "Jun 2025"
   }
  },
  {
   "type": "Feature",
   "geometry": {
    "type": "Point",
    "coordinates": [
     145.435828,
     -37.930376
    ]
   },
   "properties": {
    "name": "2 PINNOCKS ROAD EMERALD 3782",
    "locID": "LOC000100880090",
    "tech": "FTTN",
    "upgrade": "FTTP_NA",
    "gnaf_pid": "GAVIC420809637",
    "tech_change_status": "Committed",
    "program_type": "On-Demand N2P SDU/MDU Simple",
    "target_eligibility_quarter": "Jun 2025"
   }
  },
  {
   "type": "Feature",
   "geometry": {
    "type": "Point",
    "coordinates": [
     145.43364351,
     -37.92659296
    ]
   },
   "properties": {
    "name": "26 PINNOCKS ROAD EMERALD 3782",
    "locID": "LOC000093018538",
    "tech": "FTTN",
    "upgrade": "FTTP_NA",
    "gnaf_pid": "GAVIC420809639",
    "tech_change_status": "Committed",
    "program_type": "On-Demand N2P SDU/MDU Simple",
    "target_eligibility_quarter": "Dec 2025"
   }
  },
  {
   "type": "Feature",
   "geometry": {
    "type": "Point",
    "coordinates": [
     145.432543,
     -37.925899
    ]
   },
   "properties": {
    "name": "34 PINNOCKS ROAD EMERALD 3782",
    "locID": "LOC000022164568",
    "tech": "FTTN",
    "upgrade": "FTTP_NA",
    "gnaf_pid": "GAVIC420809640",
    "tech_change_status": "Committed",
    "program_type": "On-Demand N2P SDU/MDU Simple",
    "target_eligibility_quarter": "Dec 2025"
   }
  },
  {
   "type": "Feature",
   "geometry": {
    "type": "Point",
    "coordinates": [
     145.445597,
     -37.930064
    ]
   },
   "properties": {
    "name": "2 BEACONSFIELD-EMERALD ROAD EMERALD 3782",
    "locID": "LOC000083176316",
    "tech": "FTTN",
    "upgrade": "FTTP_NA",
    "gnaf_pid": "GAVIC420810282",
    "tech_change_status": "Committed",
    "program_type": "On-Demand N2P SDU/MDU Simple",
    "target_eligibility_quarter": "Dec 2025"
   }
  },
  {
   "type": "Feature",
   "geometry": {
    "type": "Point",
    "coordinates": [
     145.439778,
     -37.935124
    ]
   },
   "properties": {
    "name": "14 KILVINGTON DRIVE EMERALD 3782",
    "locID": "LOC000017000336",
    "tech": "FTTN",
    "upgrade": "NULL_NA",
    "gnaf_pid": "GAVIC420810296",
    "tech_change_status": "Not Planned"
   }
  },
  {
   "type": "Feature",
   "geometry": {
    "type": "Point",
    "coordinates": [
     145.44254834,
     -37.93255516
    ]
   },
   "properties": {
    "name": "1 KINGS ROAD EMERALD 3782",
    "locID": "LOC000185370803",
    "tech": "FTTP",
    "upgrade": "NULL_NA",
    "gnaf_pid": "GAVIC420810297"
   }
  },
  {
   "type": "Feature",
   "geometry": {
    "type": "Point",
    "coordinates": [
     145.442725,
     -37.932424
    ]
   },
   "properties": {
    "name": "3 KINGS ROAD EMERALD 3782",
    "locID": "LOC000036788871",
    "tech": "FTTN",
    "upgrade": "FTTP_NA",
    "gnaf_pid": "GAVIC420810298",
    "tech_change_status": "Committed",
    "program_type": "On-Demand N2P SDU/MDU Simple",
    "target_eligibility_quarter": "Jun 2025"
   }
  },
  {
   "type": "Feature",
   "geometry": {
    "type": "Point",
    "coordinates": [
     145.443421,
     -37.932316
    ]
   },
   "properties": {
    "name": "8 KINGS ROAD EMERALD 3782",
    "locID": "LOC000058339184",
    "tech": "FTTN",
    "upgrade": "FTTP_NA",
    "gnaf_pid": "GAVIC420810299",
    "tech_change_status": "Committed",
    "program_type": "On-Demand N2P SDU/MDU Simple",
    "target_eligibility_quarter": "Jun 2025"
   }
  },
  {
   "type": "Feature",
   "geometry": {
    "type": "Point",
    "coordinates": [
     145.444368,
     -37.931661
    ]
   },
   "properties": {
    "name": "20 KINGS ROAD EMERALD 3782",
    "locID": "LOC000100001876",
    "tech": "FTTN",
    "upgrade": "FTTP_NA",
    "gnaf_pid": "GAVIC420810300",
    "tech_change_status": "Committed",
    "program_type": "On-Demand N2P SDU/MDU Simple",
    "target_eligibility_quarter": "Jun 2025"
   }
  },
  {
   "type": "Feature",
   "geometry": {
    "type": "Point",
    "coordinates": [
     145.444296,
     -37.931327
    ]
   },
   "properties": {
    "name": "23 KINGS ROAD EMERALD 3782",
    "locID": "LOC000089555975",
    "tech": "FTTN",
    "upgrade": "FTTP_NA",
    "gnaf_pid": "GAVIC420810301",
    "tech_change_status": "Committed",
    "program_type": "On-Demand N2P SDU/MDU Simple",
    "target_eligibility_quarter": "Jun 2025"
   }
  },
  {
   "type": "Feature",
   "geometry": {
    "type": "Point",
    "coordinates": [
     145.469095,
     -37.918945
    ]
   },
   "properties": {
    "name": "21 MACCLESFIELD ROAD EMERALD 3782",
    "locID": "LOC000045898211",
    "tech": "FTTN",
    "upgrade": "FTTP_NA",
    "gnaf_pid": "GAVIC420813055",
    "tech_change_status": "Committed",
    "program_type": "On-Demand N2P SDU/MDU Simple",
    "target_eligibility_quarter": "Jun 2025"
   }
  },
  {
   "type": "Feature",
   "geometry": {
    "type": "Point",
    "coordinates": [
     145.46953867,
     -37.91767114
    ]
   },
   "properties": {
    "name": "35 MACCLESFIELD ROAD EMERALD 3782",
    "locID": "LOC000036195699",
    "tech": "FTTN",
    "upgrade": "FTTP_NA",
    "gnaf_pid": "GAVIC420813056",
    "tech_change_status": "Committed",
    "program_type": "On-Demand N2P SDU/MDU Simple",
    "target_eligibility_quarter": "Jun 2025"
   }
  },
  {
   "type": "Feature",
   "geometry": {
    "type": "Point",
    "coordinates": [
     145.47015948,
     -37.91589312
    ]
   },
   "properties": {
    "name": "51 MACCLESFIELD ROAD EMERALD 3782",
    "locID": "LOC000006183692",
    "tech": "FTTN",
    "upgrade": "FTTP_NA",
    "gnaf_pid": "GAVIC420813058",
    "tech_change_status": "Committed",
    "program_type": "On-Demand N2P SDU/MDU Simple",
    "target_eligibility_quarter": "Jun 2025"
   }
  },
  {
   "type": "Feature",
   "geometry": {
    "type": "Point",
    "coordinates": [
     145.46887471,
     -37.91293325
    ]
   },
   "properties": {
    "name": "105 MACCLESFIELD ROAD EMERALD 3782",
    "locID": "LOC000072113700",
    "tech": "WIRELESS",
    "upgrade": "NULL_NA",
    "gnaf_pid": "GAVIC420813059",
    "tech_change_status": "Not Planned",
    "program_type": "Fixed Wireless and Satellite Upgrade Program",
    "target_eligibility_quarter": "NA"
   }
  },
  {
   "type": "Feature",
   "geometry": {
    "type": "Point",
    "coordinates": [
     145.44858536,
     -37.92099173
    ]
   },
   "properties": {
    "name": "1 LAKESIDE DRIVE EMERALD 3782",
    "locID": "LOC000073246869",
    "tech": "FTTN",
    "upgrade": "NULL_NA",
    "gnaf_pid": "GAVIC420813820",
    "tech_change_status": "Not Planned"
   }
  },
  {
   "type": "Feature",
   "geometry": {
    "type": "Point",
    "coordinates": [
     145.4515777,
     -37.9184153
    ]
   },
   "properties": {
    "name": "22 LAKESIDE DRIVE EMERALD 3782",
    "locID": "LOC000098408299",
    "tech": "FTTN",
    "upgrade": "NULL_NA",
    "gnaf_pid": "GAVIC420813821",
    "tech_change_status": "Not Planned"
   }
  },
  {
   "type": "Feature",
   "geometry": {
    "type": "Point",
    "coordinates": [
     145.45607568,
     -37.91544527
    ]
   },
   "properties": {
    "name": "44 LAKESIDE DRIVE EMERALD 3782",
    "locID": "LOC000083543028",
    "tech": "FTTN",
    "upgrade": "NULL_NA",
    "gnaf_pid": "GAVIC420813822",
    "tech_change_status": "Not Planned"
   }
  },
  {
   "type": "Feature",
   "geometry": {
    "type": "Point",
    "coordinates": [
     145.45815892,
     -37.91635964
    ]
   },
   "properties": {
    "name": "50 LAKESIDE DRIVE EMERALD 3782",
    "locID": "LOC000100267762",
    "tech": "FTTN",
    "upgrade": "NULL_NA",
    "gnaf_pid": "GAVIC420813823",
    "tech_change_status": "Not Planned"
   }
  },
  {
   "type": "Feature",
   "geometry": {
    "type": "Point",
    "coordinates": [
     145.45723071,
     -37.91789048
    ]
   },
   "properties": {
    "name": "60 LAKESIDE DRIVE EMERALD 3782",
    "locID": "LOC000061964328",
    "tech": "FTTN",
    "upgrade": "NULL_NA",
    "gnaf_pid": "GAVIC420813824",
    "tech_change_status": "Not Planned"
   }
  },
  {
   "type": "Feature",
   "geometry": {
    "type": "Point",
    "coordinates": [
     145.43747419,
     -37.9342496
    ]
   },
   "properties": {
    "name": "9 RUSSELL STREET EMERALD 3782",
    "locID": "LOC000092013914",
    "tech": "FTTN",
    "upgrade": "FTTP_NA",
    "gnaf_pid": "GAVIC420813828",
    "tech_change_status": "Committed",
    "program_type": "On-Demand N2P SDU/MDU Simple",
    "target_eligibility_quarter": "Jun 2025"
   }
  },
  {
   "type": "Feature",
   "geometry": {
    "type": "Point",
    "coordinates": [
     145.449451,
     -37.916678
    ]
   },
   "properties": {
    "name": "75 EMERALD-MONBULK ROAD EMERALD 3782",
    "locID": "LOC000107079849",
    "tech": "FTTN",
    "upgrade": "NULL_NA",
    "gnaf_pid": "GAVIC420813973",
    "tech_change_status": "Not Planned"
   }
  },
  {
   "type": "Feature",
   "geometry": {
    "type": "Point",
    "coordinates": [
     145.442529,
     -37.906691
    ]
   },
   "properties": {
    "name": "95 EMERALD-MONBULK ROAD EMERALD 3782",
    "locID": "LOC000038709788",
    "tech": "FTTN",
    "upgrade": "NULL_NA",
    "gnaf_pid": "GAVIC420813974",
    "tech_change_status": "Not Planned"
   }
  },
  {
   "type": "Feature",
   "geometry": {
    "type": "Point",
    "coordinates": [
     145.443758,
     -37.927138
    ]
   },
   "properties": {
    "name": "9 EMERALD-MONBULK ROAD EMERALD 3782",
    "locID": "LOC000045336110",
    "tech": "FTTN",
    "upgrade": "FTTP_NA",
    "gnaf_pid": "GAVIC420813990",
    "tech_change_status": "Committed",
    "program_type": "On-Demand N2P SDU/MDU Simple",
    "target_eligibility_quarter": "Jun 2025"
   }
  },
  {
   "type": "Feature",
   "geometry": {
    "type": "Point",
    "coordinates": [
     145.444036,
     -37.926907
    ]
   },
   "properties": {
    "name": "10 EMERALD-MONBULK ROAD EMERALD 3782",
    "locID": "LOC000103860765",
    "tech": "FTTN",
    "upgrade": "FTTP_NA",
    "gnaf_pid": "GAVIC420813991",
    "tech_change_status": "Committed",
    "program_type": "On-Demand N2P SDU/MDU Simple",
    "target_eligibility_quarter": "Jun 2025"
   }
  },
  {
   "type": "Feature",
   "geometry": {
    "type": "Point",
    "coordinates": [
     145.442624,
     -37.925897
    ]
   },
   "properties": {
    "name": "15 EMERALD-MONBULK ROAD EMERALD 3782",
    "locID": "LOC000050298616",
    "tech": "FTTN",
    "upgrade": "FTTP_NA",
    "gnaf_pid": "GAVIC420813992",
    "tech_change_status": "Committed",
    "program_type": "Customer-initiated N2P MDU Complex",
    "target_eligibility_quarter": "Jun 2025"
   }
  },
  {
   "type": "Feature",
   "geometry": {
    "type": "Point",
    "coordinates": [
     145.442521,
     -37.925364
    ]
   },
   "properties": {
    "name": "19 EMERALD-MONBULK ROAD EMERALD 3782",
    "locID": "LOC000027048270",
    "tech": "FTTN",
    "upgrade": "FTTP_NA",
    "gnaf_pid": "GAVIC420813993",
    "tech_change_status": "Committed",
    "program_type": "On-Demand N2P SDU/MDU Simple",
    "target_eligibility_quarter": "Dec 2025"
   }
  },
  {
   "type": "Feature",
   "geometry": {
    "type": "Point",
    "coordinates": [
     145.46289127,
     -37.9217994
    ]
   },
   "properties": {
    "name": "8 RONALD ROAD EMERALD 3782",
    "locID": "LOC000058891415",
    "tech": "FTTN",
    "upgrade": "FTTP_NA",
    "gnaf_pid": "GAVIC420816446",
    "tech_change_status": "Committed",
    "program_type": "On-Demand N2P SDU/MDU Simple",
    "target_eligibility_quarter": "Jun 2025"
   }
  },
  {
   "type": "Feature",
   "geometry": {
    "type": "Point",
    "coordinates": [
     145.46288925,
     -37.92136903
    ]
   },
   "properties": {
    "name": "12 RONALD ROAD EMERALD 3782",
    "locID": "LOC000056254483",
    "tech": "FTTN",
    "upgrade": "FTTP_NA",
    "gnaf_pid": "GAVIC420816447",
    "tech_change_status": "Committed",
    "program_type": "On-Demand N2P SDU/MDU Simple",
    "target_eligibility_quarter": "Jun 2025"
   }
  },
  {
   "type": "Feature",
   "geometry": {
    "type": "Point",
    "coordinates": [
     145.4628686,
     -37.92073578
    ]
   },
   "properties": {
    "name": "18 RONALD ROAD EMERALD 3782",
    "locID": "LOC000067956405",
    "tech": "FTTN",
    "upgrade": "FTTP_NA",
    "gnaf_pid": "GAVIC420816448",
    "tech_change_status": "Committed",
    "program_type": "On-Demand N2P SDU/MDU Simple",
    "target_eligibility_quarter": "Jun 2025"
   }
  },
  {
   "type": "Feature",
   "geometry": {
    "type": "Point",
    "coordinates": [
     145.46283675,
     -37.92009187
    ]
   },
   "properties": {
    "name": "22 RONALD ROAD EMERALD 3782",
    "locID": "LOC000024815869",
    "tech": "FTTN",
    "upgrade": "FTTP_NA",
    "gnaf_pid": "GAVIC420816449",
    "tech_change_status": "Committed",
    "program_type": "On-Demand N2P SDU/MDU Simple",
    "target_eligibility_quarter": "Jun 2025"
   }
  },
  {
   "type": "Feature",
   "geometry": {
    "type": "Point",
    "coordinates": [
     145.437092,
     -37.933547
    ]
   },
   "properties": {
    "name": "2 RUSSELL STREET EMERALD 3782",
    "locID": "LOC000056244581",
    "tech": "FTTN",
    "upgrade": "FTTP_NA",
    "gnaf_pid": "GAVIC420816453",
    "tech_change_status": "Committed",
    "program_type": "On-Demand N2P SDU/MDU Simple",
    "target_eligibility_quarter": "Jun 2025"
   }
  },
  {
   "type": "Feature",
   "geometry": {
    "type": "Point",
    "coordinates": [
     145.46059494,
     -37.9241452
    ]
   },
   "properties": {
    "name": "428 BELGRAVE-GEMBROOK ROAD EMERALD 3782",
    "locID": "LOC000013011094",
    "tech": "FTTN",
    "upgrade": "NULL_NA",
    "gnaf_pid": "GAVIC420816491",
    "tech_change_status": "Not Planned"
   }
  },
  {
   "type": "Feature",
   "geometry": {
    "type": "Point",
    "coordinates": [
     145.46111495,
     -37.92414948
    ]
   },
   "properties": {
    "name": "430 BELGRAVE-GEMBROOK ROAD EMERALD 3782",
    "locID": "LOC000044673695",
    "tech": "FTTN",
    "upgrade": "NULL_NA",
    "gnaf_pid": "GAVIC420816492",
    "tech_change_status": "Not Planned"
   }
  },
  {
   "type": "Feature",
   "geometry": {
    "type": "Point",
    "coordinates": [
     145.46536023,
     -37.92186769
    ]
   },
   "properties": {
    "name": "439 BELGRAVE-GEMBROOK ROAD EMERALD 3782",
    "locID": "LOC000029371862",
    "tech": "FTTP",
    "upgrade": "NULL_NA",
    "gnaf_pid": "GAVIC420816493",
    "tech_change_status": "Previous Tech Disconnected"
   }
  },
  {
   "type": "Feature",
   "geometry": {
    "type": "Point",
    "coordinates": [
     145.44519366,
     -37.90939734
    ]
   },
   "properties": {
    "name": "11 GRANDVIEW AVENUE EMERALD 3782",
    "locID": "LOC000027676954",
    "tech": "FTTN",
    "upgrade": "NULL_NA",
    "gnaf_pid": "GAVIC420816520",
    "tech_change_status": "Not Planned"
   }
  },
  {
   "type": "Feature",
   "geometry": {
    "type": "Point",
    "coordinates": [
     145.446023,
     -37.908179
    ]
   },
   "properties": {
    "name": "30 SUNNYSIDE TERRACE EMERALD 3782",
    "locID": "LOC000094179794",
    "tech": "FTTN",
    "upgrade": "NULL_NA",
    "gnaf_pid": "GAVIC420816522",
    "tech_change_status": "Not Planned"
   }
  },
  {
   "type": "Feature",
   "geometry": {
    "type": "Point",
    "coordinates": [
     145.454866,
     -37.91665
    ]
   },
   "properties": {
    "name": "6 SYCAMORE AVENUE EMERALD 3782",
    "locID": "LOC000101050426",
    "tech": "FTTN",
    "upgrade": "NULL_NA",
    "gnaf_pid": "GAVIC420816524",
    "tech_change_status": "Not Planned"
   }
  },
  {
   "type": "Feature",
   "geometry": {
    "type": "Point",
    "coordinates": [
     145.45506599,
     -37.91384737
    ]
   },
   "properties": {
    "name": "20 SYCAMORE AVENUE EMERALD 3782",
    "locID": "LOC000025146052",
    "tech": "FTTN",
    "upgrade": "NULL_NA",
    "gnaf_pid": "GAVIC420816525",
    "tech_change_status": "Not Planned"
   }
  },
  {
   "type": "Feature",
   "geometry": {
    "type": "Point",
    "coordinates": [
     145.43683001,
     -37.92043963
    ]
   },
   "properties": {
    "name": "27 SYDNEY AVENUE EMERALD 3782",
    "locID": "LOC000038914541",
    "tech": "FTTN",
    "upgrade": "NULL_NA",
    "gnaf_pid": "GAVIC420816526",
    "tech_change_status": "Not Planned"
   }
  },
  {
   "type": "Feature",
   "geometry": {
    "type": "Point",
    "coordinates": [
     145.4371281,
     -37.92027179
    ]
   },
   "properties": {
    "name": "25 SYDNEY AVENUE EMERALD 3782",
    "locID": "LOC000061838440",
    "tech": "FTTN",
    "upgrade": "NULL_NA",
    "gnaf_pid": "GAVIC420816527",
    "tech_change_status": "Not Planned"
   }
  },
  {
   "type": "Feature",
   "geometry": {
    "type": "Point",
    "coordinates": [
     145.43743305,
     -37.92010973
    ]
   },
   "properties": {
    "name": "23 SYDNEY AVENUE EMERALD 3782",
    "locID": "LOC000074110079",
    "tech": "FTTN",
    "upgrade": "NULL_NA",
    "gnaf_pid": "GAVIC420816528",
    "tech_change_status": "Not Planned"
   }
  },
  {
   "type": "Feature",
   "geometry": {
    "type": "Point",
    "coordinates": [
     145.43009191,
     -37.9252325
    ]
   },
   "properties": {
    "name": "1 TELOPEA ROAD EMERALD 3782",
    "locID": "LOC000076864963",
    "tech": "FTTN",
    "upgrade": "NULL_NA",
    "gnaf_pid": "GAVIC420816531",
    "tech_change_status": "Not Planned"
   }
  },
  {
   "type": "Feature",
   "geometry": {
    "type": "Point",
    "coordinates": [
     145.435129,
     -37.934359
    ]
   },
   "properties": {
    "name": "6 BAYVIEW ROAD EMERALD 3782",
    "locID": "LOC000072056593",
    "tech": "FTTN",
    "upgrade": "FTTP_NA",
    "gnaf_pid": "GAVIC420816632",
    "tech_change_status": "Committed",
    "program_type": "On-Demand N2P SDU/MDU Simple",
    "target_eligibility_quarter": "Jun 2025"
   }
  },
  {
   "type": "Feature",
   "geometry": {
    "type": "Point",
    "coordinates": [
     145.43515926,
     -37.93541757
    ]
   },
   "properties": {
    "name": "16 BAYVIEW ROAD EMERALD 3782",
    "locID": "LOC000004366720",
    "tech": "FTTN",
    "upgrade": "FTTP_NA",
    "gnaf_pid": "GAVIC420816633",
    "tech_change_status": "Committed",
    "program_type": "On-Demand N2P SDU/MDU Simple",
    "target_eligibility_quarter": "Jun 2025"
   }
  },
  {
   "type": "Feature",
   "geometry": {
    "type": "Point",
    "coordinates": [
     145.43047942,
     -37.9342374
    ]
   },
   "properties": {
    "name": "19 CLEMATIS PARK ROAD EMERALD 3782",
    "locID": "LOC000042439961",
    "tech": "FTTN",
    "upgrade": "NULL_NA",
    "gnaf_pid": "GAVIC420816678",
    "tech_change_status": "Not Planned"
   }
  },
  {
   "type": "Feature",
   "geometry": {
    "type": "Point",
    "coordinates": [
     145.44545046,
     -37.92100269
    ]
   },
   "properties": {
    "name": "34 FLORENCE AVENUE EMERALD 3782",
    "locID": "LOC000001924273",
    "tech": "FTTN",
    "upgrade": "NULL_NA",
    "gnaf_pid": "GAVIC420816728",
    "tech_change_status": "Not Planned"
   }
  },
  {
   "type": "Feature",
   "geometry": {
    "type": "Point",
    "coordinates": [
     145.446914,
     -37.920448
    ]
   },
   "properties": {
    "name": "40 FLORENCE AVENUE EMERALD 3782",
    "locID": "LOC000101240132",
    "tech": "FTTN",
    "upgrade": "NULL_NA",
    "gnaf_pid": "GAVIC420816729",
    "tech_change_status": "Not Planned"
   }
  },
  {
   "type": "Feature",
   "geometry": {
    "type": "Point",
    "coordinates": [
     145.44681622,
     -37.92101279
    ]
   },
   "properties": {
    "name": "44 FLORENCE AVENUE EMERALD 3782",
    "locID": "LOC000103500107",
    "tech": "FTTN",
    "upgrade": "NULL_NA",
    "gnaf_pid": "GAVIC420816730",
    "tech_change_status": "Not Planned"
   }
  },
  {
   "type": "Feature",
   "geometry": {
    "type": "Point",
    "coordinates": [
     145.442598,
     -37.924951
    ]
   },
   "properties": {
    "name": "23 EMERALD-MONBULK ROAD EMERALD 3782",
    "locID": "LOC000027675593",
    "tech": "FTTN",
    "upgrade": "FTTP_NA",
    "gnaf_pid": "GAVIC420816826",
    "tech_change_status": "Committed",
    "program_type": "On-Demand N2P SDU/MDU Simple",
    "target_eligibility_quarter": "Jun 2025"
   }
  },
  {
   "type": "Feature",
   "geometry": {
    "type": "Point",
    "coordinates": [
     145.442995,
     -37.92501
    ]
   },
   "properties": {
    "name": "26 EMERALD-MONBULK ROAD EMERALD 3782",
    "locID": "LOC000089026019",
    "tech": "FTTN",
    "upgrade": "FTTP_NA",
    "gnaf_pid": "GAVIC420816827",
    "tech_change_status": "Committed",
    "program_type": "On-Demand N2P SDU/MDU Simple",
    "target_eligibility_quarter": "Jun 2025"
   }
  },
  {
   "type": "Feature",
   "geometry": {
    "type": "Point",
    "coordinates": [
     145.44316205,
     -37.92478382
    ]
   },
   "properties": {
    "name": "28 EMERALD-MONBULK ROAD EMERALD 3782",
    "locID": "LOC000097217688",
    "tech": "FTTN",
    "upgrade": "FTTP_NA",
    "gnaf_pid": "GAVIC420816828",
    "tech_change_status": "Committed",
    "program_type": "On-Demand N2P SDU/MDU Simple",
    "target_eligibility_quarter": "Jun 2025"
   }
  },
  {
   "type": "Feature",
   "geometry": {
    "type": "Point",
    "coordinates": [
     145.44582217,
     -37.92224701
    ]
   },
   "properties": {
    "name": "38 EMERALD-MONBULK ROAD EMERALD 3782",
    "locID": "LOC000066162916",
    "tech": "FTTN",
    "upgrade": "NULL_NA",
    "gnaf_pid": "GAVIC420816829",
    "tech_change_status": "Not Planned"
   }
  },
  {
   "type": "Feature",
   "geometry": {
    "type": "Point",
    "coordinates": [
     145.449122,
     -37.919332
    ]
   },
   "properties": {
    "name": "54 EMERALD-MONBULK ROAD EMERALD 3782",
    "locID": "LOC000114297639",
    "tech": "FTTN",
    "upgrade": "NULL_NA",
    "gnaf_pid": "GAVIC420816831",
    "tech_change_status": "Not Planned"
   }
  },
  {
   "type": "Feature",
   "geometry": {
    "type": "Point",
    "coordinates": [
     145.44954282,
     -37.91613818
    ]
   },
   "properties": {
    "name": "74 EMERALD-MONBULK ROAD EMERALD 3782",
    "locID": "LOC000100587343",
    "tech": "FTTN",
    "upgrade": "NULL_NA",
    "gnaf_pid": "GAVIC420816832",
    "tech_change_status": "Not Planned"
   }
  },
  {
   "type": "Feature",
   "geometry": {
    "type": "Point",
    "coordinates": [
     145.432285,
     -37.925742
    ]
   },
   "properties": {
    "name": "36 PINNOCKS ROAD EMERALD 3782",
    "locID": "LOC000082624189",
    "tech": "FTTN",
    "upgrade": "FTTP_NA",
    "gnaf_pid": "GAVIC420816865",
    "tech_change_status": "Committed",
    "program_type": "On-Demand N2P SDU/MDU Simple",
    "target_eligibility_quarter": "Dec 2025"
   }
  },
  {
   "type": "Feature",
   "geometry": {
    "type": "Point",
    "coordinates": [
     145.45281685,
     -37.91708043
    ]
   },
   "properties": {
    "name": "8 POPLAR CRESCENT EMERALD 3782",
    "locID": "LOC000087143523",
    "tech": "FTTN",
    "upgrade": "NULL_NA",
    "gnaf_pid": "GAVIC420816868",
    "tech_change_status": "Not Planned"
   }
  },
  {
   "type": "Feature",
   "geometry": {
    "type": "Point",
    "coordinates": [
     145.45446641,
     -37.91468633
    ]
   },
   "properties": {
    "name": "21 POPLAR CRESCENT EMERALD 3782",
    "locID": "LOC000007841832",
    "tech": "FTTN",
    "upgrade": "NULL_NA",
    "gnaf_pid": "GAVIC420816869",
    "tech_change_status": "Not Planned"
   }
  },
  {
   "type": "Feature",
   "geometry": {
    "type": "Point",
    "coordinates": [
     145.440445,
     -37.929933
    ]
   },
   "properties": {
    "name": "19 FERRES ROAD EMERALD 3782",
    "locID": "LOC000008050913",
    "tech": "FTTN",
    "upgrade": "FTTP_NA",
    "gnaf_pid": "GAVIC420819568",
    "tech_change_status": "Committed",
    "program_type": "On-Demand N2P SDU/MDU Simple",
    "target_eligibility_quarter": "Jun 2025"
   }
  },
  {
   "type": "Feature",
   "geometry": {
    "type": "Point",
    "coordinates": [
     145.440827,
     -37.928568
    ]
   },
   "properties": {
    "name": "26-28 FERRES ROAD EMERALD 3782",
    "locID": "LOC000125534782",
    "tech": "FTTN",
    "upgrade": "FTTP_NA",
    "gnaf_pid": "GAVIC420819569",
    "tech_change_status": "Committed",
    "program_type": "On-Demand N2P SDU/MDU Simple",
    "target_eligibility_quarter": "Jun 2025"
   }
  },
  {
   "type": "Feature",
   "geometry": {
    "type": "Point",
    "coordinates": [
     145.440742,
     -37.927179
    ]
   },
   "properties": {
    "name": "40 FERRES ROAD EMERALD 3782",
    "locID": "LOC000066119106",
    "tech": "FTTN",
    "upgrade": "FTTP_NA",
    "gnaf_pid": "GAVIC420819571",
    "tech_change_status": "Committed",
    "program_type": "On-Demand N2P SDU/MDU Simple",
    "target_eligibility_quarter": "Jun 2025"
   }
  },
  {
   "type": "Feature",
   "geometry": {
    "type": "Point",
    "coordinates": [
     145.44020853,
     -37.92398122
    ]
   },
   "properties": {
    "name": "59 FERRES ROAD EMERALD 3782",
    "locID": "LOC000037016586",
    "tech": "FTTN",
    "upgrade": "NULL_NA",
    "gnaf_pid": "GAVIC420819572",
    "tech_change_status": "Not Planned"
   }
  },
  {
   "type": "Feature",
   "geometry": {
    "type": "Point",
    "coordinates": [
     145.44134742,
     -37.922067
    ]
   },
   "properties": {
    "name": "74 FERRES ROAD EMERALD 3782",
    "locID": "LOC000080536165",
    "tech": "FTTN",
    "upgrade": "NULL_NA",
    "gnaf_pid": "GAVIC420819573",
    "tech_change_status": "Not Planned"
   }
  },
  {
   "type": "Feature",
   "geometry": {
    "type": "Point",
    "coordinates": [
     145.447391,
     -37.918859
    ]
   },
   "properties": {
    "name": "7 FLORENCE AVENUE EMERALD 3782",
    "locID": "LOC000053096566",
    "tech": "FTTN",
    "upgrade": "NULL_NA",
    "gnaf_pid": "GAVIC420819575",
    "tech_change_status": "Not Planned"
   }
  },
  {
   "type": "Feature",
   "geometry": {
    "type": "Point",
    "coordinates": [
     145.43497621,
     -37.94087099
    ]
   },
   "properties": {
    "name": "23 STEEL ROAD EMERALD 3782",
    "locID": "LOC000042515851",
    "tech": "FTTN",
    "upgrade": "NULL_NA",
    "gnaf_pid": "GAVIC420819648",
    "tech_change_status": "Not Planned"
   }
  },
  {
   "type": "Feature",
   "geometry": {
    "type": "Point",
    "coordinates": [
     145.43452127,
     -37.94087409
    ]
   },
   "properties": {
    "name": "25 STEEL ROAD EMERALD 3782",
    "locID": "LOC000019536480",
    "tech": "FTTN",
    "upgrade": "NULL_NA",
    "gnaf_pid": "GAVIC420819649",
    "tech_change_status": "Not Planned"
   }
  },
  {
   "type": "Feature",
   "geometry": {
    "type": "Point",
    "coordinates": [
     145.43360072,
     -37.94089832
    ]
   },
   "properties": {
    "name": "29 STEEL ROAD EMERALD 3782",
    "locID": "LOC000080446241",
    "tech": "FTTN",
    "upgrade": "NULL_NA",
    "gnaf_pid": "GAVIC420819650",
    "tech_change_status": "Not Planned"
   }
  },
  {
   "type": "Feature",
   "geometry": {
    "type": "Point",
    "coordinates": [
     145.44599953,
     -37.94555571
    ]
   },
   "properties": {
    "name": "7 TORLEY ROAD EMERALD 3782",
    "locID": "LOC000101901124",
    "tech": "FTTN",
    "upgrade": "NULL_NA",
    "gnaf_pid": "GAVIC420819654",
    "tech_change_status": "Not Planned"
   }
  },
  {
   "type": "Feature",
   "geometry": {
    "type": "Point",
    "coordinates": [
     145.44372255,
     -37.94560124
    ]
   },
   "properties": {
    "name": "15 TORLEY ROAD EMERALD 3782",
    "locID": "LOC000015659323",
    "tech": "FTTN",
    "upgrade": "NULL_NA",
    "gnaf_pid": "GAVIC420819655",
    "tech_change_status": "Not Planned"
   }
  },
  {
   "type": "Feature",
   "geometry": {
    "type": "Point",
    "coordinates": [
     145.43233946,
     -37.93928653
    ]
   },
   "properties": {
    "name": "42 STEEL ROAD EMERALD 3782",
    "locID": "LOC000105937902",
    "tech": "FTTN",
    "upgrade": "NULL_NA",
    "gnaf_pid": "GAVIC420819716",
    "tech_change_status": "Not Planned"
   }
  },
  {
   "type": "Feature",
   "geometry": {
    "type": "Point",
    "coordinates": [
     145.43997794,
     -37.93633988
    ]
   },
   "properties": {
    "name": "24 KILVINGTON DRIVE EMERALD 3782",
    "locID": "LOC000044899503",
    "tech": "FTTN",
    "upgrade": "NULL_NA",
    "gnaf_pid": "GAVIC420819722",
    "tech_change_status": "Not Planned"
   }
  },
  {
   "type": "Feature",
   "geometry": {
    "type": "Point",
    "coordinates": [
     145.434609,
     -37.936335
    ]
   },
   "properties": {
    "name": "10 BOUNDARY ROAD WEST EMERALD 3782",
    "locID": "LOC000011903500",
    "tech": "FTTN",
    "upgrade": "FTTP_NA",
    "gnaf_pid": "GAVIC420819723",
    "tech_change_status": "Committed",
    "program_type": "On-Demand N2P SDU/MDU Simple",
    "target_eligibility_quarter": "Jun 2025"
   }
  },
  {
   "type": "Feature",
   "geometry": {
    "type": "Point",
    "coordinates": [
     145.435656,
     -37.93634
    ]
   },
   "properties": {
    "name": "18 BOUNDARY ROAD WEST EMERALD 3782",
    "locID": "LOC000047497039",
    "tech": "FTTN",
    "upgrade": "FTTP_NA",
    "gnaf_pid": "GAVIC420819724",
    "tech_change_status": "Committed",
    "program_type": "On-Demand N2P SDU/MDU Simple",
    "target_eligibility_quarter": "Jun 2025"
   }
  },
  {
   "type": "Feature",
   "geometry": {
    "type": "Point",
    "coordinates": [
     145.46462376,
     -37.92089341
    ]
   },
   "properties": {
    "name": "11 ALFRED GROVE EMERALD 3782",
    "locID": "LOC000055375343",
    "tech": "FTTN",
    "upgrade": "FTTP",
    "gnaf_pid": "GAVIC420820362",
    "tech_change_status": "New Tech Connected"
   }
  },
  {
   "type": "Feature",
   "geometry": {
    "type": "Point",
    "coordinates": [
     145.46460332,
     -37.92025002
    ]
   },
   "properties": {
    "name": "17 ALFRED GROVE EMERALD 3782",
    "locID": "LOC000105840385",
    "tech": "FTTP",
    "upgrade": "NULL_NA",
    "gnaf_pid": "GAVIC420820363"
   }
  },
  {
   "type": "Feature",
   "geometry": {
    "type": "Point",
    "coordinates": [
     145.44345,
     -37.897502
    ]
   },
   "properties": {
    "name": "1 HOLMAN ROAD EMERALD 3782",
    "locID": "LOC000007801683",
    "tech": "FTTN",
    "upgrade": "NULL_NA",
    "gnaf_pid": "GAVIC420820373",
    "tech_change_status": "Not Planned"
   }
  },
  {
   "type": "Feature",
   "geometry": {
    "type": "Point",
    "coordinates": [
     145.443745,
     -37.897533
    ]
   },
   "properties": {
    "name": "3 HOLMAN ROAD EMERALD 3782",
    "locID": "LOC000027676537",
    "tech": "FTTN",
    "upgrade": "NULL_NA",
    "gnaf_pid": "GAVIC420820374",
    "tech_change_status": "Not Planned"
   }
  },
  {
   "type": "Feature",
   "geometry": {
    "type": "Point",
    "coordinates": [
     145.43575692,
     -37.92833049
    ]
   },
   "properties": {
    "name": "16 PINNOCKS ROAD EMERALD 3782",
    "locID": "LOC000070383538",
    "tech": "FTTN",
    "upgrade": "FTTP_NA",
    "gnaf_pid": "GAVIC420821444",
    "tech_change_status": "Committed",
    "program_type": "On-Demand N2P SDU/MDU Simple",
    "target_eligibility_quarter": "Jun 2025"
   }
  },
  {
   "type": "Feature",
   "geometry": {
    "type": "Point",
    "coordinates": [
     145.440428,
     -37.930749
    ]
   },
   "properties": {
    "name": "2 BERRYS ROAD EMERALD 3782",
    "locID": "LOC000080870001",
    "tech": "FTTN",
    "upgrade": "FTTP_NA",
    "gnaf_pid": "GAVIC420821446",
    "tech_change_status": "Committed",
    "program_type": "On-Demand N2P SDU/MDU Simple",
    "target_eligibility_quarter": "Jun 2025"
   }
  },
  {
   "type": "Feature",
   "geometry": {
    "type": "Point",
    "coordinates": [
     145.440487,
     -37.933119
    ]
   },
   "properties": {
    "name": "12 KILVINGTON DRIVE EMERALD 3782",
    "locID": "LOC000071607752",
    "tech": "FTTN",
    "upgrade": "FTTP_NA",
    "gnaf_pid": "GAVIC420821448",
    "tech_change_status": "Committed",
    "program_type": "On-Demand N2P SDU/MDU Simple",
    "target_eligibility_quarter": "Jun 2025"
   }
  },
  {
   "type": "Feature",
   "geometry": {
    "type": "Point",
    "coordinates": [
     145.44227202,
     -37.91348829
    ]
   },
   "properties": {
    "name": "6 MEADOWVIEW LANE EMERALD 3782",
    "locID": "LOC000045199509",
    "tech": "FTTN",
    "upgrade": "NULL_NA",
    "gnaf_pid": "GAVIC420822044",
    "tech_change_status": "Not Planned"
   }
  },
  {
   "type": "Feature",
   "geometry": {
    "type": "Point",
    "coordinates": [
     145.46767323,
     -37.94972379
    ]
   },
   "properties": {
    "name": "23 LADD ROAD EMERALD 3782",
    "locID": "LOC000001924176",
    "tech": "FTTN",
    "upgrade": "FTTP_NA",
    "gnaf_pid": "GAVIC420826641",
    "tech_change_status": "Committed",
    "program_type": "On-Demand N2P SDU/MDU Simple",
    "target_eligibility_quarter": "Dec 2025"
   }
  },
  {
   "type": "Feature",
   "geometry": {
    "type": "Point",
    "coordinates": [
     145.42601653,
     -37.92607026
    ]
   },
   "properties": {
    "name": "5 NAYLORS ROAD EMERALD 3782",
    "locID": "LOC000038638043",
    "tech": "FTTN",
    "upgrade": "NULL_NA",
    "gnaf_pid": "GAVIC420828291",
    "tech_change_status": "Not Planned"
   }
  },
  {
   "type": "Feature",
   "geometry": {
    "type": "Point",
    "coordinates": [
     145.44094589,
     -37.92054995
    ]
   },
   "properties": {
    "name": "5 SYDNEY AVENUE EMERALD 3782",
    "locID": "LOC000046816704",
    "tech": "FTTN",
    "upgrade": "NULL_NA",
    "gnaf_pid": "GAVIC420828293",
    "tech_change_status": "Not Planned"
   }
  },
  {
   "type": "Feature",
   "geometry": {
    "type": "Point",
    "coordinates": [
     145.44301863,
     -37.92578423
    ]
   },
   "properties": {
    "name": "20 EMERALD-MONBULK ROAD EMERALD 3782",
    "locID": "LOC000001962957",
    "tech": "FTTN",
    "upgrade": "FTTP_NA",
    "gnaf_pid": "GAVIC420828297",
    "tech_change_status": "Committed",
    "program_type": "On-Demand N2P SDU/MDU Simple",
    "target_eligibility_quarter": "Jun 2025"
   }
  },
  {
   "type": "Feature",
   "geometry": {
    "type": "Point",
    "coordinates": [
     145.43576395,
     -37.92857356
    ]
   },
   "properties": {
    "name": "14 PINNOCKS ROAD EMERALD 3782",
    "locID": "LOC000084665710",
    "tech": "FTTN",
    "upgrade": "FTTP_NA",
    "gnaf_pid": "GAVIC420828298",
    "tech_change_status": "Committed",
    "program_type": "On-Demand N2P SDU/MDU Simple",
    "target_eligibility_quarter": "Dec 2025"
   }
  },
  {
   "type": "Feature",
   "geometry": {
    "type": "Point",
    "coordinates": [
     145.44069003,
     -37.93710487
    ]
   },
   "properties": {
    "name": "31 KILVINGTON DRIVE EMERALD 3782",
    "locID": "LOC000006199957",
    "tech": "FTTN",
    "upgrade": "NULL_NA",
    "gnaf_pid": "GAVIC420831028",
    "tech_change_status": "Not Planned"
   }
  },
  {
   "type": "Feature",
   "geometry": {
    "type": "Point",
    "coordinates": [
     145.46865886,
     -37.93560344
    ]
   },
   "properties": {
    "name": "35 MAJESTIC DRIVE EMERALD 3782",
    "locID": "LOC000094806310",
    "tech": "FTTN",
    "upgrade": "NULL_NA",
    "gnaf_pid": "GAVIC420836296",
    "tech_change_status": "Not Planned"
   }
  },
  {
   "type": "Feature",
   "geometry": {
    "type": "Point",
    "coordinates": [
     145.4510336,
     -37.93612961
    ]
   },
   "properties": {
    "name": "51 BEACONSFIELD-EMERALD ROAD EMERALD 3782",
    "locID": "LOC000010960925",
    "tech": "FTTN",
    "upgrade": "FTTP_NA",
    "gnaf_pid": "GAVIC420836300",
    "tech_change_status": "In Design",
    "program_type": "On-Demand N2P SDU/MDU Simple",
    "target_eligibility_quarter": "Dec 2025"
   }
  },
  {
   "type": "Feature",
   "geometry": {
    "type": "Point",
    "coordinates": [
     145.436144,
     -37.940514
    ]
   },
   "properties": {
    "name": "18 STEEL ROAD EMERALD 3782",
    "locID": "LOC000090931227",
    "tech": "FTTN",
    "upgrade": "NULL_NA",
    "gnaf_pid": "GAVIC420858565",
    "tech_change_status": "Not Planned"
   }
  },
  {
   "type": "Feature",
   "geometry": {
    "type": "Point",
    "coordinates": [
     145.459919,
     -37.944973
    ]
   },
   "properties": {
    "name": "3 SUMMIT AVENUE EMERALD 3782",
    "locID": "LOC000050283057",
    "tech": "FTTN",
    "upgrade": "FTTP_SA",
    "gnaf_pid": "GAVIC420894423",
    "tech_change_status": "Eligible to Order",
    "program_type": "On-Demand N2P SDU/MDU Simple",
    "target_eligibility_quarter": "NA"
   }
  },
  {
   "type": "Feature",
   "geometry": {
    "type": "Point",
    "coordinates": [
     145.441364,
     -37.93229
    ]
   },
   "properties": {
    "name": "354 BELGRAVE-GEMBROOK ROAD EMERALD 3782",
    "locID": "LOC000028489091",
    "tech": "FTTN",
    "upgrade": "FTTP_NA",
    "gnaf_pid": "GAVIC420909847",
    "tech_change_status": "Committed",
    "program_type": "Customer-initiated N2P MDU Complex",
    "target_eligibility_quarter": "Jun 2025"
   }
  },
  {
   "type": "Feature",
   "geometry": {
    "type": "Point",
    "coordinates": [
     145.44312173,
     -37.91938457
    ]
   },
   "properties": {
    "name": "1 BROOKDALE AVENUE EMERALD 3782",
    "locID": "LOC000010230649",
    "tech": "FTTN",
    "upgrade": "NULL_NA",
    "gnaf_pid": "GAVIC420918774",
    "tech_change_status": "Not Planned"
   }
  },
  {
   "type": "Feature",
   "geometry": {
    "type": "Point",
    "coordinates": [
     145.44417241,
     -37.91947654
    ]
   },
   "properties": {
    "name": "27 CHARMAN AVENUE EMERALD 3782",
    "locID": "LOC000038963428",
    "tech": "FTTN",
    "upgrade": "NULL_NA",
    "gnaf_pid": "GAVIC420918780",
    "tech_change_status": "Not Planned"
   }
  },
  {
   "type": "Feature",
   "geometry": {
    "type": "Point",
    "coordinates": [
     145.44703395,
     -37.9149748
    ]
   },
   "properties": {
    "name": "90 EMERALD-MONBULK ROAD EMERALD 3782",
    "locID": "LOC000053052108",
    "tech": "FTTN",
    "upgrade": "NULL_NA",
    "gnaf_pid": "GAVIC420918782",
    "tech_change_status": "Not Planned"
   }
  },
  {
   "type": "Feature",
   "geometry": {
    "type": "Point",
    "coordinates": [
     145.44390697,
     -37.91965371
    ]
   },
   "properties": {
    "name": "29 CHARMAN AVENUE EMERALD 3782",
    "locID": "LOC000056777392",
    "tech": "FTTN",
    "upgrade": "NULL_NA",
    "gnaf_pid": "GAVIC420918784",
    "tech_change_status": "Not Planned"
   }
  },
  {
   "type": "Feature",
   "geometry": {
    "type": "Point",
    "coordinates": [
     145.44584681,
     -37.92745538
    ]
   },
   "properties": {
    "name": "389 BELGRAVE-GEMBROOK ROAD EMERALD 3782",
    "locID": "LOC000068095577",
    "tech": "FTTN",
    "upgrade": "FTTP_NA",
    "gnaf_pid": "GAVIC420920179",
    "tech_change_status": "Committed",
    "program_type": "On-Demand N2P SDU/MDU Simple",
    "target_eligibility_quarter": "Jun 2025"
   }
  },
  {
   "type": "Feature",
   "geometry": {
    "type": "Point",
    "coordinates": [
     145.446517,
     -37.941176
    ]
   },
   "properties": {
    "name": "5A OLD BEACONSFIELD ROAD EMERALD 3782",
    "locID": "LOC000051687637",
    "tech": "FTTN",
    "upgrade": "NULL_NA",
    "gnaf_pid": "GAVIC420920386",
    "tech_change_status": "Not Planned"
   }
  },
  {
   "type": "Feature",
   "geometry": {
    "type": "Point",
    "coordinates": [
     145.42331749,
     -37.92900167
    ]
   },
   "properties": {
    "name": "249 BELGRAVE-GEMBROOK ROAD EMERALD 3782",
    "locID": "LOC000085174938",
    "tech": "FTTN",
    "upgrade": "NULL_NA",
    "gnaf_pid": "GAVIC420926814",
    "tech_change_status": "Not Planned"
   }
  },
  {
   "type": "Feature",
   "geometry": {
    "type": "Point",
    "coordinates": [
     145.4430486,
     -37.932212
    ]
   },
   "properties": {
    "name": "7-9 KINGS ROAD EMERALD 3782",
    "locID": "LOC000102324786",
    "tech": "FTTN",
    "upgrade": "FTTP_NA",
    "gnaf_pid": "GAVIC420928419",
    "tech_change_status": "Committed",
    "program_type": "On-Demand N2P SDU/MDU Simple",
    "target_eligibility_quarter": "Jun 2025"
   }
  },
  {
   "type": "Feature",
   "geometry": {
    "type": "Point",
    "coordinates": [
     145.45253177,
     -37.93719624
    ]
   },
   "properties": {
    "name": "40 BEACONSFIELD-EMERALD ROAD EMERALD 3782",
    "locID": "LOC000082318162",
    "tech": "FTTN",
    "upgrade": "FTTP_NA",
    "gnaf_pid": "GAVIC420929916",
    "tech_change_status": "In Design",
    "program_type": "On-Demand N2P SDU/MDU Simple",
    "target_eligibility_quarter": "Dec 2025"
   }
  },
  {
   "type": "Feature",
   "geometry": {
    "type": "Point",
    "coordinates": [
     145.43919499,
     -37.93953918
    ]
   },
   "properties": {
    "name": "46 KILVINGTON DRIVE EMERALD 3782",
    "locID": "LOC000096023217",
    "tech": "FTTN",
    "upgrade": "NULL_NA",
    "gnaf_pid": "GAVIC420929917",
    "tech_change_status": "Not Planned"
   }
  },
  {
   "type": "Feature",
   "geometry": {
    "type": "Point",
    "coordinates": [
     145.43626215,
     -37.93352789
    ]
   },
   "properties": {
    "name": "11 WESTLANDS ROAD EMERALD 3782",
    "locID": "LOC000060412036",
    "tech": "FTTN",
    "upgrade": "FTTP_NA",
    "gnaf_pid": "GAVIC420932440",
    "tech_change_status": "Committed",
    "program_type": "Customer-initiated N2P MDU Complex",
    "target_eligibility_quarter": "Jun 2025"
   }
  },
  {
   "type": "Feature",
   "geometry": {
    "type": "Point",
    "coordinates": [
     145.43596557,
     -37.9336323
    ]
   },
   "properties": {
    "name": "UNIT 5, 11 WESTLANDS ROAD EMERALD 3782",
    "locID": "LOC000060271602",
    "tech": "FTTN",
    "upgrade": "FTTP_NA",
    "gnaf_pid": "GAVIC420932441",
    "tech_change_status": "Committed",
    "program_type": "Customer-initiated N2P MDU Complex",
    "target_eligibility_quarter": "Jun 2025"
   }
  },
  {
   "type": "Feature",
   "geometry": {
    "type": "Point",
    "coordinates": [
     145.44266598,
     -37.92470216
    ]
   },
   "properties": {
    "name": "UNIT 11, 25 EMERALD-MONBULK ROAD EMERALD 3782",
    "locID": "LOC000082951539",
    "tech": "FTTN",
    "upgrade": "FTTP_NA",
    "gnaf_pid": "GAVIC420933955",
    "tech_change_status": "Committed",
    "program_type": "Customer-initiated N2P MDU Complex",
    "target_eligibility_quarter": "Jun 2025"
   }
  },
  {
   "type": "Feature",
   "geometry": {
    "type": "Point",
    "coordinates": [
     145.43974358,
     -37.93477836
    ]
   },
   "properties": {
    "name": "2 BENSON STREET EMERALD 3782",
    "locID": "LOC000088751116",
    "tech": "FTTN",
    "upgrade": "NULL_NA",
    "gnaf_pid": "GAVIC420935203",
    "tech_change_status": "Not Planned"
   }
  },
  {
   "type": "Feature",
   "geometry": {
    "type": "Point",
    "coordinates": [
     145.44906131,
     -37.94152345
    ]
   },
   "properties": {
    "name": "4 DEWHURST ROAD EMERALD 3782",
    "locID": "LOC000104645816",
    "tech": "NULL",
    "upgrade": "NULL_NA",
    "gnaf_pid": "GAVIC420936417",
    "tech_change_status": "Not Planned"
   }
  },
  {
   "type": "Feature",
   "geometry": {
    "type": "Point",
    "coordinates": [
     145.44186795,
     -37.93308431
    ]
   },
   "properties": {
    "name": "1 HEROES AVENUE EMERALD 3782",
    "locID": "LOC000180894314",
    "tech": "FTTN",
    "upgrade": "FTTP_NA",
    "gnaf_pid": "GAVIC420936447",
    "tech_change_status": "Committed",
    "program_type": "Customer-initiated N2P MDU Complex",
    "target_eligibility_quarter": "Jun 2025"
   }
  },
  {
   "type": "Feature",
   "geometry": {
    "type": "Point",
    "coordinates": [
     145.459758,
     -37.946067
    ]
   },
   "properties": {
    "name": "5 SEAVIEW STREET EMERALD 3782",
    "locID": "LOC000026816417",
    "tech": "FTTN",
    "upgrade": "FTTP",
    "gnaf_pid": "GAVIC420937497",
    "tech_change_status": "Eligible to Order",
    "program_type": "On-Demand N2P SDU/MDU Simple",
    "target_eligibility_quarter": "NA"
   }
  },
  {
   "type": "Feature",
   "geometry": {
    "type": "Point",
    "coordinates": [
     145.45045825,
     -37.93509156
    ]
   },
   "properties": {
    "name": "32 BEACONSFIELD-EMERALD ROAD EMERALD 3782",
    "locID": "LOC000003912432",
    "tech": "FTTN",
    "upgrade": "FTTP_NA",
    "gnaf_pid": "GAVIC420938735",
    "tech_change_status": "In Design",
    "program_type": "On-Demand N2P SDU/MDU Simple",
    "target_eligibility_quarter": "Dec 2025"
   }
  },
  {
   "type": "Feature",
   "geometry": {
    "type": "Point",
    "coordinates": [
     145.4504882,
     -37.93535481
    ]
   },
   "properties": {
    "name": "34 BEACONSFIELD-EMERALD ROAD EMERALD 3782",
    "locID": "LOC000079850152",
    "tech": "FTTN",
    "upgrade": "FTTP_NA",
    "gnaf_pid": "GAVIC420938736",
    "tech_change_status": "In Design",
    "program_type": "On-Demand N2P SDU/MDU Simple",
    "target_eligibility_quarter": "Dec 2025"
   }
  },
  {
   "type": "Feature",
   "geometry": {
    "type": "Point",
    "coordinates": [
     145.440489,
     -37.932454
    ]
   },
   "properties": {
    "name": "SHOP 4, 344 BELGRAVE-GEMBROOK ROAD EMERALD 3782",
    "locID": "LOC000065693402",
    "tech": "FTTN",
    "upgrade": "FTTP_NA",
    "gnaf_pid": "GAVIC420939562",
    "tech_change_status": "Committed",
    "program_type": "Customer-initiated N2P MDU Complex",
    "target_eligibility_quarter": "Jun 2025"
   }
  },
  {
   "type": "Feature",
   "geometry": {
    "type": "Point",
    "coordinates": [
     145.440495,
     -37.932668
    ]
   },
   "properties": {
    "name": "SHOP 8, 344 BELGRAVE-GEMBROOK ROAD EMERALD 3782",
    "locID": "LOC000065696872",
    "tech": "FTTN",
    "upgrade": "FTTP_NA",
    "gnaf_pid": "GAVIC420939563",
    "tech_change_status": "Committed",
    "program_type": "Customer-initiated N2P MDU Complex",
    "target_eligibility_quarter": "Jun 2025"
   }
  },
  {
   "type": "Feature",
   "geometry": {
    "type": "Point",
    "coordinates": [
     145.440219,
     -37.932687
    ]
   },
   "properties": {
    "name": "SHOP 13, 344 BELGRAVE-GEMBROOK ROAD EMERALD 3782",
    "locID": "LOC000065571724",
    "tech": "FTTN",
    "upgrade": "FTTP_NA",
    "gnaf_pid": "GAVIC420939564",
    "tech_change_status": "Committed",
    "program_type": "Customer-initiated N2P MDU Complex",
    "target_eligibility_quarter": "Jun 2025"
   }
  },
  {
   "type": "Feature",
   "geometry": {
    "type": "Point",
    "coordinates": [
     145.432235,
     -37.933978
    ]
   },
   "properties": {
    "name": "8 WOODLANDS AVENUE EMERALD 3782",
    "locID": "LOC000004418569",
    "tech": "FTTN",
    "upgrade": "FTTP_NA",
    "gnaf_pid": "GAVIC420942762",
    "tech_change_status": "Committed",
    "program_type": "On-Demand N2P SDU/MDU Simple",
    "target_eligibility_quarter": "Jun 2025"
   }
  },
  {
   "type": "Feature",
   "geometry": {
    "type": "Point",
    "coordinates": [
     145.4363038,
     -37.93415438
    ]
   },
   "properties": {
    "name": "UNIT 13, 11 WESTLANDS ROAD EMERALD 3782",
    "locID": "LOC000060570853",
    "tech": "FTTN",
    "upgrade": "FTTP_NA",
    "gnaf_pid": "GAVIC420943360",
    "tech_change_status": "Committed",
    "program_type": "Customer-initiated N2P MDU Complex",
    "target_eligibility_quarter": "Jun 2025"
   }
  },
  {
   "type": "Feature",
   "geometry": {
    "type": "Point",
    "coordinates": [
     145.440956,
     -37.933081
    ]
   },
   "properties": {
    "name": "SHOP 7, 5-7 KILVINGTON DRIVE EMERALD 3782",
    "locID": "LOC000019574540",
    "tech": "FTTN",
    "upgrade": "FTTP_NA",
    "gnaf_pid": "GAVIC420960746",
    "tech_change_status": "Committed",
    "program_type": "Customer-initiated N2P MDU Complex",
    "target_eligibility_quarter": "Jun 2025"
   }
  },
  {
   "type": "Feature",
   "geometry": {
    "type": "Point",
    "coordinates": [
     145.46755836,
     -37.92216378
    ]
   },
   "properties": {
    "name": "438 BELGRAVE-GEMBROOK ROAD EMERALD 3782",
    "locID": "LOC000006982597",
    "tech": "FTTN",
    "upgrade": "NULL_NA",
    "gnaf_pid": "GAVIC420978931",
    "tech_change_status": "Not Planned"
   }
  },
  {
   "type": "Feature",
   "geometry": {
    "type": "Point",
    "coordinates": [
     145.44227039,
     -37.91393364
    ]
   },
   "properties": {
    "name": "11 MEADOWVIEW LANE EMERALD 3782",
    "locID": "LOC000086623258",
    "tech": "FTTN",
    "upgrade": "NULL_NA",
    "gnaf_pid": "GAVIC420999877",
    "tech_change_status": "Not Planned"
   }
  },
  {
   "type": "Feature",
   "geometry": {
    "type": "Point",
    "coordinates": [
     145.44223091,
     -37.91429953
    ]
   },
   "properties": {
    "name": "17 MEADOWVIEW LANE EMERALD 3782",
    "locID": "LOC000053006641",
    "tech": "FTTN",
    "upgrade": "NULL_NA",
    "gnaf_pid": "GAVIC421009872",
    "tech_change_status": "Not Planned"
   }
  },
  {
   "type": "Feature",
   "geometry": {
    "type": "Point",
    "coordinates": [
     145.45387666,
     -37.93956678
    ]
   },
   "properties": {
    "name": "42 BEACONSFIELD-EMERALD ROAD EMERALD 3782",
    "locID": "LOC000030191872",
    "tech": "FTTN",
    "upgrade": "NULL_NA",
    "gnaf_pid": "GAVIC421054390",
    "tech_change_status": "Not Planned"
   }
  },
  {
   "type": "Feature",
   "geometry": {
    "type": "Point",
    "coordinates": [
     145.44340061,
     -37.92448699
    ]
   },
   "properties": {
    "name": "2 DAVEY ROAD EMERALD 3782",
    "locID": "LOC000032011115",
    "tech": "FTTN",
    "upgrade": "FTTP_NA",
    "gnaf_pid": "GAVIC421061695",
    "tech_change_status": "Committed",
    "program_type": "On-Demand N2P SDU/MDU Simple",
    "target_eligibility_quarter": "Jun 2025"
   }
  },
  {
   "type": "Feature",
   "geometry": {
    "type": "Point",
    "coordinates": [
     145.48042744,
     -37.96467878
    ]
   },
   "properties": {
    "name": "75 MARKS LANE EMERALD 3782",
    "locID": "LOC000013872333",
    "tech": "SATELLITE",
    "upgrade": "NULL_NA",
    "gnaf_pid": "GAVIC421079975",
    "tech_change_status": "Not Planned"
   }
  },
  {
   "type": "Feature",
   "geometry": {
    "type": "Point",
    "coordinates": [
     145.48196161,
     -37.96544393
    ]
   },
   "properties": {
    "name": "94 MARKS LANE EMERALD 3782",
    "locID": "LOC000065586521",
    "tech": "WIRELESS",
    "upgrade": "NULL_NA",
    "gnaf_pid": "GAVIC421079976",
    "tech_change_status": "Not Planned",
    "program_type": "Fixed Wireless and Satellite Upgrade Program",
    "target_eligibility_quarter": "NA"
   }
  },
  {
   "type": "Feature",
   "geometry": {
    "type": "Point",
    "coordinates": [
     145.43920154,
     -37.94526928
    ]
   },
   "properties": {
    "name": "3 DIXON ROAD EMERALD 3782",
    "locID": "LOC000065631661",
    "tech": "FTTN",
    "upgrade": "NULL_NA",
    "gnaf_pid": "GAVIC421080064",
    "tech_change_status": "Not Planned"
   }
  },
  {
   "type": "Feature",
   "geometry": {
    "type": "Point",
    "coordinates": [
     145.462046,
     -37.944403
    ]
   },
   "properties": {
    "name": "66 BEACONSFIELD-EMERALD ROAD EMERALD 3782",
    "locID": "LOC000101532920",
    "tech": "FTTN",
    "upgrade": "FTTP_SA",
    "gnaf_pid": "GAVIC421080719",
    "tech_change_status": "Eligible to Order",
    "program_type": "On-Demand N2P SDU/MDU Simple",
    "target_eligibility_quarter": "NA"
   }
  },
  {
   "type": "Feature",
   "geometry": {
    "type": "Point",
    "coordinates": [
     145.46402523,
     -37.94641804
    ]
   },
   "properties": {
    "name": "80 BEACONSFIELD-EMERALD ROAD EMERALD 3782",
    "locID": "LOC000090477153",
    "tech": "FTTN",
    "upgrade": "FTTP",
    "gnaf_pid": "GAVIC421080722",
    "tech_change_status": "Eligible to Order",
    "program_type": "On-Demand N2P SDU/MDU Simple",
    "target_eligibility_quarter": "NA"
   }
  },
  {
   "type": "Feature",
   "geometry": {
    "type": "Point",
    "coordinates": [
     145.46708405,
     -37.95425276
    ]
   },
   "properties": {
    "name": "90 BEACONSFIELD-EMERALD ROAD EMERALD 3782",
    "locID": "LOC000092605504",
    "tech": "NULL",
    "upgrade": "NULL_NA",
    "gnaf_pid": "GAVIC421080723",
    "tech_change_status": "Not Planned"
   }
  },
  {
   "type": "Feature",
   "geometry": {
    "type": "Point",
    "coordinates": [
     145.47402449,
     -37.94422744
    ]
   },
   "properties": {
    "name": "23 PATERNOSTER ROAD EMERALD 3782",
    "locID": "LOC000019500578",
    "tech": "FTTN",
    "upgrade": "FTTP_SA",
    "gnaf_pid": "GAVIC421082690",
    "tech_change_status": "Eligible to Order",
    "program_type": "On-Demand N2P SDU/MDU Simple",
    "target_eligibility_quarter": "NA"
   }
  },
  {
   "type": "Feature",
   "geometry": {
    "type": "Point",
    "coordinates": [
     145.4417108,
     -37.94326314
    ]
   },
   "properties": {
    "name": "22 RAWHITI ROAD EMERALD 3782",
    "locID": "LOC000082159171",
    "tech": "FTTN",
    "upgrade": "NULL_NA",
    "gnaf_pid": "GAVIC421082693",
    "tech_change_status": "Not Planned"
   }
  },
  {
   "type": "Feature",
   "geometry": {
    "type": "Point",
    "coordinates": [
     145.44659063,
     -37.94571921
    ]
   },
   "properties": {
    "name": "5 TORLEY ROAD EMERALD 3782",
    "locID": "LOC000074612976",
    "tech": "FTTN",
    "upgrade": "NULL_NA",
    "gnaf_pid": "GAVIC421083357",
    "tech_change_status": "Not Planned"
   }
  },
  {
   "type": "Feature",
   "geometry": {
    "type": "Point",
    "coordinates": [
     145.44545341,
     -37.94557425
    ]
   },
   "properties": {
    "name": "9 TORLEY ROAD EMERALD 3782",
    "locID": "LOC000012043256",
    "tech": "FTTN",
    "upgrade": "NULL_NA",
    "gnaf_pid": "GAVIC421083358",
    "tech_change_status": "Not Planned"
   }
  },
  {
   "type": "Feature",
   "geometry": {
    "type": "Point",
    "coordinates": [
     145.432003,
     -37.937418
    ]
   },
   "properties": {
    "name": "51 WESTLANDS ROAD EMERALD 3782",
    "locID": "LOC000051725139",
    "tech": "FTTN",
    "upgrade": "FTTP_NA",
    "gnaf_pid": "GAVIC421084140",
    "tech_change_status": "Committed",
    "program_type": "On-Demand N2P SDU/MDU Simple",
    "target_eligibility_quarter": "Jun 2025"
   }
  },
  {
   "type": "Feature",
   "geometry": {
    "type": "Point",
    "coordinates": [
     145.457224,
     -37.933921
    ]
   },
   "properties": {
    "name": "5 WILLIAM STREET EMERALD 3782",
    "locID": "LOC000007818236",
    "tech": "FTTN",
    "upgrade": "FTTP_NA",
    "gnaf_pid": "GAVIC421084141",
    "tech_change_status": "In Design",
    "program_type": "On-Demand N2P SDU/MDU Simple",
    "target_eligibility_quarter": "Dec 2025"
   }
  },
  {
   "type": "Feature",
   "geometry": {
    "type": "Point",
    "coordinates": [
     145.457724,
     -37.93774
    ]
   },
   "properties": {
    "name": "23 WILLIAM STREET EMERALD 3782",
    "locID": "LOC000016061975",
    "tech": "FTTN",
    "upgrade": "FTTP_NA",
    "gnaf_pid": "GAVIC421084142",
    "tech_change_status": "In Design",
    "program_type": "On-Demand N2P SDU/MDU Simple",
    "target_eligibility_quarter": "Dec 2025"
   }
  },
  {
   "type": "Feature",
   "geometry": {
    "type": "Point",
    "coordinates": [
     145.43862895,
     -37.94336949
    ]
   },
   "properties": {
    "name": "5 WINTLE ROAD EMERALD 3782",
    "locID": "LOC000102326449",
    "tech": "FTTN",
    "upgrade": "NULL_NA",
    "gnaf_pid": "GAVIC421084145",
    "tech_change_status": "Not Planned"
   }
  },
  {
   "type": "Feature",
   "geometry": {
    "type": "Point",
    "coordinates": [
     145.46466847,
     -37.93242028
    ]
   },
   "properties": {
    "name": "6 WOMBAT CRESCENT EMERALD 3782",
    "locID": "LOC000091291291",
    "tech": "FTTN",
    "upgrade": "NULL_NA",
    "gnaf_pid": "GAVIC421084148",
    "tech_change_status": "Not Planned"
   }
  },
  {
   "type": "Feature",
   "geometry": {
    "type": "Point",
    "coordinates": [
     145.47214789,
     -37.94521409
    ]
   },
   "properties": {
    "name": "21 PATERNOSTER ROAD EMERALD 3782",
    "locID": "LOC000071246717",
    "tech": "WIRELESS",
    "upgrade": "NULL_NA",
    "gnaf_pid": "GAVIC421085535",
    "tech_change_status": "Not Planned"
   }
  },
  {
   "type": "Feature",
   "geometry": {
    "type": "Point",
    "coordinates": [
     145.439482,
     -37.936193
    ]
   },
   "properties": {
    "name": "41 BOUNDARY ROAD EAST EMERALD 3782",
    "locID": "LOC000046461615",
    "tech": "FTTN",
    "upgrade": "NULL_NA",
    "gnaf_pid": "GAVIC421085668",
    "tech_change_status": "Not Planned"
   }
  },
  {
   "type": "Feature",
   "geometry": {
    "type": "Point",
    "coordinates": [
     145.434085,
     -37.936355
    ]
   },
   "properties": {
    "name": "8 BOUNDARY ROAD WEST EMERALD 3782",
    "locID": "LOC000062370465",
    "tech": "FTTN",
    "upgrade": "FTTP_NA",
    "gnaf_pid": "GAVIC421085669",
    "tech_change_status": "Committed",
    "program_type": "On-Demand N2P SDU/MDU Simple",
    "target_eligibility_quarter": "Jun 2025"
   }
  },
  {
   "type": "Feature",
   "geometry": {
    "type": "Point",
    "coordinates": [
     145.456248,
     -37.936504
    ]
   },
   "properties": {
    "name": "11 AMBROSE STREET EMERALD 3782",
    "locID": "LOC000028805444",
    "tech": "FTTN",
    "upgrade": "FTTP_NA",
    "gnaf_pid": "GAVIC421086169",
    "tech_change_status": "In Design",
    "program_type": "On-Demand N2P SDU/MDU Simple",
    "target_eligibility_quarter": "Dec 2025"
   }
  },
  {
   "type": "Feature",
   "geometry": {
    "type": "Point",
    "coordinates": [
     145.456025,
     -37.936817
    ]
   },
   "properties": {
    "name": "15 AMBROSE STREET EMERALD 3782",
    "locID": "LOC000082377472",
    "tech": "FTTN",
    "upgrade": "FTTP_NA",
    "gnaf_pid": "GAVIC421086170",
    "tech_change_status": "In Design",
    "program_type": "On-Demand N2P SDU/MDU Simple",
    "target_eligibility_quarter": "Dec 2025"
   }
  },
  {
   "type": "Feature",
   "geometry": {
    "type": "Point",
    "coordinates": [
     145.455896,
     -37.936454
    ]
   },
   "properties": {
    "name": "18 AMBROSE STREET EMERALD 3782",
    "locID": "LOC000022621905",
    "tech": "FTTN",
    "upgrade": "FTTP_NA",
    "gnaf_pid": "GAVIC421086171",
    "tech_change_status": "In Design",
    "program_type": "On-Demand N2P SDU/MDU Simple",
    "target_eligibility_quarter": "Dec 2025"
   }
  },
  {
   "type": "Feature",
   "geometry": {
    "type": "Point",
    "coordinates": [
     145.45559,
     -37.936946
    ]
   },
   "properties": {
    "name": "24 AMBROSE STREET EMERALD 3782",
    "locID": "LOC000088607814",
    "tech": "FTTN",
    "upgrade": "FTTP_NA",
    "gnaf_pid": "GAVIC421086172",
    "tech_change_status": "In Design",
    "program_type": "On-Demand N2P SDU/MDU Simple",
    "target_eligibility_quarter": "Dec 2025"
   }
  },
  {
   "type": "Feature",
   "geometry": {
    "type": "Point",
    "coordinates": [
     145.46202058,
     -37.9321965
    ]
   },
   "properties": {
    "name": "22 AUHL ROAD EMERALD 3782",
    "locID": "LOC000010983153",
    "tech": "FTTN",
    "upgrade": "NULL_NA",
    "gnaf_pid": "GAVIC421086179",
    "tech_change_status": "Not Planned"
   }
  },
  {
   "type": "Feature",
   "geometry": {
    "type": "Point",
    "coordinates": [
     145.47333871,
     -37.93989376
    ]
   },
   "properties": {
    "name": "4 AZALEA CRESCENT EMERALD 3782",
    "locID": "LOC000019625647",
    "tech": "FTTP",
    "upgrade": "NULL_NA",
    "gnaf_pid": "GAVIC421086180",
    "tech_change_status": "Eligible to Order"
   }
  },
  {
   "type": "Feature",
   "geometry": {
    "type": "Point",
    "coordinates": [
     145.450021,
     -37.933376
    ]
   },
   "properties": {
    "name": "33 BEACONSFIELD-EMERALD ROAD EMERALD 3782",
    "locID": "LOC000092244143",
    "tech": "FTTN",
    "upgrade": "FTTP_NA",
    "gnaf_pid": "GAVIC421086184",
    "tech_change_status": "Committed",
    "program_type": "On-Demand N2P SDU/MDU Simple",
    "target_eligibility_quarter": "Dec 2025"
   }
  },
  {
   "type": "Feature",
   "geometry": {
    "type": "Point",
    "coordinates": [
     145.43847276,
     -37.94078897
    ]
   },
   "properties": {
    "name": "5 STEEL ROAD EMERALD 3782",
    "locID": "LOC000102357483",
    "tech": "FTTN",
    "upgrade": "NULL_NA",
    "gnaf_pid": "GAVIC421086186",
    "tech_change_status": "Not Planned"
   }
  },
  {
   "type": "Feature",
   "geometry": {
    "type": "Point",
    "coordinates": [
     145.4371842,
     -37.94049234
    ]
   },
   "properties": {
    "name": "12 STEEL ROAD EMERALD 3782",
    "locID": "LOC000091319739",
    "tech": "FTTN",
    "upgrade": "NULL_NA",
    "gnaf_pid": "GAVIC421086187",
    "tech_change_status": "Not Planned"
   }
  },
  {
   "type": "Feature",
   "geometry": {
    "type": "Point",
    "coordinates": [
     145.43531469,
     -37.94053786
    ]
   },
   "properties": {
    "name": "24 STEEL ROAD EMERALD 3782",
    "locID": "LOC000092027317",
    "tech": "FTTN",
    "upgrade": "NULL_NA",
    "gnaf_pid": "GAVIC421086189",
    "tech_change_status": "Not Planned"
   }
  },
  {
   "type": "Feature",
   "geometry": {
    "type": "Point",
    "coordinates": [
     145.4351479,
     -37.93506706
    ]
   },
   "properties": {
    "name": "12 BAYVIEW ROAD EMERALD 3782",
    "locID": "LOC000007171803",
    "tech": "FTTN",
    "upgrade": "FTTP_NA",
    "gnaf_pid": "GAVIC421086498",
    "tech_change_status": "Committed",
    "program_type": "On-Demand N2P SDU/MDU Simple",
    "target_eligibility_quarter": "Jun 2025"
   }
  },
  {
   "type": "Feature",
   "geometry": {
    "type": "Point",
    "coordinates": [
     145.458599,
     -37.943258
    ]
   },
   "properties": {
    "name": "50 BEACONSFIELD-EMERALD ROAD EMERALD 3782",
    "locID": "LOC000012106300",
    "tech": "FTTN",
    "upgrade": "FTTP_SA",
    "gnaf_pid": "GAVIC421087073",
    "tech_change_status": "Eligible to Order",
    "program_type": "On-Demand N2P SDU/MDU Simple",
    "target_eligibility_quarter": "NA"
   }
  },
  {
   "type": "Feature",
   "geometry": {
    "type": "Point",
    "coordinates": [
     145.451757,
     -37.936337
    ]
   },
   "properties": {
    "name": "55 BEACONSFIELD-EMERALD ROAD EMERALD 3782",
    "locID": "LOC000025321810",
    "tech": "FTTN",
    "upgrade": "FTTP_NA",
    "gnaf_pid": "GAVIC421087074",
    "tech_change_status": "In Design",
    "program_type": "On-Demand N2P SDU/MDU Simple",
    "target_eligibility_quarter": "Dec 2025"
   }
  },
  {
   "type": "Feature",
   "geometry": {
    "type": "Point",
    "coordinates": [
     145.435428,
     -37.936328
    ]
   },
   "properties": {
    "name": "16 BOUNDARY ROAD WEST EMERALD 3782",
    "locID": "LOC000079820997",
    "tech": "FTTN",
    "upgrade": "FTTP_NA",
    "gnaf_pid": "GAVIC421089761",
    "tech_change_status": "Committed",
    "program_type": "On-Demand N2P SDU/MDU Simple",
    "target_eligibility_quarter": "Jun 2025"
   }
  },
  {
   "type": "Feature",
   "geometry": {
    "type": "Point",
    "coordinates": [
     145.436909,
     -37.936285
    ]
   },
   "properties": {
    "name": "22 BOUNDARY ROAD WEST EMERALD 3782",
    "locID": "LOC000042518213",
    "tech": "FTTN",
    "upgrade": "FTTP_NA",
    "gnaf_pid": "GAVIC421089763",
    "tech_change_status": "Committed",
    "program_type": "On-Demand N2P SDU/MDU Simple",
    "target_eligibility_quarter": "Jun 2025"
   }
  },
  {
   "type": "Feature",
   "geometry": {
    "type": "Point",
    "coordinates": [
     145.43791954,
     -37.93825631
    ]
   },
   "properties": {
    "name": "5 CURTIS ROAD EMERALD 3782",
    "locID": "LOC000033517808",
    "tech": "FTTN",
    "upgrade": "NULL_NA",
    "gnaf_pid": "GAVIC421089777",
    "tech_change_status": "Not Planned"
   }
  },
  {
   "type": "Feature",
   "geometry": {
    "type": "Point",
    "coordinates": [
     145.45511963,
     -37.95297145
    ]
   },
   "properties": {
    "name": "14 DEERY ROAD EMERALD 3782",
    "locID": "LOC000091399166",
    "tech": "SATELLITE",
    "upgrade": "NULL_NA",
    "gnaf_pid": "GAVIC421089778",
    "tech_change_status": "Not Planned"
   }
  },
  {
   "type": "Feature",
   "geometry": {
    "type": "Point",
    "coordinates": [
     145.43558157,
     -37.93854229
    ]
   },
   "properties": {
    "name": "6 MAISIE ROAD EMERALD 3782",
    "locID": "LOC000071697066",
    "tech": "FTTN",
    "upgrade": "NULL_NA",
    "gnaf_pid": "GAVIC421093407",
    "tech_change_status": "Not Planned"
   }
  },
  {
   "type": "Feature",
   "geometry": {
    "type": "Point",
    "coordinates": [
     145.47544335,
     -37.94065913
    ]
   },
   "properties": {
    "name": "1 MAJESTIC DRIVE EMERALD 3782",
    "locID": "LOC000041509784",
    "tech": "FTTP",
    "upgrade": "NULL_NA",
    "gnaf_pid": "GAVIC421093408"
   }
  },
  {
   "type": "Feature",
   "geometry": {
    "type": "Point",
    "coordinates": [
     145.47184453,
     -37.94011725
    ]
   },
   "properties": {
    "name": "10 MAJESTIC DRIVE EMERALD 3782",
    "locID": "LOC000011938617",
    "tech": "FTTP",
    "upgrade": "NULL_NA",
    "gnaf_pid": "GAVIC421093409"
   }
  },
  {
   "type": "Feature",
   "geometry": {
    "type": "Point",
    "coordinates": [
     145.47738154,
     -37.96342908
    ]
   },
   "properties": {
    "name": "45 MARKS LANE EMERALD 3782",
    "locID": "LOC000051255083",
    "tech": "WIRELESS",
    "upgrade": "NULL_NA",
    "gnaf_pid": "GAVIC421093410",
    "tech_change_status": "Not Planned",
    "program_type": "Fixed Wireless and Satellite Upgrade Program",
    "target_eligibility_quarter": "NA"
   }
  },
  {
   "type": "Feature",
   "geometry": {
    "type": "Point",
    "coordinates": [
     145.465927,
     -37.940037
    ]
   },
   "properties": {
    "name": "7 FORD ROAD EMERALD 3782",
    "locID": "LOC000098477524",
    "tech": "FTTN",
    "upgrade": "FTTP_SA",
    "gnaf_pid": "GAVIC421095749",
    "tech_change_status": "Eligible to Order",
    "program_type": "On-Demand N2P SDU/MDU Simple",
    "target_eligibility_quarter": "NA"
   }
  },
  {
   "type": "Feature",
   "geometry": {
    "type": "Point",
    "coordinates": [
     145.46492829,
     -37.93985359
    ]
   },
   "properties": {
    "name": "13 FORD ROAD EMERALD 3782",
    "locID": "LOC000011081947",
    "tech": "FTTN",
    "upgrade": "FTTP_SA",
    "gnaf_pid": "GAVIC421095750",
    "tech_change_status": "Eligible to Order",
    "program_type": "On-Demand N2P SDU/MDU Simple",
    "target_eligibility_quarter": "NA"
   }
  },
  {
   "type": "Feature",
   "geometry": {
    "type": "Point",
    "coordinates": [
     145.43551646,
     -37.93536315
    ]
   },
   "properties": {
    "name": "17 BAYVIEW ROAD EMERALD 3782",
    "locID": "LOC000044266243",
    "tech": "FTTN",
    "upgrade": "FTTP_NA",
    "gnaf_pid": "GAVIC421096738",
    "tech_change_status": "Committed",
    "program_type": "On-Demand N2P SDU/MDU Simple",
    "target_eligibility_quarter": "Jun 2025"
   }
  },
  {
   "type": "Feature",
   "geometry": {
    "type": "Point",
    "coordinates": [
     145.43516566,
     -37.93560192
    ]
   },
   "properties": {
    "name": "18 BAYVIEW ROAD EMERALD 3782",
    "locID": "LOC000097140433",
    "tech": "FTTN",
    "upgrade": "FTTP_NA",
    "gnaf_pid": "GAVIC421096739",
    "tech_change_status": "Committed",
    "program_type": "On-Demand N2P SDU/MDU Simple",
    "target_eligibility_quarter": "Jun 2025"
   }
  },
  {
   "type": "Feature",
   "geometry": {
    "type": "Point",
    "coordinates": [
     145.44660191,
     -37.89879543
    ]
   },
   "properties": {
    "name": "17 BUTTERFIELD ROAD EMERALD 3782",
    "locID": "LOC000037671464",
    "tech": "FTTN",
    "upgrade": "NULL_NA",
    "gnaf_pid": "GAVIC421097969",
    "tech_change_status": "Not Planned"
   }
  },
  {
   "type": "Feature",
   "geometry": {
    "type": "Point",
    "coordinates": [
     145.44201681,
     -37.91901088
    ]
   },
   "properties": {
    "name": "10 CAROLINE CRESCENT EMERALD 3782",
    "locID": "LOC000068066636",
    "tech": "FTTN",
    "upgrade": "NULL_NA",
    "gnaf_pid": "GAVIC421097971",
    "tech_change_status": "Not Planned"
   }
  },
  {
   "type": "Feature",
   "geometry": {
    "type": "Point",
    "coordinates": [
     145.44217242,
     -37.91874243
    ]
   },
   "properties": {
    "name": "12 CAROLINE CRESCENT EMERALD 3782",
    "locID": "LOC000007811351",
    "tech": "FTTN",
    "upgrade": "NULL_NA",
    "gnaf_pid": "GAVIC421097972",
    "tech_change_status": "Not Planned"
   }
  },
  {
   "type": "Feature",
   "geometry": {
    "type": "Point",
    "coordinates": [
     145.44221705,
     -37.91833743
    ]
   },
   "properties": {
    "name": "14 CAROLINE CRESCENT EMERALD 3782",
    "locID": "LOC000038679396",
    "tech": "FTTN",
    "upgrade": "NULL_NA",
    "gnaf_pid": "GAVIC421097973",
    "tech_change_status": "Not Planned"
   }
  },
  {
   "type": "Feature",
   "geometry": {
    "type": "Point",
    "coordinates": [
     145.451648,
     -37.91494
    ]
   },
   "properties": {
    "name": "5 CARRAMAR COURT EMERALD 3782",
    "locID": "LOC000092084587",
    "tech": "FTTN",
    "upgrade": "NULL_NA",
    "gnaf_pid": "GAVIC421097974",
    "tech_change_status": "Not Planned"
   }
  },
  {
   "type": "Feature",
   "geometry": {
    "type": "Point",
    "coordinates": [
     145.43918818,
     -37.93980069
    ]
   },
   "properties": {
    "name": "48 KILVINGTON DRIVE EMERALD 3782",
    "locID": "LOC000094913490",
    "tech": "FTTN",
    "upgrade": "NULL_NA",
    "gnaf_pid": "GAVIC421099336",
    "tech_change_status": "Not Planned"
   }
  },
  {
   "type": "Feature",
   "geometry": {
    "type": "Point",
    "coordinates": [
     145.4399131,
     -37.94124182
    ]
   },
   "properties": {
    "name": "54 KILVINGTON DRIVE EMERALD 3782",
    "locID": "LOC000062405144",
    "tech": "FTTN",
    "upgrade": "NULL_NA",
    "gnaf_pid": "GAVIC421099337",
    "tech_change_status": "Not Planned"
   }
  },
  {
   "type": "Feature",
   "geometry": {
    "type": "Point",
    "coordinates": [
     145.44081551,
     -37.94137017
    ]
   },
   "properties": {
    "name": "55 KILVINGTON DRIVE EMERALD 3782",
    "locID": "LOC000061732285",
    "tech": "FTTN",
    "upgrade": "NULL_NA",
    "gnaf_pid": "GAVIC421099338",
    "tech_change_status": "Not Planned"
   }
  },
  {
   "type": "Feature",
   "geometry": {
    "type": "Point",
    "coordinates": [
     145.441145,
     -37.943127
    ]
   },
   "properties": {
    "name": "61 KILVINGTON DRIVE EMERALD 3782",
    "locID": "LOC000066035504",
    "tech": "FTTN",
    "upgrade": "NULL_NA",
    "gnaf_pid": "GAVIC421099339",
    "tech_change_status": "Not Planned"
   }
  },
  {
   "type": "Feature",
   "geometry": {
    "type": "Point",
    "coordinates": [
     145.439068,
     -37.936394
    ]
   },
   "properties": {
    "name": "2 LEGG ROAD EMERALD 3782",
    "locID": "LOC000015954110",
    "tech": "FTTN",
    "upgrade": "NULL_NA",
    "gnaf_pid": "GAVIC421099346",
    "tech_change_status": "Not Planned"
   }
  },
  {
   "type": "Feature",
   "geometry": {
    "type": "Point",
    "coordinates": [
     145.439098,
     -37.937152
    ]
   },
   "properties": {
    "name": "10 LEGG ROAD EMERALD 3782",
    "locID": "LOC000066733853",
    "tech": "FTTN",
    "upgrade": "NULL_NA",
    "gnaf_pid": "GAVIC421099347",
    "tech_change_status": "Not Planned"
   }
  },
  {
   "type": "Feature",
   "geometry": {
    "type": "Point",
    "coordinates": [
     145.4703,
     -37.936553
    ]
   },
   "properties": {
    "name": "2 SILVAN COURT EMERALD 3782",
    "locID": "LOC000022042461",
    "tech": "FTTN",
    "upgrade": "NULL_NA",
    "gnaf_pid": "GAVIC421100009",
    "tech_change_status": "Not Planned"
   }
  },
  {
   "type": "Feature",
   "geometry": {
    "type": "Point",
    "coordinates": [
     145.450813,
     -37.934032
    ]
   },
   "properties": {
    "name": "41 BEACONSFIELD-EMERALD ROAD EMERALD 3782",
    "locID": "LOC000026051290",
    "tech": "FTTN",
    "upgrade": "FTTP_NA",
    "gnaf_pid": "GAVIC421100763",
    "tech_change_status": "Committed",
    "program_type": "On-Demand N2P SDU/MDU Simple",
    "target_eligibility_quarter": "Jun 2025"
   }
  },
  {
   "type": "Feature",
   "geometry": {
    "type": "Point",
    "coordinates": [
     145.46745325,
     -37.94165445
    ]
   },
   "properties": {
    "name": "1 FORD ROAD EMERALD 3782",
    "locID": "LOC000080231867",
    "tech": "FTTN",
    "upgrade": "FTTP_SA",
    "gnaf_pid": "GAVIC421100766",
    "tech_change_status": "Eligible to Order",
    "program_type": "On-Demand N2P SDU/MDU Simple",
    "target_eligibility_quarter": "NA"
   }
  },
  {
   "type": "Feature",
   "geometry": {
    "type": "Point",
    "coordinates": [
     145.43181011,
     -37.940489
    ]
   },
   "properties": {
    "name": "38 STEEL ROAD EMERALD 3782",
    "locID": "LOC000067594528",
    "tech": "FTTN",
    "upgrade": "NULL_NA",
    "gnaf_pid": "GAVIC421101804",
    "tech_change_status": "Not Planned"
   }
  },
  {
   "type": "Feature",
   "geometry": {
    "type": "Point",
    "coordinates": [
     145.452002,
     -37.935502
    ]
   },
   "properties": {
    "name": "2 ALBERT ROAD EMERALD 3782",
    "locID": "LOC000010248331",
    "tech": "FTTN",
    "upgrade": "FTTP_NA",
    "gnaf_pid": "GAVIC421102840",
    "tech_change_status": "In Design",
    "program_type": "On-Demand N2P SDU/MDU Simple",
    "target_eligibility_quarter": "Dec 2025"
   }
  },
  {
   "type": "Feature",
   "geometry": {
    "type": "Point",
    "coordinates": [
     145.457786,
     -37.932595
    ]
   },
   "properties": {
    "name": "5 SELLARS ROAD EMERALD 3782",
    "locID": "LOC000100692352",
    "tech": "FTTN",
    "upgrade": "FTTP_NA",
    "gnaf_pid": "GAVIC421102844",
    "tech_change_status": "In Design",
    "program_type": "On-Demand N2P SDU/MDU Simple",
    "target_eligibility_quarter": "Dec 2025"
   }
  },
  {
   "type": "Feature",
   "geometry": {
    "type": "Point",
    "coordinates": [
     145.458489,
     -37.934911
    ]
   },
   "properties": {
    "name": "13 SELLARS ROAD EMERALD 3782",
    "locID": "LOC000008531075",
    "tech": "FTTN",
    "upgrade": "FTTP_NA",
    "gnaf_pid": "GAVIC421102845",
    "tech_change_status": "In Design",
    "program_type": "On-Demand N2P SDU/MDU Simple",
    "target_eligibility_quarter": "Dec 2025"
   }
  },
  {
   "type": "Feature",
   "geometry": {
    "type": "Point",
    "coordinates": [
     145.44414602,
     -37.9402885
    ]
   },
   "properties": {
    "name": "14 OLD BEACONSFIELD ROAD EMERALD 3782",
    "locID": "LOC000037951940",
    "tech": "FTTN",
    "upgrade": "NULL_NA",
    "gnaf_pid": "GAVIC421102892",
    "tech_change_status": "Not Planned"
   }
  },
  {
   "type": "Feature",
   "geometry": {
    "type": "Point",
    "coordinates": [
     145.44496615,
     -37.94064908
    ]
   },
   "properties": {
    "name": "22 OLD BEACONSFIELD ROAD EMERALD 3782",
    "locID": "LOC000091521231",
    "tech": "FTTN",
    "upgrade": "NULL_NA",
    "gnaf_pid": "GAVIC421102894",
    "tech_change_status": "Not Planned"
   }
  },
  {
   "type": "Feature",
   "geometry": {
    "type": "Point",
    "coordinates": [
     145.44570221,
     -37.94101345
    ]
   },
   "properties": {
    "name": "28 OLD BEACONSFIELD ROAD EMERALD 3782",
    "locID": "LOC000074949919",
    "tech": "FTTN",
    "upgrade": "NULL_NA",
    "gnaf_pid": "GAVIC421102895",
    "tech_change_status": "Not Planned"
   }
  },
  {
   "type": "Feature",
   "geometry": {
    "type": "Point",
    "coordinates": [
     145.459078,
     -37.944859
    ]
   },
   "properties": {
    "name": "6 OZONE AVENUE EMERALD 3782",
    "locID": "LOC000002907899",
    "tech": "FTTN",
    "upgrade": "FTTP_SA",
    "gnaf_pid": "GAVIC421102898",
    "tech_change_status": "Eligible to Order",
    "program_type": "On-Demand N2P SDU/MDU Simple",
    "target_eligibility_quarter": "NA"
   }
  },
  {
   "type": "Feature",
   "geometry": {
    "type": "Point",
    "coordinates": [
     145.458457,
     -37.946257
    ]
   },
   "properties": {
    "name": "13 OZONE AVENUE EMERALD 3782",
    "locID": "LOC000002012191",
    "tech": "FTTN",
    "upgrade": "FTTP_SA",
    "gnaf_pid": "GAVIC421102899",
    "tech_change_status": "Eligible to Order",
    "program_type": "On-Demand N2P SDU/MDU Simple",
    "target_eligibility_quarter": "NA"
   }
  },
  {
   "type": "Feature",
   "geometry": {
    "type": "Point",
    "coordinates": [
     145.43585121,
     -37.92093208
    ]
   },
   "properties": {
    "name": "31 SYDNEY AVENUE EMERALD 3782",
    "locID": "LOC000019428811",
    "tech": "FTTN",
    "upgrade": "NULL_NA",
    "gnaf_pid": "GAVIC421104143",
    "tech_change_status": "Not Planned"
   }
  },
  {
   "type": "Feature",
   "geometry": {
    "type": "Point",
    "coordinates": [
     145.43444454,
     -37.9213472
    ]
   },
   "properties": {
    "name": "34 SYDNEY AVENUE EMERALD 3782",
    "locID": "LOC000060023329",
    "tech": "FTTN",
    "upgrade": "NULL_NA",
    "gnaf_pid": "GAVIC421104144",
    "tech_change_status": "Not Planned"
   }
  },
  {
   "type": "Feature",
   "geometry": {
    "type": "Point",
    "coordinates": [
     145.47013173,
     -37.93692461
    ]
   },
   "properties": {
    "name": "3 SILVAN COURT EMERALD 3782",
    "locID": "LOC000003573017",
    "tech": "FTTN",
    "upgrade": "NULL_NA",
    "gnaf_pid": "GAVIC421106348",
    "tech_change_status": "Not Planned"
   }
  },
  {
   "type": "Feature",
   "geometry": {
    "type": "Point",
    "coordinates": [
     145.430492,
     -37.924447
    ]
   },
   "properties": {
    "name": "4 TELOPEA ROAD EMERALD 3782",
    "locID": "LOC000008435102",
    "tech": "FTTN",
    "upgrade": "NULL_NA",
    "gnaf_pid": "GAVIC421107650",
    "tech_change_status": "Not Planned"
   }
  },
  {
   "type": "Feature",
   "geometry": {
    "type": "Point",
    "coordinates": [
     145.43828789,
     -37.91696647
    ]
   },
   "properties": {
    "name": "13 CAROLINE CRESCENT EMERALD 3782",
    "locID": "LOC000010139983",
    "tech": "WIRELESS",
    "upgrade": "NULL_NA",
    "gnaf_pid": "GAVIC421107651",
    "tech_change_status": "Not Planned",
    "program_type": "Fixed Wireless and Satellite Upgrade Program",
    "target_eligibility_quarter": "Mar 2025"
   }
  },
  {
   "type": "Feature",
   "geometry": {
    "type": "Point",
    "coordinates": [
     145.441351,
     -37.923123
    ]
   },
   "properties": {
    "name": "3 BARNSHAW LANE EMERALD 3782",
    "locID": "LOC000087529800",
    "tech": "FTTN",
    "upgrade": "FTTP_NA",
    "gnaf_pid": "GAVIC421108717",
    "tech_change_status": "Committed",
    "program_type": "On-Demand N2P SDU/MDU Simple",
    "target_eligibility_quarter": "Dec 2025"
   }
  },
  {
   "type": "Feature",
   "geometry": {
    "type": "Point",
    "coordinates": [
     145.437445,
     -37.933534
    ]
   },
   "properties": {
    "name": "1 RUSSELL STREET EMERALD 3782",
    "locID": "LOC000094022265",
    "tech": "FTTN",
    "upgrade": "FTTP_NA",
    "gnaf_pid": "GAVIC421109678",
    "tech_change_status": "Committed",
    "program_type": "On-Demand N2P SDU/MDU Simple",
    "target_eligibility_quarter": "Jun 2025"
   }
  },
  {
   "type": "Feature",
   "geometry": {
    "type": "Point",
    "coordinates": [
     145.431682,
     -37.925229
    ]
   },
   "properties": {
    "name": "2 DUKE STREET EMERALD 3782",
    "locID": "LOC000104598933",
    "tech": "FTTN",
    "upgrade": "NULL_NA",
    "gnaf_pid": "GAVIC421110003",
    "tech_change_status": "Not Planned"
   }
  },
  {
   "type": "Feature",
   "geometry": {
    "type": "Point",
    "coordinates": [
     145.450201,
     -37.928079
    ]
   },
   "properties": {
    "name": "2 DURBAN ROAD EMERALD 3782",
    "locID": "LOC000079333619",
    "tech": "FTTN",
    "upgrade": "NULL_NA",
    "gnaf_pid": "GAVIC421110009",
    "tech_change_status": "Not Planned"
   }
  },
  {
   "type": "Feature",
   "geometry": {
    "type": "Point",
    "coordinates": [
     145.45103867,
     -37.92474927
    ]
   },
   "properties": {
    "name": "3 MARY STREET EMERALD 3782",
    "locID": "LOC000067085234",
    "tech": "FTTN",
    "upgrade": "NULL_NA",
    "gnaf_pid": "GAVIC421110386",
    "tech_change_status": "Not Planned"
   }
  },
  {
   "type": "Feature",
   "geometry": {
    "type": "Point",
    "coordinates": [
     145.448346,
     -37.92755
    ]
   },
   "properties": {
    "name": "3 SHERRIFF ROAD EMERALD 3782",
    "locID": "LOC000015173790",
    "tech": "FTTN",
    "upgrade": "FTTP_NA",
    "gnaf_pid": "GAVIC421110389",
    "tech_change_status": "Committed",
    "program_type": "On-Demand N2P SDU/MDU Simple",
    "target_eligibility_quarter": "Dec 2025"
   }
  },
  {
   "type": "Feature",
   "geometry": {
    "type": "Point",
    "coordinates": [
     145.443275,
     -37.906899
    ]
   },
   "properties": {
    "name": "10 STEWART ROAD EMERALD 3782",
    "locID": "LOC000023879080",
    "tech": "FTTN",
    "upgrade": "NULL_NA",
    "gnaf_pid": "GAVIC421110400",
    "tech_change_status": "Not Planned"
   }
  },
  {
   "type": "Feature",
   "geometry": {
    "type": "Point",
    "coordinates": [
     145.450514,
     -37.90667
    ]
   },
   "properties": {
    "name": "66 STEWART ROAD EMERALD 3782",
    "locID": "LOC000104317888",
    "tech": "WIRELESS",
    "upgrade": "NULL_NA",
    "gnaf_pid": "GAVIC421110401",
    "tech_change_status": "Not Planned",
    "program_type": "Fixed Wireless and Satellite Upgrade Program",
    "target_eligibility_quarter": "Mar 2025"
   }
  },
  {
   "type": "Feature",
   "geometry": {
    "type": "Point",
    "coordinates": [
     145.4590179,
     -37.90547968
    ]
   },
   "properties": {
    "name": "176 STEWART ROAD EMERALD 3782",
    "locID": "LOC000033738449",
    "tech": "WIRELESS",
    "upgrade": "NULL_NA",
    "gnaf_pid": "GAVIC421110402",
    "tech_change_status": "Not Planned",
    "program_type": "Fixed Wireless and Satellite Upgrade Program",
    "target_eligibility_quarter": "Mar 2025"
   }
  },
  {
   "type": "Feature",
   "geometry": {
    "type": "Point",
    "coordinates": [
     145.4478528,
     -37.91516725
    ]
   },
   "properties": {
    "name": "86 EMERALD-MONBULK ROAD EMERALD 3782",
    "locID": "LOC000080041475",
    "tech": "FTTN",
    "upgrade": "NULL_NA",
    "gnaf_pid": "GAVIC421110827",
    "tech_change_status": "Not Planned"
   }
  },
  {
   "type": "Feature",
   "geometry": {
    "type": "Point",
    "coordinates": [
     145.44422483,
     -37.9039562
    ]
   },
   "properties": {
    "name": "101 EMERALD-MONBULK ROAD EMERALD 3782",
    "locID": "LOC000021879489",
    "tech": "FTTN",
    "upgrade": "NULL_NA",
    "gnaf_pid": "GAVIC421110829",
    "tech_change_status": "Not Planned"
   }
  },
  {
   "type": "Feature",
   "geometry": {
    "type": "Point",
    "coordinates": [
     145.44453729,
     -37.90095051
    ]
   },
   "properties": {
    "name": "125 EMERALD-MONBULK ROAD EMERALD 3782",
    "locID": "LOC000003558686",
    "tech": "FTTN",
    "upgrade": "NULL_NA",
    "gnaf_pid": "GAVIC421110830",
    "tech_change_status": "Not Planned"
   }
  },
  {
   "type": "Feature",
   "geometry": {
    "type": "Point",
    "coordinates": [
     145.44475334,
     -37.89903279
    ]
   },
   "properties": {
    "name": "140 EMERALD-MONBULK ROAD EMERALD 3782",
    "locID": "LOC000051186512",
    "tech": "FTTN",
    "upgrade": "NULL_NA",
    "gnaf_pid": "GAVIC421110831",
    "tech_change_status": "Not Planned"
   }
  },
  {
   "type": "Feature",
   "geometry": {
    "type": "Point",
    "coordinates": [
     145.443784,
     -37.898407
    ]
   },
   "properties": {
    "name": "143 EMERALD-MONBULK ROAD EMERALD 3782",
    "locID": "LOC000022503053",
    "tech": "FTTN",
    "upgrade": "NULL_NA",
    "gnaf_pid": "GAVIC421110832",
    "tech_change_status": "Not Planned"
   }
  },
  {
   "type": "Feature",
   "geometry": {
    "type": "Point",
    "coordinates": [
     145.44180789,
     -37.89632027
    ]
   },
   "properties": {
    "name": "166 EMERALD-MONBULK ROAD EMERALD 3782",
    "locID": "LOC000054909102",
    "tech": "FTTN",
    "upgrade": "NULL_NA",
    "gnaf_pid": "GAVIC421110833",
    "tech_change_status": "Not Planned"
   }
  },
  {
   "type": "Feature",
   "geometry": {
    "type": "Point",
    "coordinates": [
     145.42739208,
     -37.92793669
    ]
   },
   "properties": {
    "name": "9 EDENMONT ROAD EMERALD 3782",
    "locID": "LOC000025312254",
    "tech": "FTTN",
    "upgrade": "NULL_NA",
    "gnaf_pid": "GAVIC421111742",
    "tech_change_status": "Not Planned"
   }
  },
  {
   "type": "Feature",
   "geometry": {
    "type": "Point",
    "coordinates": [
     145.42775954,
     -37.92460224
    ]
   },
   "properties": {
    "name": "25 EDENMONT ROAD EMERALD 3782",
    "locID": "LOC000032681915",
    "tech": "FTTN",
    "upgrade": "NULL_NA",
    "gnaf_pid": "GAVIC421111743",
    "tech_change_status": "Not Planned"
   }
  },
  {
   "type": "Feature",
   "geometry": {
    "type": "Point",
    "coordinates": [
     145.452476,
     -37.916168
    ]
   },
   "properties": {
    "name": "7 ELM CRESCENT EMERALD 3782",
    "locID": "LOC000095088195",
    "tech": "FTTN",
    "upgrade": "NULL_NA",
    "gnaf_pid": "GAVIC421111745",
    "tech_change_status": "Not Planned"
   }
  },
  {
   "type": "Feature",
   "geometry": {
    "type": "Point",
    "coordinates": [
     145.453025,
     -37.914923
    ]
   },
   "properties": {
    "name": "15 ELM CRESCENT EMERALD 3782",
    "locID": "LOC000061337657",
    "tech": "FTTN",
    "upgrade": "NULL_NA",
    "gnaf_pid": "GAVIC421111746",
    "tech_change_status": "Not Planned"
   }
  },
  {
   "type": "Feature",
   "geometry": {
    "type": "Point",
    "coordinates": [
     145.4522289,
     -37.91355484
    ]
   },
   "properties": {
    "name": "22 ELM CRESCENT EMERALD 3782",
    "locID": "LOC000042024398",
    "tech": "FTTN",
    "upgrade": "NULL_NA",
    "gnaf_pid": "GAVIC421111747",
    "tech_change_status": "Not Planned"
   }
  },
  {
   "type": "Feature",
   "geometry": {
    "type": "Point",
    "coordinates": [
     145.45230883,
     -37.91307037
    ]
   },
   "properties": {
    "name": "27 ELM CRESCENT EMERALD 3782",
    "locID": "LOC000093695693",
    "tech": "FTTN",
    "upgrade": "NULL_NA",
    "gnaf_pid": "GAVIC421111748",
    "tech_change_status": "Not Planned"
   }
  },
  {
   "type": "Feature",
   "geometry": {
    "type": "Point",
    "coordinates": [
     145.45134572,
     -37.91248199
    ]
   },
   "properties": {
    "name": "31 ELM CRESCENT EMERALD 3782",
    "locID": "LOC000080044375",
    "tech": "FTTN",
    "upgrade": "NULL_NA",
    "gnaf_pid": "GAVIC421111749",
    "tech_change_status": "Not Planned"
   }
  },
  {
   "type": "Feature",
   "geometry": {
    "type": "Point",
    "coordinates": [
     145.447473,
     -37.929566
    ]
   },
   "properties": {
    "name": "10 EMERALD LAKE ROAD EMERALD 3782",
    "locID": "LOC000070533994",
    "tech": "FTTN",
    "upgrade": "FTTP_NA",
    "gnaf_pid": "GAVIC421111752",
    "tech_change_status": "Committed",
    "program_type": "On-Demand N2P SDU/MDU Simple",
    "target_eligibility_quarter": "Jun 2025"
   }
  },
  {
   "type": "Feature",
   "geometry": {
    "type": "Point",
    "coordinates": [
     145.452027,
     -37.929455
    ]
   },
   "properties": {
    "name": "21 EMERALD LAKE ROAD EMERALD 3782",
    "locID": "LOC000031652944",
    "tech": "FTTN",
    "upgrade": "FTTP_NA",
    "gnaf_pid": "GAVIC421111753",
    "tech_change_status": "Committed",
    "program_type": "On-Demand N2P SDU/MDU Simple",
    "target_eligibility_quarter": "Dec 2025"
   }
  },
  {
   "type": "Feature",
   "geometry": {
    "type": "Point",
    "coordinates": [
     145.45469167,
     -37.92965205
    ]
   },
   "properties": {
    "name": "33 EMERALD LAKE ROAD EMERALD 3782",
    "locID": "LOC000084940590",
    "tech": "FTTN",
    "upgrade": "NULL_NA",
    "gnaf_pid": "GAVIC421111754",
    "tech_change_status": "Not Planned"
   }
  },
  {
   "type": "Feature",
   "geometry": {
    "type": "Point",
    "coordinates": [
     145.442494,
     -37.92558
    ]
   },
   "properties": {
    "name": "17 EMERALD-MONBULK ROAD EMERALD 3782",
    "locID": "LOC000013402451",
    "tech": "FTTN",
    "upgrade": "FTTP_NA",
    "gnaf_pid": "GAVIC421111755",
    "tech_change_status": "Committed",
    "program_type": "On-Demand N2P SDU/MDU Simple",
    "target_eligibility_quarter": "Jun 2025"
   }
  },
  {
   "type": "Feature",
   "geometry": {
    "type": "Point",
    "coordinates": [
     145.442694,
     -37.924195
    ]
   },
   "properties": {
    "name": "27 EMERALD-MONBULK ROAD EMERALD 3782",
    "locID": "LOC000036979081",
    "tech": "FTTN",
    "upgrade": "FTTP_NA",
    "gnaf_pid": "GAVIC421111757",
    "tech_change_status": "Committed",
    "program_type": "On-Demand N2P SDU/MDU Simple",
    "target_eligibility_quarter": "Dec 2025"
   }
  },
  {
   "type": "Feature",
   "geometry": {
    "type": "Point",
    "coordinates": [
     145.44538731,
     -37.9224712
    ]
   },
   "properties": {
    "name": "36 EMERALD-MONBULK ROAD EMERALD 3782",
    "locID": "LOC000087690804",
    "tech": "FTTN",
    "upgrade": "FTTP_NA",
    "gnaf_pid": "GAVIC421111758",
    "tech_change_status": "Committed",
    "program_type": "On-Demand N2P SDU/MDU Simple",
    "target_eligibility_quarter": "Jun 2025"
   }
  },
  {
   "type": "Feature",
   "geometry": {
    "type": "Point",
    "coordinates": [
     145.448808,
     -37.919103
    ]
   },
   "properties": {
    "name": "59 EMERALD-MONBULK ROAD EMERALD 3782",
    "locID": "LOC000029342389",
    "tech": "FTTN",
    "upgrade": "NULL_NA",
    "gnaf_pid": "GAVIC421111759",
    "tech_change_status": "Not Planned"
   }
  },
  {
   "type": "Feature",
   "geometry": {
    "type": "Point",
    "coordinates": [
     145.42601276,
     -37.92578683
    ]
   },
   "properties": {
    "name": "8 NAYLORS ROAD EMERALD 3782",
    "locID": "LOC000069869382",
    "tech": "FTTN",
    "upgrade": "NULL_NA",
    "gnaf_pid": "GAVIC421113021",
    "tech_change_status": "Not Planned"
   }
  },
  {
   "type": "Feature",
   "geometry": {
    "type": "Point",
    "coordinates": [
     145.4495616,
     -37.91556672
    ]
   },
   "properties": {
    "name": "6 NOBELIUS STREET EMERALD 3782",
    "locID": "LOC000059524368",
    "tech": "FTTN",
    "upgrade": "NULL_NA",
    "gnaf_pid": "GAVIC421113023",
    "tech_change_status": "Not Planned"
   }
  },
  {
   "type": "Feature",
   "geometry": {
    "type": "Point",
    "coordinates": [
     145.447185,
     -37.904878
    ]
   },
   "properties": {
    "name": "25 NOBELIUS STREET EMERALD 3782",
    "locID": "LOC000018096915",
    "tech": "FTTN",
    "upgrade": "NULL_NA",
    "gnaf_pid": "GAVIC421113024",
    "tech_change_status": "Not Planned"
   }
  },
  {
   "type": "Feature",
   "geometry": {
    "type": "Point",
    "coordinates": [
     145.44658,
     -37.904447
    ]
   },
   "properties": {
    "name": "40 NOBELIUS STREET EMERALD 3782",
    "locID": "LOC000011060519",
    "tech": "FTTN",
    "upgrade": "NULL_NA",
    "gnaf_pid": "GAVIC421113025",
    "tech_change_status": "Not Planned"
   }
  },
  {
   "type": "Feature",
   "geometry": {
    "type": "Point",
    "coordinates": [
     145.43312479,
     -37.93604593
    ]
   },
   "properties": {
    "name": "1 BOUNDARY ROAD WEST EMERALD 3782",
    "locID": "LOC000023519361",
    "tech": "FTTN",
    "upgrade": "FTTP_NA",
    "gnaf_pid": "GAVIC421113194",
    "tech_change_status": "Committed",
    "program_type": "On-Demand N2P SDU/MDU Simple",
    "target_eligibility_quarter": "Jun 2025"
   }
  },
  {
   "type": "Feature",
   "geometry": {
    "type": "Point",
    "coordinates": [
     145.438931,
     -37.935897
    ]
   },
   "properties": {
    "name": "37 BOUNDARY ROAD EAST EMERALD 3782",
    "locID": "LOC000092194096",
    "tech": "FTTN",
    "upgrade": "NULL_NA",
    "gnaf_pid": "GAVIC421113195",
    "tech_change_status": "Not Planned"
   }
  },
  {
   "type": "Feature",
   "geometry": {
    "type": "Point",
    "coordinates": [
     145.46337218,
     -37.93092595
    ]
   },
   "properties": {
    "name": "2 BOWER COURT EMERALD 3782",
    "locID": "LOC000005067264",
    "tech": "FTTN",
    "upgrade": "FTTP_NA",
    "gnaf_pid": "GAVIC421113196",
    "tech_change_status": "Committed",
    "program_type": "On-Demand N2P SDU/MDU Simple",
    "target_eligibility_quarter": "Jun 2025"
   }
  },
  {
   "type": "Feature",
   "geometry": {
    "type": "Point",
    "coordinates": [
     145.44997076,
     -37.91316145
    ]
   },
   "properties": {
    "name": "4 OAK AVENUE EMERALD 3782",
    "locID": "LOC000025179483",
    "tech": "FTTN",
    "upgrade": "NULL_NA",
    "gnaf_pid": "GAVIC421113951",
    "tech_change_status": "Not Planned"
   }
  },
  {
   "type": "Feature",
   "geometry": {
    "type": "Point",
    "coordinates": [
     145.449894,
     -37.926958
    ]
   },
   "properties": {
    "name": "9 OLD GEMBROOK ROAD EMERALD 3782",
    "locID": "LOC000073259045",
    "tech": "FTTN",
    "upgrade": "FTTP_NA",
    "gnaf_pid": "GAVIC421113961",
    "tech_change_status": "Committed",
    "program_type": "On-Demand N2P SDU/MDU Simple",
    "target_eligibility_quarter": "Jun 2025"
   }
  },
  {
   "type": "Feature",
   "geometry": {
    "type": "Point",
    "coordinates": [
     145.453401,
     -37.927914
    ]
   },
   "properties": {
    "name": "32 OLD GEMBROOK ROAD EMERALD 3782",
    "locID": "LOC000040833717",
    "tech": "FTTN",
    "upgrade": "NULL_NA",
    "gnaf_pid": "GAVIC421113962",
    "tech_change_status": "Not Planned"
   }
  },
  {
   "type": "Feature",
   "geometry": {
    "type": "Point",
    "coordinates": [
     145.43108928,
     -37.93764738
    ]
   },
   "properties": {
    "name": "50 WESTLANDS ROAD EMERALD 3782",
    "locID": "LOC000041467712",
    "tech": "FTTN",
    "upgrade": "FTTP_NA",
    "gnaf_pid": "GAVIC421113964",
    "tech_change_status": "Committed",
    "program_type": "On-Demand N2P SDU/MDU Simple",
    "target_eligibility_quarter": "Jun 2025"
   }
  },
  {
   "type": "Feature",
   "geometry": {
    "type": "Point",
    "coordinates": [
     145.46499526,
     -37.92854147
    ]
   },
   "properties": {
    "name": "2 VISTA DRIVE EMERALD 3782",
    "locID": "LOC000066352219",
    "tech": "FTTN",
    "upgrade": "FTTP_NA",
    "gnaf_pid": "GAVIC421114788",
    "tech_change_status": "Committed",
    "program_type": "On-Demand N2P SDU/MDU Simple",
    "target_eligibility_quarter": "Jun 2025"
   }
  },
  {
   "type": "Feature",
   "geometry": {
    "type": "Point",
    "coordinates": [
     145.46531119,
     -37.92951876
    ]
   },
   "properties": {
    "name": "6 VISTA DRIVE EMERALD 3782",
    "locID": "LOC000041510790",
    "tech": "FTTN",
    "upgrade": "FTTP_NA",
    "gnaf_pid": "GAVIC421114790",
    "tech_change_status": "Committed",
    "program_type": "On-Demand N2P SDU/MDU Simple",
    "target_eligibility_quarter": "Jun 2025"
   }
  },
  {
   "type": "Feature",
   "geometry": {
    "type": "Point",
    "coordinates": [
     145.436634,
     -37.928819
    ]
   },
   "properties": {
    "name": "3 WALNUT AVENUE EMERALD 3782",
    "locID": "LOC000057015032",
    "tech": "FTTN",
    "upgrade": "FTTP_NA",
    "gnaf_pid": "GAVIC421114791",
    "tech_change_status": "Committed",
    "program_type": "On-Demand N2P SDU/MDU Simple",
    "target_eligibility_quarter": "Jun 2025"
   }
  },
  {
   "type": "Feature",
   "geometry": {
    "type": "Point",
    "coordinates": [
     145.435016,
     -37.933258
    ]
   },
   "properties": {
    "name": "16 WESTLANDS ROAD EMERALD 3782",
    "locID": "LOC000028747844",
    "tech": "FTTN",
    "upgrade": "FTTP_NA",
    "gnaf_pid": "GAVIC421116551",
    "tech_change_status": "Committed",
    "program_type": "On-Demand N2P SDU/MDU Simple",
    "target_eligibility_quarter": "Jun 2025"
   }
  },
  {
   "type": "Feature",
   "geometry": {
    "type": "Point",
    "coordinates": [
     145.434116,
     -37.933805
    ]
   },
   "properties": {
    "name": "23 WESTLANDS ROAD EMERALD 3782",
    "locID": "LOC000060297508",
    "tech": "FTTN",
    "upgrade": "FTTP_NA",
    "gnaf_pid": "GAVIC421116552",
    "tech_change_status": "Committed",
    "program_type": "On-Demand N2P SDU/MDU Simple",
    "target_eligibility_quarter": "Jun 2025"
   }
  },
  {
   "type": "Feature",
   "geometry": {
    "type": "Point",
    "coordinates": [
     145.44058106,
     -37.93670306
    ]
   },
   "properties": {
    "name": "29 KILVINGTON DRIVE EMERALD 3782",
    "locID": "LOC000002832535",
    "tech": "FTTN",
    "upgrade": "NULL_NA",
    "gnaf_pid": "GAVIC421117187",
    "tech_change_status": "Not Planned"
   }
  },
  {
   "type": "Feature",
   "geometry": {
    "type": "Point",
    "coordinates": [
     145.46776468,
     -37.91895536
    ]
   },
   "properties": {
    "name": "6 FAIRWAY ROAD EMERALD 3782",
    "locID": "LOC000066063721",
    "tech": "FTTN",
    "upgrade": "FTTP_NA",
    "gnaf_pid": "GAVIC421117459",
    "tech_change_status": "Committed",
    "program_type": "On-Demand N2P SDU/MDU Simple",
    "target_eligibility_quarter": "Jun 2025"
   }
  },
  {
   "type": "Feature",
   "geometry": {
    "type": "Point",
    "coordinates": [
     145.46803067,
     -37.91766343
    ]
   },
   "properties": {
    "name": "20 FAIRWAY ROAD EMERALD 3782",
    "locID": "LOC000066730799",
    "tech": "FTTN",
    "upgrade": "FTTP_NA",
    "gnaf_pid": "GAVIC421117460",
    "tech_change_status": "Committed",
    "program_type": "On-Demand N2P SDU/MDU Simple",
    "target_eligibility_quarter": "Jun 2025"
   }
  },
  {
   "type": "Feature",
   "geometry": {
    "type": "Point",
    "coordinates": [
     145.46847026,
     -37.91541971
    ]
   },
   "properties": {
    "name": "40 FAIRWAY ROAD EMERALD 3782",
    "locID": "LOC000071514495",
    "tech": "FTTN",
    "upgrade": "FTTP_NA",
    "gnaf_pid": "GAVIC421117461",
    "tech_change_status": "Committed",
    "program_type": "On-Demand N2P SDU/MDU Simple",
    "target_eligibility_quarter": "Jun 2025"
   }
  },
  {
   "type": "Feature",
   "geometry": {
    "type": "Point",
    "coordinates": [
     145.43290041,
     -37.93378069
    ]
   },
   "properties": {
    "name": "17 WOODLANDS AVENUE EMERALD 3782",
    "locID": "LOC000020403823",
    "tech": "FTTN",
    "upgrade": "NULL_NA",
    "gnaf_pid": "GAVIC421117491",
    "tech_change_status": "Not Planned"
   }
  },
  {
   "type": "Feature",
   "geometry": {
    "type": "Point",
    "coordinates": [
     145.46915433,
     -37.91600066
    ]
   },
   "properties": {
    "name": "3 ANDREW COURT EMERALD 3782",
    "locID": "LOC000002777169",
    "tech": "FTTN",
    "upgrade": "FTTP_NA",
    "gnaf_pid": "GAVIC421117524",
    "tech_change_status": "Committed",
    "program_type": "On-Demand N2P SDU/MDU Simple",
    "target_eligibility_quarter": "Jun 2025"
   }
  },
  {
   "type": "Feature",
   "geometry": {
    "type": "Point",
    "coordinates": [
     145.434351,
     -37.93133
    ]
   },
   "properties": {
    "name": "16 ANNE STREET EMERALD 3782",
    "locID": "LOC000076998443",
    "tech": "FTTN",
    "upgrade": "FTTP_NA",
    "gnaf_pid": "GAVIC421117525",
    "tech_change_status": "Committed",
    "program_type": "On-Demand N2P SDU/MDU Simple",
    "target_eligibility_quarter": "Jun 2025"
   }
  },
  {
   "type": "Feature",
   "geometry": {
    "type": "Point",
    "coordinates": [
     145.434977,
     -37.931843
    ]
   },
   "properties": {
    "name": "20 ANNE STREET EMERALD 3782",
    "locID": "LOC000080610631",
    "tech": "FTTN",
    "upgrade": "FTTP_NA",
    "gnaf_pid": "GAVIC421117526",
    "tech_change_status": "Committed",
    "program_type": "On-Demand N2P SDU/MDU Simple",
    "target_eligibility_quarter": "Jun 2025"
   }
  },
  {
   "type": "Feature",
   "geometry": {
    "type": "Point",
    "coordinates": [
     145.42801855,
     -37.92523493
    ]
   },
   "properties": {
    "name": "6 EDENMONT ROAD EMERALD 3782",
    "locID": "LOC000090110107",
    "tech": "FTTN",
    "upgrade": "NULL_NA",
    "gnaf_pid": "GAVIC421118604",
    "tech_change_status": "Not Planned"
   }
  },
  {
   "type": "Feature",
   "geometry": {
    "type": "Point",
    "coordinates": [
     145.4709028,
     -37.93492612
    ]
   },
   "properties": {
    "name": "11 MIMOSA AVENUE EMERALD 3782",
    "locID": "LOC000009698898",
    "tech": "FTTN",
    "upgrade": "NULL_NA",
    "gnaf_pid": "GAVIC421118740",
    "tech_change_status": "Not Planned"
   }
  },
  {
   "type": "Feature",
   "geometry": {
    "type": "Point",
    "coordinates": [
     145.449263,
     -37.932172
    ]
   },
   "properties": {
    "name": "27 BEACONSFIELD-EMERALD ROAD EMERALD 3782",
    "locID": "LOC000047540640",
    "tech": "FTTN",
    "upgrade": "FTTP_NA",
    "gnaf_pid": "GAVIC421118743",
    "tech_change_status": "Committed",
    "program_type": "On-Demand N2P SDU/MDU Simple",
    "target_eligibility_quarter": "Jun 2025"
   }
  },
  {
   "type": "Feature",
   "geometry": {
    "type": "Point",
    "coordinates": [
     145.449357,
     -37.93302038
    ]
   },
   "properties": {
    "name": "29 BEACONSFIELD-EMERALD ROAD EMERALD 3782",
    "locID": "LOC000107564320",
    "tech": "FTTN",
    "upgrade": "FTTP_NA",
    "gnaf_pid": "GAVIC421118744",
    "tech_change_status": "Committed",
    "program_type": "On-Demand N2P SDU/MDU Simple",
    "target_eligibility_quarter": "Jun 2025"
   }
  },
  {
   "type": "Feature",
   "geometry": {
    "type": "Point",
    "coordinates": [
     145.46461703,
     -37.92067647
    ]
   },
   "properties": {
    "name": "13 ALFRED GROVE EMERALD 3782",
    "locID": "LOC000007634431",
    "tech": "FTTP",
    "upgrade": "NULL_NA",
    "gnaf_pid": "GAVIC421119425",
    "tech_change_status": "Previous Tech Disconnected"
   }
  },
  {
   "type": "Feature",
   "geometry": {
    "type": "Point",
    "coordinates": [
     145.4645897,
     -37.91982635
    ]
   },
   "properties": {
    "name": "21 ALFRED GROVE EMERALD 3782",
    "locID": "LOC000083263941",
    "tech": "FTTP",
    "upgrade": "NULL_NA",
    "gnaf_pid": "GAVIC421119426",
    "tech_change_status": "Previous Tech Disconnected"
   }
  },
  {
   "type": "Feature",
   "geometry": {
    "type": "Point",
    "coordinates": [
     145.44286,
     -37.933056
    ]
   },
   "properties": {
    "name": "3-5 HEROES AVENUE EMERALD 3782",
    "locID": "LOC000040180472",
    "tech": "FTTN",
    "upgrade": "FTTP_NA",
    "gnaf_pid": "GAVIC421119440",
    "tech_change_status": "Committed",
    "program_type": "On-Demand N2P SDU/MDU Simple",
    "target_eligibility_quarter": "Jun 2025"
   }
  },
  {
   "type": "Feature",
   "geometry": {
    "type": "Point",
    "coordinates": [
     145.443695,
     -37.933356
    ]
   },
   "properties": {
    "name": "14 HEROES AVENUE EMERALD 3782",
    "locID": "LOC000093884675",
    "tech": "FTTN",
    "upgrade": "FTTP_NA",
    "gnaf_pid": "GAVIC421120122",
    "tech_change_status": "Committed",
    "program_type": "On-Demand N2P SDU/MDU Simple",
    "target_eligibility_quarter": "Jun 2025"
   }
  },
  {
   "type": "Feature",
   "geometry": {
    "type": "Point",
    "coordinates": [
     145.444414,
     -37.932716
    ]
   },
   "properties": {
    "name": "15 HEROES AVENUE EMERALD 3782",
    "locID": "LOC000125530697",
    "tech": "FTTN",
    "upgrade": "FTTP_NA",
    "gnaf_pid": "GAVIC421120123",
    "tech_change_status": "Committed",
    "program_type": "On-Demand N2P SDU/MDU Simple",
    "target_eligibility_quarter": "Jun 2025"
   }
  },
  {
   "type": "Feature",
   "geometry": {
    "type": "Point",
    "coordinates": [
     145.444576,
     -37.932592
    ]
   },
   "properties": {
    "name": "17 HEROES AVENUE EMERALD 3782",
    "locID": "LOC000044248587",
    "tech": "FTTN",
    "upgrade": "FTTP_NA",
    "gnaf_pid": "GAVIC421120124",
    "tech_change_status": "Committed",
    "program_type": "On-Demand N2P SDU/MDU Simple",
    "target_eligibility_quarter": "Jun 2025"
   }
  },
  {
   "type": "Feature",
   "geometry": {
    "type": "Point",
    "coordinates": [
     145.444233,
     -37.933219
    ]
   },
   "properties": {
    "name": "20 HEROES AVENUE EMERALD 3782",
    "locID": "LOC000080086612",
    "tech": "FTTN",
    "upgrade": "FTTP_NA",
    "gnaf_pid": "GAVIC421120125",
    "tech_change_status": "Committed",
    "program_type": "On-Demand N2P SDU/MDU Simple",
    "target_eligibility_quarter": "Jun 2025"
   }
  },
  {
   "type": "Feature",
   "geometry": {
    "type": "Point",
    "coordinates": [
     145.442369,
     -37.922893
    ]
   },
   "properties": {
    "name": "3 ORCHARD GROVE EMERALD 3782",
    "locID": "LOC000012652043",
    "tech": "FTTN",
    "upgrade": "FTTP_NA",
    "gnaf_pid": "GAVIC421120141",
    "tech_change_status": "Committed",
    "program_type": "On-Demand N2P SDU/MDU Simple",
    "target_eligibility_quarter": "Jun 2025"
   }
  },
  {
   "type": "Feature",
   "geometry": {
    "type": "Point",
    "coordinates": [
     145.446111,
     -37.930468
    ]
   },
   "properties": {
    "name": "3 BEACONSFIELD-EMERALD ROAD EMERALD 3782",
    "locID": "LOC000017023198",
    "tech": "FTTN",
    "upgrade": "FTTP_NA",
    "gnaf_pid": "GAVIC421120187",
    "tech_change_status": "Committed",
    "program_type": "On-Demand N2P SDU/MDU Simple",
    "target_eligibility_quarter": "Dec 2025"
   }
  },
  {
   "type": "Feature",
   "geometry": {
    "type": "Point",
    "coordinates": [
     145.446569,
     -37.93142
    ]
   },
   "properties": {
    "name": "13 BEACONSFIELD-EMERALD ROAD EMERALD 3782",
    "locID": "LOC000096625492",
    "tech": "FTTN",
    "upgrade": "FTTP_NA",
    "gnaf_pid": "GAVIC421120189",
    "tech_change_status": "Committed",
    "program_type": "On-Demand N2P SDU/MDU Simple",
    "target_eligibility_quarter": "Dec 2025"
   }
  },
  {
   "type": "Feature",
   "geometry": {
    "type": "Point",
    "coordinates": [
     145.440898,
     -37.931111
    ]
   },
   "properties": {
    "name": "4 FERRES ROAD EMERALD 3782",
    "locID": "LOC000022150421",
    "tech": "FTTN",
    "upgrade": "FTTP_NA",
    "gnaf_pid": "GAVIC421120287",
    "tech_change_status": "Committed",
    "program_type": "On-Demand N2P SDU/MDU Simple",
    "target_eligibility_quarter": "Jun 2025"
   }
  },
  {
   "type": "Feature",
   "geometry": {
    "type": "Point",
    "coordinates": [
     145.440874,
     -37.930624
    ]
   },
   "properties": {
    "name": "8 FERRES ROAD EMERALD 3782",
    "locID": "LOC000052107945",
    "tech": "FTTN",
    "upgrade": "FTTP_NA",
    "gnaf_pid": "GAVIC421120288",
    "tech_change_status": "Committed",
    "program_type": "On-Demand N2P SDU/MDU Simple",
    "target_eligibility_quarter": "Jun 2025"
   }
  },
  {
   "type": "Feature",
   "geometry": {
    "type": "Point",
    "coordinates": [
     145.440386,
     -37.928409
    ]
   },
   "properties": {
    "name": "27 FERRES ROAD EMERALD 3782",
    "locID": "LOC000069989877",
    "tech": "FTTN",
    "upgrade": "FTTP_NA",
    "gnaf_pid": "GAVIC421120289",
    "tech_change_status": "Committed",
    "program_type": "On-Demand N2P SDU/MDU Simple",
    "target_eligibility_quarter": "Jun 2025"
   }
  },
  {
   "type": "Feature",
   "geometry": {
    "type": "Point",
    "coordinates": [
     145.44028101,
     -37.92514851
    ]
   },
   "properties": {
    "name": "35-53 FERRES ROAD EMERALD 3782",
    "locID": "LOC000169818157",
    "tech": "FTTN",
    "upgrade": "FTTP_NA",
    "gnaf_pid": "GAVIC421120290",
    "tech_change_status": "Committed",
    "program_type": "On-Demand N2P SDU/MDU Simple",
    "target_eligibility_quarter": "Jun 2025"
   }
  },
  {
   "type": "Feature",
   "geometry": {
    "type": "Point",
    "coordinates": [
     145.44796873,
     -37.91817529
    ]
   },
   "properties": {
    "name": "1 FLORENCE AVENUE EMERALD 3782",
    "locID": "LOC000019579509",
    "tech": "FTTN",
    "upgrade": "NULL_NA",
    "gnaf_pid": "GAVIC421120291",
    "tech_change_status": "Not Planned"
   }
  },
  {
   "type": "Feature",
   "geometry": {
    "type": "Point",
    "coordinates": [
     145.44656776,
     -37.91929157
    ]
   },
   "properties": {
    "name": "18 FLORENCE AVENUE EMERALD 3782",
    "locID": "LOC000085012589",
    "tech": "FTTN",
    "upgrade": "NULL_NA",
    "gnaf_pid": "GAVIC421120292",
    "tech_change_status": "Not Planned"
   }
  },
  {
   "type": "Feature",
   "geometry": {
    "type": "Point",
    "coordinates": [
     145.44633141,
     -37.91952675
    ]
   },
   "properties": {
    "name": "20 FLORENCE AVENUE EMERALD 3782",
    "locID": "LOC000100388627",
    "tech": "FTTN",
    "upgrade": "NULL_NA",
    "gnaf_pid": "GAVIC421120293",
    "tech_change_status": "Not Planned"
   }
  },
  {
   "type": "Feature",
   "geometry": {
    "type": "Point",
    "coordinates": [
     145.445439,
     -37.898096
    ]
   },
   "properties": {
    "name": "2 HOLMAN ROAD EMERALD 3782",
    "locID": "LOC000103165292",
    "tech": "FTTN",
    "upgrade": "NULL_NA",
    "gnaf_pid": "GAVIC421121057",
    "tech_change_status": "Not Planned"
   }
  },
  {
   "type": "Feature",
   "geometry": {
    "type": "Point",
    "coordinates": [
     145.444437,
     -37.897632
    ]
   },
   "properties": {
    "name": "9 HOLMAN ROAD EMERALD 3782",
    "locID": "LOC000050202483",
    "tech": "FTTN",
    "upgrade": "NULL_NA",
    "gnaf_pid": "GAVIC421121058",
    "tech_change_status": "Not Planned"
   }
  },
  {
   "type": "Feature",
   "geometry": {
    "type": "Point",
    "coordinates": [
     145.437536,
     -37.929777
    ]
   },
   "properties": {
    "name": "3 PARADISE GROVE EMERALD 3782",
    "locID": "LOC000057848264",
    "tech": "FTTN",
    "upgrade": "FTTP_NA",
    "gnaf_pid": "GAVIC421121064",
    "tech_change_status": "Committed",
    "program_type": "On-Demand N2P SDU/MDU Simple",
    "target_eligibility_quarter": "Jun 2025"
   }
  },
  {
   "type": "Feature",
   "geometry": {
    "type": "Point",
    "coordinates": [
     145.438674,
     -37.931883
    ]
   },
   "properties": {
    "name": "273 BELGRAVE-GEMBROOK ROAD EMERALD 3782",
    "locID": "LOC000125534833",
    "tech": "FTTN",
    "upgrade": "FTTP_NA",
    "gnaf_pid": "GAVIC421121116",
    "tech_change_status": "Committed",
    "program_type": "On-Demand N2P SDU/MDU Simple",
    "target_eligibility_quarter": "Jun 2025"
   }
  },
  {
   "type": "Feature",
   "geometry": {
    "type": "Point",
    "coordinates": [
     145.439881,
     -37.931854
    ]
   },
   "properties": {
    "name": "297 BELGRAVE-GEMBROOK ROAD EMERALD 3782",
    "locID": "LOC000076966864",
    "tech": "FTTN",
    "upgrade": "FTTP_NA",
    "gnaf_pid": "GAVIC421121118",
    "tech_change_status": "Committed",
    "program_type": "On-Demand N2P SDU/MDU Simple",
    "target_eligibility_quarter": "Jun 2025"
   }
  },
  {
   "type": "Feature",
   "geometry": {
    "type": "Point",
    "coordinates": [
     145.440958,
     -37.93258
    ]
   },
   "properties": {
    "name": "1 KILVINGTON DRIVE EMERALD 3782",
    "locID": "LOC000067069605",
    "tech": "FTTN",
    "upgrade": "FTTP_NA",
    "gnaf_pid": "GAVIC421121134",
    "tech_change_status": "Committed",
    "program_type": "On-Demand N2P SDU/MDU Simple",
    "target_eligibility_quarter": "Jun 2025"
   }
  },
  {
   "type": "Feature",
   "geometry": {
    "type": "Point",
    "coordinates": [
     145.43981224,
     -37.93586631
    ]
   },
   "properties": {
    "name": "22 KILVINGTON DRIVE EMERALD 3782",
    "locID": "LOC000169865534",
    "tech": "FTTN",
    "upgrade": "NULL_NA",
    "gnaf_pid": "GAVIC421121135",
    "tech_change_status": "Not Planned"
   }
  },
  {
   "type": "Feature",
   "geometry": {
    "type": "Point",
    "coordinates": [
     145.443499,
     -37.931884
    ]
   },
   "properties": {
    "name": "13 KINGS ROAD EMERALD 3782",
    "locID": "LOC000087598669",
    "tech": "FTTN",
    "upgrade": "FTTP_NA",
    "gnaf_pid": "GAVIC421121136",
    "tech_change_status": "Committed",
    "program_type": "On-Demand N2P SDU/MDU Simple",
    "target_eligibility_quarter": "Jun 2025"
   }
  },
  {
   "type": "Feature",
   "geometry": {
    "type": "Point",
    "coordinates": [
     145.444446,
     -37.93123
    ]
   },
   "properties": {
    "name": "25 KINGS ROAD EMERALD 3782",
    "locID": "LOC000025172104",
    "tech": "FTTN",
    "upgrade": "FTTP_NA",
    "gnaf_pid": "GAVIC421121137",
    "tech_change_status": "Committed",
    "program_type": "On-Demand N2P SDU/MDU Simple",
    "target_eligibility_quarter": "Jun 2025"
   }
  },
  {
   "type": "Feature",
   "geometry": {
    "type": "Point",
    "coordinates": [
     145.46291562,
     -37.92224674
    ]
   },
   "properties": {
    "name": "4 RONALD ROAD EMERALD 3782",
    "locID": "LOC000052489410",
    "tech": "FTTN",
    "upgrade": "FTTP_NA",
    "gnaf_pid": "GAVIC421121143",
    "tech_change_status": "Committed",
    "program_type": "On-Demand N2P SDU/MDU Simple",
    "target_eligibility_quarter": "Jun 2025"
   }
  },
  {
   "type": "Feature",
   "geometry": {
    "type": "Point",
    "coordinates": [
     145.46282329,
     -37.91965911
    ]
   },
   "properties": {
    "name": "26 RONALD ROAD EMERALD 3782",
    "locID": "LOC000096968995",
    "tech": "FTTN",
    "upgrade": "FTTP_NA",
    "gnaf_pid": "GAVIC421121144",
    "tech_change_status": "Committed",
    "program_type": "On-Demand N2P SDU/MDU Simple",
    "target_eligibility_quarter": "Jun 2025"
   }
  },
  {
   "type": "Feature",
   "geometry": {
    "type": "Point",
    "coordinates": [
     145.457037,
     -37.926547
    ]
   },
   "properties": {
    "name": "1 ROYAL PARADE EMERALD 3782",
    "locID": "LOC000024791279",
    "tech": "FTTN",
    "upgrade": "NULL_NA",
    "gnaf_pid": "GAVIC421121146",
    "tech_change_status": "Not Planned"
   }
  },
  {
   "type": "Feature",
   "geometry": {
    "type": "Point",
    "coordinates": [
     145.456997,
     -37.926817
    ]
   },
   "properties": {
    "name": "3 ROYAL PARADE EMERALD 3782",
    "locID": "LOC000010977757",
    "tech": "FTTN",
    "upgrade": "NULL_NA",
    "gnaf_pid": "GAVIC421121147",
    "tech_change_status": "Not Planned"
   }
  },
  {
   "type": "Feature",
   "geometry": {
    "type": "Point",
    "coordinates": [
     145.456477,
     -37.927215
    ]
   },
   "properties": {
    "name": "4 ROYAL PARADE EMERALD 3782",
    "locID": "LOC000096937751",
    "tech": "FTTN",
    "upgrade": "NULL_NA",
    "gnaf_pid": "GAVIC421121148",
    "tech_change_status": "Not Planned"
   }
  },
  {
   "type": "Feature",
   "geometry": {
    "type": "Point",
    "coordinates": [
     145.456947,
     -37.927023
    ]
   },
   "properties": {
    "name": "5 ROYAL PARADE EMERALD 3782",
    "locID": "LOC000035314341",
    "tech": "FTTN",
    "upgrade": "NULL_NA",
    "gnaf_pid": "GAVIC421121149",
    "tech_change_status": "Not Planned"
   }
  },
  {
   "type": "Feature",
   "geometry": {
    "type": "Point",
    "coordinates": [
     145.43788559,
     -37.93695763
    ]
   },
   "properties": {
    "name": "1 UPTON ROAD EMERALD 3782",
    "locID": "LOC000081071084",
    "tech": "FTTN",
    "upgrade": "NULL_NA",
    "gnaf_pid": "GAVIC421123003",
    "tech_change_status": "Not Planned"
   }
  },
  {
   "type": "Feature",
   "geometry": {
    "type": "Point",
    "coordinates": [
     145.46373927,
     -37.92935345
    ]
   },
   "properties": {
    "name": "22 BELLBIRD CRESCENT EMERALD 3782",
    "locID": "LOC000001918205",
    "tech": "FTTN",
    "upgrade": "FTTP_NA",
    "gnaf_pid": "GAVIC421123098",
    "tech_change_status": "Committed",
    "program_type": "On-Demand N2P SDU/MDU Simple",
    "target_eligibility_quarter": "Jun 2025"
   }
  },
  {
   "type": "Feature",
   "geometry": {
    "type": "Point",
    "coordinates": [
     145.455172,
     -37.917249
    ]
   },
   "properties": {
    "name": "34 LAKESIDE DRIVE EMERALD 3782",
    "locID": "LOC000056206710",
    "tech": "FTTN",
    "upgrade": "NULL_NA",
    "gnaf_pid": "GAVIC421123307",
    "tech_change_status": "Not Planned"
   }
  },
  {
   "type": "Feature",
   "geometry": {
    "type": "Point",
    "coordinates": [
     145.4555975,
     -37.91694199
    ]
   },
   "properties": {
    "name": "36 LAKESIDE DRIVE EMERALD 3782",
    "locID": "LOC000015197213",
    "tech": "FTTN",
    "upgrade": "NULL_NA",
    "gnaf_pid": "GAVIC421123308",
    "tech_change_status": "Not Planned"
   }
  },
  {
   "type": "Feature",
   "geometry": {
    "type": "Point",
    "coordinates": [
     145.432013,
     -37.934246
    ]
   },
   "properties": {
    "name": "10 LEIGHTON AVENUE EMERALD 3782",
    "locID": "LOC000106988798",
    "tech": "FTTN",
    "upgrade": "FTTP_NA",
    "gnaf_pid": "GAVIC421123319",
    "tech_change_status": "Committed",
    "program_type": "On-Demand N2P SDU/MDU Simple",
    "target_eligibility_quarter": "Jun 2025"
   }
  },
  {
   "type": "Feature",
   "geometry": {
    "type": "Point",
    "coordinates": [
     145.447118,
     -37.917765
    ]
   },
   "properties": {
    "name": "10 CHARMAN AVENUE EMERALD 3782",
    "locID": "LOC000087104433",
    "tech": "FTTN",
    "upgrade": "NULL_NA",
    "gnaf_pid": "GAVIC421123340",
    "tech_change_status": "Not Planned"
   }
  },
  {
   "type": "Feature",
   "geometry": {
    "type": "Point",
    "coordinates": [
     145.44409013,
     -37.91915077
    ]
   },
   "properties": {
    "name": "22 CHARMAN AVENUE EMERALD 3782",
    "locID": "LOC000059761958",
    "tech": "FTTN",
    "upgrade": "NULL_NA",
    "gnaf_pid": "GAVIC421123341",
    "tech_change_status": "Not Planned"
   }
  },
  {
   "type": "Feature",
   "geometry": {
    "type": "Point",
    "coordinates": [
     145.438446,
     -37.93352
    ]
   },
   "properties": {
    "name": "12 MEMORIAL AVENUE EMERALD 3782",
    "locID": "LOC000030271652",
    "tech": "FTTN",
    "upgrade": "FTTP_NA",
    "gnaf_pid": "GAVIC421123343",
    "tech_change_status": "Committed",
    "program_type": "On-Demand N2P SDU/MDU Simple",
    "target_eligibility_quarter": "Jun 2025"
   }
  },
  {
   "type": "Feature",
   "geometry": {
    "type": "Point",
    "coordinates": [
     145.46872239,
     -37.92761935
    ]
   },
   "properties": {
    "name": "6 WRIGHT ROAD EMERALD 3782",
    "locID": "LOC000040253745",
    "tech": "FTTN",
    "upgrade": "FTTP_NA",
    "gnaf_pid": "GAVIC421126093",
    "tech_change_status": "Committed",
    "program_type": "On-Demand N2P SDU/MDU Simple",
    "target_eligibility_quarter": "Jun 2025"
   }
  },
  {
   "type": "Feature",
   "geometry": {
    "type": "Point",
    "coordinates": [
     145.469536,
     -37.926791
    ]
   },
   "properties": {
    "name": "4 WRIGHT ROAD EMERALD 3782",
    "locID": "LOC000106373570",
    "tech": "FTTN",
    "upgrade": "FTTP_NA",
    "gnaf_pid": "GAVIC421126094",
    "tech_change_status": "Committed",
    "program_type": "On-Demand N2P SDU/MDU Simple",
    "target_eligibility_quarter": "Jun 2025"
   }
  },
  {
   "type": "Feature",
   "geometry": {
    "type": "Point",
    "coordinates": [
     145.445038,
     -37.897703
    ]
   },
   "properties": {
    "name": "13 HOLMAN ROAD EMERALD 3782",
    "locID": "LOC000069748099",
    "tech": "FTTN",
    "upgrade": "NULL_NA",
    "gnaf_pid": "GAVIC421126135",
    "tech_change_status": "Not Planned"
   }
  },
  {
   "type": "Feature",
   "geometry": {
    "type": "Point",
    "coordinates": [
     145.43578,
     -37.928844
    ]
   },
   "properties": {
    "name": "12 PINNOCKS ROAD EMERALD 3782",
    "locID": "LOC000067207692",
    "tech": "FTTN",
    "upgrade": "FTTP_NA",
    "gnaf_pid": "GAVIC421126153",
    "tech_change_status": "Committed",
    "program_type": "On-Demand N2P SDU/MDU Simple",
    "target_eligibility_quarter": "Dec 2025"
   }
  },
  {
   "type": "Feature",
   "geometry": {
    "type": "Point",
    "coordinates": [
     145.45180783,
     -37.91712899
    ]
   },
   "properties": {
    "name": "4 POPLAR CRESCENT EMERALD 3782",
    "locID": "LOC000092136244",
    "tech": "FTTN",
    "upgrade": "NULL_NA",
    "gnaf_pid": "GAVIC421126154",
    "tech_change_status": "Not Planned"
   }
  },
  {
   "type": "Feature",
   "geometry": {
    "type": "Point",
    "coordinates": [
     145.45417137,
     -37.91598228
    ]
   },
   "properties": {
    "name": "13 POPLAR CRESCENT EMERALD 3782",
    "locID": "LOC000068134791",
    "tech": "FTTN",
    "upgrade": "NULL_NA",
    "gnaf_pid": "GAVIC421126155",
    "tech_change_status": "Not Planned"
   }
  },
  {
   "type": "Feature",
   "geometry": {
    "type": "Point",
    "coordinates": [
     145.45389132,
     -37.91549968
    ]
   },
   "properties": {
    "name": "16 POPLAR CRESCENT EMERALD 3782",
    "locID": "LOC000080020116",
    "tech": "FTTN",
    "upgrade": "NULL_NA",
    "gnaf_pid": "GAVIC421126156",
    "tech_change_status": "Not Planned"
   }
  },
  {
   "type": "Feature",
   "geometry": {
    "type": "Point",
    "coordinates": [
     145.45434356,
     -37.91534451
    ]
   },
   "properties": {
    "name": "17 POPLAR CRESCENT EMERALD 3782",
    "locID": "LOC000022765000",
    "tech": "FTTN",
    "upgrade": "NULL_NA",
    "gnaf_pid": "GAVIC421126157",
    "tech_change_status": "Not Planned"
   }
  },
  {
   "type": "Feature",
   "geometry": {
    "type": "Point",
    "coordinates": [
     145.4395118,
     -37.92120356
    ]
   },
   "properties": {
    "name": "4 PRINCE STREET EMERALD 3782",
    "locID": "LOC000032778432",
    "tech": "FTTN",
    "upgrade": "NULL_NA",
    "gnaf_pid": "GAVIC421126161",
    "tech_change_status": "Not Planned"
   }
  },
  {
   "type": "Feature",
   "geometry": {
    "type": "Point",
    "coordinates": [
     145.447114,
     -37.9304
    ]
   },
   "properties": {
    "name": "6 PRINCESS AVENUE EMERALD 3782",
    "locID": "LOC000038764365",
    "tech": "FTTN",
    "upgrade": "FTTP_NA",
    "gnaf_pid": "GAVIC421126163",
    "tech_change_status": "Committed",
    "program_type": "On-Demand N2P SDU/MDU Simple",
    "target_eligibility_quarter": "Dec 2025"
   }
  },
  {
   "type": "Feature",
   "geometry": {
    "type": "Point",
    "coordinates": [
     145.446533,
     -37.91262
    ]
   },
   "properties": {
    "name": "1 SUNNYSIDE TERRACE EMERALD 3782",
    "locID": "LOC000056982717",
    "tech": "FTTN",
    "upgrade": "NULL_NA",
    "gnaf_pid": "GAVIC421126196",
    "tech_change_status": "Not Planned"
   }
  },
  {
   "type": "Feature",
   "geometry": {
    "type": "Point",
    "coordinates": [
     145.44608495,
     -37.91077781
    ]
   },
   "properties": {
    "name": "17 SUNNYSIDE TERRACE EMERALD 3782",
    "locID": "LOC000041259477",
    "tech": "FTTN",
    "upgrade": "NULL_NA",
    "gnaf_pid": "GAVIC421126200",
    "tech_change_status": "Not Planned"
   }
  },
  {
   "type": "Feature",
   "geometry": {
    "type": "Point",
    "coordinates": [
     145.445067,
     -37.910402
    ]
   },
   "properties": {
    "name": "23 SUNNYSIDE TERRACE EMERALD 3782",
    "locID": "LOC000004405398",
    "tech": "FTTN",
    "upgrade": "NULL_NA",
    "gnaf_pid": "GAVIC421126201",
    "tech_change_status": "Not Planned"
   }
  },
  {
   "type": "Feature",
   "geometry": {
    "type": "Point",
    "coordinates": [
     145.446613,
     -37.908241
    ]
   },
   "properties": {
    "name": "32 SUNNYSIDE TERRACE EMERALD 3782",
    "locID": "LOC000026963952",
    "tech": "FTTN",
    "upgrade": "NULL_NA",
    "gnaf_pid": "GAVIC421126202",
    "tech_change_status": "Not Planned"
   }
  },
  {
   "type": "Feature",
   "geometry": {
    "type": "Point",
    "coordinates": [
     145.45518432,
     -37.91592665
    ]
   },
   "properties": {
    "name": "10 SYCAMORE AVENUE EMERALD 3782",
    "locID": "LOC000087039836",
    "tech": "FTTN",
    "upgrade": "NULL_NA",
    "gnaf_pid": "GAVIC421126210",
    "tech_change_status": "Not Planned"
   }
  },
  {
   "type": "Feature",
   "geometry": {
    "type": "Point",
    "coordinates": [
     145.43958143,
     -37.91962517
    ]
   },
   "properties": {
    "name": "18 SYDNEY AVENUE EMERALD 3782",
    "locID": "LOC000013833635",
    "tech": "FTTN",
    "upgrade": "NULL_NA",
    "gnaf_pid": "GAVIC421126211",
    "tech_change_status": "Not Planned"
   }
  },
  {
   "type": "Feature",
   "geometry": {
    "type": "Point",
    "coordinates": [
     145.441965,
     -37.926907
    ]
   },
   "properties": {
    "name": "7 CORNISH ROAD EMERALD 3782",
    "locID": "LOC000094373897",
    "tech": "FTTN",
    "upgrade": "FTTP_NA",
    "gnaf_pid": "GAVIC421127651",
    "tech_change_status": "Committed",
    "program_type": "On-Demand N2P SDU/MDU Simple",
    "target_eligibility_quarter": "Jun 2025"
   }
  },
  {
   "type": "Feature",
   "geometry": {
    "type": "Point",
    "coordinates": [
     145.450298,
     -37.918041
    ]
   },
   "properties": {
    "name": "66 EMERALD-MONBULK ROAD EMERALD 3782",
    "locID": "LOC000089608952",
    "tech": "FTTN",
    "upgrade": "NULL_NA",
    "gnaf_pid": "GAVIC421127716",
    "tech_change_status": "Not Planned"
   }
  },
  {
   "type": "Feature",
   "geometry": {
    "type": "Point",
    "coordinates": [
     145.44965369,
     -37.91717277
    ]
   },
   "properties": {
    "name": "71 EMERALD-MONBULK ROAD EMERALD 3782",
    "locID": "LOC000032665061",
    "tech": "FTTN",
    "upgrade": "NULL_NA",
    "gnaf_pid": "GAVIC421127717",
    "tech_change_status": "Not Planned"
   }
  },
  {
   "type": "Feature",
   "geometry": {
    "type": "Point",
    "coordinates": [
     145.4491651,
     -37.91577469
    ]
   },
   "properties": {
    "name": "78 EMERALD-MONBULK ROAD EMERALD 3782",
    "locID": "LOC000033126755",
    "tech": "FTTN",
    "upgrade": "NULL_NA",
    "gnaf_pid": "GAVIC421127719",
    "tech_change_status": "Not Planned"
   }
  },
  {
   "type": "Feature",
   "geometry": {
    "type": "Point",
    "coordinates": [
     145.44878271,
     -37.91560041
    ]
   },
   "properties": {
    "name": "80 EMERALD-MONBULK ROAD EMERALD 3782",
    "locID": "LOC000037645808",
    "tech": "FTTN",
    "upgrade": "NULL_NA",
    "gnaf_pid": "GAVIC421127720",
    "tech_change_status": "Not Planned"
   }
  },
  {
   "type": "Feature",
   "geometry": {
    "type": "Point",
    "coordinates": [
     145.44464357,
     -37.91475379
    ]
   },
   "properties": {
    "name": "81 EMERALD-MONBULK ROAD EMERALD 3782",
    "locID": "LOC000094492796",
    "tech": "FTTN",
    "upgrade": "NULL_NA",
    "gnaf_pid": "GAVIC421127721",
    "tech_change_status": "Not Planned"
   }
  },
  {
   "type": "Feature",
   "geometry": {
    "type": "Point",
    "coordinates": [
     145.432702,
     -37.935021
    ]
   },
   "properties": {
    "name": "38 WESTLANDS ROAD EMERALD 3782",
    "locID": "LOC000090998311",
    "tech": "FTTN",
    "upgrade": "FTTP_NA",
    "gnaf_pid": "GAVIC421127755",
    "tech_change_status": "Committed",
    "program_type": "On-Demand N2P SDU/MDU Simple",
    "target_eligibility_quarter": "Dec 2025"
   }
  },
  {
   "type": "Feature",
   "geometry": {
    "type": "Point",
    "coordinates": [
     145.432558,
     -37.935398
    ]
   },
   "properties": {
    "name": "42 WESTLANDS ROAD EMERALD 3782",
    "locID": "LOC000103216550",
    "tech": "FTTN",
    "upgrade": "FTTP_NA",
    "gnaf_pid": "GAVIC421127756",
    "tech_change_status": "Committed",
    "program_type": "On-Demand N2P SDU/MDU Simple",
    "target_eligibility_quarter": "Jun 2025"
   }
  },
  {
   "type": "Feature",
   "geometry": {
    "type": "Point",
    "coordinates": [
     145.432486,
     -37.935559
    ]
   },
   "properties": {
    "name": "44 WESTLANDS ROAD EMERALD 3782",
    "locID": "LOC000049263895",
    "tech": "FTTN",
    "upgrade": "FTTP_NA",
    "gnaf_pid": "GAVIC421127757",
    "tech_change_status": "Committed",
    "program_type": "On-Demand N2P SDU/MDU Simple",
    "target_eligibility_quarter": "Jun 2025"
   }
  },
  {
   "type": "Feature",
   "geometry": {
    "type": "Point",
    "coordinates": [
     145.43239,
     -37.935801
    ]
   },
   "properties": {
    "name": "46 WESTLANDS ROAD EMERALD 3782",
    "locID": "LOC000004369387",
    "tech": "FTTN",
    "upgrade": "FTTP_NA",
    "gnaf_pid": "GAVIC421127758",
    "tech_change_status": "Committed",
    "program_type": "On-Demand N2P SDU/MDU Simple",
    "target_eligibility_quarter": "Jun 2025"
   }
  },
  {
   "type": "Feature",
   "geometry": {
    "type": "Point",
    "coordinates": [
     145.43142131,
     -37.93708906
    ]
   },
   "properties": {
    "name": "48 WESTLANDS ROAD EMERALD 3782",
    "locID": "LOC000011034298",
    "tech": "FTTN",
    "upgrade": "FTTP_NA",
    "gnaf_pid": "GAVIC421127759",
    "tech_change_status": "Committed",
    "program_type": "On-Demand N2P SDU/MDU Simple",
    "target_eligibility_quarter": "Jun 2025"
   }
  },
  {
   "type": "Feature",
   "geometry": {
    "type": "Point",
    "coordinates": [
     145.46888453,
     -37.91928514
    ]
   },
   "properties": {
    "name": "17 MACCLESFIELD ROAD EMERALD 3782",
    "locID": "LOC000077165732",
    "tech": "FTTN",
    "upgrade": "FTTP_NA",
    "gnaf_pid": "GAVIC421128926",
    "tech_change_status": "Committed",
    "program_type": "On-Demand N2P SDU/MDU Simple",
    "target_eligibility_quarter": "Jun 2025"
   }
  },
  {
   "type": "Feature",
   "geometry": {
    "type": "Point",
    "coordinates": [
     145.4696877,
     -37.91729171
    ]
   },
   "properties": {
    "name": "39 MACCLESFIELD ROAD EMERALD 3782",
    "locID": "LOC000070567933",
    "tech": "FTTN",
    "upgrade": "FTTP_NA",
    "gnaf_pid": "GAVIC421128927",
    "tech_change_status": "Committed",
    "program_type": "On-Demand N2P SDU/MDU Simple",
    "target_eligibility_quarter": "Jun 2025"
   }
  },
  {
   "type": "Feature",
   "geometry": {
    "type": "Point",
    "coordinates": [
     145.432832,
     -37.93213
    ]
   },
   "properties": {
    "name": "22 CHURCH STREET EMERALD 3782",
    "locID": "LOC000063292162",
    "tech": "FTTN",
    "upgrade": "FTTP_NA",
    "gnaf_pid": "GAVIC421128954",
    "tech_change_status": "Committed",
    "program_type": "On-Demand N2P SDU/MDU Simple",
    "target_eligibility_quarter": "Jun 2025"
   }
  },
  {
   "type": "Feature",
   "geometry": {
    "type": "Point",
    "coordinates": [
     145.43349811,
     -37.9324358
    ]
   },
   "properties": {
    "name": "25 CHURCH STREET EMERALD 3782",
    "locID": "LOC000094867356",
    "tech": "FTTN",
    "upgrade": "FTTP_NA",
    "gnaf_pid": "GAVIC421128956",
    "tech_change_status": "Committed",
    "program_type": "On-Demand N2P SDU/MDU Simple",
    "target_eligibility_quarter": "Jun 2025"
   }
  },
  {
   "type": "Feature",
   "geometry": {
    "type": "Point",
    "coordinates": [
     145.45764601,
     -37.9187138
    ]
   },
   "properties": {
    "name": "1 MESSMATE COURT EMERALD 3782",
    "locID": "LOC000047060320",
    "tech": "FTTN",
    "upgrade": "NULL_NA",
    "gnaf_pid": "GAVIC421128959",
    "tech_change_status": "Not Planned"
   }
  },
  {
   "type": "Feature",
   "geometry": {
    "type": "Point",
    "coordinates": [
     145.45800584,
     -37.91953282
    ]
   },
   "properties": {
    "name": "4 MESSMATE COURT EMERALD 3782",
    "locID": "LOC000016861163",
    "tech": "FTTN",
    "upgrade": "NULL_NA",
    "gnaf_pid": "GAVIC421128960",
    "tech_change_status": "Not Planned"
   }
  },
  {
   "type": "Feature",
   "geometry": {
    "type": "Point",
    "coordinates": [
     145.45876695,
     -37.91954613
    ]
   },
   "properties": {
    "name": "6 MESSMATE COURT EMERALD 3782",
    "locID": "LOC000104603343",
    "tech": "FTTN",
    "upgrade": "NULL_NA",
    "gnaf_pid": "GAVIC421128961",
    "tech_change_status": "Not Planned"
   }
  },
  {
   "type": "Feature",
   "geometry": {
    "type": "Point",
    "coordinates": [
     145.45966415,
     -37.91935339
    ]
   },
   "properties": {
    "name": "10 MESSMATE COURT EMERALD 3782",
    "locID": "LOC000042658084",
    "tech": "FTTN",
    "upgrade": "NULL_NA",
    "gnaf_pid": "GAVIC421128962",
    "tech_change_status": "Not Planned"
   }
  },
  {
   "type": "Feature",
   "geometry": {
    "type": "Point",
    "coordinates": [
     145.441684,
     -37.931635
    ]
   },
   "properties": {
    "name": "325 BELGRAVE-GEMBROOK ROAD EMERALD 3782",
    "locID": "LOC000007139245",
    "tech": "FTTN",
    "upgrade": "FTTP_NA",
    "gnaf_pid": "GAVIC421129727",
    "tech_change_status": "Committed",
    "program_type": "On-Demand N2P SDU/MDU Simple",
    "target_eligibility_quarter": "Jun 2025"
   }
  },
  {
   "type": "Feature",
   "geometry": {
    "type": "Point",
    "coordinates": [
     145.44234208,
     -37.93118302
    ]
   },
   "properties": {
    "name": "333 BELGRAVE-GEMBROOK ROAD EMERALD 3782",
    "locID": "LOC000184321253",
    "tech": "FTTN",
    "upgrade": "FTTP_NA",
    "gnaf_pid": "GAVIC421129728",
    "tech_change_status": "Committed",
    "program_type": "On-Demand N2P SDU/MDU Simple",
    "target_eligibility_quarter": "Dec 2025"
   }
  },
  {
   "type": "Feature",
   "geometry": {
    "type": "Point",
    "coordinates": [
     145.442804,
     -37.930847
    ]
   },
   "properties": {
    "name": "337 BELGRAVE-GEMBROOK ROAD EMERALD 3782",
    "locID": "LOC000057025776",
    "tech": "FTTN",
    "upgrade": "FTTP_NA",
    "gnaf_pid": "GAVIC421129729",
    "tech_change_status": "Committed",
    "program_type": "On-Demand N2P SDU/MDU Simple",
    "target_eligibility_quarter": "Jun 2025"
   }
  },
  {
   "type": "Feature",
   "geometry": {
    "type": "Point",
    "coordinates": [
     145.443046,
     -37.93067
    ]
   },
   "properties": {
    "name": "339 BELGRAVE-GEMBROOK ROAD EMERALD 3782",
    "locID": "LOC000014791877",
    "tech": "FTTN",
    "upgrade": "FTTP_NA",
    "gnaf_pid": "GAVIC421129730",
    "tech_change_status": "Committed",
    "program_type": "On-Demand N2P SDU/MDU Simple",
    "target_eligibility_quarter": "Jun 2025"
   }
  },
  {
   "type": "Feature",
   "geometry": {
    "type": "Point",
    "coordinates": [
     145.443312,
     -37.930503
    ]
   },
   "properties": {
    "name": "341 BELGRAVE-GEMBROOK ROAD EMERALD 3782",
    "locID": "LOC000009683231",
    "tech": "FTTN",
    "upgrade": "FTTP_NA",
    "gnaf_pid": "GAVIC421129731",
    "tech_change_status": "Committed",
    "program_type": "On-Demand N2P SDU/MDU Simple",
    "target_eligibility_quarter": "Jun 2025"
   }
  },
  {
   "type": "Feature",
   "geometry": {
    "type": "Point",
    "coordinates": [
     145.444109,
     -37.929945
    ]
   },
   "properties": {
    "name": "347 BELGRAVE-GEMBROOK ROAD EMERALD 3782",
    "locID": "LOC000065768202",
    "tech": "FTTN",
    "upgrade": "FTTP_NA",
    "gnaf_pid": "GAVIC421129733",
    "tech_change_status": "Committed",
    "program_type": "On-Demand N2P SDU/MDU Simple",
    "target_eligibility_quarter": "Dec 2025"
   }
  },
  {
   "type": "Feature",
   "geometry": {
    "type": "Point",
    "coordinates": [
     145.441802,
     -37.93197
    ]
   },
   "properties": {
    "name": "360 BELGRAVE-GEMBROOK ROAD EMERALD 3782",
    "locID": "LOC000096507908",
    "tech": "FTTN",
    "upgrade": "FTTP_NA",
    "gnaf_pid": "GAVIC421129734",
    "tech_change_status": "Committed",
    "program_type": "On-Demand N2P SDU/MDU Simple",
    "target_eligibility_quarter": "Jun 2025"
   }
  },
  {
   "type": "Feature",
   "geometry": {
    "type": "Point",
    "coordinates": [
     145.44488525,
     -37.92874859
    ]
   },
   "properties": {
    "name": "367 BELGRAVE-GEMBROOK ROAD EMERALD 3782",
    "locID": "LOC000018529883",
    "tech": "FTTN",
    "upgrade": "FTTP_NA",
    "gnaf_pid": "GAVIC421129735",
    "tech_change_status": "Committed",
    "program_type": "On-Demand N2P SDU/MDU Simple",
    "target_eligibility_quarter": "Dec 2025"
   }
  },
  {
   "type": "Feature",
   "geometry": {
    "type": "Point",
    "coordinates": [
     145.446545,
     -37.927166
    ]
   },
   "properties": {
    "name": "391 BELGRAVE-GEMBROOK ROAD EMERALD 3782",
    "locID": "LOC000042295848",
    "tech": "FTTN",
    "upgrade": "FTTP_NA",
    "gnaf_pid": "GAVIC421129736",
    "tech_change_status": "Committed",
    "program_type": "On-Demand N2P SDU/MDU Simple",
    "target_eligibility_quarter": "Dec 2025"
   }
  },
  {
   "type": "Feature",
   "geometry": {
    "type": "Point",
    "coordinates": [
     145.4448247,
     -37.9299271
    ]
   },
   "properties": {
    "name": "396 BELGRAVE-GEMBROOK ROAD EMERALD 3782",
    "locID": "LOC000089816410",
    "tech": "FTTN",
    "upgrade": "FTTP_NA",
    "gnaf_pid": "GAVIC421129737",
    "tech_change_status": "Committed",
    "program_type": "On-Demand N2P SDU/MDU Simple",
    "target_eligibility_quarter": "Dec 2025"
   }
  },
  {
   "type": "Feature",
   "geometry": {
    "type": "Point",
    "coordinates": [
     145.45500695,
     -37.92698984
    ]
   },
   "properties": {
    "name": "404 BELGRAVE-GEMBROOK ROAD EMERALD 3782",
    "locID": "LOC000029339747",
    "tech": "FTTN",
    "upgrade": "NULL_NA",
    "gnaf_pid": "GAVIC421129738",
    "tech_change_status": "Not Planned"
   }
  },
  {
   "type": "Feature",
   "geometry": {
    "type": "Point",
    "coordinates": [
     145.457112,
     -37.925692
    ]
   },
   "properties": {
    "name": "418 BELGRAVE-GEMBROOK ROAD EMERALD 3782",
    "locID": "LOC000020343068",
    "tech": "FTTN",
    "upgrade": "NULL_NA",
    "gnaf_pid": "GAVIC421129740",
    "tech_change_status": "Not Planned"
   }
  },
  {
   "type": "Feature",
   "geometry": {
    "type": "Point",
    "coordinates": [
     145.448947,
     -37.917888
    ]
   },
   "properties": {
    "name": "3 CHARMAN AVENUE EMERALD 3782",
    "locID": "LOC000062461370",
    "tech": "FTTN",
    "upgrade": "NULL_NA",
    "gnaf_pid": "GAVIC421129752",
    "tech_change_status": "Not Planned"
   }
  },
  {
   "type": "Feature",
   "geometry": {
    "type": "Point",
    "coordinates": [
     145.448515,
     -37.917909
    ]
   },
   "properties": {
    "name": "5 CHARMAN AVENUE EMERALD 3782",
    "locID": "LOC000101708467",
    "tech": "FTTN",
    "upgrade": "NULL_NA",
    "gnaf_pid": "GAVIC421129753",
    "tech_change_status": "Not Planned"
   }
  },
  {
   "type": "Feature",
   "geometry": {
    "type": "Point",
    "coordinates": [
     145.44835062,
     -37.91762084
    ]
   },
   "properties": {
    "name": "6 CHARMAN AVENUE EMERALD 3782",
    "locID": "LOC000080893840",
    "tech": "FTTN",
    "upgrade": "NULL_NA",
    "gnaf_pid": "GAVIC421129754",
    "tech_change_status": "Not Planned"
   }
  },
  {
   "type": "Feature",
   "geometry": {
    "type": "Point",
    "coordinates": [
     145.464748,
     -37.92248539
    ]
   },
   "properties": {
    "name": "433-437 BELGRAVE-GEMBROOK ROAD EMERALD 3782",
    "locID": "LOC000106536382",
    "tech": "FTTN",
    "upgrade": "FTTP",
    "gnaf_pid": "GAVIC421132569",
    "tech_change_status": "Eligible to Order"
   }
  },
  {
   "type": "Feature",
   "geometry": {
    "type": "Point",
    "coordinates": [
     145.451915,
     -37.91744
    ]
   },
   "properties": {
    "name": "5 POPLAR CRESCENT EMERALD 3782",
    "locID": "LOC000017772791",
    "tech": "FTTN",
    "upgrade": "NULL_NA",
    "gnaf_pid": "GAVIC421132573",
    "tech_change_status": "Not Planned"
   }
  },
  {
   "type": "Feature",
   "geometry": {
    "type": "Point",
    "coordinates": [
     145.4498914,
     -37.92046377
    ]
   },
   "properties": {
    "name": "3 LAKESIDE DRIVE EMERALD 3782",
    "locID": "LOC000027504892",
    "tech": "FTTN",
    "upgrade": "NULL_NA",
    "gnaf_pid": "GAVIC421132574",
    "tech_change_status": "Not Planned"
   }
  },
  {
   "type": "Feature",
   "geometry": {
    "type": "Point",
    "coordinates": [
     145.45107659,
     -37.91968705
    ]
   },
   "properties": {
    "name": "5 LAKESIDE DRIVE EMERALD 3782",
    "locID": "LOC000041363018",
    "tech": "FTTN",
    "upgrade": "NULL_NA",
    "gnaf_pid": "GAVIC421132575",
    "tech_change_status": "Not Planned"
   }
  },
  {
   "type": "Feature",
   "geometry": {
    "type": "Point",
    "coordinates": [
     145.44264044,
     -37.91658052
    ]
   },
   "properties": {
    "name": "56 MEADOWVIEW LANE EMERALD 3782",
    "locID": "LOC000088899509",
    "tech": "FTTN",
    "upgrade": "NULL_NA",
    "gnaf_pid": "GAVIC421132603",
    "tech_change_status": "Not Planned"
   }
  },
  {
   "type": "Feature",
   "geometry": {
    "type": "Point",
    "coordinates": [
     145.445999,
     -37.900699
    ]
   },
   "properties": {
    "name": "5 BUTTERFIELD ROAD EMERALD 3782",
    "locID": "LOC000109974209",
    "tech": "FTTN",
    "upgrade": "NULL_NA",
    "gnaf_pid": "GAVIC421132605",
    "tech_change_status": "Not Planned"
   }
  },
  {
   "type": "Feature",
   "geometry": {
    "type": "Point",
    "coordinates": [
     145.446462,
     -37.899209
    ]
   },
   "properties": {
    "name": "13 BUTTERFIELD ROAD EMERALD 3782",
    "locID": "LOC000075257764",
    "tech": "FTTN",
    "upgrade": "NULL_NA",
    "gnaf_pid": "GAVIC421132606",
    "tech_change_status": "Not Planned"
   }
  },
  {
   "type": "Feature",
   "geometry": {
    "type": "Point",
    "coordinates": [
     145.43918656,
     -37.91945357
    ]
   },
   "properties": {
    "name": "20 SYDNEY AVENUE EMERALD 3782",
    "locID": "LOC000002743004",
    "tech": "FTTN",
    "upgrade": "NULL_NA",
    "gnaf_pid": "GAVIC421133288",
    "tech_change_status": "Not Planned"
   }
  },
  {
   "type": "Feature",
   "geometry": {
    "type": "Point",
    "coordinates": [
     145.447238,
     -37.91370099
    ]
   },
   "properties": {
    "name": "4 GLENVISTA AVENUE EMERALD 3782",
    "locID": "LOC000079343914",
    "tech": "FTTN",
    "upgrade": "NULL_NA",
    "gnaf_pid": "GAVIC421136847",
    "tech_change_status": "Not Planned"
   }
  },
  {
   "type": "Feature",
   "geometry": {
    "type": "Point",
    "coordinates": [
     145.44562777,
     -37.90969553
    ]
   },
   "properties": {
    "name": "14 GRANDVIEW AVENUE EMERALD 3782",
    "locID": "LOC000106799958",
    "tech": "FTTN",
    "upgrade": "NULL_NA",
    "gnaf_pid": "GAVIC421136853",
    "tech_change_status": "Not Planned"
   }
  },
  {
   "type": "Feature",
   "geometry": {
    "type": "Point",
    "coordinates": [
     145.44701408,
     -37.92674739
    ]
   },
   "properties": {
    "name": "395 BELGRAVE-GEMBROOK ROAD EMERALD 3782",
    "locID": "LOC000090986271",
    "tech": "FTTN",
    "upgrade": "NULL_NA",
    "gnaf_pid": "GAVIC421137271",
    "tech_change_status": "Not Planned"
   }
  },
  {
   "type": "Feature",
   "geometry": {
    "type": "Point",
    "coordinates": [
     145.46729528,
     -37.92842108
    ]
   },
   "properties": {
    "name": "40 BELLBIRD CRESCENT EMERALD 3782",
    "locID": "LOC000103369077",
    "tech": "FTTN",
    "upgrade": "FTTP_NA",
    "gnaf_pid": "GAVIC421140460",
    "tech_change_status": "Committed",
    "program_type": "On-Demand N2P SDU/MDU Simple",
    "target_eligibility_quarter": "Jun 2025"
   }
  },
  {
   "type": "Feature",
   "geometry": {
    "type": "Point",
    "coordinates": [
     145.46741416,
     -37.92871159
    ]
   },
   "properties": {
    "name": "44 BELLBIRD CRESCENT EMERALD 3782",
    "locID": "LOC000100445153",
    "tech": "FTTN",
    "upgrade": "FTTP_NA",
    "gnaf_pid": "GAVIC421140461",
    "tech_change_status": "Committed",
    "program_type": "On-Demand N2P SDU/MDU Simple",
    "target_eligibility_quarter": "Jun 2025"
   }
  },
  {
   "type": "Feature",
   "geometry": {
    "type": "Point",
    "coordinates": [
     145.43869694,
     -37.93513316
    ]
   },
   "properties": {
    "name": "5 BENSON STREET EMERALD 3782",
    "locID": "LOC000038849146",
    "tech": "FTTN",
    "upgrade": "NULL_NA",
    "gnaf_pid": "GAVIC421140464",
    "tech_change_status": "Not Planned"
   }
  },
  {
   "type": "Feature",
   "geometry": {
    "type": "Point",
    "coordinates": [
     145.440045,
     -37.931081
    ]
   },
   "properties": {
    "name": "5 BERRYS ROAD EMERALD 3782",
    "locID": "LOC000056461255",
    "tech": "FTTN",
    "upgrade": "FTTP_NA",
    "gnaf_pid": "GAVIC421140466",
    "tech_change_status": "Committed",
    "program_type": "On-Demand N2P SDU/MDU Simple",
    "target_eligibility_quarter": "Jun 2025"
   }
  },
  {
   "type": "Feature",
   "geometry": {
    "type": "Point",
    "coordinates": [
     145.436944,
     -37.931941
    ]
   },
   "properties": {
    "name": "2 CHURCH STREET EMERALD 3782",
    "locID": "LOC000075875707",
    "tech": "FTTN",
    "upgrade": "FTTP_NA",
    "gnaf_pid": "GAVIC421140494",
    "tech_change_status": "Committed",
    "program_type": "On-Demand N2P SDU/MDU Simple",
    "target_eligibility_quarter": "Dec 2025"
   }
  },
  {
   "type": "Feature",
   "geometry": {
    "type": "Point",
    "coordinates": [
     145.436626,
     -37.93191
    ]
   },
   "properties": {
    "name": "4 CHURCH STREET EMERALD 3782",
    "locID": "LOC000057750391",
    "tech": "FTTN",
    "upgrade": "FTTP_NA",
    "gnaf_pid": "GAVIC421140496",
    "tech_change_status": "Committed",
    "program_type": "On-Demand N2P SDU/MDU Simple",
    "target_eligibility_quarter": "Dec 2025"
   }
  },
  {
   "type": "Feature",
   "geometry": {
    "type": "Point",
    "coordinates": [
     145.43618162,
     -37.93273439
    ]
   },
   "properties": {
    "name": "9 CHURCH STREET EMERALD 3782",
    "locID": "LOC000179426193",
    "tech": "FTTN",
    "upgrade": "FTTP_NA",
    "gnaf_pid": "GAVIC421140500",
    "tech_change_status": "Committed",
    "program_type": "On-Demand N2P SDU/MDU Simple",
    "target_eligibility_quarter": "Jun 2025"
   }
  },
  {
   "type": "Feature",
   "geometry": {
    "type": "Point",
    "coordinates": [
     145.44015806,
     -37.9367528
    ]
   },
   "properties": {
    "name": "26 KILVINGTON DRIVE EMERALD 3782",
    "locID": "LOC000009487390",
    "tech": "FTTN",
    "upgrade": "NULL_NA",
    "gnaf_pid": "GAVIC421188049",
    "tech_change_status": "Not Planned"
   }
  },
  {
   "type": "Feature",
   "geometry": {
    "type": "Point",
    "coordinates": [
     145.44482122,
     -37.94057619
    ]
   },
   "properties": {
    "name": "20 OLD BEACONSFIELD ROAD EMERALD 3782",
    "locID": "LOC000103769328",
    "tech": "FTTN",
    "upgrade": "NULL_NA",
    "gnaf_pid": "GAVIC421188050",
    "tech_change_status": "Not Planned"
   }
  },
  {
   "type": "Feature",
   "geometry": {
    "type": "Point",
    "coordinates": [
     145.44118574,
     -37.94203224
    ]
   },
   "properties": {
    "name": "57 KILVINGTON DRIVE EMERALD 3782",
    "locID": "LOC000060204112",
    "tech": "FTTN",
    "upgrade": "NULL_NA",
    "gnaf_pid": "GAVIC421188056",
    "tech_change_status": "Not Planned"
   }
  },
  {
   "type": "Feature",
   "geometry": {
    "type": "Point",
    "coordinates": [
     145.436635,
     -37.932601
    ]
   },
   "properties": {
    "name": "5 CHURCH STREET EMERALD 3782",
    "locID": "LOC000050662333",
    "tech": "FTTN",
    "upgrade": "FTTP_NA",
    "gnaf_pid": "GAVIC421213137",
    "tech_change_status": "Committed",
    "program_type": "On-Demand N2P SDU/MDU Simple",
    "target_eligibility_quarter": "Jun 2025"
   }
  },
  {
   "type": "Feature",
   "geometry": {
    "type": "Point",
    "coordinates": [
     145.431993,
     -37.934848
    ]
   },
   "properties": {
    "name": "4 LEIGHTON AVENUE EMERALD 3782",
    "locID": "LOC000066396177",
    "tech": "FTTN",
    "upgrade": "FTTP_NA",
    "gnaf_pid": "GAVIC421213138",
    "tech_change_status": "Committed",
    "program_type": "On-Demand N2P SDU/MDU Simple",
    "target_eligibility_quarter": "Jun 2025"
   }
  },
  {
   "type": "Feature",
   "geometry": {
    "type": "Point",
    "coordinates": [
     145.46840105,
     -37.95148419
    ]
   },
   "properties": {
    "name": "2 ERSKINE ROAD EMERALD 3782",
    "locID": "LOC000098143387",
    "tech": "FTTN",
    "upgrade": "FTTP",
    "gnaf_pid": "GAVIC421213812",
    "tech_change_status": "Eligible to Order",
    "program_type": "On-Demand N2P SDU/MDU Simple",
    "target_eligibility_quarter": "NA"
   }
  },
  {
   "type": "Feature",
   "geometry": {
    "type": "Point",
    "coordinates": [
     145.46804762,
     -37.95144506
    ]
   },
   "properties": {
    "name": "4 ERSKINE ROAD EMERALD 3782",
    "locID": "LOC000032862976",
    "tech": "FTTP",
    "upgrade": "FTTP_NA",
    "gnaf_pid": "GAVIC421213813",
    "tech_change_status": "Previous Tech Disconnected",
    "program_type": "On-Demand N2P SDU/MDU Simple",
    "target_eligibility_quarter": "NA"
   }
  },
  {
   "type": "Feature",
   "geometry": {
    "type": "Point",
    "coordinates": [
     145.45785093,
     -37.93693583
    ]
   },
   "properties": {
    "name": "24 WILLIAM STREET EMERALD 3782",
    "locID": "LOC000076966271",
    "tech": "FTTN",
    "upgrade": "FTTP_NA",
    "gnaf_pid": "GAVIC421216586",
    "tech_change_status": "In Design",
    "program_type": "On-Demand N2P SDU/MDU Simple",
    "target_eligibility_quarter": "Dec 2025"
   }
  },
  {
   "type": "Feature",
   "geometry": {
    "type": "Point",
    "coordinates": [
     145.43314695,
     -37.93565477
    ]
   },
   "properties": {
    "name": "41 WESTLANDS ROAD EMERALD 3782",
    "locID": "LOC000011093742",
    "tech": "FTTN",
    "upgrade": "FTTP_NA",
    "gnaf_pid": "GAVIC421216645",
    "tech_change_status": "Committed",
    "program_type": "On-Demand N2P SDU/MDU Simple",
    "target_eligibility_quarter": "Jun 2025"
   }
  },
  {
   "type": "Feature",
   "geometry": {
    "type": "Point",
    "coordinates": [
     145.45950374,
     -37.95100095
    ]
   },
   "properties": {
    "name": "19 DEERY ROAD EMERALD 3782",
    "locID": "LOC000104653558",
    "tech": "NULL",
    "upgrade": "NULL_NA",
    "gnaf_pid": "GAVIC421225356",
    "tech_change_status": "Not Planned"
   }
  },
  {
   "type": "Feature",
   "geometry": {
    "type": "Point",
    "coordinates": [
     145.455409,
     -37.938454
    ]
   },
   "properties": {
    "name": "40 AMBROSE STREET EMERALD 3782",
    "locID": "LOC000017704683",
    "tech": "FTTN",
    "upgrade": "FTTP_NA",
    "gnaf_pid": "GAVIC421226826",
    "tech_change_status": "In Design",
    "program_type": "On-Demand N2P SDU/MDU Simple",
    "target_eligibility_quarter": "Dec 2025"
   }
  },
  {
   "type": "Feature",
   "geometry": {
    "type": "Point",
    "coordinates": [
     145.441277,
     -37.927076
    ]
   },
   "properties": {
    "name": "11 CORNISH ROAD EMERALD 3782",
    "locID": "LOC000072082078",
    "tech": "FTTN",
    "upgrade": "FTTP_NA",
    "gnaf_pid": "GAVIC421227624",
    "tech_change_status": "Committed",
    "program_type": "On-Demand N2P SDU/MDU Simple",
    "target_eligibility_quarter": "Jun 2025"
   }
  },
  {
   "type": "Feature",
   "geometry": {
    "type": "Point",
    "coordinates": [
     145.44498196,
     -37.91889017
    ]
   },
   "properties": {
    "name": "23 CHARMAN AVENUE EMERALD 3782",
    "locID": "LOC000075156838",
    "tech": "FTTN",
    "upgrade": "NULL_NA",
    "gnaf_pid": "GAVIC421227626",
    "tech_change_status": "Not Planned"
   }
  },
  {
   "type": "Feature",
   "geometry": {
    "type": "Point",
    "coordinates": [
     145.44545637,
     -37.91465981
    ]
   },
   "properties": {
    "name": "98 EMERALD-MONBULK ROAD EMERALD 3782",
    "locID": "LOC000028490609",
    "tech": "FTTN",
    "upgrade": "NULL_NA",
    "gnaf_pid": "GAVIC421227633",
    "tech_change_status": "Not Planned"
   }
  },
  {
   "type": "Feature",
   "geometry": {
    "type": "Point",
    "coordinates": [
     145.45624628,
     -37.93588296
    ]
   },
   "properties": {
    "name": "14 AMBROSE STREET EMERALD 3782",
    "locID": "LOC000080326527",
    "tech": "FTTN",
    "upgrade": "FTTP_NA",
    "gnaf_pid": "GAVIC421232397",
    "tech_change_status": "In Design",
    "program_type": "On-Demand N2P SDU/MDU Simple",
    "target_eligibility_quarter": "Dec 2025"
   }
  },
  {
   "type": "Feature",
   "geometry": {
    "type": "Point",
    "coordinates": [
     145.44266598,
     -37.92470216
    ]
   },
   "properties": {
    "name": "UNIT 3, 25 EMERALD-MONBULK ROAD EMERALD 3782",
    "locID": "LOC000080726796",
    "tech": "FTTN",
    "upgrade": "FTTP_NA",
    "gnaf_pid": "GAVIC421233112",
    "tech_change_status": "Committed",
    "program_type": "Customer-initiated N2P MDU Complex",
    "target_eligibility_quarter": "Jun 2025"
   }
  },
  {
   "type": "Feature",
   "geometry": {
    "type": "Point",
    "coordinates": [
     145.44266598,
     -37.92470216
    ]
   },
   "properties": {
    "name": "UNIT 8, 25 EMERALD-MONBULK ROAD EMERALD 3782",
    "locID": "LOC000081096840",
    "tech": "FTTN",
    "upgrade": "FTTP_NA",
    "gnaf_pid": "GAVIC421233113",
    "tech_change_status": "Committed",
    "program_type": "Customer-initiated N2P MDU Complex",
    "target_eligibility_quarter": "Jun 2025"
   }
  },
  {
   "type": "Feature",
   "geometry": {
    "type": "Point",
    "coordinates": [
     145.43632779,
     -37.93365893
    ]
   },
   "properties": {
    "name": "UNIT 2, 11 WESTLANDS ROAD EMERALD 3782",
    "locID": "LOC000060363636",
    "tech": "FTTN",
    "upgrade": "FTTP_NA",
    "gnaf_pid": "GAVIC421235437",
    "tech_change_status": "Committed",
    "program_type": "Customer-initiated N2P MDU Complex",
    "target_eligibility_quarter": "Jun 2025"
   }
  },
  {
   "type": "Feature",
   "geometry": {
    "type": "Point",
    "coordinates": [
     145.43621359,
     -37.93388479
    ]
   },
   "properties": {
    "name": "UNIT 8, 11 WESTLANDS ROAD EMERALD 3782",
    "locID": "LOC000060021666",
    "tech": "FTTN",
    "upgrade": "FTTP_NA",
    "gnaf_pid": "GAVIC421235438",
    "tech_change_status": "Committed",
    "program_type": "Customer-initiated N2P MDU Complex",
    "target_eligibility_quarter": "Jun 2025"
   }
  },
  {
   "type": "Feature",
   "geometry": {
    "type": "Point",
    "coordinates": [
     145.440505,
     -37.932351
    ]
   },
   "properties": {
    "name": "SHOP 1, 344 BELGRAVE-GEMBROOK ROAD EMERALD 3782",
    "locID": "LOC000125522198",
    "tech": "FTTN",
    "upgrade": "FTTP_NA",
    "gnaf_pid": "GAVIC421237794",
    "tech_change_status": "Committed",
    "program_type": "Customer-initiated N2P MDU Complex",
    "target_eligibility_quarter": "Jun 2025"
   }
  },
  {
   "type": "Feature",
   "geometry": {
    "type": "Point",
    "coordinates": [
     145.440366,
     -37.932687
    ]
   },
   "properties": {
    "name": "SHOP 10, 344 BELGRAVE-GEMBROOK ROAD EMERALD 3782",
    "locID": "LOC000065733153",
    "tech": "FTTN",
    "upgrade": "FTTP_NA",
    "gnaf_pid": "GAVIC421237795",
    "tech_change_status": "Committed",
    "program_type": "Customer-initiated N2P MDU Complex",
    "target_eligibility_quarter": "Jun 2025"
   }
  },
  {
   "type": "Feature",
   "geometry": {
    "type": "Point",
    "coordinates": [
     145.444691,
     -37.930732
    ]
   },
   "properties": {
    "name": "UNIT 3, 27-31 KINGS ROAD EMERALD 3782",
    "locID": "LOC000026892968",
    "tech": "FTTN",
    "upgrade": "FTTP_NA",
    "gnaf_pid": "GAVIC421238693",
    "tech_change_status": "Committed",
    "program_type": "Customer-initiated N2P MDU Complex",
    "target_eligibility_quarter": "Jun 2025"
   }
  },
  {
   "type": "Feature",
   "geometry": {
    "type": "Point",
    "coordinates": [
     145.441311,
     -37.932327
    ]
   },
   "properties": {
    "name": "352 BELGRAVE-GEMBROOK ROAD EMERALD 3782",
    "locID": "LOC000065743339",
    "tech": "FTTN",
    "upgrade": "FTTP_NA",
    "gnaf_pid": "GAVIC421245838",
    "tech_change_status": "Committed",
    "program_type": "Customer-initiated N2P MDU Complex",
    "target_eligibility_quarter": "Jun 2025"
   }
  },
  {
   "type": "Feature",
   "geometry": {
    "type": "Point",
    "coordinates": [
     145.44301161,
     -37.92087441
    ]
   },
   "properties": {
    "name": "6 SYDNEY AVENUE EMERALD 3782",
    "locID": "LOC000125475434",
    "tech": "FTTN",
    "upgrade": "NULL_NA",
    "gnaf_pid": "GAVIC421246832",
    "tech_change_status": "Not Planned"
   }
  },
  {
   "type": "Feature",
   "geometry": {
    "type": "Point",
    "coordinates": [
     145.44195448,
     -37.93389633
    ]
   },
   "properties": {
    "name": "4-10 HEROES AVENUE EMERALD 3782",
    "locID": "LOC000125539315",
    "tech": "FTTN",
    "upgrade": "FTTP_NA",
    "gnaf_pid": "GAVIC421246843",
    "tech_change_status": "Committed",
    "program_type": "On-Demand N2P SDU/MDU Simple",
    "target_eligibility_quarter": "Dec 2025"
   }
  },
  {
   "type": "Feature",
   "geometry": {
    "type": "Point",
    "coordinates": [
     145.440487,
     -37.933119
    ]
   },
   "properties": {
    "name": "12A KILVINGTON DRIVE EMERALD 3782",
    "locID": "LOC000071663975",
    "tech": "FTTN",
    "upgrade": "FTTP_NA",
    "gnaf_pid": "GAVIC421248841",
    "tech_change_status": "Committed",
    "program_type": "On-Demand N2P SDU/MDU Simple",
    "target_eligibility_quarter": "Jun 2025"
   }
  },
  {
   "type": "Feature",
   "geometry": {
    "type": "Point",
    "coordinates": [
     145.43883664,
     -37.93442634
    ]
   },
   "properties": {
    "name": "9 MEMORIAL AVENUE EMERALD 3782",
    "locID": "LOC000083217777",
    "tech": "FTTN",
    "upgrade": "FTTP_NA",
    "gnaf_pid": "GAVIC421250852",
    "tech_change_status": "Committed",
    "program_type": "On-Demand N2P SDU/MDU Simple",
    "target_eligibility_quarter": "Jun 2025"
   }
  },
  {
   "type": "Feature",
   "geometry": {
    "type": "Point",
    "coordinates": [
     145.43611374,
     -37.9344015
    ]
   },
   "properties": {
    "name": "UNIT 18, 11 WESTLANDS ROAD EMERALD 3782",
    "locID": "LOC000060330990",
    "tech": "FTTN",
    "upgrade": "FTTP_NA",
    "gnaf_pid": "GAVIC421255123",
    "tech_change_status": "Committed",
    "program_type": "Customer-initiated N2P MDU Complex",
    "target_eligibility_quarter": "Jun 2025"
   }
  },
  {
   "type": "Feature",
   "geometry": {
    "type": "Point",
    "coordinates": [
     145.44500745,
     -37.92827267
    ]
   },
   "properties": {
    "name": "381 BELGRAVE-GEMBROOK ROAD EMERALD 3782",
    "locID": "LOC000052533799",
    "tech": "FTTN",
    "upgrade": "FTTP_NA",
    "gnaf_pid": "GAVIC421257250",
    "tech_change_status": "Committed",
    "program_type": "On-Demand N2P SDU/MDU Simple",
    "target_eligibility_quarter": "Jun 2025"
   }
  },
  {
   "type": "Feature",
   "geometry": {
    "type": "Point",
    "coordinates": [
     145.45609099,
     -37.91841585
    ]
   },
   "properties": {
    "name": "66 LAKESIDE DRIVE EMERALD 3782",
    "locID": "LOC000011111392",
    "tech": "FTTN",
    "upgrade": "NULL_NA",
    "gnaf_pid": "GAVIC421257253",
    "tech_change_status": "Not Planned"
   }
  },
  {
   "type": "Feature",
   "geometry": {
    "type": "Point",
    "coordinates": [
     145.469991,
     -37.92527
    ]
   },
   "properties": {
    "name": "2B WRIGHT ROAD EMERALD 3782",
    "locID": "LOC000048693446",
    "tech": "FTTN",
    "upgrade": "FTTP_NA",
    "gnaf_pid": "GAVIC421262890",
    "tech_change_status": "Committed",
    "program_type": "On-Demand N2P SDU/MDU Simple",
    "target_eligibility_quarter": "Jun 2025"
   }
  },
  {
   "type": "Feature",
   "geometry": {
    "type": "Point",
    "coordinates": [
     145.44138473,
     -37.91937164
    ]
   },
   "properties": {
    "name": "3 CAROLINE CRESCENT EMERALD 3782",
    "locID": "LOC000025150206",
    "tech": "FTTN",
    "upgrade": "NULL_NA",
    "gnaf_pid": "GAVIC421310722",
    "tech_change_status": "Not Planned"
   }
  },
  {
   "type": "Feature",
   "geometry": {
    "type": "Point",
    "coordinates": [
     145.43852487,
     -37.94462618
    ]
   },
   "properties": {
    "name": "1 WINTLE ROAD EMERALD 3782",
    "locID": "LOC000030636119",
    "tech": "FTTN",
    "upgrade": "NULL_NA",
    "gnaf_pid": "GAVIC421311552",
    "tech_change_status": "Not Planned"
   }
  },
  {
   "type": "Feature",
   "geometry": {
    "type": "Point",
    "coordinates": [
     145.44482365,
     -37.92897307
    ]
   },
   "properties": {
    "name": "361 BELGRAVE-GEMBROOK ROAD EMERALD 3782",
    "locID": "LOC000152278953",
    "tech": "FTTN",
    "upgrade": "FTTP_NA",
    "gnaf_pid": "GAVIC421319791",
    "tech_change_status": "Committed",
    "program_type": "Customer-initiated N2P MDU Complex",
    "target_eligibility_quarter": "Jun 2025"
   }
  },
  {
   "type": "Feature",
   "geometry": {
    "type": "Point",
    "coordinates": [
     145.47558394,
     -37.94003508
    ]
   },
   "properties": {
    "name": "2 MAJESTIC DRIVE EMERALD 3782",
    "locID": "LOC000006905079",
    "tech": "FTTP",
    "upgrade": "NULL_NA",
    "gnaf_pid": "GAVIC421330541"
   }
  },
  {
   "type": "Feature",
   "geometry": {
    "type": "Point",
    "coordinates": [
     145.46721697,
     -37.93067276
    ]
   },
   "properties": {
    "name": "4 WATTLE COURT EMERALD 3782",
    "locID": "LOC000034455504",
    "tech": "FTTN",
    "upgrade": "FTTP_NA",
    "gnaf_pid": "GAVIC421333750",
    "tech_change_status": "Committed",
    "program_type": "On-Demand N2P SDU/MDU Simple",
    "target_eligibility_quarter": "Jun 2025"
   }
  },
  {
   "type": "Feature",
   "geometry": {
    "type": "Point",
    "coordinates": [
     145.458764,
     -37.944683
    ]
   },
   "properties": {
    "name": "5 OZONE AVENUE EMERALD 3782",
    "locID": "LOC000002822888",
    "tech": "FTTN",
    "upgrade": "FTTP_SA",
    "gnaf_pid": "GAVIC421336328",
    "tech_change_status": "Eligible to Order",
    "program_type": "On-Demand N2P SDU/MDU Simple",
    "target_eligibility_quarter": "NA"
   }
  },
  {
   "type": "Feature",
   "geometry": {
    "type": "Point",
    "coordinates": [
     145.38879959,
     -37.95863832
    ]
   },
   "properties": {
    "name": "11B DUFFYS ROAD EMERALD 3782",
    "locID": "LOC000023876924",
    "tech": "WIRELESS",
    "upgrade": "NULL_NA",
    "gnaf_pid": "GAVIC421336629",
    "tech_change_status": "Not Planned",
    "program_type": "Fixed Wireless and Satellite Upgrade Program",
    "target_eligibility_quarter": "Mar 2025"
   }
  },
  {
   "type": "Feature",
   "geometry": {
    "type": "Point",
    "coordinates": [
     145.43780853,
     -37.93660345
    ]
   },
   "properties": {
    "name": "3 UPTON ROAD EMERALD 3782",
    "locID": "LOC000085213570",
    "tech": "FTTN",
    "upgrade": "NULL_NA",
    "gnaf_pid": "GAVIC421337249",
    "tech_change_status": "Not Planned"
   }
  },
  {
   "type": "Feature",
   "geometry": {
    "type": "Point",
    "coordinates": [
     145.44099389,
     -37.93851558
    ]
   },
   "properties": {
    "name": "2 OLD BEACONSFIELD ROAD EMERALD 3782",
    "locID": "LOC000026201858",
    "tech": "FTTN",
    "upgrade": "NULL_NA",
    "gnaf_pid": "GAVIC421337253",
    "tech_change_status": "Not Planned"
   }
  },
  {
   "type": "Feature",
   "geometry": {
    "type": "Point",
    "coordinates": [
     145.44061577,
     -37.93821235
    ]
   },
   "properties": {
    "name": "43 KILVINGTON DRIVE EMERALD 3782",
    "locID": "LOC000005253033",
    "tech": "FTTN",
    "upgrade": "NULL_NA",
    "gnaf_pid": "GAVIC421337255",
    "tech_change_status": "Not Planned"
   }
  },
  {
   "type": "Feature",
   "geometry": {
    "type": "Point",
    "coordinates": [
     145.43973273,
     -37.93904543
    ]
   },
   "properties": {
    "name": "45 KILVINGTON DRIVE EMERALD 3782",
    "locID": "LOC000084451788",
    "tech": "FTTN",
    "upgrade": "NULL_NA",
    "gnaf_pid": "GAVIC421337257",
    "tech_change_status": "Not Planned"
   }
  },
  {
   "type": "Feature",
   "geometry": {
    "type": "Point",
    "coordinates": [
     145.46234979,
     -37.93268761
    ]
   },
   "properties": {
    "name": "19 AUHL ROAD EMERALD 3782",
    "locID": "LOC000058362065",
    "tech": "FTTN",
    "upgrade": "NULL_NA",
    "gnaf_pid": "GAVIC421348477",
    "tech_change_status": "Not Planned"
   }
  },
  {
   "type": "Feature",
   "geometry": {
    "type": "Point",
    "coordinates": [
     145.45503739,
     -37.94107067
    ]
   },
   "properties": {
    "name": "44A BEACONSFIELD-EMERALD ROAD EMERALD 3782",
    "locID": "LOC000182764124",
    "tech": "NULL",
    "upgrade": "NULL_NA",
    "gnaf_pid": "GAVIC421355098",
    "tech_change_status": "Not Planned"
   }
  },
  {
   "type": "Feature",
   "geometry": {
    "type": "Point",
    "coordinates": [
     145.46465435,
     -37.93136861
    ]
   },
   "properties": {
    "name": "9 BELLBIRD CRESCENT EMERALD 3782",
    "locID": "LOC000054953363",
    "tech": "FTTN",
    "upgrade": "FTTP_NA",
    "gnaf_pid": "GAVIC421357732",
    "tech_change_status": "Committed",
    "program_type": "On-Demand N2P SDU/MDU Simple",
    "target_eligibility_quarter": "Dec 2025"
   }
  },
  {
   "type": "Feature",
   "geometry": {
    "type": "Point",
    "coordinates": [
     145.44136297,
     -37.93342176
    ]
   },
   "properties": {
    "name": "2 HEROES AVENUE EMERALD 3782",
    "locID": "LOC000180894322",
    "tech": "FTTN",
    "upgrade": "FTTP_NA",
    "gnaf_pid": "GAVIC421364373",
    "tech_change_status": "Committed",
    "program_type": "Customer-initiated N2P MDU Complex",
    "target_eligibility_quarter": "Jun 2025"
   }
  },
  {
   "type": "Feature",
   "geometry": {
    "type": "Point",
    "coordinates": [
     145.44261054,
     -37.92071043
    ]
   },
   "properties": {
    "name": "10 SYDNEY AVENUE EMERALD 3782",
    "locID": "LOC000032024463",
    "tech": "FTTN",
    "upgrade": "NULL_NA",
    "gnaf_pid": "GAVIC421368259",
    "tech_change_status": "Not Planned"
   }
  },
  {
   "type": "Feature",
   "geometry": {
    "type": "Point",
    "coordinates": [
     145.43006641,
     -37.92225934
    ]
   },
   "properties": {
    "name": "15 TELOPEA ROAD EMERALD 3782",
    "locID": "LOC000106307381",
    "tech": "FTTN",
    "upgrade": "NULL_NA",
    "gnaf_pid": "GAVIC421368261",
    "tech_change_status": "Not Planned"
   }
  },
  {
   "type": "Feature",
   "geometry": {
    "type": "Point",
    "coordinates": [
     145.443665,
     -37.918629
    ]
   },
   "properties": {
    "name": "2 BROOKDALE AVENUE EMERALD 3782",
    "locID": "LOC000074666676",
    "tech": "FTTN",
    "upgrade": "NULL_NA",
    "gnaf_pid": "GAVIC421368326",
    "tech_change_status": "Not Planned"
   }
  },
  {
   "type": "Feature",
   "geometry": {
    "type": "Point",
    "coordinates": [
     145.44359787,
     -37.91755914
    ]
   },
   "properties": {
    "name": "4 BROOKDALE AVENUE EMERALD 3782",
    "locID": "LOC000054080560",
    "tech": "FTTN",
    "upgrade": "NULL_NA",
    "gnaf_pid": "GAVIC421368327",
    "tech_change_status": "Not Planned"
   }
  },
  {
   "type": "Feature",
   "geometry": {
    "type": "Point",
    "coordinates": [
     145.446807,
     -37.897411
    ]
   },
   "properties": {
    "name": "21 BUTTERFIELD ROAD EMERALD 3782",
    "locID": "LOC000101249497",
    "tech": "FTTN",
    "upgrade": "NULL_NA",
    "gnaf_pid": "GAVIC421368329",
    "tech_change_status": "Not Planned"
   }
  },
  {
   "type": "Feature",
   "geometry": {
    "type": "Point",
    "coordinates": [
     145.45440114,
     -37.91504219
    ]
   },
   "properties": {
    "name": "19 POPLAR CRESCENT EMERALD 3782",
    "locID": "LOC000082433389",
    "tech": "FTTN",
    "upgrade": "NULL_NA",
    "gnaf_pid": "GAVIC421371817",
    "tech_change_status": "Not Planned"
   }
  },
  {
   "type": "Feature",
   "geometry": {
    "type": "Point",
    "coordinates": [
     145.45292537,
     -37.9122583
    ]
   },
   "properties": {
    "name": "27 POPLAR CRESCENT EMERALD 3782",
    "locID": "LOC000024708474",
    "tech": "FTTN",
    "upgrade": "NULL_NA",
    "gnaf_pid": "GAVIC421371818",
    "tech_change_status": "Not Planned"
   }
  },
  {
   "type": "Feature",
   "geometry": {
    "type": "Point",
    "coordinates": [
     145.46959506,
     -37.91582042
    ]
   },
   "properties": {
    "name": "5 ANDREW COURT EMERALD 3782",
    "locID": "LOC000083209467",
    "tech": "FTTN",
    "upgrade": "FTTP_NA",
    "gnaf_pid": "GAVIC421372038",
    "tech_change_status": "Committed",
    "program_type": "On-Demand N2P SDU/MDU Simple",
    "target_eligibility_quarter": "Jun 2025"
   }
  },
  {
   "type": "Feature",
   "geometry": {
    "type": "Point",
    "coordinates": [
     145.43528443,
     -37.9313046
    ]
   },
   "properties": {
    "name": "5 ANNE STREET EMERALD 3782",
    "locID": "LOC000027121654",
    "tech": "FTTN",
    "upgrade": "FTTP_NA",
    "gnaf_pid": "GAVIC421372039",
    "tech_change_status": "Committed",
    "program_type": "On-Demand N2P SDU/MDU Simple",
    "target_eligibility_quarter": "Dec 2025"
   }
  },
  {
   "type": "Feature",
   "geometry": {
    "type": "Point",
    "coordinates": [
     145.43380106,
     -37.93209993
    ]
   },
   "properties": {
    "name": "14 CHURCH STREET EMERALD 3782",
    "locID": "LOC000024271630",
    "tech": "FTTN",
    "upgrade": "FTTP_NA",
    "gnaf_pid": "GAVIC421372040",
    "tech_change_status": "Committed",
    "program_type": "On-Demand N2P SDU/MDU Simple",
    "target_eligibility_quarter": "Jun 2025"
   }
  },
  {
   "type": "Feature",
   "geometry": {
    "type": "Point",
    "coordinates": [
     145.434135,
     -37.931327
    ]
   },
   "properties": {
    "name": "14 ANNE STREET EMERALD 3782",
    "locID": "LOC000037834189",
    "tech": "FTTN",
    "upgrade": "FTTP_NA",
    "gnaf_pid": "GAVIC421372041",
    "tech_change_status": "Committed",
    "program_type": "On-Demand N2P SDU/MDU Simple",
    "target_eligibility_quarter": "Dec 2025"
   }
  },
  {
   "type": "Feature",
   "geometry": {
    "type": "Point",
    "coordinates": [
     145.45866664,
     -37.94102815
    ]
   },
   "properties": {
    "name": "71 BEACONSFIELD-EMERALD ROAD EMERALD 3782",
    "locID": "LOC000030973306",
    "tech": "FTTN",
    "upgrade": "FTTP_SA",
    "gnaf_pid": "GAVIC421372162",
    "tech_change_status": "Eligible to Order",
    "program_type": "On-Demand N2P SDU/MDU Simple",
    "target_eligibility_quarter": "NA"
   }
  },
  {
   "type": "Feature",
   "geometry": {
    "type": "Point",
    "coordinates": [
     145.45646099,
     -37.9338066
    ]
   },
   "properties": {
    "name": "1 WILLIAM STREET EMERALD 3782",
    "locID": "LOC000073104161",
    "tech": "FTTN",
    "upgrade": "FTTP_NA",
    "gnaf_pid": "GAVIC421372163",
    "tech_change_status": "In Design",
    "program_type": "On-Demand N2P SDU/MDU Simple",
    "target_eligibility_quarter": "Dec 2025"
   }
  },
  {
   "type": "Feature",
   "geometry": {
    "type": "Point",
    "coordinates": [
     145.457333,
     -37.936302
    ]
   },
   "properties": {
    "name": "9 WILLIAM STREET EMERALD 3782",
    "locID": "LOC000027643602",
    "tech": "FTTN",
    "upgrade": "FTTP_NA",
    "gnaf_pid": "GAVIC421372164",
    "tech_change_status": "In Design",
    "program_type": "On-Demand N2P SDU/MDU Simple",
    "target_eligibility_quarter": "Dec 2025"
   }
  },
  {
   "type": "Feature",
   "geometry": {
    "type": "Point",
    "coordinates": [
     145.457479,
     -37.933708
    ]
   },
   "properties": {
    "name": "10 WILLIAM STREET EMERALD 3782",
    "locID": "LOC000047641512",
    "tech": "FTTN",
    "upgrade": "FTTP_NA",
    "gnaf_pid": "GAVIC421372165",
    "tech_change_status": "In Design",
    "program_type": "On-Demand N2P SDU/MDU Simple",
    "target_eligibility_quarter": "Dec 2025"
   }
  },
  {
   "type": "Feature",
   "geometry": {
    "type": "Point",
    "coordinates": [
     145.458008,
     -37.93833
    ]
   },
   "properties": {
    "name": "27 WILLIAM STREET EMERALD 3782",
    "locID": "LOC000104001597",
    "tech": "FTTN",
    "upgrade": "FTTP_NA",
    "gnaf_pid": "GAVIC421372166",
    "tech_change_status": "In Design",
    "program_type": "On-Demand N2P SDU/MDU Simple",
    "target_eligibility_quarter": "Dec 2025"
   }
  },
  {
   "type": "Feature",
   "geometry": {
    "type": "Point",
    "coordinates": [
     145.444372,
     -37.933121
    ]
   },
   "properties": {
    "name": "22 HEROES AVENUE EMERALD 3782",
    "locID": "LOC000093929656",
    "tech": "FTTN",
    "upgrade": "FTTP_NA",
    "gnaf_pid": "GAVIC421372243",
    "tech_change_status": "Committed",
    "program_type": "On-Demand N2P SDU/MDU Simple",
    "target_eligibility_quarter": "Jun 2025"
   }
  },
  {
   "type": "Feature",
   "geometry": {
    "type": "Point",
    "coordinates": [
     145.45325564,
     -37.91671968
    ]
   },
   "properties": {
    "name": "10 POPLAR CRESCENT EMERALD 3782",
    "locID": "LOC000058464374",
    "tech": "FTTN",
    "upgrade": "NULL_NA",
    "gnaf_pid": "GAVIC421376419",
    "tech_change_status": "Not Planned"
   }
  },
  {
   "type": "Feature",
   "geometry": {
    "type": "Point",
    "coordinates": [
     145.45397355,
     -37.91508878
    ]
   },
   "properties": {
    "name": "18 POPLAR CRESCENT EMERALD 3782",
    "locID": "LOC000051726234",
    "tech": "FTTN",
    "upgrade": "NULL_NA",
    "gnaf_pid": "GAVIC421376420",
    "tech_change_status": "Not Planned"
   }
  },
  {
   "type": "Feature",
   "geometry": {
    "type": "Point",
    "coordinates": [
     145.43391414,
     -37.930418
    ]
   },
   "properties": {
    "name": "265 BELGRAVE-GEMBROOK ROAD EMERALD 3782",
    "locID": "LOC000018557111",
    "tech": "FTTN",
    "upgrade": "FTTP_NA",
    "gnaf_pid": "GAVIC421379224",
    "tech_change_status": "Committed",
    "program_type": "On-Demand N2P SDU/MDU Simple",
    "target_eligibility_quarter": "Dec 2025"
   }
  },
  {
   "type": "Feature",
   "geometry": {
    "type": "Point",
    "coordinates": [
     145.44442737,
     -37.90932999
    ]
   },
   "properties": {
    "name": "27 SUNNYSIDE TERRACE EMERALD 3782",
    "locID": "LOC000028429334",
    "tech": "FTTN",
    "upgrade": "NULL_NA",
    "gnaf_pid": "GAVIC421379262",
    "tech_change_status": "Not Planned"
   }
  },
  {
   "type": "Feature",
   "geometry": {
    "type": "Point",
    "coordinates": [
     145.445478,
     -37.908136
    ]
   },
   "properties": {
    "name": "28 SUNNYSIDE TERRACE EMERALD 3782",
    "locID": "LOC000031031899",
    "tech": "FTTN",
    "upgrade": "NULL_NA",
    "gnaf_pid": "GAVIC421379263",
    "tech_change_status": "Not Planned"
   }
  },
  {
   "type": "Feature",
   "geometry": {
    "type": "Point",
    "coordinates": [
     145.445599,
     -37.909399
    ]
   },
   "properties": {
    "name": "9 GRANDVIEW AVENUE EMERALD 3782",
    "locID": "LOC000042241973",
    "tech": "FTTN",
    "upgrade": "NULL_NA",
    "gnaf_pid": "GAVIC421379264",
    "tech_change_status": "Not Planned"
   }
  },
  {
   "type": "Feature",
   "geometry": {
    "type": "Point",
    "coordinates": [
     145.446792,
     -37.897059
    ]
   },
   "properties": {
    "name": "23 BUTTERFIELD ROAD EMERALD 3782",
    "locID": "LOC000046839692",
    "tech": "FTTN",
    "upgrade": "NULL_NA",
    "gnaf_pid": "GAVIC421379324",
    "tech_change_status": "Not Planned"
   }
  },
  {
   "type": "Feature",
   "geometry": {
    "type": "Point",
    "coordinates": [
     145.446784,
     -37.89687
    ]
   },
   "properties": {
    "name": "25 BUTTERFIELD ROAD EMERALD 3782",
    "locID": "LOC000022169947",
    "tech": "FTTN",
    "upgrade": "NULL_NA",
    "gnaf_pid": "GAVIC421379325",
    "tech_change_status": "Not Planned"
   }
  },
  {
   "type": "Feature",
   "geometry": {
    "type": "Point",
    "coordinates": [
     145.44063315,
     -37.94367057
    ]
   },
   "properties": {
    "name": "70 KILVINGTON DRIVE EMERALD 3782",
    "locID": "LOC000016818436",
    "tech": "FTTN",
    "upgrade": "NULL_NA",
    "gnaf_pid": "GAVIC421382397",
    "tech_change_status": "Not Planned"
   }
  },
  {
   "type": "Feature",
   "geometry": {
    "type": "Point",
    "coordinates": [
     145.44040159,
     -37.94176512
    ]
   },
   "properties": {
    "name": "56 KILVINGTON DRIVE EMERALD 3782",
    "locID": "LOC000080911508",
    "tech": "FTTN",
    "upgrade": "NULL_NA",
    "gnaf_pid": "GAVIC421382399",
    "tech_change_status": "Not Planned"
   }
  },
  {
   "type": "Feature",
   "geometry": {
    "type": "Point",
    "coordinates": [
     145.441094,
     -37.943397
    ]
   },
   "properties": {
    "name": "63 KILVINGTON DRIVE EMERALD 3782",
    "locID": "LOC000045270200",
    "tech": "FTTN",
    "upgrade": "NULL_NA",
    "gnaf_pid": "GAVIC421382400",
    "tech_change_status": "Not Planned"
   }
  },
  {
   "type": "Feature",
   "geometry": {
    "type": "Point",
    "coordinates": [
     145.43908522,
     -37.93696434
    ]
   },
   "properties": {
    "name": "8 LEGG ROAD EMERALD 3782",
    "locID": "LOC000016131110",
    "tech": "FTTN",
    "upgrade": "NULL_NA",
    "gnaf_pid": "GAVIC421382405",
    "tech_change_status": "Not Planned"
   }
  },
  {
   "type": "Feature",
   "geometry": {
    "type": "Point",
    "coordinates": [
     145.43949778,
     -37.93703437
    ]
   },
   "properties": {
    "name": "9 LEGG ROAD EMERALD 3782",
    "locID": "LOC000035343851",
    "tech": "FTTN",
    "upgrade": "NULL_NA",
    "gnaf_pid": "GAVIC421382406",
    "tech_change_status": "Not Planned"
   }
  },
  {
   "type": "Feature",
   "geometry": {
    "type": "Point",
    "coordinates": [
     145.43951166,
     -37.93745049
    ]
   },
   "properties": {
    "name": "15 LEGG ROAD EMERALD 3782",
    "locID": "LOC000071802863",
    "tech": "FTTN",
    "upgrade": "NULL_NA",
    "gnaf_pid": "GAVIC421382407",
    "tech_change_status": "Not Planned"
   }
  },
  {
   "type": "Feature",
   "geometry": {
    "type": "Point",
    "coordinates": [
     145.439128,
     -37.937873
    ]
   },
   "properties": {
    "name": "16 LEGG ROAD EMERALD 3782",
    "locID": "LOC000020944008",
    "tech": "FTTN",
    "upgrade": "NULL_NA",
    "gnaf_pid": "GAVIC421382408",
    "tech_change_status": "Not Planned"
   }
  },
  {
   "type": "Feature",
   "geometry": {
    "type": "Point",
    "coordinates": [
     145.456886,
     -37.934836
    ]
   },
   "properties": {
    "name": "6 AMBROSE STREET EMERALD 3782",
    "locID": "LOC000068465069",
    "tech": "FTTN",
    "upgrade": "FTTP_NA",
    "gnaf_pid": "GAVIC421383144",
    "tech_change_status": "In Design",
    "program_type": "On-Demand N2P SDU/MDU Simple",
    "target_eligibility_quarter": "Dec 2025"
   }
  },
  {
   "type": "Feature",
   "geometry": {
    "type": "Point",
    "coordinates": [
     145.45678,
     -37.934997
    ]
   },
   "properties": {
    "name": "8 AMBROSE STREET EMERALD 3782",
    "locID": "LOC000044977447",
    "tech": "FTTN",
    "upgrade": "FTTP_NA",
    "gnaf_pid": "GAVIC421383145",
    "tech_change_status": "In Design",
    "program_type": "On-Demand N2P SDU/MDU Simple",
    "target_eligibility_quarter": "Dec 2025"
   }
  },
  {
   "type": "Feature",
   "geometry": {
    "type": "Point",
    "coordinates": [
     145.47218686,
     -37.93942831
    ]
   },
   "properties": {
    "name": "8 AZALEA CRESCENT EMERALD 3782",
    "locID": "LOC000091431828",
    "tech": "FTTP",
    "upgrade": "NULL_NA",
    "gnaf_pid": "GAVIC421383148"
   }
  },
  {
   "type": "Feature",
   "geometry": {
    "type": "Point",
    "coordinates": [
     145.45421797,
     -37.94031381
    ]
   },
   "properties": {
    "name": "44 BEACONSFIELD-EMERALD ROAD EMERALD 3782",
    "locID": "LOC000002045519",
    "tech": "NULL",
    "upgrade": "NULL_NA",
    "gnaf_pid": "GAVIC421383152",
    "tech_change_status": "Not Planned"
   }
  },
  {
   "type": "Feature",
   "geometry": {
    "type": "Point",
    "coordinates": [
     145.45233,
     -37.936669
    ]
   },
   "properties": {
    "name": "59 BEACONSFIELD-EMERALD ROAD EMERALD 3782",
    "locID": "LOC000032919687",
    "tech": "FTTN",
    "upgrade": "FTTP_NA",
    "gnaf_pid": "GAVIC421383153",
    "tech_change_status": "In Design",
    "program_type": "On-Demand N2P SDU/MDU Simple",
    "target_eligibility_quarter": "Dec 2025"
   }
  },
  {
   "type": "Feature",
   "geometry": {
    "type": "Point",
    "coordinates": [
     145.46126565,
     -37.94389057
    ]
   },
   "properties": {
    "name": "62 BEACONSFIELD-EMERALD ROAD EMERALD 3782",
    "locID": "LOC000009747252",
    "tech": "FTTN",
    "upgrade": "FTTP_SA",
    "gnaf_pid": "GAVIC421383155",
    "tech_change_status": "Eligible to Order",
    "program_type": "On-Demand N2P SDU/MDU Simple",
    "target_eligibility_quarter": "NA"
   }
  },
  {
   "type": "Feature",
   "geometry": {
    "type": "Point",
    "coordinates": [
     145.46737928,
     -37.95620348
    ]
   },
   "properties": {
    "name": "94 BEACONSFIELD-EMERALD ROAD EMERALD 3782",
    "locID": "LOC000069179250",
    "tech": "WIRELESS",
    "upgrade": "NULL_NA",
    "gnaf_pid": "GAVIC421383156",
    "tech_change_status": "Not Planned"
   }
  },
  {
   "type": "Feature",
   "geometry": {
    "type": "Point",
    "coordinates": [
     145.438282,
     -37.93697
    ]
   },
   "properties": {
    "name": "10 UPTON ROAD EMERALD 3782",
    "locID": "LOC000038818906",
    "tech": "FTTN",
    "upgrade": "NULL_NA",
    "gnaf_pid": "GAVIC421383158",
    "tech_change_status": "Not Planned"
   }
  },
  {
   "type": "Feature",
   "geometry": {
    "type": "Point",
    "coordinates": [
     145.451706,
     -37.92846
    ]
   },
   "properties": {
    "name": "9 DURBAN ROAD EMERALD 3782",
    "locID": "LOC000035962132",
    "tech": "FTTN",
    "upgrade": "NULL_NA",
    "gnaf_pid": "GAVIC421383748",
    "tech_change_status": "Not Planned"
   }
  },
  {
   "type": "Feature",
   "geometry": {
    "type": "Point",
    "coordinates": [
     145.452175,
     -37.928898
    ]
   },
   "properties": {
    "name": "20 DURBAN ROAD EMERALD 3782",
    "locID": "LOC000036492627",
    "tech": "FTTN",
    "upgrade": "NULL_NA",
    "gnaf_pid": "GAVIC421383749",
    "tech_change_status": "Not Planned"
   }
  },
  {
   "type": "Feature",
   "geometry": {
    "type": "Point",
    "coordinates": [
     145.4254291,
     -37.92887286
    ]
   },
   "properties": {
    "name": "3 EDENMONT ROAD EMERALD 3782",
    "locID": "LOC000102454911",
    "tech": "FTTN",
    "upgrade": "NULL_NA",
    "gnaf_pid": "GAVIC421383750",
    "tech_change_status": "Not Planned"
   }
  },
  {
   "type": "Feature",
   "geometry": {
    "type": "Point",
    "coordinates": [
     145.42771055,
     -37.92610129
    ]
   },
   "properties": {
    "name": "17 EDENMONT ROAD EMERALD 3782",
    "locID": "LOC000044807902",
    "tech": "FTTN",
    "upgrade": "NULL_NA",
    "gnaf_pid": "GAVIC421383752",
    "tech_change_status": "Not Planned"
   }
  },
  {
   "type": "Feature",
   "geometry": {
    "type": "Point",
    "coordinates": [
     145.42803561,
     -37.92245613
    ]
   },
   "properties": {
    "name": "20 EDENMONT ROAD EMERALD 3782",
    "locID": "LOC000060119720",
    "tech": "FTTN",
    "upgrade": "NULL_NA",
    "gnaf_pid": "GAVIC421383753",
    "tech_change_status": "Not Planned"
   }
  },
  {
   "type": "Feature",
   "geometry": {
    "type": "Point",
    "coordinates": [
     145.42771313,
     -37.92524477
    ]
   },
   "properties": {
    "name": "23 EDENMONT ROAD EMERALD 3782",
    "locID": "LOC000036022811",
    "tech": "FTTN",
    "upgrade": "NULL_NA",
    "gnaf_pid": "GAVIC421383754",
    "tech_change_status": "Not Planned"
   }
  },
  {
   "type": "Feature",
   "geometry": {
    "type": "Point",
    "coordinates": [
     145.451699,
     -37.916338
    ]
   },
   "properties": {
    "name": "3 ELM CRESCENT EMERALD 3782",
    "locID": "LOC000008612198",
    "tech": "FTTN",
    "upgrade": "NULL_NA",
    "gnaf_pid": "GAVIC421383757",
    "tech_change_status": "Not Planned"
   }
  },
  {
   "type": "Feature",
   "geometry": {
    "type": "Point",
    "coordinates": [
     145.45092,
     -37.91603
    ]
   },
   "properties": {
    "name": "4 ELM CRESCENT EMERALD 3782",
    "locID": "LOC000059489836",
    "tech": "FTTN",
    "upgrade": "NULL_NA",
    "gnaf_pid": "GAVIC421383758",
    "tech_change_status": "Not Planned"
   }
  },
  {
   "type": "Feature",
   "geometry": {
    "type": "Point",
    "coordinates": [
     145.45296023,
     -37.91526448
    ]
   },
   "properties": {
    "name": "13 ELM CRESCENT EMERALD 3782",
    "locID": "LOC000080866468",
    "tech": "FTTN",
    "upgrade": "NULL_NA",
    "gnaf_pid": "GAVIC421383759",
    "tech_change_status": "Not Planned"
   }
  },
  {
   "type": "Feature",
   "geometry": {
    "type": "Point",
    "coordinates": [
     145.45266077,
     -37.91474612
    ]
   },
   "properties": {
    "name": "16 ELM CRESCENT EMERALD 3782",
    "locID": "LOC000006836352",
    "tech": "FTTN",
    "upgrade": "NULL_NA",
    "gnaf_pid": "GAVIC421383760",
    "tech_change_status": "Not Planned"
   }
  },
  {
   "type": "Feature",
   "geometry": {
    "type": "Point",
    "coordinates": [
     145.45196668,
     -37.91323856
    ]
   },
   "properties": {
    "name": "24 ELM CRESCENT EMERALD 3782",
    "locID": "LOC000041025040",
    "tech": "FTTN",
    "upgrade": "NULL_NA",
    "gnaf_pid": "GAVIC421383761",
    "tech_change_status": "Not Planned"
   }
  },
  {
   "type": "Feature",
   "geometry": {
    "type": "Point",
    "coordinates": [
     145.45114298,
     -37.91275548
    ]
   },
   "properties": {
    "name": "28 ELM CRESCENT EMERALD 3782",
    "locID": "LOC000048271649",
    "tech": "FTTN",
    "upgrade": "NULL_NA",
    "gnaf_pid": "GAVIC421383762",
    "tech_change_status": "Not Planned"
   }
  },
  {
   "type": "Feature",
   "geometry": {
    "type": "Point",
    "coordinates": [
     145.449414,
     -37.929249
    ]
   },
   "properties": {
    "name": "1 EMERALD LAKE ROAD EMERALD 3782",
    "locID": "LOC000101860374",
    "tech": "FTTN",
    "upgrade": "FTTP_NA",
    "gnaf_pid": "GAVIC421383763",
    "tech_change_status": "Committed",
    "program_type": "On-Demand N2P SDU/MDU Simple",
    "target_eligibility_quarter": "Jun 2025"
   }
  },
  {
   "type": "Feature",
   "geometry": {
    "type": "Point",
    "coordinates": [
     145.453765,
     -37.917627
    ]
   },
   "properties": {
    "name": "32 LAKESIDE DRIVE EMERALD 3782",
    "locID": "LOC000033916659",
    "tech": "FTTN",
    "upgrade": "NULL_NA",
    "gnaf_pid": "GAVIC421386249",
    "tech_change_status": "Not Planned"
   }
  },
  {
   "type": "Feature",
   "geometry": {
    "type": "Point",
    "coordinates": [
     145.4579784,
     -37.91671475
    ]
   },
   "properties": {
    "name": "52 LAKESIDE DRIVE EMERALD 3782",
    "locID": "LOC000098563613",
    "tech": "FTTN",
    "upgrade": "NULL_NA",
    "gnaf_pid": "GAVIC421386250",
    "tech_change_status": "Not Planned"
   }
  },
  {
   "type": "Feature",
   "geometry": {
    "type": "Point",
    "coordinates": [
     145.46166554,
     -37.92596897
    ]
   },
   "properties": {
    "name": "6 LAKEVIEW COURT EMERALD 3782",
    "locID": "LOC000099663289",
    "tech": "FTTN",
    "upgrade": "FTTP",
    "gnaf_pid": "GAVIC421386251",
    "tech_change_status": "Eligible to Order"
   }
  },
  {
   "type": "Feature",
   "geometry": {
    "type": "Point",
    "coordinates": [
     145.46524707,
     -37.92898772
    ]
   },
   "properties": {
    "name": "4 VISTA DRIVE EMERALD 3782",
    "locID": "LOC000083468016",
    "tech": "FTTN",
    "upgrade": "FTTP_NA",
    "gnaf_pid": "GAVIC421386265",
    "tech_change_status": "Committed",
    "program_type": "On-Demand N2P SDU/MDU Simple",
    "target_eligibility_quarter": "Jun 2025"
   }
  },
  {
   "type": "Feature",
   "geometry": {
    "type": "Point",
    "coordinates": [
     145.46602346,
     -37.93035503
    ]
   },
   "properties": {
    "name": "13 VISTA DRIVE EMERALD 3782",
    "locID": "LOC000049026780",
    "tech": "FTTN",
    "upgrade": "FTTP_NA",
    "gnaf_pid": "GAVIC421386267",
    "tech_change_status": "Committed",
    "program_type": "On-Demand N2P SDU/MDU Simple",
    "target_eligibility_quarter": "Jun 2025"
   }
  },
  {
   "type": "Feature",
   "geometry": {
    "type": "Point",
    "coordinates": [
     145.436722,
     -37.930568
    ]
   },
   "properties": {
    "name": "4 WALNUT AVENUE EMERALD 3782",
    "locID": "LOC000044872186",
    "tech": "FTTN",
    "upgrade": "FTTP_NA",
    "gnaf_pid": "GAVIC421386268",
    "tech_change_status": "Committed",
    "program_type": "On-Demand N2P SDU/MDU Simple",
    "target_eligibility_quarter": "Jun 2025"
   }
  },
  {
   "type": "Feature",
   "geometry": {
    "type": "Point",
    "coordinates": [
     145.4317496,
     -37.9257814
    ]
   },
   "properties": {
    "name": "7 PINNOCKS ROAD EMERALD 3782",
    "locID": "LOC000014794453",
    "tech": "FTTN",
    "upgrade": "NULL_NA",
    "gnaf_pid": "GAVIC421386654",
    "tech_change_status": "Not Planned"
   }
  },
  {
   "type": "Feature",
   "geometry": {
    "type": "Point",
    "coordinates": [
     145.43578,
     -37.928844
    ]
   },
   "properties": {
    "name": "10 PINNOCKS ROAD EMERALD 3782",
    "locID": "LOC000114304898",
    "tech": "FTTN",
    "upgrade": "FTTP_NA",
    "gnaf_pid": "GAVIC421386655",
    "tech_change_status": "Committed",
    "program_type": "On-Demand N2P SDU/MDU Simple",
    "target_eligibility_quarter": "Dec 2025"
   }
  },
  {
   "type": "Feature",
   "geometry": {
    "type": "Point",
    "coordinates": [
     145.44974769,
     -37.89586993
    ]
   },
   "properties": {
    "name": "120 UREN ROAD EMERALD 3782",
    "locID": "LOC000048021923",
    "tech": "WIRELESS",
    "upgrade": "NULL_NA",
    "gnaf_pid": "GAVIC421386919",
    "tech_change_status": "Not Planned",
    "program_type": "Fixed Wireless and Satellite Upgrade Program",
    "target_eligibility_quarter": "Mar 2025"
   }
  },
  {
   "type": "Feature",
   "geometry": {
    "type": "Point",
    "coordinates": [
     145.44896746,
     -37.93813732
    ]
   },
   "properties": {
    "name": "35 HAMILTON ROAD EMERALD 3782",
    "locID": "LOC000035187059",
    "tech": "FTTN",
    "upgrade": "FTTP_NA",
    "gnaf_pid": "GAVIC421390327",
    "tech_change_status": "In Design",
    "program_type": "On-Demand N2P SDU/MDU Simple",
    "target_eligibility_quarter": "Dec 2025"
   }
  },
  {
   "type": "Feature",
   "geometry": {
    "type": "Point",
    "coordinates": [
     145.446119,
     -37.913372
    ]
   },
   "properties": {
    "name": "11 GLENVISTA AVENUE EMERALD 3782",
    "locID": "LOC000051636332",
    "tech": "FTTN",
    "upgrade": "NULL_NA",
    "gnaf_pid": "GAVIC421390526",
    "tech_change_status": "Not Planned"
   }
  },
  {
   "type": "Feature",
   "geometry": {
    "type": "Point",
    "coordinates": [
     145.447121,
     -37.910059
    ]
   },
   "properties": {
    "name": "3 GRANDVIEW AVENUE EMERALD 3782",
    "locID": "LOC000011972235",
    "tech": "FTTN",
    "upgrade": "NULL_NA",
    "gnaf_pid": "GAVIC421390528",
    "tech_change_status": "Not Planned"
   }
  },
  {
   "type": "Feature",
   "geometry": {
    "type": "Point",
    "coordinates": [
     145.46465502,
     -37.92164132
    ]
   },
   "properties": {
    "name": "5 ALFRED GROVE EMERALD 3782",
    "locID": "LOC000107451922",
    "tech": "FTTP",
    "upgrade": "NULL_NA",
    "gnaf_pid": "GAVIC421390621",
    "tech_change_status": "Previous Tech Disconnected"
   }
  },
  {
   "type": "Feature",
   "geometry": {
    "type": "Point",
    "coordinates": [
     145.46495206,
     -37.91990354
    ]
   },
   "properties": {
    "name": "10 ALFRED GROVE EMERALD 3782",
    "locID": "LOC000047384061",
    "tech": "FTTP",
    "upgrade": "NULL_NA",
    "gnaf_pid": "GAVIC421390622",
    "tech_change_status": "Previous Tech Disconnected"
   }
  },
  {
   "type": "Feature",
   "geometry": {
    "type": "Point",
    "coordinates": [
     145.45406703,
     -37.92671707
    ]
   },
   "properties": {
    "name": "417 BELGRAVE-GEMBROOK ROAD EMERALD 3782",
    "locID": "LOC000088556108",
    "tech": "FTTN",
    "upgrade": "NULL_NA",
    "gnaf_pid": "GAVIC421392381",
    "tech_change_status": "Not Planned"
   }
  },
  {
   "type": "Feature",
   "geometry": {
    "type": "Point",
    "coordinates": [
     145.45775974,
     -37.92525845
    ]
   },
   "properties": {
    "name": "420 BELGRAVE-GEMBROOK ROAD EMERALD 3782",
    "locID": "LOC000063461072",
    "tech": "FTTN",
    "upgrade": "NULL_NA",
    "gnaf_pid": "GAVIC421392382",
    "tech_change_status": "Not Planned"
   }
  },
  {
   "type": "Feature",
   "geometry": {
    "type": "Point",
    "coordinates": [
     145.43130114,
     -37.92441484
    ]
   },
   "properties": {
    "name": "3 DUKE STREET EMERALD 3782",
    "locID": "LOC000065792415",
    "tech": "FTTN",
    "upgrade": "NULL_NA",
    "gnaf_pid": "GAVIC421393792",
    "tech_change_status": "Not Planned"
   }
  },
  {
   "type": "Feature",
   "geometry": {
    "type": "Point",
    "coordinates": [
     145.431668,
     -37.924815
    ]
   },
   "properties": {
    "name": "4 DUKE STREET EMERALD 3782",
    "locID": "LOC000081650615",
    "tech": "FTTN",
    "upgrade": "NULL_NA",
    "gnaf_pid": "GAVIC421393793",
    "tech_change_status": "Not Planned"
   }
  },
  {
   "type": "Feature",
   "geometry": {
    "type": "Point",
    "coordinates": [
     145.4370814,
     -37.93984747
    ]
   },
   "properties": {
    "name": "2 NOLAN ROAD EMERALD 3782",
    "locID": "LOC000073167392",
    "tech": "FTTN",
    "upgrade": "NULL_NA",
    "gnaf_pid": "GAVIC421393881",
    "tech_change_status": "Not Planned"
   }
  },
  {
   "type": "Feature",
   "geometry": {
    "type": "Point",
    "coordinates": [
     145.43706411,
     -37.9394833
    ]
   },
   "properties": {
    "name": "4 NOLAN ROAD EMERALD 3782",
    "locID": "LOC000088773623",
    "tech": "FTTN",
    "upgrade": "NULL_NA",
    "gnaf_pid": "GAVIC421393882",
    "tech_change_status": "Not Planned"
   }
  },
  {
   "type": "Feature",
   "geometry": {
    "type": "Point",
    "coordinates": [
     145.44220876,
     -37.93949021
    ]
   },
   "properties": {
    "name": "6 OLD BEACONSFIELD ROAD EMERALD 3782",
    "locID": "LOC000107464071",
    "tech": "FTTN",
    "upgrade": "NULL_NA",
    "gnaf_pid": "GAVIC421393883",
    "tech_change_status": "Not Planned"
   }
  },
  {
   "type": "Feature",
   "geometry": {
    "type": "Point",
    "coordinates": [
     145.44719378,
     -37.94238713
    ]
   },
   "properties": {
    "name": "7 OLD BEACONSFIELD ROAD EMERALD 3782",
    "locID": "LOC000066022360",
    "tech": "NULL",
    "upgrade": "NULL_NA",
    "gnaf_pid": "GAVIC421393884",
    "tech_change_status": "Not Planned"
   }
  },
  {
   "type": "Feature",
   "geometry": {
    "type": "Point",
    "coordinates": [
     145.442726,
     -37.940453
    ]
   },
   "properties": {
    "name": "11 OUTLOOK ROAD EMERALD 3782",
    "locID": "LOC000088430207",
    "tech": "FTTN",
    "upgrade": "NULL_NA",
    "gnaf_pid": "GAVIC421393889",
    "tech_change_status": "Not Planned"
   }
  },
  {
   "type": "Feature",
   "geometry": {
    "type": "Point",
    "coordinates": [
     145.46732986,
     -37.94829208
    ]
   },
   "properties": {
    "name": "9 PATERNOSTER ROAD EMERALD 3782",
    "locID": "LOC000075580950",
    "tech": "FTTP",
    "upgrade": "FTTP_NA",
    "gnaf_pid": "GAVIC421393893",
    "tech_change_status": "Previous Tech Disconnected",
    "program_type": "On-Demand N2P SDU/MDU Simple",
    "target_eligibility_quarter": "NA"
   }
  },
  {
   "type": "Feature",
   "geometry": {
    "type": "Point",
    "coordinates": [
     145.46840543,
     -37.94668973
    ]
   },
   "properties": {
    "name": "15 PATERNOSTER ROAD EMERALD 3782",
    "locID": "LOC000034242714",
    "tech": "FTTN",
    "upgrade": "FTTP_NA",
    "gnaf_pid": "GAVIC421393895",
    "tech_change_status": "Committed",
    "program_type": "On-Demand N2P SDU/MDU Simple",
    "target_eligibility_quarter": "Dec 2025"
   }
  },
  {
   "type": "Feature",
   "geometry": {
    "type": "Point",
    "coordinates": [
     145.460576,
     -37.944492
    ]
   },
   "properties": {
    "name": "2 SUMMIT AVENUE EMERALD 3782",
    "locID": "LOC000030158527",
    "tech": "FTTN",
    "upgrade": "FTTP_SA",
    "gnaf_pid": "GAVIC421393907",
    "tech_change_status": "Eligible to Order",
    "program_type": "On-Demand N2P SDU/MDU Simple",
    "target_eligibility_quarter": "NA"
   }
  },
  {
   "type": "Feature",
   "geometry": {
    "type": "Point",
    "coordinates": [
     145.44710998,
     -37.94590569
    ]
   },
   "properties": {
    "name": "3 TORLEY ROAD EMERALD 3782",
    "locID": "LOC000016765853",
    "tech": "FTTN",
    "upgrade": "NULL_NA",
    "gnaf_pid": "GAVIC421393918",
    "tech_change_status": "Not Planned"
   }
  },
  {
   "type": "Feature",
   "geometry": {
    "type": "Point",
    "coordinates": [
     145.44485201,
     -37.94558279
    ]
   },
   "properties": {
    "name": "11 TORLEY ROAD EMERALD 3782",
    "locID": "LOC000052543540",
    "tech": "FTTN",
    "upgrade": "NULL_NA",
    "gnaf_pid": "GAVIC421393919",
    "tech_change_status": "Not Planned"
   }
  },
  {
   "type": "Feature",
   "geometry": {
    "type": "Point",
    "coordinates": [
     145.464903,
     -37.941655
    ]
   },
   "properties": {
    "name": "12 ULMER ROAD EMERALD 3782",
    "locID": "LOC000042605439",
    "tech": "FTTN",
    "upgrade": "FTTP",
    "gnaf_pid": "GAVIC421394494",
    "tech_change_status": "Eligible to Order",
    "program_type": "On-Demand N2P SDU/MDU Simple",
    "target_eligibility_quarter": "NA"
   }
  },
  {
   "type": "Feature",
   "geometry": {
    "type": "Point",
    "coordinates": [
     145.450461,
     -37.929254
    ]
   },
   "properties": {
    "name": "9 EMERALD LAKE ROAD EMERALD 3782",
    "locID": "LOC000018171758",
    "tech": "FTTN",
    "upgrade": "FTTP_NA",
    "gnaf_pid": "GAVIC421394510",
    "tech_change_status": "Committed",
    "program_type": "On-Demand N2P SDU/MDU Simple",
    "target_eligibility_quarter": "Jun 2025"
   }
  },
  {
   "type": "Feature",
   "geometry": {
    "type": "Point",
    "coordinates": [
     145.43800649,
     -37.93514309
    ]
   },
   "properties": {
    "name": "13 BENSON STREET EMERALD 3782",
    "locID": "LOC000125526597",
    "tech": "FTTN",
    "upgrade": "FTTP_NA",
    "gnaf_pid": "GAVIC421396935",
    "tech_change_status": "Committed",
    "program_type": "On-Demand N2P SDU/MDU Simple",
    "target_eligibility_quarter": "Dec 2025"
   }
  },
  {
   "type": "Feature",
   "geometry": {
    "type": "Point",
    "coordinates": [
     145.452097,
     -37.918515
    ]
   },
   "properties": {
    "name": "7 LAKESIDE DRIVE EMERALD 3782",
    "locID": "LOC000037955882",
    "tech": "FTTN",
    "upgrade": "NULL_NA",
    "gnaf_pid": "GAVIC421397357",
    "tech_change_status": "Not Planned"
   }
  },
  {
   "type": "Feature",
   "geometry": {
    "type": "Point",
    "coordinates": [
     145.448341,
     -37.927775
    ]
   },
   "properties": {
    "name": "5 SHERRIFF ROAD EMERALD 3782",
    "locID": "LOC000023484179",
    "tech": "FTTN",
    "upgrade": "FTTP_NA",
    "gnaf_pid": "GAVIC421397370",
    "tech_change_status": "Committed",
    "program_type": "On-Demand N2P SDU/MDU Simple",
    "target_eligibility_quarter": "Dec 2025"
   }
  },
  {
   "type": "Feature",
   "geometry": {
    "type": "Point",
    "coordinates": [
     145.44849719,
     -37.90904316
    ]
   },
   "properties": {
    "name": "23A NOBELIUS STREET EMERALD 3782",
    "locID": "LOC000070423491",
    "tech": "WIRELESS",
    "upgrade": "NULL_NA",
    "gnaf_pid": "GAVIC421397377",
    "tech_change_status": "Not Planned",
    "program_type": "Fixed Wireless and Satellite Upgrade Program",
    "target_eligibility_quarter": "NA"
   }
  },
  {
   "type": "Feature",
   "geometry": {
    "type": "Point",
    "coordinates": [
     145.452949,
     -37.906612
    ]
   },
   "properties": {
    "name": "91 STEWART ROAD EMERALD 3782",
    "locID": "LOC000108158588",
    "tech": "SATELLITE",
    "upgrade": "NULL_NA",
    "gnaf_pid": "GAVIC421397378",
    "tech_change_status": "Not Planned"
   }
  },
  {
   "type": "Feature",
   "geometry": {
    "type": "Point",
    "coordinates": [
     145.45002235,
     -37.93773303
    ]
   },
   "properties": {
    "name": "12 CLOVERLEIGH AVENUE EMERALD 3782",
    "locID": "LOC000068483920",
    "tech": "FTTN",
    "upgrade": "FTTP_NA",
    "gnaf_pid": "GAVIC421397626",
    "tech_change_status": "In Design",
    "program_type": "On-Demand N2P SDU/MDU Simple",
    "target_eligibility_quarter": "Dec 2025"
   }
  },
  {
   "type": "Feature",
   "geometry": {
    "type": "Point",
    "coordinates": [
     145.43844817,
     -37.9382487
    ]
   },
   "properties": {
    "name": "3 CURTIS ROAD EMERALD 3782",
    "locID": "LOC000021961745",
    "tech": "FTTN",
    "upgrade": "NULL_NA",
    "gnaf_pid": "GAVIC421397633",
    "tech_change_status": "Not Planned"
   }
  },
  {
   "type": "Feature",
   "geometry": {
    "type": "Point",
    "coordinates": [
     145.45251289,
     -37.95195482
    ]
   },
   "properties": {
    "name": "10 DEERY ROAD EMERALD 3782",
    "locID": "LOC000081521799",
    "tech": "NULL",
    "upgrade": "NULL_NA",
    "gnaf_pid": "GAVIC421397634",
    "tech_change_status": "Not Planned"
   }
  },
  {
   "type": "Feature",
   "geometry": {
    "type": "Point",
    "coordinates": [
     145.45970228,
     -37.94980326
    ]
   },
   "properties": {
    "name": "23 DEERY ROAD EMERALD 3782",
    "locID": "LOC000104927802",
    "tech": "NULL",
    "upgrade": "NULL_NA",
    "gnaf_pid": "GAVIC421397636",
    "tech_change_status": "Not Planned"
   }
  },
  {
   "type": "Feature",
   "geometry": {
    "type": "Point",
    "coordinates": [
     145.45988841,
     -37.94913039
    ]
   },
   "properties": {
    "name": "25 DEERY ROAD EMERALD 3782",
    "locID": "LOC000063569119",
    "tech": "SATELLITE",
    "upgrade": "NULL_NA",
    "gnaf_pid": "GAVIC421397637",
    "tech_change_status": "Not Planned"
   }
  },
  {
   "type": "Feature",
   "geometry": {
    "type": "Point",
    "coordinates": [
     145.45949296,
     -37.94907779
    ]
   },
   "properties": {
    "name": "26 DEERY ROAD EMERALD 3782",
    "locID": "LOC000012746817",
    "tech": "NULL",
    "upgrade": "NULL_NA",
    "gnaf_pid": "GAVIC421397638",
    "tech_change_status": "Not Planned"
   }
  },
  {
   "type": "Feature",
   "geometry": {
    "type": "Point",
    "coordinates": [
     145.444522,
     -37.933015
    ]
   },
   "properties": {
    "name": "24 HEROES AVENUE EMERALD 3782",
    "locID": "LOC000005154146",
    "tech": "FTTN",
    "upgrade": "FTTP_NA",
    "gnaf_pid": "GAVIC421397648",
    "tech_change_status": "Committed",
    "program_type": "On-Demand N2P SDU/MDU Simple",
    "target_eligibility_quarter": "Jun 2025"
   }
  },
  {
   "type": "Feature",
   "geometry": {
    "type": "Point",
    "coordinates": [
     145.4461,
     -37.931531
    ]
   },
   "properties": {
    "name": "35 HEROES AVENUE EMERALD 3782",
    "locID": "LOC000088814210",
    "tech": "FTTN",
    "upgrade": "FTTP_NA",
    "gnaf_pid": "GAVIC421398308",
    "tech_change_status": "Committed",
    "program_type": "On-Demand N2P SDU/MDU Simple",
    "target_eligibility_quarter": "Dec 2025"
   }
  },
  {
   "type": "Feature",
   "geometry": {
    "type": "Point",
    "coordinates": [
     145.440861,
     -37.930173
    ]
   },
   "properties": {
    "name": "12 FERRES ROAD EMERALD 3782",
    "locID": "LOC000065761723",
    "tech": "FTTN",
    "upgrade": "FTTP_NA",
    "gnaf_pid": "GAVIC421400723",
    "tech_change_status": "Committed",
    "program_type": "On-Demand N2P SDU/MDU Simple",
    "target_eligibility_quarter": "Jun 2025"
   }
  },
  {
   "type": "Feature",
   "geometry": {
    "type": "Point",
    "coordinates": [
     145.440761,
     -37.927378
    ]
   },
   "properties": {
    "name": "38 FERRES ROAD EMERALD 3782",
    "locID": "LOC000031796997",
    "tech": "FTTN",
    "upgrade": "FTTP_NA",
    "gnaf_pid": "GAVIC421400724",
    "tech_change_status": "Committed",
    "program_type": "On-Demand N2P SDU/MDU Simple",
    "target_eligibility_quarter": "Jun 2025"
   }
  },
  {
   "type": "Feature",
   "geometry": {
    "type": "Point",
    "coordinates": [
     145.440293,
     -37.923145
    ]
   },
   "properties": {
    "name": "65 FERRES ROAD EMERALD 3782",
    "locID": "LOC000083623541",
    "tech": "FTTN",
    "upgrade": "NULL_NA",
    "gnaf_pid": "GAVIC421400725",
    "tech_change_status": "Not Planned"
   }
  },
  {
   "type": "Feature",
   "geometry": {
    "type": "Point",
    "coordinates": [
     145.44738709,
     -37.91839133
    ]
   },
   "properties": {
    "name": "6 FLORENCE AVENUE EMERALD 3782",
    "locID": "LOC000078986636",
    "tech": "FTTN",
    "upgrade": "NULL_NA",
    "gnaf_pid": "GAVIC421400726",
    "tech_change_status": "Not Planned"
   }
  },
  {
   "type": "Feature",
   "geometry": {
    "type": "Point",
    "coordinates": [
     145.4464282,
     -37.92023869
    ]
   },
   "properties": {
    "name": "13 FLORENCE AVENUE EMERALD 3782",
    "locID": "LOC000083700790",
    "tech": "FTTN",
    "upgrade": "NULL_NA",
    "gnaf_pid": "GAVIC421400727",
    "tech_change_status": "Not Planned"
   }
  },
  {
   "type": "Feature",
   "geometry": {
    "type": "Point",
    "coordinates": [
     145.4454406,
     -37.92053029
    ]
   },
   "properties": {
    "name": "26 FLORENCE AVENUE EMERALD 3782",
    "locID": "LOC000018496830",
    "tech": "FTTN",
    "upgrade": "NULL_NA",
    "gnaf_pid": "GAVIC421400728",
    "tech_change_status": "Not Planned"
   }
  },
  {
   "type": "Feature",
   "geometry": {
    "type": "Point",
    "coordinates": [
     145.43512947,
     -37.93887455
    ]
   },
   "properties": {
    "name": "7 MAISIE ROAD EMERALD 3782",
    "locID": "LOC000030950336",
    "tech": "FTTN",
    "upgrade": "NULL_NA",
    "gnaf_pid": "GAVIC421404164",
    "tech_change_status": "Not Planned"
   }
  },
  {
   "type": "Feature",
   "geometry": {
    "type": "Point",
    "coordinates": [
     145.43351927,
     -37.93873799
    ]
   },
   "properties": {
    "name": "15 MAISIE ROAD EMERALD 3782",
    "locID": "LOC000010127855",
    "tech": "FTTN",
    "upgrade": "NULL_NA",
    "gnaf_pid": "GAVIC421404165",
    "tech_change_status": "Not Planned"
   }
  },
  {
   "type": "Feature",
   "geometry": {
    "type": "Point",
    "coordinates": [
     145.47413007,
     -37.94052297
    ]
   },
   "properties": {
    "name": "5 MAJESTIC DRIVE EMERALD 3782",
    "locID": "LOC000047667867",
    "tech": "FTTP",
    "upgrade": "NULL_NA",
    "gnaf_pid": "GAVIC421404166"
   }
  },
  {
   "type": "Feature",
   "geometry": {
    "type": "Point",
    "coordinates": [
     145.47363421,
     -37.94059586
    ]
   },
   "properties": {
    "name": "7 MAJESTIC DRIVE EMERALD 3782",
    "locID": "LOC000092131348",
    "tech": "FTTP",
    "upgrade": "NULL_NA",
    "gnaf_pid": "GAVIC421404167"
   }
  },
  {
   "type": "Feature",
   "geometry": {
    "type": "Point",
    "coordinates": [
     145.47097,
     -37.939923
    ]
   },
   "properties": {
    "name": "17 MAJESTIC DRIVE EMERALD 3782",
    "locID": "LOC000014511063",
    "tech": "FTTP",
    "upgrade": "NULL_NA",
    "gnaf_pid": "GAVIC421404168"
   }
  },
  {
   "type": "Feature",
   "geometry": {
    "type": "Point",
    "coordinates": [
     145.47003883,
     -37.93952677
    ]
   },
   "properties": {
    "name": "21 MAJESTIC DRIVE EMERALD 3782",
    "locID": "LOC000033612979",
    "tech": "FTTN",
    "upgrade": "NULL_NA",
    "gnaf_pid": "GAVIC421404169",
    "tech_change_status": "Not Planned"
   }
  },
  {
   "type": "Feature",
   "geometry": {
    "type": "Point",
    "coordinates": [
     145.46936981,
     -37.93600757
    ]
   },
   "properties": {
    "name": "24 MAJESTIC DRIVE EMERALD 3782",
    "locID": "LOC000028354136",
    "tech": "FTTN",
    "upgrade": "NULL_NA",
    "gnaf_pid": "GAVIC421404170",
    "tech_change_status": "Not Planned"
   }
  },
  {
   "type": "Feature",
   "geometry": {
    "type": "Point",
    "coordinates": [
     145.46765568,
     -37.93338287
    ]
   },
   "properties": {
    "name": "30 MAJESTIC DRIVE EMERALD 3782",
    "locID": "LOC000012857654",
    "tech": "FTTN",
    "upgrade": "NULL_NA",
    "gnaf_pid": "GAVIC421404172",
    "tech_change_status": "Not Planned"
   }
  },
  {
   "type": "Feature",
   "geometry": {
    "type": "Point",
    "coordinates": [
     145.47739256,
     -37.963997
    ]
   },
   "properties": {
    "name": "50 MARKS LANE EMERALD 3782",
    "locID": "LOC000089585445",
    "tech": "WIRELESS",
    "upgrade": "NULL_NA",
    "gnaf_pid": "GAVIC421404174",
    "tech_change_status": "Not Planned",
    "program_type": "Fixed Wireless and Satellite Upgrade Program",
    "target_eligibility_quarter": "NA"
   }
  },
  {
   "type": "Feature",
   "geometry": {
    "type": "Point",
    "coordinates": [
     145.435467,
     -37.933967
    ]
   },
   "properties": {
    "name": "3 BAYVIEW ROAD EMERALD 3782",
    "locID": "LOC000074973494",
    "tech": "FTTN",
    "upgrade": "FTTP_NA",
    "gnaf_pid": "GAVIC421405340",
    "tech_change_status": "Committed",
    "program_type": "On-Demand N2P SDU/MDU Simple",
    "target_eligibility_quarter": "Jun 2025"
   }
  },
  {
   "type": "Feature",
   "geometry": {
    "type": "Point",
    "coordinates": [
     145.435481,
     -37.934373
    ]
   },
   "properties": {
    "name": "7 BAYVIEW ROAD EMERALD 3782",
    "locID": "LOC000080523495",
    "tech": "FTTN",
    "upgrade": "FTTP_NA",
    "gnaf_pid": "GAVIC421405341",
    "tech_change_status": "Committed",
    "program_type": "On-Demand N2P SDU/MDU Simple",
    "target_eligibility_quarter": "Jun 2025"
   }
  },
  {
   "type": "Feature",
   "geometry": {
    "type": "Point",
    "coordinates": [
     145.44561311,
     -37.93024431
    ]
   },
   "properties": {
    "name": "4 BEACONSFIELD-EMERALD ROAD EMERALD 3782",
    "locID": "LOC000081287417",
    "tech": "FTTN",
    "upgrade": "FTTP_NA",
    "gnaf_pid": "GAVIC421405342",
    "tech_change_status": "Committed",
    "program_type": "On-Demand N2P SDU/MDU Simple",
    "target_eligibility_quarter": "Dec 2025"
   }
  },
  {
   "type": "Feature",
   "geometry": {
    "type": "Point",
    "coordinates": [
     145.45125362,
     -37.91451042
    ]
   },
   "properties": {
    "name": "7 CARRAMAR COURT EMERALD 3782",
    "locID": "LOC000008630708",
    "tech": "FTTN",
    "upgrade": "NULL_NA",
    "gnaf_pid": "GAVIC421405525",
    "tech_change_status": "Not Planned"
   }
  },
  {
   "type": "Feature",
   "geometry": {
    "type": "Point",
    "coordinates": [
     145.45044917,
     -37.91452747
    ]
   },
   "properties": {
    "name": "8 CARRAMAR COURT EMERALD 3782",
    "locID": "LOC000050112719",
    "tech": "FTTN",
    "upgrade": "NULL_NA",
    "gnaf_pid": "GAVIC421405526",
    "tech_change_status": "Not Planned"
   }
  },
  {
   "type": "Feature",
   "geometry": {
    "type": "Point",
    "coordinates": [
     145.456849,
     -37.927347
    ]
   },
   "properties": {
    "name": "7 ROYAL PARADE EMERALD 3782",
    "locID": "LOC000096199254",
    "tech": "FTTN",
    "upgrade": "NULL_NA",
    "gnaf_pid": "GAVIC421407537",
    "tech_change_status": "Not Planned"
   }
  },
  {
   "type": "Feature",
   "geometry": {
    "type": "Point",
    "coordinates": [
     145.43748651,
     -37.93462606
    ]
   },
   "properties": {
    "name": "13 RUSSELL STREET EMERALD 3782",
    "locID": "LOC000059556479",
    "tech": "FTTN",
    "upgrade": "FTTP_NA",
    "gnaf_pid": "GAVIC421407542",
    "tech_change_status": "Committed",
    "program_type": "On-Demand N2P SDU/MDU Simple",
    "target_eligibility_quarter": "Jun 2025"
   }
  },
  {
   "type": "Feature",
   "geometry": {
    "type": "Point",
    "coordinates": [
     145.47022107,
     -37.93469205
    ]
   },
   "properties": {
    "name": "9 MIMOSA AVENUE EMERALD 3782",
    "locID": "LOC000009425694",
    "tech": "FTTN",
    "upgrade": "NULL_NA",
    "gnaf_pid": "GAVIC421407893",
    "tech_change_status": "Not Planned"
   }
  },
  {
   "type": "Feature",
   "geometry": {
    "type": "Point",
    "coordinates": [
     145.42922712,
     -37.92426977
    ]
   },
   "properties": {
    "name": "4 DOERY STREET EMERALD 3782",
    "locID": "LOC000050557237",
    "tech": "FTTN",
    "upgrade": "NULL_NA",
    "gnaf_pid": "GAVIC421408191",
    "tech_change_status": "Not Planned"
   }
  },
  {
   "type": "Feature",
   "geometry": {
    "type": "Point",
    "coordinates": [
     145.45347327,
     -37.91801322
    ]
   },
   "properties": {
    "name": "9 LAKESIDE DRIVE EMERALD 3782",
    "locID": "LOC000016026049",
    "tech": "FTTN",
    "upgrade": "NULL_NA",
    "gnaf_pid": "GAVIC421408316",
    "tech_change_status": "Not Planned"
   }
  },
  {
   "type": "Feature",
   "geometry": {
    "type": "Point",
    "coordinates": [
     145.451258,
     -37.918901
    ]
   },
   "properties": {
    "name": "18 LAKESIDE DRIVE EMERALD 3782",
    "locID": "LOC000028409416",
    "tech": "FTTN",
    "upgrade": "NULL_NA",
    "gnaf_pid": "GAVIC421408319",
    "tech_change_status": "Not Planned"
   }
  },
  {
   "type": "Feature",
   "geometry": {
    "type": "Point",
    "coordinates": [
     145.451728,
     -37.918177
    ]
   },
   "properties": {
    "name": "24 LAKESIDE DRIVE EMERALD 3782",
    "locID": "LOC000067929960",
    "tech": "FTTN",
    "upgrade": "NULL_NA",
    "gnaf_pid": "GAVIC421408320",
    "tech_change_status": "Not Planned"
   }
  },
  {
   "type": "Feature",
   "geometry": {
    "type": "Point",
    "coordinates": [
     145.45283791,
     -37.91789372
    ]
   },
   "properties": {
    "name": "28 LAKESIDE DRIVE EMERALD 3782",
    "locID": "LOC000040247103",
    "tech": "FTTN",
    "upgrade": "NULL_NA",
    "gnaf_pid": "GAVIC421408321",
    "tech_change_status": "Not Planned"
   }
  },
  {
   "type": "Feature",
   "geometry": {
    "type": "Point",
    "coordinates": [
     145.45995,
     -37.924359
    ]
   },
   "properties": {
    "name": "426 BELGRAVE-GEMBROOK ROAD EMERALD 3782",
    "locID": "LOC000004371990",
    "tech": "FTTN",
    "upgrade": "NULL_NA",
    "gnaf_pid": "GAVIC421408941",
    "tech_change_status": "Not Planned"
   }
  },
  {
   "type": "Feature",
   "geometry": {
    "type": "Point",
    "coordinates": [
     145.46353881,
     -37.92294179
    ]
   },
   "properties": {
    "name": "429 BELGRAVE-GEMBROOK ROAD EMERALD 3782",
    "locID": "LOC000022156119",
    "tech": "FTTN",
    "upgrade": "FTTP_NA",
    "gnaf_pid": "GAVIC421408942",
    "tech_change_status": "Committed",
    "program_type": "On-Demand N2P SDU/MDU Simple",
    "target_eligibility_quarter": "Jun 2025"
   }
  },
  {
   "type": "Feature",
   "geometry": {
    "type": "Point",
    "coordinates": [
     145.46418679,
     -37.92267381
    ]
   },
   "properties": {
    "name": "431 BELGRAVE-GEMBROOK ROAD EMERALD 3782",
    "locID": "LOC000051001460",
    "tech": "FTTN",
    "upgrade": "FTTP_NA",
    "gnaf_pid": "GAVIC421408943",
    "tech_change_status": "Committed",
    "program_type": "On-Demand N2P SDU/MDU Simple",
    "target_eligibility_quarter": "Dec 2025"
   }
  },
  {
   "type": "Feature",
   "geometry": {
    "type": "Point",
    "coordinates": [
     145.46460399,
     -37.93059165
    ]
   },
   "properties": {
    "name": "10 BELLBIRD CRESCENT EMERALD 3782",
    "locID": "LOC000091374993",
    "tech": "FTTN",
    "upgrade": "FTTP_NA",
    "gnaf_pid": "GAVIC421408946",
    "tech_change_status": "Committed",
    "program_type": "On-Demand N2P SDU/MDU Simple",
    "target_eligibility_quarter": "Jun 2025"
   }
  },
  {
   "type": "Feature",
   "geometry": {
    "type": "Point",
    "coordinates": [
     145.46705474,
     -37.92811259
    ]
   },
   "properties": {
    "name": "36 BELLBIRD CRESCENT EMERALD 3782",
    "locID": "LOC000052375159",
    "tech": "FTTN",
    "upgrade": "FTTP_NA",
    "gnaf_pid": "GAVIC421408948",
    "tech_change_status": "Committed",
    "program_type": "On-Demand N2P SDU/MDU Simple",
    "target_eligibility_quarter": "Jun 2025"
   }
  },
  {
   "type": "Feature",
   "geometry": {
    "type": "Point",
    "coordinates": [
     145.46352239,
     -37.92894188
    ]
   },
   "properties": {
    "name": "37 BELLBIRD CRESCENT EMERALD 3782",
    "locID": "LOC000081194007",
    "tech": "FTTN",
    "upgrade": "FTTP_NA",
    "gnaf_pid": "GAVIC421408949",
    "tech_change_status": "Committed",
    "program_type": "On-Demand N2P SDU/MDU Simple",
    "target_eligibility_quarter": "Jun 2025"
   }
  },
  {
   "type": "Feature",
   "geometry": {
    "type": "Point",
    "coordinates": [
     145.46765493,
     -37.92921429
    ]
   },
   "properties": {
    "name": "50 BELLBIRD CRESCENT EMERALD 3782",
    "locID": "LOC000088465593",
    "tech": "FTTN",
    "upgrade": "FTTP_NA",
    "gnaf_pid": "GAVIC421408950",
    "tech_change_status": "Committed",
    "program_type": "On-Demand N2P SDU/MDU Simple",
    "target_eligibility_quarter": "Jun 2025"
   }
  },
  {
   "type": "Feature",
   "geometry": {
    "type": "Point",
    "coordinates": [
     145.43945031,
     -37.93478936
    ]
   },
   "properties": {
    "name": "4 BENSON STREET EMERALD 3782",
    "locID": "LOC000002909968",
    "tech": "FTTN",
    "upgrade": "NULL_NA",
    "gnaf_pid": "GAVIC421408952",
    "tech_change_status": "Not Planned"
   }
  },
  {
   "type": "Feature",
   "geometry": {
    "type": "Point",
    "coordinates": [
     145.439768,
     -37.930762
    ]
   },
   "properties": {
    "name": "8 BERRYS ROAD EMERALD 3782",
    "locID": "LOC000102015132",
    "tech": "FTTN",
    "upgrade": "FTTP_NA",
    "gnaf_pid": "GAVIC421408953",
    "tech_change_status": "Committed",
    "program_type": "On-Demand N2P SDU/MDU Simple",
    "target_eligibility_quarter": "Jun 2025"
   }
  },
  {
   "type": "Feature",
   "geometry": {
    "type": "Point",
    "coordinates": [
     145.439551,
     -37.930768
    ]
   },
   "properties": {
    "name": "10 BERRYS ROAD EMERALD 3782",
    "locID": "LOC000089697951",
    "tech": "FTTN",
    "upgrade": "FTTP_NA",
    "gnaf_pid": "GAVIC421408954",
    "tech_change_status": "Committed",
    "program_type": "On-Demand N2P SDU/MDU Simple",
    "target_eligibility_quarter": "Jun 2025"
   }
  },
  {
   "type": "Feature",
   "geometry": {
    "type": "Point",
    "coordinates": [
     145.439028,
     -37.930788
    ]
   },
   "properties": {
    "name": "14 BERRYS ROAD EMERALD 3782",
    "locID": "LOC000047955418",
    "tech": "FTTN",
    "upgrade": "FTTP_NA",
    "gnaf_pid": "GAVIC421408955",
    "tech_change_status": "Committed",
    "program_type": "On-Demand N2P SDU/MDU Simple",
    "target_eligibility_quarter": "Jun 2025"
   }
  },
  {
   "type": "Feature",
   "geometry": {
    "type": "Point",
    "coordinates": [
     145.439021,
     -37.931113
    ]
   },
   "properties": {
    "name": "15 BERRYS ROAD EMERALD 3782",
    "locID": "LOC000103444740",
    "tech": "FTTN",
    "upgrade": "FTTP_NA",
    "gnaf_pid": "GAVIC421408956",
    "tech_change_status": "Committed",
    "program_type": "On-Demand N2P SDU/MDU Simple",
    "target_eligibility_quarter": "Jun 2025"
   }
  },
  {
   "type": "Feature",
   "geometry": {
    "type": "Point",
    "coordinates": [
     145.44174607,
     -37.91942085
    ]
   },
   "properties": {
    "name": "6 CAROLINE CRESCENT EMERALD 3782",
    "locID": "LOC000002005960",
    "tech": "FTTN",
    "upgrade": "NULL_NA",
    "gnaf_pid": "GAVIC421409026",
    "tech_change_status": "Not Planned"
   }
  },
  {
   "type": "Feature",
   "geometry": {
    "type": "Point",
    "coordinates": [
     145.44126509,
     -37.91754737
    ]
   },
   "properties": {
    "name": "18 CAROLINE CRESCENT EMERALD 3782",
    "locID": "LOC000030958854",
    "tech": "FTTN",
    "upgrade": "NULL_NA",
    "gnaf_pid": "GAVIC421409027",
    "tech_change_status": "Not Planned"
   }
  },
  {
   "type": "Feature",
   "geometry": {
    "type": "Point",
    "coordinates": [
     145.4455459,
     -37.91851345
    ]
   },
   "properties": {
    "name": "19 CHARMAN AVENUE EMERALD 3782",
    "locID": "LOC000089690456",
    "tech": "FTTN",
    "upgrade": "NULL_NA",
    "gnaf_pid": "GAVIC421409043",
    "tech_change_status": "Not Planned"
   }
  },
  {
   "type": "Feature",
   "geometry": {
    "type": "Point",
    "coordinates": [
     145.444563,
     -37.919182
    ]
   },
   "properties": {
    "name": "25 CHARMAN AVENUE EMERALD 3782",
    "locID": "LOC000099228606",
    "tech": "FTTN",
    "upgrade": "NULL_NA",
    "gnaf_pid": "GAVIC421409044",
    "tech_change_status": "Not Planned"
   }
  },
  {
   "type": "Feature",
   "geometry": {
    "type": "Point",
    "coordinates": [
     145.46618365,
     -37.93083053
    ]
   },
   "properties": {
    "name": "3 WATTLE COURT EMERALD 3782",
    "locID": "LOC000052114246",
    "tech": "FTTN",
    "upgrade": "FTTP_NA",
    "gnaf_pid": "GAVIC421409049",
    "tech_change_status": "Committed",
    "program_type": "On-Demand N2P SDU/MDU Simple",
    "target_eligibility_quarter": "Jun 2025"
   }
  },
  {
   "type": "Feature",
   "geometry": {
    "type": "Point",
    "coordinates": [
     145.43551,
     -37.933571
    ]
   },
   "properties": {
    "name": "1 BAYVIEW ROAD EMERALD 3782",
    "locID": "LOC000030152209",
    "tech": "FTTN",
    "upgrade": "FTTP_NA",
    "gnaf_pid": "GAVIC421409055",
    "tech_change_status": "Committed",
    "program_type": "On-Demand N2P SDU/MDU Simple",
    "target_eligibility_quarter": "Jun 2025"
   }
  },
  {
   "type": "Feature",
   "geometry": {
    "type": "Point",
    "coordinates": [
     145.434553,
     -37.933595
    ]
   },
   "properties": {
    "name": "21 WESTLANDS ROAD EMERALD 3782",
    "locID": "LOC000004270289",
    "tech": "FTTN",
    "upgrade": "FTTP_NA",
    "gnaf_pid": "GAVIC421409056",
    "tech_change_status": "Committed",
    "program_type": "On-Demand N2P SDU/MDU Simple",
    "target_eligibility_quarter": "Jun 2025"
   }
  },
  {
   "type": "Feature",
   "geometry": {
    "type": "Point",
    "coordinates": [
     145.433998,
     -37.93347
    ]
   },
   "properties": {
    "name": "22 WESTLANDS ROAD EMERALD 3782",
    "locID": "LOC000008001262",
    "tech": "FTTN",
    "upgrade": "FTTP_NA",
    "gnaf_pid": "GAVIC421409057",
    "tech_change_status": "Committed",
    "program_type": "On-Demand N2P SDU/MDU Simple",
    "target_eligibility_quarter": "Jun 2025"
   }
  },
  {
   "type": "Feature",
   "geometry": {
    "type": "Point",
    "coordinates": [
     145.43339976,
     -37.93604183
    ]
   },
   "properties": {
    "name": "3 BOUNDARY ROAD WEST EMERALD 3782",
    "locID": "LOC000057996789",
    "tech": "FTTN",
    "upgrade": "FTTP_NA",
    "gnaf_pid": "GAVIC421411818",
    "tech_change_status": "Committed",
    "program_type": "On-Demand N2P SDU/MDU Simple",
    "target_eligibility_quarter": "Jun 2025"
   }
  },
  {
   "type": "Feature",
   "geometry": {
    "type": "Point",
    "coordinates": [
     145.43366942,
     -37.9360376
    ]
   },
   "properties": {
    "name": "5 BOUNDARY ROAD WEST EMERALD 3782",
    "locID": "LOC000041408484",
    "tech": "FTTN",
    "upgrade": "FTTP_NA",
    "gnaf_pid": "GAVIC421411819",
    "tech_change_status": "Committed",
    "program_type": "On-Demand N2P SDU/MDU Simple",
    "target_eligibility_quarter": "Jun 2025"
   }
  },
  {
   "type": "Feature",
   "geometry": {
    "type": "Point",
    "coordinates": [
     145.438498,
     -37.935918
    ]
   },
   "properties": {
    "name": "33 BOUNDARY ROAD EAST EMERALD 3782",
    "locID": "LOC000064350332",
    "tech": "FTTN",
    "upgrade": "NULL_NA",
    "gnaf_pid": "GAVIC421411820",
    "tech_change_status": "Not Planned"
   }
  },
  {
   "type": "Feature",
   "geometry": {
    "type": "Point",
    "coordinates": [
     145.42637277,
     -37.92605678
    ]
   },
   "properties": {
    "name": "3 NAYLORS ROAD EMERALD 3782",
    "locID": "LOC000066412468",
    "tech": "FTTN",
    "upgrade": "NULL_NA",
    "gnaf_pid": "GAVIC421412407",
    "tech_change_status": "Not Planned"
   }
  },
  {
   "type": "Feature",
   "geometry": {
    "type": "Point",
    "coordinates": [
     145.44879337,
     -37.91447148
    ]
   },
   "properties": {
    "name": "16 NOBELIUS STREET EMERALD 3782",
    "locID": "LOC000069414097",
    "tech": "FTTN",
    "upgrade": "NULL_NA",
    "gnaf_pid": "GAVIC421412408",
    "tech_change_status": "Not Planned"
   }
  },
  {
   "type": "Feature",
   "geometry": {
    "type": "Point",
    "coordinates": [
     145.44853609,
     -37.91405046
    ]
   },
   "properties": {
    "name": "20 NOBELIUS STREET EMERALD 3782",
    "locID": "LOC000046573459",
    "tech": "FTTN",
    "upgrade": "NULL_NA",
    "gnaf_pid": "GAVIC421412409",
    "tech_change_status": "Not Planned"
   }
  },
  {
   "type": "Feature",
   "geometry": {
    "type": "Point",
    "coordinates": [
     145.43218566,
     -37.9336916
    ]
   },
   "properties": {
    "name": "9-11 WOODLANDS AVENUE EMERALD 3782",
    "locID": "LOC000114808506",
    "tech": "FTTN",
    "upgrade": "NULL_NA",
    "gnaf_pid": "GAVIC421412864",
    "tech_change_status": "Not Planned"
   }
  },
  {
   "type": "Feature",
   "geometry": {
    "type": "Point",
    "coordinates": [
     145.432412,
     -37.933683
    ]
   },
   "properties": {
    "name": "13 WOODLANDS AVENUE EMERALD 3782",
    "locID": "LOC000013063985",
    "tech": "FTTN",
    "upgrade": "NULL_NA",
    "gnaf_pid": "GAVIC421412865",
    "tech_change_status": "Not Planned"
   }
  },
  {
   "type": "Feature",
   "geometry": {
    "type": "Point",
    "coordinates": [
     145.447712,
     -37.92956
    ]
   },
   "properties": {
    "name": "12 EMERALD LAKE ROAD EMERALD 3782",
    "locID": "LOC000034327320",
    "tech": "FTTN",
    "upgrade": "FTTP_NA",
    "gnaf_pid": "GAVIC421412908",
    "tech_change_status": "Committed",
    "program_type": "On-Demand N2P SDU/MDU Simple",
    "target_eligibility_quarter": "Jun 2025"
   }
  },
  {
   "type": "Feature",
   "geometry": {
    "type": "Point",
    "coordinates": [
     145.45840953,
     -37.92714477
    ]
   },
   "properties": {
    "name": "1 ELIZABETH COURT EMERALD 3782",
    "locID": "LOC000085194539",
    "tech": "FTTN",
    "upgrade": "NULL_NA",
    "gnaf_pid": "GAVIC421412909",
    "tech_change_status": "Not Planned"
   }
  },
  {
   "type": "Feature",
   "geometry": {
    "type": "Point",
    "coordinates": [
     145.45881919,
     -37.9272688
    ]
   },
   "properties": {
    "name": "53 EMERALD LAKE ROAD EMERALD 3782",
    "locID": "LOC000084633142",
    "tech": "FTTN",
    "upgrade": "NULL_NA",
    "gnaf_pid": "GAVIC421412910",
    "tech_change_status": "Not Planned"
   }
  },
  {
   "type": "Feature",
   "geometry": {
    "type": "Point",
    "coordinates": [
     145.443523,
     -37.926964
    ]
   },
   "properties": {
    "name": "11 EMERALD-MONBULK ROAD EMERALD 3782",
    "locID": "LOC000020972055",
    "tech": "FTTN",
    "upgrade": "FTTP_NA",
    "gnaf_pid": "GAVIC421412911",
    "tech_change_status": "Committed",
    "program_type": "On-Demand N2P SDU/MDU Simple",
    "target_eligibility_quarter": "Jun 2025"
   }
  },
  {
   "type": "Feature",
   "geometry": {
    "type": "Point",
    "coordinates": [
     145.443779,
     -37.926697
    ]
   },
   "properties": {
    "name": "12 EMERALD-MONBULK ROAD EMERALD 3782",
    "locID": "LOC000023911616",
    "tech": "FTTN",
    "upgrade": "FTTP_NA",
    "gnaf_pid": "GAVIC421412912",
    "tech_change_status": "Committed",
    "program_type": "On-Demand N2P SDU/MDU Simple",
    "target_eligibility_quarter": "Jun 2025"
   }
  },
  {
   "type": "Feature",
   "geometry": {
    "type": "Point",
    "coordinates": [
     145.442548,
     -37.925175
    ]
   },
   "properties": {
    "name": "21 EMERALD-MONBULK ROAD EMERALD 3782",
    "locID": "LOC000095467337",
    "tech": "FTTN",
    "upgrade": "FTTP_NA",
    "gnaf_pid": "GAVIC421412913",
    "tech_change_status": "Committed",
    "program_type": "On-Demand N2P SDU/MDU Simple",
    "target_eligibility_quarter": "Dec 2025"
   }
  },
  {
   "type": "Feature",
   "geometry": {
    "type": "Point",
    "coordinates": [
     145.448679,
     -37.919822
    ]
   },
   "properties": {
    "name": "50 EMERALD-MONBULK ROAD EMERALD 3782",
    "locID": "LOC000016882520",
    "tech": "FTTN",
    "upgrade": "NULL_NA",
    "gnaf_pid": "GAVIC421412914",
    "tech_change_status": "Not Planned"
   }
  },
  {
   "type": "Feature",
   "geometry": {
    "type": "Point",
    "coordinates": [
     145.449006,
     -37.91888
    ]
   },
   "properties": {
    "name": "61 EMERALD-MONBULK ROAD EMERALD 3782",
    "locID": "LOC000101219120",
    "tech": "FTTN",
    "upgrade": "NULL_NA",
    "gnaf_pid": "GAVIC421412915",
    "tech_change_status": "Not Planned"
   }
  },
  {
   "type": "Feature",
   "geometry": {
    "type": "Point",
    "coordinates": [
     145.44425414,
     -37.91434321
    ]
   },
   "properties": {
    "name": "83 EMERALD-MONBULK ROAD EMERALD 3782",
    "locID": "LOC000002038557",
    "tech": "FTTN",
    "upgrade": "NULL_NA",
    "gnaf_pid": "GAVIC421412916",
    "tech_change_status": "Not Planned"
   }
  },
  {
   "type": "Feature",
   "geometry": {
    "type": "Point",
    "coordinates": [
     145.44312737,
     -37.90540533
    ]
   },
   "properties": {
    "name": "97 EMERALD-MONBULK ROAD EMERALD 3782",
    "locID": "LOC000014379874",
    "tech": "FTTN",
    "upgrade": "NULL_NA",
    "gnaf_pid": "GAVIC421412918",
    "tech_change_status": "Not Planned"
   }
  },
  {
   "type": "Feature",
   "geometry": {
    "type": "Point",
    "coordinates": [
     145.44451405,
     -37.90421963
    ]
   },
   "properties": {
    "name": "110 EMERALD-MONBULK ROAD EMERALD 3782",
    "locID": "LOC000079703759",
    "tech": "FTTN",
    "upgrade": "NULL_NA",
    "gnaf_pid": "GAVIC421412919",
    "tech_change_status": "Not Planned"
   }
  },
  {
   "type": "Feature",
   "geometry": {
    "type": "Point",
    "coordinates": [
     145.44489,
     -37.903676
    ]
   },
   "properties": {
    "name": "114 EMERALD-MONBULK ROAD EMERALD 3782",
    "locID": "LOC000059758855",
    "tech": "FTTN",
    "upgrade": "NULL_NA",
    "gnaf_pid": "GAVIC421412920",
    "tech_change_status": "Not Planned"
   }
  },
  {
   "type": "Feature",
   "geometry": {
    "type": "Point",
    "coordinates": [
     145.44531588,
     -37.90130701
    ]
   },
   "properties": {
    "name": "126 EMERALD-MONBULK ROAD EMERALD 3782",
    "locID": "LOC000079727495",
    "tech": "FTTN",
    "upgrade": "NULL_NA",
    "gnaf_pid": "GAVIC421412921",
    "tech_change_status": "Not Planned"
   }
  },
  {
   "type": "Feature",
   "geometry": {
    "type": "Point",
    "coordinates": [
     145.44484201,
     -37.9005579
    ]
   },
   "properties": {
    "name": "130 EMERALD-MONBULK ROAD EMERALD 3782",
    "locID": "LOC000088456534",
    "tech": "FTTN",
    "upgrade": "NULL_NA",
    "gnaf_pid": "GAVIC421412922",
    "tech_change_status": "Not Planned"
   }
  },
  {
   "type": "Feature",
   "geometry": {
    "type": "Point",
    "coordinates": [
     145.44454414,
     -37.89997652
    ]
   },
   "properties": {
    "name": "131 EMERALD-MONBULK ROAD EMERALD 3782",
    "locID": "LOC000032680287",
    "tech": "FTTN",
    "upgrade": "NULL_NA",
    "gnaf_pid": "GAVIC421412923",
    "tech_change_status": "Not Planned"
   }
  },
  {
   "type": "Feature",
   "geometry": {
    "type": "Point",
    "coordinates": [
     145.443146,
     -37.897372
    ]
   },
   "properties": {
    "name": "150 EMERALD-MONBULK ROAD EMERALD 3782",
    "locID": "LOC000057995719",
    "tech": "FTTN",
    "upgrade": "NULL_NA",
    "gnaf_pid": "GAVIC421412924",
    "tech_change_status": "Not Planned"
   }
  },
  {
   "type": "Feature",
   "geometry": {
    "type": "Point",
    "coordinates": [
     145.4288199,
     -37.92902337
    ]
   },
   "properties": {
    "name": "1 OGILVY ROAD EMERALD 3782",
    "locID": "LOC000088907002",
    "tech": "FTTN",
    "upgrade": "NULL_NA",
    "gnaf_pid": "GAVIC421415875",
    "tech_change_status": "Not Planned"
   }
  },
  {
   "type": "Feature",
   "geometry": {
    "type": "Point",
    "coordinates": [
     145.448977,
     -37.927306
    ]
   },
   "properties": {
    "name": "4 OLD GEMBROOK ROAD EMERALD 3782",
    "locID": "LOC000071648643",
    "tech": "FTTN",
    "upgrade": "FTTP_NA",
    "gnaf_pid": "GAVIC421415877",
    "tech_change_status": "Committed",
    "program_type": "On-Demand N2P SDU/MDU Simple",
    "target_eligibility_quarter": "Jun 2025"
   }
  },
  {
   "type": "Feature",
   "geometry": {
    "type": "Point",
    "coordinates": [
     145.450586,
     -37.927616
    ]
   },
   "properties": {
    "name": "12 OLD GEMBROOK ROAD EMERALD 3782",
    "locID": "LOC000058248279",
    "tech": "FTTN",
    "upgrade": "NULL_NA",
    "gnaf_pid": "GAVIC421415878",
    "tech_change_status": "Not Planned"
   }
  },
  {
   "type": "Feature",
   "geometry": {
    "type": "Point",
    "coordinates": [
     145.452263,
     -37.927944
    ]
   },
   "properties": {
    "name": "24 OLD GEMBROOK ROAD EMERALD 3782",
    "locID": "LOC000102021411",
    "tech": "FTTN",
    "upgrade": "NULL_NA",
    "gnaf_pid": "GAVIC421415879",
    "tech_change_status": "Not Planned"
   }
  },
  {
   "type": "Feature",
   "geometry": {
    "type": "Point",
    "coordinates": [
     145.440963,
     -37.931823
    ]
   },
   "properties": {
    "name": "313 BELGRAVE-GEMBROOK ROAD EMERALD 3782",
    "locID": "LOC000040580423",
    "tech": "FTTN",
    "upgrade": "FTTP_NA",
    "gnaf_pid": "GAVIC421418588",
    "tech_change_status": "Committed",
    "program_type": "On-Demand N2P SDU/MDU Simple",
    "target_eligibility_quarter": "Jun 2025"
   }
  },
  {
   "type": "Feature",
   "geometry": {
    "type": "Point",
    "coordinates": [
     145.44255,
     -37.931024
    ]
   },
   "properties": {
    "name": "335 BELGRAVE-GEMBROOK ROAD EMERALD 3782",
    "locID": "LOC000028401117",
    "tech": "FTTN",
    "upgrade": "FTTP_NA",
    "gnaf_pid": "GAVIC421418590",
    "tech_change_status": "Committed",
    "program_type": "On-Demand N2P SDU/MDU Simple",
    "target_eligibility_quarter": "Dec 2025"
   }
  },
  {
   "type": "Feature",
   "geometry": {
    "type": "Point",
    "coordinates": [
     145.442217,
     -37.931696
    ]
   },
   "properties": {
    "name": "364 BELGRAVE-GEMBROOK ROAD EMERALD 3782",
    "locID": "LOC000100155037",
    "tech": "FTTN",
    "upgrade": "FTTP_NA",
    "gnaf_pid": "GAVIC421418594",
    "tech_change_status": "Committed",
    "program_type": "On-Demand N2P SDU/MDU Simple",
    "target_eligibility_quarter": "Dec 2025"
   }
  },
  {
   "type": "Feature",
   "geometry": {
    "type": "Point",
    "coordinates": [
     145.44213441,
     -37.89657717
    ]
   },
   "properties": {
    "name": "162 EMERALD-MONBULK ROAD EMERALD 3782",
    "locID": "LOC000067023928",
    "tech": "FTTN",
    "upgrade": "NULL_NA",
    "gnaf_pid": "GAVIC421419209",
    "tech_change_status": "Not Planned"
   }
  },
  {
   "type": "Feature",
   "geometry": {
    "type": "Point",
    "coordinates": [
     145.46722573,
     -37.91963902
    ]
   },
   "properties": {
    "name": "5 FAIRWAY ROAD EMERALD 3782",
    "locID": "LOC000033080639",
    "tech": "FTTN",
    "upgrade": "FTTP_NA",
    "gnaf_pid": "GAVIC421419216",
    "tech_change_status": "Committed",
    "program_type": "On-Demand N2P SDU/MDU Simple",
    "target_eligibility_quarter": "Jun 2025"
   }
  },
  {
   "type": "Feature",
   "geometry": {
    "type": "Point",
    "coordinates": [
     145.46826962,
     -37.9164962
    ]
   },
   "properties": {
    "name": "30 FAIRWAY ROAD EMERALD 3782",
    "locID": "LOC000058818839",
    "tech": "FTTN",
    "upgrade": "FTTP_NA",
    "gnaf_pid": "GAVIC421419217",
    "tech_change_status": "Committed",
    "program_type": "On-Demand N2P SDU/MDU Simple",
    "target_eligibility_quarter": "Jun 2025"
   }
  },
  {
   "type": "Feature",
   "geometry": {
    "type": "Point",
    "coordinates": [
     145.42628242,
     -37.92885268
    ]
   },
   "properties": {
    "name": "9A EDENMONT ROAD EMERALD 3782",
    "locID": "LOC000025155900",
    "tech": "FTTN",
    "upgrade": "NULL_NA",
    "gnaf_pid": "GAVIC421419896",
    "tech_change_status": "Not Planned"
   }
  },
  {
   "type": "Feature",
   "geometry": {
    "type": "Point",
    "coordinates": [
     145.42802115,
     -37.92404536
    ]
   },
   "properties": {
    "name": "14 EDENMONT ROAD EMERALD 3782",
    "locID": "LOC000079290923",
    "tech": "FTTN",
    "upgrade": "NULL_NA",
    "gnaf_pid": "GAVIC421419897",
    "tech_change_status": "Not Planned"
   }
  },
  {
   "type": "Feature",
   "geometry": {
    "type": "Point",
    "coordinates": [
     145.456082,
     -37.934114
    ]
   },
   "properties": {
    "name": "32 STATION AVENUE EMERALD 3782",
    "locID": "LOC000024214264",
    "tech": "FTTN",
    "upgrade": "FTTP_NA",
    "gnaf_pid": "GAVIC421421556",
    "tech_change_status": "In Design",
    "program_type": "On-Demand N2P SDU/MDU Simple",
    "target_eligibility_quarter": "Dec 2025"
   }
  },
  {
   "type": "Feature",
   "geometry": {
    "type": "Point",
    "coordinates": [
     145.43814836,
     -37.94047487
    ]
   },
   "properties": {
    "name": "6 STEEL ROAD EMERALD 3782",
    "locID": "LOC000084627917",
    "tech": "FTTN",
    "upgrade": "NULL_NA",
    "gnaf_pid": "GAVIC421421563",
    "tech_change_status": "Not Planned"
   }
  },
  {
   "type": "Feature",
   "geometry": {
    "type": "Point",
    "coordinates": [
     145.436345,
     -37.940837
    ]
   },
   "properties": {
    "name": "17 STEEL ROAD EMERALD 3782",
    "locID": "LOC000048549710",
    "tech": "FTTN",
    "upgrade": "NULL_NA",
    "gnaf_pid": "GAVIC421421564",
    "tech_change_status": "Not Planned"
   }
  },
  {
   "type": "Feature",
   "geometry": {
    "type": "Point",
    "coordinates": [
     145.43382407,
     -37.94057389
    ]
   },
   "properties": {
    "name": "32 STEEL ROAD EMERALD 3782",
    "locID": "LOC000041301574",
    "tech": "FTTN",
    "upgrade": "NULL_NA",
    "gnaf_pid": "GAVIC421421565",
    "tech_change_status": "Not Planned"
   }
  },
  {
   "type": "Feature",
   "geometry": {
    "type": "Point",
    "coordinates": [
     145.43336979,
     -37.94058623
    ]
   },
   "properties": {
    "name": "34 STEEL ROAD EMERALD 3782",
    "locID": "LOC000008853170",
    "tech": "FTTN",
    "upgrade": "NULL_NA",
    "gnaf_pid": "GAVIC421421566",
    "tech_change_status": "Not Planned"
   }
  },
  {
   "type": "Feature",
   "geometry": {
    "type": "Point",
    "coordinates": [
     145.46352401,
     -37.93224689
    ]
   },
   "properties": {
    "name": "3 WOMBAT CRESCENT EMERALD 3782",
    "locID": "LOC000039094666",
    "tech": "FTTN",
    "upgrade": "NULL_NA",
    "gnaf_pid": "GAVIC421421628",
    "tech_change_status": "Not Planned"
   }
  },
  {
   "type": "Feature",
   "geometry": {
    "type": "Point",
    "coordinates": [
     145.444947,
     -37.928515
    ]
   },
   "properties": {
    "name": "373 BELGRAVE-GEMBROOK ROAD EMERALD 3782",
    "locID": "LOC000053930252",
    "tech": "FTTN",
    "upgrade": "FTTP_NA",
    "gnaf_pid": "GAVIC421422002",
    "tech_change_status": "Committed",
    "program_type": "On-Demand N2P SDU/MDU Simple",
    "target_eligibility_quarter": "Jun 2025"
   }
  },
  {
   "type": "Feature",
   "geometry": {
    "type": "Point",
    "coordinates": [
     145.44497598,
     -37.92838334
    ]
   },
   "properties": {
    "name": "379 BELGRAVE-GEMBROOK ROAD EMERALD 3782",
    "locID": "LOC000032718001",
    "tech": "FTTN",
    "upgrade": "FTTP_NA",
    "gnaf_pid": "GAVIC421422004",
    "tech_change_status": "Committed",
    "program_type": "On-Demand N2P SDU/MDU Simple",
    "target_eligibility_quarter": "Jun 2025"
   }
  },
  {
   "type": "Feature",
   "geometry": {
    "type": "Point",
    "coordinates": [
     145.44958674,
     -37.92550764
    ]
   },
   "properties": {
    "name": "401 BELGRAVE-GEMBROOK ROAD EMERALD 3782",
    "locID": "LOC000017558541",
    "tech": "FTTN",
    "upgrade": "NULL_NA",
    "gnaf_pid": "GAVIC421422005",
    "tech_change_status": "Not Planned"
   }
  },
  {
   "type": "Feature",
   "geometry": {
    "type": "Point",
    "coordinates": [
     145.431758,
     -37.935
    ]
   },
   "properties": {
    "name": "2 LEIGHTON AVENUE EMERALD 3782",
    "locID": "LOC000097200145",
    "tech": "FTTN",
    "upgrade": "FTTP_NA",
    "gnaf_pid": "GAVIC421422008",
    "tech_change_status": "Committed",
    "program_type": "On-Demand N2P SDU/MDU Simple",
    "target_eligibility_quarter": "Jun 2025"
   }
  },
  {
   "type": "Feature",
   "geometry": {
    "type": "Point",
    "coordinates": [
     145.44514323,
     -37.93075531
    ]
   },
   "properties": {
    "name": "33 KINGS ROAD EMERALD 3782",
    "locID": "LOC000028508575",
    "tech": "FTTN",
    "upgrade": "FTTP_NA",
    "gnaf_pid": "GAVIC421422593",
    "tech_change_status": "Committed",
    "program_type": "On-Demand N2P SDU/MDU Simple",
    "target_eligibility_quarter": "Jun 2025"
   }
  },
  {
   "type": "Feature",
   "geometry": {
    "type": "Point",
    "coordinates": [
     145.46923128,
     -37.91858261
    ]
   },
   "properties": {
    "name": "25 MACCLESFIELD ROAD EMERALD 3782",
    "locID": "LOC000056508383",
    "tech": "FTTN",
    "upgrade": "FTTP_NA",
    "gnaf_pid": "GAVIC421422651",
    "tech_change_status": "Committed",
    "program_type": "On-Demand N2P SDU/MDU Simple",
    "target_eligibility_quarter": "Jun 2025"
   }
  },
  {
   "type": "Feature",
   "geometry": {
    "type": "Point",
    "coordinates": [
     145.442751,
     -37.92689
    ]
   },
   "properties": {
    "name": "1 CORNISH ROAD EMERALD 3782",
    "locID": "LOC000091783279",
    "tech": "FTTN",
    "upgrade": "FTTP_NA",
    "gnaf_pid": "GAVIC421422729",
    "tech_change_status": "Committed",
    "program_type": "On-Demand N2P SDU/MDU Simple",
    "target_eligibility_quarter": "Jun 2025"
   }
  },
  {
   "type": "Feature",
   "geometry": {
    "type": "Point",
    "coordinates": [
     145.44377907,
     -37.92392195
    ]
   },
   "properties": {
    "name": "6 DAVEY ROAD EMERALD 3782",
    "locID": "LOC000008857659",
    "tech": "FTTN",
    "upgrade": "FTTP_NA",
    "gnaf_pid": "GAVIC421422731",
    "tech_change_status": "Committed",
    "program_type": "On-Demand N2P SDU/MDU Simple",
    "target_eligibility_quarter": "Jun 2025"
   }
  },
  {
   "type": "Feature",
   "geometry": {
    "type": "Point",
    "coordinates": [
     145.43304453,
     -37.93245632
    ]
   },
   "properties": {
    "name": "27 CHURCH STREET EMERALD 3782",
    "locID": "LOC000014332045",
    "tech": "FTTN",
    "upgrade": "FTTP_NA",
    "gnaf_pid": "GAVIC421441084",
    "tech_change_status": "Committed",
    "program_type": "On-Demand N2P SDU/MDU Simple",
    "target_eligibility_quarter": "Jun 2025"
   }
  },
  {
   "type": "Feature",
   "geometry": {
    "type": "Point",
    "coordinates": [
     145.450871,
     -37.935056
    ]
   },
   "properties": {
    "name": "47A BEACONSFIELD-EMERALD ROAD EMERALD 3782",
    "locID": "LOC000044307722",
    "tech": "FTTN",
    "upgrade": "FTTP_NA",
    "gnaf_pid": "GAVIC421452093",
    "tech_change_status": "Committed",
    "program_type": "On-Demand N2P SDU/MDU Simple",
    "target_eligibility_quarter": "Jun 2025"
   }
  },
  {
   "type": "Feature",
   "geometry": {
    "type": "Point",
    "coordinates": [
     145.45259855,
     -37.92587516
    ]
   },
   "properties": {
    "name": "8 MARY STREET EMERALD 3782",
    "locID": "LOC000016091547",
    "tech": "FTTN",
    "upgrade": "NULL_NA",
    "gnaf_pid": "GAVIC421452532",
    "tech_change_status": "Not Planned"
   }
  },
  {
   "type": "Feature",
   "geometry": {
    "type": "Point",
    "coordinates": [
     145.46836898,
     -37.93443885
    ]
   },
   "properties": {
    "name": "28 MAJESTIC DRIVE EMERALD 3782",
    "locID": "LOC000005298908",
    "tech": "FTTN",
    "upgrade": "NULL_NA",
    "gnaf_pid": "GAVIC421463071",
    "tech_change_status": "Not Planned"
   }
  },
  {
   "type": "Feature",
   "geometry": {
    "type": "Point",
    "coordinates": [
     145.46950749,
     -37.9529319
    ]
   },
   "properties": {
    "name": "4 LADD SQUARE EMERALD 3782",
    "locID": "LOC000059767736",
    "tech": "NULL",
    "upgrade": "NULL_NA",
    "gnaf_pid": "GAVIC421463361",
    "tech_change_status": "Not Planned"
   }
  },
  {
   "type": "Feature",
   "geometry": {
    "type": "Point",
    "coordinates": [
     145.46780318,
     -37.91876983
    ]
   },
   "properties": {
    "name": "8 FAIRWAY ROAD EMERALD 3782",
    "locID": "LOC000015139265",
    "tech": "FTTN",
    "upgrade": "FTTP_NA",
    "gnaf_pid": "GAVIC421486552",
    "tech_change_status": "Committed",
    "program_type": "On-Demand N2P SDU/MDU Simple",
    "target_eligibility_quarter": "Jun 2025"
   }
  },
  {
   "type": "Feature",
   "geometry": {
    "type": "Point",
    "coordinates": [
     145.44028206,
     -37.9326887
    ]
   },
   "properties": {
    "name": "SHOP 12, 344 BELGRAVE-GEMBROOK ROAD EMERALD 3782",
    "locID": "LOC000065604056",
    "tech": "FTTN",
    "upgrade": "FTTP_NA",
    "gnaf_pid": "GAVIC421491642",
    "tech_change_status": "Committed",
    "program_type": "Customer-initiated N2P MDU Complex",
    "target_eligibility_quarter": "Jun 2025"
   }
  },
  {
   "type": "Feature",
   "geometry": {
    "type": "Point",
    "coordinates": [
     145.43420321,
     -37.93241903
    ]
   },
   "properties": {
    "name": "19-21 CHURCH STREET EMERALD 3782",
    "locID": "LOC000125530785",
    "tech": "FTTN",
    "upgrade": "FTTP_NA",
    "gnaf_pid": "GAVIC421500996",
    "tech_change_status": "Committed",
    "program_type": "On-Demand N2P SDU/MDU Simple",
    "target_eligibility_quarter": "Jun 2025"
   }
  },
  {
   "type": "Feature",
   "geometry": {
    "type": "Point",
    "coordinates": [
     145.43558989,
     -37.93597041
    ]
   },
   "properties": {
    "name": "21 BAYVIEW ROAD EMERALD 3782",
    "locID": "LOC000065595693",
    "tech": "FTTN",
    "upgrade": "FTTP_NA",
    "gnaf_pid": "GAVIC421500999",
    "tech_change_status": "Committed",
    "program_type": "On-Demand N2P SDU/MDU Simple",
    "target_eligibility_quarter": "Dec 2025"
   }
  },
  {
   "type": "Feature",
   "geometry": {
    "type": "Point",
    "coordinates": [
     145.44890181,
     -37.93690434
    ]
   },
   "properties": {
    "name": "11 HAMILTON ROAD EMERALD 3782",
    "locID": "LOC000045033412",
    "tech": "FTTN",
    "upgrade": "FTTP_NA",
    "gnaf_pid": "GAVIC421502639",
    "tech_change_status": "In Design",
    "program_type": "On-Demand N2P SDU/MDU Simple",
    "target_eligibility_quarter": "Dec 2025"
   }
  },
  {
   "type": "Feature",
   "geometry": {
    "type": "Point",
    "coordinates": [
     145.46159712,
     -37.94585925
    ]
   },
   "properties": {
    "name": "6 MOUNTAIN AVENUE EMERALD 3782",
    "locID": "LOC000068447763",
    "tech": "FTTN",
    "upgrade": "FTTP_SA",
    "gnaf_pid": "GAVIC421505010",
    "tech_change_status": "Eligible to Order",
    "program_type": "On-Demand N2P SDU/MDU Simple",
    "target_eligibility_quarter": "NA"
   }
  },
  {
   "type": "Feature",
   "geometry": {
    "type": "Point",
    "coordinates": [
     145.45359881,
     -37.92007138
    ]
   },
   "properties": {
    "name": "65 BOTTOMLEY DRIVE EMERALD 3782",
    "locID": "LOC000026758300",
    "tech": "FTTN",
    "upgrade": "NULL_NA",
    "gnaf_pid": "GAVIC421505080",
    "tech_change_status": "Not Planned"
   }
  },
  {
   "type": "Feature",
   "geometry": {
    "type": "Point",
    "coordinates": [
     145.43987594,
     -37.93688274
    ]
   },
   "properties": {
    "name": "7 LEGG ROAD EMERALD 3782",
    "locID": "LOC000092344909",
    "tech": "FTTN",
    "upgrade": "NULL_NA",
    "gnaf_pid": "GAVIC421507234",
    "tech_change_status": "Not Planned"
   }
  },
  {
   "type": "Feature",
   "geometry": {
    "type": "Point",
    "coordinates": [
     145.46791717,
     -37.95077628
    ]
   },
   "properties": {
    "name": "17 LADD ROAD EMERALD 3782",
    "locID": "LOC000096535627",
    "tech": "FTTN",
    "upgrade": "FTTP",
    "gnaf_pid": "GAVIC421507236",
    "tech_change_status": "Eligible to Order",
    "program_type": "On-Demand N2P SDU/MDU Simple",
    "target_eligibility_quarter": "NA"
   }
  },
  {
   "type": "Feature",
   "geometry": {
    "type": "Point",
    "coordinates": [
     145.45639832,
     -37.91779729
    ]
   },
   "properties": {
    "name": "17 LAKESIDE DRIVE EMERALD 3782",
    "locID": "LOC000062386592",
    "tech": "FTTN",
    "upgrade": "NULL_NA",
    "gnaf_pid": "GAVIC421508873",
    "tech_change_status": "Not Planned"
   }
  },
  {
   "type": "Feature",
   "geometry": {
    "type": "Point",
    "coordinates": [
     145.44266598,
     -37.92470216
    ]
   },
   "properties": {
    "name": "UNIT 4, 25 EMERALD-MONBULK ROAD EMERALD 3782",
    "locID": "LOC000082556041",
    "tech": "FTTN",
    "upgrade": "FTTP_NA",
    "gnaf_pid": "GAVIC421508881",
    "tech_change_status": "Committed",
    "program_type": "Customer-initiated N2P MDU Complex",
    "target_eligibility_quarter": "Jun 2025"
   }
  },
  {
   "type": "Feature",
   "geometry": {
    "type": "Point",
    "coordinates": [
     145.44138445,
     -37.93181146
    ]
   },
   "properties": {
    "name": "321 BELGRAVE-GEMBROOK ROAD EMERALD 3782",
    "locID": "LOC000186893813",
    "tech": "FTTN",
    "upgrade": "FTTP_NA",
    "gnaf_pid": "GAVIC421508883",
    "tech_change_status": "Committed",
    "program_type": "On-Demand N2P SDU/MDU Simple",
    "target_eligibility_quarter": "Jun 2025"
   }
  },
  {
   "type": "Feature",
   "geometry": {
    "type": "Point",
    "coordinates": [
     145.4253844,
     -37.9260486
    ]
   },
   "properties": {
    "name": "12 NAYLORS ROAD EMERALD 3782",
    "locID": "LOC000040751144",
    "tech": "FTTN",
    "upgrade": "NULL_NA",
    "gnaf_pid": "GAVIC421510039",
    "tech_change_status": "Not Planned"
   }
  },
  {
   "type": "Feature",
   "geometry": {
    "type": "Point",
    "coordinates": [
     145.44744602,
     -37.91051595
    ]
   },
   "properties": {
    "name": "2 GRANDVIEW AVENUE EMERALD 3782",
    "locID": "LOC000029631549",
    "tech": "FTTN",
    "upgrade": "NULL_NA",
    "gnaf_pid": "GAVIC421516367",
    "tech_change_status": "Not Planned"
   }
  },
  {
   "type": "Feature",
   "geometry": {
    "type": "Point",
    "coordinates": [
     145.4459108,
     -37.9137265
    ]
   },
   "properties": {
    "name": "12 GLENVISTA AVENUE EMERALD 3782",
    "locID": "LOC000062010007",
    "tech": "FTTN",
    "upgrade": "NULL_NA",
    "gnaf_pid": "GAVIC421516390",
    "tech_change_status": "Not Planned"
   }
  },
  {
   "type": "Feature",
   "geometry": {
    "type": "Point",
    "coordinates": [
     145.4683416,
     -37.95422304
    ]
   },
   "properties": {
    "name": "1 LADD SQUARE EMERALD 3782",
    "locID": "LOC000026968892",
    "tech": "WIRELESS",
    "upgrade": "NULL_NA",
    "gnaf_pid": "GAVIC421520273",
    "tech_change_status": "Not Planned"
   }
  },
  {
   "type": "Feature",
   "geometry": {
    "type": "Point",
    "coordinates": [
     145.46879748,
     -37.9533948
    ]
   },
   "properties": {
    "name": "3 LADD SQUARE EMERALD 3782",
    "locID": "LOC000057444037",
    "tech": "NULL",
    "upgrade": "NULL_NA",
    "gnaf_pid": "GAVIC421523673",
    "tech_change_status": "Not Planned"
   }
  },
  {
   "type": "Feature",
   "geometry": {
    "type": "Point",
    "coordinates": [
     145.445259,
     -37.928866
    ]
   },
   "properties": {
    "name": "402 BELGRAVE-GEMBROOK ROAD EMERALD 3782",
    "locID": "LOC000125475148",
    "tech": "FTTN",
    "upgrade": "FTTP_NA",
    "gnaf_pid": "GAVIC421531132",
    "tech_change_status": "Committed",
    "program_type": "On-Demand N2P SDU/MDU Simple",
    "target_eligibility_quarter": "Dec 2025"
   }
  },
  {
   "type": "Feature",
   "geometry": {
    "type": "Point",
    "coordinates": [
     145.445189,
     -37.929114
    ]
   },
   "properties": {
    "name": "400A BELGRAVE-GEMBROOK ROAD EMERALD 3782",
    "locID": "LOC000183660277",
    "tech": "FTTN",
    "upgrade": "FTTP_NA",
    "gnaf_pid": "GAVIC421531133",
    "tech_change_status": "Committed",
    "program_type": "On-Demand N2P SDU/MDU Simple",
    "target_eligibility_quarter": "Jun 2025"
   }
  },
  {
   "type": "Feature",
   "geometry": {
    "type": "Point",
    "coordinates": [
     145.440485,
     -37.932899
    ]
   },
   "properties": {
    "name": "8 KILVINGTON DRIVE EMERALD 3782",
    "locID": "LOC000008444776",
    "tech": "FTTN",
    "upgrade": "FTTP_NA",
    "gnaf_pid": "GAVIC421543082",
    "tech_change_status": "Committed",
    "program_type": "Customer-initiated N2P MDU Complex",
    "target_eligibility_quarter": "Jun 2025"
   }
  },
  {
   "type": "Feature",
   "geometry": {
    "type": "Point",
    "coordinates": [
     145.447876,
     -37.911341
    ]
   },
   "properties": {
    "name": "34 NOBELIUS STREET EMERALD 3782",
    "locID": "LOC000007088282",
    "tech": "FTTN",
    "upgrade": "NULL_NA",
    "gnaf_pid": "GAVIC421544896",
    "tech_change_status": "Not Planned"
   }
  },
  {
   "type": "Feature",
   "geometry": {
    "type": "Point",
    "coordinates": [
     145.4389036,
     -37.93479917
    ]
   },
   "properties": {
    "name": "8 BENSON STREET EMERALD 3782",
    "locID": "LOC000028801939",
    "tech": "FTTN",
    "upgrade": "NULL_NA",
    "gnaf_pid": "GAVIC421547788",
    "tech_change_status": "Not Planned"
   }
  },
  {
   "type": "Feature",
   "geometry": {
    "type": "Point",
    "coordinates": [
     145.45062024,
     -37.9243741
    ]
   },
   "properties": {
    "name": "1 MARY STREET EMERALD 3782",
    "locID": "LOC000042378935",
    "tech": "FTTN",
    "upgrade": "NULL_NA",
    "gnaf_pid": "GAVIC421550305",
    "tech_change_status": "Not Planned"
   }
  },
  {
   "type": "Feature",
   "geometry": {
    "type": "Point",
    "coordinates": [
     145.441381,
     -37.932391
    ]
   },
   "properties": {
    "name": "1 MURPHYS WAY EMERALD 3782",
    "locID": "LOC000060080215",
    "tech": "FTTN",
    "upgrade": "FTTP_NA",
    "gnaf_pid": "GAVIC421551071",
    "tech_change_status": "Committed",
    "program_type": "Customer-initiated N2P MDU Complex",
    "target_eligibility_quarter": "Jun 2025"
   }
  },
  {
   "type": "Feature",
   "geometry": {
    "type": "Point",
    "coordinates": [
     145.45760273,
     -37.93578489
    ]
   },
   "properties": {
    "name": "22 WILLIAM STREET EMERALD 3782",
    "locID": "LOC000059472471",
    "tech": "FTTN",
    "upgrade": "FTTP_NA",
    "gnaf_pid": "GAVIC421553777",
    "tech_change_status": "In Design",
    "program_type": "On-Demand N2P SDU/MDU Simple",
    "target_eligibility_quarter": "Dec 2025"
   }
  },
  {
   "type": "Feature",
   "geometry": {
    "type": "Point",
    "coordinates": [
     145.4362335,
     -37.93439453
    ]
   },
   "properties": {
    "name": "UNIT 19, 11 WESTLANDS ROAD EMERALD 3782",
    "locID": "LOC000060217065",
    "tech": "FTTN",
    "upgrade": "FTTP_NA",
    "gnaf_pid": "GAVIC421558934",
    "tech_change_status": "Committed",
    "program_type": "Customer-initiated N2P MDU Complex",
    "target_eligibility_quarter": "Jun 2025"
   }
  },
  {
   "type": "Feature",
   "geometry": {
    "type": "Point",
    "coordinates": [
     145.43463409,
     -37.93079606
    ]
   },
   "properties": {
    "name": "3 ANNE STREET EMERALD 3782",
    "locID": "LOC000058262328",
    "tech": "FTTN",
    "upgrade": "FTTP_NA",
    "gnaf_pid": "GAVIC421564500",
    "tech_change_status": "Committed",
    "program_type": "On-Demand N2P SDU/MDU Simple",
    "target_eligibility_quarter": "Dec 2025"
   }
  },
  {
   "type": "Feature",
   "geometry": {
    "type": "Point",
    "coordinates": [
     145.45140587,
     -37.92517644
    ]
   },
   "properties": {
    "name": "5 MARY STREET EMERALD 3782",
    "locID": "LOC000009694906",
    "tech": "FTTN",
    "upgrade": "NULL_NA",
    "gnaf_pid": "GAVIC421571989",
    "tech_change_status": "Not Planned"
   }
  },
  {
   "type": "Feature",
   "geometry": {
    "type": "Point",
    "coordinates": [
     145.44103,
     -37.934014
    ]
   },
   "properties": {
    "name": "17 KILVINGTON DRIVE EMERALD 3782",
    "locID": "LOC000083996064",
    "tech": "FTTN",
    "upgrade": "FTTP_NA",
    "gnaf_pid": "GAVIC421574435",
    "tech_change_status": "Committed",
    "program_type": "On-Demand N2P SDU/MDU Simple",
    "target_eligibility_quarter": "Jun 2025"
   }
  },
  {
   "type": "Feature",
   "geometry": {
    "type": "Point",
    "coordinates": [
     145.44114284,
     -37.93285266
    ]
   },
   "properties": {
    "name": "SHOP 4, 5-7 KILVINGTON DRIVE EMERALD 3782",
    "locID": "LOC000019574540",
    "tech": "FTTN",
    "upgrade": "FTTP_NA",
    "gnaf_pid": "GAVIC421576049",
    "tech_change_status": "Committed",
    "program_type": "Customer-initiated N2P MDU Complex",
    "target_eligibility_quarter": "Jun 2025"
   }
  },
  {
   "type": "Feature",
   "geometry": {
    "type": "Point",
    "coordinates": [
     145.43621044,
     -37.93365583
    ]
   },
   "properties": {
    "name": "UNIT 3, 11 WESTLANDS ROAD EMERALD 3782",
    "locID": "LOC000060412036",
    "tech": "FTTN",
    "upgrade": "FTTP_NA",
    "gnaf_pid": "GAVIC421576122",
    "tech_change_status": "Committed",
    "program_type": "Customer-initiated N2P MDU Complex",
    "target_eligibility_quarter": "Jun 2025"
   }
  },
  {
   "type": "Feature",
   "geometry": {
    "type": "Point",
    "coordinates": [
     145.44220891,
     -37.94563867
    ]
   },
   "properties": {
    "name": "19 TORLEY ROAD EMERALD 3782",
    "locID": "LOC000094755089",
    "tech": "FTTN",
    "upgrade": "NULL_NA",
    "gnaf_pid": "GAVIC421581468",
    "tech_change_status": "Not Planned"
   }
  },
  {
   "type": "Feature",
   "geometry": {
    "type": "Point",
    "coordinates": [
     145.444636,
     -37.930655
    ]
   },
   "properties": {
    "name": "UNIT 2, 27-31 KINGS ROAD EMERALD 3782",
    "locID": "LOC000026892968",
    "tech": "FTTN",
    "upgrade": "FTTP_NA",
    "gnaf_pid": "GAVIC421582907",
    "tech_change_status": "Committed",
    "program_type": "Customer-initiated N2P MDU Complex",
    "target_eligibility_quarter": "Jun 2025"
   }
  },
  {
   "type": "Feature",
   "geometry": {
    "type": "Point",
    "coordinates": [
     145.444238,
     -37.930819
    ]
   },
   "properties": {
    "name": "UNIT 6, 27-31 KINGS ROAD EMERALD 3782",
    "locID": "LOC000026924890",
    "tech": "FTTN",
    "upgrade": "FTTP_NA",
    "gnaf_pid": "GAVIC421582908",
    "tech_change_status": "Committed",
    "program_type": "Customer-initiated N2P MDU Complex",
    "target_eligibility_quarter": "Jun 2025"
   }
  },
  {
   "type": "Feature",
   "geometry": {
    "type": "Point",
    "coordinates": [
     145.444468,
     -37.931035
    ]
   },
   "properties": {
    "name": "UNIT 9, 27-31 KINGS ROAD EMERALD 3782",
    "locID": "LOC000027160755",
    "tech": "FTTN",
    "upgrade": "FTTP_NA",
    "gnaf_pid": "GAVIC421582910",
    "tech_change_status": "Committed",
    "program_type": "Customer-initiated N2P MDU Complex",
    "target_eligibility_quarter": "Jun 2025"
   }
  },
  {
   "type": "Feature",
   "geometry": {
    "type": "Point",
    "coordinates": [
     145.44487174,
     -37.9308704
    ]
   },
   "properties": {
    "name": "UNIT 4, 27-31 KINGS ROAD EMERALD 3782",
    "locID": "LOC000026869348",
    "tech": "FTTN",
    "upgrade": "FTTP_NA",
    "gnaf_pid": "GAVIC421593898",
    "tech_change_status": "Committed",
    "program_type": "Customer-initiated N2P MDU Complex",
    "target_eligibility_quarter": "Jun 2025"
   }
  },
  {
   "type": "Feature",
   "geometry": {
    "type": "Point",
    "coordinates": [
     145.45600444,
     -37.94167201
    ]
   },
   "properties": {
    "name": "46 BEACONSFIELD-EMERALD ROAD EMERALD 3782",
    "locID": "LOC000058006627",
    "tech": "FTTN",
    "upgrade": "FTTP_SA",
    "gnaf_pid": "GAVIC421599253",
    "tech_change_status": "Eligible to Order",
    "program_type": "On-Demand N2P SDU/MDU Simple",
    "target_eligibility_quarter": "NA"
   }
  },
  {
   "type": "Feature",
   "geometry": {
    "type": "Point",
    "coordinates": [
     145.44581459,
     -37.92783421
    ]
   },
   "properties": {
    "name": "425 BELGRAVE-GEMBROOK ROAD EMERALD 3782",
    "locID": "LOC000173524259",
    "tech": "FTTN",
    "upgrade": "NULL_NA",
    "gnaf_pid": "GAVIC421610446",
    "tech_change_status": "Not Planned"
   }
  },
  {
   "type": "Feature",
   "geometry": {
    "type": "Point",
    "coordinates": [
     145.43358242,
     -37.93826506
    ]
   },
   "properties": {
    "name": "12 MAISIE ROAD EMERALD 3782",
    "locID": "LOC000026932427",
    "tech": "FTTN",
    "upgrade": "NULL_NA",
    "gnaf_pid": "GAVIC421617341",
    "tech_change_status": "Not Planned"
   }
  },
  {
   "type": "Feature",
   "geometry": {
    "type": "Point",
    "coordinates": [
     145.4504387,
     -37.93491771
    ]
   },
   "properties": {
    "name": "30 BEACONSFIELD-EMERALD ROAD EMERALD 3782",
    "locID": "LOC000048909660",
    "tech": "FTTN",
    "upgrade": "FTTP_NA",
    "gnaf_pid": "GAVIC421617683",
    "tech_change_status": "In Design",
    "program_type": "On-Demand N2P SDU/MDU Simple",
    "target_eligibility_quarter": "Dec 2025"
   }
  },
  {
   "type": "Feature",
   "geometry": {
    "type": "Point",
    "coordinates": [
     145.43990585,
     -37.94001297
    ]
   },
   "properties": {
    "name": "49 KILVINGTON DRIVE EMERALD 3782",
    "locID": "LOC000081398403",
    "tech": "FTTN",
    "upgrade": "NULL_NA",
    "gnaf_pid": "GAVIC421623041",
    "tech_change_status": "Not Planned"
   }
  },
  {
   "type": "Feature",
   "geometry": {
    "type": "Point",
    "coordinates": [
     145.4602747,
     -37.94424479
    ]
   },
   "properties": {
    "name": "1 SUMMIT AVENUE EMERALD 3782",
    "locID": "LOC000056536818",
    "tech": "FTTN",
    "upgrade": "FTTP_SA",
    "gnaf_pid": "GAVIC421644872",
    "tech_change_status": "Eligible to Order",
    "program_type": "On-Demand N2P SDU/MDU Simple",
    "target_eligibility_quarter": "NA"
   }
  },
  {
   "type": "Feature",
   "geometry": {
    "type": "Point",
    "coordinates": [
     145.46619261,
     -37.92117499
    ]
   },
   "properties": {
    "name": "445 BELGRAVE-GEMBROOK ROAD EMERALD 3782",
    "locID": "LOC000076942040",
    "tech": "FTTN",
    "upgrade": "FTTP_NA",
    "gnaf_pid": "GAVIC421658155",
    "tech_change_status": "Committed",
    "program_type": "On-Demand N2P SDU/MDU Simple",
    "target_eligibility_quarter": "Jun 2025"
   }
  },
  {
   "type": "Feature",
   "geometry": {
    "type": "Point",
    "coordinates": [
     145.435525,
     -37.93286
    ]
   },
   "properties": {
    "name": "24 ANNE STREET EMERALD 3782",
    "locID": "LOC000034360950",
    "tech": "FTTN",
    "upgrade": "FTTP_NA",
    "gnaf_pid": "GAVIC421660656",
    "tech_change_status": "Committed",
    "program_type": "On-Demand N2P SDU/MDU Simple",
    "target_eligibility_quarter": "Jun 2025"
   }
  },
  {
   "type": "Feature",
   "geometry": {
    "type": "Point",
    "coordinates": [
     145.43120307,
     -37.92540813
    ]
   },
   "properties": {
    "name": "40 PINNOCKS ROAD EMERALD 3782",
    "locID": "LOC000035281373",
    "tech": "FTTN",
    "upgrade": "NULL_NA",
    "gnaf_pid": "GAVIC421660678",
    "tech_change_status": "Not Planned"
   }
  },
  {
   "type": "Feature",
   "geometry": {
    "type": "Point",
    "coordinates": [
     145.45131032,
     -37.91713133
    ]
   },
   "properties": {
    "name": "2 POPLAR CRESCENT EMERALD 3782",
    "locID": "LOC000056681186",
    "tech": "FTTN",
    "upgrade": "NULL_NA",
    "gnaf_pid": "GAVIC421660683",
    "tech_change_status": "Not Planned"
   }
  },
  {
   "type": "Feature",
   "geometry": {
    "type": "Point",
    "coordinates": [
     145.451209,
     -37.917449
    ]
   },
   "properties": {
    "name": "3 POPLAR CRESCENT EMERALD 3782",
    "locID": "LOC000025968094",
    "tech": "FTTN",
    "upgrade": "NULL_NA",
    "gnaf_pid": "GAVIC421660684",
    "tech_change_status": "Not Planned"
   }
  },
  {
   "type": "Feature",
   "geometry": {
    "type": "Point",
    "coordinates": [
     145.45449395,
     -37.91435829
    ]
   },
   "properties": {
    "name": "23 POPLAR CRESCENT EMERALD 3782",
    "locID": "LOC000056287675",
    "tech": "FTTN",
    "upgrade": "NULL_NA",
    "gnaf_pid": "GAVIC421660686",
    "tech_change_status": "Not Planned"
   }
  },
  {
   "type": "Feature",
   "geometry": {
    "type": "Point",
    "coordinates": [
     145.45346288,
     -37.9132527
    ]
   },
   "properties": {
    "name": "24 POPLAR CRESCENT EMERALD 3782",
    "locID": "LOC000067634335",
    "tech": "FTTN",
    "upgrade": "NULL_NA",
    "gnaf_pid": "GAVIC421660687",
    "tech_change_status": "Not Planned"
   }
  },
  {
   "type": "Feature",
   "geometry": {
    "type": "Point",
    "coordinates": [
     145.442638,
     -37.921455
    ]
   },
   "properties": {
    "name": "5 PRINCE STREET EMERALD 3782",
    "locID": "LOC000005307458",
    "tech": "FTTN",
    "upgrade": "NULL_NA",
    "gnaf_pid": "GAVIC421660689",
    "tech_change_status": "Not Planned"
   }
  },
  {
   "type": "Feature",
   "geometry": {
    "type": "Point",
    "coordinates": [
     145.443605,
     -37.92144
    ]
   },
   "properties": {
    "name": "1 PRINCE STREET EMERALD 3782",
    "locID": "LOC000085154003",
    "tech": "FTTN",
    "upgrade": "NULL_NA",
    "gnaf_pid": "GAVIC421660690",
    "tech_change_status": "Not Planned"
   }
  },
  {
   "type": "Feature",
   "geometry": {
    "type": "Point",
    "coordinates": [
     145.447118,
     -37.930202
    ]
   },
   "properties": {
    "name": "4 PRINCESS AVENUE EMERALD 3782",
    "locID": "LOC000021039315",
    "tech": "FTTN",
    "upgrade": "FTTP_NA",
    "gnaf_pid": "GAVIC421660693",
    "tech_change_status": "Committed",
    "program_type": "On-Demand N2P SDU/MDU Simple",
    "target_eligibility_quarter": "Dec 2025"
   }
  },
  {
   "type": "Feature",
   "geometry": {
    "type": "Point",
    "coordinates": [
     145.454326,
     -37.936452
    ]
   },
   "properties": {
    "name": "10 STATION AVENUE EMERALD 3782",
    "locID": "LOC000059139096",
    "tech": "FTTN",
    "upgrade": "FTTP_NA",
    "gnaf_pid": "GAVIC421660959",
    "tech_change_status": "In Design",
    "program_type": "On-Demand N2P SDU/MDU Simple",
    "target_eligibility_quarter": "Dec 2025"
   }
  },
  {
   "type": "Feature",
   "geometry": {
    "type": "Point",
    "coordinates": [
     145.455564,
     -37.934927
    ]
   },
   "properties": {
    "name": "24-26 STATION AVENUE EMERALD 3782",
    "locID": "LOC000062165111",
    "tech": "FTTN",
    "upgrade": "FTTP_NA",
    "gnaf_pid": "GAVIC421660961",
    "tech_change_status": "In Design",
    "program_type": "On-Demand N2P SDU/MDU Simple",
    "target_eligibility_quarter": "Dec 2025"
   }
  },
  {
   "type": "Feature",
   "geometry": {
    "type": "Point",
    "coordinates": [
     145.446754,
     -37.89614
    ]
   },
   "properties": {
    "name": "31 BUTTERFIELD ROAD EMERALD 3782",
    "locID": "LOC000016173156",
    "tech": "FTTN",
    "upgrade": "NULL_NA",
    "gnaf_pid": "GAVIC421661312",
    "tech_change_status": "Not Planned"
   }
  },
  {
   "type": "Feature",
   "geometry": {
    "type": "Point",
    "coordinates": [
     145.450583,
     -37.915314
    ]
   },
   "properties": {
    "name": "1 CARRAMAR COURT EMERALD 3782",
    "locID": "LOC000065310453",
    "tech": "FTTN",
    "upgrade": "NULL_NA",
    "gnaf_pid": "GAVIC421661316",
    "tech_change_status": "Not Planned"
   }
  },
  {
   "type": "Feature",
   "geometry": {
    "type": "Point",
    "coordinates": [
     145.44967699,
     -37.91451973
    ]
   },
   "properties": {
    "name": "11 CARRAMAR COURT EMERALD 3782",
    "locID": "LOC000080265878",
    "tech": "FTTN",
    "upgrade": "NULL_NA",
    "gnaf_pid": "GAVIC421661380",
    "tech_change_status": "Not Planned"
   }
  },
  {
   "type": "Feature",
   "geometry": {
    "type": "Point",
    "coordinates": [
     145.43003576,
     -37.92142606
    ]
   },
   "properties": {
    "name": "21 TELOPEA ROAD EMERALD 3782",
    "locID": "LOC000005136008",
    "tech": "FTTN",
    "upgrade": "NULL_NA",
    "gnaf_pid": "GAVIC421661401",
    "tech_change_status": "Not Planned"
   }
  },
  {
   "type": "Feature",
   "geometry": {
    "type": "Point",
    "coordinates": [
     145.46475857,
     -37.93383477
    ]
   },
   "properties": {
    "name": "8 AUHL ROAD EMERALD 3782",
    "locID": "LOC000104627483",
    "tech": "FTTN",
    "upgrade": "NULL_NA",
    "gnaf_pid": "GAVIC421663575",
    "tech_change_status": "Not Planned"
   }
  },
  {
   "type": "Feature",
   "geometry": {
    "type": "Point",
    "coordinates": [
     145.45647614,
     -37.94190132
    ]
   },
   "properties": {
    "name": "48 BEACONSFIELD-EMERALD ROAD EMERALD 3782",
    "locID": "LOC000052639335",
    "tech": "FTTN",
    "upgrade": "FTTP_SA",
    "gnaf_pid": "GAVIC421663579",
    "tech_change_status": "Eligible to Order",
    "program_type": "On-Demand N2P SDU/MDU Simple",
    "target_eligibility_quarter": "NA"
   }
  },
  {
   "type": "Feature",
   "geometry": {
    "type": "Point",
    "coordinates": [
     145.447357,
     -37.908575
    ]
   },
   "properties": {
    "name": "35 SUNNYSIDE TERRACE EMERALD 3782",
    "locID": "LOC000051189307",
    "tech": "FTTN",
    "upgrade": "NULL_NA",
    "gnaf_pid": "GAVIC421664240",
    "tech_change_status": "Not Planned"
   }
  },
  {
   "type": "Feature",
   "geometry": {
    "type": "Point",
    "coordinates": [
     145.454202,
     -37.917416
    ]
   },
   "properties": {
    "name": "2 SYCAMORE AVENUE EMERALD 3782",
    "locID": "LOC000024323818",
    "tech": "FTTN",
    "upgrade": "NULL_NA",
    "gnaf_pid": "GAVIC421664241",
    "tech_change_status": "Not Planned"
   }
  },
  {
   "type": "Feature",
   "geometry": {
    "type": "Point",
    "coordinates": [
     145.45468324,
     -37.9133689
    ]
   },
   "properties": {
    "name": "22 SYCAMORE AVENUE EMERALD 3782",
    "locID": "LOC000085341998",
    "tech": "FTTN",
    "upgrade": "NULL_NA",
    "gnaf_pid": "GAVIC421664242",
    "tech_change_status": "Not Planned"
   }
  },
  {
   "type": "Feature",
   "geometry": {
    "type": "Point",
    "coordinates": [
     145.4434304,
     -37.92103572
    ]
   },
   "properties": {
    "name": "4 SYDNEY AVENUE EMERALD 3782",
    "locID": "LOC000028794673",
    "tech": "FTTN",
    "upgrade": "NULL_NA",
    "gnaf_pid": "GAVIC421664243",
    "tech_change_status": "Not Planned"
   }
  },
  {
   "type": "Feature",
   "geometry": {
    "type": "Point",
    "coordinates": [
     145.43963865,
     -37.91998686
    ]
   },
   "properties": {
    "name": "11 SYDNEY AVENUE EMERALD 3782",
    "locID": "LOC000097331600",
    "tech": "FTTN",
    "upgrade": "NULL_NA",
    "gnaf_pid": "GAVIC421664244",
    "tech_change_status": "Not Planned"
   }
  },
  {
   "type": "Feature",
   "geometry": {
    "type": "Point",
    "coordinates": [
     145.44056972,
     -37.92050187
    ]
   },
   "properties": {
    "name": "14 SYDNEY AVENUE EMERALD 3782",
    "locID": "LOC000080764911",
    "tech": "FTTN",
    "upgrade": "NULL_NA",
    "gnaf_pid": "GAVIC421664245",
    "tech_change_status": "Not Planned"
   }
  },
  {
   "type": "Feature",
   "geometry": {
    "type": "Point",
    "coordinates": [
     145.439079,
     -37.91974
    ]
   },
   "properties": {
    "name": "15 SYDNEY AVENUE EMERALD 3782",
    "locID": "LOC000024416700",
    "tech": "FTTN",
    "upgrade": "NULL_NA",
    "gnaf_pid": "GAVIC421664246",
    "tech_change_status": "Not Planned"
   }
  },
  {
   "type": "Feature",
   "geometry": {
    "type": "Point",
    "coordinates": [
     145.43728594,
     -37.91984841
    ]
   },
   "properties": {
    "name": "26 SYDNEY AVENUE EMERALD 3782",
    "locID": "LOC000019543369",
    "tech": "FTTN",
    "upgrade": "NULL_NA",
    "gnaf_pid": "GAVIC421664247",
    "tech_change_status": "Not Planned"
   }
  },
  {
   "type": "Feature",
   "geometry": {
    "type": "Point",
    "coordinates": [
     145.44307445,
     -37.89786144
    ]
   },
   "properties": {
    "name": "149 EMERALD-MONBULK ROAD EMERALD 3782",
    "locID": "LOC000050558526",
    "tech": "FTTN",
    "upgrade": "NULL_NA",
    "gnaf_pid": "GAVIC421664278",
    "tech_change_status": "Not Planned"
   }
  },
  {
   "type": "Feature",
   "geometry": {
    "type": "Point",
    "coordinates": [
     145.44089375,
     -37.895463
    ]
   },
   "properties": {
    "name": "172 EMERALD-MONBULK ROAD EMERALD 3782",
    "locID": "LOC000021984422",
    "tech": "WIRELESS",
    "upgrade": "NULL_NA",
    "gnaf_pid": "GAVIC421664280",
    "tech_change_status": "Not Planned",
    "program_type": "Fixed Wireless and Satellite Upgrade Program",
    "target_eligibility_quarter": "Mar 2025"
   }
  },
  {
   "type": "Feature",
   "geometry": {
    "type": "Point",
    "coordinates": [
     145.46717525,
     -37.91981861
    ]
   },
   "properties": {
    "name": "3 FAIRWAY ROAD EMERALD 3782",
    "locID": "LOC000075635124",
    "tech": "FTTN",
    "upgrade": "FTTP_NA",
    "gnaf_pid": "GAVIC421664289",
    "tech_change_status": "Committed",
    "program_type": "On-Demand N2P SDU/MDU Simple",
    "target_eligibility_quarter": "Jun 2025"
   }
  },
  {
   "type": "Feature",
   "geometry": {
    "type": "Point",
    "coordinates": [
     145.46813803,
     -37.91705989
    ]
   },
   "properties": {
    "name": "26 FAIRWAY ROAD EMERALD 3782",
    "locID": "LOC000031936433",
    "tech": "FTTN",
    "upgrade": "FTTP_NA",
    "gnaf_pid": "GAVIC421664290",
    "tech_change_status": "Committed",
    "program_type": "On-Demand N2P SDU/MDU Simple",
    "target_eligibility_quarter": "Jun 2025"
   }
  },
  {
   "type": "Feature",
   "geometry": {
    "type": "Point",
    "coordinates": [
     145.42670855,
     -37.92577871
    ]
   },
   "properties": {
    "name": "4 NAYLORS ROAD EMERALD 3782",
    "locID": "LOC000015673196",
    "tech": "FTTN",
    "upgrade": "NULL_NA",
    "gnaf_pid": "GAVIC421664292",
    "tech_change_status": "Not Planned"
   }
  },
  {
   "type": "Feature",
   "geometry": {
    "type": "Point",
    "coordinates": [
     145.42569862,
     -37.92578187
    ]
   },
   "properties": {
    "name": "10 NAYLORS ROAD EMERALD 3782",
    "locID": "LOC000027941924",
    "tech": "FTTN",
    "upgrade": "NULL_NA",
    "gnaf_pid": "GAVIC421664293",
    "tech_change_status": "Not Planned"
   }
  },
  {
   "type": "Feature",
   "geometry": {
    "type": "Point",
    "coordinates": [
     145.446245,
     -37.903586
    ]
   },
   "properties": {
    "name": "44 NOBELIUS STREET EMERALD 3782",
    "locID": "LOC000041293606",
    "tech": "FTTN",
    "upgrade": "NULL_NA",
    "gnaf_pid": "GAVIC421664294",
    "tech_change_status": "Not Planned"
   }
  },
  {
   "type": "Feature",
   "geometry": {
    "type": "Point",
    "coordinates": [
     145.446093,
     -37.903232
    ]
   },
   "properties": {
    "name": "46 NOBELIUS STREET EMERALD 3782",
    "locID": "LOC000059692018",
    "tech": "FTTN",
    "upgrade": "NULL_NA",
    "gnaf_pid": "GAVIC421664295",
    "tech_change_status": "Not Planned"
   }
  },
  {
   "type": "Feature",
   "geometry": {
    "type": "Point",
    "coordinates": [
     145.43435077,
     -37.9360229
    ]
   },
   "properties": {
    "name": "11 BOUNDARY ROAD WEST EMERALD 3782",
    "locID": "LOC000030894519",
    "tech": "FTTN",
    "upgrade": "FTTP_NA",
    "gnaf_pid": "GAVIC421664967",
    "tech_change_status": "Committed",
    "program_type": "On-Demand N2P SDU/MDU Simple",
    "target_eligibility_quarter": "Jun 2025"
   }
  },
  {
   "type": "Feature",
   "geometry": {
    "type": "Point",
    "coordinates": [
     145.46331204,
     -37.93130959
    ]
   },
   "properties": {
    "name": "7 BOWER COURT EMERALD 3782",
    "locID": "LOC000107973042",
    "tech": "FTTN",
    "upgrade": "FTTP_NA",
    "gnaf_pid": "GAVIC421664968",
    "tech_change_status": "Committed",
    "program_type": "On-Demand N2P SDU/MDU Simple",
    "target_eligibility_quarter": "Jun 2025"
   }
  },
  {
   "type": "Feature",
   "geometry": {
    "type": "Point",
    "coordinates": [
     145.435474,
     -37.934184
    ]
   },
   "properties": {
    "name": "5 BAYVIEW ROAD EMERALD 3782",
    "locID": "LOC000057526901",
    "tech": "FTTN",
    "upgrade": "FTTP_NA",
    "gnaf_pid": "GAVIC421665152",
    "tech_change_status": "Committed",
    "program_type": "On-Demand N2P SDU/MDU Simple",
    "target_eligibility_quarter": "Jun 2025"
   }
  },
  {
   "type": "Feature",
   "geometry": {
    "type": "Point",
    "coordinates": [
     145.446016,
     -37.930133
    ]
   },
   "properties": {
    "name": "1 BEACONSFIELD-EMERALD ROAD EMERALD 3782",
    "locID": "LOC000025899779",
    "tech": "FTTN",
    "upgrade": "FTTP_NA",
    "gnaf_pid": "GAVIC421665153",
    "tech_change_status": "Committed",
    "program_type": "On-Demand N2P SDU/MDU Simple",
    "target_eligibility_quarter": "Dec 2025"
   }
  },
  {
   "type": "Feature",
   "geometry": {
    "type": "Point",
    "coordinates": [
     145.446232,
     -37.930704
    ]
   },
   "properties": {
    "name": "5 BEACONSFIELD-EMERALD ROAD EMERALD 3782",
    "locID": "LOC000066582813",
    "tech": "FTTN",
    "upgrade": "FTTP_NA",
    "gnaf_pid": "GAVIC421665154",
    "tech_change_status": "Committed",
    "program_type": "On-Demand N2P SDU/MDU Simple",
    "target_eligibility_quarter": "Dec 2025"
   }
  },
  {
   "type": "Feature",
   "geometry": {
    "type": "Point",
    "coordinates": [
     145.457013,
     -37.935279
    ]
   },
   "properties": {
    "name": "1 AMBROSE STREET EMERALD 3782",
    "locID": "LOC000051886736",
    "tech": "FTTN",
    "upgrade": "FTTP_NA",
    "gnaf_pid": "GAVIC421668028",
    "tech_change_status": "In Design",
    "program_type": "On-Demand N2P SDU/MDU Simple",
    "target_eligibility_quarter": "Dec 2025"
   }
  },
  {
   "type": "Feature",
   "geometry": {
    "type": "Point",
    "coordinates": [
     145.456154,
     -37.936674
    ]
   },
   "properties": {
    "name": "13 AMBROSE STREET EMERALD 3782",
    "locID": "LOC000080449382",
    "tech": "FTTN",
    "upgrade": "FTTP_NA",
    "gnaf_pid": "GAVIC421668029",
    "tech_change_status": "In Design",
    "program_type": "On-Demand N2P SDU/MDU Simple",
    "target_eligibility_quarter": "Dec 2025"
   }
  },
  {
   "type": "Feature",
   "geometry": {
    "type": "Point",
    "coordinates": [
     145.43668069,
     -37.94050806
    ]
   },
   "properties": {
    "name": "14 STEEL ROAD EMERALD 3782",
    "locID": "LOC000089650812",
    "tech": "FTTN",
    "upgrade": "NULL_NA",
    "gnaf_pid": "GAVIC421668034",
    "tech_change_status": "Not Planned"
   }
  },
  {
   "type": "Feature",
   "geometry": {
    "type": "Point",
    "coordinates": [
     145.43681373,
     -37.94083106
    ]
   },
   "properties": {
    "name": "15 STEEL ROAD EMERALD 3782",
    "locID": "LOC000081068914",
    "tech": "FTTN",
    "upgrade": "NULL_NA",
    "gnaf_pid": "GAVIC421668035",
    "tech_change_status": "Not Planned"
   }
  },
  {
   "type": "Feature",
   "geometry": {
    "type": "Point",
    "coordinates": [
     145.457031,
     -37.933333
    ]
   },
   "properties": {
    "name": "6 WILLIAM STREET EMERALD 3782",
    "locID": "LOC000101187889",
    "tech": "FTTN",
    "upgrade": "FTTP_NA",
    "gnaf_pid": "GAVIC421668302",
    "tech_change_status": "In Design",
    "program_type": "On-Demand N2P SDU/MDU Simple",
    "target_eligibility_quarter": "Dec 2025"
   }
  },
  {
   "type": "Feature",
   "geometry": {
    "type": "Point",
    "coordinates": [
     145.457553,
     -37.937215
    ]
   },
   "properties": {
    "name": "17 WILLIAM STREET EMERALD 3782",
    "locID": "LOC000058623051",
    "tech": "FTTN",
    "upgrade": "FTTP_NA",
    "gnaf_pid": "GAVIC421668303",
    "tech_change_status": "In Design",
    "program_type": "On-Demand N2P SDU/MDU Simple",
    "target_eligibility_quarter": "Dec 2025"
   }
  },
  {
   "type": "Feature",
   "geometry": {
    "type": "Point",
    "coordinates": [
     145.457594,
     -37.935269
    ]
   },
   "properties": {
    "name": "18 WILLIAM STREET EMERALD 3782",
    "locID": "LOC000024359087",
    "tech": "FTTN",
    "upgrade": "FTTP_NA",
    "gnaf_pid": "GAVIC421668304",
    "tech_change_status": "In Design",
    "program_type": "On-Demand N2P SDU/MDU Simple",
    "target_eligibility_quarter": "Dec 2025"
   }
  },
  {
   "type": "Feature",
   "geometry": {
    "type": "Point",
    "coordinates": [
     145.43505483,
     -37.93357491
    ]
   },
   "properties": {
    "name": "17 WESTLANDS ROAD EMERALD 3782",
    "locID": "LOC000072994115",
    "tech": "FTTN",
    "upgrade": "FTTP_NA",
    "gnaf_pid": "GAVIC421671213",
    "tech_change_status": "Committed",
    "program_type": "On-Demand N2P SDU/MDU Simple",
    "target_eligibility_quarter": "Jun 2025"
   }
  },
  {
   "type": "Feature",
   "geometry": {
    "type": "Point",
    "coordinates": [
     145.43074643,
     -37.93859135
    ]
   },
   "properties": {
    "name": "56 WESTLANDS ROAD EMERALD 3782",
    "locID": "LOC000071403944",
    "tech": "FTTN",
    "upgrade": "FTTP_NA",
    "gnaf_pid": "GAVIC421671216",
    "tech_change_status": "Committed",
    "program_type": "On-Demand N2P SDU/MDU Simple",
    "target_eligibility_quarter": "Jun 2025"
   }
  },
  {
   "type": "Feature",
   "geometry": {
    "type": "Point",
    "coordinates": [
     145.431643,
     -37.933998
    ]
   },
   "properties": {
    "name": "6 WOODLANDS AVENUE EMERALD 3782",
    "locID": "LOC000030945723",
    "tech": "FTTN",
    "upgrade": "NULL_NA",
    "gnaf_pid": "GAVIC421671222",
    "tech_change_status": "Not Planned"
   }
  },
  {
   "type": "Feature",
   "geometry": {
    "type": "Point",
    "coordinates": [
     145.43263112,
     -37.93368735
    ]
   },
   "properties": {
    "name": "15 WOODLANDS AVENUE EMERALD 3782",
    "locID": "LOC000027488963",
    "tech": "FTTN",
    "upgrade": "NULL_NA",
    "gnaf_pid": "GAVIC421671224",
    "tech_change_status": "Not Planned"
   }
  },
  {
   "type": "Feature",
   "geometry": {
    "type": "Point",
    "coordinates": [
     145.44320025,
     -37.91911381
    ]
   },
   "properties": {
    "name": "3 BROOKDALE AVENUE EMERALD 3782",
    "locID": "LOC000027488124",
    "tech": "FTTN",
    "upgrade": "NULL_NA",
    "gnaf_pid": "GAVIC421672311",
    "tech_change_status": "Not Planned"
   }
  },
  {
   "type": "Feature",
   "geometry": {
    "type": "Point",
    "coordinates": [
     145.446285,
     -37.900054
    ]
   },
   "properties": {
    "name": "9 BUTTERFIELD ROAD EMERALD 3782",
    "locID": "LOC000038669457",
    "tech": "FTTN",
    "upgrade": "NULL_NA",
    "gnaf_pid": "GAVIC421672312",
    "tech_change_status": "Not Planned"
   }
  },
  {
   "type": "Feature",
   "geometry": {
    "type": "Point",
    "coordinates": [
     145.4465186,
     -37.89900613
    ]
   },
   "properties": {
    "name": "15 BUTTERFIELD ROAD EMERALD 3782",
    "locID": "LOC000009356430",
    "tech": "FTTN",
    "upgrade": "NULL_NA",
    "gnaf_pid": "GAVIC421672313",
    "tech_change_status": "Not Planned"
   }
  },
  {
   "type": "Feature",
   "geometry": {
    "type": "Point",
    "coordinates": [
     145.446769,
     -37.896509
    ]
   },
   "properties": {
    "name": "27 BUTTERFIELD ROAD EMERALD 3782",
    "locID": "LOC000008939190",
    "tech": "FTTN",
    "upgrade": "NULL_NA",
    "gnaf_pid": "GAVIC421672314",
    "tech_change_status": "Not Planned"
   }
  },
  {
   "type": "Feature",
   "geometry": {
    "type": "Point",
    "coordinates": [
     145.446773,
     -37.896338
    ]
   },
   "properties": {
    "name": "29 BUTTERFIELD ROAD EMERALD 3782",
    "locID": "LOC000071561068",
    "tech": "FTTN",
    "upgrade": "NULL_NA",
    "gnaf_pid": "GAVIC421672315",
    "tech_change_status": "Not Planned"
   }
  },
  {
   "type": "Feature",
   "geometry": {
    "type": "Point",
    "coordinates": [
     145.42006821,
     -37.92626353
    ]
   },
   "properties": {
    "name": "241 BELGRAVE-GEMBROOK ROAD EMERALD 3782",
    "locID": "LOC000057267038",
    "tech": "FTTN",
    "upgrade": "NULL_NA",
    "gnaf_pid": "GAVIC421675127",
    "tech_change_status": "Not Planned"
   }
  },
  {
   "type": "Feature",
   "geometry": {
    "type": "Point",
    "coordinates": [
     145.440872,
     -37.931822
    ]
   },
   "properties": {
    "name": "311 BELGRAVE-GEMBROOK ROAD EMERALD 3782",
    "locID": "LOC000105894572",
    "tech": "FTTN",
    "upgrade": "FTTP_NA",
    "gnaf_pid": "GAVIC421675131",
    "tech_change_status": "Committed",
    "program_type": "On-Demand N2P SDU/MDU Simple",
    "target_eligibility_quarter": "Jun 2025"
   }
  },
  {
   "type": "Feature",
   "geometry": {
    "type": "Point",
    "coordinates": [
     145.44202639,
     -37.93139962
    ]
   },
   "properties": {
    "name": "331 BELGRAVE-GEMBROOK ROAD EMERALD 3782",
    "locID": "LOC000185287260",
    "tech": "FTTP",
    "upgrade": "NULL_NA",
    "gnaf_pid": "GAVIC421675134"
   }
  },
  {
   "type": "Feature",
   "geometry": {
    "type": "Point",
    "coordinates": [
     145.444375,
     -37.929715
    ]
   },
   "properties": {
    "name": "349 BELGRAVE-GEMBROOK ROAD EMERALD 3782",
    "locID": "LOC000073140996",
    "tech": "FTTN",
    "upgrade": "FTTP_NA",
    "gnaf_pid": "GAVIC421675136",
    "tech_change_status": "Committed",
    "program_type": "On-Demand N2P SDU/MDU Simple",
    "target_eligibility_quarter": "Dec 2025"
   }
  },
  {
   "type": "Feature",
   "geometry": {
    "type": "Point",
    "coordinates": [
     145.436872,
     -37.933193
    ]
   },
   "properties": {
    "name": "6 WESTLANDS ROAD EMERALD 3782",
    "locID": "LOC000003890321",
    "tech": "FTTN",
    "upgrade": "FTTP_NA",
    "gnaf_pid": "GAVIC421675176",
    "tech_change_status": "Committed",
    "program_type": "On-Demand N2P SDU/MDU Simple",
    "target_eligibility_quarter": "Jun 2025"
   }
  },
  {
   "type": "Feature",
   "geometry": {
    "type": "Point",
    "coordinates": [
     145.436427,
     -37.933214
    ]
   },
   "properties": {
    "name": "8 WESTLANDS ROAD EMERALD 3782",
    "locID": "LOC000038317502",
    "tech": "FTTN",
    "upgrade": "FTTP_NA",
    "gnaf_pid": "GAVIC421675177",
    "tech_change_status": "Committed",
    "program_type": "On-Demand N2P SDU/MDU Simple",
    "target_eligibility_quarter": "Jun 2025"
   }
  },
  {
   "type": "Feature",
   "geometry": {
    "type": "Point",
    "coordinates": [
     145.43596112,
     -37.93322649
    ]
   },
   "properties": {
    "name": "12 WESTLANDS ROAD EMERALD 3782",
    "locID": "LOC000182708256",
    "tech": "FTTN",
    "upgrade": "FTTP_NA",
    "gnaf_pid": "GAVIC421675178",
    "tech_change_status": "Committed",
    "program_type": "On-Demand N2P SDU/MDU Simple",
    "target_eligibility_quarter": "Jun 2025"
   }
  },
  {
   "type": "Feature",
   "geometry": {
    "type": "Point",
    "coordinates": [
     145.44713067,
     -37.91867739
    ]
   },
   "properties": {
    "name": "10 FLORENCE AVENUE EMERALD 3782",
    "locID": "LOC000059314901",
    "tech": "FTTN",
    "upgrade": "NULL_NA",
    "gnaf_pid": "GAVIC421675188",
    "tech_change_status": "Not Planned"
   }
  },
  {
   "type": "Feature",
   "geometry": {
    "type": "Point",
    "coordinates": [
     145.44621093,
     -37.92066127
    ]
   },
   "properties": {
    "name": "38 FLORENCE AVENUE EMERALD 3782",
    "locID": "LOC000048684244",
    "tech": "FTTN",
    "upgrade": "NULL_NA",
    "gnaf_pid": "GAVIC421675189",
    "tech_change_status": "Not Planned"
   }
  },
  {
   "type": "Feature",
   "geometry": {
    "type": "Point",
    "coordinates": [
     145.44686636,
     -37.92075923
    ]
   },
   "properties": {
    "name": "42 FLORENCE AVENUE EMERALD 3782",
    "locID": "LOC000020306256",
    "tech": "FTTN",
    "upgrade": "NULL_NA",
    "gnaf_pid": "GAVIC421675190",
    "tech_change_status": "Not Planned"
   }
  },
  {
   "type": "Feature",
   "geometry": {
    "type": "Point",
    "coordinates": [
     145.43029574,
     -37.92932288
    ]
   },
   "properties": {
    "name": "7 OGILVY ROAD EMERALD 3782",
    "locID": "LOC000030131482",
    "tech": "FTTN",
    "upgrade": "FTTP_NA",
    "gnaf_pid": "GAVIC421675201",
    "tech_change_status": "Committed",
    "program_type": "On-Demand N2P SDU/MDU Simple",
    "target_eligibility_quarter": "Jun 2025"
   }
  },
  {
   "type": "Feature",
   "geometry": {
    "type": "Point",
    "coordinates": [
     145.449453,
     -37.926871
    ]
   },
   "properties": {
    "name": "7 OLD GEMBROOK ROAD EMERALD 3782",
    "locID": "LOC000070024876",
    "tech": "FTTN",
    "upgrade": "FTTP_NA",
    "gnaf_pid": "GAVIC421675206",
    "tech_change_status": "Committed",
    "program_type": "On-Demand N2P SDU/MDU Simple",
    "target_eligibility_quarter": "Jun 2025"
   }
  },
  {
   "type": "Feature",
   "geometry": {
    "type": "Point",
    "coordinates": [
     145.45364243,
     -37.92764442
    ]
   },
   "properties": {
    "name": "34 OLD GEMBROOK ROAD EMERALD 3782",
    "locID": "LOC000095118071",
    "tech": "FTTN",
    "upgrade": "NULL_NA",
    "gnaf_pid": "GAVIC421675207",
    "tech_change_status": "Not Planned"
   }
  },
  {
   "type": "Feature",
   "geometry": {
    "type": "Point",
    "coordinates": [
     145.42923113,
     -37.92406267
    ]
   },
   "properties": {
    "name": "6 DOERY STREET EMERALD 3782",
    "locID": "LOC000020049173",
    "tech": "FTTN",
    "upgrade": "NULL_NA",
    "gnaf_pid": "GAVIC421675788",
    "tech_change_status": "Not Planned"
   }
  },
  {
   "type": "Feature",
   "geometry": {
    "type": "Point",
    "coordinates": [
     145.436069,
     -37.938851
    ]
   },
   "properties": {
    "name": "3 MAISIE ROAD EMERALD 3782",
    "locID": "LOC000107700303",
    "tech": "FTTN",
    "upgrade": "NULL_NA",
    "gnaf_pid": "GAVIC421675896",
    "tech_change_status": "Not Planned"
   }
  },
  {
   "type": "Feature",
   "geometry": {
    "type": "Point",
    "coordinates": [
     145.43512712,
     -37.9385543
    ]
   },
   "properties": {
    "name": "8 MAISIE ROAD EMERALD 3782",
    "locID": "LOC000045330820",
    "tech": "FTTN",
    "upgrade": "NULL_NA",
    "gnaf_pid": "GAVIC421675897",
    "tech_change_status": "Not Planned"
   }
  },
  {
   "type": "Feature",
   "geometry": {
    "type": "Point",
    "coordinates": [
     145.43466632,
     -37.93888661
    ]
   },
   "properties": {
    "name": "9 MAISIE ROAD EMERALD 3782",
    "locID": "LOC000048865987",
    "tech": "FTTN",
    "upgrade": "NULL_NA",
    "gnaf_pid": "GAVIC421675898",
    "tech_change_status": "Not Planned"
   }
  },
  {
   "type": "Feature",
   "geometry": {
    "type": "Point",
    "coordinates": [
     145.47013929,
     -37.93801222
    ]
   },
   "properties": {
    "name": "18 MAJESTIC DRIVE EMERALD 3782",
    "locID": "LOC000006932346",
    "tech": "FTTN",
    "upgrade": "NULL_NA",
    "gnaf_pid": "GAVIC421675899",
    "tech_change_status": "Not Planned"
   }
  },
  {
   "type": "Feature",
   "geometry": {
    "type": "Point",
    "coordinates": [
     145.46730597,
     -37.93284829
    ]
   },
   "properties": {
    "name": "32 MAJESTIC DRIVE EMERALD 3782",
    "locID": "LOC000011124482",
    "tech": "FTTN",
    "upgrade": "NULL_NA",
    "gnaf_pid": "GAVIC421675901",
    "tech_change_status": "Not Planned"
   }
  },
  {
   "type": "Feature",
   "geometry": {
    "type": "Point",
    "coordinates": [
     145.46850134,
     -37.93537223
    ]
   },
   "properties": {
    "name": "37 MAJESTIC DRIVE EMERALD 3782",
    "locID": "LOC000028458042",
    "tech": "FTTN",
    "upgrade": "NULL_NA",
    "gnaf_pid": "GAVIC421675902",
    "tech_change_status": "Not Planned"
   }
  },
  {
   "type": "Feature",
   "geometry": {
    "type": "Point",
    "coordinates": [
     145.47828715,
     -37.96422486
    ]
   },
   "properties": {
    "name": "55 MARKS LANE EMERALD 3782",
    "locID": "LOC000003912302",
    "tech": "WIRELESS",
    "upgrade": "NULL_NA",
    "gnaf_pid": "GAVIC421675904",
    "tech_change_status": "Not Planned",
    "program_type": "Fixed Wireless and Satellite Upgrade Program",
    "target_eligibility_quarter": "NA"
   }
  },
  {
   "type": "Feature",
   "geometry": {
    "type": "Point",
    "coordinates": [
     145.47901683,
     -37.96472094
    ]
   },
   "properties": {
    "name": "66 MARKS LANE EMERALD 3782",
    "locID": "LOC000107896232",
    "tech": "WIRELESS",
    "upgrade": "NULL_NA",
    "gnaf_pid": "GAVIC421675905",
    "tech_change_status": "Eligible to Order",
    "program_type": "Fixed Wireless and Satellite Upgrade Program",
    "target_eligibility_quarter": "NA"
   }
  },
  {
   "type": "Feature",
   "geometry": {
    "type": "Point",
    "coordinates": [
     145.46551734,
     -37.93005034
    ]
   },
   "properties": {
    "name": "8 VISTA DRIVE EMERALD 3782",
    "locID": "LOC000018530990",
    "tech": "FTTN",
    "upgrade": "FTTP_NA",
    "gnaf_pid": "GAVIC421678720",
    "tech_change_status": "Committed",
    "program_type": "On-Demand N2P SDU/MDU Simple",
    "target_eligibility_quarter": "Jun 2025"
   }
  },
  {
   "type": "Feature",
   "geometry": {
    "type": "Point",
    "coordinates": [
     145.46565142,
     -37.92942647
    ]
   },
   "properties": {
    "name": "7 VISTA DRIVE EMERALD 3782",
    "locID": "LOC000058278122",
    "tech": "FTTN",
    "upgrade": "FTTP_NA",
    "gnaf_pid": "GAVIC421678721",
    "tech_change_status": "Committed",
    "program_type": "On-Demand N2P SDU/MDU Simple",
    "target_eligibility_quarter": "Jun 2025"
   }
  },
  {
   "type": "Feature",
   "geometry": {
    "type": "Point",
    "coordinates": [
     145.46927111,
     -37.93516039
    ]
   },
   "properties": {
    "name": "2 HEATHER AVENUE EMERALD 3782",
    "locID": "LOC000080445255",
    "tech": "FTTN",
    "upgrade": "NULL_NA",
    "gnaf_pid": "GAVIC421681478",
    "tech_change_status": "Not Planned"
   }
  },
  {
   "type": "Feature",
   "geometry": {
    "type": "Point",
    "coordinates": [
     145.450932,
     -37.935533
    ]
   },
   "properties": {
    "name": "49 BEACONSFIELD-EMERALD ROAD EMERALD 3782",
    "locID": "LOC000054988495",
    "tech": "FTTN",
    "upgrade": "FTTP_NA",
    "gnaf_pid": "GAVIC421682151",
    "tech_change_status": "Committed",
    "program_type": "On-Demand N2P SDU/MDU Simple",
    "target_eligibility_quarter": "Jun 2025"
   }
  },
  {
   "type": "Feature",
   "geometry": {
    "type": "Point",
    "coordinates": [
     145.45992563,
     -37.94351559
    ]
   },
   "properties": {
    "name": "56 BEACONSFIELD-EMERALD ROAD EMERALD 3782",
    "locID": "LOC000102315253",
    "tech": "FTTN",
    "upgrade": "FTTP_SA",
    "gnaf_pid": "GAVIC421682153",
    "tech_change_status": "Eligible to Order",
    "program_type": "On-Demand N2P SDU/MDU Simple",
    "target_eligibility_quarter": "NA"
   }
  },
  {
   "type": "Feature",
   "geometry": {
    "type": "Point",
    "coordinates": [
     145.46292835,
     -37.94542208
    ]
   },
   "properties": {
    "name": "76 BEACONSFIELD-EMERALD ROAD EMERALD 3782",
    "locID": "LOC000003863697",
    "tech": "FTTN",
    "upgrade": "FTTP_NA",
    "gnaf_pid": "GAVIC421682154",
    "tech_change_status": "Committed",
    "program_type": "On-Demand N2P SDU/MDU Simple",
    "target_eligibility_quarter": "Dec 2025"
   }
  },
  {
   "type": "Feature",
   "geometry": {
    "type": "Point",
    "coordinates": [
     145.466776,
     -37.941887
    ]
   },
   "properties": {
    "name": "4 ULMER ROAD EMERALD 3782",
    "locID": "LOC000101538834",
    "tech": "FTTN",
    "upgrade": "FTTP_SA",
    "gnaf_pid": "GAVIC421682162",
    "tech_change_status": "Eligible to Order",
    "program_type": "On-Demand N2P SDU/MDU Simple",
    "target_eligibility_quarter": "NA"
   }
  },
  {
   "type": "Feature",
   "geometry": {
    "type": "Point",
    "coordinates": [
     145.466072,
     -37.941797
    ]
   },
   "properties": {
    "name": "8 ULMER ROAD EMERALD 3782",
    "locID": "LOC000003610213",
    "tech": "FTTN",
    "upgrade": "FTTP_SA",
    "gnaf_pid": "GAVIC421682163",
    "tech_change_status": "Eligible to Order",
    "program_type": "On-Demand N2P SDU/MDU Simple",
    "target_eligibility_quarter": "NA"
   }
  },
  {
   "type": "Feature",
   "geometry": {
    "type": "Point",
    "coordinates": [
     145.464233,
     -37.941565
    ]
   },
   "properties": {
    "name": "14 ULMER ROAD EMERALD 3782",
    "locID": "LOC000039622251",
    "tech": "FTTN",
    "upgrade": "FTTP_SA",
    "gnaf_pid": "GAVIC421682164",
    "tech_change_status": "Eligible to Order",
    "program_type": "On-Demand N2P SDU/MDU Simple",
    "target_eligibility_quarter": "NA"
   }
  },
  {
   "type": "Feature",
   "geometry": {
    "type": "Point",
    "coordinates": [
     145.446654,
     -37.913361
    ]
   },
   "properties": {
    "name": "9 GLENVISTA AVENUE EMERALD 3782",
    "locID": "LOC000104156581",
    "tech": "FTTN",
    "upgrade": "NULL_NA",
    "gnaf_pid": "GAVIC421682212",
    "tech_change_status": "Not Planned"
   }
  },
  {
   "type": "Feature",
   "geometry": {
    "type": "Point",
    "coordinates": [
     145.43884976,
     -37.94358078
    ]
   },
   "properties": {
    "name": "8 WINTLE ROAD EMERALD 3782",
    "locID": "LOC000112827722",
    "tech": "FTTN",
    "upgrade": "NULL_NA",
    "gnaf_pid": "GAVIC421682924",
    "tech_change_status": "Not Planned"
   }
  },
  {
   "type": "Feature",
   "geometry": {
    "type": "Point",
    "coordinates": [
     145.46654985,
     -37.9326467
    ]
   },
   "properties": {
    "name": "1 WOMBAT CRESCENT EMERALD 3782",
    "locID": "LOC000058660218",
    "tech": "FTTN",
    "upgrade": "NULL_NA",
    "gnaf_pid": "GAVIC421682925",
    "tech_change_status": "Not Planned"
   }
  },
  {
   "type": "Feature",
   "geometry": {
    "type": "Point",
    "coordinates": [
     145.46839062,
     -37.91984765
    ]
   },
   "properties": {
    "name": "11 MACCLESFIELD ROAD EMERALD 3782",
    "locID": "LOC000029289861",
    "tech": "FTTN",
    "upgrade": "FTTP_NA",
    "gnaf_pid": "GAVIC421686132",
    "tech_change_status": "Committed",
    "program_type": "On-Demand N2P SDU/MDU Simple",
    "target_eligibility_quarter": "Jun 2025"
   }
  },
  {
   "type": "Feature",
   "geometry": {
    "type": "Point",
    "coordinates": [
     145.46941732,
     -37.91801806
    ]
   },
   "properties": {
    "name": "31 MACCLESFIELD ROAD EMERALD 3782",
    "locID": "LOC000006251155",
    "tech": "FTTN",
    "upgrade": "FTTP_NA",
    "gnaf_pid": "GAVIC421686135",
    "tech_change_status": "Committed",
    "program_type": "On-Demand N2P SDU/MDU Simple",
    "target_eligibility_quarter": "Jun 2025"
   }
  },
  {
   "type": "Feature",
   "geometry": {
    "type": "Point",
    "coordinates": [
     145.46991322,
     -37.91675335
    ]
   },
   "properties": {
    "name": "43 MACCLESFIELD ROAD EMERALD 3782",
    "locID": "LOC000033155685",
    "tech": "FTTN",
    "upgrade": "FTTP_NA",
    "gnaf_pid": "GAVIC421686136",
    "tech_change_status": "Committed",
    "program_type": "On-Demand N2P SDU/MDU Simple",
    "target_eligibility_quarter": "Jun 2025"
   }
  },
  {
   "type": "Feature",
   "geometry": {
    "type": "Point",
    "coordinates": [
     145.46772503,
     -37.92019857
    ]
   },
   "properties": {
    "name": "7 MACCLESFIELD ROAD EMERALD 3782",
    "locID": "LOC000024792815",
    "tech": "FTTN",
    "upgrade": "FTTP_NA",
    "gnaf_pid": "GAVIC421686712",
    "tech_change_status": "Committed",
    "program_type": "On-Demand N2P SDU/MDU Simple",
    "target_eligibility_quarter": "Jun 2025"
   }
  },
  {
   "type": "Feature",
   "geometry": {
    "type": "Point",
    "coordinates": [
     145.44499657,
     -37.89985234
    ]
   },
   "properties": {
    "name": "134 EMERALD-MONBULK ROAD EMERALD 3782",
    "locID": "LOC000023015421",
    "tech": "FTTN",
    "upgrade": "NULL_NA",
    "gnaf_pid": "GAVIC421689724",
    "tech_change_status": "Not Planned"
   }
  },
  {
   "type": "Feature",
   "geometry": {
    "type": "Point",
    "coordinates": [
     145.44351004,
     -37.89995774
    ]
   },
   "properties": {
    "name": "135 EMERALD-MONBULK ROAD EMERALD 3782",
    "locID": "LOC000081665332",
    "tech": "FTTN",
    "upgrade": "NULL_NA",
    "gnaf_pid": "GAVIC421689725",
    "tech_change_status": "Not Planned"
   }
  },
  {
   "type": "Feature",
   "geometry": {
    "type": "Point",
    "coordinates": [
     145.44495634,
     -37.89958011
    ]
   },
   "properties": {
    "name": "136 EMERALD-MONBULK ROAD EMERALD 3782",
    "locID": "LOC000081138523",
    "tech": "FTTN",
    "upgrade": "NULL_NA",
    "gnaf_pid": "GAVIC421689726",
    "tech_change_status": "Not Planned"
   }
  },
  {
   "type": "Feature",
   "geometry": {
    "type": "Point",
    "coordinates": [
     145.46754484,
     -37.92899409
    ]
   },
   "properties": {
    "name": "48 BELLBIRD CRESCENT EMERALD 3782",
    "locID": "LOC000071763292",
    "tech": "FTTN",
    "upgrade": "FTTP_NA",
    "gnaf_pid": "GAVIC421696702",
    "tech_change_status": "Committed",
    "program_type": "On-Demand N2P SDU/MDU Simple",
    "target_eligibility_quarter": "Jun 2025"
   }
  },
  {
   "type": "Feature",
   "geometry": {
    "type": "Point",
    "coordinates": [
     145.43916561,
     -37.93479402
    ]
   },
   "properties": {
    "name": "6 BENSON STREET EMERALD 3782",
    "locID": "LOC000069028079",
    "tech": "FTTN",
    "upgrade": "NULL_NA",
    "gnaf_pid": "GAVIC421696703",
    "tech_change_status": "Not Planned"
   }
  },
  {
   "type": "Feature",
   "geometry": {
    "type": "Point",
    "coordinates": [
     145.43823,
     -37.935131
    ]
   },
   "properties": {
    "name": "9 BENSON STREET EMERALD 3782",
    "locID": "LOC000024404278",
    "tech": "FTTN",
    "upgrade": "FTTP_NA",
    "gnaf_pid": "GAVIC421696704",
    "tech_change_status": "Committed",
    "program_type": "On-Demand N2P SDU/MDU Simple",
    "target_eligibility_quarter": "Dec 2025"
   }
  },
  {
   "type": "Feature",
   "geometry": {
    "type": "Point",
    "coordinates": [
     145.43984,
     -37.931088
    ]
   },
   "properties": {
    "name": "7 BERRYS ROAD EMERALD 3782",
    "locID": "LOC000058541678",
    "tech": "FTTN",
    "upgrade": "FTTP_NA",
    "gnaf_pid": "GAVIC421696705",
    "tech_change_status": "Committed",
    "program_type": "On-Demand N2P SDU/MDU Simple",
    "target_eligibility_quarter": "Jun 2025"
   }
  },
  {
   "type": "Feature",
   "geometry": {
    "type": "Point",
    "coordinates": [
     145.439226,
     -37.931106
    ]
   },
   "properties": {
    "name": "13 BERRYS ROAD EMERALD 3782",
    "locID": "LOC000082267831",
    "tech": "FTTN",
    "upgrade": "FTTP_NA",
    "gnaf_pid": "GAVIC421696706",
    "tech_change_status": "Committed",
    "program_type": "On-Demand N2P SDU/MDU Simple",
    "target_eligibility_quarter": "Jun 2025"
   }
  },
  {
   "type": "Feature",
   "geometry": {
    "type": "Point",
    "coordinates": [
     145.437946,
     -37.930819
    ]
   },
   "properties": {
    "name": "20 BERRYS ROAD EMERALD 3782",
    "locID": "LOC000014674097",
    "tech": "FTTN",
    "upgrade": "FTTP_NA",
    "gnaf_pid": "GAVIC421696707",
    "tech_change_status": "Committed",
    "program_type": "On-Demand N2P SDU/MDU Simple",
    "target_eligibility_quarter": "Jun 2025"
   }
  },
  {
   "type": "Feature",
   "geometry": {
    "type": "Point",
    "coordinates": [
     145.438829,
     -37.933715
    ]
   },
   "properties": {
    "name": "3 MEMORIAL AVENUE EMERALD 3782",
    "locID": "LOC000088626523",
    "tech": "FTTN",
    "upgrade": "FTTP_NA",
    "gnaf_pid": "GAVIC421696715",
    "tech_change_status": "Committed",
    "program_type": "On-Demand N2P SDU/MDU Simple",
    "target_eligibility_quarter": "Jun 2025"
   }
  },
  {
   "type": "Feature",
   "geometry": {
    "type": "Point",
    "coordinates": [
     145.4388237,
     -37.93422176
    ]
   },
   "properties": {
    "name": "7 MEMORIAL AVENUE EMERALD 3782",
    "locID": "LOC000104272737",
    "tech": "FTTN",
    "upgrade": "FTTP_NA",
    "gnaf_pid": "GAVIC421696716",
    "tech_change_status": "Committed",
    "program_type": "On-Demand N2P SDU/MDU Simple",
    "target_eligibility_quarter": "Jun 2025"
   }
  },
  {
   "type": "Feature",
   "geometry": {
    "type": "Point",
    "coordinates": [
     145.43005086,
     -37.92196478
    ]
   },
   "properties": {
    "name": "17 TELOPEA ROAD EMERALD 3782",
    "locID": "LOC000026128802",
    "tech": "FTTN",
    "upgrade": "NULL_NA",
    "gnaf_pid": "GAVIC421696741",
    "tech_change_status": "Not Planned"
   }
  },
  {
   "type": "Feature",
   "geometry": {
    "type": "Point",
    "coordinates": [
     145.431673,
     -37.939018
    ]
   },
   "properties": {
    "name": "3 BIRCH AVENUE EMERALD 3782",
    "locID": "LOC000026886008",
    "tech": "FTTN",
    "upgrade": "FTTP_NA",
    "gnaf_pid": "GAVIC421697324",
    "tech_change_status": "Committed",
    "program_type": "On-Demand N2P SDU/MDU Simple",
    "target_eligibility_quarter": "Jun 2025"
   }
  },
  {
   "type": "Feature",
   "geometry": {
    "type": "Point",
    "coordinates": [
     145.458171,
     -37.938674
    ]
   },
   "properties": {
    "name": "29 WILLIAM STREET EMERALD 3782",
    "locID": "LOC000106289906",
    "tech": "FTTN",
    "upgrade": "FTTP_NA",
    "gnaf_pid": "GAVIC421697332",
    "tech_change_status": "In Design",
    "program_type": "On-Demand N2P SDU/MDU Simple",
    "target_eligibility_quarter": "Dec 2025"
   }
  },
  {
   "type": "Feature",
   "geometry": {
    "type": "Point",
    "coordinates": [
     145.45843838,
     -37.93899364
    ]
   },
   "properties": {
    "name": "31 WILLIAM STREET EMERALD 3782",
    "locID": "LOC000063330941",
    "tech": "FTTN",
    "upgrade": "FTTP_NA",
    "gnaf_pid": "GAVIC421697333",
    "tech_change_status": "In Design",
    "program_type": "On-Demand N2P SDU/MDU Simple",
    "target_eligibility_quarter": "Dec 2025"
   }
  },
  {
   "type": "Feature",
   "geometry": {
    "type": "Point",
    "coordinates": [
     145.465611,
     -37.939889
    ]
   },
   "properties": {
    "name": "9 FORD ROAD EMERALD 3782",
    "locID": "LOC000058263997",
    "tech": "FTTN",
    "upgrade": "FTTP",
    "gnaf_pid": "GAVIC421697390",
    "tech_change_status": "Eligible to Order",
    "program_type": "On-Demand N2P SDU/MDU Simple",
    "target_eligibility_quarter": "NA"
   }
  },
  {
   "type": "Feature",
   "geometry": {
    "type": "Point",
    "coordinates": [
     145.43576015,
     -37.94052531
    ]
   },
   "properties": {
    "name": "20 STEEL ROAD EMERALD 3782",
    "locID": "LOC000100909212",
    "tech": "FTTN",
    "upgrade": "NULL_NA",
    "gnaf_pid": "GAVIC421700501",
    "tech_change_status": "Not Planned"
   }
  },
  {
   "type": "Feature",
   "geometry": {
    "type": "Point",
    "coordinates": [
     145.43314335,
     -37.94091068
    ]
   },
   "properties": {
    "name": "31 STEEL ROAD EMERALD 3782",
    "locID": "LOC000015204337",
    "tech": "FTTN",
    "upgrade": "NULL_NA",
    "gnaf_pid": "GAVIC421700502",
    "tech_change_status": "Not Planned"
   }
  },
  {
   "type": "Feature",
   "geometry": {
    "type": "Point",
    "coordinates": [
     145.43220784,
     -37.9408006
    ]
   },
   "properties": {
    "name": "35 STEEL ROAD EMERALD 3782",
    "locID": "LOC000013876191",
    "tech": "FTTN",
    "upgrade": "NULL_NA",
    "gnaf_pid": "GAVIC421700503",
    "tech_change_status": "Not Planned"
   }
  },
  {
   "type": "Feature",
   "geometry": {
    "type": "Point",
    "coordinates": [
     145.46692855,
     -37.94808283
    ]
   },
   "properties": {
    "name": "5 PATERNOSTER ROAD EMERALD 3782",
    "locID": "LOC000060307254",
    "tech": "FTTN",
    "upgrade": "FTTP",
    "gnaf_pid": "GAVIC421704911",
    "tech_change_status": "Eligible to Order",
    "program_type": "On-Demand N2P SDU/MDU Simple",
    "target_eligibility_quarter": "NA"
   }
  },
  {
   "type": "Feature",
   "geometry": {
    "type": "Point",
    "coordinates": [
     145.47332662,
     -37.94401215
    ]
   },
   "properties": {
    "name": "6 PATERNOSTER ROAD EMERALD 3782",
    "locID": "LOC000070869412",
    "tech": "WIRELESS",
    "upgrade": "NULL_NA",
    "gnaf_pid": "GAVIC421704912",
    "tech_change_status": "Not Planned"
   }
  },
  {
   "type": "Feature",
   "geometry": {
    "type": "Point",
    "coordinates": [
     145.47089157,
     -37.94535119
    ]
   },
   "properties": {
    "name": "19 PATERNOSTER ROAD EMERALD 3782",
    "locID": "LOC000054335532",
    "tech": "FTTN",
    "upgrade": "FTTP_SA",
    "gnaf_pid": "GAVIC421704913",
    "tech_change_status": "Eligible to Order",
    "program_type": "On-Demand N2P SDU/MDU Simple",
    "target_eligibility_quarter": "NA"
   }
  },
  {
   "type": "Feature",
   "geometry": {
    "type": "Point",
    "coordinates": [
     145.44184835,
     -37.94695863
    ]
   },
   "properties": {
    "name": "2 RAWHITI ROAD EMERALD 3782",
    "locID": "LOC000103092515",
    "tech": "FTTN",
    "upgrade": "NULL_NA",
    "gnaf_pid": "GAVIC421704922",
    "tech_change_status": "Not Planned"
   }
  },
  {
   "type": "Feature",
   "geometry": {
    "type": "Point",
    "coordinates": [
     145.44200723,
     -37.94531974
    ]
   },
   "properties": {
    "name": "8 RAWHITI ROAD EMERALD 3782",
    "locID": "LOC000021154323",
    "tech": "FTTN",
    "upgrade": "NULL_NA",
    "gnaf_pid": "GAVIC421704923",
    "tech_change_status": "Not Planned"
   }
  },
  {
   "type": "Feature",
   "geometry": {
    "type": "Point",
    "coordinates": [
     145.44176489,
     -37.94450791
    ]
   },
   "properties": {
    "name": "10 RAWHITI ROAD EMERALD 3782",
    "locID": "LOC000015295644",
    "tech": "FTTN",
    "upgrade": "NULL_NA",
    "gnaf_pid": "GAVIC421704924",
    "tech_change_status": "Not Planned"
   }
  },
  {
   "type": "Feature",
   "geometry": {
    "type": "Point",
    "coordinates": [
     145.44173455,
     -37.94380008
    ]
   },
   "properties": {
    "name": "16 RAWHITI ROAD EMERALD 3782",
    "locID": "LOC000022562833",
    "tech": "FTTN",
    "upgrade": "NULL_NA",
    "gnaf_pid": "GAVIC421704925",
    "tech_change_status": "Not Planned"
   }
  },
  {
   "type": "Feature",
   "geometry": {
    "type": "Point",
    "coordinates": [
     145.44463438,
     -37.89871178
    ]
   },
   "properties": {
    "name": "142 EMERALD-MONBULK ROAD EMERALD 3782",
    "locID": "LOC000091951616",
    "tech": "FTTN",
    "upgrade": "NULL_NA",
    "gnaf_pid": "GAVIC421711166",
    "tech_change_status": "Not Planned"
   }
  },
  {
   "type": "Feature",
   "geometry": {
    "type": "Point",
    "coordinates": [
     145.452007,
     -37.933628
    ]
   },
   "properties": {
    "name": "10 ALBERT ROAD EMERALD 3782",
    "locID": "LOC000027766106",
    "tech": "FTTN",
    "upgrade": "FTTP_NA",
    "gnaf_pid": "GAVIC421711498",
    "tech_change_status": "Committed",
    "program_type": "On-Demand N2P SDU/MDU Simple",
    "target_eligibility_quarter": "Jun 2025"
   }
  },
  {
   "type": "Feature",
   "geometry": {
    "type": "Point",
    "coordinates": [
     145.460474,
     -37.945022
    ]
   },
   "properties": {
    "name": "4 SUMMIT AVENUE EMERALD 3782",
    "locID": "LOC000101257257",
    "tech": "FTTN",
    "upgrade": "FTTP_SA",
    "gnaf_pid": "GAVIC421711503",
    "tech_change_status": "Eligible to Order",
    "program_type": "On-Demand N2P SDU/MDU Simple",
    "target_eligibility_quarter": "NA"
   }
  },
  {
   "type": "Feature",
   "geometry": {
    "type": "Point",
    "coordinates": [
     145.460372,
     -37.945534
    ]
   },
   "properties": {
    "name": "6 SUMMIT AVENUE EMERALD 3782",
    "locID": "LOC000020457789",
    "tech": "FTTP",
    "upgrade": "FTTP_NA",
    "gnaf_pid": "GAVIC421711504",
    "tech_change_status": "Previous Tech Disconnected",
    "program_type": "On-Demand N2P SDU/MDU Simple",
    "target_eligibility_quarter": "NA"
   }
  },
  {
   "type": "Feature",
   "geometry": {
    "type": "Point",
    "coordinates": [
     145.44646824,
     -37.94527464
    ]
   },
   "properties": {
    "name": "2-4 TORLEY ROAD EMERALD 3782",
    "locID": "LOC000125530856",
    "tech": "FTTN",
    "upgrade": "NULL_NA",
    "gnaf_pid": "GAVIC421711510",
    "tech_change_status": "Not Planned"
   }
  },
  {
   "type": "Feature",
   "geometry": {
    "type": "Point",
    "coordinates": [
     145.44543139,
     -37.94524969
    ]
   },
   "properties": {
    "name": "6 TORLEY ROAD EMERALD 3782",
    "locID": "LOC000029351436",
    "tech": "FTTN",
    "upgrade": "NULL_NA",
    "gnaf_pid": "GAVIC421711511",
    "tech_change_status": "Not Planned"
   }
  },
  {
   "type": "Feature",
   "geometry": {
    "type": "Point",
    "coordinates": [
     145.45060981,
     -37.95055098
    ]
   },
   "properties": {
    "name": "4 DEERY ROAD EMERALD 3782",
    "locID": "LOC000061140634",
    "tech": "SATELLITE",
    "upgrade": "NULL_NA",
    "gnaf_pid": "GAVIC421711653",
    "tech_change_status": "Not Planned"
   }
  },
  {
   "type": "Feature",
   "geometry": {
    "type": "Point",
    "coordinates": [
     145.45961056,
     -37.95032338
    ]
   },
   "properties": {
    "name": "21 DEERY ROAD EMERALD 3782",
    "locID": "LOC000023923373",
    "tech": "SATELLITE",
    "upgrade": "NULL_NA",
    "gnaf_pid": "GAVIC421711654",
    "tech_change_status": "Not Planned"
   }
  },
  {
   "type": "Feature",
   "geometry": {
    "type": "Point",
    "coordinates": [
     145.45928502,
     -37.95016286
    ]
   },
   "properties": {
    "name": "22 DEERY ROAD EMERALD 3782",
    "locID": "LOC000104276258",
    "tech": "NULL",
    "upgrade": "NULL_NA",
    "gnaf_pid": "GAVIC421711655",
    "tech_change_status": "Not Planned"
   }
  },
  {
   "type": "Feature",
   "geometry": {
    "type": "Point",
    "coordinates": [
     145.45941495,
     -37.9494998
    ]
   },
   "properties": {
    "name": "24 DEERY ROAD EMERALD 3782",
    "locID": "LOC000088508281",
    "tech": "NULL",
    "upgrade": "NULL_NA",
    "gnaf_pid": "GAVIC421711656",
    "tech_change_status": "Not Planned"
   }
  },
  {
   "type": "Feature",
   "geometry": {
    "type": "Point",
    "coordinates": [
     145.45149075,
     -37.90726628
    ]
   },
   "properties": {
    "name": "90 STEWART ROAD EMERALD 3782",
    "locID": "LOC000034298094",
    "tech": "WIRELESS",
    "upgrade": "NULL_NA",
    "gnaf_pid": "GAVIC421713624",
    "tech_change_status": "Not Planned",
    "program_type": "Fixed Wireless and Satellite Upgrade Program",
    "target_eligibility_quarter": "NA"
   }
  },
  {
   "type": "Feature",
   "geometry": {
    "type": "Point",
    "coordinates": [
     145.441242,
     -37.923455
    ]
   },
   "properties": {
    "name": "4 BARNSHAW LANE EMERALD 3782",
    "locID": "LOC000103033994",
    "tech": "FTTN",
    "upgrade": "FTTP_NA",
    "gnaf_pid": "GAVIC421720169",
    "tech_change_status": "Committed",
    "program_type": "On-Demand N2P SDU/MDU Simple",
    "target_eligibility_quarter": "Dec 2025"
   }
  },
  {
   "type": "Feature",
   "geometry": {
    "type": "Point",
    "coordinates": [
     145.43627299,
     -37.93490049
    ]
   },
   "properties": {
    "name": "4 PEPPERMINT COURT EMERALD 3782",
    "locID": "LOC000061817928",
    "tech": "FTTN",
    "upgrade": "FTTP_NA",
    "gnaf_pid": "GAVIC421720764",
    "tech_change_status": "Committed",
    "program_type": "On-Demand N2P SDU/MDU Simple",
    "target_eligibility_quarter": "Jun 2025"
   }
  },
  {
   "type": "Feature",
   "geometry": {
    "type": "Point",
    "coordinates": [
     145.43513807,
     -37.92755193
    ]
   },
   "properties": {
    "name": "3 PINNOCKS ROAD EMERALD 3782",
    "locID": "LOC000107750103",
    "tech": "FTTN",
    "upgrade": "FTTP_NA",
    "gnaf_pid": "GAVIC421720770",
    "tech_change_status": "Committed",
    "program_type": "On-Demand N2P SDU/MDU Simple",
    "target_eligibility_quarter": "Jun 2025"
   }
  },
  {
   "type": "Feature",
   "geometry": {
    "type": "Point",
    "coordinates": [
     145.435822,
     -37.930115
    ]
   },
   "properties": {
    "name": "4 PINNOCKS ROAD EMERALD 3782",
    "locID": "LOC000023462200",
    "tech": "FTTN",
    "upgrade": "FTTP_NA",
    "gnaf_pid": "GAVIC421720771",
    "tech_change_status": "Committed",
    "program_type": "On-Demand N2P SDU/MDU Simple",
    "target_eligibility_quarter": "Jun 2025"
   }
  },
  {
   "type": "Feature",
   "geometry": {
    "type": "Point",
    "coordinates": [
     145.46281645,
     -37.91943947
    ]
   },
   "properties": {
    "name": "28 RONALD ROAD EMERALD 3782",
    "locID": "LOC000072068614",
    "tech": "FTTN",
    "upgrade": "FTTP_NA",
    "gnaf_pid": "GAVIC421720826",
    "tech_change_status": "Committed",
    "program_type": "On-Demand N2P SDU/MDU Simple",
    "target_eligibility_quarter": "Jun 2025"
   }
  },
  {
   "type": "Feature",
   "geometry": {
    "type": "Point",
    "coordinates": [
     145.439111,
     -37.937594
    ]
   },
   "properties": {
    "name": "14 LEGG ROAD EMERALD 3782",
    "locID": "LOC000059453104",
    "tech": "FTTN",
    "upgrade": "NULL_NA",
    "gnaf_pid": "GAVIC421723673",
    "tech_change_status": "Not Planned"
   }
  },
  {
   "type": "Feature",
   "geometry": {
    "type": "Point",
    "coordinates": [
     145.43912,
     -37.938234
    ]
   },
   "properties": {
    "name": "18 LEGG ROAD EMERALD 3782",
    "locID": "LOC000101342830",
    "tech": "FTTN",
    "upgrade": "NULL_NA",
    "gnaf_pid": "GAVIC421723674",
    "tech_change_status": "Not Planned"
   }
  },
  {
   "type": "Feature",
   "geometry": {
    "type": "Point",
    "coordinates": [
     145.439128,
     -37.938414
    ]
   },
   "properties": {
    "name": "20 LEGG ROAD EMERALD 3782",
    "locID": "LOC000008031984",
    "tech": "FTTN",
    "upgrade": "NULL_NA",
    "gnaf_pid": "GAVIC421723675",
    "tech_change_status": "Not Planned"
   }
  },
  {
   "type": "Feature",
   "geometry": {
    "type": "Point",
    "coordinates": [
     145.46938195,
     -37.95231162
    ]
   },
   "properties": {
    "name": "7 LADD SQUARE EMERALD 3782",
    "locID": "LOC000081969942",
    "tech": "FTTN",
    "upgrade": "FTTP_NA",
    "gnaf_pid": "GAVIC421725429",
    "tech_change_status": "Committed",
    "program_type": "On-Demand N2P SDU/MDU Simple",
    "target_eligibility_quarter": "Dec 2025"
   }
  },
  {
   "type": "Feature",
   "geometry": {
    "type": "Point",
    "coordinates": [
     145.44761938,
     -37.91799343
    ]
   },
   "properties": {
    "name": "7 CHARMAN AVENUE EMERALD 3782",
    "locID": "LOC000021112247",
    "tech": "FTTN",
    "upgrade": "NULL_NA",
    "gnaf_pid": "GAVIC421727295",
    "tech_change_status": "Not Planned"
   }
  },
  {
   "type": "Feature",
   "geometry": {
    "type": "Point",
    "coordinates": [
     145.44776426,
     -37.9176683
    ]
   },
   "properties": {
    "name": "8 CHARMAN AVENUE EMERALD 3782",
    "locID": "LOC000076129297",
    "tech": "FTTN",
    "upgrade": "NULL_NA",
    "gnaf_pid": "GAVIC421727296",
    "tech_change_status": "Not Planned"
   }
  },
  {
   "type": "Feature",
   "geometry": {
    "type": "Point",
    "coordinates": [
     145.44395129,
     -37.91924787
    ]
   },
   "properties": {
    "name": "24 CHARMAN AVENUE EMERALD 3782",
    "locID": "LOC000041428412",
    "tech": "FTTN",
    "upgrade": "NULL_NA",
    "gnaf_pid": "GAVIC421727297",
    "tech_change_status": "Not Planned"
   }
  },
  {
   "type": "Feature",
   "geometry": {
    "type": "Point",
    "coordinates": [
     145.44278124,
     -37.91983683
    ]
   },
   "properties": {
    "name": "28 CHARMAN AVENUE EMERALD 3782",
    "locID": "LOC000075250546",
    "tech": "FTTN",
    "upgrade": "NULL_NA",
    "gnaf_pid": "GAVIC421727298",
    "tech_change_status": "Not Planned"
   }
  },
  {
   "type": "Feature",
   "geometry": {
    "type": "Point",
    "coordinates": [
     145.44277396,
     -37.92013511
    ]
   },
   "properties": {
    "name": "41 CHARMAN AVENUE EMERALD 3782",
    "locID": "LOC000006035310",
    "tech": "FTTN",
    "upgrade": "NULL_NA",
    "gnaf_pid": "GAVIC421727299",
    "tech_change_status": "Not Planned"
   }
  },
  {
   "type": "Feature",
   "geometry": {
    "type": "Point",
    "coordinates": [
     145.44235157,
     -37.92019916
    ]
   },
   "properties": {
    "name": "43 CHARMAN AVENUE EMERALD 3782",
    "locID": "LOC000031693663",
    "tech": "FTTN",
    "upgrade": "NULL_NA",
    "gnaf_pid": "GAVIC421727300",
    "tech_change_status": "Not Planned"
   }
  },
  {
   "type": "Feature",
   "geometry": {
    "type": "Point",
    "coordinates": [
     145.46909286,
     -37.91716448
    ]
   },
   "properties": {
    "name": "3 CHRISTIANS AVENUE EMERALD 3782",
    "locID": "LOC000018546332",
    "tech": "FTTN",
    "upgrade": "FTTP_NA",
    "gnaf_pid": "GAVIC421727303",
    "tech_change_status": "Committed",
    "program_type": "On-Demand N2P SDU/MDU Simple",
    "target_eligibility_quarter": "Jun 2025"
   }
  },
  {
   "type": "Feature",
   "geometry": {
    "type": "Point",
    "coordinates": [
     145.46902043,
     -37.91682781
    ]
   },
   "properties": {
    "name": "6 CHRISTIANS AVENUE EMERALD 3782",
    "locID": "LOC000031174537",
    "tech": "FTTN",
    "upgrade": "FTTP_NA",
    "gnaf_pid": "GAVIC421727304",
    "tech_change_status": "Committed",
    "program_type": "On-Demand N2P SDU/MDU Simple",
    "target_eligibility_quarter": "Jun 2025"
   }
  },
  {
   "type": "Feature",
   "geometry": {
    "type": "Point",
    "coordinates": [
     145.4525035,
     -37.91542922
    ]
   },
   "properties": {
    "name": "12 ELM CRESCENT EMERALD 3782",
    "locID": "LOC000070434618",
    "tech": "FTTN",
    "upgrade": "NULL_NA",
    "gnaf_pid": "GAVIC421727372",
    "tech_change_status": "Not Planned"
   }
  },
  {
   "type": "Feature",
   "geometry": {
    "type": "Point",
    "coordinates": [
     145.452546,
     -37.913898
    ]
   },
   "properties": {
    "name": "20 ELM CRESCENT EMERALD 3782",
    "locID": "LOC000090759141",
    "tech": "FTTN",
    "upgrade": "NULL_NA",
    "gnaf_pid": "GAVIC421727373",
    "tech_change_status": "Not Planned"
   }
  },
  {
   "type": "Feature",
   "geometry": {
    "type": "Point",
    "coordinates": [
     145.4498898,
     -37.92009683
    ]
   },
   "properties": {
    "name": "6 LAKESIDE DRIVE EMERALD 3782",
    "locID": "LOC000056097177",
    "tech": "FTTN",
    "upgrade": "NULL_NA",
    "gnaf_pid": "GAVIC421735231",
    "tech_change_status": "Not Planned"
   }
  },
  {
   "type": "Feature",
   "geometry": {
    "type": "Point",
    "coordinates": [
     145.45108155,
     -37.91913725
    ]
   },
   "properties": {
    "name": "16 LAKESIDE DRIVE EMERALD 3782",
    "locID": "LOC000074270963",
    "tech": "FTTN",
    "upgrade": "NULL_NA",
    "gnaf_pid": "GAVIC421735232",
    "tech_change_status": "Not Planned"
   }
  },
  {
   "type": "Feature",
   "geometry": {
    "type": "Point",
    "coordinates": [
     145.451905,
     -37.9179
    ]
   },
   "properties": {
    "name": "26 LAKESIDE DRIVE EMERALD 3782",
    "locID": "LOC000057832523",
    "tech": "FTTN",
    "upgrade": "NULL_NA",
    "gnaf_pid": "GAVIC421735233",
    "tech_change_status": "Not Planned"
   }
  },
  {
   "type": "Feature",
   "geometry": {
    "type": "Point",
    "coordinates": [
     145.45571734,
     -37.91656457
    ]
   },
   "properties": {
    "name": "38 LAKESIDE DRIVE EMERALD 3782",
    "locID": "LOC000017887857",
    "tech": "FTTN",
    "upgrade": "NULL_NA",
    "gnaf_pid": "GAVIC421735235",
    "tech_change_status": "Not Planned"
   }
  },
  {
   "type": "Feature",
   "geometry": {
    "type": "Point",
    "coordinates": [
     145.45595583,
     -37.91581352
    ]
   },
   "properties": {
    "name": "42 LAKESIDE DRIVE EMERALD 3782",
    "locID": "LOC000096020522",
    "tech": "FTTN",
    "upgrade": "NULL_NA",
    "gnaf_pid": "GAVIC421735236",
    "tech_change_status": "Not Planned"
   }
  },
  {
   "type": "Feature",
   "geometry": {
    "type": "Point",
    "coordinates": [
     145.45779988,
     -37.91700762
    ]
   },
   "properties": {
    "name": "54 LAKESIDE DRIVE EMERALD 3782",
    "locID": "LOC000104367934",
    "tech": "FTTN",
    "upgrade": "NULL_NA",
    "gnaf_pid": "GAVIC421735237",
    "tech_change_status": "Not Planned"
   }
  },
  {
   "type": "Feature",
   "geometry": {
    "type": "Point",
    "coordinates": [
     145.46067211,
     -37.9262847
    ]
   },
   "properties": {
    "name": "4 LAKEVIEW COURT EMERALD 3782",
    "locID": "LOC000040226852",
    "tech": "FTTN",
    "upgrade": "FTTP",
    "gnaf_pid": "GAVIC421735238",
    "tech_change_status": "Eligible to Order"
   }
  },
  {
   "type": "Feature",
   "geometry": {
    "type": "Point",
    "coordinates": [
     145.437077,
     -37.933709
    ]
   },
   "properties": {
    "name": "4 RUSSELL STREET EMERALD 3782",
    "locID": "LOC000053190375",
    "tech": "FTTN",
    "upgrade": "FTTP_NA",
    "gnaf_pid": "GAVIC421735243",
    "tech_change_status": "Committed",
    "program_type": "On-Demand N2P SDU/MDU Simple",
    "target_eligibility_quarter": "Jun 2025"
   }
  },
  {
   "type": "Feature",
   "geometry": {
    "type": "Point",
    "coordinates": [
     145.43746,
     -37.933877
    ]
   },
   "properties": {
    "name": "5 RUSSELL STREET EMERALD 3782",
    "locID": "LOC000053595375",
    "tech": "FTTN",
    "upgrade": "FTTP_NA",
    "gnaf_pid": "GAVIC421735244",
    "tech_change_status": "Committed",
    "program_type": "On-Demand N2P SDU/MDU Simple",
    "target_eligibility_quarter": "Jun 2025"
   }
  },
  {
   "type": "Feature",
   "geometry": {
    "type": "Point",
    "coordinates": [
     145.437096,
     -37.933899
    ]
   },
   "properties": {
    "name": "6 RUSSELL STREET EMERALD 3782",
    "locID": "LOC000068317341",
    "tech": "FTTN",
    "upgrade": "FTTP_NA",
    "gnaf_pid": "GAVIC421735245",
    "tech_change_status": "Committed",
    "program_type": "On-Demand N2P SDU/MDU Simple",
    "target_eligibility_quarter": "Jun 2025"
   }
  },
  {
   "type": "Feature",
   "geometry": {
    "type": "Point",
    "coordinates": [
     145.43749441,
     -37.93481758
    ]
   },
   "properties": {
    "name": "15 RUSSELL STREET EMERALD 3782",
    "locID": "LOC000073087944",
    "tech": "FTTN",
    "upgrade": "FTTP_NA",
    "gnaf_pid": "GAVIC421735246",
    "tech_change_status": "Committed",
    "program_type": "On-Demand N2P SDU/MDU Simple",
    "target_eligibility_quarter": "Jun 2025"
   }
  },
  {
   "type": "Feature",
   "geometry": {
    "type": "Point",
    "coordinates": [
     145.440868,
     -37.930362
    ]
   },
   "properties": {
    "name": "10 FERRES ROAD EMERALD 3782",
    "locID": "LOC000013811249",
    "tech": "FTTN",
    "upgrade": "FTTP_NA",
    "gnaf_pid": "GAVIC421738072",
    "tech_change_status": "Committed",
    "program_type": "On-Demand N2P SDU/MDU Simple",
    "target_eligibility_quarter": "Jun 2025"
   }
  },
  {
   "type": "Feature",
   "geometry": {
    "type": "Point",
    "coordinates": [
     145.440652,
     -37.925006
    ]
   },
   "properties": {
    "name": "58 FERRES ROAD EMERALD 3782",
    "locID": "LOC000092865710",
    "tech": "FTTN",
    "upgrade": "NULL_NA",
    "gnaf_pid": "GAVIC421738073",
    "tech_change_status": "Not Planned"
   }
  },
  {
   "type": "Feature",
   "geometry": {
    "type": "Point",
    "coordinates": [
     145.440638,
     -37.924591
    ]
   },
   "properties": {
    "name": "60 FERRES ROAD EMERALD 3782",
    "locID": "LOC000032826313",
    "tech": "FTTN",
    "upgrade": "NULL_NA",
    "gnaf_pid": "GAVIC421738074",
    "tech_change_status": "Not Planned"
   }
  },
  {
   "type": "Feature",
   "geometry": {
    "type": "Point",
    "coordinates": [
     145.44018352,
     -37.92346379
    ]
   },
   "properties": {
    "name": "63 FERRES ROAD EMERALD 3782",
    "locID": "LOC000096451496",
    "tech": "FTTN",
    "upgrade": "NULL_NA",
    "gnaf_pid": "GAVIC421738075",
    "tech_change_status": "Not Planned"
   }
  },
  {
   "type": "Feature",
   "geometry": {
    "type": "Point",
    "coordinates": [
     145.44145761,
     -37.92185276
    ]
   },
   "properties": {
    "name": "76 FERRES ROAD EMERALD 3782",
    "locID": "LOC000003609198",
    "tech": "FTTN",
    "upgrade": "NULL_NA",
    "gnaf_pid": "GAVIC421738076",
    "tech_change_status": "Not Planned"
   }
  },
  {
   "type": "Feature",
   "geometry": {
    "type": "Point",
    "coordinates": [
     145.44722479,
     -37.91856158
    ]
   },
   "properties": {
    "name": "8 FLORENCE AVENUE EMERALD 3782",
    "locID": "LOC000087193215",
    "tech": "FTTN",
    "upgrade": "NULL_NA",
    "gnaf_pid": "GAVIC421738077",
    "tech_change_status": "Not Planned"
   }
  },
  {
   "type": "Feature",
   "geometry": {
    "type": "Point",
    "coordinates": [
     145.434544,
     -37.932414
    ]
   },
   "properties": {
    "name": "17 CHURCH STREET EMERALD 3782",
    "locID": "LOC000034485008",
    "tech": "FTTN",
    "upgrade": "FTTP_NA",
    "gnaf_pid": "GAVIC421738300",
    "tech_change_status": "Committed",
    "program_type": "On-Demand N2P SDU/MDU Simple",
    "target_eligibility_quarter": "Jun 2025"
   }
  },
  {
   "type": "Feature",
   "geometry": {
    "type": "Point",
    "coordinates": [
     145.45827532,
     -37.91925834
    ]
   },
   "properties": {
    "name": "3 MESSMATE COURT EMERALD 3782",
    "locID": "LOC000034903994",
    "tech": "FTTN",
    "upgrade": "NULL_NA",
    "gnaf_pid": "GAVIC421738307",
    "tech_change_status": "Not Planned"
   }
  },
  {
   "type": "Feature",
   "geometry": {
    "type": "Point",
    "coordinates": [
     145.45904949,
     -37.91885455
    ]
   },
   "properties": {
    "name": "7 MESSMATE COURT EMERALD 3782",
    "locID": "LOC000055324258",
    "tech": "FTTN",
    "upgrade": "NULL_NA",
    "gnaf_pid": "GAVIC421738308",
    "tech_change_status": "Not Planned"
   }
  },
  {
   "type": "Feature",
   "geometry": {
    "type": "Point",
    "coordinates": [
     145.448389,
     -37.919566
    ]
   },
   "properties": {
    "name": "55 EMERALD-MONBULK ROAD EMERALD 3782",
    "locID": "LOC000052998426",
    "tech": "FTTN",
    "upgrade": "NULL_NA",
    "gnaf_pid": "GAVIC421738370",
    "tech_change_status": "Not Planned"
   }
  },
  {
   "type": "Feature",
   "geometry": {
    "type": "Point",
    "coordinates": [
     145.45049328,
     -37.91782018
    ]
   },
   "properties": {
    "name": "68 EMERALD-MONBULK ROAD EMERALD 3782",
    "locID": "LOC000007807113",
    "tech": "FTTN",
    "upgrade": "NULL_NA",
    "gnaf_pid": "GAVIC421738371",
    "tech_change_status": "Not Planned"
   }
  },
  {
   "type": "Feature",
   "geometry": {
    "type": "Point",
    "coordinates": [
     145.44940228,
     -37.91598165
    ]
   },
   "properties": {
    "name": "76 EMERALD-MONBULK ROAD EMERALD 3782",
    "locID": "LOC000008797861",
    "tech": "FTTN",
    "upgrade": "NULL_NA",
    "gnaf_pid": "GAVIC421738372",
    "tech_change_status": "Not Planned"
   }
  },
  {
   "type": "Feature",
   "geometry": {
    "type": "Point",
    "coordinates": [
     145.44852095,
     -37.9154506
    ]
   },
   "properties": {
    "name": "82 EMERALD-MONBULK ROAD EMERALD 3782",
    "locID": "LOC000019348919",
    "tech": "FTTN",
    "upgrade": "NULL_NA",
    "gnaf_pid": "GAVIC421738373",
    "tech_change_status": "Not Planned"
   }
  },
  {
   "type": "Feature",
   "geometry": {
    "type": "Point",
    "coordinates": [
     145.44685409,
     -37.91494502
    ]
   },
   "properties": {
    "name": "92 EMERALD-MONBULK ROAD EMERALD 3782",
    "locID": "LOC000014493591",
    "tech": "FTTN",
    "upgrade": "NULL_NA",
    "gnaf_pid": "GAVIC421738374",
    "tech_change_status": "Not Planned"
   }
  },
  {
   "type": "Feature",
   "geometry": {
    "type": "Point",
    "coordinates": [
     145.444836,
     -37.902991
    ]
   },
   "properties": {
    "name": "107 EMERALD-MONBULK ROAD EMERALD 3782",
    "locID": "LOC000085359088",
    "tech": "FTTN",
    "upgrade": "NULL_NA",
    "gnaf_pid": "GAVIC421738375",
    "tech_change_status": "Not Planned"
   }
  },
  {
   "type": "Feature",
   "geometry": {
    "type": "Point",
    "coordinates": [
     145.44508768,
     -37.9015832
    ]
   },
   "properties": {
    "name": "119 EMERALD-MONBULK ROAD EMERALD 3782",
    "locID": "LOC000007845024",
    "tech": "FTTN",
    "upgrade": "NULL_NA",
    "gnaf_pid": "GAVIC421738376",
    "tech_change_status": "Not Planned"
   }
  },
  {
   "type": "Feature",
   "geometry": {
    "type": "Point",
    "coordinates": [
     145.446027,
     -37.929601
    ]
   },
   "properties": {
    "name": "2 EMERALD LAKE ROAD EMERALD 3782",
    "locID": "LOC000070971149",
    "tech": "FTTN",
    "upgrade": "FTTP_NA",
    "gnaf_pid": "GAVIC421738379",
    "tech_change_status": "Committed",
    "program_type": "On-Demand N2P SDU/MDU Simple",
    "target_eligibility_quarter": "Dec 2025"
   }
  },
  {
   "type": "Feature",
   "geometry": {
    "type": "Point",
    "coordinates": [
     145.458039,
     -37.927596
    ]
   },
   "properties": {
    "name": "49 EMERALD LAKE ROAD EMERALD 3782",
    "locID": "LOC000002898276",
    "tech": "FTTN",
    "upgrade": "NULL_NA",
    "gnaf_pid": "GAVIC421738380",
    "tech_change_status": "Not Planned"
   }
  },
  {
   "type": "Feature",
   "geometry": {
    "type": "Point",
    "coordinates": [
     145.43697298,
     -37.92864788
    ]
   },
   "properties": {
    "name": "12A WALNUT AVENUE EMERALD 3782",
    "locID": "LOC000060430885",
    "tech": "FTTN",
    "upgrade": "FTTP_NA",
    "gnaf_pid": "GAVIC421742222",
    "tech_change_status": "Committed",
    "program_type": "On-Demand N2P SDU/MDU Simple",
    "target_eligibility_quarter": "Dec 2025"
   }
  },
  {
   "type": "Feature",
   "geometry": {
    "type": "Point",
    "coordinates": [
     145.443543,
     -37.933038
    ]
   },
   "properties": {
    "name": "7 HEROES AVENUE EMERALD 3782",
    "locID": "LOC000080942949",
    "tech": "FTTN",
    "upgrade": "FTTP_NA",
    "gnaf_pid": "GAVIC421745449",
    "tech_change_status": "Committed",
    "program_type": "On-Demand N2P SDU/MDU Simple",
    "target_eligibility_quarter": "Jun 2025"
   }
  },
  {
   "type": "Feature",
   "geometry": {
    "type": "Point",
    "coordinates": [
     145.444726,
     -37.932486
    ]
   },
   "properties": {
    "name": "19 HEROES AVENUE EMERALD 3782",
    "locID": "LOC000090985607",
    "tech": "FTTN",
    "upgrade": "FTTP_NA",
    "gnaf_pid": "GAVIC421745450",
    "tech_change_status": "Committed",
    "program_type": "On-Demand N2P SDU/MDU Simple",
    "target_eligibility_quarter": "Jun 2025"
   }
  },
  {
   "type": "Feature",
   "geometry": {
    "type": "Point",
    "coordinates": [
     145.445523,
     -37.931947
    ]
   },
   "properties": {
    "name": "29 HEROES AVENUE EMERALD 3782",
    "locID": "LOC000103418793",
    "tech": "FTTN",
    "upgrade": "FTTP_NA",
    "gnaf_pid": "GAVIC421745452",
    "tech_change_status": "Committed",
    "program_type": "On-Demand N2P SDU/MDU Simple",
    "target_eligibility_quarter": "Jun 2025"
   }
  },
  {
   "type": "Feature",
   "geometry": {
    "type": "Point",
    "coordinates": [
     145.44503,
     -37.93267
    ]
   },
   "properties": {
    "name": "30 HEROES AVENUE EMERALD 3782",
    "locID": "LOC000088388878",
    "tech": "FTTN",
    "upgrade": "FTTP_NA",
    "gnaf_pid": "GAVIC421745453",
    "tech_change_status": "Committed",
    "program_type": "On-Demand N2P SDU/MDU Simple",
    "target_eligibility_quarter": "Jun 2025"
   }
  },
  {
   "type": "Feature",
   "geometry": {
    "type": "Point",
    "coordinates": [
     145.445673,
     -37.931841
    ]
   },
   "properties": {
    "name": "31 HEROES AVENUE EMERALD 3782",
    "locID": "LOC000087673439",
    "tech": "FTTN",
    "upgrade": "FTTP_NA",
    "gnaf_pid": "GAVIC421745454",
    "tech_change_status": "Committed",
    "program_type": "On-Demand N2P SDU/MDU Simple",
    "target_eligibility_quarter": "Jun 2025"
   }
  },
  {
   "type": "Feature",
   "geometry": {
    "type": "Point",
    "coordinates": [
     145.442475,
     -37.922723
    ]
   },
   "properties": {
    "name": "5 ORCHARD GROVE EMERALD 3782",
    "locID": "LOC000077432638",
    "tech": "FTTN",
    "upgrade": "FTTP_NA",
    "gnaf_pid": "GAVIC421745947",
    "tech_change_status": "Committed",
    "program_type": "On-Demand N2P SDU/MDU Simple",
    "target_eligibility_quarter": "Jun 2025"
   }
  },
  {
   "type": "Feature",
   "geometry": {
    "type": "Point",
    "coordinates": [
     145.447197,
     -37.930788
    ]
   },
   "properties": {
    "name": "10 PRINCESS AVENUE EMERALD 3782",
    "locID": "LOC000091061756",
    "tech": "FTTN",
    "upgrade": "FTTP_NA",
    "gnaf_pid": "GAVIC421746005",
    "tech_change_status": "Committed",
    "program_type": "On-Demand N2P SDU/MDU Simple",
    "target_eligibility_quarter": "Dec 2025"
   }
  },
  {
   "type": "Feature",
   "geometry": {
    "type": "Point",
    "coordinates": [
     145.44311,
     -37.932528
    ]
   },
   "properties": {
    "name": "4 KINGS ROAD EMERALD 3782",
    "locID": "LOC000065752171",
    "tech": "FTTN",
    "upgrade": "FTTP_NA",
    "gnaf_pid": "GAVIC421746014",
    "tech_change_status": "Committed",
    "program_type": "On-Demand N2P SDU/MDU Simple",
    "target_eligibility_quarter": "Jun 2025"
   }
  },
  {
   "type": "Feature",
   "geometry": {
    "type": "Point",
    "coordinates": [
     145.442875,
     -37.932326
    ]
   },
   "properties": {
    "name": "5 KINGS ROAD EMERALD 3782",
    "locID": "LOC000006963135",
    "tech": "FTTN",
    "upgrade": "FTTP_NA",
    "gnaf_pid": "GAVIC421746015",
    "tech_change_status": "Committed",
    "program_type": "On-Demand N2P SDU/MDU Simple",
    "target_eligibility_quarter": "Jun 2025"
   }
  },
  {
   "type": "Feature",
   "geometry": {
    "type": "Point",
    "coordinates": [
     145.443984,
     -37.931548
    ]
   },
   "properties": {
    "name": "19 KINGS ROAD EMERALD 3782",
    "locID": "LOC000084944412",
    "tech": "FTTN",
    "upgrade": "FTTP_NA",
    "gnaf_pid": "GAVIC421746018",
    "tech_change_status": "Committed",
    "program_type": "On-Demand N2P SDU/MDU Simple",
    "target_eligibility_quarter": "Dec 2025"
   }
  },
  {
   "type": "Feature",
   "geometry": {
    "type": "Point",
    "coordinates": [
     145.44453,
     -37.931546
    ]
   },
   "properties": {
    "name": "22 KINGS ROAD EMERALD 3782",
    "locID": "LOC000077125442",
    "tech": "FTTN",
    "upgrade": "FTTP_NA",
    "gnaf_pid": "GAVIC421746019",
    "tech_change_status": "Committed",
    "program_type": "On-Demand N2P SDU/MDU Simple",
    "target_eligibility_quarter": "Jun 2025"
   }
  },
  {
   "type": "Feature",
   "geometry": {
    "type": "Point",
    "coordinates": [
     145.444947,
     -37.928515
    ]
   },
   "properties": {
    "name": "375 BELGRAVE-GEMBROOK ROAD EMERALD 3782",
    "locID": "LOC000034376256",
    "tech": "FTTN",
    "upgrade": "FTTP_NA",
    "gnaf_pid": "GAVIC421746064",
    "tech_change_status": "Committed",
    "program_type": "On-Demand N2P SDU/MDU Simple",
    "target_eligibility_quarter": "Jun 2025"
   }
  },
  {
   "type": "Feature",
   "geometry": {
    "type": "Point",
    "coordinates": [
     145.445028,
     -37.929525
    ]
   },
   "properties": {
    "name": "400 BELGRAVE-GEMBROOK ROAD EMERALD 3782",
    "locID": "LOC000010179684",
    "tech": "FTTN",
    "upgrade": "FTTP_NA",
    "gnaf_pid": "GAVIC421746065",
    "tech_change_status": "Committed",
    "program_type": "On-Demand N2P SDU/MDU Simple",
    "target_eligibility_quarter": "Jun 2025"
   }
  },
  {
   "type": "Feature",
   "geometry": {
    "type": "Point",
    "coordinates": [
     145.4559065,
     -37.92662271
    ]
   },
   "properties": {
    "name": "410 BELGRAVE-GEMBROOK ROAD EMERALD 3782",
    "locID": "LOC000028866515",
    "tech": "FTTN",
    "upgrade": "NULL_NA",
    "gnaf_pid": "GAVIC421746066",
    "tech_change_status": "Not Planned"
   }
  },
  {
   "type": "Feature",
   "geometry": {
    "type": "Point",
    "coordinates": [
     145.44077119,
     -37.94286741
    ]
   },
   "properties": {
    "name": "64 KILVINGTON DRIVE EMERALD 3782",
    "locID": "LOC000067904847",
    "tech": "FTTN",
    "upgrade": "NULL_NA",
    "gnaf_pid": "GAVIC421748854",
    "tech_change_status": "Not Planned"
   }
  },
  {
   "type": "Feature",
   "geometry": {
    "type": "Point",
    "coordinates": [
     145.44071703,
     -37.94313211
    ]
   },
   "properties": {
    "name": "66 KILVINGTON DRIVE EMERALD 3782",
    "locID": "LOC000031107053",
    "tech": "FTTN",
    "upgrade": "NULL_NA",
    "gnaf_pid": "GAVIC421748855",
    "tech_change_status": "Not Planned"
   }
  },
  {
   "type": "Feature",
   "geometry": {
    "type": "Point",
    "coordinates": [
     145.44093404,
     -37.94476621
    ]
   },
   "properties": {
    "name": "69 KILVINGTON DRIVE EMERALD 3782",
    "locID": "LOC000069050648",
    "tech": "FTTN",
    "upgrade": "NULL_NA",
    "gnaf_pid": "GAVIC421748856",
    "tech_change_status": "Not Planned"
   }
  },
  {
   "type": "Feature",
   "geometry": {
    "type": "Point",
    "coordinates": [
     145.44090178,
     -37.94527118
    ]
   },
   "properties": {
    "name": "71A KILVINGTON DRIVE EMERALD 3782",
    "locID": "LOC000031958112",
    "tech": "FTTN",
    "upgrade": "NULL_NA",
    "gnaf_pid": "GAVIC421748857",
    "tech_change_status": "Not Planned"
   }
  },
  {
   "type": "Feature",
   "geometry": {
    "type": "Point",
    "coordinates": [
     145.44118719,
     -37.94645599
    ]
   },
   "properties": {
    "name": "73 KILVINGTON DRIVE EMERALD 3782",
    "locID": "LOC000005072730",
    "tech": "FTTN",
    "upgrade": "NULL_NA",
    "gnaf_pid": "GAVIC421748858",
    "tech_change_status": "Not Planned"
   }
  },
  {
   "type": "Feature",
   "geometry": {
    "type": "Point",
    "coordinates": [
     145.44081315,
     -37.9462752
    ]
   },
   "properties": {
    "name": "80 KILVINGTON DRIVE EMERALD 3782",
    "locID": "LOC000027625127",
    "tech": "FTTN",
    "upgrade": "NULL_NA",
    "gnaf_pid": "GAVIC421748859",
    "tech_change_status": "Not Planned"
   }
  },
  {
   "type": "Feature",
   "geometry": {
    "type": "Point",
    "coordinates": [
     145.48175745,
     -37.9648555
    ]
   },
   "properties": {
    "name": "89 MARKS LANE EMERALD 3782",
    "locID": "LOC000012992945",
    "tech": "NULL",
    "upgrade": "NULL_NA",
    "gnaf_pid": "GAVIC421748934",
    "tech_change_status": "Not Planned"
   }
  },
  {
   "type": "Feature",
   "geometry": {
    "type": "Point",
    "coordinates": [
     145.461581,
     -37.944883
    ]
   },
   "properties": {
    "name": "1 MOUNTAIN AVENUE EMERALD 3782",
    "locID": "LOC000053071762",
    "tech": "FTTN",
    "upgrade": "FTTP_SA",
    "gnaf_pid": "GAVIC421748972",
    "tech_change_status": "Eligible to Order",
    "program_type": "On-Demand N2P SDU/MDU Simple",
    "target_eligibility_quarter": "NA"
   }
  },
  {
   "type": "Feature",
   "geometry": {
    "type": "Point",
    "coordinates": [
     145.451745,
     -37.928766
    ]
   },
   "properties": {
    "name": "18 DURBAN ROAD EMERALD 3782",
    "locID": "LOC000090607878",
    "tech": "FTTN",
    "upgrade": "NULL_NA",
    "gnaf_pid": "GAVIC421749201",
    "tech_change_status": "Not Planned"
   }
  },
  {
   "type": "Feature",
   "geometry": {
    "type": "Point",
    "coordinates": [
     145.42744722,
     -37.92662235
    ]
   },
   "properties": {
    "name": "13 EDENMONT ROAD EMERALD 3782",
    "locID": "LOC000056591212",
    "tech": "FTTN",
    "upgrade": "NULL_NA",
    "gnaf_pid": "GAVIC421749203",
    "tech_change_status": "Not Planned"
   }
  },
  {
   "type": "Feature",
   "geometry": {
    "type": "Point",
    "coordinates": [
     145.42771306,
     -37.92572156
    ]
   },
   "properties": {
    "name": "19 EDENMONT ROAD EMERALD 3782",
    "locID": "LOC000002901814",
    "tech": "FTTN",
    "upgrade": "NULL_NA",
    "gnaf_pid": "GAVIC421749204",
    "tech_change_status": "Not Planned"
   }
  },
  {
   "type": "Feature",
   "geometry": {
    "type": "Point",
    "coordinates": [
     145.444925,
     -37.901433
    ]
   },
   "properties": {
    "name": "121 EMERALD-MONBULK ROAD EMERALD 3782",
    "locID": "LOC000038877845",
    "tech": "FTTN",
    "upgrade": "NULL_NA",
    "gnaf_pid": "GAVIC421752779",
    "tech_change_status": "Not Planned"
   }
  },
  {
   "type": "Feature",
   "geometry": {
    "type": "Point",
    "coordinates": [
     145.44554244,
     -37.90253277
    ]
   },
   "properties": {
    "name": "122 EMERALD-MONBULK ROAD EMERALD 3782",
    "locID": "LOC000103402515",
    "tech": "FTTN",
    "upgrade": "NULL_NA",
    "gnaf_pid": "GAVIC421752780",
    "tech_change_status": "Not Planned"
   }
  },
  {
   "type": "Feature",
   "geometry": {
    "type": "Point",
    "coordinates": [
     145.44442933,
     -37.90063612
    ]
   },
   "properties": {
    "name": "127 EMERALD-MONBULK ROAD EMERALD 3782",
    "locID": "LOC000080575967",
    "tech": "FTTN",
    "upgrade": "NULL_NA",
    "gnaf_pid": "GAVIC421752781",
    "tech_change_status": "Not Planned"
   }
  },
  {
   "type": "Feature",
   "geometry": {
    "type": "Point",
    "coordinates": [
     145.43435404,
     -37.92704214
    ]
   },
   "properties": {
    "name": "22 PINNOCKS ROAD EMERALD 3782",
    "locID": "LOC000009314505",
    "tech": "FTTN",
    "upgrade": "FTTP_NA",
    "gnaf_pid": "GAVIC421759992",
    "tech_change_status": "Committed",
    "program_type": "On-Demand N2P SDU/MDU Simple",
    "target_eligibility_quarter": "Dec 2025"
   }
  },
  {
   "type": "Feature",
   "geometry": {
    "type": "Point",
    "coordinates": [
     145.4330075,
     -37.92617515
    ]
   },
   "properties": {
    "name": "30 PINNOCKS ROAD EMERALD 3782",
    "locID": "LOC000047993111",
    "tech": "FTTN",
    "upgrade": "FTTP_NA",
    "gnaf_pid": "GAVIC421759993",
    "tech_change_status": "Committed",
    "program_type": "On-Demand N2P SDU/MDU Simple",
    "target_eligibility_quarter": "Dec 2025"
   }
  },
  {
   "type": "Feature",
   "geometry": {
    "type": "Point",
    "coordinates": [
     145.4556319,
     -37.92639543
    ]
   },
   "properties": {
    "name": "419 BELGRAVE-GEMBROOK ROAD EMERALD 3782",
    "locID": "LOC000098268809",
    "tech": "FTTN",
    "upgrade": "NULL_NA",
    "gnaf_pid": "GAVIC421760476",
    "tech_change_status": "Not Planned"
   }
  },
  {
   "type": "Feature",
   "geometry": {
    "type": "Point",
    "coordinates": [
     145.45789011,
     -37.92520569
    ]
   },
   "properties": {
    "name": "422 BELGRAVE-GEMBROOK ROAD EMERALD 3782",
    "locID": "LOC000054026013",
    "tech": "FTTN",
    "upgrade": "NULL_NA",
    "gnaf_pid": "GAVIC421760477",
    "tech_change_status": "Not Planned"
   }
  },
  {
   "type": "Feature",
   "geometry": {
    "type": "Point",
    "coordinates": [
     145.46252396,
     -37.92419071
    ]
   },
   "properties": {
    "name": "436 BELGRAVE-GEMBROOK ROAD EMERALD 3782",
    "locID": "LOC000034374612",
    "tech": "FTTN",
    "upgrade": "NULL_NA",
    "gnaf_pid": "GAVIC421760478",
    "tech_change_status": "Not Planned"
   }
  },
  {
   "type": "Feature",
   "geometry": {
    "type": "Point",
    "coordinates": [
     145.46565981,
     -37.92146742
    ]
   },
   "properties": {
    "name": "441 BELGRAVE-GEMBROOK ROAD EMERALD 3782",
    "locID": "LOC000049954360",
    "tech": "FTTP",
    "upgrade": "NULL_NA",
    "gnaf_pid": "GAVIC421760479",
    "tech_change_status": "Previous Tech Disconnected"
   }
  },
  {
   "type": "Feature",
   "geometry": {
    "type": "Point",
    "coordinates": [
     145.46590966,
     -37.9212683
    ]
   },
   "properties": {
    "name": "443 BELGRAVE-GEMBROOK ROAD EMERALD 3782",
    "locID": "LOC000102760590",
    "tech": "FTTN",
    "upgrade": "FTTP_NA",
    "gnaf_pid": "GAVIC421760480",
    "tech_change_status": "Committed",
    "program_type": "On-Demand N2P SDU/MDU Simple",
    "target_eligibility_quarter": "Jun 2025"
   }
  },
  {
   "type": "Feature",
   "geometry": {
    "type": "Point",
    "coordinates": [
     145.46525484,
     -37.93123019
    ]
   },
   "properties": {
    "name": "6 BELLBIRD CRESCENT EMERALD 3782",
    "locID": "LOC000039279266",
    "tech": "FTTN",
    "upgrade": "FTTP_NA",
    "gnaf_pid": "GAVIC421760488",
    "tech_change_status": "Committed",
    "program_type": "On-Demand N2P SDU/MDU Simple",
    "target_eligibility_quarter": "Dec 2025"
   }
  },
  {
   "type": "Feature",
   "geometry": {
    "type": "Point",
    "coordinates": [
     145.46385552,
     -37.92986729
    ]
   },
   "properties": {
    "name": "16 BELLBIRD CRESCENT EMERALD 3782",
    "locID": "LOC000083333015",
    "tech": "FTTN",
    "upgrade": "FTTP_NA",
    "gnaf_pid": "GAVIC421760489",
    "tech_change_status": "Committed",
    "program_type": "On-Demand N2P SDU/MDU Simple",
    "target_eligibility_quarter": "Jun 2025"
   }
  },
  {
   "type": "Feature",
   "geometry": {
    "type": "Point",
    "coordinates": [
     145.436356,
     -37.930672
    ]
   },
   "properties": {
    "name": "1 WALNUT AVENUE EMERALD 3782",
    "locID": "LOC000067570724",
    "tech": "FTTN",
    "upgrade": "FTTP_NA",
    "gnaf_pid": "GAVIC421763425",
    "tech_change_status": "Committed",
    "program_type": "On-Demand N2P SDU/MDU Simple",
    "target_eligibility_quarter": "Jun 2025"
   }
  },
  {
   "type": "Feature",
   "geometry": {
    "type": "Point",
    "coordinates": [
     145.436968,
     -37.930806
    ]
   },
   "properties": {
    "name": "2 WALNUT AVENUE EMERALD 3782",
    "locID": "LOC000071375426",
    "tech": "FTTN",
    "upgrade": "FTTP_NA",
    "gnaf_pid": "GAVIC421763426",
    "tech_change_status": "Committed",
    "program_type": "On-Demand N2P SDU/MDU Simple",
    "target_eligibility_quarter": "Jun 2025"
   }
  },
  {
   "type": "Feature",
   "geometry": {
    "type": "Point",
    "coordinates": [
     145.436686,
     -37.930135
    ]
   },
   "properties": {
    "name": "8 WALNUT AVENUE EMERALD 3782",
    "locID": "LOC000104817019",
    "tech": "FTTN",
    "upgrade": "FTTP_NA",
    "gnaf_pid": "GAVIC421763427",
    "tech_change_status": "Committed",
    "program_type": "On-Demand N2P SDU/MDU Simple",
    "target_eligibility_quarter": "Jun 2025"
   }
  },
  {
   "type": "Feature",
   "geometry": {
    "type": "Point",
    "coordinates": [
     145.46463759,
     -37.92130907
    ]
   },
   "properties": {
    "name": "7 ALFRED GROVE EMERALD 3782",
    "locID": "LOC000049017282",
    "tech": "FTTP",
    "upgrade": "NULL_NA",
    "gnaf_pid": "GAVIC421763567",
    "tech_change_status": "Previous Tech Disconnected"
   }
  },
  {
   "type": "Feature",
   "geometry": {
    "type": "Point",
    "coordinates": [
     145.46459874,
     -37.92046726
    ]
   },
   "properties": {
    "name": "15 ALFRED GROVE EMERALD 3782",
    "locID": "LOC000024372381",
    "tech": "FTTP",
    "upgrade": "NULL_NA",
    "gnaf_pid": "GAVIC421763568",
    "tech_change_status": "Previous Tech Disconnected"
   }
  },
  {
   "type": "Feature",
   "geometry": {
    "type": "Point",
    "coordinates": [
     145.46456063,
     -37.91905707
    ]
   },
   "properties": {
    "name": "27 ALFRED GROVE EMERALD 3782",
    "locID": "LOC000029408824",
    "tech": "FTTP",
    "upgrade": "NULL_NA",
    "gnaf_pid": "GAVIC421763569"
   }
  },
  {
   "type": "Feature",
   "geometry": {
    "type": "Point",
    "coordinates": [
     145.45066321,
     -37.93370068
    ]
   },
   "properties": {
    "name": "39 BEACONSFIELD-EMERALD ROAD EMERALD 3782",
    "locID": "LOC000026112429",
    "tech": "FTTN",
    "upgrade": "FTTP_NA",
    "gnaf_pid": "GAVIC421764142",
    "tech_change_status": "Committed",
    "program_type": "On-Demand N2P SDU/MDU Simple",
    "target_eligibility_quarter": "Jun 2025"
   }
  },
  {
   "type": "Feature",
   "geometry": {
    "type": "Point",
    "coordinates": [
     145.47769261,
     -37.96490208
    ]
   },
   "properties": {
    "name": "5 MADELINE COURT EMERALD 3782",
    "locID": "LOC000041277157",
    "tech": "WIRELESS",
    "upgrade": "NULL_NA",
    "gnaf_pid": "GAVIC421767148",
    "tech_change_status": "Not Planned",
    "program_type": "Fixed Wireless and Satellite Upgrade Program",
    "target_eligibility_quarter": "NA"
   }
  },
  {
   "type": "Feature",
   "geometry": {
    "type": "Point",
    "coordinates": [
     145.44229313,
     -37.93910798
    ]
   },
   "properties": {
    "name": "1 OLD BEACONSFIELD ROAD EMERALD 3782",
    "locID": "LOC000041751739",
    "tech": "FTTN",
    "upgrade": "NULL_NA",
    "gnaf_pid": "GAVIC421767208",
    "tech_change_status": "Not Planned"
   }
  },
  {
   "type": "Feature",
   "geometry": {
    "type": "Point",
    "coordinates": [
     145.44672664,
     -37.94350796
    ]
   },
   "properties": {
    "name": "36 OLD BEACONSFIELD ROAD EMERALD 3782",
    "locID": "LOC000101490228",
    "tech": "FTTN",
    "upgrade": "NULL_NA",
    "gnaf_pid": "GAVIC421767210",
    "tech_change_status": "Not Planned"
   }
  },
  {
   "type": "Feature",
   "geometry": {
    "type": "Point",
    "coordinates": [
     145.435364,
     -37.93238
    ]
   },
   "properties": {
    "name": "13 CHURCH STREET EMERALD 3782",
    "locID": "LOC000006184864",
    "tech": "FTTN",
    "upgrade": "FTTP_NA",
    "gnaf_pid": "GAVIC421770773",
    "tech_change_status": "Committed",
    "program_type": "On-Demand N2P SDU/MDU Simple",
    "target_eligibility_quarter": "Jun 2025"
   }
  },
  {
   "type": "Feature",
   "geometry": {
    "type": "Point",
    "coordinates": [
     145.470113,
     -37.924642
    ]
   },
   "properties": {
    "name": "2A WRIGHT ROAD EMERALD 3782",
    "locID": "LOC000048678452",
    "tech": "FTTN",
    "upgrade": "FTTP_NA",
    "gnaf_pid": "GAVIC421781366",
    "tech_change_status": "Committed",
    "program_type": "On-Demand N2P SDU/MDU Simple",
    "target_eligibility_quarter": "Jun 2025"
   }
  },
  {
   "type": "Feature",
   "geometry": {
    "type": "Point",
    "coordinates": [
     145.46503906,
     -37.93152511
    ]
   },
   "properties": {
    "name": "5 WOMBAT CRESCENT EMERALD 3782",
    "locID": "LOC000087814348",
    "tech": "FTTN",
    "upgrade": "FTTP_NA",
    "gnaf_pid": "GAVIC421784457",
    "tech_change_status": "Committed",
    "program_type": "On-Demand N2P SDU/MDU Simple",
    "target_eligibility_quarter": "Dec 2025"
   }
  },
  {
   "type": "Feature",
   "geometry": {
    "type": "Point",
    "coordinates": [
     145.45880252,
     -37.94330138
    ]
   },
   "properties": {
    "name": "52 BEACONSFIELD-EMERALD ROAD EMERALD 3782",
    "locID": "LOC000096239840",
    "tech": "FTTN",
    "upgrade": "FTTP_SA",
    "gnaf_pid": "GAVIC421804549",
    "tech_change_status": "Eligible to Order",
    "program_type": "On-Demand N2P SDU/MDU Simple",
    "target_eligibility_quarter": "NA"
   }
  },
  {
   "type": "Feature",
   "geometry": {
    "type": "Point",
    "coordinates": [
     145.46823392,
     -37.95123705
    ]
   },
   "properties": {
    "name": "13 LADD ROAD EMERALD 3782",
    "locID": "LOC000074033737",
    "tech": "FTTN",
    "upgrade": "FTTP",
    "gnaf_pid": "GAVIC421804550",
    "tech_change_status": "Eligible to Order",
    "program_type": "On-Demand N2P SDU/MDU Simple",
    "target_eligibility_quarter": "NA"
   }
  },
  {
   "type": "Feature",
   "geometry": {
    "type": "Point",
    "coordinates": [
     145.44873024,
     -37.94662576
    ]
   },
   "properties": {
    "name": "13 OLD BEACONSFIELD ROAD EMERALD 3782",
    "locID": "LOC000057358418",
    "tech": "NULL",
    "upgrade": "NULL_NA",
    "gnaf_pid": "GAVIC421804557",
    "tech_change_status": "Not Planned"
   }
  },
  {
   "type": "Feature",
   "geometry": {
    "type": "Point",
    "coordinates": [
     145.44266598,
     -37.92470216
    ]
   },
   "properties": {
    "name": "UNIT 9, 25 EMERALD-MONBULK ROAD EMERALD 3782",
    "locID": "LOC000080811054",
    "tech": "FTTN",
    "upgrade": "FTTP_NA",
    "gnaf_pid": "GAVIC421813224",
    "tech_change_status": "Committed",
    "program_type": "Customer-initiated N2P MDU Complex",
    "target_eligibility_quarter": "Jun 2025"
   }
  },
  {
   "type": "Feature",
   "geometry": {
    "type": "Point",
    "coordinates": [
     145.44266598,
     -37.92470216
    ]
   },
   "properties": {
    "name": "UNIT 10, 25 EMERALD-MONBULK ROAD EMERALD 3782",
    "locID": "LOC000080859569",
    "tech": "FTTN",
    "upgrade": "FTTP_NA",
    "gnaf_pid": "GAVIC421813225",
    "tech_change_status": "Committed",
    "program_type": "Customer-initiated N2P MDU Complex",
    "target_eligibility_quarter": "Jun 2025"
   }
  },
  {
   "type": "Feature",
   "geometry": {
    "type": "Point",
    "coordinates": [
     145.46420442,
     -37.9520328
    ]
   },
   "properties": {
    "name": "86 BEACONSFIELD-EMERALD ROAD EMERALD 3782",
    "locID": "LOC000063940748",
    "tech": "NULL",
    "upgrade": "NULL_NA",
    "gnaf_pid": "GAVIC421813906",
    "tech_change_status": "Not Planned"
   }
  },
  {
   "type": "Feature",
   "geometry": {
    "type": "Point",
    "coordinates": [
     145.44550188,
     -37.94090438
    ]
   },
   "properties": {
    "name": "26 OLD BEACONSFIELD ROAD EMERALD 3782",
    "locID": "LOC000107703681",
    "tech": "FTTN",
    "upgrade": "NULL_NA",
    "gnaf_pid": "GAVIC421815384",
    "tech_change_status": "Not Planned"
   }
  },
  {
   "type": "Feature",
   "geometry": {
    "type": "Point",
    "coordinates": [
     145.46774122,
     -37.95001757
    ]
   },
   "properties": {
    "name": "21 LADD ROAD EMERALD 3782",
    "locID": "LOC000038971570",
    "tech": "FTTN",
    "upgrade": "FTTP_NA",
    "gnaf_pid": "GAVIC421815385",
    "tech_change_status": "Committed",
    "program_type": "On-Demand N2P SDU/MDU Simple",
    "target_eligibility_quarter": "Dec 2025"
   }
  },
  {
   "type": "Feature",
   "geometry": {
    "type": "Point",
    "coordinates": [
     145.44175747,
     -37.94422246
    ]
   },
   "properties": {
    "name": "12 RAWHITI ROAD EMERALD 3782",
    "locID": "LOC000014738725",
    "tech": "FTTN",
    "upgrade": "NULL_NA",
    "gnaf_pid": "GAVIC421829249",
    "tech_change_status": "Not Planned"
   }
  },
  {
   "type": "Feature",
   "geometry": {
    "type": "Point",
    "coordinates": [
     145.43645365,
     -37.93368243
    ]
   },
   "properties": {
    "name": "UNIT 1, 11 WESTLANDS ROAD EMERALD 3782",
    "locID": "LOC000060412036",
    "tech": "FTTN",
    "upgrade": "FTTP_NA",
    "gnaf_pid": "GAVIC421830082",
    "tech_change_status": "Committed",
    "program_type": "Customer-initiated N2P MDU Complex",
    "target_eligibility_quarter": "Jun 2025"
   }
  },
  {
   "type": "Feature",
   "geometry": {
    "type": "Point",
    "coordinates": [
     145.43608337,
     -37.93363803
    ]
   },
   "properties": {
    "name": "UNIT 4, 11 WESTLANDS ROAD EMERALD 3782",
    "locID": "LOC000059673846",
    "tech": "FTTN",
    "upgrade": "FTTP_NA",
    "gnaf_pid": "GAVIC421830083",
    "tech_change_status": "Committed",
    "program_type": "Customer-initiated N2P MDU Complex",
    "target_eligibility_quarter": "Jun 2025"
   }
  },
  {
   "type": "Feature",
   "geometry": {
    "type": "Point",
    "coordinates": [
     145.44105952,
     -37.93314654
    ]
   },
   "properties": {
    "name": "SHOP 9, 5-7 KILVINGTON DRIVE EMERALD 3782",
    "locID": "LOC000019428323",
    "tech": "FTTN",
    "upgrade": "FTTP_NA",
    "gnaf_pid": "GAVIC421833418",
    "tech_change_status": "Committed",
    "program_type": "Customer-initiated N2P MDU Complex",
    "target_eligibility_quarter": "Jun 2025"
   }
  },
  {
   "type": "Feature",
   "geometry": {
    "type": "Point",
    "coordinates": [
     145.450929,
     -37.928621
    ]
   },
   "properties": {
    "name": "12 DURBAN ROAD EMERALD 3782",
    "locID": "LOC000041106086",
    "tech": "FTTN",
    "upgrade": "NULL_NA",
    "gnaf_pid": "GAVIC421835364",
    "tech_change_status": "Not Planned"
   }
  },
  {
   "type": "Feature",
   "geometry": {
    "type": "Point",
    "coordinates": [
     145.46266369,
     -37.94500155
    ]
   },
   "properties": {
    "name": "72 BEACONSFIELD-EMERALD ROAD EMERALD 3782",
    "locID": "LOC000010150399",
    "tech": "FTTN",
    "upgrade": "FTTP_NA",
    "gnaf_pid": "GAVIC421837695",
    "tech_change_status": "Committed",
    "program_type": "On-Demand N2P SDU/MDU Simple",
    "target_eligibility_quarter": "Dec 2025"
   }
  },
  {
   "type": "Feature",
   "geometry": {
    "type": "Point",
    "coordinates": [
     145.45035177,
     -37.91224158
    ]
   },
   "properties": {
    "name": "33 ELM CRESCENT EMERALD 3782",
    "locID": "LOC000106437370",
    "tech": "FTTN",
    "upgrade": "NULL_NA",
    "gnaf_pid": "GAVIC421839969",
    "tech_change_status": "Not Planned"
   }
  },
  {
   "type": "Feature",
   "geometry": {
    "type": "Point",
    "coordinates": [
     145.46603664,
     -37.91924927
    ]
   },
   "properties": {
    "name": "3 SPENCER AVENUE EMERALD 3782",
    "locID": "LOC000082601583",
    "tech": "FTTN",
    "upgrade": "FTTP_NA",
    "gnaf_pid": "GAVIC421839970",
    "tech_change_status": "Committed",
    "program_type": "On-Demand N2P SDU/MDU Simple",
    "target_eligibility_quarter": "Jun 2025"
   }
  },
  {
   "type": "Feature",
   "geometry": {
    "type": "Point",
    "coordinates": [
     145.440497,
     -37.932711
    ]
   },
   "properties": {
    "name": "SHOP 9, 344 BELGRAVE-GEMBROOK ROAD EMERALD 3782",
    "locID": "LOC000125522216",
    "tech": "FTTN",
    "upgrade": "FTTP_NA",
    "gnaf_pid": "GAVIC421840635",
    "tech_change_status": "Committed",
    "program_type": "Customer-initiated N2P MDU Complex",
    "target_eligibility_quarter": "Jun 2025"
   }
  },
  {
   "type": "Feature",
   "geometry": {
    "type": "Point",
    "coordinates": [
     145.45821781,
     -37.93808523
    ]
   },
   "properties": {
    "name": "26 WILLIAM STREET EMERALD 3782",
    "locID": "LOC000012546362",
    "tech": "FTTN",
    "upgrade": "FTTP_NA",
    "gnaf_pid": "GAVIC421844177",
    "tech_change_status": "In Design",
    "program_type": "On-Demand N2P SDU/MDU Simple",
    "target_eligibility_quarter": "Dec 2025"
   }
  },
  {
   "type": "Feature",
   "geometry": {
    "type": "Point",
    "coordinates": [
     145.44123389,
     -37.9331462
    ]
   },
   "properties": {
    "name": "SHOP 1, 5-7 KILVINGTON DRIVE EMERALD 3782",
    "locID": "LOC000019406470",
    "tech": "FTTN",
    "upgrade": "FTTP_NA",
    "gnaf_pid": "GAVIC421848804",
    "tech_change_status": "Committed",
    "program_type": "Customer-initiated N2P MDU Complex",
    "target_eligibility_quarter": "Jun 2025"
   }
  },
  {
   "type": "Feature",
   "geometry": {
    "type": "Point",
    "coordinates": [
     145.4446722,
     -37.9329184
    ]
   },
   "properties": {
    "name": "26-28 HEROES AVENUE EMERALD 3782",
    "locID": "LOC000094152289",
    "tech": "FTTN",
    "upgrade": "FTTP_NA",
    "gnaf_pid": "GAVIC421850545",
    "tech_change_status": "Committed",
    "program_type": "On-Demand N2P SDU/MDU Simple",
    "target_eligibility_quarter": "Jun 2025"
   }
  },
  {
   "type": "Feature",
   "geometry": {
    "type": "Point",
    "coordinates": [
     145.46826124,
     -37.95047086
    ]
   },
   "properties": {
    "name": "11 PATERNOSTER ROAD EMERALD 3782",
    "locID": "LOC000169873057",
    "tech": "FTTN",
    "upgrade": "FTTP_NA",
    "gnaf_pid": "GAVIC421851061",
    "tech_change_status": "Committed",
    "program_type": "On-Demand N2P SDU/MDU Simple",
    "target_eligibility_quarter": "Dec 2025"
   }
  },
  {
   "type": "Feature",
   "geometry": {
    "type": "Point",
    "coordinates": [
     145.4647306,
     -37.92869043
    ]
   },
   "properties": {
    "name": "28 BELLBIRD CRESCENT EMERALD 3782",
    "locID": "LOC000055388599",
    "tech": "FTTN",
    "upgrade": "FTTP_NA",
    "gnaf_pid": "GAVIC421857771",
    "tech_change_status": "Committed",
    "program_type": "On-Demand N2P SDU/MDU Simple",
    "target_eligibility_quarter": "Jun 2025"
   }
  },
  {
   "type": "Feature",
   "geometry": {
    "type": "Point",
    "coordinates": [
     145.46787134,
     -37.94303606
    ]
   },
   "properties": {
    "name": "25 ULMER ROAD EMERALD 3782",
    "locID": "LOC000088846473",
    "tech": "FTTN",
    "upgrade": "FTTP_SA",
    "gnaf_pid": "GAVIC421858819",
    "tech_change_status": "Eligible to Order",
    "program_type": "On-Demand N2P SDU/MDU Simple",
    "target_eligibility_quarter": "NA"
   }
  },
  {
   "type": "Feature",
   "geometry": {
    "type": "Point",
    "coordinates": [
     145.44968,
     -37.92926
    ]
   },
   "properties": {
    "name": "3 EMERALD LAKE ROAD EMERALD 3782",
    "locID": "LOC000173530817",
    "tech": "FTTN",
    "upgrade": "FTTP",
    "gnaf_pid": "GAVIC421864569",
    "tech_change_status": "Eligible to Order"
   }
  },
  {
   "type": "Feature",
   "geometry": {
    "type": "Point",
    "coordinates": [
     145.4235258,
     -37.92206719
    ]
   },
   "properties": {
    "name": "233-235 BELGRAVE-GEMBROOK ROAD EMERALD 3782",
    "locID": "LOC000039079084",
    "tech": "FTTN",
    "upgrade": "NULL_NA",
    "gnaf_pid": "GAVIC421866100",
    "tech_change_status": "Not Planned"
   }
  },
  {
   "type": "Feature",
   "geometry": {
    "type": "Point",
    "coordinates": [
     145.44440387,
     -37.93094842
    ]
   },
   "properties": {
    "name": "UNIT 8, 27-31 KINGS ROAD EMERALD 3782",
    "locID": "LOC000026812190",
    "tech": "FTTN",
    "upgrade": "FTTP_NA",
    "gnaf_pid": "GAVIC421866594",
    "tech_change_status": "Committed",
    "program_type": "Customer-initiated N2P MDU Complex",
    "target_eligibility_quarter": "Jun 2025"
   }
  },
  {
   "type": "Feature",
   "geometry": {
    "type": "Point",
    "coordinates": [
     145.432108,
     -37.926025
    ]
   },
   "properties": {
    "name": "5 PINNOCKS ROAD EMERALD 3782",
    "locID": "LOC000056128676",
    "tech": "FTTN",
    "upgrade": "FTTP_NA",
    "gnaf_pid": "GAVIC421869342",
    "tech_change_status": "Committed",
    "program_type": "On-Demand N2P SDU/MDU Simple",
    "target_eligibility_quarter": "Jun 2025"
   }
  },
  {
   "type": "Feature",
   "geometry": {
    "type": "Point",
    "coordinates": [
     145.43635341,
     -37.93438568
    ]
   },
   "properties": {
    "name": "UNIT 20, 11 WESTLANDS ROAD EMERALD 3782",
    "locID": "LOC000060363636",
    "tech": "FTTN",
    "upgrade": "FTTP_NA",
    "gnaf_pid": "GAVIC421873338",
    "tech_change_status": "Committed",
    "program_type": "Customer-initiated N2P MDU Complex",
    "target_eligibility_quarter": "Jun 2025"
   }
  },
  {
   "type": "Feature",
   "geometry": {
    "type": "Point",
    "coordinates": [
     145.43647163,
     -37.93438225
    ]
   },
   "properties": {
    "name": "UNIT 21, 11 WESTLANDS ROAD EMERALD 3782",
    "locID": "LOC000059997551",
    "tech": "FTTN",
    "upgrade": "FTTP_NA",
    "gnaf_pid": "GAVIC421873339",
    "tech_change_status": "Committed",
    "program_type": "Customer-initiated N2P MDU Complex",
    "target_eligibility_quarter": "Jun 2025"
   }
  },
  {
   "type": "Feature",
   "geometry": {
    "type": "Point",
    "coordinates": [
     145.43303198,
     -37.93131295
    ]
   },
   "properties": {
    "name": "326 BELGRAVE-GEMBROOK ROAD EMERALD 3782",
    "locID": "LOC000023031275",
    "tech": "FTTN",
    "upgrade": "FTTP_NA",
    "gnaf_pid": "GAVIC421876569",
    "tech_change_status": "Committed",
    "program_type": "On-Demand N2P SDU/MDU Simple",
    "target_eligibility_quarter": "Jun 2025"
   }
  },
  {
   "type": "Feature",
   "geometry": {
    "type": "Point",
    "coordinates": [
     145.46158199,
     -37.93239825
    ]
   },
   "properties": {
    "name": "21 AUHL ROAD EMERALD 3782",
    "locID": "LOC000062522164",
    "tech": "FTTN",
    "upgrade": "NULL_NA",
    "gnaf_pid": "GAVIC421894430",
    "tech_change_status": "Not Planned"
   }
  },
  {
   "type": "Feature",
   "geometry": {
    "type": "Point",
    "coordinates": [
     145.43149143,
     -37.93943442
    ]
   },
   "properties": {
    "name": "5 BIRCH AVENUE EMERALD 3782",
    "locID": "LOC000046764696",
    "tech": "FTTN",
    "upgrade": "FTTP_NA",
    "gnaf_pid": "GAVIC421910120",
    "tech_change_status": "Committed",
    "program_type": "On-Demand N2P SDU/MDU Simple",
    "target_eligibility_quarter": "Jun 2025"
   }
  },
  {
   "type": "Feature",
   "geometry": {
    "type": "Point",
    "coordinates": [
     145.45878965,
     -37.94451371
    ]
   },
   "properties": {
    "name": "3 OZONE AVENUE EMERALD 3782",
    "locID": "LOC000080874067",
    "tech": "FTTN",
    "upgrade": "FTTP_SA",
    "gnaf_pid": "GAVIC421921191",
    "tech_change_status": "Eligible to Order",
    "program_type": "On-Demand N2P SDU/MDU Simple",
    "target_eligibility_quarter": "NA"
   }
  },
  {
   "type": "Feature",
   "geometry": {
    "type": "Point",
    "coordinates": [
     145.45336662,
     -37.93816678
    ]
   },
   "properties": {
    "name": "42A BEACONSFIELD-EMERALD ROAD EMERALD 3782",
    "locID": "LOC000030149545",
    "tech": "FTTN",
    "upgrade": "FTTP_NA",
    "gnaf_pid": "GAVIC421924053",
    "tech_change_status": "In Design",
    "program_type": "On-Demand N2P SDU/MDU Simple",
    "target_eligibility_quarter": "Dec 2025"
   }
  },
  {
   "type": "Feature",
   "geometry": {
    "type": "Point",
    "coordinates": [
     145.43032543,
     -37.92123663
    ]
   },
   "properties": {
    "name": "10 TELOPEA ROAD EMERALD 3782",
    "locID": "LOC000026052365",
    "tech": "FTTN",
    "upgrade": "NULL_NA",
    "gnaf_pid": "GAVIC421932658",
    "tech_change_status": "Not Planned"
   }
  },
  {
   "type": "Feature",
   "geometry": {
    "type": "Point",
    "coordinates": [
     145.453092,
     -37.914625
    ]
   },
   "properties": {
    "name": "17 ELM CRESCENT EMERALD 3782",
    "locID": "LOC000086681242",
    "tech": "FTTN",
    "upgrade": "NULL_NA",
    "gnaf_pid": "GAVIC421933308",
    "tech_change_status": "Not Planned"
   }
  },
  {
   "type": "Feature",
   "geometry": {
    "type": "Point",
    "coordinates": [
     145.44865319,
     -37.93262329
    ]
   },
   "properties": {
    "name": "25 BEACONSFIELD-EMERALD ROAD EMERALD 3782",
    "locID": "LOC000100703388",
    "tech": "FTTN",
    "upgrade": "FTTP_NA",
    "gnaf_pid": "GAVIC421947796",
    "tech_change_status": "Committed",
    "program_type": "On-Demand N2P SDU/MDU Simple",
    "target_eligibility_quarter": "Jun 2025"
   }
  },
  {
   "type": "Feature",
   "geometry": {
    "type": "Point",
    "coordinates": [
     145.43511813,
     -37.93155881
    ]
   },
   "properties": {
    "name": "2 ANNE STREET EMERALD 3782",
    "locID": "LOC000182708287",
    "tech": "FTTN",
    "upgrade": "FTTP_NA",
    "gnaf_pid": "GAVIC421947867",
    "tech_change_status": "Committed",
    "program_type": "On-Demand N2P SDU/MDU Simple",
    "target_eligibility_quarter": "Jun 2025"
   }
  },
  {
   "type": "Feature",
   "geometry": {
    "type": "Point",
    "coordinates": [
     145.44829884,
     -37.93281594
    ]
   },
   "properties": {
    "name": "24 BEACONSFIELD-EMERALD ROAD EMERALD 3782",
    "locID": "LOC000169796889",
    "tech": "FTTN",
    "upgrade": "FTTP_NA",
    "gnaf_pid": "GAVIC421951385",
    "tech_change_status": "Committed",
    "program_type": "On-Demand N2P SDU/MDU Simple",
    "target_eligibility_quarter": "Jun 2025"
   }
  },
  {
   "type": "Feature",
   "geometry": {
    "type": "Point",
    "coordinates": [
     145.45057396,
     -37.93598843
    ]
   },
   "properties": {
    "name": "38 BEACONSFIELD-EMERALD ROAD EMERALD 3782",
    "locID": "LOC000085313037",
    "tech": "FTTN",
    "upgrade": "FTTP_NA",
    "gnaf_pid": "GAVIC421953063",
    "tech_change_status": "In Design",
    "program_type": "On-Demand N2P SDU/MDU Simple",
    "target_eligibility_quarter": "Dec 2025"
   }
  },
  {
   "type": "Feature",
   "geometry": {
    "type": "Point",
    "coordinates": [
     145.438765,
     -37.931884
    ]
   },
   "properties": {
    "name": "UNIT 1, 275 BELGRAVE-GEMBROOK ROAD EMERALD 3782",
    "locID": "LOC000045649696",
    "tech": "FTTN",
    "upgrade": "FTTP_NA",
    "gnaf_pid": "GAVIC421987924",
    "tech_change_status": "Committed",
    "program_type": "On-Demand N2P SDU/MDU Simple",
    "target_eligibility_quarter": "Jun 2025"
   }
  },
  {
   "type": "Feature",
   "geometry": {
    "type": "Point",
    "coordinates": [
     145.443275,
     -37.906899
    ]
   },
   "properties": {
    "name": "UNIT 2, 10 STEWART ROAD EMERALD 3782",
    "locID": "LOC000023883668",
    "tech": "FTTN",
    "upgrade": "NULL_NA",
    "gnaf_pid": "GAVIC421987926",
    "tech_change_status": "Not Planned"
   }
  },
  {
   "type": "Feature",
   "geometry": {
    "type": "Point",
    "coordinates": [
     145.44616541,
     -37.91204787
    ]
   },
   "properties": {
    "name": "4A SUNNYSIDE TERRACE EMERALD 3782",
    "locID": "LOC000026299071",
    "tech": "FTTN",
    "upgrade": "NULL_NA",
    "gnaf_pid": "GAVIC421987927",
    "tech_change_status": "Not Planned"
   }
  },
  {
   "type": "Feature",
   "geometry": {
    "type": "Point",
    "coordinates": [
     145.43281799,
     -37.92647344
    ]
   },
   "properties": {
    "name": "3A PINNOCKS ROAD EMERALD 3782",
    "locID": "LOC000108979905",
    "tech": "FTTN",
    "upgrade": "FTTP_NA",
    "gnaf_pid": "GAVIC421987928",
    "tech_change_status": "Committed",
    "program_type": "On-Demand N2P SDU/MDU Simple",
    "target_eligibility_quarter": "Dec 2025"
   }
  },
  {
   "type": "Feature",
   "geometry": {
    "type": "Point",
    "coordinates": [
     145.44291576,
     -37.92556825
    ]
   },
   "properties": {
    "name": "20A EMERALD-MONBULK ROAD EMERALD 3782",
    "locID": "LOC000002133772",
    "tech": "FTTN",
    "upgrade": "FTTP_NA",
    "gnaf_pid": "GAVIC421987929",
    "tech_change_status": "Committed",
    "program_type": "On-Demand N2P SDU/MDU Simple",
    "target_eligibility_quarter": "Jun 2025"
   }
  },
  {
   "type": "Feature",
   "geometry": {
    "type": "Point",
    "coordinates": [
     145.46682544,
     -37.93276201
    ]
   },
   "properties": {
    "name": "48 MAJESTIC DRIVE EMERALD 3782",
    "locID": "LOC000070384291",
    "tech": "FTTN",
    "upgrade": "NULL_NA",
    "gnaf_pid": "GAVIC421991363",
    "tech_change_status": "Not Planned"
   }
  },
  {
   "type": "Feature",
   "geometry": {
    "type": "Point",
    "coordinates": [
     145.44182264,
     -37.946175
    ]
   },
   "properties": {
    "name": "6 RAWHITI ROAD EMERALD 3782",
    "locID": "LOC000016843387",
    "tech": "FTTN",
    "upgrade": "NULL_NA",
    "gnaf_pid": "GAVIC421998699",
    "tech_change_status": "Not Planned"
   }
  },
  {
   "type": "Feature",
   "geometry": {
    "type": "Point",
    "coordinates": [
     145.44946294,
     -37.94519482
    ]
   },
   "properties": {
    "name": "1 JARMINA WAY EMERALD 3782",
    "locID": "LOC000070461850",
    "tech": "NULL",
    "upgrade": "NULL_NA",
    "gnaf_pid": "GAVIC422030764",
    "tech_change_status": "Not Planned"
   }
  },
  {
   "type": "Feature",
   "geometry": {
    "type": "Point",
    "coordinates": [
     145.44266598,
     -37.92470216
    ]
   },
   "properties": {
    "name": "25 EMERALD-MONBULK ROAD EMERALD 3782",
    "locID": "LOC000082556041",
    "tech": "FTTN",
    "upgrade": "FTTP_NA",
    "gnaf_pid": "GAVIC422032353",
    "tech_change_status": "Committed",
    "program_type": "Customer-initiated N2P MDU Complex",
    "target_eligibility_quarter": "Jun 2025"
   }
  },
  {
   "type": "Feature",
   "geometry": {
    "type": "Point",
    "coordinates": [
     145.45409033,
     -37.91415945
    ]
   },
   "properties": {
    "name": "22 POPLAR CRESCENT EMERALD 3782",
    "locID": "LOC000185860071",
    "tech": "FTTN",
    "upgrade": "NULL_NA",
    "gnaf_pid": "GAVIC422036348",
    "tech_change_status": "Not Planned"
   }
  },
  {
   "type": "Feature",
   "geometry": {
    "type": "Point",
    "coordinates": [
     145.44155641,
     -37.93175065
    ]
   },
   "properties": {
    "name": "323 BELGRAVE-GEMBROOK ROAD EMERALD 3782",
    "locID": "LOC000052854833",
    "tech": "FTTN",
    "upgrade": "FTTP_NA",
    "gnaf_pid": "GAVIC422079424",
    "tech_change_status": "Committed",
    "program_type": "On-Demand N2P SDU/MDU Simple",
    "target_eligibility_quarter": "Jun 2025"
   }
  },
  {
   "type": "Feature",
   "geometry": {
    "type": "Point",
    "coordinates": [
     145.45018053,
     -37.9371741
    ]
   },
   "properties": {
    "name": "6 CLOVERLEIGH AVENUE EMERALD 3782",
    "locID": "LOC000071590269",
    "tech": "FTTN",
    "upgrade": "FTTP_NA",
    "gnaf_pid": "GAVIC422137222",
    "tech_change_status": "In Design",
    "program_type": "On-Demand N2P SDU/MDU Simple",
    "target_eligibility_quarter": "Dec 2025"
   }
  },
  {
   "type": "Feature",
   "geometry": {
    "type": "Point",
    "coordinates": [
     145.44959664,
     -37.94526271
    ]
   },
   "properties": {
    "name": "2 JARMINA WAY EMERALD 3782",
    "locID": "LOC000066565118",
    "tech": "NULL",
    "upgrade": "NULL_NA",
    "gnaf_pid": "GAVIC422158962",
    "tech_change_status": "Not Planned"
   }
  },
  {
   "type": "Feature",
   "geometry": {
    "type": "Point",
    "coordinates": [
     145.4496476,
     -37.94536745
    ]
   },
   "properties": {
    "name": "3 JARMINA WAY EMERALD 3782",
    "locID": "LOC000080880209",
    "tech": "NULL",
    "upgrade": "NULL_NA",
    "gnaf_pid": "GAVIC422158963",
    "tech_change_status": "Not Planned"
   }
  },
  {
   "type": "Feature",
   "geometry": {
    "type": "Point",
    "coordinates": [
     145.44969392,
     -37.94546916
    ]
   },
   "properties": {
    "name": "4 JARMINA WAY EMERALD 3782",
    "locID": "LOC000044773369",
    "tech": "NULL",
    "upgrade": "NULL_NA",
    "gnaf_pid": "GAVIC422158964",
    "tech_change_status": "Not Planned"
   }
  },
  {
   "type": "Feature",
   "geometry": {
    "type": "Point",
    "coordinates": [
     145.44956649,
     -37.94561752
    ]
   },
   "properties": {
    "name": "5 JARMINA WAY EMERALD 3782",
    "locID": "LOC000104312396",
    "tech": "NULL",
    "upgrade": "NULL_NA",
    "gnaf_pid": "GAVIC422158965",
    "tech_change_status": "Not Planned"
   }
  },
  {
   "type": "Feature",
   "geometry": {
    "type": "Point",
    "coordinates": [
     145.4691088,
     -37.95280405
    ]
   },
   "properties": {
    "name": "5 LADD SQUARE EMERALD 3782",
    "locID": "LOC000066470218",
    "tech": "FTTP",
    "upgrade": "FTTP_NA",
    "gnaf_pid": "GAVIC422162542",
    "tech_change_status": "Previous Tech Disconnected",
    "program_type": "On-Demand N2P SDU/MDU Simple",
    "target_eligibility_quarter": "NA"
   }
  },
  {
   "type": "Feature",
   "geometry": {
    "type": "Point",
    "coordinates": [
     145.4365711,
     -37.92737372
    ]
   },
   "properties": {
    "name": "14 LAUREL LANE EMERALD 3782",
    "locID": "LOC000125526699",
    "tech": "FTTN",
    "upgrade": "FTTP_NA",
    "gnaf_pid": "GAVIC422163513",
    "tech_change_status": "Committed",
    "program_type": "On-Demand N2P SDU/MDU Simple",
    "target_eligibility_quarter": "Dec 2025"
   }
  },
  {
   "type": "Feature",
   "geometry": {
    "type": "Point",
    "coordinates": [
     145.42543067,
     -37.92590509
    ]
   },
   "properties": {
    "name": "9 NAYLORS ROAD EMERALD 3782",
    "locID": "LOC000001847452",
    "tech": "FTTN",
    "upgrade": "NULL_NA",
    "gnaf_pid": "GAVIC422175939",
    "tech_change_status": "Not Planned"
   }
  },
  {
   "type": "Feature",
   "geometry": {
    "type": "Point",
    "coordinates": [
     145.46352214,
     -37.93280337
    ]
   },
   "properties": {
    "name": "2 WOMBAT CRESCENT EMERALD 3782",
    "locID": "LOC000035332838",
    "tech": "FTTN",
    "upgrade": "NULL_NA",
    "gnaf_pid": "GAVIC422204781",
    "tech_change_status": "Not Planned"
   }
  },
  {
   "type": "Feature",
   "geometry": {
    "type": "Point",
    "coordinates": [
     145.43910019,
     -37.94495076
    ]
   },
   "properties": {
    "name": "4 DIXON ROAD EMERALD 3782",
    "locID": "LOC000125539287",
    "tech": "FTTN",
    "upgrade": "NULL_NA",
    "gnaf_pid": "GAVIC422287441",
    "tech_change_status": "Not Planned"
   }
  },
  {
   "type": "Feature",
   "geometry": {
    "type": "Point",
    "coordinates": [
     145.44266598,
     -37.92470216
    ]
   },
   "properties": {
    "name": "UNIT 12, 25 EMERALD-MONBULK ROAD EMERALD 3782",
    "locID": "LOC000080835349",
    "tech": "FTTN",
    "upgrade": "FTTP_NA",
    "gnaf_pid": "GAVIC422289779",
    "tech_change_status": "Committed",
    "program_type": "Customer-initiated N2P MDU Complex",
    "target_eligibility_quarter": "Jun 2025"
   }
  },
  {
   "type": "Feature",
   "geometry": {
    "type": "Point",
    "coordinates": [
     145.45047873,
     -37.92499855
    ]
   },
   "properties": {
    "name": "2 MARY STREET EMERALD 3782",
    "locID": "LOC000104460879",
    "tech": "FTTN",
    "upgrade": "NULL_NA",
    "gnaf_pid": "GAVIC422409522",
    "tech_change_status": "Not Planned"
   }
  },
  {
   "type": "Feature",
   "geometry": {
    "type": "Point",
    "coordinates": [
     145.44197713,
     -37.91370182
    ]
   },
   "properties": {
    "name": "10 MEADOWVIEW LANE EMERALD 3782",
    "locID": "LOC000080945910",
    "tech": "FTTN",
    "upgrade": "NULL_NA",
    "gnaf_pid": "GAVIC422410783",
    "tech_change_status": "Not Planned"
   }
  },
  {
   "type": "Feature",
   "geometry": {
    "type": "Point",
    "coordinates": [
     145.44837148,
     -37.92672557
    ]
   },
   "properties": {
    "name": "1 OLD GEMBROOK ROAD EMERALD 3782",
    "locID": "LOC000066141388",
    "tech": "FTTN",
    "upgrade": "FTTP_NA",
    "gnaf_pid": "GAVIC422416993",
    "tech_change_status": "Committed",
    "program_type": "On-Demand N2P SDU/MDU Simple",
    "target_eligibility_quarter": "Dec 2025"
   }
  },
  {
   "type": "Feature",
   "geometry": {
    "type": "Point",
    "coordinates": [
     145.46734576,
     -37.94065554
    ]
   },
   "properties": {
    "name": "1A FORD ROAD EMERALD 3782",
    "locID": "LOC000080267892",
    "tech": "FTTN",
    "upgrade": "FTTP_SA",
    "gnaf_pid": "GAVIC423070207",
    "tech_change_status": "Eligible to Order",
    "program_type": "On-Demand N2P SDU/MDU Simple",
    "target_eligibility_quarter": "NA"
   }
  },
  {
   "type": "Feature",
   "geometry": {
    "type": "Point",
    "coordinates": [
     145.44140804,
     -37.94226266
    ]
   },
   "properties": {
    "name": "57A KILVINGTON DRIVE EMERALD 3782",
    "locID": "LOC000125475370",
    "tech": "FTTN",
    "upgrade": "NULL_NA",
    "gnaf_pid": "GAVIC423077359",
    "tech_change_status": "Not Planned"
   }
  },
  {
   "type": "Feature",
   "geometry": {
    "type": "Point",
    "coordinates": [
     145.44212903,
     -37.91577053
    ]
   },
   "properties": {
    "name": "36 MEADOWVIEW LANE EMERALD 3782",
    "locID": "LOC000048940290",
    "tech": "FTTN",
    "upgrade": "NULL_NA",
    "gnaf_pid": "GAVIC423081702",
    "tech_change_status": "Not Planned"
   }
  },
  {
   "type": "Feature",
   "geometry": {
    "type": "Point",
    "coordinates": [
     145.43578719,
     -37.92908756
    ]
   },
   "properties": {
    "name": "8 PINNOCKS ROAD EMERALD 3782",
    "locID": "LOC000114878744",
    "tech": "FTTN",
    "upgrade": "FTTP_NA",
    "gnaf_pid": "GAVIC423087337",
    "tech_change_status": "Committed",
    "program_type": "On-Demand N2P SDU/MDU Simple",
    "target_eligibility_quarter": "Jun 2025"
   }
  },
  {
   "type": "Feature",
   "geometry": {
    "type": "Point",
    "coordinates": [
     145.438765,
     -37.931884
    ]
   },
   "properties": {
    "name": "UNIT 2, 275 BELGRAVE-GEMBROOK ROAD EMERALD 3782",
    "locID": "LOC000045649696",
    "tech": "FTTN",
    "upgrade": "FTTP_NA",
    "gnaf_pid": "GAVIC423101041",
    "tech_change_status": "Committed",
    "program_type": "On-Demand N2P SDU/MDU Simple",
    "target_eligibility_quarter": "Jun 2025"
   }
  },
  {
   "type": "Feature",
   "geometry": {
    "type": "Point",
    "coordinates": [
     145.42566595,
     -37.92606888
    ]
   },
   "properties": {
    "name": "7 NAYLORS ROAD EMERALD 3782",
    "locID": "LOC000012835636",
    "tech": "FTTN",
    "upgrade": "NULL_NA",
    "gnaf_pid": "GAVIC423106366",
    "tech_change_status": "Not Planned"
   }
  },
  {
   "type": "Feature",
   "geometry": {
    "type": "Point",
    "coordinates": [
     145.43593263,
     -37.93416579
    ]
   },
   "properties": {
    "name": "UNIT 16, 11 WESTLANDS ROAD EMERALD 3782",
    "locID": "LOC000060346908",
    "tech": "FTTN",
    "upgrade": "FTTP_NA",
    "gnaf_pid": "GAVIC423372740",
    "tech_change_status": "Committed",
    "program_type": "Customer-initiated N2P MDU Complex",
    "target_eligibility_quarter": "Jun 2025"
   }
  },
  {
   "type": "Feature",
   "geometry": {
    "type": "Point",
    "coordinates": [
     145.45014053,
     -37.93736623
    ]
   },
   "properties": {
    "name": "8 CLOVERLEIGH AVENUE EMERALD 3782",
    "locID": "LOC000058195737",
    "tech": "FTTN",
    "upgrade": "FTTP_NA",
    "gnaf_pid": "GAVIC423374777",
    "tech_change_status": "In Design",
    "program_type": "On-Demand N2P SDU/MDU Simple",
    "target_eligibility_quarter": "Dec 2025"
   }
  },
  {
   "type": "Feature",
   "geometry": {
    "type": "Point",
    "coordinates": [
     145.47059594,
     -37.93593459
    ]
   },
   "properties": {
    "name": "5 HEATHER AVENUE EMERALD 3782",
    "locID": "LOC000085082791",
    "tech": "FTTN",
    "upgrade": "NULL_NA",
    "gnaf_pid": "GAVIC423375463",
    "tech_change_status": "Not Planned"
   }
  },
  {
   "type": "Feature",
   "geometry": {
    "type": "Point",
    "coordinates": [
     145.44099032,
     -37.93345965
    ]
   },
   "properties": {
    "name": "11 KILVINGTON DRIVE EMERALD 3782",
    "locID": "LOC000015938545",
    "tech": "FTTN",
    "upgrade": "FTTP_NA",
    "gnaf_pid": "GAVIC423375677",
    "tech_change_status": "Committed",
    "program_type": "Customer-initiated N2P MDU Complex",
    "target_eligibility_quarter": "Jun 2025"
   }
  },
  {
   "type": "Feature",
   "geometry": {
    "type": "Point",
    "coordinates": [
     145.44096631,
     -37.9327522
    ]
   },
   "properties": {
    "name": "3 KILVINGTON DRIVE EMERALD 3782",
    "locID": "LOC000038801732",
    "tech": "FTTN",
    "upgrade": "FTTP_NA",
    "gnaf_pid": "GAVIC423375678",
    "tech_change_status": "Committed",
    "program_type": "On-Demand N2P SDU/MDU Simple",
    "target_eligibility_quarter": "Jun 2025"
   }
  },
  {
   "type": "Feature",
   "geometry": {
    "type": "Point",
    "coordinates": [
     145.46998363,
     -37.91620985
    ]
   },
   "properties": {
    "name": "1 ANDREW COURT EMERALD 3782",
    "locID": "LOC000056293297",
    "tech": "FTTN",
    "upgrade": "FTTP_NA",
    "gnaf_pid": "GAVIC423379600",
    "tech_change_status": "Committed",
    "program_type": "On-Demand N2P SDU/MDU Simple",
    "target_eligibility_quarter": "Jun 2025"
   }
  },
  {
   "type": "Feature",
   "geometry": {
    "type": "Point",
    "coordinates": [
     145.42775954,
     -37.92460224
    ]
   },
   "properties": {
    "name": "25B EDENMONT ROAD EMERALD 3782",
    "locID": "LOC000032681915",
    "tech": "FTTN",
    "upgrade": "NULL_NA",
    "gnaf_pid": "GAVIC423382021",
    "tech_change_status": "Not Planned"
   }
  },
  {
   "type": "Feature",
   "geometry": {
    "type": "Point",
    "coordinates": [
     145.46717525,
     -37.91981861
    ]
   },
   "properties": {
    "name": "3A FAIRWAY ROAD EMERALD 3782",
    "locID": "LOC000076347249",
    "tech": "FTTN",
    "upgrade": "FTTP_NA",
    "gnaf_pid": "GAVIC423382280",
    "tech_change_status": "Committed",
    "program_type": "On-Demand N2P SDU/MDU Simple",
    "target_eligibility_quarter": "Jun 2025"
   }
  },
  {
   "type": "Feature",
   "geometry": {
    "type": "Point",
    "coordinates": [
     145.44669759,
     -37.89452606
    ]
   },
   "properties": {
    "name": "37 BUTTERFIELD ROAD EMERALD 3782",
    "locID": "LOC000069741810",
    "tech": "FTTN",
    "upgrade": "NULL_NA",
    "gnaf_pid": "GAVIC423442973",
    "tech_change_status": "Not Planned"
   }
  },
  {
   "type": "Feature",
   "geometry": {
    "type": "Point",
    "coordinates": [
     145.4459108,
     -37.9137265
    ]
   },
   "properties": {
    "name": "12A GLENVISTA AVENUE EMERALD 3782",
    "locID": "LOC000061993371",
    "tech": "FTTN",
    "upgrade": "NULL_NA",
    "gnaf_pid": "GAVIC423506477",
    "tech_change_status": "Not Planned"
   }
  },
  {
   "type": "Feature",
   "geometry": {
    "type": "Point",
    "coordinates": [
     145.43329996,
     -37.94722853
    ]
   },
   "properties": {
    "name": "55 LAVENDER FARM ROAD EMERALD 3782",
    "locID": "LOC000026929043",
    "tech": "NULL",
    "upgrade": "NULL_NA",
    "gnaf_pid": "GAVIC423508118",
    "tech_change_status": "Not Planned"
   }
  },
  {
   "type": "Feature",
   "geometry": {
    "type": "Point",
    "coordinates": [
     145.43677821,
     -37.94726882
    ]
   },
   "properties": {
    "name": "91 LAVENDER FARM ROAD EMERALD 3782",
    "locID": "LOC000076773569",
    "tech": "NULL",
    "upgrade": "NULL_NA",
    "gnaf_pid": "GAVIC423508119",
    "tech_change_status": "Not Planned"
   }
  },
  {
   "type": "Feature",
   "geometry": {
    "type": "Point",
    "coordinates": [
     145.443275,
     -37.906899
    ]
   },
   "properties": {
    "name": "UNIT 1, 10 STEWART ROAD EMERALD 3782",
    "locID": "LOC000023879080",
    "tech": "FTTN",
    "upgrade": "NULL_NA",
    "gnaf_pid": "GAVIC423669725",
    "tech_change_status": "Not Planned"
   }
  },
  {
   "type": "Feature",
   "geometry": {
    "type": "Point",
    "coordinates": [
     145.44548256,
     -37.94707185
    ]
   },
   "properties": {
    "name": "10 WONG HEE ROAD EMERALD 3782",
    "locID": "LOC000045604565",
    "tech": "FTTN",
    "upgrade": "NULL_NA",
    "gnaf_pid": "GAVIC423760751",
    "tech_change_status": "Not Planned"
   }
  },
  {
   "type": "Feature",
   "geometry": {
    "type": "Point",
    "coordinates": [
     145.44490496,
     -37.94708163
    ]
   },
   "properties": {
    "name": "12 WONG HEE ROAD EMERALD 3782",
    "locID": "LOC000050683449",
    "tech": "FTTN",
    "upgrade": "NULL_NA",
    "gnaf_pid": "GAVIC423760752",
    "tech_change_status": "Not Planned"
   }
  },
  {
   "type": "Feature",
   "geometry": {
    "type": "Point",
    "coordinates": [
     145.44432876,
     -37.947065
    ]
   },
   "properties": {
    "name": "14 WONG HEE ROAD EMERALD 3782",
    "locID": "LOC000016914276",
    "tech": "FTTN",
    "upgrade": "NULL_NA",
    "gnaf_pid": "GAVIC423760753",
    "tech_change_status": "Not Planned"
   }
  },
  {
   "type": "Feature",
   "geometry": {
    "type": "Point",
    "coordinates": [
     145.44376961,
     -37.94710984
    ]
   },
   "properties": {
    "name": "16 WONG HEE ROAD EMERALD 3782",
    "locID": "LOC000011935129",
    "tech": "FTTN",
    "upgrade": "NULL_NA",
    "gnaf_pid": "GAVIC423760754",
    "tech_change_status": "Not Planned"
   }
  },
  {
   "type": "Feature",
   "geometry": {
    "type": "Point",
    "coordinates": [
     145.44318844,
     -37.94711219
    ]
   },
   "properties": {
    "name": "18 WONG HEE ROAD EMERALD 3782",
    "locID": "LOC000068302613",
    "tech": "FTTN",
    "upgrade": "NULL_NA",
    "gnaf_pid": "GAVIC423760755",
    "tech_change_status": "Not Planned"
   }
  },
  {
   "type": "Feature",
   "geometry": {
    "type": "Point",
    "coordinates": [
     145.44247004,
     -37.94711996
    ]
   },
   "properties": {
    "name": "20 WONG HEE ROAD EMERALD 3782",
    "locID": "LOC000083401434",
    "tech": "FTTN",
    "upgrade": "NULL_NA",
    "gnaf_pid": "GAVIC423760756",
    "tech_change_status": "Not Planned"
   }
  },
  {
   "type": "Feature",
   "geometry": {
    "type": "Point",
    "coordinates": [
     145.43992839,
     -37.94719873
    ]
   },
   "properties": {
    "name": "24 WONG HEE ROAD EMERALD 3782",
    "locID": "LOC000108127280",
    "tech": "FTTN",
    "upgrade": "NULL_NA",
    "gnaf_pid": "GAVIC423760757",
    "tech_change_status": "Not Planned"
   }
  },
  {
   "type": "Feature",
   "geometry": {
    "type": "Point",
    "coordinates": [
     145.43925954,
     -37.94720773
    ]
   },
   "properties": {
    "name": "26 WONG HEE ROAD EMERALD 3782",
    "locID": "LOC000067024401",
    "tech": "FTTN",
    "upgrade": "NULL_NA",
    "gnaf_pid": "GAVIC423760758",
    "tech_change_status": "Not Planned"
   }
  },
  {
   "type": "Feature",
   "geometry": {
    "type": "Point",
    "coordinates": [
     145.43802552,
     -37.94724725
    ]
   },
   "properties": {
    "name": "28 WONG HEE ROAD EMERALD 3782",
    "locID": "LOC000075904540",
    "tech": "FTTN",
    "upgrade": "NULL_NA",
    "gnaf_pid": "GAVIC423760759",
    "tech_change_status": "Not Planned"
   }
  },
  {
   "type": "Feature",
   "geometry": {
    "type": "Point",
    "coordinates": [
     145.44844691,
     -37.94688253
    ]
   },
   "properties": {
    "name": "2 WONG HEE ROAD EMERALD 3782",
    "locID": "LOC000057536854",
    "tech": "FTTN",
    "upgrade": "NULL_NA",
    "gnaf_pid": "GAVIC423760760",
    "tech_change_status": "Not Planned"
   }
  },
  {
   "type": "Feature",
   "geometry": {
    "type": "Point",
    "coordinates": [
     145.44721006,
     -37.94700094
    ]
   },
   "properties": {
    "name": "4 WONG HEE ROAD EMERALD 3782",
    "locID": "LOC000071494289",
    "tech": "FTTN",
    "upgrade": "NULL_NA",
    "gnaf_pid": "GAVIC423760761",
    "tech_change_status": "Not Planned"
   }
  },
  {
   "type": "Feature",
   "geometry": {
    "type": "Point",
    "coordinates": [
     145.44663769,
     -37.94701811
    ]
   },
   "properties": {
    "name": "6 WONG HEE ROAD EMERALD 3782",
    "locID": "LOC000103868048",
    "tech": "FTTN",
    "upgrade": "NULL_NA",
    "gnaf_pid": "GAVIC423760762",
    "tech_change_status": "Not Planned"
   }
  },
  {
   "type": "Feature",
   "geometry": {
    "type": "Point",
    "coordinates": [
     145.44605208,
     -37.94705352
    ]
   },
   "properties": {
    "name": "8 WONG HEE ROAD EMERALD 3782",
    "locID": "LOC000008307419",
    "tech": "FTTN",
    "upgrade": "NULL_NA",
    "gnaf_pid": "GAVIC423760763",
    "tech_change_status": "Not Planned"
   }
  },
  {
   "type": "Feature",
   "geometry": {
    "type": "Point",
    "coordinates": [
     145.44654207,
     -37.9151927
    ]
   },
   "properties": {
    "name": "77B EMERALD-MONBULK ROAD EMERALD 3782",
    "locID": "LOC000004284306",
    "tech": "FTTN",
    "upgrade": "NULL_NA",
    "gnaf_pid": "GAVIC423762501",
    "tech_change_status": "Not Planned"
   }
  },
  {
   "type": "Feature",
   "geometry": {
    "type": "Point",
    "coordinates": [
     145.44112728,
     -37.93096945
    ]
   },
   "properties": {
    "name": "2-4 PALM COURT EMERALD 3782",
    "locID": "LOC000013475607",
    "tech": "FTTN",
    "upgrade": "FTTP_NA",
    "gnaf_pid": "GAVIC423806386",
    "tech_change_status": "Committed",
    "program_type": "On-Demand N2P SDU/MDU Simple",
    "target_eligibility_quarter": "Jun 2025"
   }
  },
  {
   "type": "Feature",
   "geometry": {
    "type": "Point",
    "coordinates": [
     145.4419325,
     -37.9275693
    ]
   },
   "properties": {
    "name": "1-3 ERNEST COURT EMERALD 3782",
    "locID": "LOC000036551788",
    "tech": "FTTN",
    "upgrade": "FTTP_NA",
    "gnaf_pid": "GAVIC423852663",
    "tech_change_status": "Committed",
    "program_type": "On-Demand N2P SDU/MDU Simple",
    "target_eligibility_quarter": "Jun 2025"
   }
  },
  {
   "type": "Feature",
   "geometry": {
    "type": "Point",
    "coordinates": [
     145.44190191,
     -37.92770246
    ]
   },
   "properties": {
    "name": "5-7 ERNEST COURT EMERALD 3782",
    "locID": "LOC000023830162",
    "tech": "FTTN",
    "upgrade": "FTTP_NA",
    "gnaf_pid": "GAVIC423902334",
    "tech_change_status": "Committed",
    "program_type": "On-Demand N2P SDU/MDU Simple",
    "target_eligibility_quarter": "Jun 2025"
   }
  },
  {
   "type": "Feature",
   "geometry": {
    "type": "Point",
    "coordinates": [
     145.44483692,
     -37.92888312
    ]
   },
   "properties": {
    "name": "SHOP 1, 363 BELGRAVE-GEMBROOK ROAD EMERALD 3782",
    "locID": "LOC000094494537",
    "tech": "FTTN",
    "upgrade": "FTTP_NA",
    "gnaf_pid": "GAVIC423934790",
    "tech_change_status": "Committed",
    "program_type": "On-Demand N2P SDU/MDU Simple",
    "target_eligibility_quarter": "Jun 2025"
   }
  },
  {
   "type": "Feature",
   "geometry": {
    "type": "Point",
    "coordinates": [
     145.44483692,
     -37.92888312
    ]
   },
   "properties": {
    "name": "SHOP 2, 363 BELGRAVE-GEMBROOK ROAD EMERALD 3782",
    "locID": "LOC000094330840",
    "tech": "FTTN",
    "upgrade": "FTTP_NA",
    "gnaf_pid": "GAVIC423934791",
    "tech_change_status": "Committed",
    "program_type": "On-Demand N2P SDU/MDU Simple",
    "target_eligibility_quarter": "Jun 2025"
   }
  },
  {
   "type": "Feature",
   "geometry": {
    "type": "Point",
    "coordinates": [
     145.438481,
     -37.93189
    ]
   },
   "properties": {
    "name": "267 BELGRAVE-GEMBROOK ROAD EMERALD 3782",
    "locID": "LOC000114332096",
    "tech": "FTTN",
    "upgrade": "FTTP_NA",
    "gnaf_pid": "GAVIC423934792",
    "tech_change_status": "Committed",
    "program_type": "On-Demand N2P SDU/MDU Simple",
    "target_eligibility_quarter": "Jun 2025"
   }
  },
  {
   "type": "Feature",
   "geometry": {
    "type": "Point",
    "coordinates": [
     145.44932371,
     -37.93632219
    ]
   },
   "properties": {
    "name": "14 HAMILTON ROAD EMERALD 3782",
    "locID": "LOC000070167068",
    "tech": "FTTN",
    "upgrade": "FTTP_NA",
    "gnaf_pid": "GAVIC423938145",
    "tech_change_status": "In Design",
    "program_type": "On-Demand N2P SDU/MDU Simple",
    "target_eligibility_quarter": "Dec 2025"
   }
  },
  {
   "type": "Feature",
   "geometry": {
    "type": "Point",
    "coordinates": [
     145.46994307,
     -37.91567988
    ]
   },
   "properties": {
    "name": "53 MACCLESFIELD ROAD EMERALD 3782",
    "locID": "LOC000034648342",
    "tech": "FTTN",
    "upgrade": "FTTP_NA",
    "gnaf_pid": "GAVIC423939796",
    "tech_change_status": "Committed",
    "program_type": "On-Demand N2P SDU/MDU Simple",
    "target_eligibility_quarter": "Jun 2025"
   }
  },
  {
   "type": "Feature",
   "geometry": {
    "type": "Point",
    "coordinates": [
     145.44094185,
     -37.92797574
    ]
   },
   "properties": {
    "name": "32 FERRES ROAD EMERALD 3782",
    "locID": "LOC000114937855",
    "tech": "FTTN",
    "upgrade": "FTTP_NA",
    "gnaf_pid": "GAVIC423981204",
    "tech_change_status": "Committed",
    "program_type": "On-Demand N2P SDU/MDU Simple",
    "target_eligibility_quarter": "Jun 2025"
   }
  },
  {
   "type": "Feature",
   "geometry": {
    "type": "Point",
    "coordinates": [
     145.44777841,
     -37.93260578
    ]
   },
   "properties": {
    "name": "22 BEACONSFIELD-EMERALD ROAD EMERALD 3782",
    "locID": "LOC000065577810",
    "tech": "FTTN",
    "upgrade": "FTTP_NA",
    "gnaf_pid": "GAVIC423985863",
    "tech_change_status": "Committed",
    "program_type": "On-Demand N2P SDU/MDU Simple",
    "target_eligibility_quarter": "Jun 2025"
   }
  },
  {
   "type": "Feature",
   "geometry": {
    "type": "Point",
    "coordinates": [
     145.45569061,
     -37.93774438
    ]
   },
   "properties": {
    "name": "23 AMBROSE STREET EMERALD 3782",
    "locID": "LOC000094230900",
    "tech": "FTTN",
    "upgrade": "FTTP_NA",
    "gnaf_pid": "GAVIC424038524",
    "tech_change_status": "In Design",
    "program_type": "On-Demand N2P SDU/MDU Simple",
    "target_eligibility_quarter": "Dec 2025"
   }
  },
  {
   "type": "Feature",
   "geometry": {
    "type": "Point",
    "coordinates": [
     145.44746941,
     -37.92057259
    ]
   },
   "properties": {
    "name": "UNIT 1, 53 EMERALD-MONBULK ROAD EMERALD 3782",
    "locID": "LOC000169817109",
    "tech": "FTTN",
    "upgrade": "NULL_NA",
    "gnaf_pid": "GAVIC424039569",
    "tech_change_status": "Not Planned"
   }
  },
  {
   "type": "Feature",
   "geometry": {
    "type": "Point",
    "coordinates": [
     145.44239749,
     -37.91565102
    ]
   },
   "properties": {
    "name": "33 MEADOWVIEW LANE EMERALD 3782",
    "locID": "LOC000001898383",
    "tech": "FTTN",
    "upgrade": "NULL_NA",
    "gnaf_pid": "GAVIC424040877",
    "tech_change_status": "Not Planned"
   }
  },
  {
   "type": "Feature",
   "geometry": {
    "type": "Point",
    "coordinates": [
     145.44161788,
     -37.92046108
    ]
   },
   "properties": {
    "name": "3 SYDNEY AVENUE EMERALD 3782",
    "locID": "LOC000039992165",
    "tech": "FTTN",
    "upgrade": "NULL_NA",
    "gnaf_pid": "GAVIC424072235",
    "tech_change_status": "Not Planned"
   }
  },
  {
   "type": "Feature",
   "geometry": {
    "type": "Point",
    "coordinates": [
     145.4412234,
     -37.93283482
    ]
   },
   "properties": {
    "name": "SHOP 5, 5-7 KILVINGTON DRIVE EMERALD 3782",
    "locID": "LOC000019574540",
    "tech": "FTTN",
    "upgrade": "FTTP_NA",
    "gnaf_pid": "GAVIC424074487",
    "tech_change_status": "Committed",
    "program_type": "Customer-initiated N2P MDU Complex",
    "target_eligibility_quarter": "Jun 2025"
   }
  },
  {
   "type": "Feature",
   "geometry": {
    "type": "Point",
    "coordinates": [
     145.44796644,
     -37.94636325
    ]
   },
   "properties": {
    "name": "46 OLD BEACONSFIELD ROAD EMERALD 3782",
    "locID": "LOC000114856922",
    "tech": "FTTN",
    "upgrade": "NULL_NA",
    "gnaf_pid": "GAVIC424086241",
    "tech_change_status": "Not Planned"
   }
  },
  {
   "type": "Feature",
   "geometry": {
    "type": "Point",
    "coordinates": [
     145.43319811,
     -37.92629343
    ]
   },
   "properties": {
    "name": "30A PINNOCKS ROAD EMERALD 3782",
    "locID": "LOC000125539050",
    "tech": "FTTN",
    "upgrade": "FTTP_NA",
    "gnaf_pid": "GAVIC424086723",
    "tech_change_status": "Committed",
    "program_type": "On-Demand N2P SDU/MDU Simple",
    "target_eligibility_quarter": "Dec 2025"
   }
  },
  {
   "type": "Feature",
   "geometry": {
    "type": "Point",
    "coordinates": [
     145.44257802,
     -37.94530778
    ]
   },
   "properties": {
    "name": "16 TORLEY ROAD EMERALD 3782",
    "locID": "LOC000095200011",
    "tech": "FTTN",
    "upgrade": "NULL_NA",
    "gnaf_pid": "GAVIC424089762",
    "tech_change_status": "Not Planned"
   }
  },
  {
   "type": "Feature",
   "geometry": {
    "type": "Point",
    "coordinates": [
     145.45054039,
     -37.93728255
    ]
   },
   "properties": {
    "name": "1 CLOVERLEIGH AVENUE EMERALD 3782",
    "locID": "LOC000088721195",
    "tech": "FTTN",
    "upgrade": "FTTP_NA",
    "gnaf_pid": "GAVIC424091325",
    "tech_change_status": "In Design",
    "program_type": "On-Demand N2P SDU/MDU Simple",
    "target_eligibility_quarter": "Dec 2025"
   }
  },
  {
   "type": "Feature",
   "geometry": {
    "type": "Point",
    "coordinates": [
     145.43015884,
     -37.92123713
    ]
   },
   "properties": {
    "name": "23 TELOPEA ROAD EMERALD 3782",
    "locID": "LOC000125534690",
    "tech": "FTTN",
    "upgrade": "NULL_NA",
    "gnaf_pid": "GAVIC424247426",
    "tech_change_status": "Not Planned"
   }
  },
  {
   "type": "Feature",
   "geometry": {
    "type": "Point",
    "coordinates": [
     145.44160775,
     -37.92733534
    ]
   },
   "properties": {
    "name": "2-4 ERNEST COURT EMERALD 3782",
    "locID": "LOC000028528648",
    "tech": "FTTN",
    "upgrade": "FTTP_NA",
    "gnaf_pid": "GAVIC424272976",
    "tech_change_status": "Committed",
    "program_type": "On-Demand N2P SDU/MDU Simple",
    "target_eligibility_quarter": "Jun 2025"
   }
  },
  {
   "type": "Feature",
   "geometry": {
    "type": "Point",
    "coordinates": [
     145.44487174,
     -37.9308704
    ]
   },
   "properties": {
    "name": "27-31 KINGS ROAD EMERALD 3782",
    "locID": "LOC000026892968",
    "tech": "FTTN",
    "upgrade": "FTTP_NA",
    "gnaf_pid": "GAVIC424359409",
    "tech_change_status": "Committed",
    "program_type": "Customer-initiated N2P MDU Complex",
    "target_eligibility_quarter": "Jun 2025"
   }
  },
  {
   "type": "Feature",
   "geometry": {
    "type": "Point",
    "coordinates": [
     145.43511813,
     -37.93155881
    ]
   },
   "properties": {
    "name": "LOT 2 ANNE STREET EMERALD 3782",
    "locID": "LOC000182708287",
    "tech": "FTTN",
    "upgrade": "FTTP_NA",
    "gnaf_pid": "GAVIC424417018",
    "tech_change_status": "Committed",
    "program_type": "On-Demand N2P SDU/MDU Simple",
    "target_eligibility_quarter": "Jun 2025"
   }
  },
  {
   "type": "Feature",
   "geometry": {
    "type": "Point",
    "coordinates": [
     145.44094517,
     -37.93292446
    ]
   },
   "properties": {
    "name": "5-7 KILVINGTON DRIVE EMERALD 3782",
    "locID": "LOC000019574540",
    "tech": "FTTN",
    "upgrade": "FTTP_NA",
    "gnaf_pid": "GAVIC424420572",
    "tech_change_status": "Committed",
    "program_type": "Customer-initiated N2P MDU Complex",
    "target_eligibility_quarter": "Jun 2025"
   }
  },
  {
   "type": "Feature",
   "geometry": {
    "type": "Point",
    "coordinates": [
     145.46460332,
     -37.92025002
    ]
   },
   "properties": {
    "name": "UNIT 1, 17 ALFRED GROVE EMERALD 3782",
    "locID": "LOC000105840385",
    "tech": "FTTP",
    "upgrade": "NULL_NA",
    "gnaf_pid": "GAVIC424456758"
   }
  },
  {
   "type": "Feature",
   "geometry": {
    "type": "Point",
    "coordinates": [
     145.44094517,
     -37.93292446
    ]
   },
   "properties": {
    "name": "SHOP 13, 5-7 KILVINGTON DRIVE EMERALD 3782",
    "locID": "LOC000019478036",
    "tech": "FTTN",
    "upgrade": "FTTP_NA",
    "gnaf_pid": "GAVIC424469983",
    "tech_change_status": "Committed",
    "program_type": "Customer-initiated N2P MDU Complex",
    "target_eligibility_quarter": "Jun 2025"
   }
  },
  {
   "type": "Feature",
   "geometry": {
    "type": "Point",
    "coordinates": [
     145.43733094,
     -37.93516211
    ]
   },
   "properties": {
    "name": "1 PEPPERMINT COURT EMERALD 3782",
    "locID": "LOC000079831609",
    "tech": "FTTN",
    "upgrade": "FTTP_NA",
    "gnaf_pid": "GAVIC424474320",
    "tech_change_status": "Committed",
    "program_type": "On-Demand N2P SDU/MDU Simple",
    "target_eligibility_quarter": "Dec 2025"
   }
  },
  {
   "type": "Feature",
   "geometry": {
    "type": "Point",
    "coordinates": [
     145.43694394,
     -37.9351713
    ]
   },
   "properties": {
    "name": "3 PEPPERMINT COURT EMERALD 3782",
    "locID": "LOC000063711916",
    "tech": "FTTN",
    "upgrade": "FTTP_NA",
    "gnaf_pid": "GAVIC424474321",
    "tech_change_status": "Committed",
    "program_type": "On-Demand N2P SDU/MDU Simple",
    "target_eligibility_quarter": "Dec 2025"
   }
  },
  {
   "type": "Feature",
   "geometry": {
    "type": "Point",
    "coordinates": [
     145.46978798,
     -37.91445033
    ]
   },
   "properties": {
    "name": "57 MACCLESFIELD ROAD EMERALD 3782",
    "locID": "LOC000045908739",
    "tech": "FTTN",
    "upgrade": "FTTP_NA",
    "gnaf_pid": "GAVIC424497908",
    "tech_change_status": "Committed",
    "program_type": "On-Demand N2P SDU/MDU Simple",
    "target_eligibility_quarter": "Jun 2025"
   }
  },
  {
   "type": "Feature",
   "geometry": {
    "type": "Point",
    "coordinates": [
     145.43791085,
     -37.93626247
    ]
   },
   "properties": {
    "name": "26 BOUNDARY ROAD EAST EMERALD 3782",
    "locID": "LOC000125534776",
    "tech": "FTTN",
    "upgrade": "NULL_NA",
    "gnaf_pid": "GAVIC424548954",
    "tech_change_status": "Not Planned"
   }
  },
  {
   "type": "Feature",
   "geometry": {
    "type": "Point",
    "coordinates": [
     145.42795168,
     -37.92424775
    ]
   },
   "properties": {
    "name": "12A EDENMONT ROAD EMERALD 3782",
    "locID": "LOC000044767948",
    "tech": "FTTN",
    "upgrade": "NULL_NA",
    "gnaf_pid": "GAVIC424549269",
    "tech_change_status": "Not Planned"
   }
  },
  {
   "type": "Feature",
   "geometry": {
    "type": "Point",
    "coordinates": [
     145.44508183,
     -37.91803229
    ]
   },
   "properties": {
    "name": "12C CHARMAN AVENUE EMERALD 3782",
    "locID": "LOC000036149821",
    "tech": "FTTN",
    "upgrade": "NULL_NA",
    "gnaf_pid": "GAVIC424551949",
    "tech_change_status": "Not Planned"
   }
  },
  {
   "type": "Feature",
   "geometry": {
    "type": "Point",
    "coordinates": [
     145.4478255,
     -37.91696631
    ]
   },
   "properties": {
    "name": "5 COLIN AVENUE EMERALD 3782",
    "locID": "LOC000024728212",
    "tech": "FTTN",
    "upgrade": "NULL_NA",
    "gnaf_pid": "GAVIC424552116",
    "tech_change_status": "Not Planned"
   }
  },
  {
   "type": "Feature",
   "geometry": {
    "type": "Point",
    "coordinates": [
     145.45676024,
     -37.91845034
    ]
   },
   "properties": {
    "name": "64 LAKESIDE DRIVE EMERALD 3782",
    "locID": "LOC000062290708",
    "tech": "FTTN",
    "upgrade": "NULL_NA",
    "gnaf_pid": "GAVIC424554379",
    "tech_change_status": "Not Planned"
   }
  },
  {
   "type": "Feature",
   "geometry": {
    "type": "Point",
    "coordinates": [
     145.4413969,
     -37.92660674
    ]
   },
   "properties": {
    "name": "10 CORNISH ROAD EMERALD 3782",
    "locID": "LOC000125526469",
    "tech": "FTTN",
    "upgrade": "FTTP_NA",
    "gnaf_pid": "GAVIC424579522",
    "tech_change_status": "Committed",
    "program_type": "On-Demand N2P SDU/MDU Simple",
    "target_eligibility_quarter": "Jun 2025"
   }
  },
  {
   "type": "Feature",
   "geometry": {
    "type": "Point",
    "coordinates": [
     145.4411921,
     -37.92661155
    ]
   },
   "properties": {
    "name": "12 CORNISH ROAD EMERALD 3782",
    "locID": "LOC000113000985",
    "tech": "FTTN",
    "upgrade": "FTTP_NA",
    "gnaf_pid": "GAVIC424579523",
    "tech_change_status": "Committed",
    "program_type": "On-Demand N2P SDU/MDU Simple",
    "target_eligibility_quarter": "Jun 2025"
   }
  },
  {
   "type": "Feature",
   "geometry": {
    "type": "Point",
    "coordinates": [
     145.44096143,
     -37.926617
    ]
   },
   "properties": {
    "name": "14 CORNISH ROAD EMERALD 3782",
    "locID": "LOC000115817140",
    "tech": "FTTN",
    "upgrade": "FTTP_NA",
    "gnaf_pid": "GAVIC424579524",
    "tech_change_status": "Committed",
    "program_type": "On-Demand N2P SDU/MDU Simple",
    "target_eligibility_quarter": "Jun 2025"
   }
  },
  {
   "type": "Feature",
   "geometry": {
    "type": "Point",
    "coordinates": [
     145.44074769,
     -37.92662203
    ]
   },
   "properties": {
    "name": "16 CORNISH ROAD EMERALD 3782",
    "locID": "LOC000115817164",
    "tech": "FTTN",
    "upgrade": "FTTP_NA",
    "gnaf_pid": "GAVIC424579525",
    "tech_change_status": "Committed",
    "program_type": "On-Demand N2P SDU/MDU Simple",
    "target_eligibility_quarter": "Jun 2025"
   }
  },
  {
   "type": "Feature",
   "geometry": {
    "type": "Point",
    "coordinates": [
     145.44184151,
     -37.92659625
    ]
   },
   "properties": {
    "name": "6 CORNISH ROAD EMERALD 3782",
    "locID": "LOC000179545925",
    "tech": "FTTN",
    "upgrade": "FTTP_NA",
    "gnaf_pid": "GAVIC424579527",
    "tech_change_status": "Committed",
    "program_type": "On-Demand N2P SDU/MDU Simple",
    "target_eligibility_quarter": "Jun 2025"
   }
  },
  {
   "type": "Feature",
   "geometry": {
    "type": "Point",
    "coordinates": [
     145.46460332,
     -37.92025002
    ]
   },
   "properties": {
    "name": "UNIT 2, 17 ALFRED GROVE EMERALD 3782",
    "locID": "LOC000105667002",
    "tech": "FTTP",
    "upgrade": "NULL_NA",
    "gnaf_pid": "GAVIC424591488"
   }
  },
  {
   "type": "Feature",
   "geometry": {
    "type": "Point",
    "coordinates": [
     145.42886611,
     -37.92428995
    ]
   },
   "properties": {
    "name": "5 DOERY STREET EMERALD 3782",
    "locID": "LOC000174899786",
    "tech": "FTTN",
    "upgrade": "NULL_NA",
    "gnaf_pid": "GAVIC424591969",
    "tech_change_status": "Not Planned"
   }
  },
  {
   "type": "Feature",
   "geometry": {
    "type": "Point",
    "coordinates": [
     145.4404867,
     -37.93125148
    ]
   },
   "properties": {
    "name": "3 FERRES ROAD EMERALD 3782",
    "locID": "LOC000048824918",
    "tech": "FTTN",
    "upgrade": "FTTP_NA",
    "gnaf_pid": "GAVIC424592031",
    "tech_change_status": "Committed",
    "program_type": "On-Demand N2P SDU/MDU Simple",
    "target_eligibility_quarter": "Jun 2025"
   }
  },
  {
   "type": "Feature",
   "geometry": {
    "type": "Point",
    "coordinates": [
     145.45635757,
     -37.92168371
    ]
   },
   "properties": {
    "name": "21 LAWSONS ROAD EMERALD 3782",
    "locID": "LOC000048713127",
    "tech": "FTTN",
    "upgrade": "NULL_NA",
    "gnaf_pid": "GAVIC424592364",
    "tech_change_status": "Not Planned"
   }
  },
  {
   "type": "Feature",
   "geometry": {
    "type": "Point",
    "coordinates": [
     145.43262644,
     -37.93057533
    ]
   },
   "properties": {
    "name": "257 BELGRAVE-GEMBROOK ROAD EMERALD 3782",
    "locID": "LOC000112933373",
    "tech": "FTTN",
    "upgrade": "FTTP_NA",
    "gnaf_pid": "GAVIC424593349",
    "tech_change_status": "Committed",
    "program_type": "On-Demand N2P SDU/MDU Simple",
    "target_eligibility_quarter": "Dec 2025"
   }
  },
  {
   "type": "Feature",
   "geometry": {
    "type": "Point",
    "coordinates": [
     145.44490902,
     -37.92861886
    ]
   },
   "properties": {
    "name": "369-371 BELGRAVE-GEMBROOK ROAD EMERALD 3782",
    "locID": "LOC000125539169",
    "tech": "FTTN",
    "upgrade": "FTTP_NA",
    "gnaf_pid": "GAVIC424610918",
    "tech_change_status": "Committed",
    "program_type": "On-Demand N2P SDU/MDU Simple",
    "target_eligibility_quarter": "Dec 2025"
   }
  },
  {
   "type": "Feature",
   "geometry": {
    "type": "Point",
    "coordinates": [
     145.44585284,
     -37.92745545
    ]
   },
   "properties": {
    "name": "389A BELGRAVE-GEMBROOK ROAD EMERALD 3782",
    "locID": "LOC000067933206",
    "tech": "FTTN",
    "upgrade": "FTTP_NA",
    "gnaf_pid": "GAVIC424610919",
    "tech_change_status": "Committed",
    "program_type": "On-Demand N2P SDU/MDU Simple",
    "target_eligibility_quarter": "Jun 2025"
   }
  },
  {
   "type": "Feature",
   "geometry": {
    "type": "Point",
    "coordinates": [
     145.44585641,
     -37.92914909
    ]
   },
   "properties": {
    "name": "400B BELGRAVE-GEMBROOK ROAD EMERALD 3782",
    "locID": "LOC000125475130",
    "tech": "FTTN",
    "upgrade": "FTTP_NA",
    "gnaf_pid": "GAVIC424610920",
    "tech_change_status": "Committed",
    "program_type": "On-Demand N2P SDU/MDU Simple",
    "target_eligibility_quarter": "Jun 2025"
   }
  },
  {
   "type": "Feature",
   "geometry": {
    "type": "Point",
    "coordinates": [
     145.46327788,
     -37.92917107
    ]
   },
   "properties": {
    "name": "33-35 BELLBIRD CRESCENT EMERALD 3782",
    "locID": "LOC000125539097",
    "tech": "FTTN",
    "upgrade": "FTTP_NA",
    "gnaf_pid": "GAVIC424610996",
    "tech_change_status": "Committed",
    "program_type": "On-Demand N2P SDU/MDU Simple",
    "target_eligibility_quarter": "Jun 2025"
   }
  },
  {
   "type": "Feature",
   "geometry": {
    "type": "Point",
    "coordinates": [
     145.46564463,
     -37.92280472
    ]
   },
   "properties": {
    "name": "1 CHANDLER AVENUE EMERALD 3782",
    "locID": "LOC000112981037",
    "tech": "FTTP",
    "upgrade": "NULL_NA",
    "gnaf_pid": "GAVIC424613298",
    "tech_change_status": "Previous Tech Disconnected"
   }
  },
  {
   "type": "Feature",
   "geometry": {
    "type": "Point",
    "coordinates": [
     145.46544382,
     -37.92297921
    ]
   },
   "properties": {
    "name": "2 CHANDLER AVENUE EMERALD 3782",
    "locID": "LOC000125530792",
    "tech": "FTTP",
    "upgrade": "NULL_NA",
    "gnaf_pid": "GAVIC424613299",
    "tech_change_status": "Previous Tech Disconnected"
   }
  },
  {
   "type": "Feature",
   "geometry": {
    "type": "Point",
    "coordinates": [
     145.4658089,
     -37.92362055
    ]
   },
   "properties": {
    "name": "4 CHANDLER AVENUE EMERALD 3782",
    "locID": "LOC000125539260",
    "tech": "FTTN",
    "upgrade": "FTTP",
    "gnaf_pid": "GAVIC424613300",
    "tech_change_status": "Eligible to Order"
   }
  },
  {
   "type": "Feature",
   "geometry": {
    "type": "Point",
    "coordinates": [
     145.46672285,
     -37.92401523
    ]
   },
   "properties": {
    "name": "5 CHANDLER AVENUE EMERALD 3782",
    "locID": "LOC000174890390",
    "tech": "FTTN",
    "upgrade": "FTTP",
    "gnaf_pid": "GAVIC424613301",
    "tech_change_status": "Eligible to Order"
   }
  },
  {
   "type": "Feature",
   "geometry": {
    "type": "Point",
    "coordinates": [
     145.46630857,
     -37.9240281
    ]
   },
   "properties": {
    "name": "6 CHANDLER AVENUE EMERALD 3782",
    "locID": "LOC000125475406",
    "tech": "FTTP",
    "upgrade": "NULL_NA",
    "gnaf_pid": "GAVIC424613302",
    "tech_change_status": "Previous Tech Disconnected"
   }
  },
  {
   "type": "Feature",
   "geometry": {
    "type": "Point",
    "coordinates": [
     145.46684184,
     -37.9242383
    ]
   },
   "properties": {
    "name": "8 CHANDLER AVENUE EMERALD 3782",
    "locID": "LOC000079995297",
    "tech": "FTTN",
    "upgrade": "FTTP",
    "gnaf_pid": "GAVIC424613304",
    "tech_change_status": "Eligible to Order"
   }
  },
  {
   "type": "Feature",
   "geometry": {
    "type": "Point",
    "coordinates": [
     145.43164126,
     -37.93576686
    ]
   },
   "properties": {
    "name": "22 CLEMATIS PARK ROAD EMERALD 3782",
    "locID": "LOC000181128375",
    "tech": "FTTN",
    "upgrade": "FTTP_NA",
    "gnaf_pid": "GAVIC424613963",
    "tech_change_status": "Committed",
    "program_type": "On-Demand N2P SDU/MDU Simple",
    "target_eligibility_quarter": "Jun 2025"
   }
  },
  {
   "type": "Feature",
   "geometry": {
    "type": "Point",
    "coordinates": [
     145.44968303,
     -37.91121735
    ]
   },
   "properties": {
    "name": "35 ELM CRESCENT EMERALD 3782",
    "locID": "LOC000043062080",
    "tech": "FTTN",
    "upgrade": "NULL_NA",
    "gnaf_pid": "GAVIC424616256",
    "tech_change_status": "Not Planned"
   }
  },
  {
   "type": "Feature",
   "geometry": {
    "type": "Point",
    "coordinates": [
     145.44132231,
     -37.94688523
    ]
   },
   "properties": {
    "name": "75 KILVINGTON DRIVE EMERALD 3782",
    "locID": "LOC000125479809",
    "tech": "FTTN",
    "upgrade": "NULL_NA",
    "gnaf_pid": "GAVIC424621353",
    "tech_change_status": "Not Planned"
   }
  },
  {
   "type": "Feature",
   "geometry": {
    "type": "Point",
    "coordinates": [
     145.44219256,
     -37.91460015
    ]
   },
   "properties": {
    "name": "25 MEADOWVIEW LANE EMERALD 3782",
    "locID": "LOC000125534753",
    "tech": "FTTN",
    "upgrade": "NULL_NA",
    "gnaf_pid": "GAVIC424624333",
    "tech_change_status": "Not Planned"
   }
  },
  {
   "type": "Feature",
   "geometry": {
    "type": "Point",
    "coordinates": [
     145.44214947,
     -37.91506932
    ]
   },
   "properties": {
    "name": "27 MEADOWVIEW LANE EMERALD 3782",
    "locID": "LOC000125534822",
    "tech": "FTTN",
    "upgrade": "NULL_NA",
    "gnaf_pid": "GAVIC424624334",
    "tech_change_status": "Not Planned"
   }
  },
  {
   "type": "Feature",
   "geometry": {
    "type": "Point",
    "coordinates": [
     145.44157333,
     -37.93039165
    ]
   },
   "properties": {
    "name": "1-3 PALM COURT EMERALD 3782",
    "locID": "LOC000115817138",
    "tech": "FTTN",
    "upgrade": "FTTP_NA",
    "gnaf_pid": "GAVIC424626962",
    "tech_change_status": "Committed",
    "program_type": "On-Demand N2P SDU/MDU Simple",
    "target_eligibility_quarter": "Jun 2025"
   }
  },
  {
   "type": "Feature",
   "geometry": {
    "type": "Point",
    "coordinates": [
     145.44175965,
     -37.93042185
    ]
   },
   "properties": {
    "name": "5-7 PALM COURT EMERALD 3782",
    "locID": "LOC000115817186",
    "tech": "FTTN",
    "upgrade": "FTTP_NA",
    "gnaf_pid": "GAVIC424626963",
    "tech_change_status": "Committed",
    "program_type": "On-Demand N2P SDU/MDU Simple",
    "target_eligibility_quarter": "Jun 2025"
   }
  },
  {
   "type": "Feature",
   "geometry": {
    "type": "Point",
    "coordinates": [
     145.44171116,
     -37.9305616
    ]
   },
   "properties": {
    "name": "6-8 PALM COURT EMERALD 3782",
    "locID": "LOC000093975355",
    "tech": "FTTN",
    "upgrade": "FTTP_NA",
    "gnaf_pid": "GAVIC424626964",
    "tech_change_status": "Committed",
    "program_type": "On-Demand N2P SDU/MDU Simple",
    "target_eligibility_quarter": "Jun 2025"
   }
  },
  {
   "type": "Feature",
   "geometry": {
    "type": "Point",
    "coordinates": [
     145.40152231,
     -37.97775155
    ]
   },
   "properties": {
    "name": "266 RED HILL ROAD EMERALD 3782",
    "locID": "LOC000104588151",
    "tech": "WIRELESS",
    "upgrade": "NULL_NA",
    "gnaf_pid": "GAVIC424628892",
    "tech_change_status": "Not Planned",
    "program_type": "Fixed Wireless and Satellite Upgrade Program",
    "target_eligibility_quarter": "Mar 2025"
   }
  },
  {
   "type": "Feature",
   "geometry": {
    "type": "Point",
    "coordinates": [
     145.4455659,
     -37.92984688
    ]
   },
   "properties": {
    "name": "2A BEACONSFIELD-EMERALD ROAD EMERALD 3782",
    "locID": "LOC000114474487",
    "tech": "FTTN",
    "upgrade": "FTTP_NA",
    "gnaf_pid": "GAVIC424667601",
    "tech_change_status": "Committed",
    "program_type": "On-Demand N2P SDU/MDU Simple",
    "target_eligibility_quarter": "Dec 2025"
   }
  },
  {
   "type": "Feature",
   "geometry": {
    "type": "Point",
    "coordinates": [
     145.44378273,
     -37.9181949
    ]
   },
   "properties": {
    "name": "6 BROOKDALE AVENUE EMERALD 3782",
    "locID": "LOC000114120922",
    "tech": "FTTN",
    "upgrade": "NULL_NA",
    "gnaf_pid": "GAVIC424668227",
    "tech_change_status": "Not Planned"
   }
  },
  {
   "type": "Feature",
   "geometry": {
    "type": "Point",
    "coordinates": [
     145.44100454,
     -37.9336359
    ]
   },
   "properties": {
    "name": "SHOP 1, 13 KILVINGTON DRIVE EMERALD 3782",
    "locID": "LOC000125522228",
    "tech": "FTTN",
    "upgrade": "FTTP_NA",
    "gnaf_pid": "GAVIC424673559",
    "tech_change_status": "Committed",
    "program_type": "Customer-initiated N2P MDU Complex",
    "target_eligibility_quarter": "Jun 2025"
   }
  },
  {
   "type": "Feature",
   "geometry": {
    "type": "Point",
    "coordinates": [
     145.44736748,
     -37.91771898
    ]
   },
   "properties": {
    "name": "8A CHARMAN AVENUE EMERALD 3782",
    "locID": "LOC000113129303",
    "tech": "FTTN",
    "upgrade": "NULL_NA",
    "gnaf_pid": "GAVIC424713837",
    "tech_change_status": "Not Planned"
   }
  },
  {
   "type": "Feature",
   "geometry": {
    "type": "Point",
    "coordinates": [
     145.4427998,
     -37.916391
    ]
   },
   "properties": {
    "name": "45 MEADOWVIEW LANE EMERALD 3782",
    "locID": "LOC000113126491",
    "tech": "FTTN",
    "upgrade": "NULL_NA",
    "gnaf_pid": "GAVIC424719150",
    "tech_change_status": "Not Planned"
   }
  },
  {
   "type": "Feature",
   "geometry": {
    "type": "Point",
    "coordinates": [
     145.43479788,
     -37.93357185
    ]
   },
   "properties": {
    "name": "19 WESTLANDS ROAD EMERALD 3782",
    "locID": "LOC000113300125",
    "tech": "FTTN",
    "upgrade": "FTTP_NA",
    "gnaf_pid": "GAVIC424723953",
    "tech_change_status": "Committed",
    "program_type": "On-Demand N2P SDU/MDU Simple",
    "target_eligibility_quarter": "Jun 2025"
   }
  },
  {
   "type": "Feature",
   "geometry": {
    "type": "Point",
    "coordinates": [
     145.43512108,
     -37.93420665
    ]
   },
   "properties": {
    "name": "2-4 BAYVIEW ROAD EMERALD 3782",
    "locID": "LOC000169790822",
    "tech": "FTTN",
    "upgrade": "FTTP_NA",
    "gnaf_pid": "GAVIC424742328",
    "tech_change_status": "Committed",
    "program_type": "On-Demand N2P SDU/MDU Simple",
    "target_eligibility_quarter": "Jun 2025"
   }
  },
  {
   "type": "Feature",
   "geometry": {
    "type": "Point",
    "coordinates": [
     145.46718163,
     -37.92413652
    ]
   },
   "properties": {
    "name": "9 CHANDLER AVENUE EMERALD 3782",
    "locID": "LOC000125479907",
    "tech": "FTTP",
    "upgrade": "NULL_NA",
    "gnaf_pid": "GAVIC424744904",
    "tech_change_status": "Previous Tech Disconnected"
   }
  },
  {
   "type": "Feature",
   "geometry": {
    "type": "Point",
    "coordinates": [
     145.46688696,
     -37.91898009
    ]
   },
   "properties": {
    "name": "7A FAIRWAY ROAD EMERALD 3782",
    "locID": "LOC000114443161",
    "tech": "FTTN",
    "upgrade": "FTTP_NA",
    "gnaf_pid": "GAVIC424749769",
    "tech_change_status": "Committed",
    "program_type": "On-Demand N2P SDU/MDU Simple",
    "target_eligibility_quarter": "Jun 2025"
   }
  },
  {
   "type": "Feature",
   "geometry": {
    "type": "Point",
    "coordinates": [
     145.4296388,
     -37.94257667
    ]
   },
   "properties": {
    "name": "63 WESTLANDS ROAD EMERALD 3782",
    "locID": "LOC000114643184",
    "tech": "WIRELESS",
    "upgrade": "NULL_NA",
    "gnaf_pid": "GAVIC424768521",
    "tech_change_status": "Not Planned"
   }
  },
  {
   "type": "Feature",
   "geometry": {
    "type": "Point",
    "coordinates": [
     145.44351004,
     -37.89995774
    ]
   },
   "properties": {
    "name": "135A EMERALD-MONBULK ROAD EMERALD 3782",
    "locID": "LOC000081665332",
    "tech": "FTTN",
    "upgrade": "NULL_NA",
    "gnaf_pid": "GAVIC424781822",
    "tech_change_status": "Not Planned"
   }
  },
  {
   "type": "Feature",
   "geometry": {
    "type": "Point",
    "coordinates": [
     145.4599762,
     -37.94020909
    ]
   },
   "properties": {
    "name": "28 WILLIAM STREET EMERALD 3782",
    "locID": "LOC000114519617",
    "tech": "FTTN",
    "upgrade": "FTTP_SA",
    "gnaf_pid": "GAVIC424790452",
    "tech_change_status": "Eligible to Order",
    "program_type": "On-Demand N2P SDU/MDU Simple",
    "target_eligibility_quarter": "NA"
   }
  },
  {
   "type": "Feature",
   "geometry": {
    "type": "Point",
    "coordinates": [
     145.43138079,
     -37.94563487
    ]
   },
   "properties": {
    "name": "25 LAVENDER FARM ROAD EMERALD 3782",
    "locID": "LOC000115073255",
    "tech": "SATELLITE",
    "upgrade": "NULL_NA",
    "gnaf_pid": "GAVIC424797852",
    "tech_change_status": "Not Planned"
   }
  },
  {
   "type": "Feature",
   "geometry": {
    "type": "Point",
    "coordinates": [
     145.46065534,
     -37.94403504
    ]
   },
   "properties": {
    "name": "2A SUMMIT AVENUE EMERALD 3782",
    "locID": "LOC000115809801",
    "tech": "FTTP",
    "upgrade": "FTTP_NA",
    "gnaf_pid": "GAVIC424896098",
    "tech_change_status": "Previous Tech Disconnected",
    "program_type": "On-Demand N2P SDU/MDU Simple",
    "target_eligibility_quarter": "NA"
   }
  },
  {
   "type": "Feature",
   "geometry": {
    "type": "Point",
    "coordinates": [
     145.45561672,
     -37.92272208
    ]
   },
   "properties": {
    "name": "4 EXLEY CLOSE EMERALD 3782",
    "locID": "LOC000125539294",
    "tech": "FTTN",
    "upgrade": "NULL_NA",
    "gnaf_pid": "GAVIC424922572",
    "tech_change_status": "Not Planned"
   }
  },
  {
   "type": "Feature",
   "geometry": {
    "type": "Point",
    "coordinates": [
     145.45527374,
     -37.92314198
    ]
   },
   "properties": {
    "name": "6 EXLEY CLOSE EMERALD 3782",
    "locID": "LOC000125475423",
    "tech": "FTTN",
    "upgrade": "NULL_NA",
    "gnaf_pid": "GAVIC424922573",
    "tech_change_status": "Not Planned"
   }
  },
  {
   "type": "Feature",
   "geometry": {
    "type": "Point",
    "coordinates": [
     145.4458806,
     -37.91800166
    ]
   },
   "properties": {
    "name": "12A CHARMAN AVENUE EMERALD 3782",
    "locID": "LOC000125526584",
    "tech": "FTTN",
    "upgrade": "NULL_NA",
    "gnaf_pid": "GAVIC424964124",
    "tech_change_status": "Not Planned"
   }
  },
  {
   "type": "Feature",
   "geometry": {
    "type": "Point",
    "coordinates": [
     145.42698205,
     -37.92883045
    ]
   },
   "properties": {
    "name": "5A EDENMONT ROAD EMERALD 3782",
    "locID": "LOC000125475389",
    "tech": "FTTN",
    "upgrade": "NULL_NA",
    "gnaf_pid": "GAVIC424976685",
    "tech_change_status": "Not Planned"
   }
  },
  {
   "type": "Feature",
   "geometry": {
    "type": "Point",
    "coordinates": [
     145.44870917,
     -37.9314413
    ]
   },
   "properties": {
    "name": "5 CRICHTON ROAD EMERALD 3782",
    "locID": "LOC000125475304",
    "tech": "FTTN",
    "upgrade": "FTTP_NA",
    "gnaf_pid": "GAVIC425013710",
    "tech_change_status": "Committed",
    "program_type": "On-Demand N2P SDU/MDU Simple",
    "target_eligibility_quarter": "Jun 2025"
   }
  },
  {
   "type": "Feature",
   "geometry": {
    "type": "Point",
    "coordinates": [
     145.44274789,
     -37.89846632
    ]
   },
   "properties": {
    "name": "2 THOMAS ROAD EMERALD 3782",
    "locID": "LOC000075833966",
    "tech": "FTTN",
    "upgrade": "NULL_NA",
    "gnaf_pid": "GAVIC425030243",
    "tech_change_status": "Not Planned"
   }
  },
  {
   "type": "Feature",
   "geometry": {
    "type": "Point",
    "coordinates": [
     145.44316401,
     -37.89876412
    ]
   },
   "properties": {
    "name": "7 THOMAS ROAD EMERALD 3782",
    "locID": "LOC000125479775",
    "tech": "FTTN",
    "upgrade": "NULL_NA",
    "gnaf_pid": "GAVIC425030244",
    "tech_change_status": "Not Planned"
   }
  },
  {
   "type": "Feature",
   "geometry": {
    "type": "Point",
    "coordinates": [
     145.43256621,
     -37.93760468
    ]
   },
   "properties": {
    "name": "4 WATTLE AVENUE EMERALD 3782",
    "locID": "LOC000125539304",
    "tech": "FTTN",
    "upgrade": "FTTP_NA",
    "gnaf_pid": "GAVIC425031584",
    "tech_change_status": "Committed",
    "program_type": "On-Demand N2P SDU/MDU Simple",
    "target_eligibility_quarter": "Dec 2025"
   }
  },
  {
   "type": "Feature",
   "geometry": {
    "type": "Point",
    "coordinates": [
     145.43300037,
     -37.93735663
    ]
   },
   "properties": {
    "name": "6 WATTLE AVENUE EMERALD 3782",
    "locID": "LOC000125475447",
    "tech": "FTTN",
    "upgrade": "FTTP_NA",
    "gnaf_pid": "GAVIC425031585",
    "tech_change_status": "Committed",
    "program_type": "On-Demand N2P SDU/MDU Simple",
    "target_eligibility_quarter": "Jun 2025"
   }
  },
  {
   "type": "Feature",
   "geometry": {
    "type": "Point",
    "coordinates": [
     145.4485141,
     -37.9371713
    ]
   },
   "properties": {
    "name": "30 HAMILTON ROAD EMERALD 3782",
    "locID": "LOC000194942180",
    "tech": "FTTN",
    "upgrade": "NULL_NA",
    "gnaf_pid": "GAVIC425227031",
    "tech_change_status": "Not Planned"
   }
  },
  {
   "type": "Feature",
   "geometry": {
    "type": "Point",
    "coordinates": [
     145.44100454,
     -37.9336359
    ]
   },
   "properties": {
    "name": "SHOP 2, 13 KILVINGTON DRIVE EMERALD 3782",
    "locID": "LOC000125522228",
    "tech": "FTTN",
    "upgrade": "FTTP_NA",
    "gnaf_pid": "GAVIC425228192",
    "tech_change_status": "Committed",
    "program_type": "Customer-initiated N2P MDU Complex",
    "target_eligibility_quarter": "Jun 2025"
   }
  },
  {
   "type": "Feature",
   "geometry": {
    "type": "Point",
    "coordinates": [
     145.44100454,
     -37.9336359
    ]
   },
   "properties": {
    "name": "SHOP 3, 13 KILVINGTON DRIVE EMERALD 3782",
    "locID": "LOC000125522228",
    "tech": "FTTN",
    "upgrade": "FTTP_NA",
    "gnaf_pid": "GAVIC425228193",
    "tech_change_status": "Committed",
    "program_type": "Customer-initiated N2P MDU Complex",
    "target_eligibility_quarter": "Jun 2025"
   }
  },
  {
   "type": "Feature",
   "geometry": {
    "type": "Point",
    "coordinates": [
     145.44100454,
     -37.9336359
    ]
   },
   "properties": {
    "name": "SHOP 4, 13 KILVINGTON DRIVE EMERALD 3782",
    "locID": "LOC000125522228",
    "tech": "FTTN",
    "upgrade": "FTTP_NA",
    "gnaf_pid": "GAVIC425228194",
    "tech_change_status": "Committed",
    "program_type": "Customer-initiated N2P MDU Complex",
    "target_eligibility_quarter": "Jun 2025"
   }
  },
  {
   "type": "Feature",
   "geometry": {
    "type": "Point",
    "coordinates": [
     145.44051727,
     -37.94541902
    ]
   },
   "properties": {
    "name": "78A KILVINGTON DRIVE EMERALD 3782",
    "locID": "LOC000152279386",
    "tech": "FTTN",
    "upgrade": "NULL_NA",
    "gnaf_pid": "GAVIC425228195",
    "tech_change_status": "Not Planned"
   }
  },
  {
   "type": "Feature",
   "geometry": {
    "type": "Point",
    "coordinates": [
     145.44100454,
     -37.9336359
    ]
   },
   "properties": {
    "name": "SHOP 5, 13 KILVINGTON DRIVE EMERALD 3782",
    "locID": "LOC000152279735",
    "tech": "FTTN",
    "upgrade": "FTTP_NA",
    "gnaf_pid": "GAVIC425279614",
    "tech_change_status": "Committed",
    "program_type": "Customer-initiated N2P MDU Complex",
    "target_eligibility_quarter": "Jun 2025"
   }
  },
  {
   "type": "Feature",
   "geometry": {
    "type": "Point",
    "coordinates": [
     145.44555124,
     -37.92966143
    ]
   },
   "properties": {
    "name": "2B BEACONSFIELD-EMERALD ROAD EMERALD 3782",
    "locID": "LOC000152280050",
    "tech": "FTTN",
    "upgrade": "FTTP_NA",
    "gnaf_pid": "GAVIC425399029",
    "tech_change_status": "Committed",
    "program_type": "On-Demand N2P SDU/MDU Simple",
    "target_eligibility_quarter": "Jun 2025"
   }
  },
  {
   "type": "Feature",
   "geometry": {
    "type": "Point",
    "coordinates": [
     145.46839047,
     -37.94748854
    ]
   },
   "properties": {
    "name": "30 LADD ROAD EMERALD 3782",
    "locID": "LOC000152279262",
    "tech": "FTTN",
    "upgrade": "FTTP_NA",
    "gnaf_pid": "GAVIC425401787",
    "tech_change_status": "Committed",
    "program_type": "On-Demand N2P SDU/MDU Simple",
    "target_eligibility_quarter": "Dec 2025"
   }
  },
  {
   "type": "Feature",
   "geometry": {
    "type": "Point",
    "coordinates": [
     145.47593601,
     -37.96260093
    ]
   },
   "properties": {
    "name": "30 MARKS LANE EMERALD 3782",
    "locID": "LOC000175708630",
    "tech": "WIRELESS",
    "upgrade": "NULL_NA",
    "gnaf_pid": "GAVIC425402143",
    "tech_change_status": "Not Planned"
   }
  },
  {
   "type": "Feature",
   "geometry": {
    "type": "Point",
    "coordinates": [
     145.4292499,
     -37.92452261
    ]
   },
   "properties": {
    "name": "4A DOERY STREET EMERALD 3782",
    "locID": "LOC000152279431",
    "tech": "FTTN",
    "upgrade": "NULL_NA",
    "gnaf_pid": "GAVIC425419286",
    "tech_change_status": "Not Planned"
   }
  },
  {
   "type": "Feature",
   "geometry": {
    "type": "Point",
    "coordinates": [
     145.4300658,
     -37.92268782
    ]
   },
   "properties": {
    "name": "13A TELOPEA ROAD EMERALD 3782",
    "locID": "LOC000152279939",
    "tech": "FTTN",
    "upgrade": "NULL_NA",
    "gnaf_pid": "GAVIC425529421",
    "tech_change_status": "Not Planned"
   }
  },
  {
   "type": "Feature",
   "geometry": {
    "type": "Point",
    "coordinates": [
     145.45894114,
     -37.94119495
    ]
   },
   "properties": {
    "name": "HOUSE 2, 73 BEACONSFIELD-EMERALD ROAD EMERALD 3782",
    "locID": "LOC000152278660",
    "tech": "FTTN",
    "upgrade": "FTTP_SA",
    "gnaf_pid": "GAVIC425556521",
    "tech_change_status": "Eligible to Order",
    "program_type": "On-Demand N2P SDU/MDU Simple",
    "target_eligibility_quarter": "NA"
   }
  },
  {
   "type": "Feature",
   "geometry": {
    "type": "Point",
    "coordinates": [
     145.42075349,
     -37.92466743
    ]
   },
   "properties": {
    "name": "237A BELGRAVE-GEMBROOK ROAD EMERALD 3782",
    "locID": "LOC000194953491",
    "tech": "FTTP",
    "upgrade": "NULL_NA",
    "gnaf_pid": "GAVIC425556541"
   }
  },
  {
   "type": "Feature",
   "geometry": {
    "type": "Point",
    "coordinates": [
     145.43908136,
     -37.93188184
    ]
   },
   "properties": {
    "name": "285-287 BELGRAVE-GEMBROOK ROAD EMERALD 3782",
    "locID": "LOC000152278673",
    "tech": "FTTN",
    "upgrade": "FTTP_NA",
    "gnaf_pid": "GAVIC425556542",
    "tech_change_status": "Committed",
    "program_type": "On-Demand N2P SDU/MDU Simple",
    "target_eligibility_quarter": "Jun 2025"
   }
  },
  {
   "type": "Feature",
   "geometry": {
    "type": "Point",
    "coordinates": [
     145.44482365,
     -37.92897307
    ]
   },
   "properties": {
    "name": "359 BELGRAVE-GEMBROOK ROAD EMERALD 3782",
    "locID": "LOC000152278948",
    "tech": "FTTN",
    "upgrade": "FTTP_NA",
    "gnaf_pid": "GAVIC425556543",
    "tech_change_status": "Committed",
    "program_type": "Customer-initiated N2P MDU Complex",
    "target_eligibility_quarter": "Jun 2025"
   }
  },
  {
   "type": "Feature",
   "geometry": {
    "type": "Point",
    "coordinates": [
     145.47006454,
     -37.93987742
    ]
   },
   "properties": {
    "name": "22 FERN GLADE DRIVE EMERALD 3782",
    "locID": "LOC000152279034",
    "tech": "FTTN",
    "upgrade": "NULL_NA",
    "gnaf_pid": "GAVIC425560551",
    "tech_change_status": "Not Planned"
   }
  },
  {
   "type": "Feature",
   "geometry": {
    "type": "Point",
    "coordinates": [
     145.46954472,
     -37.93943423
    ]
   },
   "properties": {
    "name": "24 FERN GLADE DRIVE EMERALD 3782",
    "locID": "LOC000152279197",
    "tech": "FTTN",
    "upgrade": "NULL_NA",
    "gnaf_pid": "GAVIC425560552",
    "tech_change_status": "Not Planned"
   }
  },
  {
   "type": "Feature",
   "geometry": {
    "type": "Point",
    "coordinates": [
     145.4691091,
     -37.93856417
    ]
   },
   "properties": {
    "name": "26 FERN GLADE DRIVE EMERALD 3782",
    "locID": "LOC000152278074",
    "tech": "FTTN",
    "upgrade": "NULL_NA",
    "gnaf_pid": "GAVIC425560553",
    "tech_change_status": "Not Planned"
   }
  },
  {
   "type": "Feature",
   "geometry": {
    "type": "Point",
    "coordinates": [
     145.46983734,
     -37.9399153
    ]
   },
   "properties": {
    "name": "27 FERN GLADE DRIVE EMERALD 3782",
    "locID": "LOC000152279145",
    "tech": "FTTN",
    "upgrade": "NULL_NA",
    "gnaf_pid": "GAVIC425560554",
    "tech_change_status": "Not Planned"
   }
  },
  {
   "type": "Feature",
   "geometry": {
    "type": "Point",
    "coordinates": [
     145.46893983,
     -37.9381737
    ]
   },
   "properties": {
    "name": "28 FERN GLADE DRIVE EMERALD 3782",
    "locID": "LOC000152279567",
    "tech": "FTTN",
    "upgrade": "NULL_NA",
    "gnaf_pid": "GAVIC425560555",
    "tech_change_status": "Not Planned"
   }
  },
  {
   "type": "Feature",
   "geometry": {
    "type": "Point",
    "coordinates": [
     145.46916693,
     -37.93948681
    ]
   },
   "properties": {
    "name": "29 FERN GLADE DRIVE EMERALD 3782",
    "locID": "LOC000102585772",
    "tech": "SATELLITE",
    "upgrade": "NULL_NA",
    "gnaf_pid": "GAVIC425560556",
    "tech_change_status": "Not Planned"
   }
  },
  {
   "type": "Feature",
   "geometry": {
    "type": "Point",
    "coordinates": [
     145.46856251,
     -37.93741746
    ]
   },
   "properties": {
    "name": "30 FERN GLADE DRIVE EMERALD 3782",
    "locID": "LOC000152279006",
    "tech": "FTTN",
    "upgrade": "NULL_NA",
    "gnaf_pid": "GAVIC425560557",
    "tech_change_status": "Not Planned"
   }
  },
  {
   "type": "Feature",
   "geometry": {
    "type": "Point",
    "coordinates": [
     145.46885409,
     -37.93896577
    ]
   },
   "properties": {
    "name": "31 FERN GLADE DRIVE EMERALD 3782",
    "locID": "LOC000152279227",
    "tech": "FTTN",
    "upgrade": "NULL_NA",
    "gnaf_pid": "GAVIC425560558",
    "tech_change_status": "Not Planned"
   }
  },
  {
   "type": "Feature",
   "geometry": {
    "type": "Point",
    "coordinates": [
     145.46825117,
     -37.9367748
    ]
   },
   "properties": {
    "name": "32 FERN GLADE DRIVE EMERALD 3782",
    "locID": "LOC000152278924",
    "tech": "FTTN",
    "upgrade": "NULL_NA",
    "gnaf_pid": "GAVIC425560559",
    "tech_change_status": "Not Planned"
   }
  },
  {
   "type": "Feature",
   "geometry": {
    "type": "Point",
    "coordinates": [
     145.46861125,
     -37.93846266
    ]
   },
   "properties": {
    "name": "33 FERN GLADE DRIVE EMERALD 3782",
    "locID": "LOC000152279243",
    "tech": "FTTN",
    "upgrade": "NULL_NA",
    "gnaf_pid": "GAVIC425560560",
    "tech_change_status": "Not Planned"
   }
  },
  {
   "type": "Feature",
   "geometry": {
    "type": "Point",
    "coordinates": [
     145.46802446,
     -37.93630885
    ]
   },
   "properties": {
    "name": "34 FERN GLADE DRIVE EMERALD 3782",
    "locID": "LOC000152278061",
    "tech": "FTTN",
    "upgrade": "NULL_NA",
    "gnaf_pid": "GAVIC425560561",
    "tech_change_status": "Not Planned"
   }
  },
  {
   "type": "Feature",
   "geometry": {
    "type": "Point",
    "coordinates": [
     145.46840644,
     -37.93801944
    ]
   },
   "properties": {
    "name": "35 FERN GLADE DRIVE EMERALD 3782",
    "locID": "LOC000152278536",
    "tech": "FTTN",
    "upgrade": "NULL_NA",
    "gnaf_pid": "GAVIC425560562",
    "tech_change_status": "Not Planned"
   }
  },
  {
   "type": "Feature",
   "geometry": {
    "type": "Point",
    "coordinates": [
     145.46775023,
     -37.93581379
    ]
   },
   "properties": {
    "name": "36 FERN GLADE DRIVE EMERALD 3782",
    "locID": "LOC000152278042",
    "tech": "FTTN",
    "upgrade": "NULL_NA",
    "gnaf_pid": "GAVIC425560563",
    "tech_change_status": "Not Planned"
   }
  },
  {
   "type": "Feature",
   "geometry": {
    "type": "Point",
    "coordinates": [
     145.46814669,
     -37.93751527
    ]
   },
   "properties": {
    "name": "37 FERN GLADE DRIVE EMERALD 3782",
    "locID": "LOC000152278639",
    "tech": "FTTN",
    "upgrade": "NULL_NA",
    "gnaf_pid": "GAVIC425560564",
    "tech_change_status": "Not Planned"
   }
  },
  {
   "type": "Feature",
   "geometry": {
    "type": "Point",
    "coordinates": [
     145.4674658,
     -37.93536788
    ]
   },
   "properties": {
    "name": "38 FERN GLADE DRIVE EMERALD 3782",
    "locID": "LOC000152278995",
    "tech": "FTTN",
    "upgrade": "NULL_NA",
    "gnaf_pid": "GAVIC425560565",
    "tech_change_status": "Not Planned"
   }
  },
  {
   "type": "Feature",
   "geometry": {
    "type": "Point",
    "coordinates": [
     145.46787895,
     -37.93693006
    ]
   },
   "properties": {
    "name": "39 FERN GLADE DRIVE EMERALD 3782",
    "locID": "LOC000152279166",
    "tech": "FTTN",
    "upgrade": "NULL_NA",
    "gnaf_pid": "GAVIC425560566",
    "tech_change_status": "Not Planned"
   }
  },
  {
   "type": "Feature",
   "geometry": {
    "type": "Point",
    "coordinates": [
     145.46730471,
     -37.93507204
    ]
   },
   "properties": {
    "name": "40 FERN GLADE DRIVE EMERALD 3782",
    "locID": "LOC000152279047",
    "tech": "FTTN",
    "upgrade": "NULL_NA",
    "gnaf_pid": "GAVIC425560567",
    "tech_change_status": "Not Planned"
   }
  },
  {
   "type": "Feature",
   "geometry": {
    "type": "Point",
    "coordinates": [
     145.46757912,
     -37.93629784
    ]
   },
   "properties": {
    "name": "41 FERN GLADE DRIVE EMERALD 3782",
    "locID": "LOC000152279258",
    "tech": "FTTN",
    "upgrade": "NULL_NA",
    "gnaf_pid": "GAVIC425560568",
    "tech_change_status": "Not Planned"
   }
  },
  {
   "type": "Feature",
   "geometry": {
    "type": "Point",
    "coordinates": [
     145.4668956,
     -37.93449894
    ]
   },
   "properties": {
    "name": "42 FERN GLADE DRIVE EMERALD 3782",
    "locID": "LOC000152278687",
    "tech": "FTTN",
    "upgrade": "NULL_NA",
    "gnaf_pid": "GAVIC425560569",
    "tech_change_status": "Not Planned"
   }
  },
  {
   "type": "Feature",
   "geometry": {
    "type": "Point",
    "coordinates": [
     145.466609,
     -37.93405361
    ]
   },
   "properties": {
    "name": "44 FERN GLADE DRIVE EMERALD 3782",
    "locID": "LOC000152278057",
    "tech": "FTTN",
    "upgrade": "NULL_NA",
    "gnaf_pid": "GAVIC425560570",
    "tech_change_status": "Not Planned"
   }
  },
  {
   "type": "Feature",
   "geometry": {
    "type": "Point",
    "coordinates": [
     145.4664292,
     -37.93449286
    ]
   },
   "properties": {
    "name": "45 FERN GLADE DRIVE EMERALD 3782",
    "locID": "LOC000152278969",
    "tech": "FTTN",
    "upgrade": "NULL_NA",
    "gnaf_pid": "GAVIC425560571",
    "tech_change_status": "Not Planned"
   }
  },
  {
   "type": "Feature",
   "geometry": {
    "type": "Point",
    "coordinates": [
     145.46642266,
     -37.9337656
    ]
   },
   "properties": {
    "name": "46 FERN GLADE DRIVE EMERALD 3782",
    "locID": "LOC000152279454",
    "tech": "FTTN",
    "upgrade": "NULL_NA",
    "gnaf_pid": "GAVIC425560572",
    "tech_change_status": "Not Planned"
   }
  },
  {
   "type": "Feature",
   "geometry": {
    "type": "Point",
    "coordinates": [
     145.46596921,
     -37.93375523
    ]
   },
   "properties": {
    "name": "47 FERN GLADE DRIVE EMERALD 3782",
    "locID": "LOC000152278911",
    "tech": "FTTN",
    "upgrade": "NULL_NA",
    "gnaf_pid": "GAVIC425560573",
    "tech_change_status": "Not Planned"
   }
  },
  {
   "type": "Feature",
   "geometry": {
    "type": "Point",
    "coordinates": [
     145.46611116,
     -37.93324491
    ]
   },
   "properties": {
    "name": "48 FERN GLADE DRIVE EMERALD 3782",
    "locID": "LOC000152279449",
    "tech": "FTTN",
    "upgrade": "NULL_NA",
    "gnaf_pid": "GAVIC425560574",
    "tech_change_status": "Not Planned"
   }
  },
  {
   "type": "Feature",
   "geometry": {
    "type": "Point",
    "coordinates": [
     145.46564934,
     -37.9332651
    ]
   },
   "properties": {
    "name": "49 FERN GLADE DRIVE EMERALD 3782",
    "locID": "LOC000152279291",
    "tech": "FTTN",
    "upgrade": "NULL_NA",
    "gnaf_pid": "GAVIC425560575",
    "tech_change_status": "Not Planned"
   }
  },
  {
   "type": "Feature",
   "geometry": {
    "type": "Point",
    "coordinates": [
     145.46574776,
     -37.93271822
    ]
   },
   "properties": {
    "name": "50 FERN GLADE DRIVE EMERALD 3782",
    "locID": "LOC000152278641",
    "tech": "FTTN",
    "upgrade": "NULL_NA",
    "gnaf_pid": "GAVIC425560576",
    "tech_change_status": "Not Planned"
   }
  },
  {
   "type": "Feature",
   "geometry": {
    "type": "Point",
    "coordinates": [
     145.46539217,
     -37.93289862
    ]
   },
   "properties": {
    "name": "51 FERN GLADE DRIVE EMERALD 3782",
    "locID": "LOC000152279052",
    "tech": "FTTN",
    "upgrade": "NULL_NA",
    "gnaf_pid": "GAVIC425560577",
    "tech_change_status": "Not Planned"
   }
  },
  {
   "type": "Feature",
   "geometry": {
    "type": "Point",
    "coordinates": [
     145.46526852,
     -37.93268923
    ]
   },
   "properties": {
    "name": "53 FERN GLADE DRIVE EMERALD 3782",
    "locID": "LOC000152278618",
    "tech": "FTTN",
    "upgrade": "NULL_NA",
    "gnaf_pid": "GAVIC425560578",
    "tech_change_status": "Not Planned"
   }
  },
  {
   "type": "Feature",
   "geometry": {
    "type": "Point",
    "coordinates": [
     145.43678127,
     -37.92830469
    ]
   },
   "properties": {
    "name": "7 WALNUT AVENUE EMERALD 3782",
    "locID": "LOC100056139817",
    "tech": "FTTN",
    "upgrade": "FTTP_NA",
    "gnaf_pid": "GAVIC425634512",
    "tech_change_status": "Committed",
    "program_type": "On-Demand N2P SDU/MDU Simple",
    "target_eligibility_quarter": "Jun 2025"
   }
  },
  {
   "type": "Feature",
   "geometry": {
    "type": "Point",
    "coordinates": [
     145.44408824,
     -37.93039899
    ]
   },
   "properties": {
    "name": "386-390 BELGRAVE-GEMBROOK ROAD EMERALD 3782",
    "locID": "LOC000152279695",
    "tech": "FTTN",
    "upgrade": "FTTP_NA",
    "gnaf_pid": "GAVIC425667860",
    "tech_change_status": "Committed",
    "program_type": "On-Demand N2P SDU/MDU Simple",
    "target_eligibility_quarter": "Jun 2025"
   }
  },
  {
   "type": "Feature",
   "geometry": {
    "type": "Point",
    "coordinates": [
     145.44387983,
     -37.91764294
    ]
   },
   "properties": {
    "name": "12B CHARMAN AVENUE EMERALD 3782",
    "locID": "LOC000183056367",
    "tech": "FTTN",
    "upgrade": "NULL_NA",
    "gnaf_pid": "GAVIC425670422",
    "tech_change_status": "Not Planned"
   }
  },
  {
   "type": "Feature",
   "geometry": {
    "type": "Point",
    "coordinates": [
     145.44792073,
     -37.92748328
    ]
   },
   "properties": {
    "name": "2 OLD GEMBROOK ROAD EMERALD 3782",
    "locID": "LOC000152279630",
    "tech": "FTTN",
    "upgrade": "FTTP_NA",
    "gnaf_pid": "GAVIC425684668",
    "tech_change_status": "Committed",
    "program_type": "On-Demand N2P SDU/MDU Simple",
    "target_eligibility_quarter": "Jun 2025"
   }
  },
  {
   "type": "Feature",
   "geometry": {
    "type": "Point",
    "coordinates": [
     145.438765,
     -37.931884
    ]
   },
   "properties": {
    "name": "UNIT 3, 275 BELGRAVE-GEMBROOK ROAD EMERALD 3782",
    "locID": "LOC000045649696",
    "tech": "FTTN",
    "upgrade": "FTTP_NA",
    "gnaf_pid": "GAVIC425702774",
    "tech_change_status": "Committed",
    "program_type": "On-Demand N2P SDU/MDU Simple",
    "target_eligibility_quarter": "Jun 2025"
   }
  },
  {
   "type": "Feature",
   "geometry": {
    "type": "Point",
    "coordinates": [
     145.44180098,
     -37.94000474
    ]
   },
   "properties": {
    "name": "15 OUTLOOK ROAD EMERALD 3782",
    "locID": "LOC000125526623",
    "tech": "FTTN",
    "upgrade": "NULL_NA",
    "gnaf_pid": "GAVIC425756793",
    "tech_change_status": "Not Planned"
   }
  },
  {
   "type": "Feature",
   "geometry": {
    "type": "Point",
    "coordinates": [
     145.43640563,
     -37.93273118
    ]
   },
   "properties": {
    "name": "7A CHURCH STREET EMERALD 3782",
    "locID": "LOC000152280176",
    "tech": "FTTN",
    "upgrade": "FTTP_NA",
    "gnaf_pid": "GAVIC425775469",
    "tech_change_status": "Committed",
    "program_type": "On-Demand N2P SDU/MDU Simple",
    "target_eligibility_quarter": "Jun 2025"
   }
  },
  {
   "type": "Feature",
   "geometry": {
    "type": "Point",
    "coordinates": [
     145.43946766,
     -37.93589892
    ]
   },
   "properties": {
    "name": "43 BOUNDARY ROAD EAST EMERALD 3782",
    "locID": "LOC000173528453",
    "tech": "FTTN",
    "upgrade": "NULL_NA",
    "gnaf_pid": "GAVIC425816510",
    "tech_change_status": "Not Planned"
   }
  },
  {
   "type": "Feature",
   "geometry": {
    "type": "Point",
    "coordinates": [
     145.4751009,
     -37.95984703
    ]
   },
   "properties": {
    "name": "60 HEPNER ROAD EMERALD 3782",
    "locID": "LOC100056310875",
    "tech": "WIRELESS",
    "upgrade": "NULL_NA",
    "gnaf_pid": "GAVIC425822771",
    "tech_change_status": "Not Planned"
   }
  },
  {
   "type": "Feature",
   "geometry": {
    "type": "Point",
    "coordinates": [
     145.44500212,
     -37.93122721
    ]
   },
   "properties": {
    "name": "28 KINGS ROAD EMERALD 3782",
    "locID": "LOC000180297877",
    "tech": "FTTN",
    "upgrade": "FTTP_NA",
    "gnaf_pid": "GAVIC425824137",
    "tech_change_status": "Committed",
    "program_type": "On-Demand N2P SDU/MDU Simple",
    "target_eligibility_quarter": "Jun 2025"
   }
  },
  {
   "type": "Feature",
   "geometry": {
    "type": "Point",
    "coordinates": [
     145.44515887,
     -37.93111842
    ]
   },
   "properties": {
    "name": "30 KINGS ROAD EMERALD 3782",
    "locID": "LOC000173551756",
    "tech": "FTTN",
    "upgrade": "FTTP_NA",
    "gnaf_pid": "GAVIC425824138",
    "tech_change_status": "Committed",
    "program_type": "On-Demand N2P SDU/MDU Simple",
    "target_eligibility_quarter": "Jun 2025"
   }
  },
  {
   "type": "Feature",
   "geometry": {
    "type": "Point",
    "coordinates": [
     145.43740419,
     -37.93594934
    ]
   },
   "properties": {
    "name": "27 BOUNDARY ROAD WEST EMERALD 3782",
    "locID": "LOC000169813371",
    "tech": "FTTN",
    "upgrade": "NULL_NA",
    "gnaf_pid": "GAVIC718990855",
    "tech_change_status": "Not Planned"
   }
  },
  {
   "type": "Feature",
   "geometry": {
    "type": "Point",
    "coordinates": [
     145.45002607,
     -37.93826853
    ]
   },
   "properties": {
    "name": "18 CLOVERLEIGH AVENUE EMERALD 3782",
    "locID": "LOC100056310834",
    "tech": "WIRELESS",
    "upgrade": "NULL_NA",
    "gnaf_pid": "GAVIC719017047",
    "tech_change_status": "Not Planned",
    "program_type": "Fixed Wireless and Satellite Upgrade Program",
    "target_eligibility_quarter": "NA"
   }
  },
  {
   "type": "Feature",
   "geometry": {
    "type": "Point",
    "coordinates": [
     145.44094517,
     -37.93292446
    ]
   },
   "properties": {
    "name": "SHOP 3, 5-7 KILVINGTON DRIVE EMERALD 3782",
    "locID": "LOC000019574540",
    "tech": "FTTN",
    "upgrade": "FTTP_NA",
    "gnaf_pid": "GAVIC719223521",
    "tech_change_status": "Committed",
    "program_type": "Customer-initiated N2P MDU Complex",
    "target_eligibility_quarter": "Jun 2025"
   }
  },
  {
   "type": "Feature",
   "geometry": {
    "type": "Point",
    "coordinates": [
     145.45236905,
     -37.92185545
    ]
   },
   "properties": {
    "name": "18 BOTTOMLEY DRIVE EMERALD 3782",
    "locID": "LOC000174209623",
    "tech": "FTTN",
    "upgrade": "NULL_NA",
    "gnaf_pid": "GAVIC719421651",
    "tech_change_status": "Not Planned"
   }
  },
  {
   "type": "Feature",
   "geometry": {
    "type": "Point",
    "coordinates": [
     145.44097051,
     -37.93300287
    ]
   },
   "properties": {
    "name": "SHOP 6, 5-7 KILVINGTON DRIVE EMERALD 3782",
    "locID": "LOC000169821559",
    "tech": "FTTN",
    "upgrade": "FTTP_NA",
    "gnaf_pid": "GAVIC719611719",
    "tech_change_status": "Committed",
    "program_type": "Customer-initiated N2P MDU Complex",
    "target_eligibility_quarter": "Jun 2025"
   }
  },
  {
   "type": "Feature",
   "geometry": {
    "type": "Point",
    "coordinates": [
     145.44128231,
     -37.93231878
    ]
   },
   "properties": {
    "name": "UNIT 1, 352 BELGRAVE-GEMBROOK ROAD EMERALD 3782",
    "locID": "LOC000065743339",
    "tech": "FTTN",
    "upgrade": "FTTP_NA",
    "gnaf_pid": "GAVIC719753520",
    "tech_change_status": "Committed",
    "program_type": "Customer-initiated N2P MDU Complex",
    "target_eligibility_quarter": "Jun 2025"
   }
  },
  {
   "type": "Feature",
   "geometry": {
    "type": "Point",
    "coordinates": [
     145.44128231,
     -37.93231878
    ]
   },
   "properties": {
    "name": "UNIT 2, 352 BELGRAVE-GEMBROOK ROAD EMERALD 3782",
    "locID": "LOC000065743339",
    "tech": "FTTN",
    "upgrade": "FTTP_NA",
    "gnaf_pid": "GAVIC719764141",
    "tech_change_status": "Committed",
    "program_type": "Customer-initiated N2P MDU Complex",
    "target_eligibility_quarter": "Jun 2025"
   }
  },
  {
   "type": "Feature",
   "geometry": {
    "type": "Point",
    "coordinates": [
     145.42922921,
     -37.92523671
    ]
   },
   "properties": {
    "name": "3 CROSS STREET EMERALD 3782",
    "locID": "LOC000195372129",
    "tech": "FTTN",
    "upgrade": "NULL_NA",
    "gnaf_pid": "GAVIC719765096",
    "tech_change_status": "Not Planned"
   }
  },
  {
   "type": "Feature",
   "geometry": {
    "type": "Point",
    "coordinates": [
     145.44146936,
     -37.93973811
    ]
   },
   "properties": {
    "name": "17 OUTLOOK ROAD EMERALD 3782",
    "locID": "LOC000125526623",
    "tech": "FTTN",
    "upgrade": "NULL_NA",
    "gnaf_pid": "GAVIC719765283",
    "tech_change_status": "Not Planned"
   }
  },
  {
   "type": "Feature",
   "geometry": {
    "type": "Point",
    "coordinates": [
     145.43618162,
     -37.93273439
    ]
   },
   "properties": {
    "name": "UNIT 2, 9 CHURCH STREET EMERALD 3782",
    "locID": "LOC000179426206",
    "tech": "FTTN",
    "upgrade": "FTTP_NA",
    "gnaf_pid": "GAVIC719917083",
    "tech_change_status": "Committed",
    "program_type": "On-Demand N2P SDU/MDU Simple",
    "target_eligibility_quarter": "Jun 2025"
   }
  },
  {
   "type": "Feature",
   "geometry": {
    "type": "Point",
    "coordinates": [
     145.43620035,
     -37.9324588
    ]
   },
   "properties": {
    "name": "UNIT 1, 9 CHURCH STREET EMERALD 3782",
    "locID": "LOC000179426193",
    "tech": "FTTN",
    "upgrade": "FTTP_NA",
    "gnaf_pid": "GAVIC719922047",
    "tech_change_status": "Committed",
    "program_type": "On-Demand N2P SDU/MDU Simple",
    "target_eligibility_quarter": "Jun 2025"
   }
  },
  {
   "type": "Feature",
   "geometry": {
    "type": "Point",
    "coordinates": [
     145.46619261,
     -37.92117499
    ]
   },
   "properties": {
    "name": "SHOP 2, 445 BELGRAVE-GEMBROOK ROAD EMERALD 3782",
    "locID": "LOC000076942040",
    "tech": "FTTN",
    "upgrade": "FTTP_NA",
    "gnaf_pid": "GAVIC719981608",
    "tech_change_status": "Committed",
    "program_type": "On-Demand N2P SDU/MDU Simple",
    "target_eligibility_quarter": "Jun 2025"
   }
  },
  {
   "type": "Feature",
   "geometry": {
    "type": "Point",
    "coordinates": [
     145.46619261,
     -37.92117499
    ]
   },
   "properties": {
    "name": "SHOP 1, 445 BELGRAVE-GEMBROOK ROAD EMERALD 3782",
    "locID": "LOC000076942040",
    "tech": "FTTN",
    "upgrade": "FTTP_NA",
    "gnaf_pid": "GAVIC719988870",
    "tech_change_status": "Committed",
    "program_type": "On-Demand N2P SDU/MDU Simple",
    "target_eligibility_quarter": "Jun 2025"
   }
  },
  {
   "type": "Feature",
   "geometry": {
    "type": "Point",
    "coordinates": [
     145.45369066,
     -37.88859797
    ]
   },
   "properties": {
    "name": "31 PATON ROAD EMERALD 3782",
    "locID": "LOC000064188315",
    "tech": "WIRELESS",
    "upgrade": "NULL_NA",
    "gnaf_pid": "GAVIC720049986",
    "tech_change_status": "Not Planned",
    "program_type": "Fixed Wireless and Satellite Upgrade Program",
    "target_eligibility_quarter": "Mar 2025"
   }
  },
  {
   "type": "Feature",
   "geometry": {
    "type": "Point",
    "coordinates": [
     145.46139969,
     -37.9029995
    ]
   },
   "properties": {
    "name": "11 PATON ROAD EMERALD 3782",
    "locID": "LOC000034850396",
    "tech": "WIRELESS",
    "upgrade": "NULL_NA",
    "gnaf_pid": "GAVIC720050405",
    "tech_change_status": "Not Planned",
    "program_type": "Fixed Wireless and Satellite Upgrade Program",
    "target_eligibility_quarter": "Mar 2025"
   }
  },
  {
   "type": "Feature",
   "geometry": {
    "type": "Point",
    "coordinates": [
     145.45449513,
     -37.88982519
    ]
   },
   "properties": {
    "name": "29 PATON ROAD EMERALD 3782",
    "locID": "LOC000041273968",
    "tech": "WIRELESS",
    "upgrade": "NULL_NA",
    "gnaf_pid": "GAVIC720051840",
    "tech_change_status": "Not Planned",
    "program_type": "Fixed Wireless and Satellite Upgrade Program",
    "target_eligibility_quarter": "Mar 2025"
   }
  },
  {
   "type": "Feature",
   "geometry": {
    "type": "Point",
    "coordinates": [
     145.4598339,
     -37.90022458
    ]
   },
   "properties": {
    "name": "15 PATON ROAD EMERALD 3782",
    "locID": "LOC000101364033",
    "tech": "SATELLITE",
    "upgrade": "WIRELESS",
    "gnaf_pid": "GAVIC720058997",
    "tech_change_status": "Eligible to Order"
   }
  },
  {
   "type": "Feature",
   "geometry": {
    "type": "Point",
    "coordinates": [
     145.45370057,
     -37.88704237
    ]
   },
   "properties": {
    "name": "33 PATON ROAD EMERALD 3782",
    "locID": "LOC000027068398",
    "tech": "WIRELESS",
    "upgrade": "NULL_NA",
    "gnaf_pid": "GAVIC720060295",
    "tech_change_status": "Not Planned",
    "program_type": "Fixed Wireless and Satellite Upgrade Program",
    "target_eligibility_quarter": "NA"
   }
  },
  {
   "type": "Feature",
   "geometry": {
    "type": "Point",
    "coordinates": [
     145.45530267,
     -37.8941707
    ]
   },
   "properties": {
    "name": "23 PATON ROAD EMERALD 3782",
    "locID": "LOC000046572612",
    "tech": "WIRELESS",
    "upgrade": "NULL_NA",
    "gnaf_pid": "GAVIC720061582",
    "tech_change_status": "Not Planned",
    "program_type": "Fixed Wireless and Satellite Upgrade Program",
    "target_eligibility_quarter": "NA"
   }
  },
  {
   "type": "Feature",
   "geometry": {
    "type": "Point",
    "coordinates": [
     145.45683734,
     -37.89801203
    ]
   },
   "properties": {
    "name": "19 PATON ROAD EMERALD 3782",
    "locID": "LOC000061885959",
    "tech": "SATELLITE",
    "upgrade": "WIRELESS",
    "gnaf_pid": "GAVIC720062969",
    "tech_change_status": "Eligible to Order"
   }
  },
  {
   "type": "Feature",
   "geometry": {
    "type": "Point",
    "coordinates": [
     145.45408041,
     -37.89714672
    ]
   },
   "properties": {
    "name": "21 PATON ROAD EMERALD 3782",
    "locID": "LOC000095243898",
    "tech": "WIRELESS",
    "upgrade": "NULL_NA",
    "gnaf_pid": "GAVIC720064068",
    "tech_change_status": "Not Planned",
    "program_type": "Fixed Wireless and Satellite Upgrade Program",
    "target_eligibility_quarter": "Mar 2025"
   }
  },
  {
   "type": "Feature",
   "geometry": {
    "type": "Point",
    "coordinates": [
     145.46240346,
     -37.90598016
    ]
   },
   "properties": {
    "name": "9 PATON ROAD EMERALD 3782",
    "locID": "LOC000055886907",
    "tech": "WIRELESS",
    "upgrade": "NULL_NA",
    "gnaf_pid": "GAVIC720064280",
    "tech_change_status": "Not Planned",
    "program_type": "Fixed Wireless and Satellite Upgrade Program",
    "target_eligibility_quarter": "Mar 2025"
   }
  },
  {
   "type": "Feature",
   "geometry": {
    "type": "Point",
    "coordinates": [
     145.46364457,
     -37.90865444
    ]
   },
   "properties": {
    "name": "7 PATON ROAD EMERALD 3782",
    "locID": "LOC000017743068",
    "tech": "WIRELESS",
    "upgrade": "NULL_NA",
    "gnaf_pid": "GAVIC720064767",
    "tech_change_status": "Not Planned",
    "program_type": "Fixed Wireless and Satellite Upgrade Program",
    "target_eligibility_quarter": "NA"
   }
  },
  {
   "type": "Feature",
   "geometry": {
    "type": "Point",
    "coordinates": [
     145.45890657,
     -37.89951621
    ]
   },
   "properties": {
    "name": "17 PATON ROAD EMERALD 3782",
    "locID": "LOC000009319277",
    "tech": "WIRELESS",
    "upgrade": "NULL_NA",
    "gnaf_pid": "GAVIC720066434",
    "tech_change_status": "Not Planned"
   }
  },
  {
   "type": "Feature",
   "geometry": {
    "type": "Point",
    "coordinates": [
     145.45680752,
     -37.90233712
    ]
   },
   "properties": {
    "name": "13 PATON ROAD EMERALD 3782",
    "locID": "LOC000102601495",
    "tech": "WIRELESS",
    "upgrade": "NULL_NA",
    "gnaf_pid": "GAVIC720066934",
    "tech_change_status": "Not Planned",
    "program_type": "Fixed Wireless and Satellite Upgrade Program",
    "target_eligibility_quarter": "NA"
   }
  },
  {
   "type": "Feature",
   "geometry": {
    "type": "Point",
    "coordinates": [
     145.45529856,
     -37.89164721
    ]
   },
   "properties": {
    "name": "27 PATON ROAD EMERALD 3782",
    "locID": "LOC000032725841",
    "tech": "WIRELESS",
    "upgrade": "NULL_NA",
    "gnaf_pid": "GAVIC720067364",
    "tech_change_status": "Not Planned",
    "program_type": "Fixed Wireless and Satellite Upgrade Program",
    "target_eligibility_quarter": "Mar 2025"
   }
  },
  {
   "type": "Feature",
   "geometry": {
    "type": "Point",
    "coordinates": [
     145.46784861,
     -37.91182289
    ]
   },
   "properties": {
    "name": "3 PATON ROAD EMERALD 3782",
    "locID": "LOC000096324358",
    "tech": "WIRELESS",
    "upgrade": "NULL_NA",
    "gnaf_pid": "GAVIC720068717",
    "tech_change_status": "Not Planned",
    "program_type": "Fixed Wireless and Satellite Upgrade Program",
    "target_eligibility_quarter": "Mar 2025"
   }
  },
  {
   "type": "Feature",
   "geometry": {
    "type": "Point",
    "coordinates": [
     145.46452971,
     -37.91082105
    ]
   },
   "properties": {
    "name": "5 PATON ROAD EMERALD 3782",
    "locID": "LOC000102601495",
    "tech": "WIRELESS",
    "upgrade": "NULL_NA",
    "gnaf_pid": "GAVIC720070489",
    "tech_change_status": "Not Planned",
    "program_type": "Fixed Wireless and Satellite Upgrade Program",
    "target_eligibility_quarter": "NA"
   }
  },
  {
   "type": "Feature",
   "geometry": {
    "type": "Point",
    "coordinates": [
     145.46007192,
     -37.90007682
    ]
   },
   "properties": {
    "name": "35 PATON ROAD EMERALD 3782",
    "locID": "LOC000102601495",
    "tech": "WIRELESS",
    "upgrade": "NULL_NA",
    "gnaf_pid": "GAVIC720075721",
    "tech_change_status": "Not Planned",
    "program_type": "Fixed Wireless and Satellite Upgrade Program",
    "target_eligibility_quarter": "NA"
   }
  },
  {
   "type": "Feature",
   "geometry": {
    "type": "Point",
    "coordinates": [
     145.43593941,
     -37.93294109
    ]
   },
   "properties": {
    "name": "25 ANNE STREET EMERALD 3782",
    "locID": "LOC000182708287",
    "tech": "FTTN",
    "upgrade": "FTTP_NA",
    "gnaf_pid": "GAVIC720216072",
    "tech_change_status": "Committed",
    "program_type": "On-Demand N2P SDU/MDU Simple",
    "target_eligibility_quarter": "Jun 2025"
   }
  },
  {
   "type": "Feature",
   "geometry": {
    "type": "Point",
    "coordinates": [
     145.43592779,
     -37.93263728
    ]
   },
   "properties": {
    "name": "21 ANNE STREET EMERALD 3782",
    "locID": "LOC000182793130",
    "tech": "FTTN",
    "upgrade": "FTTP_NA",
    "gnaf_pid": "GAVIC720224148",
    "tech_change_status": "Committed",
    "program_type": "On-Demand N2P SDU/MDU Simple",
    "target_eligibility_quarter": "Jun 2025"
   }
  },
  {
   "type": "Feature",
   "geometry": {
    "type": "Point",
    "coordinates": [
     145.43593294,
     -37.93277183
    ]
   },
   "properties": {
    "name": "23 ANNE STREET EMERALD 3782",
    "locID": "LOC000182793148",
    "tech": "FTTN",
    "upgrade": "FTTP_NA",
    "gnaf_pid": "GAVIC720231605",
    "tech_change_status": "Committed",
    "program_type": "On-Demand N2P SDU/MDU Simple",
    "target_eligibility_quarter": "Jun 2025"
   }
  },
  {
   "type": "Feature",
   "geometry": {
    "type": "Point",
    "coordinates": [
     145.43679962,
     -37.92703703
    ]
   },
   "properties": {
    "name": "3 LAUREL LANE EMERALD 3782",
    "locID": "LOC000110133746",
    "tech": "FTTN",
    "upgrade": "FTTP_NA",
    "gnaf_pid": "GAVIC720286752",
    "tech_change_status": "Committed",
    "program_type": "On-Demand N2P SDU/MDU Simple",
    "target_eligibility_quarter": "Jun 2025"
   }
  },
  {
   "type": "Feature",
   "geometry": {
    "type": "Point",
    "coordinates": [
     145.43631738,
     -37.92718572
    ]
   },
   "properties": {
    "name": "2 LAUREL LANE EMERALD 3782",
    "locID": "LOC000109571042",
    "tech": "FTTN",
    "upgrade": "FTTP_NA",
    "gnaf_pid": "GAVIC720292708",
    "tech_change_status": "Committed",
    "program_type": "On-Demand N2P SDU/MDU Simple",
    "target_eligibility_quarter": "Jun 2025"
   }
  },
  {
   "type": "Feature",
   "geometry": {
    "type": "Point",
    "coordinates": [
     145.43658955,
     -37.92906133
    ]
   },
   "properties": {
    "name": "1B WALNUT AVENUE EMERALD 3782",
    "locID": "LOC000190187440",
    "tech": "FTTN",
    "upgrade": "FTTP_NA",
    "gnaf_pid": "GAVIC720294561",
    "tech_change_status": "Committed",
    "program_type": "On-Demand N2P SDU/MDU Simple",
    "target_eligibility_quarter": "Jun 2025"
   }
  },
  {
   "type": "Feature",
   "geometry": {
    "type": "Point",
    "coordinates": [
     145.45548785,
     -37.93508785
    ]
   },
   "properties": {
    "name": "22 STATION AVENUE EMERALD 3782",
    "locID": "LOC000022543170",
    "tech": "FTTN",
    "upgrade": "FTTP_NA",
    "gnaf_pid": "GAVIC720348246",
    "tech_change_status": "In Design",
    "program_type": "On-Demand N2P SDU/MDU Simple",
    "target_eligibility_quarter": "Dec 2025"
   }
  },
  {
   "type": "Feature",
   "geometry": {
    "type": "Point",
    "coordinates": [
     145.44500745,
     -37.92827267
    ]
   },
   "properties": {
    "name": "TENANCY 2, 381 BELGRAVE-GEMBROOK ROAD EMERALD 3782",
    "locID": "LOC000052533799",
    "tech": "FTTN",
    "upgrade": "FTTP_NA",
    "gnaf_pid": "GAVIC720441891",
    "tech_change_status": "Committed",
    "program_type": "On-Demand N2P SDU/MDU Simple",
    "target_eligibility_quarter": "Jun 2025"
   }
  },
  {
   "type": "Feature",
   "geometry": {
    "type": "Point",
    "coordinates": [
     145.44476836,
     -37.93002213
    ]
   },
   "properties": {
    "name": "UNIT 1, 394 BELGRAVE-GEMBROOK ROAD EMERALD 3782",
    "locID": "LOC000125539241",
    "tech": "FTTN",
    "upgrade": "FTTP_NA",
    "gnaf_pid": "GAVIC720441986",
    "tech_change_status": "Committed",
    "program_type": "On-Demand N2P SDU/MDU Simple",
    "target_eligibility_quarter": "Dec 2025"
   }
  },
  {
   "type": "Feature",
   "geometry": {
    "type": "Point",
    "coordinates": [
     145.44476836,
     -37.93002213
    ]
   },
   "properties": {
    "name": "UNIT 2, 394 BELGRAVE-GEMBROOK ROAD EMERALD 3782",
    "locID": "LOC000125539241",
    "tech": "FTTN",
    "upgrade": "FTTP_NA",
    "gnaf_pid": "GAVIC720443168",
    "tech_change_status": "Committed",
    "program_type": "On-Demand N2P SDU/MDU Simple",
    "target_eligibility_quarter": "Dec 2025"
   }
  },
  {
   "type": "Feature",
   "geometry": {
    "type": "Point",
    "coordinates": [
     145.44234208,
     -37.93118302
    ]
   },
   "properties": {
    "name": "SHOP 3, 333 BELGRAVE-GEMBROOK ROAD EMERALD 3782",
    "locID": "LOC000184321253",
    "tech": "FTTN",
    "upgrade": "FTTP_NA",
    "gnaf_pid": "GAVIC720443721",
    "tech_change_status": "Committed",
    "program_type": "On-Demand N2P SDU/MDU Simple",
    "target_eligibility_quarter": "Dec 2025"
   }
  },
  {
   "type": "Feature",
   "geometry": {
    "type": "Point",
    "coordinates": [
     145.44500745,
     -37.92827267
    ]
   },
   "properties": {
    "name": "TENANCY 1, 381 BELGRAVE-GEMBROOK ROAD EMERALD 3782",
    "locID": "LOC000052533799",
    "tech": "FTTN",
    "upgrade": "FTTP_NA",
    "gnaf_pid": "GAVIC720445374",
    "tech_change_status": "Committed",
    "program_type": "On-Demand N2P SDU/MDU Simple",
    "target_eligibility_quarter": "Jun 2025"
   }
  },
  {
   "type": "Feature",
   "geometry": {
    "type": "Point",
    "coordinates": [
     145.44234208,
     -37.93118302
    ]
   },
   "properties": {
    "name": "SHOP 2, 333 BELGRAVE-GEMBROOK ROAD EMERALD 3782",
    "locID": "LOC000184321253",
    "tech": "FTTN",
    "upgrade": "FTTP_NA",
    "gnaf_pid": "GAVIC720447260",
    "tech_change_status": "Committed",
    "program_type": "On-Demand N2P SDU/MDU Simple",
    "target_eligibility_quarter": "Dec 2025"
   }
  },
  {
   "type": "Feature",
   "geometry": {
    "type": "Point",
    "coordinates": [
     145.44234208,
     -37.93118302
    ]
   },
   "properties": {
    "name": "SHOP 1, 333 BELGRAVE-GEMBROOK ROAD EMERALD 3782",
    "locID": "LOC000184321253",
    "tech": "FTTN",
    "upgrade": "FTTP_NA",
    "gnaf_pid": "GAVIC720447698",
    "tech_change_status": "Committed",
    "program_type": "On-Demand N2P SDU/MDU Simple",
    "target_eligibility_quarter": "Dec 2025"
   }
  },
  {
   "type": "Feature",
   "geometry": {
    "type": "Point",
    "coordinates": [
     145.44235628,
     -37.93159001
    ]
   },
   "properties": {
    "name": "TENANCY 2, 366 BELGRAVE-GEMBROOK ROAD EMERALD 3782",
    "locID": "LOC000071704880",
    "tech": "FTTN",
    "upgrade": "FTTP_NA",
    "gnaf_pid": "GAVIC720447844",
    "tech_change_status": "Committed",
    "program_type": "On-Demand N2P SDU/MDU Simple",
    "target_eligibility_quarter": "Dec 2025"
   }
  },
  {
   "type": "Feature",
   "geometry": {
    "type": "Point",
    "coordinates": [
     145.44235628,
     -37.93159001
    ]
   },
   "properties": {
    "name": "TENANCY 1, 366 BELGRAVE-GEMBROOK ROAD EMERALD 3782",
    "locID": "LOC000071704880",
    "tech": "FTTN",
    "upgrade": "FTTP_NA",
    "gnaf_pid": "GAVIC720457871",
    "tech_change_status": "Committed",
    "program_type": "On-Demand N2P SDU/MDU Simple",
    "target_eligibility_quarter": "Dec 2025"
   }
  },
  {
   "type": "Feature",
   "geometry": {
    "type": "Point",
    "coordinates": [
     145.45954793,
     -37.92773544
    ]
   },
   "properties": {
    "name": "50 EMERALD LAKE ROAD EMERALD 3782",
    "locID": "LOC000190016920",
    "tech": "FTTN",
    "upgrade": "NULL_NA",
    "gnaf_pid": "GAVIC720516575",
    "tech_change_status": "Not Planned"
   }
  },
  {
   "type": "Feature",
   "geometry": {
    "type": "Point",
    "coordinates": [
     145.45954793,
     -37.92773544
    ]
   },
   "properties": {
    "name": "KIOSK 1, 50 EMERALD LAKE ROAD EMERALD 3782",
    "locID": "LOC000190016920",
    "tech": "FTTN",
    "upgrade": "NULL_NA",
    "gnaf_pid": "GAVIC720517095",
    "tech_change_status": "Not Planned"
   }
  },
  {
   "type": "Feature",
   "geometry": {
    "type": "Point",
    "coordinates": [
     145.45283602,
     -37.92909345
    ]
   },
   "properties": {
    "name": "26 DURBAN ROAD EMERALD 3782",
    "locID": "LOC000026871693",
    "tech": "FTTN",
    "upgrade": "NULL_NA",
    "gnaf_pid": "GAVIC720566528",
    "tech_change_status": "Not Planned"
   }
  },
  {
   "type": "Feature",
   "geometry": {
    "type": "Point",
    "coordinates": [
     145.44138445,
     -37.93181146
    ]
   },
   "properties": {
    "name": "SHOP 3, 321 BELGRAVE-GEMBROOK ROAD EMERALD 3782",
    "locID": "LOC000186893813",
    "tech": "FTTN",
    "upgrade": "FTTP_NA",
    "gnaf_pid": "GAVIC720574342",
    "tech_change_status": "Committed",
    "program_type": "On-Demand N2P SDU/MDU Simple",
    "target_eligibility_quarter": "Jun 2025"
   }
  },
  {
   "type": "Feature",
   "geometry": {
    "type": "Point",
    "coordinates": [
     145.44653714,
     -37.91233192
    ]
   },
   "properties": {
    "name": "3 SUNNYSIDE TERRACE EMERALD 3782",
    "locID": "LOC000187081354",
    "tech": "FTTN",
    "upgrade": "NULL_NA",
    "gnaf_pid": "GAVIC720574771",
    "tech_change_status": "Not Planned"
   }
  },
  {
   "type": "Feature",
   "geometry": {
    "type": "Point",
    "coordinates": [
     145.44202639,
     -37.93139962
    ]
   },
   "properties": {
    "name": "OFFICE 1, FLOOR 1, 329-331 BELGRAVE-GEMBROOK ROAD EMERALD 3782",
    "locID": "LOC000092885350",
    "tech": "FTTN",
    "upgrade": "FTTP_NA",
    "gnaf_pid": "GAVIC720649791",
    "tech_change_status": "Committed",
    "program_type": "On-Demand N2P SDU/MDU Simple",
    "target_eligibility_quarter": "Dec 2025"
   }
  },
  {
   "type": "Feature",
   "geometry": {
    "type": "Point",
    "coordinates": [
     145.45103068,
     -37.9251957
    ]
   },
   "properties": {
    "name": "2A MARY STREET EMERALD 3782",
    "locID": "LOC000190520448",
    "tech": "FTTN",
    "upgrade": "NULL_NA",
    "gnaf_pid": "GAVIC720650521",
    "tech_change_status": "Not Planned"
   }
  },
  {
   "type": "Feature",
   "geometry": {
    "type": "Point",
    "coordinates": [
     145.46898098,
     -37.93398548
    ]
   },
   "properties": {
    "name": "24 BOUNDARY ROAD EMERALD 3782",
    "locID": "LOC000187668793",
    "tech": "FTTN",
    "upgrade": "NULL_NA",
    "gnaf_pid": "GAVIC720654206",
    "tech_change_status": "Not Planned"
   }
  },
  {
   "type": "Feature",
   "geometry": {
    "type": "Point",
    "coordinates": [
     145.44202639,
     -37.93139962
    ]
   },
   "properties": {
    "name": "SHOP 1, 329-331 BELGRAVE-GEMBROOK ROAD EMERALD 3782",
    "locID": "LOC000185287202",
    "tech": "FTTP",
    "upgrade": "NULL_NA",
    "gnaf_pid": "GAVIC720655161"
   }
  },
  {
   "type": "Feature",
   "geometry": {
    "type": "Point",
    "coordinates": [
     145.44216094,
     -37.93130648
    ]
   },
   "properties": {
    "name": "SHOP 4, 329-331 BELGRAVE-GEMBROOK ROAD EMERALD 3782",
    "locID": "LOC000185287239",
    "tech": "FTTP",
    "upgrade": "NULL_NA",
    "gnaf_pid": "GAVIC720657593"
   }
  },
  {
   "type": "Feature",
   "geometry": {
    "type": "Point",
    "coordinates": [
     145.44216094,
     -37.93130648
    ]
   },
   "properties": {
    "name": "SHOP 5, 329-331 BELGRAVE-GEMBROOK ROAD EMERALD 3782",
    "locID": "LOC000185287241",
    "tech": "FTTP",
    "upgrade": "NULL_NA",
    "gnaf_pid": "GAVIC720657606"
   }
  },
  {
   "type": "Feature",
   "geometry": {
    "type": "Point",
    "coordinates": [
     145.44234208,
     -37.93118302
    ]
   },
   "properties": {
    "name": "OFFICE 1, FLOOR 1, 333 BELGRAVE-GEMBROOK ROAD EMERALD 3782",
    "locID": "LOC000184321253",
    "tech": "FTTN",
    "upgrade": "FTTP_NA",
    "gnaf_pid": "GAVIC720659876",
    "tech_change_status": "Committed",
    "program_type": "On-Demand N2P SDU/MDU Simple",
    "target_eligibility_quarter": "Dec 2025"
   }
  },
  {
   "type": "Feature",
   "geometry": {
    "type": "Point",
    "coordinates": [
     145.44202639,
     -37.93139962
    ]
   },
   "properties": {
    "name": "329-331 BELGRAVE-GEMBROOK ROAD EMERALD 3782",
    "locID": "LOC000185287202",
    "tech": "FTTP",
    "upgrade": "NULL_NA",
    "gnaf_pid": "GAVIC720712346"
   }
  },
  {
   "type": "Feature",
   "geometry": {
    "type": "Point",
    "coordinates": [
     145.44202639,
     -37.93139962
    ]
   },
   "properties": {
    "name": "SHOP 3, 329-331 BELGRAVE-GEMBROOK ROAD EMERALD 3782",
    "locID": "LOC000185287202",
    "tech": "FTTP",
    "upgrade": "NULL_NA",
    "gnaf_pid": "GAVIC720752529"
   }
  },
  {
   "type": "Feature",
   "geometry": {
    "type": "Point",
    "coordinates": [
     145.44254834,
     -37.93255516
    ]
   },
   "properties": {
    "name": "1B KINGS ROAD EMERALD 3782",
    "locID": "LOC000190338468",
    "tech": "FTTN",
    "upgrade": "FTTP_NA",
    "gnaf_pid": "GAVIC720757824",
    "tech_change_status": "Committed",
    "program_type": "On-Demand N2P SDU/MDU Simple",
    "target_eligibility_quarter": "Jun 2025"
   }
  },
  {
   "type": "Feature",
   "geometry": {
    "type": "Point",
    "coordinates": [
     145.4426264,
     -37.9325001
    ]
   },
   "properties": {
    "name": "1C KINGS ROAD EMERALD 3782",
    "locID": "LOC000190338475",
    "tech": "FTTN",
    "upgrade": "FTTP_NA",
    "gnaf_pid": "GAVIC720760264",
    "tech_change_status": "Committed",
    "program_type": "On-Demand N2P SDU/MDU Simple",
    "target_eligibility_quarter": "Jun 2025"
   }
  },
  {
   "type": "Feature",
   "geometry": {
    "type": "Point",
    "coordinates": [
     145.44216094,
     -37.93130648
    ]
   },
   "properties": {
    "name": "OFFICE 2, FLOOR 1, 329-331 BELGRAVE-GEMBROOK ROAD EMERALD 3782",
    "locID": "LOC000092885350",
    "tech": "FTTN",
    "upgrade": "FTTP_NA",
    "gnaf_pid": "GAVIC720764424",
    "tech_change_status": "Committed",
    "program_type": "On-Demand N2P SDU/MDU Simple",
    "target_eligibility_quarter": "Dec 2025"
   }
  },
  {
   "type": "Feature",
   "geometry": {
    "type": "Point",
    "coordinates": [
     145.44240814,
     -37.9326524
    ]
   },
   "properties": {
    "name": "1A KINGS ROAD EMERALD 3782",
    "locID": "LOC000190338452",
    "tech": "FTTN",
    "upgrade": "FTTP_NA",
    "gnaf_pid": "GAVIC720764625",
    "tech_change_status": "Committed",
    "program_type": "On-Demand N2P SDU/MDU Simple",
    "target_eligibility_quarter": "Jun 2025"
   }
  },
  {
   "type": "Feature",
   "geometry": {
    "type": "Point",
    "coordinates": [
     145.44202639,
     -37.93139962
    ]
   },
   "properties": {
    "name": "SHOP 2, 329-331 BELGRAVE-GEMBROOK ROAD EMERALD 3782",
    "locID": "LOC000185287218",
    "tech": "FTTP",
    "upgrade": "NULL_NA",
    "gnaf_pid": "GAVIC720765326"
   }
  },
  {
   "type": "Feature",
   "geometry": {
    "type": "Point",
    "coordinates": [
     145.44534028,
     -37.93099276
    ]
   },
   "properties": {
    "name": "32 KINGS ROAD EMERALD 3782",
    "locID": "LOC000190071233",
    "tech": "FTTN",
    "upgrade": "FTTP_NA",
    "gnaf_pid": "GAVIC720831971",
    "tech_change_status": "Committed",
    "program_type": "On-Demand N2P SDU/MDU Simple",
    "target_eligibility_quarter": "Jun 2025"
   }
  },
  {
   "type": "Feature",
   "geometry": {
    "type": "Point",
    "coordinates": [
     145.4445139,
     -37.93202353
    ]
   },
   "properties": {
    "name": "5 QUEENS PLACE EMERALD 3782",
    "locID": "LOC000185370857",
    "tech": "FTTP",
    "upgrade": "NULL_NA",
    "gnaf_pid": "GAVIC720908974"
   }
  },
  {
   "type": "Feature",
   "geometry": {
    "type": "Point",
    "coordinates": [
     145.44439648,
     -37.93189069
    ]
   },
   "properties": {
    "name": "3 QUEENS PLACE EMERALD 3782",
    "locID": "LOC000185370835",
    "tech": "FTTP",
    "upgrade": "NULL_NA",
    "gnaf_pid": "GAVIC720910562"
   }
  },
  {
   "type": "Feature",
   "geometry": {
    "type": "Point",
    "coordinates": [
     145.44419938,
     -37.93203367
    ]
   },
   "properties": {
    "name": "4 QUEENS PLACE EMERALD 3782",
    "locID": "LOC000185370826",
    "tech": "FTTP",
    "upgrade": "NULL_NA",
    "gnaf_pid": "GAVIC720911427"
   }
  },
  {
   "type": "Feature",
   "geometry": {
    "type": "Point",
    "coordinates": [
     145.44434372,
     -37.93214165
    ]
   },
   "properties": {
    "name": "6 QUEENS PLACE EMERALD 3782",
    "locID": "LOC000185370842",
    "tech": "FTTP",
    "upgrade": "NULL_NA",
    "gnaf_pid": "GAVIC720919808"
   }
  },
  {
   "type": "Feature",
   "geometry": {
    "type": "Point",
    "coordinates": [
     145.46755827,
     -37.92214601
    ]
   },
   "properties": {
    "name": "3 CHANDLER AVENUE EMERALD 3782",
    "locID": "LOC000112981037",
    "tech": "FTTP",
    "upgrade": "NULL_NA",
    "gnaf_pid": "GAVIC720922429",
    "tech_change_status": "Previous Tech Disconnected"
   }
  },
  {
   "type": "Feature",
   "geometry": {
    "type": "Point",
    "coordinates": [
     145.4442119,
     -37.93221996
    ]
   },
   "properties": {
    "name": "5 REGAL CLOSE EMERALD 3782",
    "locID": "LOC000192139642",
    "tech": "FTTP",
    "upgrade": "NULL_NA",
    "gnaf_pid": "GAVIC720952826"
   }
  },
  {
   "type": "Feature",
   "geometry": {
    "type": "Point",
    "coordinates": [
     145.44373769,
     -37.93210477
    ]
   },
   "properties": {
    "name": "2 REGAL CLOSE EMERALD 3782",
    "locID": "LOC000192139674",
    "tech": "FTTP",
    "upgrade": "NULL_NA",
    "gnaf_pid": "GAVIC720956627"
   }
  },
  {
   "type": "Feature",
   "geometry": {
    "type": "Point",
    "coordinates": [
     145.44387438,
     -37.93224662
    ]
   },
   "properties": {
    "name": "4 REGAL CLOSE EMERALD 3782",
    "locID": "LOC000192139661",
    "tech": "FTTP",
    "upgrade": "NULL_NA",
    "gnaf_pid": "GAVIC720958742"
   }
  },
  {
   "type": "Feature",
   "geometry": {
    "type": "Point",
    "coordinates": [
     145.44497449,
     -37.93039769
    ]
   },
   "properties": {
    "name": "UNIT 3, 35 KINGS ROAD EMERALD 3782",
    "locID": "LOC000190754315",
    "tech": "FTTN",
    "upgrade": "FTTP_NA",
    "gnaf_pid": "GAVIC720960583",
    "tech_change_status": "Committed",
    "program_type": "On-Demand N2P SDU/MDU Simple",
    "target_eligibility_quarter": "Jun 2025"
   }
  },
  {
   "type": "Feature",
   "geometry": {
    "type": "Point",
    "coordinates": [
     145.44400217,
     -37.93234466
    ]
   },
   "properties": {
    "name": "6 REGAL CLOSE EMERALD 3782",
    "locID": "LOC000192139657",
    "tech": "FTTP",
    "upgrade": "NULL_NA",
    "gnaf_pid": "GAVIC720961309"
   }
  },
  {
   "type": "Feature",
   "geometry": {
    "type": "Point",
    "coordinates": [
     145.44392263,
     -37.93197641
    ]
   },
   "properties": {
    "name": "1 REGAL CLOSE EMERALD 3782",
    "locID": "LOC000185370819",
    "tech": "FTTP",
    "upgrade": "NULL_NA",
    "gnaf_pid": "GAVIC720963887"
   }
  },
  {
   "type": "Feature",
   "geometry": {
    "type": "Point",
    "coordinates": [
     145.44531581,
     -37.93063555
    ]
   },
   "properties": {
    "name": "UNIT 1, 35 KINGS ROAD EMERALD 3782",
    "locID": "LOC000190754202",
    "tech": "FTTN",
    "upgrade": "FTTP_NA",
    "gnaf_pid": "GAVIC720965128",
    "tech_change_status": "Committed",
    "program_type": "On-Demand N2P SDU/MDU Simple",
    "target_eligibility_quarter": "Jun 2025"
   }
  },
  {
   "type": "Feature",
   "geometry": {
    "type": "Point",
    "coordinates": [
     145.44515513,
     -37.93049732
    ]
   },
   "properties": {
    "name": "UNIT 2, 35 KINGS ROAD EMERALD 3782",
    "locID": "LOC000190754304",
    "tech": "FTTN",
    "upgrade": "FTTP_NA",
    "gnaf_pid": "GAVIC720968072",
    "tech_change_status": "Committed",
    "program_type": "On-Demand N2P SDU/MDU Simple",
    "target_eligibility_quarter": "Jun 2025"
   }
  },
  {
   "type": "Feature",
   "geometry": {
    "type": "Point",
    "coordinates": [
     145.44408678,
     -37.93210671
    ]
   },
   "properties": {
    "name": "3 REGAL CLOSE EMERALD 3782",
    "locID": "LOC000192139635",
    "tech": "FTTP",
    "upgrade": "NULL_NA",
    "gnaf_pid": "GAVIC720970463"
   }
  },
  {
   "type": "Feature",
   "geometry": {
    "type": "Point",
    "coordinates": [
     145.46182217,
     -37.928295
    ]
   },
   "properties": {
    "name": "UNIT 3, 50 EMERALD LAKE ROAD EMERALD 3782",
    "locID": "LOC000190016920",
    "tech": "FTTN",
    "upgrade": "NULL_NA",
    "gnaf_pid": "GAVIC721026239",
    "tech_change_status": "Not Planned"
   }
  },
  {
   "type": "Feature",
   "geometry": {
    "type": "Point",
    "coordinates": [
     145.45985882,
     -37.92986195
    ]
   },
   "properties": {
    "name": "UNIT 2, 50 EMERALD LAKE ROAD EMERALD 3782",
    "locID": "LOC000190016920",
    "tech": "FTTN",
    "upgrade": "NULL_NA",
    "gnaf_pid": "GAVIC721027241",
    "tech_change_status": "Not Planned"
   }
  },
  {
   "type": "Feature",
   "geometry": {
    "type": "Point",
    "coordinates": [
     145.4562482,
     -37.93909129
    ]
   },
   "properties": {
    "name": "75 AMBROSE STREET EMERALD 3782",
    "locID": "LOC000192531177",
    "tech": "FTTP",
    "upgrade": "NULL_NA",
    "gnaf_pid": "GAVIC721286224"
   }
  },
  {
   "type": "Feature",
   "geometry": {
    "type": "Point",
    "coordinates": [
     145.4562057,
     -37.93875184
    ]
   },
   "properties": {
    "name": "71 AMBROSE STREET EMERALD 3782",
    "locID": "LOC000192531196",
    "tech": "FTTP",
    "upgrade": "NULL_NA",
    "gnaf_pid": "GAVIC721287569"
   }
  },
  {
   "type": "Feature",
   "geometry": {
    "type": "Point",
    "coordinates": [
     145.45578051,
     -37.93926324
    ]
   },
   "properties": {
    "name": "46 AMBROSE STREET EMERALD 3782",
    "locID": "LOC000192531154",
    "tech": "FTTP",
    "upgrade": "NULL_NA",
    "gnaf_pid": "GAVIC721291434"
   }
  },
  {
   "type": "Feature",
   "geometry": {
    "type": "Point",
    "coordinates": [
     145.45634518,
     -37.93888336
    ]
   },
   "properties": {
    "name": "73 AMBROSE STREET EMERALD 3782",
    "locID": "LOC000192531183",
    "tech": "FTTP",
    "upgrade": "NULL_NA",
    "gnaf_pid": "GAVIC721299566"
   }
  },
  {
   "type": "Feature",
   "geometry": {
    "type": "Point",
    "coordinates": [
     145.45589864,
     -37.93956948
    ]
   },
   "properties": {
    "name": "48 AMBROSE STREET EMERALD 3782",
    "locID": "LOC000192531165",
    "tech": "FTTP",
    "upgrade": "NULL_NA",
    "gnaf_pid": "GAVIC721300230"
   }
  },
  {
   "type": "Feature",
   "geometry": {
    "type": "Point",
    "coordinates": [
     145.4441186,
     -37.94102818
    ]
   },
   "properties": {
    "name": "3 OUTLOOK ROAD EMERALD 3782",
    "locID": "LOC000125526453",
    "tech": "FTTN",
    "upgrade": "NULL_NA",
    "gnaf_pid": "GAVIC721422848",
    "tech_change_status": "Not Planned"
   }
  },
  {
   "type": "Feature",
   "geometry": {
    "type": "Point",
    "coordinates": [
     145.43008956,
     -37.92562074
    ]
   },
   "properties": {
    "name": "6 CROSS STREET EMERALD 3782",
    "locID": "LOC000195372129",
    "tech": "FTTN",
    "upgrade": "NULL_NA",
    "gnaf_pid": "GAVIC721473154",
    "tech_change_status": "Not Planned"
   }
  },
  {
   "type": "Feature",
   "geometry": {
    "type": "Point",
    "coordinates": [
     145.4411833,
     -37.94657912
    ]
   },
   "properties": {
    "name": "73A KILVINGTON DRIVE EMERALD 3782",
    "locID": "LOC000194765928",
    "tech": "FTTN",
    "upgrade": "NULL_NA",
    "gnaf_pid": "GAVIC721540906",
    "tech_change_status": "Not Planned"
   }
  }
 ]
}