{
 "type": "FeatureCollection",
 "generated": "2026-06-17T13:08:47.639881",
 "suburb": "WANDANA HEIGHTS",
 "features": [
  {
   "type": "Feature",
   "geometry": {
    "type": "Point",
    "coordinates": [
     144.30825996,
     -38.17226658
    ]
   },
   "properties": {
    "name": "UNIT 4, 7 WANDANA DRIVE WANDANA HEIGHTS 3216",
    "locID": "LOC000079383153",
    "tech": "FTTN",
    "upgrade": "FTTP_NA",
    "gnaf_pid": "GAVIC412523744",
    "tech_change_status": "MDU Complex Eligible To Apply",
    "program_type": "Customer-initiated N2P MDU Complex"
   }
  },
  {
   "type": "Feature",
   "geometry": {
    "type": "Point",
    "coordinates": [
     144.30885728,
     -38.17275729
    ]
   },
   "properties": {
    "name": "UNIT 17, 7 WANDANA DRIVE WANDANA HEIGHTS 3216",
    "locID": "LOC000079138070",
    "tech": "FTTN",
    "upgrade": "FTTP_NA",
    "gnaf_pid": "GAVIC412523746",
    "tech_change_status": "MDU Complex Eligible To Apply",
    "program_type": "Customer-initiated N2P MDU Complex"
   }
  },
  {
   "type": "Feature",
   "geometry": {
    "type": "Point",
    "coordinates": [
     144.3042961,
     -38.17472008
    ]
   },
   "properties": {
    "name": "17 SUNDERLAND ROAD WANDANA HEIGHTS 3216",
    "locID": "LOC000021812330",
    "tech": "FTTP",
    "upgrade": "FTTP_NA",
    "gnaf_pid": "GAVIC412523749",
    "tech_change_status": "Previous Tech Disconnected",
    "program_type": "On-Demand N2P SDU/MDU Simple",
    "target_eligibility_quarter": "NA"
   }
  },
  {
   "type": "Feature",
   "geometry": {
    "type": "Point",
    "coordinates": [
     144.3023005,
     -38.17247288
    ]
   },
   "properties": {
    "name": "1 NOBLE PLACE WANDANA HEIGHTS 3216",
    "locID": "LOC000058560853",
    "tech": "FTTP",
    "upgrade": "NULL_NA",
    "gnaf_pid": "GAVIC412523752",
    "tech_change_status": "Previous Tech Disconnected"
   }
  },
  {
   "type": "Feature",
   "geometry": {
    "type": "Point",
    "coordinates": [
     144.30223689,
     -38.17704963
    ]
   },
   "properties": {
    "name": "52 SUNDERLAND ROAD WANDANA HEIGHTS 3216",
    "locID": "LOC000083637079",
    "tech": "FTTP",
    "upgrade": "NULL_NA",
    "gnaf_pid": "GAVIC412523755",
    "tech_change_status": "Previous Tech Disconnected",
    "program_type": "On-Demand N2P SDU/MDU Simple",
    "target_eligibility_quarter": "NA"
   }
  },
  {
   "type": "Feature",
   "geometry": {
    "type": "Point",
    "coordinates": [
     144.3081727,
     -38.17240359
    ]
   },
   "properties": {
    "name": "UNIT 5, 7 WANDANA DRIVE WANDANA HEIGHTS 3216",
    "locID": "LOC000079478519",
    "tech": "FTTN",
    "upgrade": "FTTP_NA",
    "gnaf_pid": "GAVIC412523882",
    "tech_change_status": "MDU Complex Eligible To Apply",
    "program_type": "Customer-initiated N2P MDU Complex"
   }
  },
  {
   "type": "Feature",
   "geometry": {
    "type": "Point",
    "coordinates": [
     144.30495554,
     -38.17573848
    ]
   },
   "properties": {
    "name": "17 KIRAMI COURT WANDANA HEIGHTS 3216",
    "locID": "LOC000059685497",
    "tech": "FTTP",
    "upgrade": "NULL_NA",
    "gnaf_pid": "GAVIC412523884",
    "program_type": "On-Demand N2P SDU/MDU Simple",
    "target_eligibility_quarter": "NA"
   }
  },
  {
   "type": "Feature",
   "geometry": {
    "type": "Point",
    "coordinates": [
     144.30717146,
     -38.1780265
    ]
   },
   "properties": {
    "name": "5 FARRER CLOSE WANDANA HEIGHTS 3216",
    "locID": "LOC000038523550",
    "tech": "FTTN",
    "upgrade": "FTTP_SA",
    "gnaf_pid": "GAVIC412523897",
    "tech_change_status": "Eligible to Order",
    "program_type": "On-Demand N2P SDU/MDU Simple",
    "target_eligibility_quarter": "NA"
   }
  },
  {
   "type": "Feature",
   "geometry": {
    "type": "Point",
    "coordinates": [
     144.30891185,
     -38.17224274
    ]
   },
   "properties": {
    "name": "UNIT 12, 7 WANDANA DRIVE WANDANA HEIGHTS 3216",
    "locID": "LOC000079354844",
    "tech": "FTTN",
    "upgrade": "FTTP_NA",
    "gnaf_pid": "GAVIC412523988",
    "tech_change_status": "MDU Complex Eligible To Apply",
    "program_type": "Customer-initiated N2P MDU Complex"
   }
  },
  {
   "type": "Feature",
   "geometry": {
    "type": "Point",
    "coordinates": [
     144.3084169,
     -38.1720439
    ]
   },
   "properties": {
    "name": "UNIT 1, 7 WANDANA DRIVE WANDANA HEIGHTS 3216",
    "locID": "LOC000079354844",
    "tech": "FTTN",
    "upgrade": "FTTP_NA",
    "gnaf_pid": "GAVIC412523992",
    "tech_change_status": "MDU Complex Eligible To Apply",
    "program_type": "Customer-initiated N2P MDU Complex"
   }
  },
  {
   "type": "Feature",
   "geometry": {
    "type": "Point",
    "coordinates": [
     144.30839891,
     -38.17268254
    ]
   },
   "properties": {
    "name": "UNIT 19, 7 WANDANA DRIVE WANDANA HEIGHTS 3216",
    "locID": "LOC000078987148",
    "tech": "FTTN",
    "upgrade": "FTTP_NA",
    "gnaf_pid": "GAVIC412524000",
    "tech_change_status": "MDU Complex Eligible To Apply",
    "program_type": "Customer-initiated N2P MDU Complex"
   }
  },
  {
   "type": "Feature",
   "geometry": {
    "type": "Point",
    "coordinates": [
     144.30523763,
     -38.17766946
    ]
   },
   "properties": {
    "name": "74 WANDANA DRIVE WANDANA HEIGHTS 3216",
    "locID": "LOC000040143786",
    "tech": "FTTP",
    "upgrade": "NULL_NA",
    "gnaf_pid": "GAVIC412524743",
    "tech_change_status": "Previous Tech Disconnected",
    "program_type": "On-Demand N2P SDU/MDU Simple",
    "target_eligibility_quarter": "NA"
   }
  },
  {
   "type": "Feature",
   "geometry": {
    "type": "Point",
    "coordinates": [
     144.3048194,
     -38.17663539
    ]
   },
   "properties": {
    "name": "23B NIREEDA COURT WANDANA HEIGHTS 3216",
    "locID": "LOC000008038918",
    "tech": "FTTP",
    "upgrade": "NULL_NA",
    "gnaf_pid": "GAVIC412525449",
    "program_type": "On-Demand N2P SDU/MDU Simple",
    "target_eligibility_quarter": "NA"
   }
  },
  {
   "type": "Feature",
   "geometry": {
    "type": "Point",
    "coordinates": [
     144.30644288,
     -38.17119888
    ]
   },
   "properties": {
    "name": "UNIT 3, 3 STIRLING COURT WANDANA HEIGHTS 3216",
    "locID": "LOC000040601878",
    "tech": "FTTN",
    "upgrade": "FTTP_NA",
    "gnaf_pid": "GAVIC412525451",
    "tech_change_status": "MDU Complex Eligible To Apply",
    "program_type": "Customer-initiated N2P MDU Complex"
   }
  },
  {
   "type": "Feature",
   "geometry": {
    "type": "Point",
    "coordinates": [
     144.30416869,
     -38.17656666
    ]
   },
   "properties": {
    "name": "20 NIREEDA COURT WANDANA HEIGHTS 3216",
    "locID": "LOC000066307292",
    "tech": "FTTN",
    "upgrade": "FTTP_SA",
    "gnaf_pid": "GAVIC412525457",
    "tech_change_status": "Eligible to Order",
    "program_type": "On-Demand N2P SDU/MDU Simple",
    "target_eligibility_quarter": "NA"
   }
  },
  {
   "type": "Feature",
   "geometry": {
    "type": "Point",
    "coordinates": [
     144.30127523,
     -38.17769128
    ]
   },
   "properties": {
    "name": "62 SUNDERLAND ROAD WANDANA HEIGHTS 3216",
    "locID": "LOC000114722171",
    "tech": "FTTP",
    "upgrade": "NULL_NA",
    "gnaf_pid": "GAVIC412525598",
    "program_type": "On-Demand N2P SDU/MDU Simple",
    "target_eligibility_quarter": "NA"
   }
  },
  {
   "type": "Feature",
   "geometry": {
    "type": "Point",
    "coordinates": [
     144.30215376,
     -38.17746863
    ]
   },
   "properties": {
    "name": "56 SUNDERLAND ROAD WANDANA HEIGHTS 3216",
    "locID": "LOC000114526910",
    "tech": "FTTP",
    "upgrade": "NULL_NA",
    "gnaf_pid": "GAVIC412525604",
    "tech_change_status": "Previous Tech Disconnected",
    "program_type": "On-Demand N2P SDU/MDU Simple",
    "target_eligibility_quarter": "NA"
   }
  },
  {
   "type": "Feature",
   "geometry": {
    "type": "Point",
    "coordinates": [
     144.30750114,
     -38.17268098
    ]
   },
   "properties": {
    "name": "18 WANDANA DRIVE WANDANA HEIGHTS 3216",
    "locID": "LOC000113303641",
    "tech": "FTTN",
    "upgrade": "FTTP_SA",
    "gnaf_pid": "GAVIC412525607",
    "tech_change_status": "Eligible to Order",
    "program_type": "On-Demand N2P SDU/MDU Simple",
    "target_eligibility_quarter": "NA"
   }
  },
  {
   "type": "Feature",
   "geometry": {
    "type": "Point",
    "coordinates": [
     144.30623544,
     -38.17150234
    ]
   },
   "properties": {
    "name": "UNIT 1, 3 STIRLING COURT WANDANA HEIGHTS 3216",
    "locID": "LOC000040817742",
    "tech": "FTTN",
    "upgrade": "FTTP_NA",
    "gnaf_pid": "GAVIC412525757",
    "tech_change_status": "MDU Complex Eligible To Apply",
    "program_type": "Customer-initiated N2P MDU Complex"
   }
  },
  {
   "type": "Feature",
   "geometry": {
    "type": "Point",
    "coordinates": [
     144.30640074,
     -38.1713905
    ]
   },
   "properties": {
    "name": "UNIT 2, 3 STIRLING COURT WANDANA HEIGHTS 3216",
    "locID": "LOC000043437723",
    "tech": "FTTN",
    "upgrade": "FTTP_NA",
    "gnaf_pid": "GAVIC412525759",
    "tech_change_status": "MDU Complex Eligible To Apply",
    "program_type": "Customer-initiated N2P MDU Complex"
   }
  },
  {
   "type": "Feature",
   "geometry": {
    "type": "Point",
    "coordinates": [
     144.30900875,
     -38.17212061
    ]
   },
   "properties": {
    "name": "UNIT 10, 7 WANDANA DRIVE WANDANA HEIGHTS 3216",
    "locID": "LOC000079154659",
    "tech": "FTTN",
    "upgrade": "FTTP_NA",
    "gnaf_pid": "GAVIC412525763",
    "tech_change_status": "MDU Complex Eligible To Apply",
    "program_type": "Customer-initiated N2P MDU Complex"
   }
  },
  {
   "type": "Feature",
   "geometry": {
    "type": "Point",
    "coordinates": [
     144.30459976,
     -38.17522015
    ]
   },
   "properties": {
    "name": "4 FLORENCE COURT WANDANA HEIGHTS 3216",
    "locID": "LOC000054187951",
    "tech": "FTTP",
    "upgrade": "NULL_NA",
    "gnaf_pid": "GAVIC412526339",
    "program_type": "On-Demand N2P SDU/MDU Simple",
    "target_eligibility_quarter": "NA"
   }
  },
  {
   "type": "Feature",
   "geometry": {
    "type": "Point",
    "coordinates": [
     144.30897918,
     -38.17197175
    ]
   },
   "properties": {
    "name": "UNIT 9, 7 WANDANA DRIVE WANDANA HEIGHTS 3216",
    "locID": "LOC000079436716",
    "tech": "FTTN",
    "upgrade": "FTTP_NA",
    "gnaf_pid": "GAVIC412526340",
    "tech_change_status": "MDU Complex Eligible To Apply",
    "program_type": "Customer-initiated N2P MDU Complex"
   }
  },
  {
   "type": "Feature",
   "geometry": {
    "type": "Point",
    "coordinates": [
     144.3082697,
     -38.1726827
    ]
   },
   "properties": {
    "name": "UNIT 20, 7 WANDANA DRIVE WANDANA HEIGHTS 3216",
    "locID": "LOC000079265898",
    "tech": "FTTN",
    "upgrade": "FTTP_NA",
    "gnaf_pid": "GAVIC412526342",
    "tech_change_status": "MDU Complex Eligible To Apply",
    "program_type": "Customer-initiated N2P MDU Complex"
   }
  },
  {
   "type": "Feature",
   "geometry": {
    "type": "Point",
    "coordinates": [
     144.30811021,
     -38.1725728
    ]
   },
   "properties": {
    "name": "UNIT 7, 7 WANDANA DRIVE WANDANA HEIGHTS 3216",
    "locID": "LOC000079146995",
    "tech": "FTTN",
    "upgrade": "FTTP_NA",
    "gnaf_pid": "GAVIC412526343",
    "tech_change_status": "MDU Complex Eligible To Apply",
    "program_type": "Customer-initiated N2P MDU Complex"
   }
  },
  {
   "type": "Feature",
   "geometry": {
    "type": "Point",
    "coordinates": [
     144.30094555,
     -38.17883959
    ]
   },
   "properties": {
    "name": "2 SHOLDEN COURT WANDANA HEIGHTS 3216",
    "locID": "LOC000037896746",
    "tech": "FTTN",
    "upgrade": "FTTP",
    "gnaf_pid": "GAVIC412526351",
    "tech_change_status": "Eligible to Order",
    "program_type": "On-Demand N2P SDU/MDU Simple",
    "target_eligibility_quarter": "NA"
   }
  },
  {
   "type": "Feature",
   "geometry": {
    "type": "Point",
    "coordinates": [
     144.30294745,
     -38.17530635
    ]
   },
   "properties": {
    "name": "35 SUNDERLAND ROAD WANDANA HEIGHTS 3216",
    "locID": "LOC000085195102",
    "tech": "FTTN",
    "upgrade": "FTTP_SA",
    "gnaf_pid": "GAVIC412527205",
    "tech_change_status": "Eligible to Order",
    "program_type": "On-Demand N2P SDU/MDU Simple",
    "target_eligibility_quarter": "NA"
   }
  },
  {
   "type": "Feature",
   "geometry": {
    "type": "Point",
    "coordinates": [
     144.3019524,
     -38.17775678
    ]
   },
   "properties": {
    "name": "58 SUNDERLAND ROAD WANDANA HEIGHTS 3216",
    "locID": "LOC000113056255",
    "tech": "FTTP",
    "upgrade": "NULL_NA",
    "gnaf_pid": "GAVIC412527208",
    "program_type": "On-Demand N2P SDU/MDU Simple",
    "target_eligibility_quarter": "NA"
   }
  },
  {
   "type": "Feature",
   "geometry": {
    "type": "Point",
    "coordinates": [
     144.30525291,
     -38.17779335
    ]
   },
   "properties": {
    "name": "76 WANDANA DRIVE WANDANA HEIGHTS 3216",
    "locID": "LOC000104495946",
    "tech": "FTTN",
    "upgrade": "FTTP_SA",
    "gnaf_pid": "GAVIC412527210",
    "tech_change_status": "Eligible to Order",
    "program_type": "On-Demand N2P SDU/MDU Simple",
    "target_eligibility_quarter": "NA"
   }
  },
  {
   "type": "Feature",
   "geometry": {
    "type": "Point",
    "coordinates": [
     144.30363263,
     -38.17481905
    ]
   },
   "properties": {
    "name": "6 LEONARD COURT WANDANA HEIGHTS 3216",
    "locID": "LOC000049890594",
    "tech": "FTTP",
    "upgrade": "FTTP_NA",
    "gnaf_pid": "GAVIC412527214",
    "tech_change_status": "Previous Tech Disconnected",
    "program_type": "On-Demand N2P SDU/MDU Simple",
    "target_eligibility_quarter": "NA"
   }
  },
  {
   "type": "Feature",
   "geometry": {
    "type": "Point",
    "coordinates": [
     144.3089505,
     -38.1721331
    ]
   },
   "properties": {
    "name": "UNIT 11, 7 WANDANA DRIVE WANDANA HEIGHTS 3216",
    "locID": "LOC000079580973",
    "tech": "FTTN",
    "upgrade": "FTTP_NA",
    "gnaf_pid": "GAVIC412529434",
    "tech_change_status": "MDU Complex Eligible To Apply",
    "program_type": "Customer-initiated N2P MDU Complex"
   }
  },
  {
   "type": "Feature",
   "geometry": {
    "type": "Point",
    "coordinates": [
     144.30282075,
     -38.17596416
    ]
   },
   "properties": {
    "name": "43 SUNDERLAND ROAD WANDANA HEIGHTS 3216",
    "locID": "LOC000105709756",
    "tech": "FTTP",
    "upgrade": "NULL_NA",
    "gnaf_pid": "GAVIC412531074",
    "program_type": "On-Demand N2P SDU/MDU Simple",
    "target_eligibility_quarter": "NA"
   }
  },
  {
   "type": "Feature",
   "geometry": {
    "type": "Point",
    "coordinates": [
     144.30407276,
     -38.17469328
    ]
   },
   "properties": {
    "name": "19 SUNDERLAND ROAD WANDANA HEIGHTS 3216",
    "locID": "LOC000100401888",
    "tech": "FTTN",
    "upgrade": "FTTP_SA",
    "gnaf_pid": "GAVIC412531075",
    "tech_change_status": "Eligible to Order",
    "program_type": "On-Demand N2P SDU/MDU Simple",
    "target_eligibility_quarter": "NA"
   }
  },
  {
   "type": "Feature",
   "geometry": {
    "type": "Point",
    "coordinates": [
     144.30119291,
     -38.17857681
    ]
   },
   "properties": {
    "name": "13 SHOLDEN COURT WANDANA HEIGHTS 3216",
    "locID": "LOC000104779945",
    "tech": "FTTN",
    "upgrade": "FTTP_SA",
    "gnaf_pid": "GAVIC412531079",
    "tech_change_status": "Eligible to Order",
    "program_type": "On-Demand N2P SDU/MDU Simple",
    "target_eligibility_quarter": "NA"
   }
  },
  {
   "type": "Feature",
   "geometry": {
    "type": "Point",
    "coordinates": [
     144.30807919,
     -38.17263168
    ]
   },
   "properties": {
    "name": "UNIT 8, 7 WANDANA DRIVE WANDANA HEIGHTS 3216",
    "locID": "LOC000078995467",
    "tech": "FTTN",
    "upgrade": "FTTP_NA",
    "gnaf_pid": "GAVIC412532009",
    "tech_change_status": "MDU Complex Eligible To Apply",
    "program_type": "Customer-initiated N2P MDU Complex"
   }
  },
  {
   "type": "Feature",
   "geometry": {
    "type": "Point",
    "coordinates": [
     144.30810169,
     -38.1714323
    ]
   },
   "properties": {
    "name": "UNIT 1, 2 WANDANA DRIVE WANDANA HEIGHTS 3216",
    "locID": "LOC000063702667",
    "tech": "FTTN",
    "upgrade": "FTTP_SA",
    "gnaf_pid": "GAVIC412532017",
    "tech_change_status": "Eligible to Order",
    "program_type": "On-Demand N2P SDU/MDU Simple",
    "target_eligibility_quarter": "NA"
   }
  },
  {
   "type": "Feature",
   "geometry": {
    "type": "Point",
    "coordinates": [
     144.30891786,
     -38.1719062
    ]
   },
   "properties": {
    "name": "UNIT 3, 1 WANDANA DRIVE WANDANA HEIGHTS 3216",
    "locID": "LOC000035319353",
    "tech": "FTTN",
    "upgrade": "FTTP_SA",
    "gnaf_pid": "GAVIC412532107",
    "tech_change_status": "Eligible to Order",
    "program_type": "On-Demand N2P SDU/MDU Simple",
    "target_eligibility_quarter": "NA"
   }
  },
  {
   "type": "Feature",
   "geometry": {
    "type": "Point",
    "coordinates": [
     144.30520527,
     -38.17574714
    ]
   },
   "properties": {
    "name": "UNIT 1, 50 WANDANA DRIVE WANDANA HEIGHTS 3216",
    "locID": "LOC000074360890",
    "tech": "FTTN",
    "upgrade": "FTTP_SA",
    "gnaf_pid": "GAVIC412532110",
    "tech_change_status": "Eligible to Order",
    "program_type": "On-Demand N2P SDU/MDU Simple",
    "target_eligibility_quarter": "NA"
   }
  },
  {
   "type": "Feature",
   "geometry": {
    "type": "Point",
    "coordinates": [
     144.30357404,
     -38.17690659
    ]
   },
   "properties": {
    "name": "UNIT 2, 10 NIREEDA COURT WANDANA HEIGHTS 3216",
    "locID": "LOC000023472392",
    "tech": "FTTP",
    "upgrade": "FTTP_NA",
    "gnaf_pid": "GAVIC412532687",
    "tech_change_status": "Previous Tech Disconnected",
    "program_type": "On-Demand N2P SDU/MDU Simple",
    "target_eligibility_quarter": "NA"
   }
  },
  {
   "type": "Feature",
   "geometry": {
    "type": "Point",
    "coordinates": [
     144.30061625,
     -38.17741501
    ]
   },
   "properties": {
    "name": "135 GROSVENOR DRIVE WANDANA HEIGHTS 3216",
    "locID": "LOC000073757198",
    "tech": "FTTP",
    "upgrade": "NULL_NA",
    "gnaf_pid": "GAVIC412532690",
    "tech_change_status": "Eligible to Order",
    "program_type": "On-Demand N2P SDU/MDU Simple",
    "target_eligibility_quarter": "NA"
   }
  },
  {
   "type": "Feature",
   "geometry": {
    "type": "Point",
    "coordinates": [
     144.3048194,
     -38.17663539
    ]
   },
   "properties": {
    "name": "23A NIREEDA COURT WANDANA HEIGHTS 3216",
    "locID": "LOC000007978366",
    "tech": "FTTP",
    "upgrade": "NULL_NA",
    "gnaf_pid": "GAVIC412532692",
    "program_type": "On-Demand N2P SDU/MDU Simple",
    "target_eligibility_quarter": "NA"
   }
  },
  {
   "type": "Feature",
   "geometry": {
    "type": "Point",
    "coordinates": [
     144.3054091,
     -38.17741085
    ]
   },
   "properties": {
    "name": "70 WANDANA DRIVE WANDANA HEIGHTS 3216",
    "locID": "LOC000092694988",
    "tech": "FTTN",
    "upgrade": "FTTP_SA",
    "gnaf_pid": "GAVIC412535395",
    "tech_change_status": "Eligible to Order",
    "program_type": "On-Demand N2P SDU/MDU Simple",
    "target_eligibility_quarter": "NA"
   }
  },
  {
   "type": "Feature",
   "geometry": {
    "type": "Point",
    "coordinates": [
     144.30855059,
     -38.1727197
    ]
   },
   "properties": {
    "name": "UNIT 18, 7 WANDANA DRIVE WANDANA HEIGHTS 3216",
    "locID": "LOC000079031855",
    "tech": "FTTN",
    "upgrade": "FTTP_NA",
    "gnaf_pid": "GAVIC412535411",
    "tech_change_status": "MDU Complex Eligible To Apply",
    "program_type": "Customer-initiated N2P MDU Complex"
   }
  },
  {
   "type": "Feature",
   "geometry": {
    "type": "Point",
    "coordinates": [
     144.3029158,
     -38.1754707
    ]
   },
   "properties": {
    "name": "37 SUNDERLAND ROAD WANDANA HEIGHTS 3216",
    "locID": "LOC000089726285",
    "tech": "FTTP",
    "upgrade": "NULL_NA",
    "gnaf_pid": "GAVIC412535420",
    "tech_change_status": "Previous Tech Disconnected",
    "program_type": "On-Demand N2P SDU/MDU Simple",
    "target_eligibility_quarter": "NA"
   }
  },
  {
   "type": "Feature",
   "geometry": {
    "type": "Point",
    "coordinates": [
     144.30032665,
     -38.17738146
    ]
   },
   "properties": {
    "name": "74 SUNDERLAND ROAD WANDANA HEIGHTS 3216",
    "locID": "LOC000114823601",
    "tech": "FTTP",
    "upgrade": "FTTP_NA",
    "gnaf_pid": "GAVIC412535429",
    "tech_change_status": "Previous Tech Disconnected",
    "program_type": "On-Demand N2P SDU/MDU Simple",
    "target_eligibility_quarter": "NA"
   }
  },
  {
   "type": "Feature",
   "geometry": {
    "type": "Point",
    "coordinates": [
     144.30826768,
     -38.17225199
    ]
   },
   "properties": {
    "name": "UNIT 3, 7 WANDANA DRIVE WANDANA HEIGHTS 3216",
    "locID": "LOC000079354844",
    "tech": "FTTN",
    "upgrade": "FTTP_NA",
    "gnaf_pid": "GAVIC412537216",
    "tech_change_status": "MDU Complex Eligible To Apply",
    "program_type": "Customer-initiated N2P MDU Complex"
   }
  },
  {
   "type": "Feature",
   "geometry": {
    "type": "Point",
    "coordinates": [
     144.30438345,
     -38.17596138
    ]
   },
   "properties": {
    "name": "5 KIRAMI COURT WANDANA HEIGHTS 3216",
    "locID": "LOC000066894136",
    "tech": "FTTP",
    "upgrade": "NULL_NA",
    "gnaf_pid": "GAVIC412538445",
    "tech_change_status": "Previous Tech Disconnected",
    "program_type": "On-Demand N2P SDU/MDU Simple",
    "target_eligibility_quarter": "NA"
   }
  },
  {
   "type": "Feature",
   "geometry": {
    "type": "Point",
    "coordinates": [
     144.30345491,
     -38.17594575
    ]
   },
   "properties": {
    "name": "9 KIRAMI COURT WANDANA HEIGHTS 3216",
    "locID": "LOC000075484413",
    "tech": "FTTP",
    "upgrade": "NULL_NA",
    "gnaf_pid": "GAVIC412538447",
    "program_type": "On-Demand N2P SDU/MDU Simple",
    "target_eligibility_quarter": "NA"
   }
  },
  {
   "type": "Feature",
   "geometry": {
    "type": "Point",
    "coordinates": [
     144.30416174,
     -38.17593478
    ]
   },
   "properties": {
    "name": "6 KIRAMI COURT WANDANA HEIGHTS 3216",
    "locID": "LOC000003889894",
    "tech": "FTTP",
    "upgrade": "NULL_NA",
    "gnaf_pid": "GAVIC412538452",
    "program_type": "On-Demand N2P SDU/MDU Simple",
    "target_eligibility_quarter": "NA"
   }
  },
  {
   "type": "Feature",
   "geometry": {
    "type": "Point",
    "coordinates": [
     144.3040551,
     -38.1748957
    ]
   },
   "properties": {
    "name": "2 LEONARD COURT WANDANA HEIGHTS 3216",
    "locID": "LOC000005161068",
    "tech": "FTTN",
    "upgrade": "FTTP_SA",
    "gnaf_pid": "GAVIC412538456",
    "tech_change_status": "Eligible to Order",
    "program_type": "On-Demand N2P SDU/MDU Simple",
    "target_eligibility_quarter": "NA"
   }
  },
  {
   "type": "Feature",
   "geometry": {
    "type": "Point",
    "coordinates": [
     144.30609435,
     -38.1743561
    ]
   },
   "properties": {
    "name": "UNIT 2, 36 WANDANA DRIVE WANDANA HEIGHTS 3216",
    "locID": "LOC000008066710",
    "tech": "FTTN",
    "upgrade": "FTTP_SA",
    "gnaf_pid": "GAVIC412538462",
    "tech_change_status": "Eligible to Order",
    "program_type": "On-Demand N2P SDU/MDU Simple",
    "target_eligibility_quarter": "NA"
   }
  },
  {
   "type": "Feature",
   "geometry": {
    "type": "Point",
    "coordinates": [
     144.3044349,
     -38.17494334
    ]
   },
   "properties": {
    "name": "6 FLORENCE COURT WANDANA HEIGHTS 3216",
    "locID": "LOC000079168096",
    "tech": "FTTP",
    "upgrade": "NULL_NA",
    "gnaf_pid": "GAVIC412538466",
    "program_type": "On-Demand N2P SDU/MDU Simple",
    "target_eligibility_quarter": "NA"
   }
  },
  {
   "type": "Feature",
   "geometry": {
    "type": "Point",
    "coordinates": [
     144.3052907,
     -38.17483955
    ]
   },
   "properties": {
    "name": "9 SUNDERLAND ROAD WANDANA HEIGHTS 3216",
    "locID": "LOC000049076806",
    "tech": "FTTN",
    "upgrade": "FTTP_SA",
    "gnaf_pid": "GAVIC412538468",
    "tech_change_status": "Eligible to Order",
    "program_type": "On-Demand N2P SDU/MDU Simple",
    "target_eligibility_quarter": "NA"
   }
  },
  {
   "type": "Feature",
   "geometry": {
    "type": "Point",
    "coordinates": [
     144.30367477,
     -38.17680225
    ]
   },
   "properties": {
    "name": "UNIT 1, 10 NIREEDA COURT WANDANA HEIGHTS 3216",
    "locID": "LOC000023475926",
    "tech": "FTTN",
    "upgrade": "FTTP_SA",
    "gnaf_pid": "GAVIC412538502",
    "tech_change_status": "Eligible to Order",
    "program_type": "On-Demand N2P SDU/MDU Simple",
    "target_eligibility_quarter": "NA"
   }
  },
  {
   "type": "Feature",
   "geometry": {
    "type": "Point",
    "coordinates": [
     144.30394621,
     -38.17591909
    ]
   },
   "properties": {
    "name": "7 KIRAMI COURT WANDANA HEIGHTS 3216",
    "locID": "LOC000107087853",
    "tech": "FTTN",
    "upgrade": "FTTP_SA",
    "gnaf_pid": "GAVIC412538503",
    "tech_change_status": "Eligible to Order",
    "program_type": "On-Demand N2P SDU/MDU Simple",
    "target_eligibility_quarter": "NA"
   }
  },
  {
   "type": "Feature",
   "geometry": {
    "type": "Point",
    "coordinates": [
     144.30285175,
     -38.1770492
    ]
   },
   "properties": {
    "name": "4 MADELINE DRIVE WANDANA HEIGHTS 3216",
    "locID": "LOC000058338911",
    "tech": "FTTP",
    "upgrade": "FTTP_NA",
    "gnaf_pid": "GAVIC412539352",
    "tech_change_status": "Previous Tech Disconnected",
    "program_type": "On-Demand N2P SDU/MDU Simple",
    "target_eligibility_quarter": "NA"
   }
  },
  {
   "type": "Feature",
   "geometry": {
    "type": "Point",
    "coordinates": [
     144.30158819,
     -38.17873586
    ]
   },
   "properties": {
    "name": "9 STANFIELD DRIVE WANDANA HEIGHTS 3216",
    "locID": "LOC000030210570",
    "tech": "FTTP",
    "upgrade": "NULL_NA",
    "gnaf_pid": "GAVIC412539354",
    "program_type": "On-Demand N2P SDU/MDU Simple",
    "target_eligibility_quarter": "NA"
   }
  },
  {
   "type": "Feature",
   "geometry": {
    "type": "Point",
    "coordinates": [
     144.30252495,
     -38.17558273
    ]
   },
   "properties": {
    "name": "36 SUNDERLAND ROAD WANDANA HEIGHTS 3216",
    "locID": "LOC000079914104",
    "tech": "FTTN",
    "upgrade": "FTTP_SA",
    "gnaf_pid": "GAVIC412539360",
    "tech_change_status": "Eligible to Order",
    "program_type": "On-Demand N2P SDU/MDU Simple",
    "target_eligibility_quarter": "NA"
   }
  },
  {
   "type": "Feature",
   "geometry": {
    "type": "Point",
    "coordinates": [
     144.3009088,
     -38.17854349
    ]
   },
   "properties": {
    "name": "12 SHOLDEN COURT WANDANA HEIGHTS 3216",
    "locID": "LOC000107879768",
    "tech": "FTTP",
    "upgrade": "NULL_NA",
    "gnaf_pid": "GAVIC412539364",
    "tech_change_status": "Previous Tech Disconnected",
    "program_type": "On-Demand N2P SDU/MDU Simple",
    "target_eligibility_quarter": "NA"
   }
  },
  {
   "type": "Feature",
   "geometry": {
    "type": "Point",
    "coordinates": [
     144.30234098,
     -38.17651998
    ]
   },
   "properties": {
    "name": "48 SUNDERLAND ROAD WANDANA HEIGHTS 3216",
    "locID": "LOC000027601545",
    "tech": "FTTN",
    "upgrade": "FTTP_SA",
    "gnaf_pid": "GAVIC412539366",
    "tech_change_status": "Eligible to Order",
    "program_type": "On-Demand N2P SDU/MDU Simple",
    "target_eligibility_quarter": "NA"
   }
  },
  {
   "type": "Feature",
   "geometry": {
    "type": "Point",
    "coordinates": [
     144.30475133,
     -38.17571396
    ]
   },
   "properties": {
    "name": "16 KIRAMI COURT WANDANA HEIGHTS 3216",
    "locID": "LOC000015149995",
    "tech": "FTTN",
    "upgrade": "FTTP_SA",
    "gnaf_pid": "GAVIC412539780",
    "tech_change_status": "Eligible to Order",
    "program_type": "On-Demand N2P SDU/MDU Simple",
    "target_eligibility_quarter": "NA"
   }
  },
  {
   "type": "Feature",
   "geometry": {
    "type": "Point",
    "coordinates": [
     144.30245684,
     -38.17592978
    ]
   },
   "properties": {
    "name": "40 SUNDERLAND ROAD WANDANA HEIGHTS 3216",
    "locID": "LOC000018488075",
    "tech": "FTTN",
    "upgrade": "FTTP_SA",
    "gnaf_pid": "GAVIC412539793",
    "tech_change_status": "Eligible to Order",
    "program_type": "On-Demand N2P SDU/MDU Simple",
    "target_eligibility_quarter": "NA"
   }
  },
  {
   "type": "Feature",
   "geometry": {
    "type": "Point",
    "coordinates": [
     144.30424655,
     -38.17565339
    ]
   },
   "properties": {
    "name": "14 KIRAMI COURT WANDANA HEIGHTS 3216",
    "locID": "LOC000023035020",
    "tech": "FTTN",
    "upgrade": "FTTP_SA",
    "gnaf_pid": "GAVIC412539795",
    "tech_change_status": "Eligible to Order",
    "program_type": "On-Demand N2P SDU/MDU Simple",
    "target_eligibility_quarter": "NA"
   }
  },
  {
   "type": "Feature",
   "geometry": {
    "type": "Point",
    "coordinates": [
     144.30242535,
     -38.17609011
    ]
   },
   "properties": {
    "name": "42 SUNDERLAND ROAD WANDANA HEIGHTS 3216",
    "locID": "LOC000015218809",
    "tech": "FTTN",
    "upgrade": "FTTP_SA",
    "gnaf_pid": "GAVIC412539797",
    "tech_change_status": "Eligible to Order",
    "program_type": "On-Demand N2P SDU/MDU Simple",
    "target_eligibility_quarter": "NA"
   }
  },
  {
   "type": "Feature",
   "geometry": {
    "type": "Point",
    "coordinates": [
     144.3028524,
     -38.17579976
    ]
   },
   "properties": {
    "name": "41 SUNDERLAND ROAD WANDANA HEIGHTS 3216",
    "locID": "LOC000100644671",
    "tech": "FTTN",
    "upgrade": "FTTP_SA",
    "gnaf_pid": "GAVIC412539798",
    "tech_change_status": "Eligible to Order",
    "program_type": "On-Demand N2P SDU/MDU Simple",
    "target_eligibility_quarter": "NA"
   }
  },
  {
   "type": "Feature",
   "geometry": {
    "type": "Point",
    "coordinates": [
     144.30236468,
     -38.17072333
    ]
   },
   "properties": {
    "name": "UNIT 1, 57 GROSVENOR DRIVE WANDANA HEIGHTS 3216",
    "locID": "LOC000039687580",
    "tech": "FTTP",
    "upgrade": "NULL_NA",
    "gnaf_pid": "GAVIC412539803"
   }
  },
  {
   "type": "Feature",
   "geometry": {
    "type": "Point",
    "coordinates": [
     144.30832595,
     -38.17216061
    ]
   },
   "properties": {
    "name": "UNIT 2, 7 WANDANA DRIVE WANDANA HEIGHTS 3216",
    "locID": "LOC000079265898",
    "tech": "FTTN",
    "upgrade": "FTTP_NA",
    "gnaf_pid": "GAVIC412541116",
    "tech_change_status": "MDU Complex Eligible To Apply",
    "program_type": "Customer-initiated N2P MDU Complex"
   }
  },
  {
   "type": "Feature",
   "geometry": {
    "type": "Point",
    "coordinates": [
     144.30889848,
     -38.17264036
    ]
   },
   "properties": {
    "name": "UNIT 16, 7 WANDANA DRIVE WANDANA HEIGHTS 3216",
    "locID": "LOC000079446794",
    "tech": "FTTN",
    "upgrade": "FTTP_NA",
    "gnaf_pid": "GAVIC412541118",
    "tech_change_status": "MDU Complex Eligible To Apply",
    "program_type": "Customer-initiated N2P MDU Complex"
   }
  },
  {
   "type": "Feature",
   "geometry": {
    "type": "Point",
    "coordinates": [
     144.30637778,
     -38.1743827
    ]
   },
   "properties": {
    "name": "UNIT 1, 36 WANDANA DRIVE WANDANA HEIGHTS 3216",
    "locID": "LOC000007707173",
    "tech": "FTTP",
    "upgrade": "NULL_NA",
    "gnaf_pid": "GAVIC412541122",
    "program_type": "On-Demand N2P SDU/MDU Simple",
    "target_eligibility_quarter": "NA"
   }
  },
  {
   "type": "Feature",
   "geometry": {
    "type": "Point",
    "coordinates": [
     144.30891025,
     -38.1725708
    ]
   },
   "properties": {
    "name": "UNIT 15, 7 WANDANA DRIVE WANDANA HEIGHTS 3216",
    "locID": "LOC000079136932",
    "tech": "FTTN",
    "upgrade": "FTTP_NA",
    "gnaf_pid": "GAVIC412543563",
    "tech_change_status": "MDU Complex Eligible To Apply",
    "program_type": "Customer-initiated N2P MDU Complex"
   }
  },
  {
   "type": "Feature",
   "geometry": {
    "type": "Point",
    "coordinates": [
     144.30892908,
     -38.17246065
    ]
   },
   "properties": {
    "name": "UNIT 14, 7 WANDANA DRIVE WANDANA HEIGHTS 3216",
    "locID": "LOC000079451748",
    "tech": "FTTN",
    "upgrade": "FTTP_NA",
    "gnaf_pid": "GAVIC412543568",
    "tech_change_status": "MDU Complex Eligible To Apply",
    "program_type": "Customer-initiated N2P MDU Complex"
   }
  },
  {
   "type": "Feature",
   "geometry": {
    "type": "Point",
    "coordinates": [
     144.3062888,
     -38.17453198
    ]
   },
   "properties": {
    "name": "UNIT 2, 38 WANDANA DRIVE WANDANA HEIGHTS 3216",
    "locID": "LOC000027941185",
    "tech": "FTTP",
    "upgrade": "NULL_NA",
    "gnaf_pid": "GAVIC412543682",
    "program_type": "On-Demand N2P SDU/MDU Simple",
    "target_eligibility_quarter": "NA"
   }
  },
  {
   "type": "Feature",
   "geometry": {
    "type": "Point",
    "coordinates": [
     144.30619803,
     -38.17468431
    ]
   },
   "properties": {
    "name": "UNIT 1, 38 WANDANA DRIVE WANDANA HEIGHTS 3216",
    "locID": "LOC000027969682",
    "tech": "FTTN",
    "upgrade": "FTTP_SA",
    "gnaf_pid": "GAVIC412543689",
    "tech_change_status": "Eligible to Order",
    "program_type": "On-Demand N2P SDU/MDU Simple",
    "target_eligibility_quarter": "NA"
   }
  },
  {
   "type": "Feature",
   "geometry": {
    "type": "Point",
    "coordinates": [
     144.30894025,
     -38.17179716
    ]
   },
   "properties": {
    "name": "UNIT 2, 1 WANDANA DRIVE WANDANA HEIGHTS 3216",
    "locID": "LOC000035392623",
    "tech": "FTTN",
    "upgrade": "FTTP_SA",
    "gnaf_pid": "GAVIC412543690",
    "tech_change_status": "Eligible to Order",
    "program_type": "On-Demand N2P SDU/MDU Simple",
    "target_eligibility_quarter": "NA"
   }
  },
  {
   "type": "Feature",
   "geometry": {
    "type": "Point",
    "coordinates": [
     144.30852056,
     -38.17179863
    ]
   },
   "properties": {
    "name": "UNIT 4, 5 WANDANA DRIVE WANDANA HEIGHTS 3216",
    "locID": "LOC000051385224",
    "tech": "FTTN",
    "upgrade": "FTTP_NA",
    "gnaf_pid": "GAVIC412544517",
    "tech_change_status": "MDU Complex Eligible To Apply",
    "program_type": "Customer-initiated N2P MDU Complex"
   }
  },
  {
   "type": "Feature",
   "geometry": {
    "type": "Point",
    "coordinates": [
     144.30133291,
     -38.17806881
    ]
   },
   "properties": {
    "name": "83 SUNDERLAND ROAD WANDANA HEIGHTS 3216",
    "locID": "LOC000083411039",
    "tech": "FTTP",
    "upgrade": "NULL_NA",
    "gnaf_pid": "GAVIC412544518",
    "tech_change_status": "Previous Tech Disconnected",
    "program_type": "On-Demand N2P SDU/MDU Simple",
    "target_eligibility_quarter": "NA"
   }
  },
  {
   "type": "Feature",
   "geometry": {
    "type": "Point",
    "coordinates": [
     144.30451965,
     -38.1747469
    ]
   },
   "properties": {
    "name": "15 SUNDERLAND ROAD WANDANA HEIGHTS 3216",
    "locID": "LOC000047101027",
    "tech": "FTTP",
    "upgrade": "NULL_NA",
    "gnaf_pid": "GAVIC412544537",
    "program_type": "On-Demand N2P SDU/MDU Simple",
    "target_eligibility_quarter": "NA"
   }
  },
  {
   "type": "Feature",
   "geometry": {
    "type": "Point",
    "coordinates": [
     144.30894358,
     -38.17172649
    ]
   },
   "properties": {
    "name": "UNIT 1, 1 WANDANA DRIVE WANDANA HEIGHTS 3216",
    "locID": "LOC000035319353",
    "tech": "FTTN",
    "upgrade": "FTTP_SA",
    "gnaf_pid": "GAVIC412544646",
    "tech_change_status": "Eligible to Order",
    "program_type": "On-Demand N2P SDU/MDU Simple",
    "target_eligibility_quarter": "NA"
   }
  },
  {
   "type": "Feature",
   "geometry": {
    "type": "Point",
    "coordinates": [
     144.30366695,
     -38.17599591
    ]
   },
   "properties": {
    "name": "8 KIRAMI COURT WANDANA HEIGHTS 3216",
    "locID": "LOC000101700347",
    "tech": "FTTN",
    "upgrade": "FTTP_SA",
    "gnaf_pid": "GAVIC412544653",
    "tech_change_status": "Eligible to Order",
    "program_type": "On-Demand N2P SDU/MDU Simple",
    "target_eligibility_quarter": "NA"
   }
  },
  {
   "type": "Feature",
   "geometry": {
    "type": "Point",
    "coordinates": [
     144.30297873,
     -38.17514395
    ]
   },
   "properties": {
    "name": "33 SUNDERLAND ROAD WANDANA HEIGHTS 3216",
    "locID": "LOC000069311572",
    "tech": "FTTN",
    "upgrade": "FTTP_SA",
    "gnaf_pid": "GAVIC412544654",
    "tech_change_status": "Eligible to Order",
    "program_type": "On-Demand N2P SDU/MDU Simple",
    "target_eligibility_quarter": "NA"
   }
  },
  {
   "type": "Feature",
   "geometry": {
    "type": "Point",
    "coordinates": [
     144.30096509,
     -38.17749555
    ]
   },
   "properties": {
    "name": "116 GROSVENOR DRIVE WANDANA HEIGHTS 3216",
    "locID": "LOC000085388127",
    "tech": "FTTP",
    "upgrade": "NULL_NA",
    "gnaf_pid": "GAVIC412544655",
    "tech_change_status": "Eligible to Order",
    "program_type": "On-Demand N2P SDU/MDU Simple",
    "target_eligibility_quarter": "NA"
   }
  },
  {
   "type": "Feature",
   "geometry": {
    "type": "Point",
    "coordinates": [
     144.3028841,
     -38.17563523
    ]
   },
   "properties": {
    "name": "39 SUNDERLAND ROAD WANDANA HEIGHTS 3216",
    "locID": "LOC000002004940",
    "tech": "FTTN",
    "upgrade": "FTTP_SA",
    "gnaf_pid": "GAVIC412547042",
    "tech_change_status": "Eligible to Order",
    "program_type": "On-Demand N2P SDU/MDU Simple",
    "target_eligibility_quarter": "NA"
   }
  },
  {
   "type": "Feature",
   "geometry": {
    "type": "Point",
    "coordinates": [
     144.30807111,
     -38.17244819
    ]
   },
   "properties": {
    "name": "UNIT 6, 7 WANDANA DRIVE WANDANA HEIGHTS 3216",
    "locID": "LOC000079064259",
    "tech": "FTTN",
    "upgrade": "FTTP_NA",
    "gnaf_pid": "GAVIC412547046",
    "tech_change_status": "MDU Complex Eligible To Apply",
    "program_type": "Customer-initiated N2P MDU Complex"
   }
  },
  {
   "type": "Feature",
   "geometry": {
    "type": "Point",
    "coordinates": [
     144.30894756,
     -38.17235921
    ]
   },
   "properties": {
    "name": "UNIT 13, 7 WANDANA DRIVE WANDANA HEIGHTS 3216",
    "locID": "LOC000079001811",
    "tech": "FTTN",
    "upgrade": "FTTP_NA",
    "gnaf_pid": "GAVIC412547047",
    "tech_change_status": "MDU Complex Eligible To Apply",
    "program_type": "Customer-initiated N2P MDU Complex"
   }
  },
  {
   "type": "Feature",
   "geometry": {
    "type": "Point",
    "coordinates": [
     144.30616421,
     -38.17123535
    ]
   },
   "properties": {
    "name": "UNIT 4, 3 STIRLING COURT WANDANA HEIGHTS 3216",
    "locID": "LOC000040806219",
    "tech": "FTTN",
    "upgrade": "FTTP_NA",
    "gnaf_pid": "GAVIC412547078",
    "tech_change_status": "MDU Complex Eligible To Apply",
    "program_type": "Customer-initiated N2P MDU Complex"
   }
  },
  {
   "type": "Feature",
   "geometry": {
    "type": "Point",
    "coordinates": [
     144.30678851,
     -38.1753087
    ]
   },
   "properties": {
    "name": "5 BROLGA CRESCENT WANDANA HEIGHTS 3216",
    "locID": "LOC000108936813",
    "tech": "FTTN",
    "upgrade": "FTTP_SA",
    "gnaf_pid": "GAVIC412547341",
    "tech_change_status": "Eligible to Order",
    "program_type": "On-Demand N2P SDU/MDU Simple",
    "target_eligibility_quarter": "NA"
   }
  },
  {
   "type": "Feature",
   "geometry": {
    "type": "Point",
    "coordinates": [
     144.30788275,
     -38.17143039
    ]
   },
   "properties": {
    "name": "UNIT 2, 2 WANDANA DRIVE WANDANA HEIGHTS 3216",
    "locID": "LOC000063546920",
    "tech": "FTTN",
    "upgrade": "FTTP_SA",
    "gnaf_pid": "GAVIC412547344",
    "tech_change_status": "Eligible to Order",
    "program_type": "On-Demand N2P SDU/MDU Simple",
    "target_eligibility_quarter": "NA"
   }
  },
  {
   "type": "Feature",
   "geometry": {
    "type": "Point",
    "coordinates": [
     144.30218171,
     -38.1708223
    ]
   },
   "properties": {
    "name": "UNIT 2, 57 GROSVENOR DRIVE WANDANA HEIGHTS 3216",
    "locID": "LOC000040226457",
    "tech": "FTTP",
    "upgrade": "NULL_NA",
    "gnaf_pid": "GAVIC412548417"
   }
  },
  {
   "type": "Feature",
   "geometry": {
    "type": "Point",
    "coordinates": [
     144.30859121,
     -38.17184029
    ]
   },
   "properties": {
    "name": "UNIT 5, 5 WANDANA DRIVE WANDANA HEIGHTS 3216",
    "locID": "LOC000051150264",
    "tech": "FTTN",
    "upgrade": "FTTP_NA",
    "gnaf_pid": "GAVIC412548418",
    "tech_change_status": "MDU Complex Eligible To Apply",
    "program_type": "Customer-initiated N2P MDU Complex"
   }
  },
  {
   "type": "Feature",
   "geometry": {
    "type": "Point",
    "coordinates": [
     144.30451056,
     -38.17568508
    ]
   },
   "properties": {
    "name": "15 KIRAMI COURT WANDANA HEIGHTS 3216",
    "locID": "LOC000063493729",
    "tech": "FTTN",
    "upgrade": "FTTP_SA",
    "gnaf_pid": "GAVIC412550970",
    "tech_change_status": "Eligible to Order",
    "program_type": "On-Demand N2P SDU/MDU Simple",
    "target_eligibility_quarter": "NA"
   }
  },
  {
   "type": "Feature",
   "geometry": {
    "type": "Point",
    "coordinates": [
     144.30255989,
     -38.17540473
    ]
   },
   "properties": {
    "name": "34 SUNDERLAND ROAD WANDANA HEIGHTS 3216",
    "locID": "LOC000042635289",
    "tech": "FTTP",
    "upgrade": "NULL_NA",
    "gnaf_pid": "GAVIC412550972",
    "program_type": "On-Demand N2P SDU/MDU Simple",
    "target_eligibility_quarter": "NA"
   }
  },
  {
   "type": "Feature",
   "geometry": {
    "type": "Point",
    "coordinates": [
     144.30508778,
     -38.17481508
    ]
   },
   "properties": {
    "name": "11 SUNDERLAND ROAD WANDANA HEIGHTS 3216",
    "locID": "LOC000099507248",
    "tech": "FTTN",
    "upgrade": "FTTP_SA",
    "gnaf_pid": "GAVIC412550975",
    "tech_change_status": "Eligible to Order",
    "program_type": "On-Demand N2P SDU/MDU Simple",
    "target_eligibility_quarter": "NA"
   }
  },
  {
   "type": "Feature",
   "geometry": {
    "type": "Point",
    "coordinates": [
     144.30863951,
     -38.17193449
    ]
   },
   "properties": {
    "name": "UNIT 6, 5 WANDANA DRIVE WANDANA HEIGHTS 3216",
    "locID": "LOC000051760505",
    "tech": "FTTN",
    "upgrade": "FTTP_NA",
    "gnaf_pid": "GAVIC412551816",
    "tech_change_status": "MDU Complex Eligible To Apply",
    "program_type": "Customer-initiated N2P MDU Complex"
   }
  },
  {
   "type": "Feature",
   "geometry": {
    "type": "Point",
    "coordinates": [
     144.30249001,
     -38.17576073
    ]
   },
   "properties": {
    "name": "38 SUNDERLAND ROAD WANDANA HEIGHTS 3216",
    "locID": "LOC000094884249",
    "tech": "FTTN",
    "upgrade": "FTTP_SA",
    "gnaf_pid": "GAVIC412551841",
    "tech_change_status": "Eligible to Order",
    "program_type": "On-Demand N2P SDU/MDU Simple",
    "target_eligibility_quarter": "NA"
   }
  },
  {
   "type": "Feature",
   "geometry": {
    "type": "Point",
    "coordinates": [
     144.30162223,
     -38.17855771
    ]
   },
   "properties": {
    "name": "7 STANFIELD DRIVE WANDANA HEIGHTS 3216",
    "locID": "LOC000027930419",
    "tech": "FTTP",
    "upgrade": "FTTP_NA",
    "gnaf_pid": "GAVIC412551842",
    "tech_change_status": "Previous Tech Disconnected",
    "program_type": "On-Demand N2P SDU/MDU Simple",
    "target_eligibility_quarter": "NA"
   }
  },
  {
   "type": "Feature",
   "geometry": {
    "type": "Point",
    "coordinates": [
     144.30667436,
     -38.17588768
    ]
   },
   "properties": {
    "name": "23 BROLGA CRESCENT WANDANA HEIGHTS 3216",
    "locID": "LOC000088707497",
    "tech": "FTTN",
    "upgrade": "FTTP_SA",
    "gnaf_pid": "GAVIC412551843",
    "tech_change_status": "Eligible to Order",
    "program_type": "On-Demand N2P SDU/MDU Simple",
    "target_eligibility_quarter": "NA"
   }
  },
  {
   "type": "Feature",
   "geometry": {
    "type": "Point",
    "coordinates": [
     144.30859121,
     -38.17184029
    ]
   },
   "properties": {
    "name": "UNIT 2, 5 WANDANA DRIVE WANDANA HEIGHTS 3216",
    "locID": "LOC000040226457",
    "tech": "FTTP",
    "upgrade": "NULL_NA",
    "gnaf_pid": "GAVIC414074742"
   }
  },
  {
   "type": "Feature",
   "geometry": {
    "type": "Point",
    "coordinates": [
     144.30518143,
     -38.17561671
    ]
   },
   "properties": {
    "name": "48 WANDANA DRIVE WANDANA HEIGHTS 3216",
    "locID": "LOC000164499796",
    "tech": "FTTN",
    "upgrade": "FTTP_SA",
    "gnaf_pid": "GAVIC414083559",
    "tech_change_status": "Eligible to Order",
    "program_type": "On-Demand N2P SDU/MDU Simple",
    "target_eligibility_quarter": "NA"
   }
  },
  {
   "type": "Feature",
   "geometry": {
    "type": "Point",
    "coordinates": [
     144.30859121,
     -38.17184029
    ]
   },
   "properties": {
    "name": "UNIT 3, 5 WANDANA DRIVE WANDANA HEIGHTS 3216",
    "locID": "LOC000051150264",
    "tech": "FTTN",
    "upgrade": "FTTP_NA",
    "gnaf_pid": "GAVIC414083567",
    "tech_change_status": "MDU Complex Eligible To Apply",
    "program_type": "Customer-initiated N2P MDU Complex"
   }
  },
  {
   "type": "Feature",
   "geometry": {
    "type": "Point",
    "coordinates": [
     144.30859121,
     -38.17184029
    ]
   },
   "properties": {
    "name": "UNIT 1, 5 WANDANA DRIVE WANDANA HEIGHTS 3216",
    "locID": "LOC000074360890",
    "tech": "FTTN",
    "upgrade": "FTTP_SA",
    "gnaf_pid": "GAVIC414084528",
    "tech_change_status": "Eligible to Order",
    "program_type": "On-Demand N2P SDU/MDU Simple",
    "target_eligibility_quarter": "NA"
   }
  },
  {
   "type": "Feature",
   "geometry": {
    "type": "Point",
    "coordinates": [
     144.30539334,
     -38.17727988
    ]
   },
   "properties": {
    "name": "68 WANDANA DRIVE WANDANA HEIGHTS 3216",
    "locID": "LOC000011145768",
    "tech": "FTTN",
    "upgrade": "FTTP_SA",
    "gnaf_pid": "GAVIC414094926",
    "tech_change_status": "Eligible to Order",
    "program_type": "On-Demand N2P SDU/MDU Simple",
    "target_eligibility_quarter": "NA"
   }
  },
  {
   "type": "Feature",
   "geometry": {
    "type": "Point",
    "coordinates": [
     144.30533875,
     -38.17753426
    ]
   },
   "properties": {
    "name": "72 WANDANA DRIVE WANDANA HEIGHTS 3216",
    "locID": "LOC000046849205",
    "tech": "FTTP",
    "upgrade": "NULL_NA",
    "gnaf_pid": "GAVIC414094927",
    "program_type": "On-Demand N2P SDU/MDU Simple",
    "target_eligibility_quarter": "NA"
   }
  },
  {
   "type": "Feature",
   "geometry": {
    "type": "Point",
    "coordinates": [
     144.3067324,
     -38.17006629
    ]
   },
   "properties": {
    "name": "20 GROSVENOR DRIVE WANDANA HEIGHTS 3216",
    "locID": "LOC000028895497",
    "tech": "FTTN",
    "upgrade": "FTTP_SA",
    "gnaf_pid": "GAVIC414095654",
    "tech_change_status": "Eligible to Order",
    "program_type": "On-Demand N2P SDU/MDU Simple",
    "target_eligibility_quarter": "NA"
   }
  },
  {
   "type": "Feature",
   "geometry": {
    "type": "Point",
    "coordinates": [
     144.303726,
     -38.181094
    ]
   },
   "properties": {
    "name": "16 GREENFINCH WAY WANDANA HEIGHTS 3216",
    "locID": "LOC000061544387",
    "tech": "FTTP",
    "upgrade": "NULL_NA",
    "gnaf_pid": "GAVIC419580898",
    "program_type": "On-Demand N2P SDU/MDU Simple",
    "target_eligibility_quarter": "NA"
   }
  },
  {
   "type": "Feature",
   "geometry": {
    "type": "Point",
    "coordinates": [
     144.30518143,
     -38.17561671
    ]
   },
   "properties": {
    "name": "UNIT 1, 48 WANDANA DRIVE WANDANA HEIGHTS 3216",
    "locID": "LOC000164499796",
    "tech": "FTTN",
    "upgrade": "FTTP_SA",
    "gnaf_pid": "GAVIC419581207",
    "tech_change_status": "Eligible to Order",
    "program_type": "On-Demand N2P SDU/MDU Simple",
    "target_eligibility_quarter": "NA"
   }
  },
  {
   "type": "Feature",
   "geometry": {
    "type": "Point",
    "coordinates": [
     144.3037288,
     -38.18232654
    ]
   },
   "properties": {
    "name": "5 GREENFINCH WAY WANDANA HEIGHTS 3216",
    "locID": "LOC000019421990",
    "tech": "FTTP",
    "upgrade": "NULL_NA",
    "gnaf_pid": "GAVIC419583551",
    "program_type": "On-Demand N2P SDU/MDU Simple",
    "target_eligibility_quarter": "NA"
   }
  },
  {
   "type": "Feature",
   "geometry": {
    "type": "Point",
    "coordinates": [
     144.30116111,
     -38.17516551
    ]
   },
   "properties": {
    "name": "111 GROSVENOR DRIVE WANDANA HEIGHTS 3216",
    "locID": "LOC000042196113",
    "tech": "FTTP",
    "upgrade": "NULL_NA",
    "gnaf_pid": "GAVIC419637940",
    "tech_change_status": "Previous Tech Disconnected",
    "program_type": "On-Demand N2P SDU/MDU Simple",
    "target_eligibility_quarter": "NA"
   }
  },
  {
   "type": "Feature",
   "geometry": {
    "type": "Point",
    "coordinates": [
     144.30139076,
     -38.1719659
    ]
   },
   "properties": {
    "name": "73 GROSVENOR DRIVE WANDANA HEIGHTS 3216",
    "locID": "LOC000066520423",
    "tech": "FTTP",
    "upgrade": "NULL_NA",
    "gnaf_pid": "GAVIC419637942"
   }
  },
  {
   "type": "Feature",
   "geometry": {
    "type": "Point",
    "coordinates": [
     144.30638213,
     -38.18049764
    ]
   },
   "properties": {
    "name": "2 HARGRAVE CRESCENT WANDANA HEIGHTS 3216",
    "locID": "LOC000105849227",
    "tech": "FTTN",
    "upgrade": "FTTP_SA",
    "gnaf_pid": "GAVIC419643992",
    "tech_change_status": "Eligible to Order",
    "program_type": "On-Demand N2P SDU/MDU Simple",
    "target_eligibility_quarter": "NA"
   }
  },
  {
   "type": "Feature",
   "geometry": {
    "type": "Point",
    "coordinates": [
     144.30662974,
     -38.17684175
    ]
   },
   "properties": {
    "name": "4 JAMES COOK DRIVE WANDANA HEIGHTS 3216",
    "locID": "LOC000091451623",
    "tech": "FTTN",
    "upgrade": "FTTP_SA",
    "gnaf_pid": "GAVIC419643993",
    "tech_change_status": "Eligible to Order",
    "program_type": "On-Demand N2P SDU/MDU Simple",
    "target_eligibility_quarter": "NA"
   }
  },
  {
   "type": "Feature",
   "geometry": {
    "type": "Point",
    "coordinates": [
     144.30609567,
     -38.17936825
    ]
   },
   "properties": {
    "name": "2 CHISHOLM CLOSE WANDANA HEIGHTS 3216",
    "locID": "LOC000016820570",
    "tech": "FTTN",
    "upgrade": "FTTP_SA",
    "gnaf_pid": "GAVIC419644954",
    "tech_change_status": "Eligible to Order",
    "program_type": "On-Demand N2P SDU/MDU Simple",
    "target_eligibility_quarter": "NA"
   }
  },
  {
   "type": "Feature",
   "geometry": {
    "type": "Point",
    "coordinates": [
     144.30718203,
     -38.17093355
    ]
   },
   "properties": {
    "name": "12 GROSVENOR DRIVE WANDANA HEIGHTS 3216",
    "locID": "LOC000092531184",
    "tech": "FTTN",
    "upgrade": "FTTP_SA",
    "gnaf_pid": "GAVIC419645824",
    "tech_change_status": "Eligible to Order",
    "program_type": "On-Demand N2P SDU/MDU Simple",
    "target_eligibility_quarter": "NA"
   }
  },
  {
   "type": "Feature",
   "geometry": {
    "type": "Point",
    "coordinates": [
     144.30687776,
     -38.17983738
    ]
   },
   "properties": {
    "name": "29 JAMES COOK DRIVE WANDANA HEIGHTS 3216",
    "locID": "LOC000096404786",
    "tech": "FTTN",
    "upgrade": "FTTP_SA",
    "gnaf_pid": "GAVIC419646665",
    "tech_change_status": "Eligible to Order",
    "program_type": "On-Demand N2P SDU/MDU Simple",
    "target_eligibility_quarter": "NA"
   }
  },
  {
   "type": "Feature",
   "geometry": {
    "type": "Point",
    "coordinates": [
     144.30704239,
     -38.16973555
    ]
   },
   "properties": {
    "name": "23 GROSVENOR DRIVE WANDANA HEIGHTS 3216",
    "locID": "LOC000013646355",
    "tech": "FTTN",
    "upgrade": "FTTP_SA",
    "gnaf_pid": "GAVIC419646666",
    "tech_change_status": "Eligible to Order",
    "program_type": "On-Demand N2P SDU/MDU Simple",
    "target_eligibility_quarter": "NA"
   }
  },
  {
   "type": "Feature",
   "geometry": {
    "type": "Point",
    "coordinates": [
     144.30686309,
     -38.1759105
    ]
   },
   "properties": {
    "name": "21 BROLGA CRESCENT WANDANA HEIGHTS 3216",
    "locID": "LOC000006964450",
    "tech": "FTTP",
    "upgrade": "NULL_NA",
    "gnaf_pid": "GAVIC419646667",
    "program_type": "On-Demand N2P SDU/MDU Simple",
    "target_eligibility_quarter": "NA"
   }
  },
  {
   "type": "Feature",
   "geometry": {
    "type": "Point",
    "coordinates": [
     144.30694571,
     -38.1753296
    ]
   },
   "properties": {
    "name": "7 BROLGA CRESCENT WANDANA HEIGHTS 3216",
    "locID": "LOC000065592313",
    "tech": "FTTP",
    "upgrade": "NULL_NA",
    "gnaf_pid": "GAVIC419646668",
    "program_type": "On-Demand N2P SDU/MDU Simple",
    "target_eligibility_quarter": "NA"
   }
  },
  {
   "type": "Feature",
   "geometry": {
    "type": "Point",
    "coordinates": [
     144.30705165,
     -38.1759333
    ]
   },
   "properties": {
    "name": "19 BROLGA CRESCENT WANDANA HEIGHTS 3216",
    "locID": "LOC000086549719",
    "tech": "FTTN",
    "upgrade": "FTTP_SA",
    "gnaf_pid": "GAVIC419646671",
    "tech_change_status": "Eligible to Order",
    "program_type": "On-Demand N2P SDU/MDU Simple",
    "target_eligibility_quarter": "NA"
   }
  },
  {
   "type": "Feature",
   "geometry": {
    "type": "Point",
    "coordinates": [
     144.30716921,
     -38.18052125
    ]
   },
   "properties": {
    "name": "48 JAMES COOK DRIVE WANDANA HEIGHTS 3216",
    "locID": "LOC000108022449",
    "tech": "FTTP",
    "upgrade": "NULL_NA",
    "gnaf_pid": "GAVIC419646674",
    "tech_change_status": "Previous Tech Disconnected",
    "program_type": "On-Demand N2P SDU/MDU Simple",
    "target_eligibility_quarter": "NA"
   }
  },
  {
   "type": "Feature",
   "geometry": {
    "type": "Point",
    "coordinates": [
     144.30721658,
     -38.18031741
    ]
   },
   "properties": {
    "name": "46 JAMES COOK DRIVE WANDANA HEIGHTS 3216",
    "locID": "LOC000066904227",
    "tech": "FTTP",
    "upgrade": "NULL_NA",
    "gnaf_pid": "GAVIC419646675",
    "tech_change_status": "Previous Tech Disconnected",
    "program_type": "On-Demand N2P SDU/MDU Simple",
    "target_eligibility_quarter": "NA"
   }
  },
  {
   "type": "Feature",
   "geometry": {
    "type": "Point",
    "coordinates": [
     144.30757773,
     -38.1751205
    ]
   },
   "properties": {
    "name": "10 BROLGA CRESCENT WANDANA HEIGHTS 3216",
    "locID": "LOC000092085435",
    "tech": "FTTN",
    "upgrade": "FTTP_SA",
    "gnaf_pid": "GAVIC419646676",
    "tech_change_status": "Eligible to Order",
    "program_type": "On-Demand N2P SDU/MDU Simple",
    "target_eligibility_quarter": "NA"
   }
  },
  {
   "type": "Feature",
   "geometry": {
    "type": "Point",
    "coordinates": [
     144.3035096,
     -38.17198261
    ]
   },
   "properties": {
    "name": "4 HIGH VIEW COURT WANDANA HEIGHTS 3216",
    "locID": "LOC000087696091",
    "tech": "FTTP",
    "upgrade": "NULL_NA",
    "gnaf_pid": "GAVIC419647569",
    "program_type": "On-Demand N2P SDU/MDU Simple",
    "target_eligibility_quarter": "NA"
   }
  },
  {
   "type": "Feature",
   "geometry": {
    "type": "Point",
    "coordinates": [
     144.30372224,
     -38.1725459
    ]
   },
   "properties": {
    "name": "15 HENDERSON DRIVE WANDANA HEIGHTS 3216",
    "locID": "LOC000054286558",
    "tech": "FTTN",
    "upgrade": "FTTP_SA",
    "gnaf_pid": "GAVIC419647570",
    "tech_change_status": "Eligible to Order",
    "program_type": "On-Demand N2P SDU/MDU Simple",
    "target_eligibility_quarter": "NA"
   }
  },
  {
   "type": "Feature",
   "geometry": {
    "type": "Point",
    "coordinates": [
     144.30379555,
     -38.1703713
    ]
   },
   "properties": {
    "name": "34 GROSVENOR DRIVE WANDANA HEIGHTS 3216",
    "locID": "LOC000096616480",
    "tech": "FTTP",
    "upgrade": "NULL_NA",
    "gnaf_pid": "GAVIC419647571",
    "tech_change_status": "Previous Tech Disconnected",
    "program_type": "On-Demand N2P SDU/MDU Simple",
    "target_eligibility_quarter": "NA"
   }
  },
  {
   "type": "Feature",
   "geometry": {
    "type": "Point",
    "coordinates": [
     144.3043639,
     -38.17208605
    ]
   },
   "properties": {
    "name": "19 HENDERSON DRIVE WANDANA HEIGHTS 3216",
    "locID": "LOC000049921149",
    "tech": "FTTN",
    "upgrade": "FTTP_SA",
    "gnaf_pid": "GAVIC419647572",
    "tech_change_status": "Eligible to Order",
    "program_type": "On-Demand N2P SDU/MDU Simple",
    "target_eligibility_quarter": "NA"
   }
  },
  {
   "type": "Feature",
   "geometry": {
    "type": "Point",
    "coordinates": [
     144.30417039,
     -38.17442061
    ]
   },
   "properties": {
    "name": "14 SUNDERLAND ROAD WANDANA HEIGHTS 3216",
    "locID": "LOC000114474626",
    "tech": "FTTN",
    "upgrade": "FTTP_SA",
    "gnaf_pid": "GAVIC419647573",
    "tech_change_status": "Eligible to Order",
    "program_type": "On-Demand N2P SDU/MDU Simple",
    "target_eligibility_quarter": "NA"
   }
  },
  {
   "type": "Feature",
   "geometry": {
    "type": "Point",
    "coordinates": [
     144.30338615,
     -38.17577585
    ]
   },
   "properties": {
    "name": "10 KIRAMI COURT WANDANA HEIGHTS 3216",
    "locID": "LOC000059807688",
    "tech": "FTTN",
    "upgrade": "FTTP_SA",
    "gnaf_pid": "GAVIC419647575",
    "tech_change_status": "Eligible to Order",
    "program_type": "On-Demand N2P SDU/MDU Simple",
    "target_eligibility_quarter": "NA"
   }
  },
  {
   "type": "Feature",
   "geometry": {
    "type": "Point",
    "coordinates": [
     144.3044486,
     -38.1725251
    ]
   },
   "properties": {
    "name": "16 HENDERSON DRIVE WANDANA HEIGHTS 3216",
    "locID": "LOC000041259197",
    "tech": "FTTN",
    "upgrade": "FTTP_SA",
    "gnaf_pid": "GAVIC419647576",
    "tech_change_status": "Eligible to Order",
    "program_type": "On-Demand N2P SDU/MDU Simple",
    "target_eligibility_quarter": "NA"
   }
  },
  {
   "type": "Feature",
   "geometry": {
    "type": "Point",
    "coordinates": [
     144.30443456,
     -38.17689
    ]
   },
   "properties": {
    "name": "6 NIREEDA COURT WANDANA HEIGHTS 3216",
    "locID": "LOC000016095504",
    "tech": "FTTP",
    "upgrade": "FTTP_NA",
    "gnaf_pid": "GAVIC419647577",
    "tech_change_status": "Previous Tech Disconnected",
    "program_type": "On-Demand N2P SDU/MDU Simple",
    "target_eligibility_quarter": "NA"
   }
  },
  {
   "type": "Feature",
   "geometry": {
    "type": "Point",
    "coordinates": [
     144.30500633,
     -38.17289515
    ]
   },
   "properties": {
    "name": "10 REGENCY CLOSE WANDANA HEIGHTS 3216",
    "locID": "LOC000093752675",
    "tech": "FTTP",
    "upgrade": "NULL_NA",
    "gnaf_pid": "GAVIC419647578",
    "program_type": "On-Demand N2P SDU/MDU Simple",
    "target_eligibility_quarter": "NA"
   }
  },
  {
   "type": "Feature",
   "geometry": {
    "type": "Point",
    "coordinates": [
     144.30462811,
     -38.17691311
    ]
   },
   "properties": {
    "name": "5 NIREEDA COURT WANDANA HEIGHTS 3216",
    "locID": "LOC000107745373",
    "tech": "FTTN",
    "upgrade": "FTTP_SA",
    "gnaf_pid": "GAVIC419647579",
    "tech_change_status": "Eligible to Order",
    "program_type": "On-Demand N2P SDU/MDU Simple",
    "target_eligibility_quarter": "NA"
   }
  },
  {
   "type": "Feature",
   "geometry": {
    "type": "Point",
    "coordinates": [
     144.30483564,
     -38.17450008
    ]
   },
   "properties": {
    "name": "10 SUNDERLAND ROAD WANDANA HEIGHTS 3216",
    "locID": "LOC000038906179",
    "tech": "FTTN",
    "upgrade": "FTTP_SA",
    "gnaf_pid": "GAVIC419647580",
    "tech_change_status": "Eligible to Order",
    "program_type": "On-Demand N2P SDU/MDU Simple",
    "target_eligibility_quarter": "NA"
   }
  },
  {
   "type": "Feature",
   "geometry": {
    "type": "Point",
    "coordinates": [
     144.3047006,
     -38.18224199
    ]
   },
   "properties": {
    "name": "71 WANDANA DRIVE WANDANA HEIGHTS 3216",
    "locID": "LOC000079636055",
    "tech": "FTTP",
    "upgrade": "NULL_NA",
    "gnaf_pid": "GAVIC419647581",
    "program_type": "On-Demand N2P SDU/MDU Simple",
    "target_eligibility_quarter": "NA"
   }
  },
  {
   "type": "Feature",
   "geometry": {
    "type": "Point",
    "coordinates": [
     144.30539132,
     -38.17336405
    ]
   },
   "properties": {
    "name": "6 REGENCY CLOSE WANDANA HEIGHTS 3216",
    "locID": "LOC000075778201",
    "tech": "FTTP",
    "upgrade": "FTTP_NA",
    "gnaf_pid": "GAVIC419647582",
    "tech_change_status": "Previous Tech Disconnected",
    "program_type": "On-Demand N2P SDU/MDU Simple",
    "target_eligibility_quarter": "NA"
   }
  },
  {
   "type": "Feature",
   "geometry": {
    "type": "Point",
    "coordinates": [
     144.30559283,
     -38.17378832
    ]
   },
   "properties": {
    "name": "5 CANTERBURY COURT WANDANA HEIGHTS 3216",
    "locID": "LOC000180868698",
    "tech": "FTTN",
    "upgrade": "FTTP_SA",
    "gnaf_pid": "GAVIC419647583",
    "tech_change_status": "Eligible to Order",
    "program_type": "On-Demand N2P SDU/MDU Simple",
    "target_eligibility_quarter": "NA"
   }
  },
  {
   "type": "Feature",
   "geometry": {
    "type": "Point",
    "coordinates": [
     144.30551198,
     -38.17525191
    ]
   },
   "properties": {
    "name": "44 WANDANA DRIVE WANDANA HEIGHTS 3216",
    "locID": "LOC000050986540",
    "tech": "FTTN",
    "upgrade": "FTTP_SA",
    "gnaf_pid": "GAVIC419647584",
    "tech_change_status": "Eligible to Order",
    "program_type": "On-Demand N2P SDU/MDU Simple",
    "target_eligibility_quarter": "NA"
   }
  },
  {
   "type": "Feature",
   "geometry": {
    "type": "Point",
    "coordinates": [
     144.30501288,
     -38.18089109
    ]
   },
   "properties": {
    "name": "55 WANDANA DRIVE WANDANA HEIGHTS 3216",
    "locID": "LOC000035968509",
    "tech": "FTTP",
    "upgrade": "NULL_NA",
    "gnaf_pid": "GAVIC419647585",
    "program_type": "On-Demand N2P SDU/MDU Simple",
    "target_eligibility_quarter": "NA"
   }
  },
  {
   "type": "Feature",
   "geometry": {
    "type": "Point",
    "coordinates": [
     144.30509315,
     -38.1788982
    ]
   },
   "properties": {
    "name": "41 WANDANA DRIVE WANDANA HEIGHTS 3216",
    "locID": "LOC000062435597",
    "tech": "FTTN",
    "upgrade": "FTTP",
    "gnaf_pid": "GAVIC419648461",
    "tech_change_status": "Eligible to Order",
    "program_type": "On-Demand N2P SDU/MDU Simple",
    "target_eligibility_quarter": "NA"
   }
  },
  {
   "type": "Feature",
   "geometry": {
    "type": "Point",
    "coordinates": [
     144.30573658,
     -38.17512949
    ]
   },
   "properties": {
    "name": "42 WANDANA DRIVE WANDANA HEIGHTS 3216",
    "locID": "LOC000007689468",
    "tech": "FTTP",
    "upgrade": "NULL_NA",
    "gnaf_pid": "GAVIC419648462",
    "program_type": "On-Demand N2P SDU/MDU Simple",
    "target_eligibility_quarter": "NA"
   }
  },
  {
   "type": "Feature",
   "geometry": {
    "type": "Point",
    "coordinates": [
     144.30583306,
     -38.17265431
    ]
   },
   "properties": {
    "name": "2 BENT ROAD WANDANA HEIGHTS 3216",
    "locID": "LOC000086643662",
    "tech": "FTTN",
    "upgrade": "FTTP_SA",
    "gnaf_pid": "GAVIC419648463",
    "tech_change_status": "Eligible to Order",
    "program_type": "On-Demand N2P SDU/MDU Simple",
    "target_eligibility_quarter": "NA"
   }
  },
  {
   "type": "Feature",
   "geometry": {
    "type": "Point",
    "coordinates": [
     144.30573956,
     -38.17155085
    ]
   },
   "properties": {
    "name": "5 LUCALBYN COURT WANDANA HEIGHTS 3216",
    "locID": "LOC000080957132",
    "tech": "FTTP",
    "upgrade": "FTTP_NA",
    "gnaf_pid": "GAVIC419648464",
    "tech_change_status": "Previous Tech Disconnected",
    "program_type": "On-Demand N2P SDU/MDU Simple",
    "target_eligibility_quarter": "NA"
   }
  },
  {
   "type": "Feature",
   "geometry": {
    "type": "Point",
    "coordinates": [
     144.3054823,
     -38.17812111
    ]
   },
   "properties": {
    "name": "33 WANDANA DRIVE WANDANA HEIGHTS 3216",
    "locID": "LOC000090967711",
    "tech": "FTTP",
    "upgrade": "NULL_NA",
    "gnaf_pid": "GAVIC419648465",
    "program_type": "On-Demand N2P SDU/MDU Simple",
    "target_eligibility_quarter": "NA"
   }
  },
  {
   "type": "Feature",
   "geometry": {
    "type": "Point",
    "coordinates": [
     144.30581816,
     -38.18226516
    ]
   },
   "properties": {
    "name": "53 JAMES COOK DRIVE WANDANA HEIGHTS 3216",
    "locID": "LOC000092970410",
    "tech": "FTTP",
    "upgrade": "NULL_NA",
    "gnaf_pid": "GAVIC419648466",
    "tech_change_status": "Previous Tech Disconnected",
    "program_type": "On-Demand N2P SDU/MDU Simple",
    "target_eligibility_quarter": "NA"
   }
  },
  {
   "type": "Feature",
   "geometry": {
    "type": "Point",
    "coordinates": [
     144.305677,
     -38.178839
    ]
   },
   "properties": {
    "name": "5 CHISHOLM CLOSE WANDANA HEIGHTS 3216",
    "locID": "LOC000062406104",
    "tech": "FTTN",
    "upgrade": "FTTP_SA",
    "gnaf_pid": "GAVIC419648467",
    "tech_change_status": "Eligible to Order",
    "program_type": "On-Demand N2P SDU/MDU Simple",
    "target_eligibility_quarter": "NA"
   }
  },
  {
   "type": "Feature",
   "geometry": {
    "type": "Point",
    "coordinates": [
     144.305715,
     -38.17781104
    ]
   },
   "properties": {
    "name": "29 WANDANA DRIVE WANDANA HEIGHTS 3216",
    "locID": "LOC000124161906",
    "tech": "FTTN",
    "upgrade": "FTTP_SA",
    "gnaf_pid": "GAVIC419648468",
    "tech_change_status": "Eligible to Order",
    "program_type": "On-Demand N2P SDU/MDU Simple",
    "target_eligibility_quarter": "NA"
   }
  },
  {
   "type": "Feature",
   "geometry": {
    "type": "Point",
    "coordinates": [
     144.30575396,
     -38.17647821
    ]
   },
   "properties": {
    "name": "15 WANDANA DRIVE WANDANA HEIGHTS 3216",
    "locID": "LOC000044899324",
    "tech": "FTTN",
    "upgrade": "FTTP_SA",
    "gnaf_pid": "GAVIC419648469",
    "tech_change_status": "Eligible to Order",
    "program_type": "On-Demand N2P SDU/MDU Simple",
    "target_eligibility_quarter": "NA"
   }
  },
  {
   "type": "Feature",
   "geometry": {
    "type": "Point",
    "coordinates": [
     144.30571055,
     -38.17924501
    ]
   },
   "properties": {
    "name": "4 CHISHOLM CLOSE WANDANA HEIGHTS 3216",
    "locID": "LOC000004469319",
    "tech": "FTTN",
    "upgrade": "FTTP_SA",
    "gnaf_pid": "GAVIC419648470",
    "tech_change_status": "Eligible to Order",
    "program_type": "On-Demand N2P SDU/MDU Simple",
    "target_eligibility_quarter": "NA"
   }
  },
  {
   "type": "Feature",
   "geometry": {
    "type": "Point",
    "coordinates": [
     144.30629049,
     -38.1705735
    ]
   },
   "properties": {
    "name": "7 TRAFALGAR SQUARE WANDANA HEIGHTS 3216",
    "locID": "LOC000083562655",
    "tech": "FTTP",
    "upgrade": "NULL_NA",
    "gnaf_pid": "GAVIC419648471",
    "program_type": "On-Demand N2P SDU/MDU Simple",
    "target_eligibility_quarter": "NA"
   }
  },
  {
   "type": "Feature",
   "geometry": {
    "type": "Point",
    "coordinates": [
     144.30624154,
     -38.1690757
    ]
   },
   "properties": {
    "name": "31 GROSVENOR DRIVE WANDANA HEIGHTS 3216",
    "locID": "LOC000100278439",
    "tech": "FTTN",
    "upgrade": "FTTP_SA",
    "gnaf_pid": "GAVIC419648472",
    "tech_change_status": "Eligible to Order",
    "program_type": "On-Demand N2P SDU/MDU Simple",
    "target_eligibility_quarter": "NA"
   }
  },
  {
   "type": "Feature",
   "geometry": {
    "type": "Point",
    "coordinates": [
     144.30606125,
     -38.17904153
    ]
   },
   "properties": {
    "name": "6 CHISHOLM CLOSE WANDANA HEIGHTS 3216",
    "locID": "LOC000010120362",
    "tech": "FTTP",
    "upgrade": "NULL_NA",
    "gnaf_pid": "GAVIC419648473",
    "tech_change_status": "Previous Tech Disconnected",
    "program_type": "On-Demand N2P SDU/MDU Simple",
    "target_eligibility_quarter": "NA"
   }
  },
  {
   "type": "Feature",
   "geometry": {
    "type": "Point",
    "coordinates": [
     144.30610744,
     -38.17581911
    ]
   },
   "properties": {
    "name": "29 BROLGA CRESCENT WANDANA HEIGHTS 3216",
    "locID": "LOC000026896707",
    "tech": "FTTN",
    "upgrade": "FTTP_SA",
    "gnaf_pid": "GAVIC419648474",
    "tech_change_status": "Eligible to Order",
    "program_type": "On-Demand N2P SDU/MDU Simple",
    "target_eligibility_quarter": "NA"
   }
  },
  {
   "type": "Feature",
   "geometry": {
    "type": "Point",
    "coordinates": [
     144.3058789,
     -38.18333364
    ]
   },
   "properties": {
    "name": "4 GREENWAY COURT WANDANA HEIGHTS 3216",
    "locID": "LOC000036994149",
    "tech": "FTTP",
    "upgrade": "NULL_NA",
    "gnaf_pid": "GAVIC419648475",
    "program_type": "On-Demand N2P SDU/MDU Simple",
    "target_eligibility_quarter": "NA"
   }
  },
  {
   "type": "Feature",
   "geometry": {
    "type": "Point",
    "coordinates": [
     144.30089901,
     -38.17699935
    ]
   },
   "properties": {
    "name": "108 GROSVENOR DRIVE WANDANA HEIGHTS 3216",
    "locID": "LOC000060035739",
    "tech": "FTTP",
    "upgrade": "NULL_NA",
    "gnaf_pid": "GAVIC419650806",
    "program_type": "On-Demand N2P SDU/MDU Simple",
    "target_eligibility_quarter": "NA"
   }
  },
  {
   "type": "Feature",
   "geometry": {
    "type": "Point",
    "coordinates": [
     144.30097315,
     -38.17631294
    ]
   },
   "properties": {
    "name": "100 GROSVENOR DRIVE WANDANA HEIGHTS 3216",
    "locID": "LOC000090796107",
    "tech": "FTTP",
    "upgrade": "NULL_NA",
    "gnaf_pid": "GAVIC419650807",
    "program_type": "On-Demand N2P SDU/MDU Simple",
    "target_eligibility_quarter": "NA"
   }
  },
  {
   "type": "Feature",
   "geometry": {
    "type": "Point",
    "coordinates": [
     144.30131298,
     -38.1754676
    ]
   },
   "properties": {
    "name": "90 GROSVENOR DRIVE WANDANA HEIGHTS 3216",
    "locID": "LOC000070455086",
    "tech": "FTTP",
    "upgrade": "NULL_NA",
    "gnaf_pid": "GAVIC419650808",
    "tech_change_status": "Previous Tech Disconnected",
    "program_type": "On-Demand N2P SDU/MDU Simple",
    "target_eligibility_quarter": "NA"
   }
  },
  {
   "type": "Feature",
   "geometry": {
    "type": "Point",
    "coordinates": [
     144.3017363,
     -38.1711153
    ]
   },
   "properties": {
    "name": "63 GROSVENOR DRIVE WANDANA HEIGHTS 3216",
    "locID": "LOC000072551491",
    "tech": "FTTP",
    "upgrade": "NULL_NA",
    "gnaf_pid": "GAVIC419650809",
    "tech_change_status": "Previous Tech Disconnected"
   }
  },
  {
   "type": "Feature",
   "geometry": {
    "type": "Point",
    "coordinates": [
     144.3019093,
     -38.17438401
    ]
   },
   "properties": {
    "name": "101-103 GROSVENOR DRIVE WANDANA HEIGHTS 3216",
    "locID": "LOC000030069428",
    "tech": "FTTN",
    "upgrade": "FTTP",
    "gnaf_pid": "GAVIC419650810",
    "tech_change_status": "Eligible to Order",
    "program_type": "On-Demand N2P SDU/MDU Simple",
    "target_eligibility_quarter": "NA"
   }
  },
  {
   "type": "Feature",
   "geometry": {
    "type": "Point",
    "coordinates": [
     144.30167735,
     -38.1751813
    ]
   },
   "properties": {
    "name": "86 GROSVENOR DRIVE WANDANA HEIGHTS 3216",
    "locID": "LOC000095933523",
    "tech": "FTTP",
    "upgrade": "NULL_NA",
    "gnaf_pid": "GAVIC419650811",
    "program_type": "On-Demand N2P SDU/MDU Simple",
    "target_eligibility_quarter": "NA"
   }
  },
  {
   "type": "Feature",
   "geometry": {
    "type": "Point",
    "coordinates": [
     144.30179935,
     -38.17188075
    ]
   },
   "properties": {
    "name": "50 GROSVENOR DRIVE WANDANA HEIGHTS 3216",
    "locID": "LOC000006005326",
    "tech": "FTTP",
    "upgrade": "NULL_NA",
    "gnaf_pid": "GAVIC419650812",
    "tech_change_status": "Eligible to Order"
   }
  },
  {
   "type": "Feature",
   "geometry": {
    "type": "Point",
    "coordinates": [
     144.30190741,
     -38.17496058
    ]
   },
   "properties": {
    "name": "84 GROSVENOR DRIVE WANDANA HEIGHTS 3216",
    "locID": "LOC000039560585",
    "tech": "FTTN",
    "upgrade": "FTTP",
    "gnaf_pid": "GAVIC419650813",
    "tech_change_status": "Eligible to Order",
    "program_type": "On-Demand N2P SDU/MDU Simple",
    "target_eligibility_quarter": "NA"
   }
  },
  {
   "type": "Feature",
   "geometry": {
    "type": "Point",
    "coordinates": [
     144.30206236,
     -38.17215316
    ]
   },
   "properties": {
    "name": "54 GROSVENOR DRIVE WANDANA HEIGHTS 3216",
    "locID": "LOC000018543030",
    "tech": "FTTP",
    "upgrade": "NULL_NA",
    "gnaf_pid": "GAVIC419650814"
   }
  },
  {
   "type": "Feature",
   "geometry": {
    "type": "Point",
    "coordinates": [
     144.30494232,
     -38.17852828
    ]
   },
   "properties": {
    "name": "100 WANDANA DRIVE WANDANA HEIGHTS 3216",
    "locID": "LOC000090796107",
    "tech": "FTTP",
    "upgrade": "NULL_NA",
    "gnaf_pid": "GAVIC419650816",
    "program_type": "On-Demand N2P SDU/MDU Simple",
    "target_eligibility_quarter": "NA"
   }
  },
  {
   "type": "Feature",
   "geometry": {
    "type": "Point",
    "coordinates": [
     144.3029953,
     -38.170435
    ]
   },
   "properties": {
    "name": "53 GROSVENOR DRIVE WANDANA HEIGHTS 3216",
    "locID": "LOC000027837401",
    "tech": "FTTP",
    "upgrade": "NULL_NA",
    "gnaf_pid": "GAVIC419650817",
    "tech_change_status": "Eligible to Order",
    "program_type": "On-Demand N2P SDU/MDU Simple",
    "target_eligibility_quarter": "NA"
   }
  },
  {
   "type": "Feature",
   "geometry": {
    "type": "Point",
    "coordinates": [
     144.30330331,
     -38.17033466
    ]
   },
   "properties": {
    "name": "51 GROSVENOR DRIVE WANDANA HEIGHTS 3216",
    "locID": "LOC000039544267",
    "tech": "FTTN",
    "upgrade": "FTTP",
    "gnaf_pid": "GAVIC419650818",
    "tech_change_status": "Eligible to Order",
    "program_type": "On-Demand N2P SDU/MDU Simple",
    "target_eligibility_quarter": "NA"
   }
  },
  {
   "type": "Feature",
   "geometry": {
    "type": "Point",
    "coordinates": [
     144.30273849,
     -38.17336485
    ]
   },
   "properties": {
    "name": "68 GROSVENOR DRIVE WANDANA HEIGHTS 3216",
    "locID": "LOC000052478250",
    "tech": "FTTP",
    "upgrade": "NULL_NA",
    "gnaf_pid": "GAVIC419650819",
    "tech_change_status": "Previous Tech Disconnected"
   }
  },
  {
   "type": "Feature",
   "geometry": {
    "type": "Point",
    "coordinates": [
     144.3032577,
     -38.1766903
    ]
   },
   "properties": {
    "name": "12 NIREEDA COURT WANDANA HEIGHTS 3216",
    "locID": "LOC000024740296",
    "tech": "FTTP",
    "upgrade": "NULL_NA",
    "gnaf_pid": "GAVIC419650821",
    "tech_change_status": "Previous Tech Disconnected",
    "program_type": "On-Demand N2P SDU/MDU Simple",
    "target_eligibility_quarter": "NA"
   }
  },
  {
   "type": "Feature",
   "geometry": {
    "type": "Point",
    "coordinates": [
     144.30328934,
     -38.17652571
    ]
   },
   "properties": {
    "name": "13 NIREEDA COURT WANDANA HEIGHTS 3216",
    "locID": "LOC000037922236",
    "tech": "FTTN",
    "upgrade": "FTTP_SA",
    "gnaf_pid": "GAVIC419650822",
    "tech_change_status": "Eligible to Order",
    "program_type": "On-Demand N2P SDU/MDU Simple",
    "target_eligibility_quarter": "NA"
   }
  },
  {
   "type": "Feature",
   "geometry": {
    "type": "Point",
    "coordinates": [
     144.3033209,
     -38.17636141
    ]
   },
   "properties": {
    "name": "14 NIREEDA COURT WANDANA HEIGHTS 3216",
    "locID": "LOC000048370718",
    "tech": "FTTP",
    "upgrade": "FTTP_NA",
    "gnaf_pid": "GAVIC419650823",
    "tech_change_status": "Previous Tech Disconnected",
    "program_type": "On-Demand N2P SDU/MDU Simple",
    "target_eligibility_quarter": "NA"
   }
  },
  {
   "type": "Feature",
   "geometry": {
    "type": "Point",
    "coordinates": [
     144.29841999,
     -38.18476367
    ]
   },
   "properties": {
    "name": "210 WANDANA DRIVE WANDANA HEIGHTS 3216",
    "locID": "LOC000087705808",
    "tech": "WIRELESS",
    "upgrade": "NULL_NA",
    "gnaf_pid": "GAVIC419823834",
    "tech_change_status": "Not Planned",
    "program_type": "Fixed Wireless and Satellite Upgrade Program",
    "target_eligibility_quarter": "NA"
   }
  },
  {
   "type": "Feature",
   "geometry": {
    "type": "Point",
    "coordinates": [
     144.30737724,
     -38.17283601
    ]
   },
   "properties": {
    "name": "20 WANDANA DRIVE WANDANA HEIGHTS 3216",
    "locID": "LOC000112813466",
    "tech": "FTTP",
    "upgrade": "NULL_NA",
    "gnaf_pid": "GAVIC419835385",
    "program_type": "On-Demand N2P SDU/MDU Simple",
    "target_eligibility_quarter": "NA"
   }
  },
  {
   "type": "Feature",
   "geometry": {
    "type": "Point",
    "coordinates": [
     144.30516116,
     -38.17550588
    ]
   },
   "properties": {
    "name": "UNIT 2, 48 WANDANA DRIVE WANDANA HEIGHTS 3216",
    "locID": "LOC000164499796",
    "tech": "FTTN",
    "upgrade": "FTTP_SA",
    "gnaf_pid": "GAVIC419881662",
    "tech_change_status": "Eligible to Order",
    "program_type": "On-Demand N2P SDU/MDU Simple",
    "target_eligibility_quarter": "NA"
   }
  },
  {
   "type": "Feature",
   "geometry": {
    "type": "Point",
    "coordinates": [
     144.302763,
     -38.181335
    ]
   },
   "properties": {
    "name": "5 SUNHILL COURT WANDANA HEIGHTS 3216",
    "locID": "LOC000094344161",
    "tech": "FTTP",
    "upgrade": "NULL_NA",
    "gnaf_pid": "GAVIC419882611",
    "tech_change_status": "Previous Tech Disconnected",
    "program_type": "On-Demand N2P SDU/MDU Simple",
    "target_eligibility_quarter": "NA"
   }
  },
  {
   "type": "Feature",
   "geometry": {
    "type": "Point",
    "coordinates": [
     144.303684,
     -38.181399
    ]
   },
   "properties": {
    "name": "12 GREENFINCH WAY WANDANA HEIGHTS 3216",
    "locID": "LOC000073150897",
    "tech": "FTTP",
    "upgrade": "NULL_NA",
    "gnaf_pid": "GAVIC419882612",
    "program_type": "On-Demand N2P SDU/MDU Simple",
    "target_eligibility_quarter": "NA"
   }
  },
  {
   "type": "Feature",
   "geometry": {
    "type": "Point",
    "coordinates": [
     144.303663,
     -38.181547
    ]
   },
   "properties": {
    "name": "10 GREENFINCH WAY WANDANA HEIGHTS 3216",
    "locID": "LOC000008039472",
    "tech": "FTTP",
    "upgrade": "NULL_NA",
    "gnaf_pid": "GAVIC419882613",
    "tech_change_status": "Eligible to Order",
    "program_type": "On-Demand N2P SDU/MDU Simple",
    "target_eligibility_quarter": "NA"
   }
  },
  {
   "type": "Feature",
   "geometry": {
    "type": "Point",
    "coordinates": [
     144.303652,
     -38.181743
    ]
   },
   "properties": {
    "name": "8 GREENFINCH WAY WANDANA HEIGHTS 3216",
    "locID": "LOC000073050750",
    "tech": "FTTP",
    "upgrade": "NULL_NA",
    "gnaf_pid": "GAVIC419882614",
    "program_type": "On-Demand N2P SDU/MDU Simple",
    "target_eligibility_quarter": "NA"
   }
  },
  {
   "type": "Feature",
   "geometry": {
    "type": "Point",
    "coordinates": [
     144.30285,
     -38.176249
    ]
   },
   "properties": {
    "name": "UNIT 1, 47 SUNDERLAND ROAD WANDANA HEIGHTS 3216",
    "locID": "LOC000027838666",
    "tech": "FTTN",
    "upgrade": "FTTP_SA",
    "gnaf_pid": "GAVIC419882883",
    "tech_change_status": "Eligible to Order",
    "program_type": "On-Demand N2P SDU/MDU Simple",
    "target_eligibility_quarter": "NA"
   }
  },
  {
   "type": "Feature",
   "geometry": {
    "type": "Point",
    "coordinates": [
     144.30400896,
     -38.18211733
    ]
   },
   "properties": {
    "name": "4 GREENFINCH WAY WANDANA HEIGHTS 3216",
    "locID": "LOC000071677281",
    "tech": "FTTP",
    "upgrade": "NULL_NA",
    "gnaf_pid": "GAVIC419890592",
    "program_type": "On-Demand N2P SDU/MDU Simple",
    "target_eligibility_quarter": "NA"
   }
  },
  {
   "type": "Feature",
   "geometry": {
    "type": "Point",
    "coordinates": [
     144.30340643,
     -38.18206
    ]
   },
   "properties": {
    "name": "9 GREENFINCH WAY WANDANA HEIGHTS 3216",
    "locID": "LOC000102435694",
    "tech": "FTTP",
    "upgrade": "FTTP_NA",
    "gnaf_pid": "GAVIC419890594",
    "tech_change_status": "Previous Tech Disconnected",
    "program_type": "On-Demand N2P SDU/MDU Simple",
    "target_eligibility_quarter": "NA"
   }
  },
  {
   "type": "Feature",
   "geometry": {
    "type": "Point",
    "coordinates": [
     144.30087249,
     -38.17682615
    ]
   },
   "properties": {
    "name": "106 GROSVENOR DRIVE WANDANA HEIGHTS 3216",
    "locID": "LOC000071973884",
    "tech": "FTTN",
    "upgrade": "FTTP_SA",
    "gnaf_pid": "GAVIC419948122",
    "tech_change_status": "Eligible to Order",
    "program_type": "On-Demand N2P SDU/MDU Simple",
    "target_eligibility_quarter": "NA"
   }
  },
  {
   "type": "Feature",
   "geometry": {
    "type": "Point",
    "coordinates": [
     144.3011001,
     -38.17596679
    ]
   },
   "properties": {
    "name": "96 GROSVENOR DRIVE WANDANA HEIGHTS 3216",
    "locID": "LOC000002769794",
    "tech": "FTTP",
    "upgrade": "FTTP_NA",
    "gnaf_pid": "GAVIC419948124",
    "tech_change_status": "Previous Tech Disconnected",
    "program_type": "On-Demand N2P SDU/MDU Simple",
    "target_eligibility_quarter": "NA"
   }
  },
  {
   "type": "Feature",
   "geometry": {
    "type": "Point",
    "coordinates": [
     144.30180631,
     -38.1723775
    ]
   },
   "properties": {
    "name": "79 GROSVENOR DRIVE WANDANA HEIGHTS 3216",
    "locID": "LOC000076006817",
    "tech": "FTTP",
    "upgrade": "NULL_NA",
    "gnaf_pid": "GAVIC419948125"
   }
  },
  {
   "type": "Feature",
   "geometry": {
    "type": "Point",
    "coordinates": [
     144.30162461,
     -38.17164914
    ]
   },
   "properties": {
    "name": "48 GROSVENOR DRIVE WANDANA HEIGHTS 3216",
    "locID": "LOC000032740940",
    "tech": "FTTP",
    "upgrade": "NULL_NA",
    "gnaf_pid": "GAVIC419948128"
   }
  },
  {
   "type": "Feature",
   "geometry": {
    "type": "Point",
    "coordinates": [
     144.30236336,
     -38.1732426
    ]
   },
   "properties": {
    "name": "89 GROSVENOR DRIVE WANDANA HEIGHTS 3216",
    "locID": "LOC000176462384",
    "tech": "FTTP",
    "upgrade": "NULL_NA",
    "gnaf_pid": "GAVIC419948130",
    "tech_change_status": "Previous Tech Disconnected"
   }
  },
  {
   "type": "Feature",
   "geometry": {
    "type": "Point",
    "coordinates": [
     144.302195,
     -38.17118843
    ]
   },
   "properties": {
    "name": "42 GROSVENOR DRIVE WANDANA HEIGHTS 3216",
    "locID": "LOC000106662558",
    "tech": "FTTP",
    "upgrade": "NULL_NA",
    "gnaf_pid": "GAVIC419948133"
   }
  },
  {
   "type": "Feature",
   "geometry": {
    "type": "Point",
    "coordinates": [
     144.30648296,
     -38.17614764
    ]
   },
   "properties": {
    "name": "48 BROLGA CRESCENT WANDANA HEIGHTS 3216",
    "locID": "LOC000021949646",
    "tech": "FTTP",
    "upgrade": "NULL_NA",
    "gnaf_pid": "GAVIC419948167",
    "program_type": "On-Demand N2P SDU/MDU Simple",
    "target_eligibility_quarter": "NA"
   }
  },
  {
   "type": "Feature",
   "geometry": {
    "type": "Point",
    "coordinates": [
     144.3061462,
     -38.18251888
    ]
   },
   "properties": {
    "name": "62 JAMES COOK DRIVE WANDANA HEIGHTS 3216",
    "locID": "LOC000007764827",
    "tech": "FTTN",
    "upgrade": "FTTP_SA",
    "gnaf_pid": "GAVIC419949882",
    "tech_change_status": "Eligible to Order",
    "program_type": "On-Demand N2P SDU/MDU Simple",
    "target_eligibility_quarter": "NA"
   }
  },
  {
   "type": "Feature",
   "geometry": {
    "type": "Point",
    "coordinates": [
     144.3069184,
     -38.17347554
    ]
   },
   "properties": {
    "name": "24-26 WANDANA DRIVE WANDANA HEIGHTS 3216",
    "locID": "LOC000108077143",
    "tech": "FTTN",
    "upgrade": "FTTP_SA",
    "gnaf_pid": "GAVIC419949885",
    "tech_change_status": "Eligible to Order",
    "program_type": "On-Demand N2P SDU/MDU Simple",
    "target_eligibility_quarter": "NA"
   }
  },
  {
   "type": "Feature",
   "geometry": {
    "type": "Point",
    "coordinates": [
     144.30718455,
     -38.17307719
    ]
   },
   "properties": {
    "name": "22 WANDANA DRIVE WANDANA HEIGHTS 3216",
    "locID": "LOC000015946465",
    "tech": "FTTP",
    "upgrade": "FTTP_NA",
    "gnaf_pid": "GAVIC419949886",
    "tech_change_status": "Previous Tech Disconnected",
    "program_type": "On-Demand N2P SDU/MDU Simple",
    "target_eligibility_quarter": "NA"
   }
  },
  {
   "type": "Feature",
   "geometry": {
    "type": "Point",
    "coordinates": [
     144.30667205,
     -38.17617038
    ]
   },
   "properties": {
    "name": "46 BROLGA CRESCENT WANDANA HEIGHTS 3216",
    "locID": "LOC000077170792",
    "tech": "FTTN",
    "upgrade": "FTTP_SA",
    "gnaf_pid": "GAVIC419949887",
    "tech_change_status": "Eligible to Order",
    "program_type": "On-Demand N2P SDU/MDU Simple",
    "target_eligibility_quarter": "NA"
   }
  },
  {
   "type": "Feature",
   "geometry": {
    "type": "Point",
    "coordinates": [
     144.3068805,
     -38.1800298
    ]
   },
   "properties": {
    "name": "31 JAMES COOK DRIVE WANDANA HEIGHTS 3216",
    "locID": "LOC000024366709",
    "tech": "FTTN",
    "upgrade": "FTTP_SA",
    "gnaf_pid": "GAVIC419949888",
    "tech_change_status": "Eligible to Order",
    "program_type": "On-Demand N2P SDU/MDU Simple",
    "target_eligibility_quarter": "NA"
   }
  },
  {
   "type": "Feature",
   "geometry": {
    "type": "Point",
    "coordinates": [
     144.30700165,
     -38.1791053
    ]
   },
   "properties": {
    "name": "23 JAMES COOK DRIVE WANDANA HEIGHTS 3216",
    "locID": "LOC000056670519",
    "tech": "FTTP",
    "upgrade": "NULL_NA",
    "gnaf_pid": "GAVIC419949889",
    "program_type": "On-Demand N2P SDU/MDU Simple",
    "target_eligibility_quarter": "NA"
   }
  },
  {
   "type": "Feature",
   "geometry": {
    "type": "Point",
    "coordinates": [
     144.3068041,
     -38.18048439
    ]
   },
   "properties": {
    "name": "35 JAMES COOK DRIVE WANDANA HEIGHTS 3216",
    "locID": "LOC000094006617",
    "tech": "FTTN",
    "upgrade": "FTTP_SA",
    "gnaf_pid": "GAVIC419949890",
    "tech_change_status": "Eligible to Order",
    "program_type": "On-Demand N2P SDU/MDU Simple",
    "target_eligibility_quarter": "NA"
   }
  },
  {
   "type": "Feature",
   "geometry": {
    "type": "Point",
    "coordinates": [
     144.30675635,
     -38.17713205
    ]
   },
   "properties": {
    "name": "3 JAMES COOK DRIVE WANDANA HEIGHTS 3216",
    "locID": "LOC000070953866",
    "tech": "FTTN",
    "upgrade": "FTTP_SA",
    "gnaf_pid": "GAVIC419949891",
    "tech_change_status": "Eligible to Order",
    "program_type": "On-Demand N2P SDU/MDU Simple",
    "target_eligibility_quarter": "NA"
   }
  },
  {
   "type": "Feature",
   "geometry": {
    "type": "Point",
    "coordinates": [
     144.30716039,
     -38.17855531
    ]
   },
   "properties": {
    "name": "17 JAMES COOK DRIVE WANDANA HEIGHTS 3216",
    "locID": "LOC000071527078",
    "tech": "FTTP",
    "upgrade": "NULL_NA",
    "gnaf_pid": "GAVIC419949892",
    "program_type": "On-Demand N2P SDU/MDU Simple",
    "target_eligibility_quarter": "NA"
   }
  },
  {
   "type": "Feature",
   "geometry": {
    "type": "Point",
    "coordinates": [
     144.30708763,
     -38.1719844
    ]
   },
   "properties": {
    "name": "7 GROSVENOR DRIVE WANDANA HEIGHTS 3216",
    "locID": "LOC000075341076",
    "tech": "FTTN",
    "upgrade": "FTTP_SA",
    "gnaf_pid": "GAVIC419949893",
    "tech_change_status": "Eligible to Order",
    "program_type": "On-Demand N2P SDU/MDU Simple",
    "target_eligibility_quarter": "NA"
   }
  },
  {
   "type": "Feature",
   "geometry": {
    "type": "Point",
    "coordinates": [
     144.30209828,
     -38.17406678
    ]
   },
   "properties": {
    "name": "97-99 GROSVENOR DRIVE WANDANA HEIGHTS 3216",
    "locID": "LOC000033741883",
    "tech": "FTTP",
    "upgrade": "FTTP_NA",
    "gnaf_pid": "GAVIC419954313",
    "tech_change_status": "Previous Tech Disconnected",
    "program_type": "On-Demand N2P SDU/MDU Simple",
    "target_eligibility_quarter": "NA"
   }
  },
  {
   "type": "Feature",
   "geometry": {
    "type": "Point",
    "coordinates": [
     144.3005475,
     -38.17158561
    ]
   },
   "properties": {
    "name": "3 CHRISTIE COURT WANDANA HEIGHTS 3216",
    "locID": "LOC000012546287",
    "tech": "FTTP",
    "upgrade": "NULL_NA",
    "gnaf_pid": "GAVIC419954414"
   }
  },
  {
   "type": "Feature",
   "geometry": {
    "type": "Point",
    "coordinates": [
     144.30069335,
     -38.17141408
    ]
   },
   "properties": {
    "name": "4 CHRISTIE COURT WANDANA HEIGHTS 3216",
    "locID": "LOC000083062611",
    "tech": "FTTP",
    "upgrade": "NULL_NA",
    "gnaf_pid": "GAVIC419954417"
   }
  },
  {
   "type": "Feature",
   "geometry": {
    "type": "Point",
    "coordinates": [
     144.3040046,
     -38.16992215
    ]
   },
   "properties": {
    "name": "47 GROSVENOR DRIVE WANDANA HEIGHTS 3216",
    "locID": "LOC000058053865",
    "tech": "FTTN",
    "upgrade": "FTTP",
    "gnaf_pid": "GAVIC419954474",
    "tech_change_status": "Eligible to Order",
    "program_type": "On-Demand N2P SDU/MDU Simple",
    "target_eligibility_quarter": "NA"
   }
  },
  {
   "type": "Feature",
   "geometry": {
    "type": "Point",
    "coordinates": [
     144.30426324,
     -38.16976698
    ]
   },
   "properties": {
    "name": "45 GROSVENOR DRIVE WANDANA HEIGHTS 3216",
    "locID": "LOC000100520066",
    "tech": "FTTP",
    "upgrade": "NULL_NA",
    "gnaf_pid": "GAVIC419954476",
    "program_type": "On-Demand N2P SDU/MDU Simple",
    "target_eligibility_quarter": "NA"
   }
  },
  {
   "type": "Feature",
   "geometry": {
    "type": "Point",
    "coordinates": [
     144.3038533,
     -38.17682058
    ]
   },
   "properties": {
    "name": "9 NIREEDA COURT WANDANA HEIGHTS 3216",
    "locID": "LOC000021974179",
    "tech": "FTTP",
    "upgrade": "NULL_NA",
    "gnaf_pid": "GAVIC419954477",
    "program_type": "On-Demand N2P SDU/MDU Simple",
    "target_eligibility_quarter": "NA"
   }
  },
  {
   "type": "Feature",
   "geometry": {
    "type": "Point",
    "coordinates": [
     144.30516858,
     -38.17076125
    ]
   },
   "properties": {
    "name": "11 TRAFALGAR SQUARE WANDANA HEIGHTS 3216",
    "locID": "LOC000041280852",
    "tech": "FTTP",
    "upgrade": "NULL_NA",
    "gnaf_pid": "GAVIC419954479",
    "tech_change_status": "Previous Tech Disconnected",
    "program_type": "On-Demand N2P SDU/MDU Simple",
    "target_eligibility_quarter": "NA"
   }
  },
  {
   "type": "Feature",
   "geometry": {
    "type": "Point",
    "coordinates": [
     144.30457336,
     -38.17242225
    ]
   },
   "properties": {
    "name": "18 HENDERSON DRIVE WANDANA HEIGHTS 3216",
    "locID": "LOC000075933661",
    "tech": "FTTP",
    "upgrade": "NULL_NA",
    "gnaf_pid": "GAVIC419954480",
    "program_type": "On-Demand N2P SDU/MDU Simple",
    "target_eligibility_quarter": "NA"
   }
  },
  {
   "type": "Feature",
   "geometry": {
    "type": "Point",
    "coordinates": [
     144.30460505,
     -38.17447251
    ]
   },
   "properties": {
    "name": "12 SUNDERLAND ROAD WANDANA HEIGHTS 3216",
    "locID": "LOC000034220781",
    "tech": "FTTP",
    "upgrade": "NULL_NA",
    "gnaf_pid": "GAVIC419954481",
    "program_type": "On-Demand N2P SDU/MDU Simple",
    "target_eligibility_quarter": "NA"
   }
  },
  {
   "type": "Feature",
   "geometry": {
    "type": "Point",
    "coordinates": [
     144.30453376,
     -38.18285306
    ]
   },
   "properties": {
    "name": "72 JAMES COOK DRIVE WANDANA HEIGHTS 3216",
    "locID": "LOC000075553466",
    "tech": "FTTP",
    "upgrade": "NULL_NA",
    "gnaf_pid": "GAVIC419954482",
    "program_type": "On-Demand N2P SDU/MDU Simple",
    "target_eligibility_quarter": "NA"
   }
  },
  {
   "type": "Feature",
   "geometry": {
    "type": "Point",
    "coordinates": [
     144.30527676,
     -38.16960413
    ]
   },
   "properties": {
    "name": "16 TRAFALGAR SQUARE WANDANA HEIGHTS 3216",
    "locID": "LOC000044605071",
    "tech": "FTTP",
    "upgrade": "NULL_NA",
    "gnaf_pid": "GAVIC419954483",
    "program_type": "On-Demand N2P SDU/MDU Simple",
    "target_eligibility_quarter": "NA"
   }
  },
  {
   "type": "Feature",
   "geometry": {
    "type": "Point",
    "coordinates": [
     144.30366729,
     -38.17562217
    ]
   },
   "properties": {
    "name": "12 KIRAMI COURT WANDANA HEIGHTS 3216",
    "locID": "LOC000050104781",
    "tech": "FTTN",
    "upgrade": "FTTP_SA",
    "gnaf_pid": "GAVIC419954484",
    "tech_change_status": "Eligible to Order",
    "program_type": "On-Demand N2P SDU/MDU Simple",
    "target_eligibility_quarter": "NA"
   }
  },
  {
   "type": "Feature",
   "geometry": {
    "type": "Point",
    "coordinates": [
     144.30520871,
     -38.1722746
    ]
   },
   "properties": {
    "name": "8 BENT ROAD WANDANA HEIGHTS 3216",
    "locID": "LOC000032878103",
    "tech": "FTTN",
    "upgrade": "FTTP_SA",
    "gnaf_pid": "GAVIC419954485",
    "tech_change_status": "Eligible to Order",
    "program_type": "On-Demand N2P SDU/MDU Simple",
    "target_eligibility_quarter": "NA"
   }
  },
  {
   "type": "Feature",
   "geometry": {
    "type": "Point",
    "coordinates": [
     144.30533061,
     -38.16982855
    ]
   },
   "properties": {
    "name": "15 TRAFALGAR SQUARE WANDANA HEIGHTS 3216",
    "locID": "LOC000095734903",
    "tech": "FTTP",
    "upgrade": "NULL_NA",
    "gnaf_pid": "GAVIC419954486",
    "tech_change_status": "Previous Tech Disconnected",
    "program_type": "On-Demand N2P SDU/MDU Simple",
    "target_eligibility_quarter": "NA"
   }
  },
  {
   "type": "Feature",
   "geometry": {
    "type": "Point",
    "coordinates": [
     144.30481863,
     -38.18031453
    ]
   },
   "properties": {
    "name": "49 WANDANA DRIVE WANDANA HEIGHTS 3216",
    "locID": "LOC000062995662",
    "tech": "FTTN",
    "upgrade": "FTTP_SA",
    "gnaf_pid": "GAVIC419954487",
    "tech_change_status": "Eligible to Order",
    "program_type": "On-Demand N2P SDU/MDU Simple",
    "target_eligibility_quarter": "NA"
   }
  },
  {
   "type": "Feature",
   "geometry": {
    "type": "Point",
    "coordinates": [
     144.30477044,
     -38.18207041
    ]
   },
   "properties": {
    "name": "69 WANDANA DRIVE WANDANA HEIGHTS 3216",
    "locID": "LOC000067644149",
    "tech": "FTTP",
    "upgrade": "NULL_NA",
    "gnaf_pid": "GAVIC419954488",
    "program_type": "On-Demand N2P SDU/MDU Simple",
    "target_eligibility_quarter": "NA"
   }
  },
  {
   "type": "Feature",
   "geometry": {
    "type": "Point",
    "coordinates": [
     144.30504851,
     -38.17693085
    ]
   },
   "properties": {
    "name": "3 NIREEDA COURT WANDANA HEIGHTS 3216",
    "locID": "LOC000087713427",
    "tech": "FTTN",
    "upgrade": "FTTP_SA",
    "gnaf_pid": "GAVIC419954489",
    "tech_change_status": "Eligible to Order",
    "program_type": "On-Demand N2P SDU/MDU Simple",
    "target_eligibility_quarter": "NA"
   }
  },
  {
   "type": "Feature",
   "geometry": {
    "type": "Point",
    "coordinates": [
     144.3071216,
     -38.1768781
    ]
   },
   "properties": {
    "name": "8 JAMES COOK DRIVE WANDANA HEIGHTS 3216",
    "locID": "LOC000070367059",
    "tech": "FTTN",
    "upgrade": "FTTP_SA",
    "gnaf_pid": "GAVIC419955219",
    "tech_change_status": "Eligible to Order",
    "program_type": "On-Demand N2P SDU/MDU Simple",
    "target_eligibility_quarter": "NA"
   }
  },
  {
   "type": "Feature",
   "geometry": {
    "type": "Point",
    "coordinates": [
     144.30767089,
     -38.1723845
    ]
   },
   "properties": {
    "name": "14 WANDANA DRIVE WANDANA HEIGHTS 3216",
    "locID": "LOC000107872620",
    "tech": "FTTN",
    "upgrade": "FTTP_SA",
    "gnaf_pid": "GAVIC419955220",
    "tech_change_status": "Eligible to Order",
    "program_type": "On-Demand N2P SDU/MDU Simple",
    "target_eligibility_quarter": "NA"
   }
  },
  {
   "type": "Feature",
   "geometry": {
    "type": "Point",
    "coordinates": [
     144.30733126,
     -38.17537405
    ]
   },
   "properties": {
    "name": "11 BROLGA CRESCENT WANDANA HEIGHTS 3216",
    "locID": "LOC000027733764",
    "tech": "FTTP",
    "upgrade": "NULL_NA",
    "gnaf_pid": "GAVIC419955222",
    "program_type": "On-Demand N2P SDU/MDU Simple",
    "target_eligibility_quarter": "NA"
   }
  },
  {
   "type": "Feature",
   "geometry": {
    "type": "Point",
    "coordinates": [
     144.30494718,
     -38.18264771
    ]
   },
   "properties": {
    "name": "61 JAMES COOK DRIVE WANDANA HEIGHTS 3216",
    "locID": "LOC000057117897",
    "tech": "FTTN",
    "upgrade": "FTTP",
    "gnaf_pid": "GAVIC419955478",
    "tech_change_status": "Eligible to Order",
    "program_type": "On-Demand N2P SDU/MDU Simple",
    "target_eligibility_quarter": "NA"
   }
  },
  {
   "type": "Feature",
   "geometry": {
    "type": "Point",
    "coordinates": [
     144.3056451,
     -38.16913555
    ]
   },
   "properties": {
    "name": "35 GROSVENOR DRIVE WANDANA HEIGHTS 3216",
    "locID": "LOC000091353078",
    "tech": "FTTP",
    "upgrade": "NULL_NA",
    "gnaf_pid": "GAVIC419955479",
    "program_type": "On-Demand N2P SDU/MDU Simple",
    "target_eligibility_quarter": "NA"
   }
  },
  {
   "type": "Feature",
   "geometry": {
    "type": "Point",
    "coordinates": [
     144.30501059,
     -38.18106038
    ]
   },
   "properties": {
    "name": "57 WANDANA DRIVE WANDANA HEIGHTS 3216",
    "locID": "LOC000080646061",
    "tech": "FTTN",
    "upgrade": "FTTP_SA",
    "gnaf_pid": "GAVIC419955480",
    "tech_change_status": "Eligible to Order",
    "program_type": "On-Demand N2P SDU/MDU Simple",
    "target_eligibility_quarter": "NA"
   }
  },
  {
   "type": "Feature",
   "geometry": {
    "type": "Point",
    "coordinates": [
     144.30524958,
     -38.17843121
    ]
   },
   "properties": {
    "name": "37 WANDANA DRIVE WANDANA HEIGHTS 3216",
    "locID": "LOC000033385660",
    "tech": "FTTP",
    "upgrade": "NULL_NA",
    "gnaf_pid": "GAVIC419955481",
    "program_type": "On-Demand N2P SDU/MDU Simple",
    "target_eligibility_quarter": "NA"
   }
  },
  {
   "type": "Feature",
   "geometry": {
    "type": "Point",
    "coordinates": [
     144.30552405,
     -38.17309813
    ]
   },
   "properties": {
    "name": "12 REGENCY CLOSE WANDANA HEIGHTS 3216",
    "locID": "LOC000070407208",
    "tech": "FTTN",
    "upgrade": "FTTP_SA",
    "gnaf_pid": "GAVIC419955482",
    "tech_change_status": "Eligible to Order",
    "program_type": "On-Demand N2P SDU/MDU Simple",
    "target_eligibility_quarter": "NA"
   }
  },
  {
   "type": "Feature",
   "geometry": {
    "type": "Point",
    "coordinates": [
     144.30566001,
     -38.16968143
    ]
   },
   "properties": {
    "name": "2 TRAFALGAR SQUARE WANDANA HEIGHTS 3216",
    "locID": "LOC000033520022",
    "tech": "FTTN",
    "upgrade": "FTTP_SA",
    "gnaf_pid": "GAVIC419955483",
    "tech_change_status": "Eligible to Order",
    "program_type": "On-Demand N2P SDU/MDU Simple",
    "target_eligibility_quarter": "NA"
   }
  },
  {
   "type": "Feature",
   "geometry": {
    "type": "Point",
    "coordinates": [
     144.30594753,
     -38.1820829
    ]
   },
   "properties": {
    "name": "51 JAMES COOK DRIVE WANDANA HEIGHTS 3216",
    "locID": "LOC000011100311",
    "tech": "FTTN",
    "upgrade": "FTTP",
    "gnaf_pid": "GAVIC419955484",
    "tech_change_status": "Eligible to Order",
    "program_type": "On-Demand N2P SDU/MDU Simple",
    "target_eligibility_quarter": "NA"
   }
  },
  {
   "type": "Feature",
   "geometry": {
    "type": "Point",
    "coordinates": [
     144.30590854,
     -38.17350794
    ]
   },
   "properties": {
    "name": "4 REGENCY CLOSE WANDANA HEIGHTS 3216",
    "locID": "LOC000091460655",
    "tech": "FTTN",
    "upgrade": "FTTP_SA",
    "gnaf_pid": "GAVIC419955485",
    "tech_change_status": "Eligible to Order",
    "program_type": "On-Demand N2P SDU/MDU Simple",
    "target_eligibility_quarter": "NA"
   }
  },
  {
   "type": "Feature",
   "geometry": {
    "type": "Point",
    "coordinates": [
     144.3072629,
     -38.17690029
    ]
   },
   "properties": {
    "name": "10 JAMES COOK DRIVE WANDANA HEIGHTS 3216",
    "locID": "LOC000068144273",
    "tech": "FTTN",
    "upgrade": "FTTP_SA",
    "gnaf_pid": "GAVIC419956263",
    "tech_change_status": "Eligible to Order",
    "program_type": "On-Demand N2P SDU/MDU Simple",
    "target_eligibility_quarter": "NA"
   }
  },
  {
   "type": "Feature",
   "geometry": {
    "type": "Point",
    "coordinates": [
     144.3074281,
     -38.17626129
    ]
   },
   "properties": {
    "name": "38 BROLGA CRESCENT WANDANA HEIGHTS 3216",
    "locID": "LOC000071734169",
    "tech": "FTTN",
    "upgrade": "FTTP_SA",
    "gnaf_pid": "GAVIC419956264",
    "tech_change_status": "Eligible to Order",
    "program_type": "On-Demand N2P SDU/MDU Simple",
    "target_eligibility_quarter": "NA"
   }
  },
  {
   "type": "Feature",
   "geometry": {
    "type": "Point",
    "coordinates": [
     144.30726441,
     -38.17953151
    ]
   },
   "properties": {
    "name": "38 JAMES COOK DRIVE WANDANA HEIGHTS 3216",
    "locID": "LOC000017786227",
    "tech": "FTTP",
    "upgrade": "NULL_NA",
    "gnaf_pid": "GAVIC419956265",
    "program_type": "On-Demand N2P SDU/MDU Simple",
    "target_eligibility_quarter": "NA"
   }
  },
  {
   "type": "Feature",
   "geometry": {
    "type": "Point",
    "coordinates": [
     144.30729579,
     -38.1793455
    ]
   },
   "properties": {
    "name": "36 JAMES COOK DRIVE WANDANA HEIGHTS 3216",
    "locID": "LOC000067758754",
    "tech": "FTTN",
    "upgrade": "FTTP",
    "gnaf_pid": "GAVIC419956266",
    "tech_change_status": "Eligible to Order",
    "program_type": "On-Demand N2P SDU/MDU Simple",
    "target_eligibility_quarter": "NA"
   }
  },
  {
   "type": "Feature",
   "geometry": {
    "type": "Point",
    "coordinates": [
     144.3075384,
     -38.17835933
    ]
   },
   "properties": {
    "name": "26 JAMES COOK DRIVE WANDANA HEIGHTS 3216",
    "locID": "LOC000019504594",
    "tech": "FTTN",
    "upgrade": "FTTP_SA",
    "gnaf_pid": "GAVIC419956268",
    "tech_change_status": "Eligible to Order",
    "program_type": "On-Demand N2P SDU/MDU Simple",
    "target_eligibility_quarter": "NA"
   }
  },
  {
   "type": "Feature",
   "geometry": {
    "type": "Point",
    "coordinates": [
     144.3076206,
     -38.17762276
    ]
   },
   "properties": {
    "name": "18 JAMES COOK DRIVE WANDANA HEIGHTS 3216",
    "locID": "LOC000096497678",
    "tech": "FTTP",
    "upgrade": "NULL_NA",
    "gnaf_pid": "GAVIC419956270",
    "program_type": "On-Demand N2P SDU/MDU Simple",
    "target_eligibility_quarter": "NA"
   }
  },
  {
   "type": "Feature",
   "geometry": {
    "type": "Point",
    "coordinates": [
     144.30880187,
     -38.17133813
    ]
   },
   "properties": {
    "name": "2A WANDANA DRIVE WANDANA HEIGHTS 3216",
    "locID": "LOC000124166421",
    "tech": "FTTP",
    "upgrade": "NULL_NA",
    "gnaf_pid": "GAVIC419956271",
    "program_type": "On-Demand N2P SDU/MDU Simple",
    "target_eligibility_quarter": "NA"
   }
  },
  {
   "type": "Feature",
   "geometry": {
    "type": "Point",
    "coordinates": [
     144.3081261,
     -38.1751574
    ]
   },
   "properties": {
    "name": "16 BROLGA CRESCENT WANDANA HEIGHTS 3216",
    "locID": "LOC000032732544",
    "tech": "FTTN",
    "upgrade": "FTTP_SA",
    "gnaf_pid": "GAVIC419956274",
    "tech_change_status": "Eligible to Order",
    "program_type": "On-Demand N2P SDU/MDU Simple",
    "target_eligibility_quarter": "NA"
   }
  },
  {
   "type": "Feature",
   "geometry": {
    "type": "Point",
    "coordinates": [
     144.30610886,
     -38.1708268
    ]
   },
   "properties": {
    "name": "8 TRAFALGAR SQUARE WANDANA HEIGHTS 3216",
    "locID": "LOC000013079938",
    "tech": "FTTP",
    "upgrade": "FTTP_NA",
    "gnaf_pid": "GAVIC419962500",
    "tech_change_status": "Previous Tech Disconnected",
    "program_type": "On-Demand N2P SDU/MDU Simple",
    "target_eligibility_quarter": "NA"
   }
  },
  {
   "type": "Feature",
   "geometry": {
    "type": "Point",
    "coordinates": [
     144.30582331,
     -38.17686391
    ]
   },
   "properties": {
    "name": "19 WANDANA DRIVE WANDANA HEIGHTS 3216",
    "locID": "LOC000033341059",
    "tech": "FTTN",
    "upgrade": "FTTP_SA",
    "gnaf_pid": "GAVIC419962501",
    "tech_change_status": "Eligible to Order",
    "program_type": "On-Demand N2P SDU/MDU Simple",
    "target_eligibility_quarter": "NA"
   }
  },
  {
   "type": "Feature",
   "geometry": {
    "type": "Point",
    "coordinates": [
     144.30615373,
     -38.17173378
    ]
   },
   "properties": {
    "name": "4 STIRLING COURT WANDANA HEIGHTS 3216",
    "locID": "LOC000065628224",
    "tech": "FTTP",
    "upgrade": "NULL_NA",
    "gnaf_pid": "GAVIC419962502",
    "program_type": "On-Demand N2P SDU/MDU Simple",
    "target_eligibility_quarter": "NA"
   }
  },
  {
   "type": "Feature",
   "geometry": {
    "type": "Point",
    "coordinates": [
     144.30613441,
     -38.17243091
    ]
   },
   "properties": {
    "name": "3 BENT ROAD WANDANA HEIGHTS 3216",
    "locID": "LOC000088854831",
    "tech": "FTTP",
    "upgrade": "NULL_NA",
    "gnaf_pid": "GAVIC419962504",
    "program_type": "On-Demand N2P SDU/MDU Simple",
    "target_eligibility_quarter": "NA"
   }
  },
  {
   "type": "Feature",
   "geometry": {
    "type": "Point",
    "coordinates": [
     144.30621215,
     -38.17526335
    ]
   },
   "properties": {
    "name": "1 BROLGA CRESCENT WANDANA HEIGHTS 3216",
    "locID": "LOC000095118063",
    "tech": "FTTN",
    "upgrade": "FTTP_SA",
    "gnaf_pid": "GAVIC419962505",
    "tech_change_status": "Eligible to Order",
    "program_type": "On-Demand N2P SDU/MDU Simple",
    "target_eligibility_quarter": "NA"
   }
  },
  {
   "type": "Feature",
   "geometry": {
    "type": "Point",
    "coordinates": [
     144.30653885,
     -38.17228938
    ]
   },
   "properties": {
    "name": "2 GROSVENOR DRIVE WANDANA HEIGHTS 3216",
    "locID": "LOC000083637363",
    "tech": "FTTN",
    "upgrade": "FTTP_SA",
    "gnaf_pid": "GAVIC419962507",
    "tech_change_status": "Eligible to Order",
    "program_type": "On-Demand N2P SDU/MDU Simple",
    "target_eligibility_quarter": "NA"
   }
  },
  {
   "type": "Feature",
   "geometry": {
    "type": "Point",
    "coordinates": [
     144.30658675,
     -38.17833614
    ]
   },
   "properties": {
    "name": "1 FARRER CLOSE WANDANA HEIGHTS 3216",
    "locID": "LOC000100833291",
    "tech": "FTTP",
    "upgrade": "NULL_NA",
    "gnaf_pid": "GAVIC419962508",
    "program_type": "On-Demand N2P SDU/MDU Simple",
    "target_eligibility_quarter": "NA"
   }
  },
  {
   "type": "Feature",
   "geometry": {
    "type": "Point",
    "coordinates": [
     144.30505035,
     -38.1760414
    ]
   },
   "properties": {
    "name": "1 KIRAMI COURT WANDANA HEIGHTS 3216",
    "locID": "LOC000074336699",
    "tech": "FTTP",
    "upgrade": "NULL_NA",
    "gnaf_pid": "GAVIC419972436",
    "program_type": "On-Demand N2P SDU/MDU Simple",
    "target_eligibility_quarter": "NA"
   }
  },
  {
   "type": "Feature",
   "geometry": {
    "type": "Point",
    "coordinates": [
     144.30154825,
     -38.1792554
    ]
   },
   "properties": {
    "name": "15 STANFIELD DRIVE WANDANA HEIGHTS 3216",
    "locID": "LOC000058346060",
    "tech": "FTTP",
    "upgrade": "NULL_NA",
    "gnaf_pid": "GAVIC420063059",
    "program_type": "On-Demand N2P SDU/MDU Simple",
    "target_eligibility_quarter": "NA"
   }
  },
  {
   "type": "Feature",
   "geometry": {
    "type": "Point",
    "coordinates": [
     144.30277225,
     -38.1713948
    ]
   },
   "properties": {
    "name": "4 EBONY CLOSE WANDANA HEIGHTS 3216",
    "locID": "LOC000047246325",
    "tech": "FTTP",
    "upgrade": "NULL_NA",
    "gnaf_pid": "GAVIC420140683"
   }
  },
  {
   "type": "Feature",
   "geometry": {
    "type": "Point",
    "coordinates": [
     144.303127,
     -38.17116
    ]
   },
   "properties": {
    "name": "3 EBONY CLOSE WANDANA HEIGHTS 3216",
    "locID": "LOC000093116206",
    "tech": "FTTP",
    "upgrade": "NULL_NA",
    "gnaf_pid": "GAVIC420160839",
    "tech_change_status": "Previous Tech Disconnected"
   }
  },
  {
   "type": "Feature",
   "geometry": {
    "type": "Point",
    "coordinates": [
     144.30393996,
     -38.17439308
    ]
   },
   "properties": {
    "name": "16 SUNDERLAND ROAD WANDANA HEIGHTS 3216",
    "locID": "LOC000114083516",
    "tech": "FTTN",
    "upgrade": "FTTP_SA",
    "gnaf_pid": "GAVIC420232911",
    "tech_change_status": "Eligible to Order",
    "program_type": "On-Demand N2P SDU/MDU Simple",
    "target_eligibility_quarter": "NA"
   }
  },
  {
   "type": "Feature",
   "geometry": {
    "type": "Point",
    "coordinates": [
     144.30440425,
     -38.17004819
    ]
   },
   "properties": {
    "name": "30 GROSVENOR DRIVE WANDANA HEIGHTS 3216",
    "locID": "LOC000057076671",
    "tech": "FTTP",
    "upgrade": "NULL_NA",
    "gnaf_pid": "GAVIC420232913",
    "program_type": "On-Demand N2P SDU/MDU Simple",
    "target_eligibility_quarter": "NA"
   }
  },
  {
   "type": "Feature",
   "geometry": {
    "type": "Point",
    "coordinates": [
     144.3047708,
     -38.16944083
    ]
   },
   "properties": {
    "name": "41 GROSVENOR DRIVE WANDANA HEIGHTS 3216",
    "locID": "LOC000066872513",
    "tech": "FTTP",
    "upgrade": "NULL_NA",
    "gnaf_pid": "GAVIC420232914",
    "tech_change_status": "Previous Tech Disconnected",
    "program_type": "On-Demand N2P SDU/MDU Simple",
    "target_eligibility_quarter": "NA"
   }
  },
  {
   "type": "Feature",
   "geometry": {
    "type": "Point",
    "coordinates": [
     144.30504401,
     -38.17325803
    ]
   },
   "properties": {
    "name": "8 REGENCY CLOSE WANDANA HEIGHTS 3216",
    "locID": "LOC000083432046",
    "tech": "FTTN",
    "upgrade": "FTTP_SA",
    "gnaf_pid": "GAVIC420232917",
    "tech_change_status": "Eligible to Order",
    "program_type": "On-Demand N2P SDU/MDU Simple",
    "target_eligibility_quarter": "NA"
   }
  },
  {
   "type": "Feature",
   "geometry": {
    "type": "Point",
    "coordinates": [
     144.30516939,
     -38.1732921
    ]
   },
   "properties": {
    "name": "7 REGENCY CLOSE WANDANA HEIGHTS 3216",
    "locID": "LOC000057470439",
    "tech": "FTTP",
    "upgrade": "NULL_NA",
    "gnaf_pid": "GAVIC420232919",
    "program_type": "On-Demand N2P SDU/MDU Simple",
    "target_eligibility_quarter": "NA"
   }
  },
  {
   "type": "Feature",
   "geometry": {
    "type": "Point",
    "coordinates": [
     144.30483378,
     -38.17693775
    ]
   },
   "properties": {
    "name": "4 NIREEDA COURT WANDANA HEIGHTS 3216",
    "locID": "LOC000093950285",
    "tech": "FTTN",
    "upgrade": "FTTP_SA",
    "gnaf_pid": "GAVIC420232920",
    "tech_change_status": "Eligible to Order",
    "program_type": "On-Demand N2P SDU/MDU Simple",
    "target_eligibility_quarter": "NA"
   }
  },
  {
   "type": "Feature",
   "geometry": {
    "type": "Point",
    "coordinates": [
     144.3046961,
     -38.18259165
    ]
   },
   "properties": {
    "name": "63 JAMES COOK DRIVE WANDANA HEIGHTS 3216",
    "locID": "LOC000063508477",
    "tech": "FTTN",
    "upgrade": "FTTP",
    "gnaf_pid": "GAVIC420232921",
    "tech_change_status": "Eligible to Order",
    "program_type": "On-Demand N2P SDU/MDU Simple",
    "target_eligibility_quarter": "NA"
   }
  },
  {
   "type": "Feature",
   "geometry": {
    "type": "Point",
    "coordinates": [
     144.30536339,
     -38.16920454
    ]
   },
   "properties": {
    "name": "37 GROSVENOR DRIVE WANDANA HEIGHTS 3216",
    "locID": "LOC000059388135",
    "tech": "FTTN",
    "upgrade": "FTTP_SA",
    "gnaf_pid": "GAVIC420232922",
    "tech_change_status": "Eligible to Order",
    "program_type": "On-Demand N2P SDU/MDU Simple",
    "target_eligibility_quarter": "NA"
   }
  },
  {
   "type": "Feature",
   "geometry": {
    "type": "Point",
    "coordinates": [
     144.30534535,
     -38.17303694
    ]
   },
   "properties": {
    "name": "11 REGENCY CLOSE WANDANA HEIGHTS 3216",
    "locID": "LOC000046093795",
    "tech": "FTTP",
    "upgrade": "NULL_NA",
    "gnaf_pid": "GAVIC420232924",
    "program_type": "On-Demand N2P SDU/MDU Simple",
    "target_eligibility_quarter": "NA"
   }
  },
  {
   "type": "Feature",
   "geometry": {
    "type": "Point",
    "coordinates": [
     144.30534446,
     -38.17422658
    ]
   },
   "properties": {
    "name": "2 CANTERBURY COURT WANDANA HEIGHTS 3216",
    "locID": "LOC000075597682",
    "tech": "FTTN",
    "upgrade": "FTTP_SA",
    "gnaf_pid": "GAVIC420232925",
    "tech_change_status": "Eligible to Order",
    "program_type": "On-Demand N2P SDU/MDU Simple",
    "target_eligibility_quarter": "NA"
   }
  },
  {
   "type": "Feature",
   "geometry": {
    "type": "Point",
    "coordinates": [
     144.3053778,
     -38.17405294
    ]
   },
   "properties": {
    "name": "3 CANTERBURY COURT WANDANA HEIGHTS 3216",
    "locID": "LOC000103959607",
    "tech": "FTTN",
    "upgrade": "FTTP_SA",
    "gnaf_pid": "GAVIC420232926",
    "tech_change_status": "Eligible to Order",
    "program_type": "On-Demand N2P SDU/MDU Simple",
    "target_eligibility_quarter": "NA"
   }
  },
  {
   "type": "Feature",
   "geometry": {
    "type": "Point",
    "coordinates": [
     144.30493553,
     -38.18056685
    ]
   },
   "properties": {
    "name": "51 WANDANA DRIVE WANDANA HEIGHTS 3216",
    "locID": "LOC000100274952",
    "tech": "FTTP",
    "upgrade": "NULL_NA",
    "gnaf_pid": "GAVIC420232927",
    "program_type": "On-Demand N2P SDU/MDU Simple",
    "target_eligibility_quarter": "NA"
   }
  },
  {
   "type": "Feature",
   "geometry": {
    "type": "Point",
    "coordinates": [
     144.3054228,
     -38.1738907
    ]
   },
   "properties": {
    "name": "4 CANTERBURY COURT WANDANA HEIGHTS 3216",
    "locID": "LOC000051243877",
    "tech": "FTTP",
    "upgrade": "NULL_NA",
    "gnaf_pid": "GAVIC420232928",
    "program_type": "On-Demand N2P SDU/MDU Simple",
    "target_eligibility_quarter": "NA"
   }
  },
  {
   "type": "Feature",
   "geometry": {
    "type": "Point",
    "coordinates": [
     144.3055192,
     -38.18014538
    ]
   },
   "properties": {
    "name": "10 HARGRAVE CRESCENT WANDANA HEIGHTS 3216",
    "locID": "LOC000068187082",
    "tech": "FTTN",
    "upgrade": "FTTP",
    "gnaf_pid": "GAVIC420237345",
    "tech_change_status": "Eligible to Order",
    "program_type": "On-Demand N2P SDU/MDU Simple",
    "target_eligibility_quarter": "NA"
   }
  },
  {
   "type": "Feature",
   "geometry": {
    "type": "Point",
    "coordinates": [
     144.30658989,
     -38.1752885
    ]
   },
   "properties": {
    "name": "3 BROLGA CRESCENT WANDANA HEIGHTS 3216",
    "locID": "LOC000070988706",
    "tech": "FTTN",
    "upgrade": "FTTP_SA",
    "gnaf_pid": "GAVIC420238173",
    "tech_change_status": "Eligible to Order",
    "program_type": "On-Demand N2P SDU/MDU Simple",
    "target_eligibility_quarter": "NA"
   }
  },
  {
   "type": "Feature",
   "geometry": {
    "type": "Point",
    "coordinates": [
     144.3071724,
     -38.17840338
    ]
   },
   "properties": {
    "name": "15 JAMES COOK DRIVE WANDANA HEIGHTS 3216",
    "locID": "LOC000020232921",
    "tech": "FTTP",
    "upgrade": "NULL_NA",
    "gnaf_pid": "GAVIC420238178",
    "program_type": "On-Demand N2P SDU/MDU Simple",
    "target_eligibility_quarter": "NA"
   }
  },
  {
   "type": "Feature",
   "geometry": {
    "type": "Point",
    "coordinates": [
     144.30704938,
     -38.17621575
    ]
   },
   "properties": {
    "name": "42 BROLGA CRESCENT WANDANA HEIGHTS 3216",
    "locID": "LOC000056887561",
    "tech": "FTTP",
    "upgrade": "NULL_NA",
    "gnaf_pid": "GAVIC420238179",
    "program_type": "On-Demand N2P SDU/MDU Simple",
    "target_eligibility_quarter": "NA"
   }
  },
  {
   "type": "Feature",
   "geometry": {
    "type": "Point",
    "coordinates": [
     144.30733371,
     -38.17152096
    ]
   },
   "properties": {
    "name": "13 GROSVENOR DRIVE WANDANA HEIGHTS 3216",
    "locID": "LOC000073630518",
    "tech": "FTTN",
    "upgrade": "FTTP",
    "gnaf_pid": "GAVIC420238181",
    "tech_change_status": "Eligible to Order",
    "program_type": "On-Demand N2P SDU/MDU Simple",
    "target_eligibility_quarter": "NA"
   }
  },
  {
   "type": "Feature",
   "geometry": {
    "type": "Point",
    "coordinates": [
     144.30724001,
     -38.17595606
    ]
   },
   "properties": {
    "name": "17 BROLGA CRESCENT WANDANA HEIGHTS 3216",
    "locID": "LOC000094745673",
    "tech": "FTTP",
    "upgrade": "NULL_NA",
    "gnaf_pid": "GAVIC420238183",
    "program_type": "On-Demand N2P SDU/MDU Simple",
    "target_eligibility_quarter": "NA"
   }
  },
  {
   "type": "Feature",
   "geometry": {
    "type": "Point",
    "coordinates": [
     144.30768811,
     -38.1756901
    ]
   },
   "properties": {
    "name": "15 BROLGA CRESCENT WANDANA HEIGHTS 3216",
    "locID": "LOC000057947266",
    "tech": "FTTN",
    "upgrade": "FTTP_SA",
    "gnaf_pid": "GAVIC420238187",
    "tech_change_status": "Eligible to Order",
    "program_type": "On-Demand N2P SDU/MDU Simple",
    "target_eligibility_quarter": "NA"
   }
  },
  {
   "type": "Feature",
   "geometry": {
    "type": "Point",
    "coordinates": [
     144.30500601,
     -38.18139893
    ]
   },
   "properties": {
    "name": "61 WANDANA DRIVE WANDANA HEIGHTS 3216",
    "locID": "LOC000045284162",
    "tech": "FTTP",
    "upgrade": "NULL_NA",
    "gnaf_pid": "GAVIC420240122",
    "program_type": "On-Demand N2P SDU/MDU Simple",
    "target_eligibility_quarter": "NA"
   }
  },
  {
   "type": "Feature",
   "geometry": {
    "type": "Point",
    "coordinates": [
     144.30513631,
     -38.17860214
    ]
   },
   "properties": {
    "name": "39 WANDANA DRIVE WANDANA HEIGHTS 3216",
    "locID": "LOC000018697823",
    "tech": "FTTN",
    "upgrade": "FTTP",
    "gnaf_pid": "GAVIC420240123",
    "tech_change_status": "Eligible to Order",
    "program_type": "On-Demand N2P SDU/MDU Simple",
    "target_eligibility_quarter": "NA"
   }
  },
  {
   "type": "Feature",
   "geometry": {
    "type": "Point",
    "coordinates": [
     144.30562479,
     -38.16950973
    ]
   },
   "properties": {
    "name": "1 TRAFALGAR SQUARE WANDANA HEIGHTS 3216",
    "locID": "LOC000021883709",
    "tech": "FTTP",
    "upgrade": "NULL_NA",
    "gnaf_pid": "GAVIC420240124",
    "program_type": "On-Demand N2P SDU/MDU Simple",
    "target_eligibility_quarter": "NA"
   }
  },
  {
   "type": "Feature",
   "geometry": {
    "type": "Point",
    "coordinates": [
     144.3055851,
     -38.17188709
    ]
   },
   "properties": {
    "name": "1 LUCALBYN COURT WANDANA HEIGHTS 3216",
    "locID": "LOC000069154398",
    "tech": "FTTN",
    "upgrade": "FTTP_SA",
    "gnaf_pid": "GAVIC420240125",
    "tech_change_status": "Eligible to Order",
    "program_type": "On-Demand N2P SDU/MDU Simple",
    "target_eligibility_quarter": "NA"
   }
  },
  {
   "type": "Feature",
   "geometry": {
    "type": "Point",
    "coordinates": [
     144.30569555,
     -38.17576929
    ]
   },
   "properties": {
    "name": "33 BROLGA CRESCENT WANDANA HEIGHTS 3216",
    "locID": "LOC000066124624",
    "tech": "FTTN",
    "upgrade": "FTTP_SA",
    "gnaf_pid": "GAVIC420240126",
    "tech_change_status": "Eligible to Order",
    "program_type": "On-Demand N2P SDU/MDU Simple",
    "target_eligibility_quarter": "NA"
   }
  },
  {
   "type": "Feature",
   "geometry": {
    "type": "Point",
    "coordinates": [
     144.3056443,
     -38.17459671
    ]
   },
   "properties": {
    "name": "4 SUNDERLAND ROAD WANDANA HEIGHTS 3216",
    "locID": "LOC000013799203",
    "tech": "FTTN",
    "upgrade": "FTTP_SA",
    "gnaf_pid": "GAVIC420240127",
    "tech_change_status": "Eligible to Order",
    "program_type": "On-Demand N2P SDU/MDU Simple",
    "target_eligibility_quarter": "NA"
   }
  },
  {
   "type": "Feature",
   "geometry": {
    "type": "Point",
    "coordinates": [
     144.30579095,
     -38.17132868
    ]
   },
   "properties": {
    "name": "7 LUCALBYN COURT WANDANA HEIGHTS 3216",
    "locID": "LOC000008541944",
    "tech": "FTTN",
    "upgrade": "FTTP_SA",
    "gnaf_pid": "GAVIC420240128",
    "tech_change_status": "Eligible to Order",
    "program_type": "On-Demand N2P SDU/MDU Simple",
    "target_eligibility_quarter": "NA"
   }
  },
  {
   "type": "Feature",
   "geometry": {
    "type": "Point",
    "coordinates": [
     144.30599063,
     -38.17309876
    ]
   },
   "properties": {
    "name": "13 REGENCY CLOSE WANDANA HEIGHTS 3216",
    "locID": "LOC000091512722",
    "tech": "FTTN",
    "upgrade": "FTTP_SA",
    "gnaf_pid": "GAVIC420240129",
    "tech_change_status": "Eligible to Order",
    "program_type": "On-Demand N2P SDU/MDU Simple",
    "target_eligibility_quarter": "NA"
   }
  },
  {
   "type": "Feature",
   "geometry": {
    "type": "Point",
    "coordinates": [
     144.30574033,
     -38.17416864
    ]
   },
   "properties": {
    "name": "8 CANTERBURY COURT WANDANA HEIGHTS 3216",
    "locID": "LOC000093507679",
    "tech": "FTTP",
    "upgrade": "NULL_NA",
    "gnaf_pid": "GAVIC420240130",
    "program_type": "On-Demand N2P SDU/MDU Simple",
    "target_eligibility_quarter": "NA"
   }
  },
  {
   "type": "Feature",
   "geometry": {
    "type": "Point",
    "coordinates": [
     144.30571215,
     -38.17624566
    ]
   },
   "properties": {
    "name": "13 WANDANA DRIVE WANDANA HEIGHTS 3216",
    "locID": "LOC000015148994",
    "tech": "FTTP",
    "upgrade": "NULL_NA",
    "gnaf_pid": "GAVIC420240131",
    "program_type": "On-Demand N2P SDU/MDU Simple",
    "target_eligibility_quarter": "NA"
   }
  },
  {
   "type": "Feature",
   "geometry": {
    "type": "Point",
    "coordinates": [
     144.30638525,
     -38.18169984
    ]
   },
   "properties": {
    "name": "45 JAMES COOK DRIVE WANDANA HEIGHTS 3216",
    "locID": "LOC000068033117",
    "tech": "FTTN",
    "upgrade": "FTTP_SA",
    "gnaf_pid": "GAVIC420240134",
    "tech_change_status": "Eligible to Order",
    "program_type": "On-Demand N2P SDU/MDU Simple",
    "target_eligibility_quarter": "NA"
   }
  },
  {
   "type": "Feature",
   "geometry": {
    "type": "Point",
    "coordinates": [
     144.30639501,
     -38.17917636
    ]
   },
   "properties": {
    "name": "8 CHISHOLM CLOSE WANDANA HEIGHTS 3216",
    "locID": "LOC000008059776",
    "tech": "FTTP",
    "upgrade": "NULL_NA",
    "gnaf_pid": "GAVIC420240137",
    "tech_change_status": "Previous Tech Disconnected",
    "program_type": "On-Demand N2P SDU/MDU Simple",
    "target_eligibility_quarter": "NA"
   }
  },
  {
   "type": "Feature",
   "geometry": {
    "type": "Point",
    "coordinates": [
     144.30649495,
     -38.17713471
    ]
   },
   "properties": {
    "name": "1 JAMES COOK DRIVE WANDANA HEIGHTS 3216",
    "locID": "LOC000051678430",
    "tech": "FTTN",
    "upgrade": "FTTP_SA",
    "gnaf_pid": "GAVIC420240138",
    "tech_change_status": "Eligible to Order",
    "program_type": "On-Demand N2P SDU/MDU Simple",
    "target_eligibility_quarter": "NA"
   }
  },
  {
   "type": "Feature",
   "geometry": {
    "type": "Point",
    "coordinates": [
     144.30207016,
     -38.17089498
    ]
   },
   "properties": {
    "name": "59 GROSVENOR DRIVE WANDANA HEIGHTS 3216",
    "locID": "LOC000058302371",
    "tech": "FTTP",
    "upgrade": "NULL_NA",
    "gnaf_pid": "GAVIC420240210",
    "tech_change_status": "Previous Tech Disconnected"
   }
  },
  {
   "type": "Feature",
   "geometry": {
    "type": "Point",
    "coordinates": [
     144.30194783,
     -38.1720142
    ]
   },
   "properties": {
    "name": "52 GROSVENOR DRIVE WANDANA HEIGHTS 3216",
    "locID": "LOC000022845851",
    "tech": "FTTP",
    "upgrade": "NULL_NA",
    "gnaf_pid": "GAVIC420240211"
   }
  },
  {
   "type": "Feature",
   "geometry": {
    "type": "Point",
    "coordinates": [
     144.3020374,
     -38.1712925
    ]
   },
   "properties": {
    "name": "44 GROSVENOR DRIVE WANDANA HEIGHTS 3216",
    "locID": "LOC000100503756",
    "tech": "FTTP",
    "upgrade": "NULL_NA",
    "gnaf_pid": "GAVIC420240212"
   }
  },
  {
   "type": "Feature",
   "geometry": {
    "type": "Point",
    "coordinates": [
     144.30205855,
     -38.17477124
    ]
   },
   "properties": {
    "name": "82 GROSVENOR DRIVE WANDANA HEIGHTS 3216",
    "locID": "LOC000031886377",
    "tech": "FTTN",
    "upgrade": "FTTP_SA",
    "gnaf_pid": "GAVIC420240213",
    "tech_change_status": "Eligible to Order",
    "program_type": "On-Demand N2P SDU/MDU Simple",
    "target_eligibility_quarter": "NA"
   }
  },
  {
   "type": "Feature",
   "geometry": {
    "type": "Point",
    "coordinates": [
     144.30216988,
     -38.17229703
    ]
   },
   "properties": {
    "name": "56 GROSVENOR DRIVE WANDANA HEIGHTS 3216",
    "locID": "LOC000065479403",
    "tech": "FTTP",
    "upgrade": "NULL_NA",
    "gnaf_pid": "GAVIC420240214"
   }
  },
  {
   "type": "Feature",
   "geometry": {
    "type": "Point",
    "coordinates": [
     144.30221773,
     -38.17454175
    ]
   },
   "properties": {
    "name": "78-80 GROSVENOR DRIVE WANDANA HEIGHTS 3216",
    "locID": "LOC000040302642",
    "tech": "FTTP",
    "upgrade": "NULL_NA",
    "gnaf_pid": "GAVIC420240216",
    "program_type": "On-Demand N2P SDU/MDU Simple",
    "target_eligibility_quarter": "NA"
   }
  },
  {
   "type": "Feature",
   "geometry": {
    "type": "Point",
    "coordinates": [
     144.30262636,
     -38.1724671
    ]
   },
   "properties": {
    "name": "2 NOBLE PLACE WANDANA HEIGHTS 3216",
    "locID": "LOC000007966687",
    "tech": "FTTP",
    "upgrade": "NULL_NA",
    "gnaf_pid": "GAVIC420240217"
   }
  },
  {
   "type": "Feature",
   "geometry": {
    "type": "Point",
    "coordinates": [
     144.30245906,
     -38.17413288
    ]
   },
   "properties": {
    "name": "76 GROSVENOR DRIVE WANDANA HEIGHTS 3216",
    "locID": "LOC000083581521",
    "tech": "FTTP",
    "upgrade": "NULL_NA",
    "gnaf_pid": "GAVIC420240218",
    "program_type": "On-Demand N2P SDU/MDU Simple",
    "target_eligibility_quarter": "NA"
   }
  },
  {
   "type": "Feature",
   "geometry": {
    "type": "Point",
    "coordinates": [
     144.30271574,
     -38.17275991
    ]
   },
   "properties": {
    "name": "5 NOBLE PLACE WANDANA HEIGHTS 3216",
    "locID": "LOC000080942619",
    "tech": "FTTP",
    "upgrade": "NULL_NA",
    "gnaf_pid": "GAVIC420240220"
   }
  },
  {
   "type": "Feature",
   "geometry": {
    "type": "Point",
    "coordinates": [
     144.30270125,
     -38.17359999
    ]
   },
   "properties": {
    "name": "70 GROSVENOR DRIVE WANDANA HEIGHTS 3216",
    "locID": "LOC000038480568",
    "tech": "FTTN",
    "upgrade": "FTTP_SA",
    "gnaf_pid": "GAVIC420240221",
    "tech_change_status": "Eligible to Order",
    "program_type": "On-Demand N2P SDU/MDU Simple",
    "target_eligibility_quarter": "NA"
   }
  },
  {
   "type": "Feature",
   "geometry": {
    "type": "Point",
    "coordinates": [
     144.30314285,
     -38.17429776
    ]
   },
   "properties": {
    "name": "22 SUNDERLAND ROAD WANDANA HEIGHTS 3216",
    "locID": "LOC000063783055",
    "tech": "FTTN",
    "upgrade": "FTTP",
    "gnaf_pid": "GAVIC420240224",
    "tech_change_status": "Eligible to Order",
    "program_type": "On-Demand N2P SDU/MDU Simple",
    "target_eligibility_quarter": "NA"
   }
  },
  {
   "type": "Feature",
   "geometry": {
    "type": "Point",
    "coordinates": [
     144.30494232,
     -38.17852828
    ]
   },
   "properties": {
    "name": "110 WANDANA DRIVE WANDANA HEIGHTS 3216",
    "locID": "LOC000114021193",
    "tech": "FTTP",
    "upgrade": "NULL_NA",
    "gnaf_pid": "GAVIC420240225",
    "program_type": "On-Demand N2P SDU/MDU Simple",
    "target_eligibility_quarter": "NA"
   }
  },
  {
   "type": "Feature",
   "geometry": {
    "type": "Point",
    "coordinates": [
     144.303663,
     -38.176442
    ]
   },
   "properties": {
    "name": "17 NIREEDA COURT WANDANA HEIGHTS 3216",
    "locID": "LOC000093670982",
    "tech": "FTTP",
    "upgrade": "FTTP_NA",
    "gnaf_pid": "GAVIC420240227",
    "tech_change_status": "Previous Tech Disconnected",
    "program_type": "On-Demand N2P SDU/MDU Simple",
    "target_eligibility_quarter": "NA"
   }
  },
  {
   "type": "Feature",
   "geometry": {
    "type": "Point",
    "coordinates": [
     144.30070609,
     -38.17176633
    ]
   },
   "properties": {
    "name": "2 CHRISTIE COURT WANDANA HEIGHTS 3216",
    "locID": "LOC000091806104",
    "tech": "FTTP",
    "upgrade": "NULL_NA",
    "gnaf_pid": "GAVIC420248269"
   }
  },
  {
   "type": "Feature",
   "geometry": {
    "type": "Point",
    "coordinates": [
     144.30138879,
     -38.1750021
    ]
   },
   "properties": {
    "name": "109 GROSVENOR DRIVE WANDANA HEIGHTS 3216",
    "locID": "LOC000088461287",
    "tech": "FTTN",
    "upgrade": "FTTP_SA",
    "gnaf_pid": "GAVIC420248272",
    "tech_change_status": "Eligible to Order",
    "program_type": "On-Demand N2P SDU/MDU Simple",
    "target_eligibility_quarter": "NA"
   }
  },
  {
   "type": "Feature",
   "geometry": {
    "type": "Point",
    "coordinates": [
     144.30155945,
     -38.17209915
    ]
   },
   "properties": {
    "name": "75 GROSVENOR DRIVE WANDANA HEIGHTS 3216",
    "locID": "LOC000024305501",
    "tech": "FTTP",
    "upgrade": "NULL_NA",
    "gnaf_pid": "GAVIC420248278"
   }
  },
  {
   "type": "Feature",
   "geometry": {
    "type": "Point",
    "coordinates": [
     144.30623759,
     -38.17461794
    ]
   },
   "properties": {
    "name": "38 WANDANA DRIVE WANDANA HEIGHTS 3216",
    "locID": "LOC000027941185",
    "tech": "FTTP",
    "upgrade": "NULL_NA",
    "gnaf_pid": "GAVIC420251879",
    "program_type": "On-Demand N2P SDU/MDU Simple",
    "target_eligibility_quarter": "NA"
   }
  },
  {
   "type": "Feature",
   "geometry": {
    "type": "Point",
    "coordinates": [
     144.30781081,
     -38.17636811
    ]
   },
   "properties": {
    "name": "34 BROLGA CRESCENT WANDANA HEIGHTS 3216",
    "locID": "LOC000029708170",
    "tech": "FTTN",
    "upgrade": "FTTP_SA",
    "gnaf_pid": "GAVIC420253768",
    "tech_change_status": "Eligible to Order",
    "program_type": "On-Demand N2P SDU/MDU Simple",
    "target_eligibility_quarter": "NA"
   }
  },
  {
   "type": "Feature",
   "geometry": {
    "type": "Point",
    "coordinates": [
     144.30804288,
     -38.17571825
    ]
   },
   "properties": {
    "name": "24 BROLGA CRESCENT WANDANA HEIGHTS 3216",
    "locID": "LOC000066310269",
    "tech": "FTTN",
    "upgrade": "FTTP_SA",
    "gnaf_pid": "GAVIC420253771",
    "tech_change_status": "Eligible to Order",
    "program_type": "On-Demand N2P SDU/MDU Simple",
    "target_eligibility_quarter": "NA"
   }
  },
  {
   "type": "Feature",
   "geometry": {
    "type": "Point",
    "coordinates": [
     144.30816005,
     -38.17542479
    ]
   },
   "properties": {
    "name": "20 BROLGA CRESCENT WANDANA HEIGHTS 3216",
    "locID": "LOC000095253591",
    "tech": "FTTP",
    "upgrade": "NULL_NA",
    "gnaf_pid": "GAVIC420253772",
    "program_type": "On-Demand N2P SDU/MDU Simple",
    "target_eligibility_quarter": "NA"
   }
  },
  {
   "type": "Feature",
   "geometry": {
    "type": "Point",
    "coordinates": [
     144.30369216,
     -38.17629169
    ]
   },
   "properties": {
    "name": "UNIT 2, 16 NIREEDA COURT WANDANA HEIGHTS 3216",
    "locID": "LOC000092753610",
    "tech": "FTTP",
    "upgrade": "NULL_NA",
    "gnaf_pid": "GAVIC420335279",
    "program_type": "On-Demand N2P SDU/MDU Simple",
    "target_eligibility_quarter": "NA"
   }
  },
  {
   "type": "Feature",
   "geometry": {
    "type": "Point",
    "coordinates": [
     144.30859121,
     -38.17184029
    ]
   },
   "properties": {
    "name": "5 WANDANA DRIVE WANDANA HEIGHTS 3216",
    "locID": "LOC000051150264",
    "tech": "FTTN",
    "upgrade": "FTTP_NA",
    "gnaf_pid": "GAVIC420427781",
    "tech_change_status": "MDU Complex Eligible To Apply",
    "program_type": "Customer-initiated N2P MDU Complex"
   }
  },
  {
   "type": "Feature",
   "geometry": {
    "type": "Point",
    "coordinates": [
     144.302882,
     -38.181601
    ]
   },
   "properties": {
    "name": "3 SUNHILL COURT WANDANA HEIGHTS 3216",
    "locID": "LOC000066891448",
    "tech": "FTTP",
    "upgrade": "NULL_NA",
    "gnaf_pid": "GAVIC420481834",
    "tech_change_status": "Eligible to Order",
    "program_type": "On-Demand N2P SDU/MDU Simple",
    "target_eligibility_quarter": "NA"
   }
  },
  {
   "type": "Feature",
   "geometry": {
    "type": "Point",
    "coordinates": [
     144.30460279,
     -38.18107606
    ]
   },
   "properties": {
    "name": "116 WANDANA DRIVE WANDANA HEIGHTS 3216",
    "locID": "LOC000085388127",
    "tech": "FTTP",
    "upgrade": "NULL_NA",
    "gnaf_pid": "GAVIC420483773",
    "tech_change_status": "Eligible to Order",
    "program_type": "On-Demand N2P SDU/MDU Simple",
    "target_eligibility_quarter": "NA"
   }
  },
  {
   "type": "Feature",
   "geometry": {
    "type": "Point",
    "coordinates": [
     144.30353654,
     -38.18220015
    ]
   },
   "properties": {
    "name": "7 GREENFINCH WAY WANDANA HEIGHTS 3216",
    "locID": "LOC000066283817",
    "tech": "FTTN",
    "upgrade": "FTTP_SA",
    "gnaf_pid": "GAVIC420483778",
    "tech_change_status": "Eligible to Order",
    "program_type": "On-Demand N2P SDU/MDU Simple",
    "target_eligibility_quarter": "NA"
   }
  },
  {
   "type": "Feature",
   "geometry": {
    "type": "Point",
    "coordinates": [
     144.30332926,
     -38.18192249
    ]
   },
   "properties": {
    "name": "11 GREENFINCH WAY WANDANA HEIGHTS 3216",
    "locID": "LOC000080691339",
    "tech": "FTTP",
    "upgrade": "NULL_NA",
    "gnaf_pid": "GAVIC420483779",
    "program_type": "On-Demand N2P SDU/MDU Simple",
    "target_eligibility_quarter": "NA"
   }
  },
  {
   "type": "Feature",
   "geometry": {
    "type": "Point",
    "coordinates": [
     144.30718065,
     -38.16998454
    ]
   },
   "properties": {
    "name": "21 GROSVENOR DRIVE WANDANA HEIGHTS 3216",
    "locID": "LOC000067884172",
    "tech": "FTTP",
    "upgrade": "NULL_NA",
    "gnaf_pid": "GAVIC420541523",
    "program_type": "On-Demand N2P SDU/MDU Simple",
    "target_eligibility_quarter": "NA"
   }
  },
  {
   "type": "Feature",
   "geometry": {
    "type": "Point",
    "coordinates": [
     144.30713739,
     -38.17535155
    ]
   },
   "properties": {
    "name": "9 BROLGA CRESCENT WANDANA HEIGHTS 3216",
    "locID": "LOC000006023253",
    "tech": "FTTP",
    "upgrade": "NULL_NA",
    "gnaf_pid": "GAVIC420541529",
    "program_type": "On-Demand N2P SDU/MDU Simple",
    "target_eligibility_quarter": "NA"
   }
  },
  {
   "type": "Feature",
   "geometry": {
    "type": "Point",
    "coordinates": [
     144.3075902,
     -38.17253645
    ]
   },
   "properties": {
    "name": "16 WANDANA DRIVE WANDANA HEIGHTS 3216",
    "locID": "LOC000068257325",
    "tech": "FTTP",
    "upgrade": "NULL_NA",
    "gnaf_pid": "GAVIC420541531",
    "program_type": "On-Demand N2P SDU/MDU Simple",
    "target_eligibility_quarter": "NA"
   }
  },
  {
   "type": "Feature",
   "geometry": {
    "type": "Point",
    "coordinates": [
     144.30776094,
     -38.17221491
    ]
   },
   "properties": {
    "name": "12 WANDANA DRIVE WANDANA HEIGHTS 3216",
    "locID": "LOC000069970485",
    "tech": "FTTP",
    "upgrade": "NULL_NA",
    "gnaf_pid": "GAVIC420541532",
    "program_type": "On-Demand N2P SDU/MDU Simple",
    "target_eligibility_quarter": "NA"
   }
  },
  {
   "type": "Feature",
   "geometry": {
    "type": "Point",
    "coordinates": [
     144.30785604,
     -38.17203584
    ]
   },
   "properties": {
    "name": "10 WANDANA DRIVE WANDANA HEIGHTS 3216",
    "locID": "LOC000077343393",
    "tech": "FTTP",
    "upgrade": "NULL_NA",
    "gnaf_pid": "GAVIC420541533",
    "program_type": "On-Demand N2P SDU/MDU Simple",
    "target_eligibility_quarter": "NA"
   }
  },
  {
   "type": "Feature",
   "geometry": {
    "type": "Point",
    "coordinates": [
     144.30724526,
     -38.17971365
    ]
   },
   "properties": {
    "name": "40 JAMES COOK DRIVE WANDANA HEIGHTS 3216",
    "locID": "LOC000101576816",
    "tech": "FTTP",
    "upgrade": "NULL_NA",
    "gnaf_pid": "GAVIC420541534",
    "program_type": "On-Demand N2P SDU/MDU Simple",
    "target_eligibility_quarter": "NA"
   }
  },
  {
   "type": "Feature",
   "geometry": {
    "type": "Point",
    "coordinates": [
     144.30794766,
     -38.17186328
    ]
   },
   "properties": {
    "name": "8 WANDANA DRIVE WANDANA HEIGHTS 3216",
    "locID": "LOC000045349907",
    "tech": "FTTP",
    "upgrade": "NULL_NA",
    "gnaf_pid": "GAVIC420541535",
    "program_type": "On-Demand N2P SDU/MDU Simple",
    "target_eligibility_quarter": "NA"
   }
  },
  {
   "type": "Feature",
   "geometry": {
    "type": "Point",
    "coordinates": [
     144.30743286,
     -38.17687135
    ]
   },
   "properties": {
    "name": "12 JAMES COOK DRIVE WANDANA HEIGHTS 3216",
    "locID": "LOC000034200378",
    "tech": "FTTP",
    "upgrade": "NULL_NA",
    "gnaf_pid": "GAVIC420541536",
    "program_type": "On-Demand N2P SDU/MDU Simple",
    "target_eligibility_quarter": "NA"
   }
  },
  {
   "type": "Feature",
   "geometry": {
    "type": "Point",
    "coordinates": [
     144.30753504,
     -38.1781515
    ]
   },
   "properties": {
    "name": "24 JAMES COOK DRIVE WANDANA HEIGHTS 3216",
    "locID": "LOC000098412652",
    "tech": "FTTN",
    "upgrade": "FTTP_SA",
    "gnaf_pid": "GAVIC420541537",
    "tech_change_status": "Eligible to Order",
    "program_type": "On-Demand N2P SDU/MDU Simple",
    "target_eligibility_quarter": "NA"
   }
  },
  {
   "type": "Feature",
   "geometry": {
    "type": "Point",
    "coordinates": [
     144.30802154,
     -38.17587294
    ]
   },
   "properties": {
    "name": "26 BROLGA CRESCENT WANDANA HEIGHTS 3216",
    "locID": "LOC000053228008",
    "tech": "FTTP",
    "upgrade": "NULL_NA",
    "gnaf_pid": "GAVIC420542398",
    "program_type": "On-Demand N2P SDU/MDU Simple",
    "target_eligibility_quarter": "NA"
   }
  },
  {
   "type": "Feature",
   "geometry": {
    "type": "Point",
    "coordinates": [
     144.30611,
     -38.18071775
    ]
   },
   "properties": {
    "name": "3 HARGRAVE CRESCENT WANDANA HEIGHTS 3216",
    "locID": "LOC000088754184",
    "tech": "FTTP",
    "upgrade": "NULL_NA",
    "gnaf_pid": "GAVIC420544135",
    "program_type": "On-Demand N2P SDU/MDU Simple",
    "target_eligibility_quarter": "NA"
   }
  },
  {
   "type": "Feature",
   "geometry": {
    "type": "Point",
    "coordinates": [
     144.30627346,
     -38.18181434
    ]
   },
   "properties": {
    "name": "47 JAMES COOK DRIVE WANDANA HEIGHTS 3216",
    "locID": "LOC000021905631",
    "tech": "FTTN",
    "upgrade": "FTTP_SA",
    "gnaf_pid": "GAVIC420544136",
    "tech_change_status": "Eligible to Order",
    "program_type": "On-Demand N2P SDU/MDU Simple",
    "target_eligibility_quarter": "NA"
   }
  },
  {
   "type": "Feature",
   "geometry": {
    "type": "Point",
    "coordinates": [
     144.30629045,
     -38.1719046
    ]
   },
   "properties": {
    "name": "5 STIRLING COURT WANDANA HEIGHTS 3216",
    "locID": "LOC000029703695",
    "tech": "FTTN",
    "upgrade": "FTTP_SA",
    "gnaf_pid": "GAVIC420544137",
    "tech_change_status": "Eligible to Order",
    "program_type": "On-Demand N2P SDU/MDU Simple",
    "target_eligibility_quarter": "NA"
   }
  },
  {
   "type": "Feature",
   "geometry": {
    "type": "Point",
    "coordinates": [
     144.30592055,
     -38.18032013
    ]
   },
   "properties": {
    "name": "6 HARGRAVE CRESCENT WANDANA HEIGHTS 3216",
    "locID": "LOC000102151766",
    "tech": "FTTN",
    "upgrade": "FTTP",
    "gnaf_pid": "GAVIC420544138",
    "tech_change_status": "Eligible to Order",
    "program_type": "On-Demand N2P SDU/MDU Simple",
    "target_eligibility_quarter": "NA"
   }
  },
  {
   "type": "Feature",
   "geometry": {
    "type": "Point",
    "coordinates": [
     144.30627635,
     -38.17327811
    ]
   },
   "properties": {
    "name": "2 REGENCY CLOSE WANDANA HEIGHTS 3216",
    "locID": "LOC000058420572",
    "tech": "FTTN",
    "upgrade": "FTTP_SA",
    "gnaf_pid": "GAVIC420544139",
    "tech_change_status": "Eligible to Order",
    "program_type": "On-Demand N2P SDU/MDU Simple",
    "target_eligibility_quarter": "NA"
   }
  },
  {
   "type": "Feature",
   "geometry": {
    "type": "Point",
    "coordinates": [
     144.30641475,
     -38.17804198
    ]
   },
   "properties": {
    "name": "3 FARRER CLOSE WANDANA HEIGHTS 3216",
    "locID": "LOC000045010681",
    "tech": "FTTP",
    "upgrade": "NULL_NA",
    "gnaf_pid": "GAVIC420544141",
    "program_type": "On-Demand N2P SDU/MDU Simple",
    "target_eligibility_quarter": "NA"
   }
  },
  {
   "type": "Feature",
   "geometry": {
    "type": "Point",
    "coordinates": [
     144.3042648,
     -38.1800551
    ]
   },
   "properties": {
    "name": "114 WANDANA DRIVE WANDANA HEIGHTS 3216",
    "locID": "LOC000114784487",
    "tech": "FTTP",
    "upgrade": "NULL_NA",
    "gnaf_pid": "GAVIC420550318",
    "program_type": "On-Demand N2P SDU/MDU Simple",
    "target_eligibility_quarter": "NA"
   }
  },
  {
   "type": "Feature",
   "geometry": {
    "type": "Point",
    "coordinates": [
     144.30253905,
     -38.17397653
    ]
   },
   "properties": {
    "name": "74 GROSVENOR DRIVE WANDANA HEIGHTS 3216",
    "locID": "LOC000012892043",
    "tech": "FTTP",
    "upgrade": "NULL_NA",
    "gnaf_pid": "GAVIC420550320",
    "tech_change_status": "Eligible to Order",
    "program_type": "On-Demand N2P SDU/MDU Simple",
    "target_eligibility_quarter": "NA"
   }
  },
  {
   "type": "Feature",
   "geometry": {
    "type": "Point",
    "coordinates": [
     144.30266866,
     -38.17301319
    ]
   },
   "properties": {
    "name": "64 GROSVENOR DRIVE WANDANA HEIGHTS 3216",
    "locID": "LOC000101880793",
    "tech": "FTTP",
    "upgrade": "NULL_NA",
    "gnaf_pid": "GAVIC420550321"
   }
  },
  {
   "type": "Feature",
   "geometry": {
    "type": "Point",
    "coordinates": [
     144.3046025,
     -38.17187293
    ]
   },
   "properties": {
    "name": "15 BENT ROAD WANDANA HEIGHTS 3216",
    "locID": "LOC000045432023",
    "tech": "FTTP",
    "upgrade": "NULL_NA",
    "gnaf_pid": "GAVIC420550322"
   }
  },
  {
   "type": "Feature",
   "geometry": {
    "type": "Point",
    "coordinates": [
     144.30279079,
     -38.172391
    ]
   },
   "properties": {
    "name": "3 NOBLE PLACE WANDANA HEIGHTS 3216",
    "locID": "LOC000070597679",
    "tech": "FTTP",
    "upgrade": "NULL_NA",
    "gnaf_pid": "GAVIC420550323"
   }
  },
  {
   "type": "Feature",
   "geometry": {
    "type": "Point",
    "coordinates": [
     144.3032274,
     -38.176848
    ]
   },
   "properties": {
    "name": "11 NIREEDA COURT WANDANA HEIGHTS 3216",
    "locID": "LOC000086172187",
    "tech": "FTTP",
    "upgrade": "NULL_NA",
    "gnaf_pid": "GAVIC420550324",
    "program_type": "On-Demand N2P SDU/MDU Simple",
    "target_eligibility_quarter": "NA"
   }
  },
  {
   "type": "Feature",
   "geometry": {
    "type": "Point",
    "coordinates": [
     144.30460515,
     -38.17598798
    ]
   },
   "properties": {
    "name": "4 KIRAMI COURT WANDANA HEIGHTS 3216",
    "locID": "LOC000056589963",
    "tech": "FTTN",
    "upgrade": "FTTP_SA",
    "gnaf_pid": "GAVIC420550326",
    "tech_change_status": "Eligible to Order",
    "program_type": "On-Demand N2P SDU/MDU Simple",
    "target_eligibility_quarter": "NA"
   }
  },
  {
   "type": "Feature",
   "geometry": {
    "type": "Point",
    "coordinates": [
     144.30466651,
     -38.16986928
    ]
   },
   "properties": {
    "name": "28 GROSVENOR DRIVE WANDANA HEIGHTS 3216",
    "locID": "LOC000062773359",
    "tech": "FTTP",
    "upgrade": "NULL_NA",
    "gnaf_pid": "GAVIC420550328",
    "program_type": "On-Demand N2P SDU/MDU Simple",
    "target_eligibility_quarter": "NA"
   }
  },
  {
   "type": "Feature",
   "geometry": {
    "type": "Point",
    "coordinates": [
     144.30486218,
     -38.17302099
    ]
   },
   "properties": {
    "name": "9 REGENCY CLOSE WANDANA HEIGHTS 3216",
    "locID": "LOC000039666951",
    "tech": "FTTN",
    "upgrade": "FTTP_SA",
    "gnaf_pid": "GAVIC420550329",
    "tech_change_status": "Eligible to Order",
    "program_type": "On-Demand N2P SDU/MDU Simple",
    "target_eligibility_quarter": "NA"
   }
  },
  {
   "type": "Feature",
   "geometry": {
    "type": "Point",
    "coordinates": [
     144.304877,
     -38.17223495
    ]
   },
   "properties": {
    "name": "10 BENT ROAD WANDANA HEIGHTS 3216",
    "locID": "LOC000060385113",
    "tech": "FTTN",
    "upgrade": "FTTP_SA",
    "gnaf_pid": "GAVIC420550331",
    "tech_change_status": "Eligible to Order",
    "program_type": "On-Demand N2P SDU/MDU Simple",
    "target_eligibility_quarter": "NA"
   }
  },
  {
   "type": "Feature",
   "geometry": {
    "type": "Point",
    "coordinates": [
     144.3050385,
     -38.16931721
    ]
   },
   "properties": {
    "name": "39 GROSVENOR DRIVE WANDANA HEIGHTS 3216",
    "locID": "LOC000042652022",
    "tech": "FTTN",
    "upgrade": "FTTP",
    "gnaf_pid": "GAVIC420550332",
    "tech_change_status": "Eligible to Order",
    "program_type": "On-Demand N2P SDU/MDU Simple",
    "target_eligibility_quarter": "NA"
   }
  },
  {
   "type": "Feature",
   "geometry": {
    "type": "Point",
    "coordinates": [
     144.3019032,
     -38.17100515
    ]
   },
   "properties": {
    "name": "61 GROSVENOR DRIVE WANDANA HEIGHTS 3216",
    "locID": "LOC000095530978",
    "tech": "FTTP",
    "upgrade": "NULL_NA",
    "gnaf_pid": "GAVIC420550449"
   }
  },
  {
   "type": "Feature",
   "geometry": {
    "type": "Point",
    "coordinates": [
     144.30192164,
     -38.17253276
    ]
   },
   "properties": {
    "name": "81 GROSVENOR DRIVE WANDANA HEIGHTS 3216",
    "locID": "LOC000091728336",
    "tech": "FTTP",
    "upgrade": "NULL_NA",
    "gnaf_pid": "GAVIC420550450"
   }
  },
  {
   "type": "Feature",
   "geometry": {
    "type": "Point",
    "coordinates": [
     144.30529575,
     -38.17536976
    ]
   },
   "properties": {
    "name": "46 WANDANA DRIVE WANDANA HEIGHTS 3216",
    "locID": "LOC000066056685",
    "tech": "FTTP",
    "upgrade": "NULL_NA",
    "gnaf_pid": "GAVIC420550534",
    "program_type": "On-Demand N2P SDU/MDU Simple",
    "target_eligibility_quarter": "NA"
   }
  },
  {
   "type": "Feature",
   "geometry": {
    "type": "Point",
    "coordinates": [
     144.30480049,
     -38.18191474
    ]
   },
   "properties": {
    "name": "67 WANDANA DRIVE WANDANA HEIGHTS 3216",
    "locID": "LOC000033073950",
    "tech": "FTTN",
    "upgrade": "FTTP_SA",
    "gnaf_pid": "GAVIC420550535",
    "tech_change_status": "Eligible to Order",
    "program_type": "On-Demand N2P SDU/MDU Simple",
    "target_eligibility_quarter": "NA"
   }
  },
  {
   "type": "Feature",
   "geometry": {
    "type": "Point",
    "coordinates": [
     144.30535909,
     -38.17658885
    ]
   },
   "properties": {
    "name": "60 WANDANA DRIVE WANDANA HEIGHTS 3216",
    "locID": "LOC000004310380",
    "tech": "FTTN",
    "upgrade": "FTTP_SA",
    "gnaf_pid": "GAVIC420550536",
    "tech_change_status": "Eligible to Order",
    "program_type": "On-Demand N2P SDU/MDU Simple",
    "target_eligibility_quarter": "NA"
   }
  },
  {
   "type": "Feature",
   "geometry": {
    "type": "Point",
    "coordinates": [
     144.30503222,
     -38.18293557
    ]
   },
   "properties": {
    "name": "68 JAMES COOK DRIVE WANDANA HEIGHTS 3216",
    "locID": "LOC000082784835",
    "tech": "FTTN",
    "upgrade": "FTTP",
    "gnaf_pid": "GAVIC420550537",
    "tech_change_status": "Eligible to Order",
    "program_type": "On-Demand N2P SDU/MDU Simple",
    "target_eligibility_quarter": "NA"
   }
  },
  {
   "type": "Feature",
   "geometry": {
    "type": "Point",
    "coordinates": [
     144.3060338,
     -38.17496216
    ]
   },
   "properties": {
    "name": "40 WANDANA DRIVE WANDANA HEIGHTS 3216",
    "locID": "LOC000057934743",
    "tech": "FTTP",
    "upgrade": "FTTP_NA",
    "gnaf_pid": "GAVIC420550538",
    "tech_change_status": "Previous Tech Disconnected",
    "program_type": "On-Demand N2P SDU/MDU Simple",
    "target_eligibility_quarter": "NA"
   }
  },
  {
   "type": "Feature",
   "geometry": {
    "type": "Point",
    "coordinates": [
     144.30574496,
     -38.1824487
    ]
   },
   "properties": {
    "name": "55 JAMES COOK DRIVE WANDANA HEIGHTS 3216",
    "locID": "LOC000058184686",
    "tech": "FTTP",
    "upgrade": "NULL_NA",
    "gnaf_pid": "GAVIC420550539",
    "program_type": "On-Demand N2P SDU/MDU Simple",
    "target_eligibility_quarter": "NA"
   }
  },
  {
   "type": "Feature",
   "geometry": {
    "type": "Point",
    "coordinates": [
     144.3060852,
     -38.18282975
    ]
   },
   "properties": {
    "name": "66 JAMES COOK DRIVE WANDANA HEIGHTS 3216",
    "locID": "LOC000095215467",
    "tech": "FTTP",
    "upgrade": "NULL_NA",
    "gnaf_pid": "GAVIC420550762",
    "program_type": "On-Demand N2P SDU/MDU Simple",
    "target_eligibility_quarter": "NA"
   }
  },
  {
   "type": "Feature",
   "geometry": {
    "type": "Point",
    "coordinates": [
     144.30629493,
     -38.17584179
    ]
   },
   "properties": {
    "name": "27 BROLGA CRESCENT WANDANA HEIGHTS 3216",
    "locID": "LOC000103894752",
    "tech": "FTTN",
    "upgrade": "FTTP_SA",
    "gnaf_pid": "GAVIC420550763",
    "tech_change_status": "Eligible to Order",
    "program_type": "On-Demand N2P SDU/MDU Simple",
    "target_eligibility_quarter": "NA"
   }
  },
  {
   "type": "Feature",
   "geometry": {
    "type": "Point",
    "coordinates": [
     144.30611008,
     -38.18272414
    ]
   },
   "properties": {
    "name": "64 JAMES COOK DRIVE WANDANA HEIGHTS 3216",
    "locID": "LOC000085508660",
    "tech": "FTTP",
    "upgrade": "NULL_NA",
    "gnaf_pid": "GAVIC420550764",
    "program_type": "On-Demand N2P SDU/MDU Simple",
    "target_eligibility_quarter": "NA"
   }
  },
  {
   "type": "Feature",
   "geometry": {
    "type": "Point",
    "coordinates": [
     144.30677108,
     -38.17372274
    ]
   },
   "properties": {
    "name": "28 WANDANA DRIVE WANDANA HEIGHTS 3216",
    "locID": "LOC000094683861",
    "tech": "FTTP",
    "upgrade": "NULL_NA",
    "gnaf_pid": "GAVIC420550765",
    "tech_change_status": "Eligible to Order",
    "program_type": "On-Demand N2P SDU/MDU Simple",
    "target_eligibility_quarter": "NA"
   }
  },
  {
   "type": "Feature",
   "geometry": {
    "type": "Point",
    "coordinates": [
     144.30686044,
     -38.17619303
    ]
   },
   "properties": {
    "name": "44 BROLGA CRESCENT WANDANA HEIGHTS 3216",
    "locID": "LOC000079039861",
    "tech": "FTTP",
    "upgrade": "NULL_NA",
    "gnaf_pid": "GAVIC420551705",
    "program_type": "On-Demand N2P SDU/MDU Simple",
    "target_eligibility_quarter": "NA"
   }
  },
  {
   "type": "Feature",
   "geometry": {
    "type": "Point",
    "coordinates": [
     144.30853613,
     -38.17172064
    ]
   },
   "properties": {
    "name": "3-5 WANDANA DRIVE WANDANA HEIGHTS 3216",
    "locID": "LOC000074734022",
    "tech": "FTTN",
    "upgrade": "FTTP_SA",
    "gnaf_pid": "GAVIC420555316",
    "tech_change_status": "Eligible to Order",
    "program_type": "On-Demand N2P SDU/MDU Simple",
    "target_eligibility_quarter": "NA"
   }
  },
  {
   "type": "Feature",
   "geometry": {
    "type": "Point",
    "coordinates": [
     144.30051513,
     -38.17691735
    ]
   },
   "properties": {
    "name": "131 GROSVENOR DRIVE WANDANA HEIGHTS 3216",
    "locID": "LOC000052491784",
    "tech": "FTTP",
    "upgrade": "NULL_NA",
    "gnaf_pid": "GAVIC420560655",
    "program_type": "On-Demand N2P SDU/MDU Simple",
    "target_eligibility_quarter": "NA"
   }
  },
  {
   "type": "Feature",
   "geometry": {
    "type": "Point",
    "coordinates": [
     144.30050754,
     -38.17670139
    ]
   },
   "properties": {
    "name": "129 GROSVENOR DRIVE WANDANA HEIGHTS 3216",
    "locID": "LOC000102939027",
    "tech": "FTTP",
    "upgrade": "NULL_NA",
    "gnaf_pid": "GAVIC420560656",
    "program_type": "On-Demand N2P SDU/MDU Simple",
    "target_eligibility_quarter": "NA"
   }
  },
  {
   "type": "Feature",
   "geometry": {
    "type": "Point",
    "coordinates": [
     144.3005272,
     -38.17653995
    ]
   },
   "properties": {
    "name": "127 GROSVENOR DRIVE WANDANA HEIGHTS 3216",
    "locID": "LOC000082880624",
    "tech": "FTTP",
    "upgrade": "NULL_NA",
    "gnaf_pid": "GAVIC420560657",
    "tech_change_status": "Previous Tech Disconnected",
    "program_type": "On-Demand N2P SDU/MDU Simple",
    "target_eligibility_quarter": "NA"
   }
  },
  {
   "type": "Feature",
   "geometry": {
    "type": "Point",
    "coordinates": [
     144.30057763,
     -38.17635703
    ]
   },
   "properties": {
    "name": "125 GROSVENOR DRIVE WANDANA HEIGHTS 3216",
    "locID": "LOC000003553844",
    "tech": "FTTP",
    "upgrade": "NULL_NA",
    "gnaf_pid": "GAVIC420560658",
    "program_type": "On-Demand N2P SDU/MDU Simple",
    "target_eligibility_quarter": "NA"
   }
  },
  {
   "type": "Feature",
   "geometry": {
    "type": "Point",
    "coordinates": [
     144.30089471,
     -38.17549355
    ]
   },
   "properties": {
    "name": "115 GROSVENOR DRIVE WANDANA HEIGHTS 3216",
    "locID": "LOC000059548131",
    "tech": "FTTP",
    "upgrade": "FTTP_NA",
    "gnaf_pid": "GAVIC420560659",
    "tech_change_status": "Previous Tech Disconnected",
    "program_type": "On-Demand N2P SDU/MDU Simple",
    "target_eligibility_quarter": "NA"
   }
  },
  {
   "type": "Feature",
   "geometry": {
    "type": "Point",
    "coordinates": [
     144.30091161,
     -38.17648741
    ]
   },
   "properties": {
    "name": "102 GROSVENOR DRIVE WANDANA HEIGHTS 3216",
    "locID": "LOC000097072123",
    "tech": "FTTP",
    "upgrade": "NULL_NA",
    "gnaf_pid": "GAVIC420560661",
    "tech_change_status": "Previous Tech Disconnected",
    "program_type": "On-Demand N2P SDU/MDU Simple",
    "target_eligibility_quarter": "NA"
   }
  },
  {
   "type": "Feature",
   "geometry": {
    "type": "Point",
    "coordinates": [
     144.3014748,
     -38.17533234
    ]
   },
   "properties": {
    "name": "88 GROSVENOR DRIVE WANDANA HEIGHTS 3216",
    "locID": "LOC000041377635",
    "tech": "FTTN",
    "upgrade": "FTTP_SA",
    "gnaf_pid": "GAVIC420560664",
    "tech_change_status": "Eligible to Order",
    "program_type": "On-Demand N2P SDU/MDU Simple",
    "target_eligibility_quarter": "NA"
   }
  },
  {
   "type": "Feature",
   "geometry": {
    "type": "Point",
    "coordinates": [
     144.30402324,
     -38.17563257
    ]
   },
   "properties": {
    "name": "13 KIRAMI COURT WANDANA HEIGHTS 3216",
    "locID": "LOC000050331405",
    "tech": "FTTP",
    "upgrade": "FTTP_NA",
    "gnaf_pid": "GAVIC420724305",
    "tech_change_status": "Previous Tech Disconnected",
    "program_type": "On-Demand N2P SDU/MDU Simple",
    "target_eligibility_quarter": "NA"
   }
  },
  {
   "type": "Feature",
   "geometry": {
    "type": "Point",
    "coordinates": [
     144.3045536,
     -38.1815502
    ]
   },
   "properties": {
    "name": "122-124 WANDANA DRIVE WANDANA HEIGHTS 3216",
    "locID": "LOC000085408852",
    "tech": "FTTP",
    "upgrade": "NULL_NA",
    "gnaf_pid": "GAVIC420779801",
    "tech_change_status": "Previous Tech Disconnected",
    "program_type": "On-Demand N2P SDU/MDU Simple",
    "target_eligibility_quarter": "NA"
   }
  },
  {
   "type": "Feature",
   "geometry": {
    "type": "Point",
    "coordinates": [
     144.3032819,
     -38.18162253
    ]
   },
   "properties": {
    "name": "13 GREENFINCH WAY WANDANA HEIGHTS 3216",
    "locID": "LOC000065496441",
    "tech": "FTTP",
    "upgrade": "FTTP_NA",
    "gnaf_pid": "GAVIC420783578",
    "tech_change_status": "Previous Tech Disconnected",
    "program_type": "On-Demand N2P SDU/MDU Simple",
    "target_eligibility_quarter": "NA"
   }
  },
  {
   "type": "Feature",
   "geometry": {
    "type": "Point",
    "coordinates": [
     144.30393835,
     -38.18240619
    ]
   },
   "properties": {
    "name": "3 GREENFINCH WAY WANDANA HEIGHTS 3216",
    "locID": "LOC000082895422",
    "tech": "FTTN",
    "upgrade": "FTTP_SA",
    "gnaf_pid": "GAVIC420784010",
    "tech_change_status": "Eligible to Order",
    "program_type": "On-Demand N2P SDU/MDU Simple",
    "target_eligibility_quarter": "NA"
   }
  },
  {
   "type": "Feature",
   "geometry": {
    "type": "Point",
    "coordinates": [
     144.30267918,
     -38.17669589
    ]
   },
   "properties": {
    "name": "53 SUNDERLAND ROAD WANDANA HEIGHTS 3216",
    "locID": "LOC000053046153",
    "tech": "FTTP",
    "upgrade": "FTTP_NA",
    "gnaf_pid": "GAVIC420785008",
    "tech_change_status": "Previous Tech Disconnected",
    "program_type": "On-Demand N2P SDU/MDU Simple",
    "target_eligibility_quarter": "NA"
   }
  },
  {
   "type": "Feature",
   "geometry": {
    "type": "Point",
    "coordinates": [
     144.30116355,
     -38.17579371
    ]
   },
   "properties": {
    "name": "94 GROSVENOR DRIVE WANDANA HEIGHTS 3216",
    "locID": "LOC000093558648",
    "tech": "FTTN",
    "upgrade": "FTTP",
    "gnaf_pid": "GAVIC420839515",
    "tech_change_status": "Eligible to Order",
    "program_type": "On-Demand N2P SDU/MDU Simple",
    "target_eligibility_quarter": "NA"
   }
  },
  {
   "type": "Feature",
   "geometry": {
    "type": "Point",
    "coordinates": [
     144.30227943,
     -38.17302118
    ]
   },
   "properties": {
    "name": "87 GROSVENOR DRIVE WANDANA HEIGHTS 3216",
    "locID": "LOC000100832458",
    "tech": "FTTP",
    "upgrade": "NULL_NA",
    "gnaf_pid": "GAVIC420839516"
   }
  },
  {
   "type": "Feature",
   "geometry": {
    "type": "Point",
    "coordinates": [
     144.30457889,
     -38.18073144
    ]
   },
   "properties": {
    "name": "120 WANDANA DRIVE WANDANA HEIGHTS 3216",
    "locID": "LOC000067951866",
    "tech": "FTTN",
    "upgrade": "FTTP",
    "gnaf_pid": "GAVIC420839517",
    "tech_change_status": "Eligible to Order",
    "program_type": "On-Demand N2P SDU/MDU Simple",
    "target_eligibility_quarter": "NA"
   }
  },
  {
   "type": "Feature",
   "geometry": {
    "type": "Point",
    "coordinates": [
     144.3026298,
     -38.17504863
    ]
   },
   "properties": {
    "name": "30 SUNDERLAND ROAD WANDANA HEIGHTS 3216",
    "locID": "LOC000066185300",
    "tech": "FTTP",
    "upgrade": "NULL_NA",
    "gnaf_pid": "GAVIC420839519",
    "program_type": "On-Demand N2P SDU/MDU Simple",
    "target_eligibility_quarter": "NA"
   }
  },
  {
   "type": "Feature",
   "geometry": {
    "type": "Point",
    "coordinates": [
     144.303143,
     -38.17187885
    ]
   },
   "properties": {
    "name": "3 HIGH VIEW COURT WANDANA HEIGHTS 3216",
    "locID": "LOC000006072736",
    "tech": "FTTP",
    "upgrade": "NULL_NA",
    "gnaf_pid": "GAVIC420839520",
    "program_type": "On-Demand N2P SDU/MDU Simple",
    "target_eligibility_quarter": "NA"
   }
  },
  {
   "type": "Feature",
   "geometry": {
    "type": "Point",
    "coordinates": [
     144.30272485,
     -38.17320076
    ]
   },
   "properties": {
    "name": "66 GROSVENOR DRIVE WANDANA HEIGHTS 3216",
    "locID": "LOC000039187069",
    "tech": "FTTP",
    "upgrade": "NULL_NA",
    "gnaf_pid": "GAVIC420839534"
   }
  },
  {
   "type": "Feature",
   "geometry": {
    "type": "Point",
    "coordinates": [
     144.30723662,
     -38.17768586
    ]
   },
   "properties": {
    "name": "9 JAMES COOK DRIVE WANDANA HEIGHTS 3216",
    "locID": "LOC000054949697",
    "tech": "FTTN",
    "upgrade": "FTTP_SA",
    "gnaf_pid": "GAVIC420845903",
    "tech_change_status": "Eligible to Order",
    "program_type": "On-Demand N2P SDU/MDU Simple",
    "target_eligibility_quarter": "NA"
   }
  },
  {
   "type": "Feature",
   "geometry": {
    "type": "Point",
    "coordinates": [
     144.30741511,
     -38.17136768
    ]
   },
   "properties": {
    "name": "15 GROSVENOR DRIVE WANDANA HEIGHTS 3216",
    "locID": "LOC000054988154",
    "tech": "FTTP",
    "upgrade": "NULL_NA",
    "gnaf_pid": "GAVIC420845907",
    "program_type": "On-Demand N2P SDU/MDU Simple",
    "target_eligibility_quarter": "NA"
   }
  },
  {
   "type": "Feature",
   "geometry": {
    "type": "Point",
    "coordinates": [
     144.30710076,
     -38.18071659
    ]
   },
   "properties": {
    "name": "50 JAMES COOK DRIVE WANDANA HEIGHTS 3216",
    "locID": "LOC000075625222",
    "tech": "FTTN",
    "upgrade": "FTTP_SA",
    "gnaf_pid": "GAVIC420845908",
    "tech_change_status": "Eligible to Order",
    "program_type": "On-Demand N2P SDU/MDU Simple",
    "target_eligibility_quarter": "NA"
   }
  },
  {
   "type": "Feature",
   "geometry": {
    "type": "Point",
    "coordinates": [
     144.30724283,
     -38.18010156
    ]
   },
   "properties": {
    "name": "44 JAMES COOK DRIVE WANDANA HEIGHTS 3216",
    "locID": "LOC000071584528",
    "tech": "FTTP",
    "upgrade": "NULL_NA",
    "gnaf_pid": "GAVIC420845909",
    "program_type": "On-Demand N2P SDU/MDU Simple",
    "target_eligibility_quarter": "NA"
   }
  },
  {
   "type": "Feature",
   "geometry": {
    "type": "Point",
    "coordinates": [
     144.30839145,
     -38.1718818
    ]
   },
   "properties": {
    "name": "7 WANDANA DRIVE WANDANA HEIGHTS 3216",
    "locID": "LOC000079146995",
    "tech": "FTTN",
    "upgrade": "FTTP_NA",
    "gnaf_pid": "GAVIC420854832",
    "tech_change_status": "MDU Complex Eligible To Apply",
    "program_type": "Customer-initiated N2P MDU Complex"
   }
  },
  {
   "type": "Feature",
   "geometry": {
    "type": "Point",
    "coordinates": [
     144.30064109,
     -38.1761817
    ]
   },
   "properties": {
    "name": "123 GROSVENOR DRIVE WANDANA HEIGHTS 3216",
    "locID": "LOC000004793559",
    "tech": "FTTP",
    "upgrade": "NULL_NA",
    "gnaf_pid": "GAVIC420855562",
    "program_type": "On-Demand N2P SDU/MDU Simple",
    "target_eligibility_quarter": "NA"
   }
  },
  {
   "type": "Feature",
   "geometry": {
    "type": "Point",
    "coordinates": [
     144.30076803,
     -38.17583555
    ]
   },
   "properties": {
    "name": "119 GROSVENOR DRIVE WANDANA HEIGHTS 3216",
    "locID": "LOC000015179005",
    "tech": "FTTN",
    "upgrade": "FTTP",
    "gnaf_pid": "GAVIC420855563",
    "tech_change_status": "Eligible to Order",
    "program_type": "On-Demand N2P SDU/MDU Simple",
    "target_eligibility_quarter": "NA"
   }
  },
  {
   "type": "Feature",
   "geometry": {
    "type": "Point",
    "coordinates": [
     144.30338558,
     -38.17065194
    ]
   },
   "properties": {
    "name": "36 GROSVENOR DRIVE WANDANA HEIGHTS 3216",
    "locID": "LOC000081282916",
    "tech": "FTTN",
    "upgrade": "FTTP",
    "gnaf_pid": "GAVIC420855663",
    "tech_change_status": "Eligible to Order",
    "program_type": "On-Demand N2P SDU/MDU Simple",
    "target_eligibility_quarter": "NA"
   }
  },
  {
   "type": "Feature",
   "geometry": {
    "type": "Point",
    "coordinates": [
     144.3037507,
     -38.17004591
    ]
   },
   "properties": {
    "name": "49 GROSVENOR DRIVE WANDANA HEIGHTS 3216",
    "locID": "LOC000100410502",
    "tech": "FTTN",
    "upgrade": "FTTP_SA",
    "gnaf_pid": "GAVIC420855664",
    "tech_change_status": "Eligible to Order",
    "program_type": "On-Demand N2P SDU/MDU Simple",
    "target_eligibility_quarter": "NA"
   }
  },
  {
   "type": "Feature",
   "geometry": {
    "type": "Point",
    "coordinates": [
     144.30404245,
     -38.17684316
    ]
   },
   "properties": {
    "name": "8 NIREEDA COURT WANDANA HEIGHTS 3216",
    "locID": "LOC000090916307",
    "tech": "FTTN",
    "upgrade": "FTTP_SA",
    "gnaf_pid": "GAVIC420855666",
    "tech_change_status": "Eligible to Order",
    "program_type": "On-Demand N2P SDU/MDU Simple",
    "target_eligibility_quarter": "NA"
   }
  },
  {
   "type": "Feature",
   "geometry": {
    "type": "Point",
    "coordinates": [
     144.30428226,
     -38.17260794
    ]
   },
   "properties": {
    "name": "14 HENDERSON DRIVE WANDANA HEIGHTS 3216",
    "locID": "LOC000030937168",
    "tech": "FTTN",
    "upgrade": "FTTP_SA",
    "gnaf_pid": "GAVIC420855667",
    "tech_change_status": "Eligible to Order",
    "program_type": "On-Demand N2P SDU/MDU Simple",
    "target_eligibility_quarter": "NA"
   }
  },
  {
   "type": "Feature",
   "geometry": {
    "type": "Point",
    "coordinates": [
     144.30480086,
     -38.17601147
    ]
   },
   "properties": {
    "name": "3 KIRAMI COURT WANDANA HEIGHTS 3216",
    "locID": "LOC000106167929",
    "tech": "FTTN",
    "upgrade": "FTTP_SA",
    "gnaf_pid": "GAVIC420855668",
    "tech_change_status": "Eligible to Order",
    "program_type": "On-Demand N2P SDU/MDU Simple",
    "target_eligibility_quarter": "NA"
   }
  },
  {
   "type": "Feature",
   "geometry": {
    "type": "Point",
    "coordinates": [
     144.30477871,
     -38.18291518
    ]
   },
   "properties": {
    "name": "70 JAMES COOK DRIVE WANDANA HEIGHTS 3216",
    "locID": "LOC000027609413",
    "tech": "FTTN",
    "upgrade": "FTTP",
    "gnaf_pid": "GAVIC420855669",
    "tech_change_status": "Eligible to Order",
    "program_type": "On-Demand N2P SDU/MDU Simple",
    "target_eligibility_quarter": "NA"
   }
  },
  {
   "type": "Feature",
   "geometry": {
    "type": "Point",
    "coordinates": [
     144.30530281,
     -38.1762811
    ]
   },
   "properties": {
    "name": "54 WANDANA DRIVE WANDANA HEIGHTS 3216",
    "locID": "LOC000106108383",
    "tech": "FTTP",
    "upgrade": "NULL_NA",
    "gnaf_pid": "GAVIC420855670",
    "program_type": "On-Demand N2P SDU/MDU Simple",
    "target_eligibility_quarter": "NA"
   }
  },
  {
   "type": "Feature",
   "geometry": {
    "type": "Point",
    "coordinates": [
     144.30520527,
     -38.17574714
    ]
   },
   "properties": {
    "name": "50 WANDANA DRIVE WANDANA HEIGHTS 3216",
    "locID": "LOC000074734022",
    "tech": "FTTN",
    "upgrade": "FTTP_SA",
    "gnaf_pid": "GAVIC420855671",
    "tech_change_status": "Eligible to Order",
    "program_type": "On-Demand N2P SDU/MDU Simple",
    "target_eligibility_quarter": "NA"
   }
  },
  {
   "type": "Feature",
   "geometry": {
    "type": "Point",
    "coordinates": [
     144.3050083,
     -38.18122966
    ]
   },
   "properties": {
    "name": "59 WANDANA DRIVE WANDANA HEIGHTS 3216",
    "locID": "LOC000030212010",
    "tech": "FTTN",
    "upgrade": "FTTP_SA",
    "gnaf_pid": "GAVIC420855672",
    "tech_change_status": "Eligible to Order",
    "program_type": "On-Demand N2P SDU/MDU Simple",
    "target_eligibility_quarter": "NA"
   }
  },
  {
   "type": "Feature",
   "geometry": {
    "type": "Point",
    "coordinates": [
     144.30508745,
     -38.17928636
    ]
   },
   "properties": {
    "name": "45 WANDANA DRIVE WANDANA HEIGHTS 3216",
    "locID": "LOC000059790751",
    "tech": "FTTP",
    "upgrade": "FTTP_NA",
    "gnaf_pid": "GAVIC420855673",
    "tech_change_status": "Previous Tech Disconnected",
    "program_type": "On-Demand N2P SDU/MDU Simple",
    "target_eligibility_quarter": "NA"
   }
  },
  {
   "type": "Feature",
   "geometry": {
    "type": "Point",
    "coordinates": [
     144.3056391,
     -38.1734457
    ]
   },
   "properties": {
    "name": "5 REGENCY CLOSE WANDANA HEIGHTS 3216",
    "locID": "LOC000026283121",
    "tech": "FTTN",
    "upgrade": "FTTP_SA",
    "gnaf_pid": "GAVIC420855674",
    "tech_change_status": "Eligible to Order",
    "program_type": "On-Demand N2P SDU/MDU Simple",
    "target_eligibility_quarter": "NA"
   }
  },
  {
   "type": "Feature",
   "geometry": {
    "type": "Point",
    "coordinates": [
     144.30536595,
     -38.17827616
    ]
   },
   "properties": {
    "name": "35 WANDANA DRIVE WANDANA HEIGHTS 3216",
    "locID": "LOC000032143140",
    "tech": "FTTN",
    "upgrade": "FTTP_SA",
    "gnaf_pid": "GAVIC420855675",
    "tech_change_status": "Eligible to Order",
    "program_type": "On-Demand N2P SDU/MDU Simple",
    "target_eligibility_quarter": "NA"
   }
  },
  {
   "type": "Feature",
   "geometry": {
    "type": "Point",
    "coordinates": [
     144.30548135,
     -38.1832498
    ]
   },
   "properties": {
    "name": "3 GREENWAY COURT WANDANA HEIGHTS 3216",
    "locID": "LOC000058579536",
    "tech": "FTTP",
    "upgrade": "NULL_NA",
    "gnaf_pid": "GAVIC420855676",
    "tech_change_status": "Previous Tech Disconnected",
    "program_type": "On-Demand N2P SDU/MDU Simple",
    "target_eligibility_quarter": "NA"
   }
  },
  {
   "type": "Feature",
   "geometry": {
    "type": "Point",
    "coordinates": [
     144.30562283,
     -38.17169043
    ]
   },
   "properties": {
    "name": "3 LUCALBYN COURT WANDANA HEIGHTS 3216",
    "locID": "LOC000085454153",
    "tech": "FTTP",
    "upgrade": "FTTP_NA",
    "gnaf_pid": "GAVIC420855677",
    "tech_change_status": "Previous Tech Disconnected",
    "program_type": "On-Demand N2P SDU/MDU Simple",
    "target_eligibility_quarter": "NA"
   }
  },
  {
   "type": "Feature",
   "geometry": {
    "type": "Point",
    "coordinates": [
     144.3057348,
     -38.16985043
    ]
   },
   "properties": {
    "name": "3 TRAFALGAR SQUARE WANDANA HEIGHTS 3216",
    "locID": "LOC000051951449",
    "tech": "FTTP",
    "upgrade": "NULL_NA",
    "gnaf_pid": "GAVIC420855678",
    "program_type": "On-Demand N2P SDU/MDU Simple",
    "target_eligibility_quarter": "NA"
   }
  },
  {
   "type": "Feature",
   "geometry": {
    "type": "Point",
    "coordinates": [
     144.30576886,
     -38.17077569
    ]
   },
   "properties": {
    "name": "9 TRAFALGAR SQUARE WANDANA HEIGHTS 3216",
    "locID": "LOC000006044118",
    "tech": "FTTP",
    "upgrade": "NULL_NA",
    "gnaf_pid": "GAVIC420855679",
    "tech_change_status": "Previous Tech Disconnected",
    "program_type": "On-Demand N2P SDU/MDU Simple",
    "target_eligibility_quarter": "NA"
   }
  },
  {
   "type": "Feature",
   "geometry": {
    "type": "Point",
    "coordinates": [
     144.30589881,
     -38.17226875
    ]
   },
   "properties": {
    "name": "5-7 BENT ROAD WANDANA HEIGHTS 3216",
    "locID": "LOC000048700856",
    "tech": "FTTN",
    "upgrade": "FTTP_SA",
    "gnaf_pid": "GAVIC420855680",
    "tech_change_status": "Eligible to Order",
    "program_type": "On-Demand N2P SDU/MDU Simple",
    "target_eligibility_quarter": "NA"
   }
  },
  {
   "type": "Feature",
   "geometry": {
    "type": "Point",
    "coordinates": [
     144.30589469,
     -38.17579339
    ]
   },
   "properties": {
    "name": "31 BROLGA CRESCENT WANDANA HEIGHTS 3216",
    "locID": "LOC000039687496",
    "tech": "FTTP",
    "upgrade": "NULL_NA",
    "gnaf_pid": "GAVIC420861058",
    "program_type": "On-Demand N2P SDU/MDU Simple",
    "target_eligibility_quarter": "NA"
   }
  },
  {
   "type": "Feature",
   "geometry": {
    "type": "Point",
    "coordinates": [
     144.30646351,
     -38.17423883
    ]
   },
   "properties": {
    "name": "34 WANDANA DRIVE WANDANA HEIGHTS 3216",
    "locID": "LOC000009751307",
    "tech": "FTTP",
    "upgrade": "NULL_NA",
    "gnaf_pid": "GAVIC420861059",
    "tech_change_status": "Eligible to Order",
    "program_type": "On-Demand N2P SDU/MDU Simple",
    "target_eligibility_quarter": "NA"
   }
  },
  {
   "type": "Feature",
   "geometry": {
    "type": "Point",
    "coordinates": [
     144.30763953,
     -38.17541076
    ]
   },
   "properties": {
    "name": "13 BROLGA CRESCENT WANDANA HEIGHTS 3216",
    "locID": "LOC000096489072",
    "tech": "FTTN",
    "upgrade": "FTTP_SA",
    "gnaf_pid": "GAVIC420863322",
    "tech_change_status": "Eligible to Order",
    "program_type": "On-Demand N2P SDU/MDU Simple",
    "target_eligibility_quarter": "NA"
   }
  },
  {
   "type": "Feature",
   "geometry": {
    "type": "Point",
    "coordinates": [
     144.30612003,
     -38.1804017
    ]
   },
   "properties": {
    "name": "4 HARGRAVE CRESCENT WANDANA HEIGHTS 3216",
    "locID": "LOC000039683079",
    "tech": "FTTN",
    "upgrade": "FTTP",
    "gnaf_pid": "GAVIC420864567",
    "tech_change_status": "New Tech Connected",
    "program_type": "On-Demand N2P SDU/MDU Simple",
    "target_eligibility_quarter": "NA"
   }
  },
  {
   "type": "Feature",
   "geometry": {
    "type": "Point",
    "coordinates": [
     144.30665784,
     -38.17391275
    ]
   },
   "properties": {
    "name": "30 WANDANA DRIVE WANDANA HEIGHTS 3216",
    "locID": "LOC000010324407",
    "tech": "FTTP",
    "upgrade": "NULL_NA",
    "gnaf_pid": "GAVIC420864568",
    "program_type": "On-Demand N2P SDU/MDU Simple",
    "target_eligibility_quarter": "NA"
   }
  },
  {
   "type": "Feature",
   "geometry": {
    "type": "Point",
    "coordinates": [
     144.30641553,
     -38.17314008
    ]
   },
   "properties": {
    "name": "1 REGENCY CLOSE WANDANA HEIGHTS 3216",
    "locID": "LOC000024333187",
    "tech": "FTTN",
    "upgrade": "FTTP_SA",
    "gnaf_pid": "GAVIC420864569",
    "tech_change_status": "Eligible to Order",
    "program_type": "On-Demand N2P SDU/MDU Simple",
    "target_eligibility_quarter": "NA"
   }
  },
  {
   "type": "Feature",
   "geometry": {
    "type": "Point",
    "coordinates": [
     144.30704379,
     -38.17042289
    ]
   },
   "properties": {
    "name": "16 GROSVENOR DRIVE WANDANA HEIGHTS 3216",
    "locID": "LOC000003735574",
    "tech": "FTTN",
    "upgrade": "FTTP",
    "gnaf_pid": "GAVIC420864570",
    "tech_change_status": "Eligible to Order",
    "program_type": "On-Demand N2P SDU/MDU Simple",
    "target_eligibility_quarter": "NA"
   }
  },
  {
   "type": "Feature",
   "geometry": {
    "type": "Point",
    "coordinates": [
     144.3064971,
     -38.17499076
    ]
   },
   "properties": {
    "name": "2 BROLGA CRESCENT WANDANA HEIGHTS 3216",
    "locID": "LOC000061896979",
    "tech": "FTTN",
    "upgrade": "FTTP_SA",
    "gnaf_pid": "GAVIC420864571",
    "tech_change_status": "Eligible to Order",
    "program_type": "On-Demand N2P SDU/MDU Simple",
    "target_eligibility_quarter": "NA"
   }
  },
  {
   "type": "Feature",
   "geometry": {
    "type": "Point",
    "coordinates": [
     144.30715245,
     -38.1711176
    ]
   },
   "properties": {
    "name": "10 GROSVENOR DRIVE WANDANA HEIGHTS 3216",
    "locID": "LOC000019533426",
    "tech": "FTTP",
    "upgrade": "NULL_NA",
    "gnaf_pid": "GAVIC420864573",
    "program_type": "On-Demand N2P SDU/MDU Simple",
    "target_eligibility_quarter": "NA"
   }
  },
  {
   "type": "Feature",
   "geometry": {
    "type": "Point",
    "coordinates": [
     144.30669119,
     -38.1750184
    ]
   },
   "properties": {
    "name": "4 BROLGA CRESCENT WANDANA HEIGHTS 3216",
    "locID": "LOC000096020109",
    "tech": "FTTN",
    "upgrade": "FTTP_SA",
    "gnaf_pid": "GAVIC420864574",
    "tech_change_status": "Eligible to Order",
    "program_type": "On-Demand N2P SDU/MDU Simple",
    "target_eligibility_quarter": "NA"
   }
  },
  {
   "type": "Feature",
   "geometry": {
    "type": "Point",
    "coordinates": [
     144.3068373,
     -38.17244978
    ]
   },
   "properties": {
    "name": "1 GROSVENOR DRIVE WANDANA HEIGHTS 3216",
    "locID": "LOC000095757905",
    "tech": "FTTP",
    "upgrade": "NULL_NA",
    "gnaf_pid": "GAVIC420864575",
    "program_type": "On-Demand N2P SDU/MDU Simple",
    "target_eligibility_quarter": "NA"
   }
  },
  {
   "type": "Feature",
   "geometry": {
    "type": "Point",
    "coordinates": [
     144.3066667,
     -38.18194745
    ]
   },
   "properties": {
    "name": "56 JAMES COOK DRIVE WANDANA HEIGHTS 3216",
    "locID": "LOC000069928758",
    "tech": "FTTN",
    "upgrade": "FTTP",
    "gnaf_pid": "GAVIC420864578",
    "tech_change_status": "Eligible to Order",
    "program_type": "On-Demand N2P SDU/MDU Simple",
    "target_eligibility_quarter": "NA"
   }
  },
  {
   "type": "Feature",
   "geometry": {
    "type": "Point",
    "coordinates": [
     144.30719413,
     -38.1778612
    ]
   },
   "properties": {
    "name": "11 JAMES COOK DRIVE WANDANA HEIGHTS 3216",
    "locID": "LOC000100427218",
    "tech": "FTTN",
    "upgrade": "FTTP_SA",
    "gnaf_pid": "GAVIC420864581",
    "tech_change_status": "Eligible to Order",
    "program_type": "On-Demand N2P SDU/MDU Simple",
    "target_eligibility_quarter": "NA"
   }
  },
  {
   "type": "Feature",
   "geometry": {
    "type": "Point",
    "coordinates": [
     144.30803155,
     -38.17170531
    ]
   },
   "properties": {
    "name": "6 WANDANA DRIVE WANDANA HEIGHTS 3216",
    "locID": "LOC000051760505",
    "tech": "FTTN",
    "upgrade": "FTTP_NA",
    "gnaf_pid": "GAVIC420869466",
    "tech_change_status": "MDU Complex Eligible To Apply",
    "program_type": "Customer-initiated N2P MDU Complex"
   }
  },
  {
   "type": "Feature",
   "geometry": {
    "type": "Point",
    "coordinates": [
     144.30810655,
     -38.17156405
    ]
   },
   "properties": {
    "name": "4 WANDANA DRIVE WANDANA HEIGHTS 3216",
    "locID": "LOC000026013495",
    "tech": "FTTN",
    "upgrade": "FTTP_SA",
    "gnaf_pid": "GAVIC420869467",
    "tech_change_status": "Eligible to Order",
    "program_type": "On-Demand N2P SDU/MDU Simple",
    "target_eligibility_quarter": "NA"
   }
  },
  {
   "type": "Feature",
   "geometry": {
    "type": "Point",
    "coordinates": [
     144.30773791,
     -38.1751338
    ]
   },
   "properties": {
    "name": "12-14 BROLGA CRESCENT WANDANA HEIGHTS 3216",
    "locID": "LOC000027626811",
    "tech": "FTTN",
    "upgrade": "FTTP",
    "gnaf_pid": "GAVIC420869470",
    "tech_change_status": "Eligible to Order",
    "program_type": "On-Demand N2P SDU/MDU Simple",
    "target_eligibility_quarter": "NA"
   }
  },
  {
   "type": "Feature",
   "geometry": {
    "type": "Point",
    "coordinates": [
     144.3037186,
     -38.17465078
    ]
   },
   "properties": {
    "name": "21 SUNDERLAND ROAD WANDANA HEIGHTS 3216",
    "locID": "LOC000029290314",
    "tech": "FTTN",
    "upgrade": "FTTP_SA",
    "gnaf_pid": "GAVIC420963864",
    "tech_change_status": "Eligible to Order",
    "program_type": "On-Demand N2P SDU/MDU Simple",
    "target_eligibility_quarter": "NA"
   }
  },
  {
   "type": "Feature",
   "geometry": {
    "type": "Point",
    "coordinates": [
     144.30269931,
     -38.17659189
    ]
   },
   "properties": {
    "name": "51 SUNDERLAND ROAD WANDANA HEIGHTS 3216",
    "locID": "LOC000028874910",
    "tech": "FTTP",
    "upgrade": "NULL_NA",
    "gnaf_pid": "GAVIC421089331",
    "tech_change_status": "Eligible to Order",
    "program_type": "On-Demand N2P SDU/MDU Simple",
    "target_eligibility_quarter": "NA"
   }
  },
  {
   "type": "Feature",
   "geometry": {
    "type": "Point",
    "coordinates": [
     144.303074,
     -38.181623
    ]
   },
   "properties": {
    "name": "2 SUNHILL COURT WANDANA HEIGHTS 3216",
    "locID": "LOC000032626119",
    "tech": "FTTN",
    "upgrade": "FTTP_SA",
    "gnaf_pid": "GAVIC421094883",
    "tech_change_status": "Eligible to Order",
    "program_type": "On-Demand N2P SDU/MDU Simple",
    "target_eligibility_quarter": "NA"
   }
  },
  {
   "type": "Feature",
   "geometry": {
    "type": "Point",
    "coordinates": [
     144.30332683,
     -38.18131615
    ]
   },
   "properties": {
    "name": "15 GREENFINCH WAY WANDANA HEIGHTS 3216",
    "locID": "LOC000124294184",
    "tech": "FTTN",
    "upgrade": "FTTP_SA",
    "gnaf_pid": "GAVIC421094884",
    "tech_change_status": "Eligible to Order",
    "program_type": "On-Demand N2P SDU/MDU Simple",
    "target_eligibility_quarter": "NA"
   }
  },
  {
   "type": "Feature",
   "geometry": {
    "type": "Point",
    "coordinates": [
     144.303707,
     -38.181235
    ]
   },
   "properties": {
    "name": "14 GREENFINCH WAY WANDANA HEIGHTS 3216",
    "locID": "LOC000004485976",
    "tech": "FTTP",
    "upgrade": "NULL_NA",
    "gnaf_pid": "GAVIC421094885",
    "program_type": "On-Demand N2P SDU/MDU Simple",
    "target_eligibility_quarter": "NA"
   }
  },
  {
   "type": "Feature",
   "geometry": {
    "type": "Point",
    "coordinates": [
     144.30629275,
     -38.17612476
    ]
   },
   "properties": {
    "name": "50 BROLGA CRESCENT WANDANA HEIGHTS 3216",
    "locID": "LOC000106800198",
    "tech": "FTTP",
    "upgrade": "NULL_NA",
    "gnaf_pid": "GAVIC421154996",
    "program_type": "On-Demand N2P SDU/MDU Simple",
    "target_eligibility_quarter": "NA"
   }
  },
  {
   "type": "Feature",
   "geometry": {
    "type": "Point",
    "coordinates": [
     144.30620283,
     -38.17909165
    ]
   },
   "properties": {
    "name": "7 CHISHOLM CLOSE WANDANA HEIGHTS 3216",
    "locID": "LOC000025216156",
    "tech": "FTTP",
    "upgrade": "NULL_NA",
    "gnaf_pid": "GAVIC421154997",
    "tech_change_status": "Previous Tech Disconnected",
    "program_type": "On-Demand N2P SDU/MDU Simple",
    "target_eligibility_quarter": "NA"
   }
  },
  {
   "type": "Feature",
   "geometry": {
    "type": "Point",
    "coordinates": [
     144.30638976,
     -38.17685278
    ]
   },
   "properties": {
    "name": "2 JAMES COOK DRIVE WANDANA HEIGHTS 3216",
    "locID": "LOC000007023053",
    "tech": "FTTP",
    "upgrade": "NULL_NA",
    "gnaf_pid": "GAVIC421154999",
    "program_type": "On-Demand N2P SDU/MDU Simple",
    "target_eligibility_quarter": "NA"
   }
  },
  {
   "type": "Feature",
   "geometry": {
    "type": "Point",
    "coordinates": [
     144.30640915,
     -38.17526303
    ]
   },
   "properties": {
    "name": "1A BROLGA CRESCENT WANDANA HEIGHTS 3216",
    "locID": "LOC000095157763",
    "tech": "FTTN",
    "upgrade": "FTTP_SA",
    "gnaf_pid": "GAVIC421155000",
    "tech_change_status": "Eligible to Order",
    "program_type": "On-Demand N2P SDU/MDU Simple",
    "target_eligibility_quarter": "NA"
   }
  },
  {
   "type": "Feature",
   "geometry": {
    "type": "Point",
    "coordinates": [
     144.306732,
     -38.16924655
    ]
   },
   "properties": {
    "name": "27 GROSVENOR DRIVE WANDANA HEIGHTS 3216",
    "locID": "LOC000079557455",
    "tech": "FTTP",
    "upgrade": "FTTP_NA",
    "gnaf_pid": "GAVIC421155001",
    "tech_change_status": "Previous Tech Disconnected",
    "program_type": "On-Demand N2P SDU/MDU Simple",
    "target_eligibility_quarter": "NA"
   }
  },
  {
   "type": "Feature",
   "geometry": {
    "type": "Point",
    "coordinates": [
     144.30622753,
     -38.18234048
    ]
   },
   "properties": {
    "name": "60 JAMES COOK DRIVE WANDANA HEIGHTS 3216",
    "locID": "LOC000035857698",
    "tech": "FTTP",
    "upgrade": "NULL_NA",
    "gnaf_pid": "GAVIC421155002",
    "tech_change_status": "Previous Tech Disconnected",
    "program_type": "On-Demand N2P SDU/MDU Simple",
    "target_eligibility_quarter": "NA"
   }
  },
  {
   "type": "Feature",
   "geometry": {
    "type": "Point",
    "coordinates": [
     144.30714,
     -38.17068045
    ]
   },
   "properties": {
    "name": "14 GROSVENOR DRIVE WANDANA HEIGHTS 3216",
    "locID": "LOC000036147895",
    "tech": "FTTP",
    "upgrade": "NULL_NA",
    "gnaf_pid": "GAVIC421155003",
    "program_type": "On-Demand N2P SDU/MDU Simple",
    "target_eligibility_quarter": "NA"
   }
  },
  {
   "type": "Feature",
   "geometry": {
    "type": "Point",
    "coordinates": [
     144.3067435,
     -38.1717842
    ]
   },
   "properties": {
    "name": "1 STIRLING COURT WANDANA HEIGHTS 3216",
    "locID": "LOC000072715289",
    "tech": "FTTN",
    "upgrade": "FTTP_SA",
    "gnaf_pid": "GAVIC421155005",
    "tech_change_status": "Eligible to Order",
    "program_type": "On-Demand N2P SDU/MDU Simple",
    "target_eligibility_quarter": "NA"
   }
  },
  {
   "type": "Feature",
   "geometry": {
    "type": "Point",
    "coordinates": [
     144.3069238,
     -38.1694433
    ]
   },
   "properties": {
    "name": "25 GROSVENOR DRIVE WANDANA HEIGHTS 3216",
    "locID": "LOC000007699544",
    "tech": "FTTN",
    "upgrade": "FTTP_SA",
    "gnaf_pid": "GAVIC421155006",
    "tech_change_status": "Eligible to Order",
    "program_type": "On-Demand N2P SDU/MDU Simple",
    "target_eligibility_quarter": "NA"
   }
  },
  {
   "type": "Feature",
   "geometry": {
    "type": "Point",
    "coordinates": [
     144.30706818,
     -38.17129303
    ]
   },
   "properties": {
    "name": "8 GROSVENOR DRIVE WANDANA HEIGHTS 3216",
    "locID": "LOC000056830892",
    "tech": "FTTP",
    "upgrade": "NULL_NA",
    "gnaf_pid": "GAVIC421155007",
    "tech_change_status": "Eligible to Order",
    "program_type": "On-Demand N2P SDU/MDU Simple",
    "target_eligibility_quarter": "NA"
   }
  },
  {
   "type": "Feature",
   "geometry": {
    "type": "Point",
    "coordinates": [
     144.30686995,
     -38.18021055
    ]
   },
   "properties": {
    "name": "33 JAMES COOK DRIVE WANDANA HEIGHTS 3216",
    "locID": "LOC000062296816",
    "tech": "FTTN",
    "upgrade": "FTTP_SA",
    "gnaf_pid": "GAVIC421155008",
    "tech_change_status": "Eligible to Order",
    "program_type": "On-Demand N2P SDU/MDU Simple",
    "target_eligibility_quarter": "NA"
   }
  },
  {
   "type": "Feature",
   "geometry": {
    "type": "Point",
    "coordinates": [
     144.3080713,
     -38.17557208
    ]
   },
   "properties": {
    "name": "22 BROLGA CRESCENT WANDANA HEIGHTS 3216",
    "locID": "LOC000091533178",
    "tech": "FTTP",
    "upgrade": "FTTP_NA",
    "gnaf_pid": "GAVIC421155901",
    "tech_change_status": "Previous Tech Disconnected",
    "program_type": "On-Demand N2P SDU/MDU Simple",
    "target_eligibility_quarter": "NA"
   }
  },
  {
   "type": "Feature",
   "geometry": {
    "type": "Point",
    "coordinates": [
     144.3008315,
     -38.17566248
    ]
   },
   "properties": {
    "name": "117 GROSVENOR DRIVE WANDANA HEIGHTS 3216",
    "locID": "LOC000080247722",
    "tech": "FTTP",
    "upgrade": "NULL_NA",
    "gnaf_pid": "GAVIC421160689",
    "program_type": "On-Demand N2P SDU/MDU Simple",
    "target_eligibility_quarter": "NA"
   }
  },
  {
   "type": "Feature",
   "geometry": {
    "type": "Point",
    "coordinates": [
     144.30691325,
     -38.18157228
    ]
   },
   "properties": {
    "name": "52 JAMES COOK DRIVE WANDANA HEIGHTS 3216",
    "locID": "LOC000007740959",
    "tech": "FTTP",
    "upgrade": "NULL_NA",
    "gnaf_pid": "GAVIC421162019",
    "program_type": "On-Demand N2P SDU/MDU Simple",
    "target_eligibility_quarter": "NA"
   }
  },
  {
   "type": "Feature",
   "geometry": {
    "type": "Point",
    "coordinates": [
     144.3074455,
     -38.17047346
    ]
   },
   "properties": {
    "name": "17 GROSVENOR DRIVE WANDANA HEIGHTS 3216",
    "locID": "LOC000100630339",
    "tech": "FTTN",
    "upgrade": "FTTP",
    "gnaf_pid": "GAVIC421162020",
    "tech_change_status": "Eligible to Order",
    "program_type": "On-Demand N2P SDU/MDU Simple",
    "target_eligibility_quarter": "NA"
   }
  },
  {
   "type": "Feature",
   "geometry": {
    "type": "Point",
    "coordinates": [
     144.30724456,
     -38.17989316
    ]
   },
   "properties": {
    "name": "42 JAMES COOK DRIVE WANDANA HEIGHTS 3216",
    "locID": "LOC000024281112",
    "tech": "FTTP",
    "upgrade": "NULL_NA",
    "gnaf_pid": "GAVIC421162021",
    "tech_change_status": "Previous Tech Disconnected",
    "program_type": "On-Demand N2P SDU/MDU Simple",
    "target_eligibility_quarter": "NA"
   }
  },
  {
   "type": "Feature",
   "geometry": {
    "type": "Point",
    "coordinates": [
     144.30688165,
     -38.17967279
    ]
   },
   "properties": {
    "name": "27 JAMES COOK DRIVE WANDANA HEIGHTS 3216",
    "locID": "LOC000010263754",
    "tech": "FTTN",
    "upgrade": "FTTP_SA",
    "gnaf_pid": "GAVIC421164829",
    "tech_change_status": "Eligible to Order",
    "program_type": "On-Demand N2P SDU/MDU Simple",
    "target_eligibility_quarter": "NA"
   }
  },
  {
   "type": "Feature",
   "geometry": {
    "type": "Point",
    "coordinates": [
     144.30692358,
     -38.17229338
    ]
   },
   "properties": {
    "name": "3 GROSVENOR DRIVE WANDANA HEIGHTS 3216",
    "locID": "LOC000008514846",
    "tech": "FTTP",
    "upgrade": "NULL_NA",
    "gnaf_pid": "GAVIC421164831",
    "tech_change_status": "Previous Tech Disconnected",
    "program_type": "On-Demand N2P SDU/MDU Simple",
    "target_eligibility_quarter": "NA"
   }
  },
  {
   "type": "Feature",
   "geometry": {
    "type": "Point",
    "coordinates": [
     144.30716965,
     -38.17182993
    ]
   },
   "properties": {
    "name": "9 GROSVENOR DRIVE WANDANA HEIGHTS 3216",
    "locID": "LOC000006906788",
    "tech": "FTTP",
    "upgrade": "NULL_NA",
    "gnaf_pid": "GAVIC421164834",
    "program_type": "On-Demand N2P SDU/MDU Simple",
    "target_eligibility_quarter": "NA"
   }
  },
  {
   "type": "Feature",
   "geometry": {
    "type": "Point",
    "coordinates": [
     144.30725169,
     -38.17167545
    ]
   },
   "properties": {
    "name": "11 GROSVENOR DRIVE WANDANA HEIGHTS 3216",
    "locID": "LOC000011063806",
    "tech": "FTTN",
    "upgrade": "FTTP_SA",
    "gnaf_pid": "GAVIC421164836",
    "tech_change_status": "Eligible to Order",
    "program_type": "On-Demand N2P SDU/MDU Simple",
    "target_eligibility_quarter": "NA"
   }
  },
  {
   "type": "Feature",
   "geometry": {
    "type": "Point",
    "coordinates": [
     144.30762318,
     -38.17633149
    ]
   },
   "properties": {
    "name": "36 BROLGA CRESCENT WANDANA HEIGHTS 3216",
    "locID": "LOC000021086548",
    "tech": "FTTN",
    "upgrade": "FTTP",
    "gnaf_pid": "GAVIC421165524",
    "tech_change_status": "Eligible to Order",
    "program_type": "On-Demand N2P SDU/MDU Simple",
    "target_eligibility_quarter": "NA"
   }
  },
  {
   "type": "Feature",
   "geometry": {
    "type": "Point",
    "coordinates": [
     144.30752599,
     -38.17856783
    ]
   },
   "properties": {
    "name": "28 JAMES COOK DRIVE WANDANA HEIGHTS 3216",
    "locID": "LOC000074831703",
    "tech": "FTTN",
    "upgrade": "FTTP_SA",
    "gnaf_pid": "GAVIC421165525",
    "tech_change_status": "Eligible to Order",
    "program_type": "On-Demand N2P SDU/MDU Simple",
    "target_eligibility_quarter": "NA"
   }
  },
  {
   "type": "Feature",
   "geometry": {
    "type": "Point",
    "coordinates": [
     144.30767881,
     -38.17691643
    ]
   },
   "properties": {
    "name": "14 JAMES COOK DRIVE WANDANA HEIGHTS 3216",
    "locID": "LOC000024722333",
    "tech": "FTTP",
    "upgrade": "FTTP_NA",
    "gnaf_pid": "GAVIC421165527",
    "tech_change_status": "Previous Tech Disconnected",
    "program_type": "On-Demand N2P SDU/MDU Simple",
    "target_eligibility_quarter": "NA"
   }
  },
  {
   "type": "Feature",
   "geometry": {
    "type": "Point",
    "coordinates": [
     144.30399464,
     -38.17654585
    ]
   },
   "properties": {
    "name": "19 NIREEDA COURT WANDANA HEIGHTS 3216",
    "locID": "LOC000093016709",
    "tech": "FTTP",
    "upgrade": "NULL_NA",
    "gnaf_pid": "GAVIC421165689",
    "program_type": "On-Demand N2P SDU/MDU Simple",
    "target_eligibility_quarter": "NA"
   }
  },
  {
   "type": "Feature",
   "geometry": {
    "type": "Point",
    "coordinates": [
     144.30484824,
     -38.17991035
    ]
   },
   "properties": {
    "name": "16 HARGRAVE CRESCENT WANDANA HEIGHTS 3216",
    "locID": "LOC000098332815",
    "tech": "FTTP",
    "upgrade": "NULL_NA",
    "gnaf_pid": "GAVIC421165692",
    "tech_change_status": "Eligible to Order",
    "program_type": "On-Demand N2P SDU/MDU Simple",
    "target_eligibility_quarter": "NA"
   }
  },
  {
   "type": "Feature",
   "geometry": {
    "type": "Point",
    "coordinates": [
     144.30540445,
     -38.17234891
    ]
   },
   "properties": {
    "name": "6 BENT ROAD WANDANA HEIGHTS 3216",
    "locID": "LOC000062257367",
    "tech": "FTTN",
    "upgrade": "FTTP_SA",
    "gnaf_pid": "GAVIC421165693",
    "tech_change_status": "Eligible to Order",
    "program_type": "On-Demand N2P SDU/MDU Simple",
    "target_eligibility_quarter": "NA"
   }
  },
  {
   "type": "Feature",
   "geometry": {
    "type": "Point",
    "coordinates": [
     144.30509819,
     -38.179136
    ]
   },
   "properties": {
    "name": "43 WANDANA DRIVE WANDANA HEIGHTS 3216",
    "locID": "LOC000042437169",
    "tech": "FTTN",
    "upgrade": "FTTP_SA",
    "gnaf_pid": "GAVIC421165694",
    "tech_change_status": "Eligible to Order",
    "program_type": "On-Demand N2P SDU/MDU Simple",
    "target_eligibility_quarter": "NA"
   }
  },
  {
   "type": "Feature",
   "geometry": {
    "type": "Point",
    "coordinates": [
     144.30560845,
     -38.17249428
    ]
   },
   "properties": {
    "name": "4 BENT ROAD WANDANA HEIGHTS 3216",
    "locID": "LOC000075858827",
    "tech": "FTTN",
    "upgrade": "FTTP_SA",
    "gnaf_pid": "GAVIC421165695",
    "tech_change_status": "Eligible to Order",
    "program_type": "On-Demand N2P SDU/MDU Simple",
    "target_eligibility_quarter": "NA"
   }
  },
  {
   "type": "Feature",
   "geometry": {
    "type": "Point",
    "coordinates": [
     144.30531923,
     -38.18006699
    ]
   },
   "properties": {
    "name": "12 HARGRAVE CRESCENT WANDANA HEIGHTS 3216",
    "locID": "LOC000012000573",
    "tech": "FTTN",
    "upgrade": "FTTP_SA",
    "gnaf_pid": "GAVIC421165696",
    "tech_change_status": "Eligible to Order",
    "program_type": "On-Demand N2P SDU/MDU Simple",
    "target_eligibility_quarter": "NA"
   }
  },
  {
   "type": "Feature",
   "geometry": {
    "type": "Point",
    "coordinates": [
     144.30555664,
     -38.18302484
    ]
   },
   "properties": {
    "name": "1 GREENWAY COURT WANDANA HEIGHTS 3216",
    "locID": "LOC000105645924",
    "tech": "FTTN",
    "upgrade": "FTTP_SA",
    "gnaf_pid": "GAVIC421165697",
    "tech_change_status": "Eligible to Order",
    "program_type": "On-Demand N2P SDU/MDU Simple",
    "target_eligibility_quarter": "NA"
   }
  },
  {
   "type": "Feature",
   "geometry": {
    "type": "Point",
    "coordinates": [
     144.30578365,
     -38.1754975
    ]
   },
   "properties": {
    "name": "9 WANDANA DRIVE WANDANA HEIGHTS 3216",
    "locID": "LOC000032596103",
    "tech": "FTTP",
    "upgrade": "NULL_NA",
    "gnaf_pid": "GAVIC421165698",
    "program_type": "On-Demand N2P SDU/MDU Simple",
    "target_eligibility_quarter": "NA"
   }
  },
  {
   "type": "Feature",
   "geometry": {
    "type": "Point",
    "coordinates": [
     144.30559865,
     -38.17796608
    ]
   },
   "properties": {
    "name": "31 WANDANA DRIVE WANDANA HEIGHTS 3216",
    "locID": "LOC000044218642",
    "tech": "FTTN",
    "upgrade": "FTTP_SA",
    "gnaf_pid": "GAVIC421165699",
    "tech_change_status": "Eligible to Order",
    "program_type": "On-Demand N2P SDU/MDU Simple",
    "target_eligibility_quarter": "NA"
   }
  },
  {
   "type": "Feature",
   "geometry": {
    "type": "Point",
    "coordinates": [
     144.30568193,
     -38.17607695
    ]
   },
   "properties": {
    "name": "11 WANDANA DRIVE WANDANA HEIGHTS 3216",
    "locID": "LOC000076773498",
    "tech": "FTTN",
    "upgrade": "FTTP_SA",
    "gnaf_pid": "GAVIC421165700",
    "tech_change_status": "Eligible to Order",
    "program_type": "On-Demand N2P SDU/MDU Simple",
    "target_eligibility_quarter": "NA"
   }
  },
  {
   "type": "Feature",
   "geometry": {
    "type": "Point",
    "coordinates": [
     144.30580396,
     -38.17382712
    ]
   },
   "properties": {
    "name": "6 CANTERBURY COURT WANDANA HEIGHTS 3216",
    "locID": "LOC000060391255",
    "tech": "FTTN",
    "upgrade": "FTTP_SA",
    "gnaf_pid": "GAVIC421165701",
    "tech_change_status": "Eligible to Order",
    "program_type": "On-Demand N2P SDU/MDU Simple",
    "target_eligibility_quarter": "NA"
   }
  },
  {
   "type": "Feature",
   "geometry": {
    "type": "Point",
    "coordinates": [
     144.30594675,
     -38.17021734
    ]
   },
   "properties": {
    "name": "5 TRAFALGAR SQUARE WANDANA HEIGHTS 3216",
    "locID": "LOC000084529085",
    "tech": "FTTP",
    "upgrade": "NULL_NA",
    "gnaf_pid": "GAVIC421165702",
    "program_type": "On-Demand N2P SDU/MDU Simple",
    "target_eligibility_quarter": "NA"
   }
  },
  {
   "type": "Feature",
   "geometry": {
    "type": "Point",
    "coordinates": [
     144.3060422,
     -38.17041859
    ]
   },
   "properties": {
    "name": "6 TRAFALGAR SQUARE WANDANA HEIGHTS 3216",
    "locID": "LOC000018563997",
    "tech": "FTTP",
    "upgrade": "NULL_NA",
    "gnaf_pid": "GAVIC421165703",
    "tech_change_status": "Previous Tech Disconnected",
    "program_type": "On-Demand N2P SDU/MDU Simple",
    "target_eligibility_quarter": "NA"
   }
  },
  {
   "type": "Feature",
   "geometry": {
    "type": "Point",
    "coordinates": [
     144.30572183,
     -38.1802326
    ]
   },
   "properties": {
    "name": "8 HARGRAVE CRESCENT WANDANA HEIGHTS 3216",
    "locID": "LOC000037866817",
    "tech": "FTTN",
    "upgrade": "FTTP_SA",
    "gnaf_pid": "GAVIC421165704",
    "tech_change_status": "Eligible to Order",
    "program_type": "On-Demand N2P SDU/MDU Simple",
    "target_eligibility_quarter": "NA"
   }
  },
  {
   "type": "Feature",
   "geometry": {
    "type": "Point",
    "coordinates": [
     144.30591685,
     -38.17928963
    ]
   },
   "properties": {
    "name": "3 CHISHOLM CLOSE WANDANA HEIGHTS 3216",
    "locID": "LOC000050063701",
    "tech": "FTTP",
    "upgrade": "NULL_NA",
    "gnaf_pid": "GAVIC421165705",
    "tech_change_status": "Previous Tech Disconnected",
    "program_type": "On-Demand N2P SDU/MDU Simple",
    "target_eligibility_quarter": "NA"
   }
  },
  {
   "type": "Feature",
   "geometry": {
    "type": "Point",
    "coordinates": [
     144.30639675,
     -38.17821765
    ]
   },
   "properties": {
    "name": "2 FARRER CLOSE WANDANA HEIGHTS 3216",
    "locID": "LOC000092965158",
    "tech": "FTTN",
    "upgrade": "FTTP_SA",
    "gnaf_pid": "GAVIC421165706",
    "tech_change_status": "Eligible to Order",
    "program_type": "On-Demand N2P SDU/MDU Simple",
    "target_eligibility_quarter": "NA"
   }
  },
  {
   "type": "Feature",
   "geometry": {
    "type": "Point",
    "coordinates": [
     144.29735534,
     -38.18391957
    ]
   },
   "properties": {
    "name": "235 WANDANA DRIVE WANDANA HEIGHTS 3216",
    "locID": "LOC000028561748",
    "tech": "WIRELESS",
    "upgrade": "NULL_NA",
    "gnaf_pid": "GAVIC421167530",
    "tech_change_status": "Not Planned",
    "program_type": "Fixed Wireless and Satellite Upgrade Program",
    "target_eligibility_quarter": "NA"
   }
  },
  {
   "type": "Feature",
   "geometry": {
    "type": "Point",
    "coordinates": [
     144.30185541,
     -38.1714127
    ]
   },
   "properties": {
    "name": "46 GROSVENOR DRIVE WANDANA HEIGHTS 3216",
    "locID": "LOC000079635209",
    "tech": "FTTP",
    "upgrade": "NULL_NA",
    "gnaf_pid": "GAVIC421183207",
    "tech_change_status": "Previous Tech Disconnected"
   }
  },
  {
   "type": "Feature",
   "geometry": {
    "type": "Point",
    "coordinates": [
     144.30238426,
     -38.17107813
    ]
   },
   "properties": {
    "name": "40 GROSVENOR DRIVE WANDANA HEIGHTS 3216",
    "locID": "LOC000060990600",
    "tech": "FTTP",
    "upgrade": "NULL_NA",
    "gnaf_pid": "GAVIC421183213",
    "tech_change_status": "Eligible to Order"
   }
  },
  {
   "type": "Feature",
   "geometry": {
    "type": "Point",
    "coordinates": [
     144.30279056,
     -38.17612051
    ]
   },
   "properties": {
    "name": "45 SUNDERLAND ROAD WANDANA HEIGHTS 3216",
    "locID": "LOC000074870868",
    "tech": "FTTN",
    "upgrade": "FTTP_SA",
    "gnaf_pid": "GAVIC421183214",
    "tech_change_status": "Eligible to Order",
    "program_type": "On-Demand N2P SDU/MDU Simple",
    "target_eligibility_quarter": "NA"
   }
  },
  {
   "type": "Feature",
   "geometry": {
    "type": "Point",
    "coordinates": [
     144.30329248,
     -38.172253
    ]
   },
   "properties": {
    "name": "1 HIGH VIEW COURT WANDANA HEIGHTS 3216",
    "locID": "LOC000071498520",
    "tech": "FTTN",
    "upgrade": "FTTP_SA",
    "gnaf_pid": "GAVIC421183215",
    "tech_change_status": "Eligible to Order",
    "program_type": "On-Demand N2P SDU/MDU Simple",
    "target_eligibility_quarter": "NA"
   }
  },
  {
   "type": "Feature",
   "geometry": {
    "type": "Point",
    "coordinates": [
     144.30374143,
     -38.17215686
    ]
   },
   "properties": {
    "name": "5 HIGH VIEW COURT WANDANA HEIGHTS 3216",
    "locID": "LOC000029232972",
    "tech": "FTTN",
    "upgrade": "FTTP_SA",
    "gnaf_pid": "GAVIC421183217",
    "tech_change_status": "Eligible to Order",
    "program_type": "On-Demand N2P SDU/MDU Simple",
    "target_eligibility_quarter": "NA"
   }
  },
  {
   "type": "Feature",
   "geometry": {
    "type": "Point",
    "coordinates": [
     144.3039975,
     -38.17273651
    ]
   },
   "properties": {
    "name": "12 HENDERSON DRIVE WANDANA HEIGHTS 3216",
    "locID": "LOC000040714565",
    "tech": "FTTN",
    "upgrade": "FTTP_SA",
    "gnaf_pid": "GAVIC421183219",
    "tech_change_status": "Eligible to Order",
    "program_type": "On-Demand N2P SDU/MDU Simple",
    "target_eligibility_quarter": "NA"
   }
  },
  {
   "type": "Feature",
   "geometry": {
    "type": "Point",
    "coordinates": [
     144.30382448,
     -38.17652551
    ]
   },
   "properties": {
    "name": "18 NIREEDA COURT WANDANA HEIGHTS 3216",
    "locID": "LOC000091259242",
    "tech": "FTTN",
    "upgrade": "FTTP",
    "gnaf_pid": "GAVIC421183220",
    "tech_change_status": "Eligible to Order",
    "program_type": "On-Demand N2P SDU/MDU Simple",
    "target_eligibility_quarter": "NA"
   }
  },
  {
   "type": "Feature",
   "geometry": {
    "type": "Point",
    "coordinates": [
     144.30452091,
     -38.16958688
    ]
   },
   "properties": {
    "name": "43 GROSVENOR DRIVE WANDANA HEIGHTS 3216",
    "locID": "LOC000005303232",
    "tech": "FTTP",
    "upgrade": "FTTP_NA",
    "gnaf_pid": "GAVIC421183221",
    "tech_change_status": "Previous Tech Disconnected",
    "program_type": "On-Demand N2P SDU/MDU Simple",
    "target_eligibility_quarter": "NA"
   }
  },
  {
   "type": "Feature",
   "geometry": {
    "type": "Point",
    "coordinates": [
     144.30131314,
     -38.17148016
    ]
   },
   "properties": {
    "name": "69 GROSVENOR DRIVE WANDANA HEIGHTS 3216",
    "locID": "LOC000021114354",
    "tech": "FTTP",
    "upgrade": "NULL_NA",
    "gnaf_pid": "GAVIC421185899"
   }
  },
  {
   "type": "Feature",
   "geometry": {
    "type": "Point",
    "coordinates": [
     144.30169243,
     -38.17222813
    ]
   },
   "properties": {
    "name": "77 GROSVENOR DRIVE WANDANA HEIGHTS 3216",
    "locID": "LOC000032820901",
    "tech": "FTTP",
    "upgrade": "NULL_NA",
    "gnaf_pid": "GAVIC421189406"
   }
  },
  {
   "type": "Feature",
   "geometry": {
    "type": "Point",
    "coordinates": [
     144.30175975,
     -38.1746036
    ]
   },
   "properties": {
    "name": "105 GROSVENOR DRIVE WANDANA HEIGHTS 3216",
    "locID": "LOC000073990721",
    "tech": "FTTN",
    "upgrade": "FTTP_SA",
    "gnaf_pid": "GAVIC421189407",
    "tech_change_status": "Eligible to Order",
    "program_type": "On-Demand N2P SDU/MDU Simple",
    "target_eligibility_quarter": "NA"
   }
  },
  {
   "type": "Feature",
   "geometry": {
    "type": "Point",
    "coordinates": [
     144.30610319,
     -38.17610198
    ]
   },
   "properties": {
    "name": "52 BROLGA CRESCENT WANDANA HEIGHTS 3216",
    "locID": "LOC000089085848",
    "tech": "FTTN",
    "upgrade": "FTTP_SA",
    "gnaf_pid": "GAVIC421192990",
    "tech_change_status": "Eligible to Order",
    "program_type": "On-Demand N2P SDU/MDU Simple",
    "target_eligibility_quarter": "NA"
   }
  },
  {
   "type": "Feature",
   "geometry": {
    "type": "Point",
    "coordinates": [
     144.30647215,
     -38.1815753
    ]
   },
   "properties": {
    "name": "43 JAMES COOK DRIVE WANDANA HEIGHTS 3216",
    "locID": "LOC000051873969",
    "tech": "FTTN",
    "upgrade": "FTTP_SA",
    "gnaf_pid": "GAVIC421192992",
    "tech_change_status": "Eligible to Order",
    "program_type": "On-Demand N2P SDU/MDU Simple",
    "target_eligibility_quarter": "NA"
   }
  },
  {
   "type": "Feature",
   "geometry": {
    "type": "Point",
    "coordinates": [
     144.30595915,
     -38.18313925
    ]
   },
   "properties": {
    "name": "2 GREENWAY COURT WANDANA HEIGHTS 3216",
    "locID": "LOC000023417467",
    "tech": "FTTP",
    "upgrade": "NULL_NA",
    "gnaf_pid": "GAVIC421192993",
    "program_type": "On-Demand N2P SDU/MDU Simple",
    "target_eligibility_quarter": "NA"
   }
  },
  {
   "type": "Feature",
   "geometry": {
    "type": "Point",
    "coordinates": [
     144.30494232,
     -38.17852828
    ]
   },
   "properties": {
    "name": "150 WANDANA DRIVE WANDANA HEIGHTS 3216",
    "locID": "LOC000117709491",
    "tech": "FTTP",
    "upgrade": "NULL_NA",
    "gnaf_pid": "GAVIC421327441"
   }
  },
  {
   "type": "Feature",
   "geometry": {
    "type": "Point",
    "coordinates": [
     144.30552468,
     -38.17015631
    ]
   },
   "properties": {
    "name": "14 TRAFALGAR SQUARE WANDANA HEIGHTS 3216",
    "locID": "LOC000045331558",
    "tech": "FTTN",
    "upgrade": "FTTP_SA",
    "gnaf_pid": "GAVIC421354343",
    "tech_change_status": "Eligible to Order",
    "program_type": "On-Demand N2P SDU/MDU Simple",
    "target_eligibility_quarter": "NA"
   }
  },
  {
   "type": "Feature",
   "geometry": {
    "type": "Point",
    "coordinates": [
     144.3026613,
     -38.1768188
    ]
   },
   "properties": {
    "name": "53A SUNDERLAND ROAD WANDANA HEIGHTS 3216",
    "locID": "LOC000052966871",
    "tech": "FTTP",
    "upgrade": "NULL_NA",
    "gnaf_pid": "GAVIC421379530",
    "tech_change_status": "Previous Tech Disconnected",
    "program_type": "On-Demand N2P SDU/MDU Simple",
    "target_eligibility_quarter": "NA"
   }
  },
  {
   "type": "Feature",
   "geometry": {
    "type": "Point",
    "coordinates": [
     144.30292456,
     -38.18125045
    ]
   },
   "properties": {
    "name": "6 SUNHILL COURT WANDANA HEIGHTS 3216",
    "locID": "LOC000082292206",
    "tech": "FTTP",
    "upgrade": "NULL_NA",
    "gnaf_pid": "GAVIC421400169",
    "program_type": "On-Demand N2P SDU/MDU Simple",
    "target_eligibility_quarter": "NA"
   }
  },
  {
   "type": "Feature",
   "geometry": {
    "type": "Point",
    "coordinates": [
     144.303357,
     -38.181107
    ]
   },
   "properties": {
    "name": "17 GREENFINCH WAY WANDANA HEIGHTS 3216",
    "locID": "LOC000013843119",
    "tech": "FTTN",
    "upgrade": "FTTP_SA",
    "gnaf_pid": "GAVIC421400170",
    "tech_change_status": "Eligible to Order",
    "program_type": "On-Demand N2P SDU/MDU Simple",
    "target_eligibility_quarter": "NA"
   }
  },
  {
   "type": "Feature",
   "geometry": {
    "type": "Point",
    "coordinates": [
     144.302828,
     -38.176341
    ]
   },
   "properties": {
    "name": "UNIT 2, 47 SUNDERLAND ROAD WANDANA HEIGHTS 3216",
    "locID": "LOC000027838666",
    "tech": "FTTN",
    "upgrade": "FTTP_SA",
    "gnaf_pid": "GAVIC421401024",
    "tech_change_status": "Eligible to Order",
    "program_type": "On-Demand N2P SDU/MDU Simple",
    "target_eligibility_quarter": "NA"
   }
  },
  {
   "type": "Feature",
   "geometry": {
    "type": "Point",
    "coordinates": [
     144.30376495,
     -38.1819672
    ]
   },
   "properties": {
    "name": "6 GREENFINCH WAY WANDANA HEIGHTS 3216",
    "locID": "LOC000100819648",
    "tech": "FTTP",
    "upgrade": "NULL_NA",
    "gnaf_pid": "GAVIC421418828",
    "program_type": "On-Demand N2P SDU/MDU Simple",
    "target_eligibility_quarter": "NA"
   }
  },
  {
   "type": "Feature",
   "geometry": {
    "type": "Point",
    "coordinates": [
     144.30608745,
     -38.18195329
    ]
   },
   "properties": {
    "name": "49 JAMES COOK DRIVE WANDANA HEIGHTS 3216",
    "locID": "LOC000008361376",
    "tech": "FTTN",
    "upgrade": "FTTP",
    "gnaf_pid": "GAVIC421435389",
    "tech_change_status": "Eligible to Order",
    "program_type": "On-Demand N2P SDU/MDU Simple",
    "target_eligibility_quarter": "NA"
   }
  },
  {
   "type": "Feature",
   "geometry": {
    "type": "Point",
    "coordinates": [
     144.30588654,
     -38.17758248
    ]
   },
   "properties": {
    "name": "25 WANDANA DRIVE WANDANA HEIGHTS 3216",
    "locID": "LOC000015343466",
    "tech": "FTTN",
    "upgrade": "FTTP_SA",
    "gnaf_pid": "GAVIC421435390",
    "tech_change_status": "Eligible to Order",
    "program_type": "On-Demand N2P SDU/MDU Simple",
    "target_eligibility_quarter": "NA"
   }
  },
  {
   "type": "Feature",
   "geometry": {
    "type": "Point",
    "coordinates": [
     144.30588525,
     -38.17720385
    ]
   },
   "properties": {
    "name": "21 WANDANA DRIVE WANDANA HEIGHTS 3216",
    "locID": "LOC000032958065",
    "tech": "FTTN",
    "upgrade": "FTTP_SA",
    "gnaf_pid": "GAVIC421435391",
    "tech_change_status": "Eligible to Order",
    "program_type": "On-Demand N2P SDU/MDU Simple",
    "target_eligibility_quarter": "NA"
   }
  },
  {
   "type": "Feature",
   "geometry": {
    "type": "Point",
    "coordinates": [
     144.30424086,
     -38.17686686
    ]
   },
   "properties": {
    "name": "7 NIREEDA COURT WANDANA HEIGHTS 3216",
    "locID": "LOC000026060751",
    "tech": "FTTN",
    "upgrade": "FTTP_SA",
    "gnaf_pid": "GAVIC421436149",
    "tech_change_status": "Eligible to Order",
    "program_type": "On-Demand N2P SDU/MDU Simple",
    "target_eligibility_quarter": "NA"
   }
  },
  {
   "type": "Feature",
   "geometry": {
    "type": "Point",
    "coordinates": [
     144.30504995,
     -38.17452569
    ]
   },
   "properties": {
    "name": "8 SUNDERLAND ROAD WANDANA HEIGHTS 3216",
    "locID": "LOC000075676248",
    "tech": "FTTP",
    "upgrade": "NULL_NA",
    "gnaf_pid": "GAVIC421436151",
    "program_type": "On-Demand N2P SDU/MDU Simple",
    "target_eligibility_quarter": "NA"
   }
  },
  {
   "type": "Feature",
   "geometry": {
    "type": "Point",
    "coordinates": [
     144.3049021,
     -38.18174691
    ]
   },
   "properties": {
    "name": "65 WANDANA DRIVE WANDANA HEIGHTS 3216",
    "locID": "LOC000042686103",
    "tech": "FTTP",
    "upgrade": "NULL_NA",
    "gnaf_pid": "GAVIC421436153",
    "tech_change_status": "Previous Tech Disconnected",
    "program_type": "On-Demand N2P SDU/MDU Simple",
    "target_eligibility_quarter": "NA"
   }
  },
  {
   "type": "Feature",
   "geometry": {
    "type": "Point",
    "coordinates": [
     144.3049684,
     -38.18158408
    ]
   },
   "properties": {
    "name": "63 WANDANA DRIVE WANDANA HEIGHTS 3216",
    "locID": "LOC000109180239",
    "tech": "FTTN",
    "upgrade": "FTTP_SA",
    "gnaf_pid": "GAVIC421436154",
    "tech_change_status": "Eligible to Order",
    "program_type": "On-Demand N2P SDU/MDU Simple",
    "target_eligibility_quarter": "NA"
   }
  },
  {
   "type": "Feature",
   "geometry": {
    "type": "Point",
    "coordinates": [
     144.30501006,
     -38.18072684
    ]
   },
   "properties": {
    "name": "53 WANDANA DRIVE WANDANA HEIGHTS 3216",
    "locID": "LOC000067091437",
    "tech": "FTTP",
    "upgrade": "NULL_NA",
    "gnaf_pid": "GAVIC421436155",
    "tech_change_status": "Eligible to Order",
    "program_type": "On-Demand N2P SDU/MDU Simple",
    "target_eligibility_quarter": "NA"
   }
  },
  {
   "type": "Feature",
   "geometry": {
    "type": "Point",
    "coordinates": [
     144.30527898,
     -38.17455305
    ]
   },
   "properties": {
    "name": "6 SUNDERLAND ROAD WANDANA HEIGHTS 3216",
    "locID": "LOC000077184775",
    "tech": "FTTN",
    "upgrade": "FTTP_SA",
    "gnaf_pid": "GAVIC421436156",
    "tech_change_status": "Eligible to Order",
    "program_type": "On-Demand N2P SDU/MDU Simple",
    "target_eligibility_quarter": "NA"
   }
  },
  {
   "type": "Feature",
   "geometry": {
    "type": "Point",
    "coordinates": [
     144.30561195,
     -38.17205838
    ]
   },
   "properties": {
    "name": "9 BENT ROAD WANDANA HEIGHTS 3216",
    "locID": "LOC000103509226",
    "tech": "FTTP",
    "upgrade": "FTTP_NA",
    "gnaf_pid": "GAVIC421436157",
    "tech_change_status": "Previous Tech Disconnected",
    "program_type": "On-Demand N2P SDU/MDU Simple",
    "target_eligibility_quarter": "NA"
   }
  },
  {
   "type": "Feature",
   "geometry": {
    "type": "Point",
    "coordinates": [
     144.30521155,
     -38.18269014
    ]
   },
   "properties": {
    "name": "59 JAMES COOK DRIVE WANDANA HEIGHTS 3216",
    "locID": "LOC000102775668",
    "tech": "FTTP",
    "upgrade": "NULL_NA",
    "gnaf_pid": "GAVIC421436158",
    "program_type": "On-Demand N2P SDU/MDU Simple",
    "target_eligibility_quarter": "NA"
   }
  },
  {
   "type": "Feature",
   "geometry": {
    "type": "Point",
    "coordinates": [
     144.30593383,
     -38.16908939
    ]
   },
   "properties": {
    "name": "33 GROSVENOR DRIVE WANDANA HEIGHTS 3216",
    "locID": "LOC000055340153",
    "tech": "FTTN",
    "upgrade": "FTTP_SA",
    "gnaf_pid": "GAVIC421436159",
    "tech_change_status": "Eligible to Order",
    "program_type": "On-Demand N2P SDU/MDU Simple",
    "target_eligibility_quarter": "NA"
   }
  },
  {
   "type": "Feature",
   "geometry": {
    "type": "Point",
    "coordinates": [
     144.30569771,
     -38.17427277
    ]
   },
   "properties": {
    "name": "9 CANTERBURY COURT WANDANA HEIGHTS 3216",
    "locID": "LOC000077176629",
    "tech": "FTTN",
    "upgrade": "FTTP_SA",
    "gnaf_pid": "GAVIC421436160",
    "tech_change_status": "Eligible to Order",
    "program_type": "On-Demand N2P SDU/MDU Simple",
    "target_eligibility_quarter": "NA"
   }
  },
  {
   "type": "Feature",
   "geometry": {
    "type": "Point",
    "coordinates": [
     144.30580178,
     -38.18059758
    ]
   },
   "properties": {
    "name": "5 HARGRAVE CRESCENT WANDANA HEIGHTS 3216",
    "locID": "LOC000054336816",
    "tech": "FTTN",
    "upgrade": "FTTP_SA",
    "gnaf_pid": "GAVIC421436161",
    "tech_change_status": "Eligible to Order",
    "program_type": "On-Demand N2P SDU/MDU Simple",
    "target_eligibility_quarter": "NA"
   }
  },
  {
   "type": "Feature",
   "geometry": {
    "type": "Point",
    "coordinates": [
     144.30557833,
     -38.18270111
    ]
   },
   "properties": {
    "name": "57 JAMES COOK DRIVE WANDANA HEIGHTS 3216",
    "locID": "LOC000072965304",
    "tech": "FTTP",
    "upgrade": "NULL_NA",
    "gnaf_pid": "GAVIC421436162",
    "program_type": "On-Demand N2P SDU/MDU Simple",
    "target_eligibility_quarter": "NA"
   }
  },
  {
   "type": "Feature",
   "geometry": {
    "type": "Point",
    "coordinates": [
     144.30587345,
     -38.1746241
    ]
   },
   "properties": {
    "name": "2 SUNDERLAND ROAD WANDANA HEIGHTS 3216",
    "locID": "LOC000021097825",
    "tech": "FTTN",
    "upgrade": "FTTP_SA",
    "gnaf_pid": "GAVIC421436164",
    "tech_change_status": "Eligible to Order",
    "program_type": "On-Demand N2P SDU/MDU Simple",
    "target_eligibility_quarter": "NA"
   }
  },
  {
   "type": "Feature",
   "geometry": {
    "type": "Point",
    "coordinates": [
     144.30587911,
     -38.1739105
    ]
   },
   "properties": {
    "name": "7 CANTERBURY COURT WANDANA HEIGHTS 3216",
    "locID": "LOC000058492660",
    "tech": "FTTN",
    "upgrade": "FTTP_SA",
    "gnaf_pid": "GAVIC421436165",
    "tech_change_status": "Eligible to Order",
    "program_type": "On-Demand N2P SDU/MDU Simple",
    "target_eligibility_quarter": "NA"
   }
  },
  {
   "type": "Feature",
   "geometry": {
    "type": "Point",
    "coordinates": [
     144.30579395,
     -38.1767006
    ]
   },
   "properties": {
    "name": "17 WANDANA DRIVE WANDANA HEIGHTS 3216",
    "locID": "LOC000012012722",
    "tech": "FTTP",
    "upgrade": "NULL_NA",
    "gnaf_pid": "GAVIC421436166",
    "program_type": "On-Demand N2P SDU/MDU Simple",
    "target_eligibility_quarter": "NA"
   }
  },
  {
   "type": "Feature",
   "geometry": {
    "type": "Point",
    "coordinates": [
     144.3080051,
     -38.17602401
    ]
   },
   "properties": {
    "name": "28 BROLGA CRESCENT WANDANA HEIGHTS 3216",
    "locID": "LOC000080319185",
    "tech": "FTTN",
    "upgrade": "FTTP_SA",
    "gnaf_pid": "GAVIC421436227",
    "tech_change_status": "Eligible to Order",
    "program_type": "On-Demand N2P SDU/MDU Simple",
    "target_eligibility_quarter": "NA"
   }
  },
  {
   "type": "Feature",
   "geometry": {
    "type": "Point",
    "coordinates": [
     144.3052641,
     -38.1760691
    ]
   },
   "properties": {
    "name": "52 WANDANA DRIVE WANDANA HEIGHTS 3216",
    "locID": "LOC000093970946",
    "tech": "FTTN",
    "upgrade": "FTTP_SA",
    "gnaf_pid": "GAVIC421436648",
    "tech_change_status": "Eligible to Order",
    "program_type": "On-Demand N2P SDU/MDU Simple",
    "target_eligibility_quarter": "NA"
   }
  },
  {
   "type": "Feature",
   "geometry": {
    "type": "Point",
    "coordinates": [
     144.30637803,
     -38.17153495
    ]
   },
   "properties": {
    "name": "3 STIRLING COURT WANDANA HEIGHTS 3216",
    "locID": "LOC000040601878",
    "tech": "FTTN",
    "upgrade": "FTTP_NA",
    "gnaf_pid": "GAVIC421436649",
    "tech_change_status": "MDU Complex Eligible To Apply",
    "program_type": "Customer-initiated N2P MDU Complex"
   }
  },
  {
   "type": "Feature",
   "geometry": {
    "type": "Point",
    "coordinates": [
     144.30630155,
     -38.180783
    ]
   },
   "properties": {
    "name": "1 HARGRAVE CRESCENT WANDANA HEIGHTS 3216",
    "locID": "LOC000018196051",
    "tech": "FTTP",
    "upgrade": "FTTP_NA",
    "gnaf_pid": "GAVIC421438799",
    "tech_change_status": "Previous Tech Disconnected",
    "program_type": "On-Demand N2P SDU/MDU Simple",
    "target_eligibility_quarter": "NA"
   }
  },
  {
   "type": "Feature",
   "geometry": {
    "type": "Point",
    "coordinates": [
     144.30295876,
     -38.1726182
    ]
   },
   "properties": {
    "name": "4 NOBLE PLACE WANDANA HEIGHTS 3216",
    "locID": "LOC000045634494",
    "tech": "FTTP",
    "upgrade": "NULL_NA",
    "gnaf_pid": "GAVIC421450427"
   }
  },
  {
   "type": "Feature",
   "geometry": {
    "type": "Point",
    "coordinates": [
     144.30335118,
     -38.17620388
    ]
   },
   "properties": {
    "name": "15 NIREEDA COURT WANDANA HEIGHTS 3216",
    "locID": "LOC000100267758",
    "tech": "FTTN",
    "upgrade": "FTTP_SA",
    "gnaf_pid": "GAVIC421450428",
    "tech_change_status": "Eligible to Order",
    "program_type": "On-Demand N2P SDU/MDU Simple",
    "target_eligibility_quarter": "NA"
   }
  },
  {
   "type": "Feature",
   "geometry": {
    "type": "Point",
    "coordinates": [
     144.303505,
     -38.17289358
    ]
   },
   "properties": {
    "name": "11 HENDERSON DRIVE WANDANA HEIGHTS 3216",
    "locID": "LOC000055304228",
    "tech": "FTTN",
    "upgrade": "FTTP_SA",
    "gnaf_pid": "GAVIC421450430",
    "tech_change_status": "Eligible to Order",
    "program_type": "On-Demand N2P SDU/MDU Simple",
    "target_eligibility_quarter": "NA"
   }
  },
  {
   "type": "Feature",
   "geometry": {
    "type": "Point",
    "coordinates": [
     144.3035726,
     -38.17271556
    ]
   },
   "properties": {
    "name": "13 HENDERSON DRIVE WANDANA HEIGHTS 3216",
    "locID": "LOC000019559324",
    "tech": "FTTP",
    "upgrade": "NULL_NA",
    "gnaf_pid": "GAVIC421450431",
    "program_type": "On-Demand N2P SDU/MDU Simple",
    "target_eligibility_quarter": "NA"
   }
  },
  {
   "type": "Feature",
   "geometry": {
    "type": "Point",
    "coordinates": [
     144.30411663,
     -38.1702087
    ]
   },
   "properties": {
    "name": "32 GROSVENOR DRIVE WANDANA HEIGHTS 3216",
    "locID": "LOC000069953290",
    "tech": "FTTP",
    "upgrade": "NULL_NA",
    "gnaf_pid": "GAVIC421450432",
    "program_type": "On-Demand N2P SDU/MDU Simple",
    "target_eligibility_quarter": "NA"
   }
  },
  {
   "type": "Feature",
   "geometry": {
    "type": "Point",
    "coordinates": [
     144.300062,
     -38.18494623
    ]
   },
   "properties": {
    "name": "190 WANDANA DRIVE WANDANA HEIGHTS 3216",
    "locID": "LOC000012998001",
    "tech": "WIRELESS",
    "upgrade": "NULL_NA",
    "gnaf_pid": "GAVIC421457360",
    "tech_change_status": "Not Planned",
    "program_type": "Fixed Wireless and Satellite Upgrade Program",
    "target_eligibility_quarter": "NA"
   }
  },
  {
   "type": "Feature",
   "geometry": {
    "type": "Point",
    "coordinates": [
     144.3015999,
     -38.17480445
    ]
   },
   "properties": {
    "name": "107 GROSVENOR DRIVE WANDANA HEIGHTS 3216",
    "locID": "LOC000040198193",
    "tech": "FTTN",
    "upgrade": "FTTP",
    "gnaf_pid": "GAVIC421461429",
    "program_type": "On-Demand N2P SDU/MDU Simple",
    "target_eligibility_quarter": "NA"
   }
  },
  {
   "type": "Feature",
   "geometry": {
    "type": "Point",
    "coordinates": [
     144.30266823,
     -38.17485285
    ]
   },
   "properties": {
    "name": "28 SUNDERLAND ROAD WANDANA HEIGHTS 3216",
    "locID": "LOC000057666160",
    "tech": "FTTP",
    "upgrade": "NULL_NA",
    "gnaf_pid": "GAVIC421461433",
    "program_type": "On-Demand N2P SDU/MDU Simple",
    "target_eligibility_quarter": "NA"
   }
  },
  {
   "type": "Feature",
   "geometry": {
    "type": "Point",
    "coordinates": [
     144.30305692,
     -38.17211071
    ]
   },
   "properties": {
    "name": "2 HIGH VIEW COURT WANDANA HEIGHTS 3216",
    "locID": "LOC000085763649",
    "tech": "FTTN",
    "upgrade": "FTTP_SA",
    "gnaf_pid": "GAVIC421461435",
    "tech_change_status": "Eligible to Order",
    "program_type": "On-Demand N2P SDU/MDU Simple",
    "target_eligibility_quarter": "NA"
   }
  },
  {
   "type": "Feature",
   "geometry": {
    "type": "Point",
    "coordinates": [
     144.30262838,
     -38.17378385
    ]
   },
   "properties": {
    "name": "72 GROSVENOR DRIVE WANDANA HEIGHTS 3216",
    "locID": "LOC000040010450",
    "tech": "FTTN",
    "upgrade": "FTTP",
    "gnaf_pid": "GAVIC421461437",
    "tech_change_status": "Eligible to Order",
    "program_type": "On-Demand N2P SDU/MDU Simple",
    "target_eligibility_quarter": "NA"
   }
  },
  {
   "type": "Feature",
   "geometry": {
    "type": "Point",
    "coordinates": [
     144.30310631,
     -38.17078751
    ]
   },
   "properties": {
    "name": "38 GROSVENOR DRIVE WANDANA HEIGHTS 3216",
    "locID": "LOC000077066233",
    "tech": "FTTP",
    "upgrade": "NULL_NA",
    "gnaf_pid": "GAVIC421461439"
   }
  },
  {
   "type": "Feature",
   "geometry": {
    "type": "Point",
    "coordinates": [
     144.30707303,
     -38.17891949
    ]
   },
   "properties": {
    "name": "21 JAMES COOK DRIVE WANDANA HEIGHTS 3216",
    "locID": "LOC000027723876",
    "tech": "FTTP",
    "upgrade": "NULL_NA",
    "gnaf_pid": "GAVIC421461468",
    "program_type": "On-Demand N2P SDU/MDU Simple",
    "target_eligibility_quarter": "NA"
   }
  },
  {
   "type": "Feature",
   "geometry": {
    "type": "Point",
    "coordinates": [
     144.30712799,
     -38.17873475
    ]
   },
   "properties": {
    "name": "19 JAMES COOK DRIVE WANDANA HEIGHTS 3216",
    "locID": "LOC000059075478",
    "tech": "FTTN",
    "upgrade": "FTTP",
    "gnaf_pid": "GAVIC421461469",
    "tech_change_status": "Eligible to Order",
    "program_type": "On-Demand N2P SDU/MDU Simple",
    "target_eligibility_quarter": "NA"
   }
  },
  {
   "type": "Feature",
   "geometry": {
    "type": "Point",
    "coordinates": [
     144.30691136,
     -38.17504478
    ]
   },
   "properties": {
    "name": "6 BROLGA CRESCENT WANDANA HEIGHTS 3216",
    "locID": "LOC000038851871",
    "tech": "FTTN",
    "upgrade": "FTTP_SA",
    "gnaf_pid": "GAVIC421461470",
    "tech_change_status": "Eligible to Order",
    "program_type": "On-Demand N2P SDU/MDU Simple",
    "target_eligibility_quarter": "NA"
   }
  },
  {
   "type": "Feature",
   "geometry": {
    "type": "Point",
    "coordinates": [
     144.3070056,
     -38.17213889
    ]
   },
   "properties": {
    "name": "5 GROSVENOR DRIVE WANDANA HEIGHTS 3216",
    "locID": "LOC000104202631",
    "tech": "FTTP",
    "upgrade": "FTTP_NA",
    "gnaf_pid": "GAVIC421461471",
    "tech_change_status": "Previous Tech Disconnected",
    "program_type": "On-Demand N2P SDU/MDU Simple",
    "target_eligibility_quarter": "NA"
   }
  },
  {
   "type": "Feature",
   "geometry": {
    "type": "Point",
    "coordinates": [
     144.30698878,
     -38.17715189
    ]
   },
   "properties": {
    "name": "5 JAMES COOK DRIVE WANDANA HEIGHTS 3216",
    "locID": "LOC000061237934",
    "tech": "FTTN",
    "upgrade": "FTTP_SA",
    "gnaf_pid": "GAVIC421461472",
    "tech_change_status": "Eligible to Order",
    "program_type": "On-Demand N2P SDU/MDU Simple",
    "target_eligibility_quarter": "NA"
   }
  },
  {
   "type": "Feature",
   "geometry": {
    "type": "Point",
    "coordinates": [
     144.30681735,
     -38.18175709
    ]
   },
   "properties": {
    "name": "54 JAMES COOK DRIVE WANDANA HEIGHTS 3216",
    "locID": "LOC000087484000",
    "tech": "FTTP",
    "upgrade": "NULL_NA",
    "gnaf_pid": "GAVIC421461473",
    "program_type": "On-Demand N2P SDU/MDU Simple",
    "target_eligibility_quarter": "NA"
   }
  },
  {
   "type": "Feature",
   "geometry": {
    "type": "Point",
    "coordinates": [
     144.30649015,
     -38.1691256
    ]
   },
   "properties": {
    "name": "29 GROSVENOR DRIVE WANDANA HEIGHTS 3216",
    "locID": "LOC000073003448",
    "tech": "FTTN",
    "upgrade": "FTTP_SA",
    "gnaf_pid": "GAVIC421471121",
    "tech_change_status": "Eligible to Order",
    "program_type": "On-Demand N2P SDU/MDU Simple",
    "target_eligibility_quarter": "NA"
   }
  },
  {
   "type": "Feature",
   "geometry": {
    "type": "Point",
    "coordinates": [
     144.30664154,
     -38.17209605
    ]
   },
   "properties": {
    "name": "4 GROSVENOR DRIVE WANDANA HEIGHTS 3216",
    "locID": "LOC000027661478",
    "tech": "FTTN",
    "upgrade": "FTTP_SA",
    "gnaf_pid": "GAVIC421471122",
    "tech_change_status": "Eligible to Order",
    "program_type": "On-Demand N2P SDU/MDU Simple",
    "target_eligibility_quarter": "NA"
   }
  },
  {
   "type": "Feature",
   "geometry": {
    "type": "Point",
    "coordinates": [
     144.30694144,
     -38.17023994
    ]
   },
   "properties": {
    "name": "18 GROSVENOR DRIVE WANDANA HEIGHTS 3216",
    "locID": "LOC000028497393",
    "tech": "FTTN",
    "upgrade": "FTTP_SA",
    "gnaf_pid": "GAVIC421471124",
    "tech_change_status": "Eligible to Order",
    "program_type": "On-Demand N2P SDU/MDU Simple",
    "target_eligibility_quarter": "NA"
   }
  },
  {
   "type": "Feature",
   "geometry": {
    "type": "Point",
    "coordinates": [
     144.30657371,
     -38.18123168
    ]
   },
   "properties": {
    "name": "39 JAMES COOK DRIVE WANDANA HEIGHTS 3216",
    "locID": "LOC000081105116",
    "tech": "FTTP",
    "upgrade": "NULL_NA",
    "gnaf_pid": "GAVIC421471125",
    "program_type": "On-Demand N2P SDU/MDU Simple",
    "target_eligibility_quarter": "NA"
   }
  },
  {
   "type": "Feature",
   "geometry": {
    "type": "Point",
    "coordinates": [
     144.30656154,
     -38.17158093
    ]
   },
   "properties": {
    "name": "2 STIRLING COURT WANDANA HEIGHTS 3216",
    "locID": "LOC000100377262",
    "tech": "FTTN",
    "upgrade": "FTTP_SA",
    "gnaf_pid": "GAVIC421471126",
    "tech_change_status": "Eligible to Order",
    "program_type": "On-Demand N2P SDU/MDU Simple",
    "target_eligibility_quarter": "NA"
   }
  },
  {
   "type": "Feature",
   "geometry": {
    "type": "Point",
    "coordinates": [
     144.3063079,
     -38.1794438
    ]
   },
   "properties": {
    "name": "1 CHISHOLM CLOSE WANDANA HEIGHTS 3216",
    "locID": "LOC000067247530",
    "tech": "FTTN",
    "upgrade": "FTTP",
    "gnaf_pid": "GAVIC421471127",
    "tech_change_status": "Eligible to Order",
    "program_type": "On-Demand N2P SDU/MDU Simple",
    "target_eligibility_quarter": "NA"
   }
  },
  {
   "type": "Feature",
   "geometry": {
    "type": "Point",
    "coordinates": [
     144.30648499,
     -38.17586478
    ]
   },
   "properties": {
    "name": "25 BROLGA CRESCENT WANDANA HEIGHTS 3216",
    "locID": "LOC000042254138",
    "tech": "FTTN",
    "upgrade": "FTTP_SA",
    "gnaf_pid": "GAVIC421471129",
    "tech_change_status": "Eligible to Order",
    "program_type": "On-Demand N2P SDU/MDU Simple",
    "target_eligibility_quarter": "NA"
   }
  },
  {
   "type": "Feature",
   "geometry": {
    "type": "Point",
    "coordinates": [
     144.30644748,
     -38.18213331
    ]
   },
   "properties": {
    "name": "58 JAMES COOK DRIVE WANDANA HEIGHTS 3216",
    "locID": "LOC000011909092",
    "tech": "FTTN",
    "upgrade": "FTTP_SA",
    "gnaf_pid": "GAVIC421471130",
    "tech_change_status": "Eligible to Order",
    "program_type": "On-Demand N2P SDU/MDU Simple",
    "target_eligibility_quarter": "NA"
   }
  },
  {
   "type": "Feature",
   "geometry": {
    "type": "Point",
    "coordinates": [
     144.30661646,
     -38.17793655
    ]
   },
   "properties": {
    "name": "4 FARRER CLOSE WANDANA HEIGHTS 3216",
    "locID": "LOC000043679504",
    "tech": "FTTN",
    "upgrade": "FTTP_SA",
    "gnaf_pid": "GAVIC421471131",
    "tech_change_status": "Eligible to Order",
    "program_type": "On-Demand N2P SDU/MDU Simple",
    "target_eligibility_quarter": "NA"
   }
  },
  {
   "type": "Feature",
   "geometry": {
    "type": "Point",
    "coordinates": [
     144.3073422,
     -38.17023656
    ]
   },
   "properties": {
    "name": "19 GROSVENOR DRIVE WANDANA HEIGHTS 3216",
    "locID": "LOC000010270749",
    "tech": "FTTP",
    "upgrade": "NULL_NA",
    "gnaf_pid": "GAVIC421475881",
    "program_type": "On-Demand N2P SDU/MDU Simple",
    "target_eligibility_quarter": "NA"
   }
  },
  {
   "type": "Feature",
   "geometry": {
    "type": "Point",
    "coordinates": [
     144.30723814,
     -38.17623845
    ]
   },
   "properties": {
    "name": "40 BROLGA CRESCENT WANDANA HEIGHTS 3216",
    "locID": "LOC000061642907",
    "tech": "FTTN",
    "upgrade": "FTTP_SA",
    "gnaf_pid": "GAVIC421475886",
    "tech_change_status": "Eligible to Order",
    "program_type": "On-Demand N2P SDU/MDU Simple",
    "target_eligibility_quarter": "NA"
   }
  },
  {
   "type": "Feature",
   "geometry": {
    "type": "Point",
    "coordinates": [
     144.30739289,
     -38.17510275
    ]
   },
   "properties": {
    "name": "8 BROLGA CRESCENT WANDANA HEIGHTS 3216",
    "locID": "LOC000003501809",
    "tech": "FTTN",
    "upgrade": "FTTP_SA",
    "gnaf_pid": "GAVIC421475887",
    "tech_change_status": "Eligible to Order",
    "program_type": "On-Demand N2P SDU/MDU Simple",
    "target_eligibility_quarter": "NA"
   }
  },
  {
   "type": "Feature",
   "geometry": {
    "type": "Point",
    "coordinates": [
     144.30778916,
     -38.1770556
    ]
   },
   "properties": {
    "name": "16 JAMES COOK DRIVE WANDANA HEIGHTS 3216",
    "locID": "LOC000008498691",
    "tech": "FTTN",
    "upgrade": "FTTP_SA",
    "gnaf_pid": "GAVIC421475890",
    "tech_change_status": "Eligible to Order",
    "program_type": "On-Demand N2P SDU/MDU Simple",
    "target_eligibility_quarter": "NA"
   }
  },
  {
   "type": "Feature",
   "geometry": {
    "type": "Point",
    "coordinates": [
     144.30370563,
     -38.17622176
    ]
   },
   "properties": {
    "name": "UNIT 1, 16 NIREEDA COURT WANDANA HEIGHTS 3216",
    "locID": "LOC000093476038",
    "tech": "FTTP",
    "upgrade": "FTTP_NA",
    "gnaf_pid": "GAVIC421520352",
    "tech_change_status": "Previous Tech Disconnected",
    "program_type": "On-Demand N2P SDU/MDU Simple",
    "target_eligibility_quarter": "NA"
   }
  },
  {
   "type": "Feature",
   "geometry": {
    "type": "Point",
    "coordinates": [
     144.30350065,
     -38.17462463
    ]
   },
   "properties": {
    "name": "23 SUNDERLAND ROAD WANDANA HEIGHTS 3216",
    "locID": "LOC000045998848",
    "tech": "FTTN",
    "upgrade": "FTTP_SA",
    "gnaf_pid": "GAVIC421551824",
    "tech_change_status": "Eligible to Order",
    "program_type": "On-Demand N2P SDU/MDU Simple",
    "target_eligibility_quarter": "NA"
   }
  },
  {
   "type": "Feature",
   "geometry": {
    "type": "Point",
    "coordinates": [
     144.30671185,
     -38.16986361
    ]
   },
   "properties": {
    "name": "22 GROSVENOR DRIVE WANDANA HEIGHTS 3216",
    "locID": "LOC000051219419",
    "tech": "FTTN",
    "upgrade": "FTTP_SA",
    "gnaf_pid": "GAVIC421618325",
    "tech_change_status": "Eligible to Order",
    "program_type": "On-Demand N2P SDU/MDU Simple",
    "target_eligibility_quarter": "NA"
   }
  },
  {
   "type": "Feature",
   "geometry": {
    "type": "Point",
    "coordinates": [
     144.30297495,
     -38.17107281
    ]
   },
   "properties": {
    "name": "2 EBONY CLOSE WANDANA HEIGHTS 3216",
    "locID": "LOC000060440985",
    "tech": "FTTP",
    "upgrade": "NULL_NA",
    "gnaf_pid": "GAVIC421628329"
   }
  },
  {
   "type": "Feature",
   "geometry": {
    "type": "Point",
    "coordinates": [
     144.3028277,
     -38.17095573
    ]
   },
   "properties": {
    "name": "1 EBONY CLOSE WANDANA HEIGHTS 3216",
    "locID": "LOC000092063034",
    "tech": "FTTP",
    "upgrade": "NULL_NA",
    "gnaf_pid": "GAVIC421645728"
   }
  },
  {
   "type": "Feature",
   "geometry": {
    "type": "Point",
    "coordinates": [
     144.30445074,
     -38.18180308
    ]
   },
   "properties": {
    "name": "126-128 WANDANA DRIVE WANDANA HEIGHTS 3216",
    "locID": "LOC000057617542",
    "tech": "FTTN",
    "upgrade": "FTTP_SA",
    "gnaf_pid": "GAVIC421672155",
    "tech_change_status": "Eligible to Order",
    "program_type": "On-Demand N2P SDU/MDU Simple",
    "target_eligibility_quarter": "NA"
   }
  },
  {
   "type": "Feature",
   "geometry": {
    "type": "Point",
    "coordinates": [
     144.30273647,
     -38.18148092
    ]
   },
   "properties": {
    "name": "4 SUNHILL COURT WANDANA HEIGHTS 3216",
    "locID": "LOC000101763686",
    "tech": "FTTP",
    "upgrade": "NULL_NA",
    "gnaf_pid": "GAVIC421683014",
    "tech_change_status": "Previous Tech Disconnected",
    "program_type": "On-Demand N2P SDU/MDU Simple",
    "target_eligibility_quarter": "NA"
   }
  },
  {
   "type": "Feature",
   "geometry": {
    "type": "Point",
    "coordinates": [
     144.30055456,
     -38.17710611
    ]
   },
   "properties": {
    "name": "133 GROSVENOR DRIVE WANDANA HEIGHTS 3216",
    "locID": "LOC000023478651",
    "tech": "FTTP",
    "upgrade": "NULL_NA",
    "gnaf_pid": "GAVIC421719517",
    "program_type": "On-Demand N2P SDU/MDU Simple",
    "target_eligibility_quarter": "NA"
   }
  },
  {
   "type": "Feature",
   "geometry": {
    "type": "Point",
    "coordinates": [
     144.30070455,
     -38.17600863
    ]
   },
   "properties": {
    "name": "121 GROSVENOR DRIVE WANDANA HEIGHTS 3216",
    "locID": "LOC000008504229",
    "tech": "FTTP",
    "upgrade": "NULL_NA",
    "gnaf_pid": "GAVIC421719518",
    "tech_change_status": "Previous Tech Disconnected",
    "program_type": "On-Demand N2P SDU/MDU Simple",
    "target_eligibility_quarter": "NA"
   }
  },
  {
   "type": "Feature",
   "geometry": {
    "type": "Point",
    "coordinates": [
     144.30099466,
     -38.17532549
    ]
   },
   "properties": {
    "name": "113 GROSVENOR DRIVE WANDANA HEIGHTS 3216",
    "locID": "LOC000092271428",
    "tech": "FTTP",
    "upgrade": "NULL_NA",
    "gnaf_pid": "GAVIC421719519",
    "program_type": "On-Demand N2P SDU/MDU Simple",
    "target_eligibility_quarter": "NA"
   }
  },
  {
   "type": "Feature",
   "geometry": {
    "type": "Point",
    "coordinates": [
     144.30141023,
     -38.17134039
    ]
   },
   "properties": {
    "name": "67 GROSVENOR DRIVE WANDANA HEIGHTS 3216",
    "locID": "LOC000083464897",
    "tech": "FTTP",
    "upgrade": "NULL_NA",
    "gnaf_pid": "GAVIC421719521"
   }
  },
  {
   "type": "Feature",
   "geometry": {
    "type": "Point",
    "coordinates": [
     144.30127679,
     -38.1717768
    ]
   },
   "properties": {
    "name": "71 GROSVENOR DRIVE WANDANA HEIGHTS 3216",
    "locID": "LOC000023392129",
    "tech": "FTTP",
    "upgrade": "NULL_NA",
    "gnaf_pid": "GAVIC421719522",
    "tech_change_status": "Previous Tech Disconnected"
   }
  },
  {
   "type": "Feature",
   "geometry": {
    "type": "Point",
    "coordinates": [
     144.300877,
     -38.17665589
    ]
   },
   "properties": {
    "name": "104 GROSVENOR DRIVE WANDANA HEIGHTS 3216",
    "locID": "LOC000048141891",
    "tech": "FTTN",
    "upgrade": "FTTP",
    "gnaf_pid": "GAVIC421719523",
    "tech_change_status": "Eligible to Order",
    "program_type": "On-Demand N2P SDU/MDU Simple",
    "target_eligibility_quarter": "NA"
   }
  },
  {
   "type": "Feature",
   "geometry": {
    "type": "Point",
    "coordinates": [
     144.30272548,
     -38.1745613
    ]
   },
   "properties": {
    "name": "26 SUNDERLAND ROAD WANDANA HEIGHTS 3216",
    "locID": "LOC000096888689",
    "tech": "FTTN",
    "upgrade": "FTTP_SA",
    "gnaf_pid": "GAVIC421722375",
    "tech_change_status": "Eligible to Order",
    "program_type": "On-Demand N2P SDU/MDU Simple",
    "target_eligibility_quarter": "NA"
   }
  },
  {
   "type": "Feature",
   "geometry": {
    "type": "Point",
    "coordinates": [
     144.30272535,
     -38.17645738
    ]
   },
   "properties": {
    "name": "49 SUNDERLAND ROAD WANDANA HEIGHTS 3216",
    "locID": "LOC000063686847",
    "tech": "FTTP",
    "upgrade": "NULL_NA",
    "gnaf_pid": "GAVIC421722377",
    "program_type": "On-Demand N2P SDU/MDU Simple",
    "target_eligibility_quarter": "NA"
   }
  },
  {
   "type": "Feature",
   "geometry": {
    "type": "Point",
    "coordinates": [
     144.30664025,
     -38.16966543
    ]
   },
   "properties": {
    "name": "24 GROSVENOR DRIVE WANDANA HEIGHTS 3216",
    "locID": "LOC000056882134",
    "tech": "FTTN",
    "upgrade": "FTTP_SA",
    "gnaf_pid": "GAVIC421722991",
    "tech_change_status": "Eligible to Order",
    "program_type": "On-Demand N2P SDU/MDU Simple",
    "target_eligibility_quarter": "NA"
   }
  },
  {
   "type": "Feature",
   "geometry": {
    "type": "Point",
    "coordinates": [
     144.30627845,
     -38.17253356
    ]
   },
   "properties": {
    "name": "1 BENT ROAD WANDANA HEIGHTS 3216",
    "locID": "LOC000056801867",
    "tech": "FTTP",
    "upgrade": "NULL_NA",
    "gnaf_pid": "GAVIC421722992",
    "program_type": "On-Demand N2P SDU/MDU Simple",
    "target_eligibility_quarter": "NA"
   }
  },
  {
   "type": "Feature",
   "geometry": {
    "type": "Point",
    "coordinates": [
     144.30656068,
     -38.1740758
    ]
   },
   "properties": {
    "name": "32 WANDANA DRIVE WANDANA HEIGHTS 3216",
    "locID": "LOC000026967126",
    "tech": "FTTN",
    "upgrade": "FTTP_SA",
    "gnaf_pid": "GAVIC421722993",
    "tech_change_status": "Eligible to Order",
    "program_type": "On-Demand N2P SDU/MDU Simple",
    "target_eligibility_quarter": "NA"
   }
  },
  {
   "type": "Feature",
   "geometry": {
    "type": "Point",
    "coordinates": [
     144.30655247,
     -38.18139836
    ]
   },
   "properties": {
    "name": "41 JAMES COOK DRIVE WANDANA HEIGHTS 3216",
    "locID": "LOC000047045254",
    "tech": "FTTP",
    "upgrade": "NULL_NA",
    "gnaf_pid": "GAVIC421722995",
    "program_type": "On-Demand N2P SDU/MDU Simple",
    "target_eligibility_quarter": "NA"
   }
  },
  {
   "type": "Feature",
   "geometry": {
    "type": "Point",
    "coordinates": [
     144.30661915,
     -38.18100229
    ]
   },
   "properties": {
    "name": "37 JAMES COOK DRIVE WANDANA HEIGHTS 3216",
    "locID": "LOC000075116566",
    "tech": "FTTP",
    "upgrade": "FTTP_NA",
    "gnaf_pid": "GAVIC421722997",
    "tech_change_status": "Previous Tech Disconnected",
    "program_type": "On-Demand N2P SDU/MDU Simple",
    "target_eligibility_quarter": "NA"
   }
  },
  {
   "type": "Feature",
   "geometry": {
    "type": "Point",
    "coordinates": [
     144.30697805,
     -38.17146275
    ]
   },
   "properties": {
    "name": "6 GROSVENOR DRIVE WANDANA HEIGHTS 3216",
    "locID": "LOC000029311657",
    "tech": "FTTP",
    "upgrade": "NULL_NA",
    "gnaf_pid": "GAVIC421723000",
    "tech_change_status": "Previous Tech Disconnected",
    "program_type": "On-Demand N2P SDU/MDU Simple",
    "target_eligibility_quarter": "NA"
   }
  },
  {
   "type": "Feature",
   "geometry": {
    "type": "Point",
    "coordinates": [
     144.30694775,
     -38.17927714
    ]
   },
   "properties": {
    "name": "25 JAMES COOK DRIVE WANDANA HEIGHTS 3216",
    "locID": "LOC000095177876",
    "tech": "FTTP",
    "upgrade": "FTTP_NA",
    "gnaf_pid": "GAVIC421723001",
    "tech_change_status": "Previous Tech Disconnected",
    "program_type": "On-Demand N2P SDU/MDU Simple",
    "target_eligibility_quarter": "NA"
   }
  },
  {
   "type": "Feature",
   "geometry": {
    "type": "Point",
    "coordinates": [
     144.30688509,
     -38.17685073
    ]
   },
   "properties": {
    "name": "6 JAMES COOK DRIVE WANDANA HEIGHTS 3216",
    "locID": "LOC000035639317",
    "tech": "FTTN",
    "upgrade": "FTTP_SA",
    "gnaf_pid": "GAVIC421723004",
    "tech_change_status": "Eligible to Order",
    "program_type": "On-Demand N2P SDU/MDU Simple",
    "target_eligibility_quarter": "NA"
   }
  },
  {
   "type": "Feature",
   "geometry": {
    "type": "Point",
    "coordinates": [
     144.30754656,
     -38.1779715
    ]
   },
   "properties": {
    "name": "22 JAMES COOK DRIVE WANDANA HEIGHTS 3216",
    "locID": "LOC000011038604",
    "tech": "FTTN",
    "upgrade": "FTTP_SA",
    "gnaf_pid": "GAVIC421730535",
    "tech_change_status": "Eligible to Order",
    "program_type": "On-Demand N2P SDU/MDU Simple",
    "target_eligibility_quarter": "NA"
   }
  },
  {
   "type": "Feature",
   "geometry": {
    "type": "Point",
    "coordinates": [
     144.30796833,
     -38.17630549
    ]
   },
   "properties": {
    "name": "32 BROLGA CRESCENT WANDANA HEIGHTS 3216",
    "locID": "LOC000100269120",
    "tech": "FTTN",
    "upgrade": "FTTP",
    "gnaf_pid": "GAVIC421730539",
    "tech_change_status": "Eligible to Order",
    "program_type": "On-Demand N2P SDU/MDU Simple",
    "target_eligibility_quarter": "NA"
   }
  },
  {
   "type": "Feature",
   "geometry": {
    "type": "Point",
    "coordinates": [
     144.30203705,
     -38.17268815
    ]
   },
   "properties": {
    "name": "83 GROSVENOR DRIVE WANDANA HEIGHTS 3216",
    "locID": "LOC000051025801",
    "tech": "FTTP",
    "upgrade": "NULL_NA",
    "gnaf_pid": "GAVIC421733360"
   }
  },
  {
   "type": "Feature",
   "geometry": {
    "type": "Point",
    "coordinates": [
     144.30215246,
     -38.17284354
    ]
   },
   "properties": {
    "name": "85 GROSVENOR DRIVE WANDANA HEIGHTS 3216",
    "locID": "LOC000001929571",
    "tech": "FTTP",
    "upgrade": "NULL_NA",
    "gnaf_pid": "GAVIC421733361"
   }
  },
  {
   "type": "Feature",
   "geometry": {
    "type": "Point",
    "coordinates": [
     144.30274191,
     -38.17059815
    ]
   },
   "properties": {
    "name": "55 GROSVENOR DRIVE WANDANA HEIGHTS 3216",
    "locID": "LOC000100069221",
    "tech": "FTTP",
    "upgrade": "NULL_NA",
    "gnaf_pid": "GAVIC421733362",
    "program_type": "On-Demand N2P SDU/MDU Simple",
    "target_eligibility_quarter": "NA"
   }
  },
  {
   "type": "Feature",
   "geometry": {
    "type": "Point",
    "coordinates": [
     144.30259484,
     -38.1752267
    ]
   },
   "properties": {
    "name": "32 SUNDERLAND ROAD WANDANA HEIGHTS 3216",
    "locID": "LOC000098889438",
    "tech": "FTTN",
    "upgrade": "FTTP_SA",
    "gnaf_pid": "GAVIC421733365",
    "tech_change_status": "Eligible to Order",
    "program_type": "On-Demand N2P SDU/MDU Simple",
    "target_eligibility_quarter": "NA"
   }
  },
  {
   "type": "Feature",
   "geometry": {
    "type": "Point",
    "coordinates": [
     144.3073502,
     -38.17918141
    ]
   },
   "properties": {
    "name": "34 JAMES COOK DRIVE WANDANA HEIGHTS 3216",
    "locID": "LOC000043411093",
    "tech": "FTTN",
    "upgrade": "FTTP_SA",
    "gnaf_pid": "GAVIC421733788",
    "tech_change_status": "Eligible to Order",
    "program_type": "On-Demand N2P SDU/MDU Simple",
    "target_eligibility_quarter": "NA"
   }
  },
  {
   "type": "Feature",
   "geometry": {
    "type": "Point",
    "coordinates": [
     144.30743014,
     -38.17898258
    ]
   },
   "properties": {
    "name": "32 JAMES COOK DRIVE WANDANA HEIGHTS 3216",
    "locID": "LOC000006043496",
    "tech": "FTTP",
    "upgrade": "NULL_NA",
    "gnaf_pid": "GAVIC421733789",
    "program_type": "On-Demand N2P SDU/MDU Simple",
    "target_eligibility_quarter": "NA"
   }
  },
  {
   "type": "Feature",
   "geometry": {
    "type": "Point",
    "coordinates": [
     144.30748866,
     -38.17878145
    ]
   },
   "properties": {
    "name": "30 JAMES COOK DRIVE WANDANA HEIGHTS 3216",
    "locID": "LOC000032066778",
    "tech": "FTTN",
    "upgrade": "FTTP_SA",
    "gnaf_pid": "GAVIC421733791",
    "tech_change_status": "Eligible to Order",
    "program_type": "On-Demand N2P SDU/MDU Simple",
    "target_eligibility_quarter": "NA"
   }
  },
  {
   "type": "Feature",
   "geometry": {
    "type": "Point",
    "coordinates": [
     144.30581091,
     -38.17768325
    ]
   },
   "properties": {
    "name": "27 WANDANA DRIVE WANDANA HEIGHTS 3216",
    "locID": "LOC000004777887",
    "tech": "FTTP",
    "upgrade": "NULL_NA",
    "gnaf_pid": "GAVIC421733992",
    "program_type": "On-Demand N2P SDU/MDU Simple",
    "target_eligibility_quarter": "NA"
   }
  },
  {
   "type": "Feature",
   "geometry": {
    "type": "Point",
    "coordinates": [
     144.30591973,
     -38.17739575
    ]
   },
   "properties": {
    "name": "23 WANDANA DRIVE WANDANA HEIGHTS 3216",
    "locID": "LOC000102184142",
    "tech": "FTTP",
    "upgrade": "NULL_NA",
    "gnaf_pid": "GAVIC421733993",
    "program_type": "On-Demand N2P SDU/MDU Simple",
    "target_eligibility_quarter": "NA"
   }
  },
  {
   "type": "Feature",
   "geometry": {
    "type": "Point",
    "coordinates": [
     144.30611885,
     -38.17342911
    ]
   },
   "properties": {
    "name": "3 REGENCY CLOSE WANDANA HEIGHTS 3216",
    "locID": "LOC000009344327",
    "tech": "FTTN",
    "upgrade": "FTTP_SA",
    "gnaf_pid": "GAVIC421733994",
    "tech_change_status": "Eligible to Order",
    "program_type": "On-Demand N2P SDU/MDU Simple",
    "target_eligibility_quarter": "NA"
   }
  },
  {
   "type": "Feature",
   "geometry": {
    "type": "Point",
    "coordinates": [
     144.30103661,
     -38.17613986
    ]
   },
   "properties": {
    "name": "98 GROSVENOR DRIVE WANDANA HEIGHTS 3216",
    "locID": "LOC000079477696",
    "tech": "FTTN",
    "upgrade": "FTTP_SA",
    "gnaf_pid": "GAVIC421747764",
    "tech_change_status": "Eligible to Order",
    "program_type": "On-Demand N2P SDU/MDU Simple",
    "target_eligibility_quarter": "NA"
   }
  },
  {
   "type": "Feature",
   "geometry": {
    "type": "Point",
    "coordinates": [
     144.3015694,
     -38.17122554
    ]
   },
   "properties": {
    "name": "65 GROSVENOR DRIVE WANDANA HEIGHTS 3216",
    "locID": "LOC000036041137",
    "tech": "FTTP",
    "upgrade": "NULL_NA",
    "gnaf_pid": "GAVIC421747766",
    "tech_change_status": "Previous Tech Disconnected"
   }
  },
  {
   "type": "Feature",
   "geometry": {
    "type": "Point",
    "coordinates": [
     144.30122625,
     -38.17562411
    ]
   },
   "properties": {
    "name": "92 GROSVENOR DRIVE WANDANA HEIGHTS 3216",
    "locID": "LOC000102525113",
    "tech": "FTTN",
    "upgrade": "FTTP",
    "gnaf_pid": "GAVIC421747768",
    "tech_change_status": "Eligible to Order",
    "program_type": "On-Demand N2P SDU/MDU Simple",
    "target_eligibility_quarter": "NA"
   }
  },
  {
   "type": "Feature",
   "geometry": {
    "type": "Point",
    "coordinates": [
     144.30373144,
     -38.17436814
    ]
   },
   "properties": {
    "name": "18 SUNDERLAND ROAD WANDANA HEIGHTS 3216",
    "locID": "LOC000114406019",
    "tech": "FTTN",
    "upgrade": "FTTP_SA",
    "gnaf_pid": "GAVIC421755816",
    "tech_change_status": "Eligible to Order",
    "program_type": "On-Demand N2P SDU/MDU Simple",
    "target_eligibility_quarter": "NA"
   }
  },
  {
   "type": "Feature",
   "geometry": {
    "type": "Point",
    "coordinates": [
     144.3041079,
     -38.17235456
    ]
   },
   "properties": {
    "name": "17 HENDERSON DRIVE WANDANA HEIGHTS 3216",
    "locID": "LOC000020959655",
    "tech": "FTTP",
    "upgrade": "FTTP_NA",
    "gnaf_pid": "GAVIC421755817",
    "tech_change_status": "Previous Tech Disconnected",
    "program_type": "On-Demand N2P SDU/MDU Simple",
    "target_eligibility_quarter": "NA"
   }
  },
  {
   "type": "Feature",
   "geometry": {
    "type": "Point",
    "coordinates": [
     144.30386428,
     -38.17294838
    ]
   },
   "properties": {
    "name": "10 HENDERSON DRIVE WANDANA HEIGHTS 3216",
    "locID": "LOC000071775590",
    "tech": "FTTN",
    "upgrade": "FTTP_SA",
    "gnaf_pid": "GAVIC421755818",
    "tech_change_status": "Eligible to Order",
    "program_type": "On-Demand N2P SDU/MDU Simple",
    "target_eligibility_quarter": "NA"
   }
  },
  {
   "type": "Feature",
   "geometry": {
    "type": "Point",
    "coordinates": [
     144.30498242,
     -38.17191835
    ]
   },
   "properties": {
    "name": "11-13 BENT ROAD WANDANA HEIGHTS 3216",
    "locID": "LOC000007692737",
    "tech": "FTTP",
    "upgrade": "FTTP_NA",
    "gnaf_pid": "GAVIC421755819",
    "tech_change_status": "Previous Tech Disconnected",
    "program_type": "On-Demand N2P SDU/MDU Simple",
    "target_eligibility_quarter": "NA"
   }
  },
  {
   "type": "Feature",
   "geometry": {
    "type": "Point",
    "coordinates": [
     144.30512113,
     -38.17050733
    ]
   },
   "properties": {
    "name": "12 TRAFALGAR SQUARE WANDANA HEIGHTS 3216",
    "locID": "LOC000080187208",
    "tech": "FTTP",
    "upgrade": "NULL_NA",
    "gnaf_pid": "GAVIC421755820",
    "program_type": "On-Demand N2P SDU/MDU Simple",
    "target_eligibility_quarter": "NA"
   }
  },
  {
   "type": "Feature",
   "geometry": {
    "type": "Point",
    "coordinates": [
     144.30352359,
     -38.17563746
    ]
   },
   "properties": {
    "name": "11 KIRAMI COURT WANDANA HEIGHTS 3216",
    "locID": "LOC000058089623",
    "tech": "FTTN",
    "upgrade": "FTTP_SA",
    "gnaf_pid": "GAVIC421755821",
    "tech_change_status": "Eligible to Order",
    "program_type": "On-Demand N2P SDU/MDU Simple",
    "target_eligibility_quarter": "NA"
   }
  },
  {
   "type": "Feature",
   "geometry": {
    "type": "Point",
    "coordinates": [
     144.30491142,
     -38.17602473
    ]
   },
   "properties": {
    "name": "2 KIRAMI COURT WANDANA HEIGHTS 3216",
    "locID": "LOC000011103810",
    "tech": "FTTN",
    "upgrade": "FTTP_SA",
    "gnaf_pid": "GAVIC421755822",
    "tech_change_status": "Eligible to Order",
    "program_type": "On-Demand N2P SDU/MDU Simple",
    "target_eligibility_quarter": "NA"
   }
  },
  {
   "type": "Feature",
   "geometry": {
    "type": "Point",
    "coordinates": [
     144.30546755,
     -38.1704103
    ]
   },
   "properties": {
    "name": "13 TRAFALGAR SQUARE WANDANA HEIGHTS 3216",
    "locID": "LOC000105987782",
    "tech": "FTTP",
    "upgrade": "FTTP_NA",
    "gnaf_pid": "GAVIC421755823",
    "tech_change_status": "Previous Tech Disconnected",
    "program_type": "On-Demand N2P SDU/MDU Simple",
    "target_eligibility_quarter": "NA"
   }
  },
  {
   "type": "Feature",
   "geometry": {
    "type": "Point",
    "coordinates": [
     144.30507495,
     -38.17998104
    ]
   },
   "properties": {
    "name": "14 HARGRAVE CRESCENT WANDANA HEIGHTS 3216",
    "locID": "LOC000054264332",
    "tech": "FTTP",
    "upgrade": "NULL_NA",
    "gnaf_pid": "GAVIC421755825",
    "tech_change_status": "Previous Tech Disconnected",
    "program_type": "On-Demand N2P SDU/MDU Simple",
    "target_eligibility_quarter": "NA"
   }
  },
  {
   "type": "Feature",
   "geometry": {
    "type": "Point",
    "coordinates": [
     144.30507881,
     -38.17940701
    ]
   },
   "properties": {
    "name": "47 WANDANA DRIVE WANDANA HEIGHTS 3216",
    "locID": "LOC000038532990",
    "tech": "FTTP",
    "upgrade": "NULL_NA",
    "gnaf_pid": "GAVIC421755826",
    "tech_change_status": "Previous Tech Disconnected",
    "program_type": "On-Demand N2P SDU/MDU Simple",
    "target_eligibility_quarter": "NA"
   }
  },
  {
   "type": "Feature",
   "geometry": {
    "type": "Point",
    "coordinates": [
     144.30546175,
     -38.17715004
    ]
   },
   "properties": {
    "name": "66 WANDANA DRIVE WANDANA HEIGHTS 3216",
    "locID": "LOC000083602146",
    "tech": "FTTP",
    "upgrade": "NULL_NA",
    "gnaf_pid": "GAVIC421755827",
    "program_type": "On-Demand N2P SDU/MDU Simple",
    "target_eligibility_quarter": "NA"
   }
  },
  {
   "type": "Feature",
   "geometry": {
    "type": "Point",
    "coordinates": [
     144.3054297,
     -38.1769748
    ]
   },
   "properties": {
    "name": "62-64 WANDANA DRIVE WANDANA HEIGHTS 3216",
    "locID": "LOC000124162256",
    "tech": "FTTN",
    "upgrade": "FTTP_SA",
    "gnaf_pid": "GAVIC421755828",
    "tech_change_status": "Eligible to Order",
    "program_type": "On-Demand N2P SDU/MDU Simple",
    "target_eligibility_quarter": "NA"
   }
  },
  {
   "type": "Feature",
   "geometry": {
    "type": "Point",
    "coordinates": [
     144.30585209,
     -38.17002781
    ]
   },
   "properties": {
    "name": "4 TRAFALGAR SQUARE WANDANA HEIGHTS 3216",
    "locID": "LOC000017736978",
    "tech": "FTTN",
    "upgrade": "FTTP",
    "gnaf_pid": "GAVIC421755829",
    "tech_change_status": "Eligible to Order",
    "program_type": "On-Demand N2P SDU/MDU Simple",
    "target_eligibility_quarter": "NA"
   }
  },
  {
   "type": "Feature",
   "geometry": {
    "type": "Point",
    "coordinates": [
     144.30730856,
     -38.17733944
    ]
   },
   "properties": {
    "name": "7 JAMES COOK DRIVE WANDANA HEIGHTS 3216",
    "locID": "LOC000051275748",
    "tech": "FTTN",
    "upgrade": "FTTP_SA",
    "gnaf_pid": "GAVIC421759697",
    "tech_change_status": "Eligible to Order",
    "program_type": "On-Demand N2P SDU/MDU Simple",
    "target_eligibility_quarter": "NA"
   }
  },
  {
   "type": "Feature",
   "geometry": {
    "type": "Point",
    "coordinates": [
     144.30236468,
     -38.17072333
    ]
   },
   "properties": {
    "name": "57 GROSVENOR DRIVE WANDANA HEIGHTS 3216",
    "locID": "LOC000039687580",
    "tech": "FTTP",
    "upgrade": "NULL_NA",
    "gnaf_pid": "GAVIC421789151"
   }
  },
  {
   "type": "Feature",
   "geometry": {
    "type": "Point",
    "coordinates": [
     144.3063168,
     -38.17448499
    ]
   },
   "properties": {
    "name": "36 WANDANA DRIVE WANDANA HEIGHTS 3216",
    "locID": "LOC000008066710",
    "tech": "FTTN",
    "upgrade": "FTTP_SA",
    "gnaf_pid": "GAVIC421789152",
    "tech_change_status": "Eligible to Order",
    "program_type": "On-Demand N2P SDU/MDU Simple",
    "target_eligibility_quarter": "NA"
   }
  },
  {
   "type": "Feature",
   "geometry": {
    "type": "Point",
    "coordinates": [
     144.30819541,
     -38.1713967
    ]
   },
   "properties": {
    "name": "2 WANDANA DRIVE WANDANA HEIGHTS 3216",
    "locID": "LOC000063546920",
    "tech": "FTTN",
    "upgrade": "FTTP_SA",
    "gnaf_pid": "GAVIC421789154",
    "tech_change_status": "Eligible to Order",
    "program_type": "On-Demand N2P SDU/MDU Simple",
    "target_eligibility_quarter": "NA"
   }
  },
  {
   "type": "Feature",
   "geometry": {
    "type": "Point",
    "coordinates": [
     144.30900468,
     -38.17169219
    ]
   },
   "properties": {
    "name": "1 WANDANA DRIVE WANDANA HEIGHTS 3216",
    "locID": "LOC000035319353",
    "tech": "FTTN",
    "upgrade": "FTTP_SA",
    "gnaf_pid": "GAVIC421789158",
    "tech_change_status": "Eligible to Order",
    "program_type": "On-Demand N2P SDU/MDU Simple",
    "target_eligibility_quarter": "NA"
   }
  },
  {
   "type": "Feature",
   "geometry": {
    "type": "Point",
    "coordinates": [
     144.30804056,
     -38.17613581
    ]
   },
   "properties": {
    "name": "30 BROLGA CRESCENT WANDANA HEIGHTS 3216",
    "locID": "LOC000062476188",
    "tech": "FTTP",
    "upgrade": "NULL_NA",
    "gnaf_pid": "GAVIC421811077",
    "program_type": "On-Demand N2P SDU/MDU Simple",
    "target_eligibility_quarter": "NA"
   }
  },
  {
   "type": "Feature",
   "geometry": {
    "type": "Point",
    "coordinates": [
     144.30820366,
     -38.1753338
    ]
   },
   "properties": {
    "name": "18 BROLGA CRESCENT WANDANA HEIGHTS 3216",
    "locID": "LOC000080414499",
    "tech": "FTTN",
    "upgrade": "FTTP_SA",
    "gnaf_pid": "GAVIC421822073",
    "tech_change_status": "Eligible to Order",
    "program_type": "On-Demand N2P SDU/MDU Simple",
    "target_eligibility_quarter": "NA"
   }
  },
  {
   "type": "Feature",
   "geometry": {
    "type": "Point",
    "coordinates": [
     144.3053344,
     -38.17645385
    ]
   },
   "properties": {
    "name": "56-58 WANDANA DRIVE WANDANA HEIGHTS 3216",
    "locID": "LOC000124207033",
    "tech": "FTTN",
    "upgrade": "FTTP",
    "gnaf_pid": "GAVIC421840728",
    "tech_change_status": "New Tech Connected",
    "program_type": "On-Demand N2P SDU/MDU Simple",
    "target_eligibility_quarter": "NA"
   }
  },
  {
   "type": "Feature",
   "geometry": {
    "type": "Point",
    "coordinates": [
     144.3038608,
     -38.1785139
    ]
   },
   "properties": {
    "name": "7 XAVIER COURT WANDANA HEIGHTS 3216",
    "locID": "LOC000021074675",
    "tech": "FTTN",
    "upgrade": "FTTP_SA",
    "gnaf_pid": "GAVIC421980136",
    "tech_change_status": "Eligible to Order",
    "program_type": "On-Demand N2P SDU/MDU Simple",
    "target_eligibility_quarter": "NA"
   }
  },
  {
   "type": "Feature",
   "geometry": {
    "type": "Point",
    "coordinates": [
     144.3041206,
     -38.17824235
    ]
   },
   "properties": {
    "name": "2-4 XAVIER COURT WANDANA HEIGHTS 3216",
    "locID": "LOC000075630494",
    "tech": "FTTN",
    "upgrade": "FTTP_SA",
    "gnaf_pid": "GAVIC421980137",
    "tech_change_status": "Eligible to Order",
    "program_type": "On-Demand N2P SDU/MDU Simple",
    "target_eligibility_quarter": "NA"
   }
  },
  {
   "type": "Feature",
   "geometry": {
    "type": "Point",
    "coordinates": [
     144.30377408,
     -38.17821179
    ]
   },
   "properties": {
    "name": "6 XAVIER COURT WANDANA HEIGHTS 3216",
    "locID": "LOC000087750139",
    "tech": "FTTP",
    "upgrade": "NULL_NA",
    "gnaf_pid": "GAVIC421980138",
    "program_type": "On-Demand N2P SDU/MDU Simple",
    "target_eligibility_quarter": "NA"
   }
  },
  {
   "type": "Feature",
   "geometry": {
    "type": "Point",
    "coordinates": [
     144.30288318,
     -38.178104
    ]
   },
   "properties": {
    "name": "12-14 XAVIER COURT WANDANA HEIGHTS 3216",
    "locID": "LOC000046623407",
    "tech": "FTTN",
    "upgrade": "FTTP",
    "gnaf_pid": "GAVIC421980139",
    "tech_change_status": "Eligible to Order",
    "program_type": "On-Demand N2P SDU/MDU Simple",
    "target_eligibility_quarter": "NA"
   }
  },
  {
   "type": "Feature",
   "geometry": {
    "type": "Point",
    "coordinates": [
     144.3032175,
     -38.17843611
    ]
   },
   "properties": {
    "name": "13 XAVIER COURT WANDANA HEIGHTS 3216",
    "locID": "LOC000036694894",
    "tech": "FTTN",
    "upgrade": "FTTP_SA",
    "gnaf_pid": "GAVIC421980140",
    "tech_change_status": "Eligible to Order",
    "program_type": "On-Demand N2P SDU/MDU Simple",
    "target_eligibility_quarter": "NA"
   }
  },
  {
   "type": "Feature",
   "geometry": {
    "type": "Point",
    "coordinates": [
     144.30300298,
     -38.17841015
    ]
   },
   "properties": {
    "name": "15 XAVIER COURT WANDANA HEIGHTS 3216",
    "locID": "LOC000050206755",
    "tech": "FTTN",
    "upgrade": "FTTP_SA",
    "gnaf_pid": "GAVIC421980141",
    "tech_change_status": "Eligible to Order",
    "program_type": "On-Demand N2P SDU/MDU Simple",
    "target_eligibility_quarter": "NA"
   }
  },
  {
   "type": "Feature",
   "geometry": {
    "type": "Point",
    "coordinates": [
     144.30244805,
     -38.17832
    ]
   },
   "properties": {
    "name": "23 XAVIER COURT WANDANA HEIGHTS 3216",
    "locID": "LOC000026933902",
    "tech": "FTTN",
    "upgrade": "FTTP_SA",
    "gnaf_pid": "GAVIC421980143",
    "tech_change_status": "Eligible to Order",
    "program_type": "On-Demand N2P SDU/MDU Simple",
    "target_eligibility_quarter": "NA"
   }
  },
  {
   "type": "Feature",
   "geometry": {
    "type": "Point",
    "coordinates": [
     144.3024847,
     -38.17813141
    ]
   },
   "properties": {
    "name": "25 XAVIER COURT WANDANA HEIGHTS 3216",
    "locID": "LOC000057329284",
    "tech": "FTTP",
    "upgrade": "NULL_NA",
    "gnaf_pid": "GAVIC421980144",
    "program_type": "On-Demand N2P SDU/MDU Simple",
    "target_eligibility_quarter": "NA"
   }
  },
  {
   "type": "Feature",
   "geometry": {
    "type": "Point",
    "coordinates": [
     144.30262345,
     -38.1779783
    ]
   },
   "properties": {
    "name": "16 XAVIER COURT WANDANA HEIGHTS 3216",
    "locID": "LOC000083422486",
    "tech": "FTTN",
    "upgrade": "FTTP_SA",
    "gnaf_pid": "GAVIC421980145",
    "tech_change_status": "Eligible to Order",
    "program_type": "On-Demand N2P SDU/MDU Simple",
    "target_eligibility_quarter": "NA"
   }
  },
  {
   "type": "Feature",
   "geometry": {
    "type": "Point",
    "coordinates": [
     144.30276503,
     -38.17841256
    ]
   },
   "properties": {
    "name": "17-19 XAVIER COURT WANDANA HEIGHTS 3216",
    "locID": "LOC000055048904",
    "tech": "FTTN",
    "upgrade": "FTTP",
    "gnaf_pid": "GAVIC421980146",
    "tech_change_status": "Eligible to Order",
    "program_type": "On-Demand N2P SDU/MDU Simple",
    "target_eligibility_quarter": "NA"
   }
  },
  {
   "type": "Feature",
   "geometry": {
    "type": "Point",
    "coordinates": [
     144.30364646,
     -38.178488
    ]
   },
   "properties": {
    "name": "9 XAVIER COURT WANDANA HEIGHTS 3216",
    "locID": "LOC000033823688",
    "tech": "FTTN",
    "upgrade": "FTTP_SA",
    "gnaf_pid": "GAVIC421980147",
    "tech_change_status": "Eligible to Order",
    "program_type": "On-Demand N2P SDU/MDU Simple",
    "target_eligibility_quarter": "NA"
   }
  },
  {
   "type": "Feature",
   "geometry": {
    "type": "Point",
    "coordinates": [
     144.303432,
     -38.17846208
    ]
   },
   "properties": {
    "name": "11 XAVIER COURT WANDANA HEIGHTS 3216",
    "locID": "LOC000095018906",
    "tech": "FTTP",
    "upgrade": "FTTP_NA",
    "gnaf_pid": "GAVIC421980148",
    "tech_change_status": "Previous Tech Disconnected",
    "program_type": "On-Demand N2P SDU/MDU Simple",
    "target_eligibility_quarter": "NA"
   }
  },
  {
   "type": "Feature",
   "geometry": {
    "type": "Point",
    "coordinates": [
     144.3041594,
     -38.18247595
    ]
   },
   "properties": {
    "name": "1 GREENFINCH WAY WANDANA HEIGHTS 3216",
    "locID": "LOC000012831646",
    "tech": "FTTP",
    "upgrade": "NULL_NA",
    "gnaf_pid": "GAVIC421982809",
    "tech_change_status": "Eligible to Order",
    "program_type": "On-Demand N2P SDU/MDU Simple",
    "target_eligibility_quarter": "NA"
   }
  },
  {
   "type": "Feature",
   "geometry": {
    "type": "Point",
    "coordinates": [
     144.30117275,
     -38.17886655
    ]
   },
   "properties": {
    "name": "1 SHOLDEN COURT WANDANA HEIGHTS 3216",
    "locID": "LOC000090972684",
    "tech": "FTTN",
    "upgrade": "FTTP",
    "gnaf_pid": "GAVIC421984477",
    "tech_change_status": "Eligible to Order",
    "program_type": "On-Demand N2P SDU/MDU Simple",
    "target_eligibility_quarter": "NA"
   }
  },
  {
   "type": "Feature",
   "geometry": {
    "type": "Point",
    "coordinates": [
     144.30071993,
     -38.17881273
    ]
   },
   "properties": {
    "name": "3 SHOLDEN COURT WANDANA HEIGHTS 3216",
    "locID": "LOC000068208370",
    "tech": "FTTP",
    "upgrade": "NULL_NA",
    "gnaf_pid": "GAVIC421984478",
    "tech_change_status": "Previous Tech Disconnected",
    "program_type": "On-Demand N2P SDU/MDU Simple",
    "target_eligibility_quarter": "NA"
   }
  },
  {
   "type": "Feature",
   "geometry": {
    "type": "Point",
    "coordinates": [
     144.30022535,
     -38.17877225
    ]
   },
   "properties": {
    "name": "5 SHOLDEN COURT WANDANA HEIGHTS 3216",
    "locID": "LOC000014514054",
    "tech": "FTTP",
    "upgrade": "FTTP_NA",
    "gnaf_pid": "GAVIC421984559",
    "tech_change_status": "Previous Tech Disconnected",
    "program_type": "On-Demand N2P SDU/MDU Simple",
    "target_eligibility_quarter": "NA"
   }
  },
  {
   "type": "Feature",
   "geometry": {
    "type": "Point",
    "coordinates": [
     144.30088963,
     -38.17868696
    ]
   },
   "properties": {
    "name": "7 SHOLDEN COURT WANDANA HEIGHTS 3216",
    "locID": "LOC000005702509",
    "tech": "FTTN",
    "upgrade": "FTTP_SA",
    "gnaf_pid": "GAVIC421984560",
    "tech_change_status": "Eligible to Order",
    "program_type": "On-Demand N2P SDU/MDU Simple",
    "target_eligibility_quarter": "NA"
   }
  },
  {
   "type": "Feature",
   "geometry": {
    "type": "Point",
    "coordinates": [
     144.3005037,
     -38.17881758
    ]
   },
   "properties": {
    "name": "4 SHOLDEN COURT WANDANA HEIGHTS 3216",
    "locID": "LOC000100344926",
    "tech": "FTTN",
    "upgrade": "FTTP",
    "gnaf_pid": "GAVIC421984562",
    "tech_change_status": "Eligible to Order",
    "program_type": "On-Demand N2P SDU/MDU Simple",
    "target_eligibility_quarter": "NA"
   }
  },
  {
   "type": "Feature",
   "geometry": {
    "type": "Point",
    "coordinates": [
     144.30445713,
     -38.17840008
    ]
   },
   "properties": {
    "name": "1 XAVIER COURT WANDANA HEIGHTS 3216",
    "locID": "LOC000079747463",
    "tech": "FTTP",
    "upgrade": "NULL_NA",
    "gnaf_pid": "GAVIC421984763",
    "program_type": "On-Demand N2P SDU/MDU Simple",
    "target_eligibility_quarter": "NA"
   }
  },
  {
   "type": "Feature",
   "geometry": {
    "type": "Point",
    "coordinates": [
     144.30424803,
     -38.1785126
    ]
   },
   "properties": {
    "name": "3 XAVIER COURT WANDANA HEIGHTS 3216",
    "locID": "LOC000052961436",
    "tech": "FTTP",
    "upgrade": "NULL_NA",
    "gnaf_pid": "GAVIC421986268",
    "program_type": "On-Demand N2P SDU/MDU Simple",
    "target_eligibility_quarter": "NA"
   }
  },
  {
   "type": "Feature",
   "geometry": {
    "type": "Point",
    "coordinates": [
     144.30405938,
     -38.17853516
    ]
   },
   "properties": {
    "name": "5 XAVIER COURT WANDANA HEIGHTS 3216",
    "locID": "LOC000107857240",
    "tech": "FTTP",
    "upgrade": "NULL_NA",
    "gnaf_pid": "GAVIC421986269",
    "program_type": "On-Demand N2P SDU/MDU Simple",
    "target_eligibility_quarter": "NA"
   }
  },
  {
   "type": "Feature",
   "geometry": {
    "type": "Point",
    "coordinates": [
     144.30493044,
     -38.17722468
    ]
   },
   "properties": {
    "name": "8 DIONE MEWS WANDANA HEIGHTS 3216",
    "locID": "LOC000052962361",
    "tech": "FTTP",
    "upgrade": "FTTP_NA",
    "gnaf_pid": "GAVIC422001238",
    "tech_change_status": "Previous Tech Disconnected",
    "program_type": "On-Demand N2P SDU/MDU Simple",
    "target_eligibility_quarter": "NA"
   }
  },
  {
   "type": "Feature",
   "geometry": {
    "type": "Point",
    "coordinates": [
     144.3024042,
     -38.17619785
    ]
   },
   "properties": {
    "name": "44 SUNDERLAND ROAD WANDANA HEIGHTS 3216",
    "locID": "LOC000005270060",
    "tech": "FTTN",
    "upgrade": "FTTP_SA",
    "gnaf_pid": "GAVIC422021022",
    "tech_change_status": "Eligible to Order",
    "program_type": "On-Demand N2P SDU/MDU Simple",
    "target_eligibility_quarter": "NA"
   }
  },
  {
   "type": "Feature",
   "geometry": {
    "type": "Point",
    "coordinates": [
     144.30413848,
     -38.17762145
    ]
   },
   "properties": {
    "name": "16-17 DIONE MEWS WANDANA HEIGHTS 3216",
    "locID": "LOC000124269411",
    "tech": "FTTP",
    "upgrade": "FTTP_NA",
    "gnaf_pid": "GAVIC422032109",
    "tech_change_status": "Previous Tech Disconnected",
    "program_type": "On-Demand N2P SDU/MDU Simple",
    "target_eligibility_quarter": "NA"
   }
  },
  {
   "type": "Feature",
   "geometry": {
    "type": "Point",
    "coordinates": [
     144.3045535,
     -38.17762606
    ]
   },
   "properties": {
    "name": "13-14 DIONE MEWS WANDANA HEIGHTS 3216",
    "locID": "LOC000038907821",
    "tech": "FTTP",
    "upgrade": "NULL_NA",
    "gnaf_pid": "GAVIC422032110",
    "program_type": "On-Demand N2P SDU/MDU Simple",
    "target_eligibility_quarter": "NA"
   }
  },
  {
   "type": "Feature",
   "geometry": {
    "type": "Point",
    "coordinates": [
     144.3045364,
     -38.17807165
    ]
   },
   "properties": {
    "name": "17 MADELINE DRIVE WANDANA HEIGHTS 3216",
    "locID": "LOC000005310479",
    "tech": "FTTP",
    "upgrade": "NULL_NA",
    "gnaf_pid": "GAVIC422032469",
    "program_type": "On-Demand N2P SDU/MDU Simple",
    "target_eligibility_quarter": "NA"
   }
  },
  {
   "type": "Feature",
   "geometry": {
    "type": "Point",
    "coordinates": [
     144.30398264,
     -38.17801945
    ]
   },
   "properties": {
    "name": "16-18 MADELINE DRIVE WANDANA HEIGHTS 3216",
    "locID": "LOC000025245251",
    "tech": "FTTN",
    "upgrade": "FTTP",
    "gnaf_pid": "GAVIC422032470",
    "tech_change_status": "Eligible to Order",
    "program_type": "On-Demand N2P SDU/MDU Simple",
    "target_eligibility_quarter": "NA"
   }
  },
  {
   "type": "Feature",
   "geometry": {
    "type": "Point",
    "coordinates": [
     144.3030096,
     -38.1749836
    ]
   },
   "properties": {
    "name": "31 SUNDERLAND ROAD WANDANA HEIGHTS 3216",
    "locID": "LOC000107650106",
    "tech": "FTTP",
    "upgrade": "NULL_NA",
    "gnaf_pid": "GAVIC422035026",
    "program_type": "On-Demand N2P SDU/MDU Simple",
    "target_eligibility_quarter": "NA"
   }
  },
  {
   "type": "Feature",
   "geometry": {
    "type": "Point",
    "coordinates": [
     144.30481936,
     -38.17516385
    ]
   },
   "properties": {
    "name": "3 FLORENCE COURT WANDANA HEIGHTS 3216",
    "locID": "LOC000063348471",
    "tech": "FTTN",
    "upgrade": "FTTP",
    "gnaf_pid": "GAVIC422037402",
    "tech_change_status": "Eligible to Order",
    "program_type": "On-Demand N2P SDU/MDU Simple",
    "target_eligibility_quarter": "NA"
   }
  },
  {
   "type": "Feature",
   "geometry": {
    "type": "Point",
    "coordinates": [
     144.3048811,
     -38.17748231
    ]
   },
   "properties": {
    "name": "10 DIONE MEWS WANDANA HEIGHTS 3216",
    "locID": "LOC000016536452",
    "tech": "FTTN",
    "upgrade": "FTTP",
    "gnaf_pid": "GAVIC422142109",
    "tech_change_status": "Eligible to Order",
    "program_type": "On-Demand N2P SDU/MDU Simple",
    "target_eligibility_quarter": "NA"
   }
  },
  {
   "type": "Feature",
   "geometry": {
    "type": "Point",
    "coordinates": [
     144.30485523,
     -38.1776175
    ]
   },
   "properties": {
    "name": "11 DIONE MEWS WANDANA HEIGHTS 3216",
    "locID": "LOC000084885191",
    "tech": "FTTP",
    "upgrade": "NULL_NA",
    "gnaf_pid": "GAVIC422142110",
    "tech_change_status": "Previous Tech Disconnected",
    "program_type": "On-Demand N2P SDU/MDU Simple",
    "target_eligibility_quarter": "NA"
   }
  },
  {
   "type": "Feature",
   "geometry": {
    "type": "Point",
    "coordinates": [
     144.30467566,
     -38.17773836
    ]
   },
   "properties": {
    "name": "12 DIONE MEWS WANDANA HEIGHTS 3216",
    "locID": "LOC000085614093",
    "tech": "FTTP",
    "upgrade": "NULL_NA",
    "gnaf_pid": "GAVIC422142111",
    "tech_change_status": "Previous Tech Disconnected",
    "program_type": "On-Demand N2P SDU/MDU Simple",
    "target_eligibility_quarter": "NA"
   }
  },
  {
   "type": "Feature",
   "geometry": {
    "type": "Point",
    "coordinates": [
     144.30438058,
     -38.17756413
    ]
   },
   "properties": {
    "name": "15 DIONE MEWS WANDANA HEIGHTS 3216",
    "locID": "LOC000047501957",
    "tech": "FTTN",
    "upgrade": "FTTP_SA",
    "gnaf_pid": "GAVIC422142112",
    "tech_change_status": "Eligible to Order",
    "program_type": "On-Demand N2P SDU/MDU Simple",
    "target_eligibility_quarter": "NA"
   }
  },
  {
   "type": "Feature",
   "geometry": {
    "type": "Point",
    "coordinates": [
     144.30405295,
     -38.17731761
    ]
   },
   "properties": {
    "name": "2 DIONE MEWS WANDANA HEIGHTS 3216",
    "locID": "LOC000029233156",
    "tech": "FTTP",
    "upgrade": "NULL_NA",
    "gnaf_pid": "GAVIC422142113",
    "tech_change_status": "Previous Tech Disconnected",
    "program_type": "On-Demand N2P SDU/MDU Simple",
    "target_eligibility_quarter": "NA"
   }
  },
  {
   "type": "Feature",
   "geometry": {
    "type": "Point",
    "coordinates": [
     144.30416806,
     -38.17728
    ]
   },
   "properties": {
    "name": "3 DIONE MEWS WANDANA HEIGHTS 3216",
    "locID": "LOC000107784136",
    "tech": "FTTN",
    "upgrade": "FTTP",
    "gnaf_pid": "GAVIC422142114",
    "tech_change_status": "Eligible to Order",
    "program_type": "On-Demand N2P SDU/MDU Simple",
    "target_eligibility_quarter": "NA"
   }
  },
  {
   "type": "Feature",
   "geometry": {
    "type": "Point",
    "coordinates": [
     144.30428336,
     -38.17726718
    ]
   },
   "properties": {
    "name": "4 DIONE MEWS WANDANA HEIGHTS 3216",
    "locID": "LOC000073595540",
    "tech": "FTTP",
    "upgrade": "NULL_NA",
    "gnaf_pid": "GAVIC422142115",
    "program_type": "On-Demand N2P SDU/MDU Simple",
    "target_eligibility_quarter": "NA"
   }
  },
  {
   "type": "Feature",
   "geometry": {
    "type": "Point",
    "coordinates": [
     144.30445238,
     -38.17728106
    ]
   },
   "properties": {
    "name": "5 DIONE MEWS WANDANA HEIGHTS 3216",
    "locID": "LOC000006117576",
    "tech": "FTTP",
    "upgrade": "FTTP_NA",
    "gnaf_pid": "GAVIC422142116",
    "tech_change_status": "Previous Tech Disconnected",
    "program_type": "On-Demand N2P SDU/MDU Simple",
    "target_eligibility_quarter": "NA"
   }
  },
  {
   "type": "Feature",
   "geometry": {
    "type": "Point",
    "coordinates": [
     144.30462808,
     -38.17723634
    ]
   },
   "properties": {
    "name": "6 DIONE MEWS WANDANA HEIGHTS 3216",
    "locID": "LOC000014287697",
    "tech": "FTTP",
    "upgrade": "NULL_NA",
    "gnaf_pid": "GAVIC422142117",
    "tech_change_status": "Previous Tech Disconnected",
    "program_type": "On-Demand N2P SDU/MDU Simple",
    "target_eligibility_quarter": "NA"
   }
  },
  {
   "type": "Feature",
   "geometry": {
    "type": "Point",
    "coordinates": [
     144.30476161,
     -38.17713574
    ]
   },
   "properties": {
    "name": "7 DIONE MEWS WANDANA HEIGHTS 3216",
    "locID": "LOC000012795770",
    "tech": "FTTP",
    "upgrade": "FTTP_NA",
    "gnaf_pid": "GAVIC422142118",
    "tech_change_status": "Previous Tech Disconnected",
    "program_type": "On-Demand N2P SDU/MDU Simple",
    "target_eligibility_quarter": "NA"
   }
  },
  {
   "type": "Feature",
   "geometry": {
    "type": "Point",
    "coordinates": [
     144.3049071,
     -38.17734655
    ]
   },
   "properties": {
    "name": "9 DIONE MEWS WANDANA HEIGHTS 3216",
    "locID": "LOC000044518116",
    "tech": "FTTP",
    "upgrade": "NULL_NA",
    "gnaf_pid": "GAVIC422142119",
    "tech_change_status": "Previous Tech Disconnected",
    "program_type": "On-Demand N2P SDU/MDU Simple",
    "target_eligibility_quarter": "NA"
   }
  },
  {
   "type": "Feature",
   "geometry": {
    "type": "Point",
    "coordinates": [
     144.30487848,
     -38.17499341
    ]
   },
   "properties": {
    "name": "2 FLORENCE COURT WANDANA HEIGHTS 3216",
    "locID": "LOC000066946910",
    "tech": "FTTN",
    "upgrade": "FTTP",
    "gnaf_pid": "GAVIC422147120",
    "tech_change_status": "Eligible to Order",
    "program_type": "On-Demand N2P SDU/MDU Simple",
    "target_eligibility_quarter": "NA"
   }
  },
  {
   "type": "Feature",
   "geometry": {
    "type": "Point",
    "coordinates": [
     144.30442704,
     -38.17511348
    ]
   },
   "properties": {
    "name": "5 FLORENCE COURT WANDANA HEIGHTS 3216",
    "locID": "LOC000038970245",
    "tech": "FTTN",
    "upgrade": "FTTP",
    "gnaf_pid": "GAVIC422147121",
    "tech_change_status": "Eligible to Order",
    "program_type": "On-Demand N2P SDU/MDU Simple",
    "target_eligibility_quarter": "NA"
   }
  },
  {
   "type": "Feature",
   "geometry": {
    "type": "Point",
    "coordinates": [
     144.3040009,
     -38.17506059
    ]
   },
   "properties": {
    "name": "3 LEONARD COURT WANDANA HEIGHTS 3216",
    "locID": "LOC000029701229",
    "tech": "FTTP",
    "upgrade": "NULL_NA",
    "gnaf_pid": "GAVIC422163912",
    "program_type": "On-Demand N2P SDU/MDU Simple",
    "target_eligibility_quarter": "NA"
   }
  },
  {
   "type": "Feature",
   "geometry": {
    "type": "Point",
    "coordinates": [
     144.30343275,
     -38.17745484
    ]
   },
   "properties": {
    "name": "10 MADELINE DRIVE WANDANA HEIGHTS 3216",
    "locID": "LOC000023496731",
    "tech": "FTTP",
    "upgrade": "NULL_NA",
    "gnaf_pid": "GAVIC422166705",
    "tech_change_status": "Previous Tech Disconnected",
    "program_type": "On-Demand N2P SDU/MDU Simple",
    "target_eligibility_quarter": "NA"
   }
  },
  {
   "type": "Feature",
   "geometry": {
    "type": "Point",
    "coordinates": [
     144.30360408,
     -38.17759864
    ]
   },
   "properties": {
    "name": "12 MADELINE DRIVE WANDANA HEIGHTS 3216",
    "locID": "LOC000016169969",
    "tech": "FTTP",
    "upgrade": "FTTP_NA",
    "gnaf_pid": "GAVIC422166706",
    "tech_change_status": "Previous Tech Disconnected",
    "program_type": "On-Demand N2P SDU/MDU Simple",
    "target_eligibility_quarter": "NA"
   }
  },
  {
   "type": "Feature",
   "geometry": {
    "type": "Point",
    "coordinates": [
     144.30428475,
     -38.17785549
    ]
   },
   "properties": {
    "name": "13-15 MADELINE DRIVE WANDANA HEIGHTS 3216",
    "locID": "LOC000093076760",
    "tech": "FTTN",
    "upgrade": "FTTP_SA",
    "gnaf_pid": "GAVIC422166707",
    "tech_change_status": "Eligible to Order",
    "program_type": "On-Demand N2P SDU/MDU Simple",
    "target_eligibility_quarter": "NA"
   }
  },
  {
   "type": "Feature",
   "geometry": {
    "type": "Point",
    "coordinates": [
     144.30378086,
     -38.1777964
    ]
   },
   "properties": {
    "name": "14 MADELINE DRIVE WANDANA HEIGHTS 3216",
    "locID": "LOC000092776357",
    "tech": "FTTN",
    "upgrade": "FTTP_SA",
    "gnaf_pid": "GAVIC422166708",
    "tech_change_status": "Eligible to Order",
    "program_type": "On-Demand N2P SDU/MDU Simple",
    "target_eligibility_quarter": "NA"
   }
  },
  {
   "type": "Feature",
   "geometry": {
    "type": "Point",
    "coordinates": [
     144.30470295,
     -38.17818138
    ]
   },
   "properties": {
    "name": "19 MADELINE DRIVE WANDANA HEIGHTS 3216",
    "locID": "LOC000100623352",
    "tech": "FTTN",
    "upgrade": "FTTP_SA",
    "gnaf_pid": "GAVIC422166709",
    "tech_change_status": "Eligible to Order",
    "program_type": "On-Demand N2P SDU/MDU Simple",
    "target_eligibility_quarter": "NA"
   }
  },
  {
   "type": "Feature",
   "geometry": {
    "type": "Point",
    "coordinates": [
     144.30332115,
     -38.17696644
    ]
   },
   "properties": {
    "name": "1 MADELINE DRIVE WANDANA HEIGHTS 3216",
    "locID": "LOC000081120861",
    "tech": "FTTP",
    "upgrade": "FTTP_NA",
    "gnaf_pid": "GAVIC422166710",
    "tech_change_status": "Previous Tech Disconnected",
    "program_type": "On-Demand N2P SDU/MDU Simple",
    "target_eligibility_quarter": "NA"
   }
  },
  {
   "type": "Feature",
   "geometry": {
    "type": "Point",
    "coordinates": [
     144.3026753,
     -38.17702811
    ]
   },
   "properties": {
    "name": "2 MADELINE DRIVE WANDANA HEIGHTS 3216",
    "locID": "LOC000080390723",
    "tech": "FTTP",
    "upgrade": "NULL_NA",
    "gnaf_pid": "GAVIC422166711",
    "tech_change_status": "Previous Tech Disconnected",
    "program_type": "On-Demand N2P SDU/MDU Simple",
    "target_eligibility_quarter": "NA"
   }
  },
  {
   "type": "Feature",
   "geometry": {
    "type": "Point",
    "coordinates": [
     144.30345784,
     -38.17706694
    ]
   },
   "properties": {
    "name": "3 MADELINE DRIVE WANDANA HEIGHTS 3216",
    "locID": "LOC000057854861",
    "tech": "FTTN",
    "upgrade": "FTTP",
    "gnaf_pid": "GAVIC422166712",
    "tech_change_status": "Eligible to Order",
    "program_type": "On-Demand N2P SDU/MDU Simple",
    "target_eligibility_quarter": "NA"
   }
  },
  {
   "type": "Feature",
   "geometry": {
    "type": "Point",
    "coordinates": [
     144.30358005,
     -38.17716339
    ]
   },
   "properties": {
    "name": "5 MADELINE DRIVE WANDANA HEIGHTS 3216",
    "locID": "LOC000041109841",
    "tech": "FTTP",
    "upgrade": "NULL_NA",
    "gnaf_pid": "GAVIC422166713",
    "tech_change_status": "Previous Tech Disconnected",
    "program_type": "On-Demand N2P SDU/MDU Simple",
    "target_eligibility_quarter": "NA"
   }
  },
  {
   "type": "Feature",
   "geometry": {
    "type": "Point",
    "coordinates": [
     144.30370136,
     -38.17725911
    ]
   },
   "properties": {
    "name": "7 MADELINE DRIVE WANDANA HEIGHTS 3216",
    "locID": "LOC000017039063",
    "tech": "FTTN",
    "upgrade": "FTTP",
    "gnaf_pid": "GAVIC422166714",
    "tech_change_status": "Eligible to Order",
    "program_type": "On-Demand N2P SDU/MDU Simple",
    "target_eligibility_quarter": "NA"
   }
  },
  {
   "type": "Feature",
   "geometry": {
    "type": "Point",
    "coordinates": [
     144.30325133,
     -38.17731166
    ]
   },
   "properties": {
    "name": "8 MADELINE DRIVE WANDANA HEIGHTS 3216",
    "locID": "LOC000029620594",
    "tech": "FTTP",
    "upgrade": "NULL_NA",
    "gnaf_pid": "GAVIC422166715",
    "tech_change_status": "Previous Tech Disconnected",
    "program_type": "On-Demand N2P SDU/MDU Simple",
    "target_eligibility_quarter": "NA"
   }
  },
  {
   "type": "Feature",
   "geometry": {
    "type": "Point",
    "coordinates": [
     144.30386615,
     -38.17739165
    ]
   },
   "properties": {
    "name": "9 MADELINE DRIVE WANDANA HEIGHTS 3216",
    "locID": "LOC000052539879",
    "tech": "FTTP",
    "upgrade": "NULL_NA",
    "gnaf_pid": "GAVIC422166716",
    "tech_change_status": "Previous Tech Disconnected",
    "program_type": "On-Demand N2P SDU/MDU Simple",
    "target_eligibility_quarter": "NA"
   }
  },
  {
   "type": "Feature",
   "geometry": {
    "type": "Point",
    "coordinates": [
     144.30367477,
     -38.17680225
    ]
   },
   "properties": {
    "name": "10 NIREEDA COURT WANDANA HEIGHTS 3216",
    "locID": "LOC000023475926",
    "tech": "FTTN",
    "upgrade": "FTTP_SA",
    "gnaf_pid": "GAVIC422177390",
    "tech_change_status": "Eligible to Order",
    "program_type": "On-Demand N2P SDU/MDU Simple",
    "target_eligibility_quarter": "NA"
   }
  },
  {
   "type": "Feature",
   "geometry": {
    "type": "Point",
    "coordinates": [
     144.30370563,
     -38.17622176
    ]
   },
   "properties": {
    "name": "16 NIREEDA COURT WANDANA HEIGHTS 3216",
    "locID": "LOC000092753610",
    "tech": "FTTP",
    "upgrade": "NULL_NA",
    "gnaf_pid": "GAVIC422177391",
    "program_type": "On-Demand N2P SDU/MDU Simple",
    "target_eligibility_quarter": "NA"
   }
  },
  {
   "type": "Feature",
   "geometry": {
    "type": "Point",
    "coordinates": [
     144.3048194,
     -38.17663539
    ]
   },
   "properties": {
    "name": "23 NIREEDA COURT WANDANA HEIGHTS 3216",
    "locID": "LOC000008038918",
    "tech": "FTTP",
    "upgrade": "NULL_NA",
    "gnaf_pid": "GAVIC422177392",
    "program_type": "On-Demand N2P SDU/MDU Simple",
    "target_eligibility_quarter": "NA"
   }
  },
  {
   "type": "Feature",
   "geometry": {
    "type": "Point",
    "coordinates": [
     144.3048691,
     -38.17478883
    ]
   },
   "properties": {
    "name": "13 SUNDERLAND ROAD WANDANA HEIGHTS 3216",
    "locID": "LOC000099676224",
    "tech": "FTTP",
    "upgrade": "NULL_NA",
    "gnaf_pid": "GAVIC422193785",
    "program_type": "On-Demand N2P SDU/MDU Simple",
    "target_eligibility_quarter": "NA"
   }
  },
  {
   "type": "Feature",
   "geometry": {
    "type": "Point",
    "coordinates": [
     144.302379,
     -38.17632623
    ]
   },
   "properties": {
    "name": "46 SUNDERLAND ROAD WANDANA HEIGHTS 3216",
    "locID": "LOC000056858969",
    "tech": "FTTP",
    "upgrade": "NULL_NA",
    "gnaf_pid": "GAVIC422193786",
    "tech_change_status": "Previous Tech Disconnected",
    "program_type": "On-Demand N2P SDU/MDU Simple",
    "target_eligibility_quarter": "NA"
   }
  },
  {
   "type": "Feature",
   "geometry": {
    "type": "Point",
    "coordinates": [
     144.30219575,
     -38.17725873
    ]
   },
   "properties": {
    "name": "54 SUNDERLAND ROAD WANDANA HEIGHTS 3216",
    "locID": "LOC000066065031",
    "tech": "FTTN",
    "upgrade": "FTTP",
    "gnaf_pid": "GAVIC422193787",
    "tech_change_status": "Eligible to Order",
    "program_type": "On-Demand N2P SDU/MDU Simple",
    "target_eligibility_quarter": "NA"
   }
  },
  {
   "type": "Feature",
   "geometry": {
    "type": "Point",
    "coordinates": [
     144.30155498,
     -38.17782309
    ]
   },
   "properties": {
    "name": "60 SUNDERLAND ROAD WANDANA HEIGHTS 3216",
    "locID": "LOC000016505119",
    "tech": "FTTN",
    "upgrade": "FTTP_SA",
    "gnaf_pid": "GAVIC422193789",
    "tech_change_status": "Eligible to Order",
    "program_type": "On-Demand N2P SDU/MDU Simple",
    "target_eligibility_quarter": "NA"
   }
  },
  {
   "type": "Feature",
   "geometry": {
    "type": "Point",
    "coordinates": [
     144.30249201,
     -38.17763054
    ]
   },
   "properties": {
    "name": "67 SUNDERLAND ROAD WANDANA HEIGHTS 3216",
    "locID": "LOC000048627056",
    "tech": "FTTN",
    "upgrade": "FTTP_SA",
    "gnaf_pid": "GAVIC422193792",
    "tech_change_status": "Eligible to Order",
    "program_type": "On-Demand N2P SDU/MDU Simple",
    "target_eligibility_quarter": "NA"
   }
  },
  {
   "type": "Feature",
   "geometry": {
    "type": "Point",
    "coordinates": [
     144.30549995,
     -38.17486466
    ]
   },
   "properties": {
    "name": "7 SUNDERLAND ROAD WANDANA HEIGHTS 3216",
    "locID": "LOC000091463442",
    "tech": "FTTP",
    "upgrade": "FTTP_NA",
    "gnaf_pid": "GAVIC422193793",
    "tech_change_status": "Previous Tech Disconnected",
    "program_type": "On-Demand N2P SDU/MDU Simple",
    "target_eligibility_quarter": "NA"
   }
  },
  {
   "type": "Feature",
   "geometry": {
    "type": "Point",
    "coordinates": [
     144.3051423,
     -38.1779419
    ]
   },
   "properties": {
    "name": "78 WANDANA DRIVE WANDANA HEIGHTS 3216",
    "locID": "LOC000075278413",
    "tech": "FTTP",
    "upgrade": "NULL_NA",
    "gnaf_pid": "GAVIC422200520",
    "program_type": "On-Demand N2P SDU/MDU Simple",
    "target_eligibility_quarter": "NA"
   }
  },
  {
   "type": "Feature",
   "geometry": {
    "type": "Point",
    "coordinates": [
     144.30501626,
     -38.17811075
    ]
   },
   "properties": {
    "name": "80 WANDANA DRIVE WANDANA HEIGHTS 3216",
    "locID": "LOC000086518491",
    "tech": "FTTP",
    "upgrade": "NULL_NA",
    "gnaf_pid": "GAVIC422200521",
    "program_type": "On-Demand N2P SDU/MDU Simple",
    "target_eligibility_quarter": "NA"
   }
  },
  {
   "type": "Feature",
   "geometry": {
    "type": "Point",
    "coordinates": [
     144.30489341,
     -38.17827534
    ]
   },
   "properties": {
    "name": "82 WANDANA DRIVE WANDANA HEIGHTS 3216",
    "locID": "LOC000071977018",
    "tech": "FTTN",
    "upgrade": "FTTP_SA",
    "gnaf_pid": "GAVIC422200522",
    "tech_change_status": "Eligible to Order",
    "program_type": "On-Demand N2P SDU/MDU Simple",
    "target_eligibility_quarter": "NA"
   }
  },
  {
   "type": "Feature",
   "geometry": {
    "type": "Point",
    "coordinates": [
     144.30472901,
     -38.1785684
    ]
   },
   "properties": {
    "name": "84 WANDANA DRIVE WANDANA HEIGHTS 3216",
    "locID": "LOC000036112021",
    "tech": "FTTP",
    "upgrade": "NULL_NA",
    "gnaf_pid": "GAVIC422200523",
    "program_type": "On-Demand N2P SDU/MDU Simple",
    "target_eligibility_quarter": "NA"
   }
  },
  {
   "type": "Feature",
   "geometry": {
    "type": "Point",
    "coordinates": [
     144.3047141,
     -38.17877981
    ]
   },
   "properties": {
    "name": "86 WANDANA DRIVE WANDANA HEIGHTS 3216",
    "locID": "LOC000089646971",
    "tech": "FTTP",
    "upgrade": "NULL_NA",
    "gnaf_pid": "GAVIC422200524",
    "program_type": "On-Demand N2P SDU/MDU Simple",
    "target_eligibility_quarter": "NA"
   }
  },
  {
   "type": "Feature",
   "geometry": {
    "type": "Point",
    "coordinates": [
     144.30302273,
     -38.1779145
    ]
   },
   "properties": {
    "name": "2 KATES COURT WANDANA HEIGHTS 3216",
    "locID": "LOC000030150131",
    "tech": "FTTN",
    "upgrade": "FTTP_SA",
    "gnaf_pid": "GAVIC422301422",
    "tech_change_status": "Eligible to Order",
    "program_type": "On-Demand N2P SDU/MDU Simple",
    "target_eligibility_quarter": "NA"
   }
  },
  {
   "type": "Feature",
   "geometry": {
    "type": "Point",
    "coordinates": [
     144.303133,
     -38.17772649
    ]
   },
   "properties": {
    "name": "3 KATES COURT WANDANA HEIGHTS 3216",
    "locID": "LOC000060743411",
    "tech": "FTTP",
    "upgrade": "NULL_NA",
    "gnaf_pid": "GAVIC422301423",
    "program_type": "On-Demand N2P SDU/MDU Simple",
    "target_eligibility_quarter": "NA"
   }
  },
  {
   "type": "Feature",
   "geometry": {
    "type": "Point",
    "coordinates": [
     144.30333856,
     -38.17775106
    ]
   },
   "properties": {
    "name": "4 KATES COURT WANDANA HEIGHTS 3216",
    "locID": "LOC000024780033",
    "tech": "FTTP",
    "upgrade": "NULL_NA",
    "gnaf_pid": "GAVIC422301424",
    "program_type": "On-Demand N2P SDU/MDU Simple",
    "target_eligibility_quarter": "NA"
   }
  },
  {
   "type": "Feature",
   "geometry": {
    "type": "Point",
    "coordinates": [
     144.30337388,
     -38.17795625
    ]
   },
   "properties": {
    "name": "5 KATES COURT WANDANA HEIGHTS 3216",
    "locID": "LOC000038681979",
    "tech": "FTTP",
    "upgrade": "NULL_NA",
    "gnaf_pid": "GAVIC422301425",
    "program_type": "On-Demand N2P SDU/MDU Simple",
    "target_eligibility_quarter": "NA"
   }
  },
  {
   "type": "Feature",
   "geometry": {
    "type": "Point",
    "coordinates": [
     144.30240869,
     -38.17778095
    ]
   },
   "properties": {
    "name": "69 SUNDERLAND ROAD WANDANA HEIGHTS 3216",
    "locID": "LOC000104249800",
    "tech": "FTTP",
    "upgrade": "NULL_NA",
    "gnaf_pid": "GAVIC422326390",
    "program_type": "On-Demand N2P SDU/MDU Simple",
    "target_eligibility_quarter": "NA"
   }
  },
  {
   "type": "Feature",
   "geometry": {
    "type": "Point",
    "coordinates": [
     144.30333859,
     -38.1781369
    ]
   },
   "properties": {
    "name": "6 KATES COURT WANDANA HEIGHTS 3216",
    "locID": "LOC000038759311",
    "tech": "FTTN",
    "upgrade": "FTTP_SA",
    "gnaf_pid": "GAVIC422403281",
    "tech_change_status": "Eligible to Order",
    "program_type": "On-Demand N2P SDU/MDU Simple",
    "target_eligibility_quarter": "NA"
   }
  },
  {
   "type": "Feature",
   "geometry": {
    "type": "Point",
    "coordinates": [
     144.30155676,
     -38.1789114
    ]
   },
   "properties": {
    "name": "11 STANFIELD DRIVE WANDANA HEIGHTS 3216",
    "locID": "LOC000071818125",
    "tech": "FTTP",
    "upgrade": "NULL_NA",
    "gnaf_pid": "GAVIC422427141",
    "program_type": "On-Demand N2P SDU/MDU Simple",
    "target_eligibility_quarter": "NA"
   }
  },
  {
   "type": "Feature",
   "geometry": {
    "type": "Point",
    "coordinates": [
     144.30116333,
     -38.17946989
    ]
   },
   "properties": {
    "name": "12 STANFIELD DRIVE WANDANA HEIGHTS 3216",
    "locID": "LOC000084923465",
    "tech": "FTTP",
    "upgrade": "NULL_NA",
    "gnaf_pid": "GAVIC422427142",
    "program_type": "On-Demand N2P SDU/MDU Simple",
    "target_eligibility_quarter": "NA"
   }
  },
  {
   "type": "Feature",
   "geometry": {
    "type": "Point",
    "coordinates": [
     144.3015434,
     -38.1790843
    ]
   },
   "properties": {
    "name": "13 STANFIELD DRIVE WANDANA HEIGHTS 3216",
    "locID": "LOC000102421457",
    "tech": "FTTP",
    "upgrade": "NULL_NA",
    "gnaf_pid": "GAVIC422427143",
    "program_type": "On-Demand N2P SDU/MDU Simple",
    "target_eligibility_quarter": "NA"
   }
  },
  {
   "type": "Feature",
   "geometry": {
    "type": "Point",
    "coordinates": [
     144.30112865,
     -38.17963079
    ]
   },
   "properties": {
    "name": "14 STANFIELD DRIVE WANDANA HEIGHTS 3216",
    "locID": "LOC000010194534",
    "tech": "FTTP",
    "upgrade": "FTTP_NA",
    "gnaf_pid": "GAVIC422427144",
    "tech_change_status": "Previous Tech Disconnected",
    "program_type": "On-Demand N2P SDU/MDU Simple",
    "target_eligibility_quarter": "NA"
   }
  },
  {
   "type": "Feature",
   "geometry": {
    "type": "Point",
    "coordinates": [
     144.3010931,
     -38.17979375
    ]
   },
   "properties": {
    "name": "16 STANFIELD DRIVE WANDANA HEIGHTS 3216",
    "locID": "LOC000037788690",
    "tech": "FTTP",
    "upgrade": "NULL_NA",
    "gnaf_pid": "GAVIC422427145",
    "tech_change_status": "Previous Tech Disconnected",
    "program_type": "On-Demand N2P SDU/MDU Simple",
    "target_eligibility_quarter": "NA"
   }
  },
  {
   "type": "Feature",
   "geometry": {
    "type": "Point",
    "coordinates": [
     144.30153751,
     -38.1794243
    ]
   },
   "properties": {
    "name": "17 STANFIELD DRIVE WANDANA HEIGHTS 3216",
    "locID": "LOC000065682174",
    "tech": "FTTP",
    "upgrade": "NULL_NA",
    "gnaf_pid": "GAVIC422427146",
    "program_type": "On-Demand N2P SDU/MDU Simple",
    "target_eligibility_quarter": "NA"
   }
  },
  {
   "type": "Feature",
   "geometry": {
    "type": "Point",
    "coordinates": [
     144.3015075,
     -38.17959069
    ]
   },
   "properties": {
    "name": "19 STANFIELD DRIVE WANDANA HEIGHTS 3216",
    "locID": "LOC000084676500",
    "tech": "FTTP",
    "upgrade": "NULL_NA",
    "gnaf_pid": "GAVIC422427148",
    "program_type": "On-Demand N2P SDU/MDU Simple",
    "target_eligibility_quarter": "NA"
   }
  },
  {
   "type": "Feature",
   "geometry": {
    "type": "Point",
    "coordinates": [
     144.3014728,
     -38.17975078
    ]
   },
   "properties": {
    "name": "21 STANFIELD DRIVE WANDANA HEIGHTS 3216",
    "locID": "LOC000012993972",
    "tech": "FTTP",
    "upgrade": "NULL_NA",
    "gnaf_pid": "GAVIC422427149",
    "program_type": "On-Demand N2P SDU/MDU Simple",
    "target_eligibility_quarter": "NA"
   }
  },
  {
   "type": "Feature",
   "geometry": {
    "type": "Point",
    "coordinates": [
     144.30142001,
     -38.1799929
    ]
   },
   "properties": {
    "name": "23-25 STANFIELD DRIVE WANDANA HEIGHTS 3216",
    "locID": "LOC000060348429",
    "tech": "FTTP",
    "upgrade": "FTTP_NA",
    "gnaf_pid": "GAVIC422427151",
    "tech_change_status": "Previous Tech Disconnected",
    "program_type": "On-Demand N2P SDU/MDU Simple",
    "target_eligibility_quarter": "NA"
   }
  },
  {
   "type": "Feature",
   "geometry": {
    "type": "Point",
    "coordinates": [
     144.30164685,
     -38.1803544
    ]
   },
   "properties": {
    "name": "24 STANFIELD DRIVE WANDANA HEIGHTS 3216",
    "locID": "LOC000103122340",
    "tech": "FTTP",
    "upgrade": "NULL_NA",
    "gnaf_pid": "GAVIC422427152",
    "program_type": "On-Demand N2P SDU/MDU Simple",
    "target_eligibility_quarter": "NA"
   }
  },
  {
   "type": "Feature",
   "geometry": {
    "type": "Point",
    "coordinates": [
     144.30168748,
     -38.1800679
    ]
   },
   "properties": {
    "name": "27 STANFIELD DRIVE WANDANA HEIGHTS 3216",
    "locID": "LOC000058527004",
    "tech": "FTTP",
    "upgrade": "FTTP_NA",
    "gnaf_pid": "GAVIC422427153",
    "tech_change_status": "Previous Tech Disconnected",
    "program_type": "On-Demand N2P SDU/MDU Simple",
    "target_eligibility_quarter": "NA"
   }
  },
  {
   "type": "Feature",
   "geometry": {
    "type": "Point",
    "coordinates": [
     144.30165626,
     -38.17837955
    ]
   },
   "properties": {
    "name": "5 STANFIELD DRIVE WANDANA HEIGHTS 3216",
    "locID": "LOC000004379888",
    "tech": "FTTP",
    "upgrade": "FTTP_NA",
    "gnaf_pid": "GAVIC422427154",
    "tech_change_status": "Previous Tech Disconnected",
    "program_type": "On-Demand N2P SDU/MDU Simple",
    "target_eligibility_quarter": "NA"
   }
  },
  {
   "type": "Feature",
   "geometry": {
    "type": "Point",
    "coordinates": [
     144.30637803,
     -38.17153495
    ]
   },
   "properties": {
    "name": "UNIT 5, 3 STIRLING COURT WANDANA HEIGHTS 3216",
    "locID": "LOC000040601878",
    "tech": "FTTN",
    "upgrade": "FTTP_NA",
    "gnaf_pid": "GAVIC422453828",
    "tech_change_status": "MDU Complex Eligible To Apply",
    "program_type": "Customer-initiated N2P MDU Complex"
   }
  },
  {
   "type": "Feature",
   "geometry": {
    "type": "Point",
    "coordinates": [
     144.30267711,
     -38.17624046
    ]
   },
   "properties": {
    "name": "47 SUNDERLAND ROAD WANDANA HEIGHTS 3216",
    "locID": "LOC000027838666",
    "tech": "FTTN",
    "upgrade": "FTTP_SA",
    "gnaf_pid": "GAVIC422453918",
    "tech_change_status": "Eligible to Order",
    "program_type": "On-Demand N2P SDU/MDU Simple",
    "target_eligibility_quarter": "NA"
   }
  },
  {
   "type": "Feature",
   "geometry": {
    "type": "Point",
    "coordinates": [
     144.30096245,
     -38.17145393
    ]
   },
   "properties": {
    "name": "5 CHRISTIE COURT WANDANA HEIGHTS 3216",
    "locID": "LOC000081124063",
    "tech": "FTTP",
    "upgrade": "NULL_NA",
    "gnaf_pid": "GAVIC423064409",
    "tech_change_status": "Previous Tech Disconnected"
   }
  },
  {
   "type": "Feature",
   "geometry": {
    "type": "Point",
    "coordinates": [
     144.30759193,
     -38.17082692
    ]
   },
   "properties": {
    "name": "1 PALL MALL WANDANA HEIGHTS 3216",
    "locID": "LOC000058162535",
    "tech": "FTTN",
    "upgrade": "FTTP_SA",
    "gnaf_pid": "GAVIC423710584",
    "tech_change_status": "Eligible to Order",
    "program_type": "On-Demand N2P SDU/MDU Simple",
    "target_eligibility_quarter": "NA"
   }
  },
  {
   "type": "Feature",
   "geometry": {
    "type": "Point",
    "coordinates": [
     144.30787214,
     -38.17077055
    ]
   },
   "properties": {
    "name": "2 PALL MALL WANDANA HEIGHTS 3216",
    "locID": "LOC000022036129",
    "tech": "FTTN",
    "upgrade": "FTTP_SA",
    "gnaf_pid": "GAVIC423710585",
    "tech_change_status": "Eligible to Order",
    "program_type": "On-Demand N2P SDU/MDU Simple",
    "target_eligibility_quarter": "NA"
   }
  },
  {
   "type": "Feature",
   "geometry": {
    "type": "Point",
    "coordinates": [
     144.30810021,
     -38.17069244
    ]
   },
   "properties": {
    "name": "3 PALL MALL WANDANA HEIGHTS 3216",
    "locID": "LOC000046153070",
    "tech": "FTTN",
    "upgrade": "FTTP_SA",
    "gnaf_pid": "GAVIC423710586",
    "tech_change_status": "Eligible to Order",
    "program_type": "On-Demand N2P SDU/MDU Simple",
    "target_eligibility_quarter": "NA"
   }
  },
  {
   "type": "Feature",
   "geometry": {
    "type": "Point",
    "coordinates": [
     144.30854359,
     -38.17063605
    ]
   },
   "properties": {
    "name": "4 PALL MALL WANDANA HEIGHTS 3216",
    "locID": "LOC000100376297",
    "tech": "FTTP",
    "upgrade": "NULL_NA",
    "gnaf_pid": "GAVIC423710587",
    "program_type": "On-Demand N2P SDU/MDU Simple",
    "target_eligibility_quarter": "NA"
   }
  },
  {
   "type": "Feature",
   "geometry": {
    "type": "Point",
    "coordinates": [
     144.30851593,
     -38.17035834
    ]
   },
   "properties": {
    "name": "5 PALL MALL WANDANA HEIGHTS 3216",
    "locID": "LOC000083860456",
    "tech": "FTTP",
    "upgrade": "NULL_NA",
    "gnaf_pid": "GAVIC423710588",
    "program_type": "On-Demand N2P SDU/MDU Simple",
    "target_eligibility_quarter": "NA"
   }
  },
  {
   "type": "Feature",
   "geometry": {
    "type": "Point",
    "coordinates": [
     144.3080297,
     -38.17038841
    ]
   },
   "properties": {
    "name": "6 PALL MALL WANDANA HEIGHTS 3216",
    "locID": "LOC000077322760",
    "tech": "FTTN",
    "upgrade": "FTTP_SA",
    "gnaf_pid": "GAVIC423710589",
    "tech_change_status": "Eligible to Order",
    "program_type": "On-Demand N2P SDU/MDU Simple",
    "target_eligibility_quarter": "NA"
   }
  },
  {
   "type": "Feature",
   "geometry": {
    "type": "Point",
    "coordinates": [
     144.30001848,
     -38.17770818
    ]
   },
   "properties": {
    "name": "95-99 SUNDERLAND ROAD WANDANA HEIGHTS 3216",
    "locID": "LOC000105705965",
    "tech": "FTTP",
    "upgrade": "NULL_NA",
    "gnaf_pid": "GAVIC423766243",
    "program_type": "On-Demand N2P SDU/MDU Simple",
    "target_eligibility_quarter": "NA"
   }
  },
  {
   "type": "Feature",
   "geometry": {
    "type": "Point",
    "coordinates": [
     144.30433165,
     -38.1820958
    ]
   },
   "properties": {
    "name": "2 GREENFINCH WAY WANDANA HEIGHTS 3216",
    "locID": "LOC000095298729",
    "tech": "FTTP",
    "upgrade": "NULL_NA",
    "gnaf_pid": "GAVIC423769227",
    "program_type": "On-Demand N2P SDU/MDU Simple",
    "target_eligibility_quarter": "NA"
   }
  },
  {
   "type": "Feature",
   "geometry": {
    "type": "Point",
    "coordinates": [
     144.30111131,
     -38.17796331
    ]
   },
   "properties": {
    "name": "85 SUNDERLAND ROAD WANDANA HEIGHTS 3216",
    "locID": "LOC000011104939",
    "tech": "FTTN",
    "upgrade": "FTTP",
    "gnaf_pid": "GAVIC423772072",
    "tech_change_status": "Eligible to Order",
    "program_type": "On-Demand N2P SDU/MDU Simple",
    "target_eligibility_quarter": "NA"
   }
  },
  {
   "type": "Feature",
   "geometry": {
    "type": "Point",
    "coordinates": [
     144.30093908,
     -38.17784085
    ]
   },
   "properties": {
    "name": "87-89 SUNDERLAND ROAD WANDANA HEIGHTS 3216",
    "locID": "LOC000035384637",
    "tech": "FTTP",
    "upgrade": "NULL_NA",
    "gnaf_pid": "GAVIC423772073",
    "tech_change_status": "Eligible to Order",
    "program_type": "On-Demand N2P SDU/MDU Simple",
    "target_eligibility_quarter": "NA"
   }
  },
  {
   "type": "Feature",
   "geometry": {
    "type": "Point",
    "coordinates": [
     144.30292538,
     -38.17719575
    ]
   },
   "properties": {
    "name": "6 MADELINE DRIVE WANDANA HEIGHTS 3216",
    "locID": "LOC000058582700",
    "tech": "FTTP",
    "upgrade": "NULL_NA",
    "gnaf_pid": "GAVIC423805517",
    "program_type": "On-Demand N2P SDU/MDU Simple",
    "target_eligibility_quarter": "NA"
   }
  },
  {
   "type": "Feature",
   "geometry": {
    "type": "Point",
    "coordinates": [
     144.3037043,
     -38.17510103
    ]
   },
   "properties": {
    "name": "4-5 LEONARD COURT WANDANA HEIGHTS 3216",
    "locID": "LOC000023035414",
    "tech": "FTTN",
    "upgrade": "FTTP_SA",
    "gnaf_pid": "GAVIC423811461",
    "tech_change_status": "Eligible to Order",
    "program_type": "On-Demand N2P SDU/MDU Simple",
    "target_eligibility_quarter": "NA"
   }
  },
  {
   "type": "Feature",
   "geometry": {
    "type": "Point",
    "coordinates": [
     144.30308021,
     -38.17461699
    ]
   },
   "properties": {
    "name": "25-29 SUNDERLAND ROAD WANDANA HEIGHTS 3216",
    "locID": "LOC000038877850",
    "tech": "FTTN",
    "upgrade": "FTTP_SA",
    "gnaf_pid": "GAVIC423813130",
    "tech_change_status": "Eligible to Order",
    "program_type": "On-Demand N2P SDU/MDU Simple",
    "target_eligibility_quarter": "NA"
   }
  },
  {
   "type": "Feature",
   "geometry": {
    "type": "Point",
    "coordinates": [
     144.29999348,
     -38.1774139
    ]
   },
   "properties": {
    "name": "76-78 SUNDERLAND ROAD WANDANA HEIGHTS 3216",
    "locID": "LOC000002801137",
    "tech": "FTTP",
    "upgrade": "FTTP_NA",
    "gnaf_pid": "GAVIC423850656",
    "tech_change_status": "Previous Tech Disconnected",
    "program_type": "On-Demand N2P SDU/MDU Simple",
    "target_eligibility_quarter": "NA"
   }
  },
  {
   "type": "Feature",
   "geometry": {
    "type": "Point",
    "coordinates": [
     144.30354889,
     -38.17818455
    ]
   },
   "properties": {
    "name": "8 XAVIER COURT WANDANA HEIGHTS 3216",
    "locID": "LOC000034310630",
    "tech": "FTTN",
    "upgrade": "FTTP_SA",
    "gnaf_pid": "GAVIC423901126",
    "tech_change_status": "Eligible to Order",
    "program_type": "On-Demand N2P SDU/MDU Simple",
    "target_eligibility_quarter": "NA"
   }
  },
  {
   "type": "Feature",
   "geometry": {
    "type": "Point",
    "coordinates": [
     144.30459951,
     -38.18132171
    ]
   },
   "properties": {
    "name": "118 WANDANA DRIVE WANDANA HEIGHTS 3216",
    "locID": "LOC000040806033",
    "tech": "FTTP",
    "upgrade": "NULL_NA",
    "gnaf_pid": "GAVIC423906083",
    "program_type": "On-Demand N2P SDU/MDU Simple",
    "target_eligibility_quarter": "NA"
   }
  },
  {
   "type": "Feature",
   "geometry": {
    "type": "Point",
    "coordinates": [
     144.3075536,
     -38.17599401
    ]
   },
   "properties": {
    "name": "15A BROLGA CRESCENT WANDANA HEIGHTS 3216",
    "locID": "LOC000057968001",
    "tech": "FTTP",
    "upgrade": "NULL_NA",
    "gnaf_pid": "GAVIC423919037",
    "program_type": "On-Demand N2P SDU/MDU Simple",
    "target_eligibility_quarter": "NA"
   }
  },
  {
   "type": "Feature",
   "geometry": {
    "type": "Point",
    "coordinates": [
     144.30385313,
     -38.17329136
    ]
   },
   "properties": {
    "name": "UNIT 1, 8 HENDERSON DRIVE WANDANA HEIGHTS 3216",
    "locID": "LOC000050746425",
    "tech": "FTTP",
    "upgrade": "FTTP_NA",
    "gnaf_pid": "GAVIC423938344",
    "tech_change_status": "Previous Tech Disconnected",
    "program_type": "On-Demand N2P SDU/MDU Simple",
    "target_eligibility_quarter": "NA"
   }
  },
  {
   "type": "Feature",
   "geometry": {
    "type": "Point",
    "coordinates": [
     144.30386652,
     -38.17310409
    ]
   },
   "properties": {
    "name": "UNIT 2, 8 HENDERSON DRIVE WANDANA HEIGHTS 3216",
    "locID": "LOC000050623050",
    "tech": "FTTN",
    "upgrade": "FTTP_SA",
    "gnaf_pid": "GAVIC423938346",
    "tech_change_status": "Eligible to Order",
    "program_type": "On-Demand N2P SDU/MDU Simple",
    "target_eligibility_quarter": "NA"
   }
  },
  {
   "type": "Feature",
   "geometry": {
    "type": "Point",
    "coordinates": [
     144.30334441,
     -38.17408063
    ]
   },
   "properties": {
    "name": "1 HENDERSON DRIVE WANDANA HEIGHTS 3216",
    "locID": "LOC000013698480",
    "tech": "FTTP",
    "upgrade": "NULL_NA",
    "gnaf_pid": "GAVIC423938347",
    "program_type": "On-Demand N2P SDU/MDU Simple",
    "target_eligibility_quarter": "NA"
   }
  },
  {
   "type": "Feature",
   "geometry": {
    "type": "Point",
    "coordinates": [
     144.30334985,
     -38.17389795
    ]
   },
   "properties": {
    "name": "3 HENDERSON DRIVE WANDANA HEIGHTS 3216",
    "locID": "LOC000096351534",
    "tech": "FTTN",
    "upgrade": "FTTP_SA",
    "gnaf_pid": "GAVIC423938349",
    "tech_change_status": "Eligible to Order",
    "program_type": "On-Demand N2P SDU/MDU Simple",
    "target_eligibility_quarter": "NA"
   }
  },
  {
   "type": "Feature",
   "geometry": {
    "type": "Point",
    "coordinates": [
     144.3037589,
     -38.1736481
    ]
   },
   "properties": {
    "name": "4 HENDERSON DRIVE WANDANA HEIGHTS 3216",
    "locID": "LOC000052595319",
    "tech": "FTTP",
    "upgrade": "NULL_NA",
    "gnaf_pid": "GAVIC423938350",
    "program_type": "On-Demand N2P SDU/MDU Simple",
    "target_eligibility_quarter": "NA"
   }
  },
  {
   "type": "Feature",
   "geometry": {
    "type": "Point",
    "coordinates": [
     144.30337305,
     -38.17371214
    ]
   },
   "properties": {
    "name": "5 HENDERSON DRIVE WANDANA HEIGHTS 3216",
    "locID": "LOC000063602141",
    "tech": "FTTN",
    "upgrade": "FTTP_SA",
    "gnaf_pid": "GAVIC423938351",
    "tech_change_status": "Eligible to Order",
    "program_type": "On-Demand N2P SDU/MDU Simple",
    "target_eligibility_quarter": "NA"
   }
  },
  {
   "type": "Feature",
   "geometry": {
    "type": "Point",
    "coordinates": [
     144.30381404,
     -38.17347491
    ]
   },
   "properties": {
    "name": "6 HENDERSON DRIVE WANDANA HEIGHTS 3216",
    "locID": "LOC000040947107",
    "tech": "FTTP",
    "upgrade": "NULL_NA",
    "gnaf_pid": "GAVIC423938352",
    "program_type": "On-Demand N2P SDU/MDU Simple",
    "target_eligibility_quarter": "NA"
   }
  },
  {
   "type": "Feature",
   "geometry": {
    "type": "Point",
    "coordinates": [
     144.30346025,
     -38.17340234
    ]
   },
   "properties": {
    "name": "7 HENDERSON DRIVE WANDANA HEIGHTS 3216",
    "locID": "LOC000011982630",
    "tech": "FTTP",
    "upgrade": "NULL_NA",
    "gnaf_pid": "GAVIC423938353",
    "program_type": "On-Demand N2P SDU/MDU Simple",
    "target_eligibility_quarter": "NA"
   }
  },
  {
   "type": "Feature",
   "geometry": {
    "type": "Point",
    "coordinates": [
     144.30386652,
     -38.17310409
    ]
   },
   "properties": {
    "name": "8 HENDERSON DRIVE WANDANA HEIGHTS 3216",
    "locID": "LOC000050746425",
    "tech": "FTTP",
    "upgrade": "FTTP_NA",
    "gnaf_pid": "GAVIC423938354",
    "tech_change_status": "Previous Tech Disconnected",
    "program_type": "On-Demand N2P SDU/MDU Simple",
    "target_eligibility_quarter": "NA"
   }
  },
  {
   "type": "Feature",
   "geometry": {
    "type": "Point",
    "coordinates": [
     144.30350595,
     -38.17308576
    ]
   },
   "properties": {
    "name": "9 HENDERSON DRIVE WANDANA HEIGHTS 3216",
    "locID": "LOC000095516371",
    "tech": "FTTN",
    "upgrade": "FTTP_SA",
    "gnaf_pid": "GAVIC423938355",
    "tech_change_status": "Eligible to Order",
    "program_type": "On-Demand N2P SDU/MDU Simple",
    "target_eligibility_quarter": "NA"
   }
  },
  {
   "type": "Feature",
   "geometry": {
    "type": "Point",
    "coordinates": [
     144.30879073,
     -38.1717216
    ]
   },
   "properties": {
    "name": "UNIT 1, 3 WANDANA DRIVE WANDANA HEIGHTS 3216",
    "locID": "LOC000065478841",
    "tech": "FTTN",
    "upgrade": "FTTP_NA",
    "gnaf_pid": "GAVIC424042181",
    "tech_change_status": "MDU Complex Eligible To Apply",
    "program_type": "Customer-initiated N2P MDU Complex"
   }
  },
  {
   "type": "Feature",
   "geometry": {
    "type": "Point",
    "coordinates": [
     144.3086974,
     -38.17171384
    ]
   },
   "properties": {
    "name": "UNIT 2, 3 WANDANA DRIVE WANDANA HEIGHTS 3216",
    "locID": "LOC000065647127",
    "tech": "FTTN",
    "upgrade": "FTTP_NA",
    "gnaf_pid": "GAVIC424042182",
    "tech_change_status": "MDU Complex Eligible To Apply",
    "program_type": "Customer-initiated N2P MDU Complex"
   }
  },
  {
   "type": "Feature",
   "geometry": {
    "type": "Point",
    "coordinates": [
     144.30878084,
     -38.17183964
    ]
   },
   "properties": {
    "name": "UNIT 3, 3 WANDANA DRIVE WANDANA HEIGHTS 3216",
    "locID": "LOC000065647127",
    "tech": "FTTN",
    "upgrade": "FTTP_NA",
    "gnaf_pid": "GAVIC424042183",
    "tech_change_status": "MDU Complex Eligible To Apply",
    "program_type": "Customer-initiated N2P MDU Complex"
   }
  },
  {
   "type": "Feature",
   "geometry": {
    "type": "Point",
    "coordinates": [
     144.30273849,
     -38.17336485
    ]
   },
   "properties": {
    "name": "UNIT 1, 68 GROSVENOR DRIVE WANDANA HEIGHTS 3216",
    "locID": "LOC000052478250",
    "tech": "FTTP",
    "upgrade": "NULL_NA",
    "gnaf_pid": "GAVIC424063252",
    "tech_change_status": "Previous Tech Disconnected"
   }
  },
  {
   "type": "Feature",
   "geometry": {
    "type": "Point",
    "coordinates": [
     144.3027291,
     -38.17347085
    ]
   },
   "properties": {
    "name": "UNIT 2, 68 GROSVENOR DRIVE WANDANA HEIGHTS 3216",
    "locID": "LOC000115765370",
    "tech": "FTTP",
    "upgrade": "NULL_NA",
    "gnaf_pid": "GAVIC424063253"
   }
  },
  {
   "type": "Feature",
   "geometry": {
    "type": "Point",
    "coordinates": [
     144.30547478,
     -38.17383814
    ]
   },
   "properties": {
    "name": "UNIT 1, 5 CANTERBURY COURT WANDANA HEIGHTS 3216",
    "locID": "LOC000180868698",
    "tech": "FTTN",
    "upgrade": "FTTP_SA",
    "gnaf_pid": "GAVIC424352028",
    "tech_change_status": "Eligible to Order",
    "program_type": "On-Demand N2P SDU/MDU Simple",
    "target_eligibility_quarter": "NA"
   }
  },
  {
   "type": "Feature",
   "geometry": {
    "type": "Point",
    "coordinates": [
     144.30559283,
     -38.17378832
    ]
   },
   "properties": {
    "name": "UNIT 2, 5 CANTERBURY COURT WANDANA HEIGHTS 3216",
    "locID": "LOC000180868698",
    "tech": "FTTN",
    "upgrade": "FTTP_SA",
    "gnaf_pid": "GAVIC424352029",
    "tech_change_status": "Eligible to Order",
    "program_type": "On-Demand N2P SDU/MDU Simple",
    "target_eligibility_quarter": "NA"
   }
  },
  {
   "type": "Feature",
   "geometry": {
    "type": "Point",
    "coordinates": [
     144.3038155,
     -38.17562649
    ]
   },
   "properties": {
    "name": "UNIT 1, 13 KIRAMI COURT WANDANA HEIGHTS 3216",
    "locID": "LOC000164486401",
    "tech": "FTTN",
    "upgrade": "FTTP_SA",
    "gnaf_pid": "GAVIC424359441",
    "tech_change_status": "Eligible to Order",
    "program_type": "On-Demand N2P SDU/MDU Simple",
    "target_eligibility_quarter": "NA"
   }
  },
  {
   "type": "Feature",
   "geometry": {
    "type": "Point",
    "coordinates": [
     144.30402324,
     -38.17563257
    ]
   },
   "properties": {
    "name": "UNIT 2, 13 KIRAMI COURT WANDANA HEIGHTS 3216",
    "locID": "LOC000164486417",
    "tech": "FTTP",
    "upgrade": "FTTP_NA",
    "gnaf_pid": "GAVIC424359443",
    "tech_change_status": "Previous Tech Disconnected",
    "program_type": "On-Demand N2P SDU/MDU Simple",
    "target_eligibility_quarter": "NA"
   }
  },
  {
   "type": "Feature",
   "geometry": {
    "type": "Point",
    "coordinates": [
     144.3049883,
     -38.17664595
    ]
   },
   "properties": {
    "name": "24 NIREEDA COURT WANDANA HEIGHTS 3216",
    "locID": "LOC000008038918",
    "tech": "FTTP",
    "upgrade": "NULL_NA",
    "gnaf_pid": "GAVIC424363133",
    "program_type": "On-Demand N2P SDU/MDU Simple",
    "target_eligibility_quarter": "NA"
   }
  },
  {
   "type": "Feature",
   "geometry": {
    "type": "Point",
    "coordinates": [
     144.30063951,
     -38.17848369
    ]
   },
   "properties": {
    "name": "10-11 SHOLDEN COURT WANDANA HEIGHTS 3216",
    "locID": "LOC000196530225",
    "tech": "FTTP",
    "upgrade": "NULL_NA",
    "gnaf_pid": "GAVIC424366772"
   }
  },
  {
   "type": "Feature",
   "geometry": {
    "type": "Point",
    "coordinates": [
     144.3001703,
     -38.17860289
    ]
   },
   "properties": {
    "name": "6-7 SHOLDEN COURT WANDANA HEIGHTS 3216",
    "locID": "LOC000005702509",
    "tech": "FTTN",
    "upgrade": "FTTP_SA",
    "gnaf_pid": "GAVIC424366773",
    "tech_change_status": "Eligible to Order",
    "program_type": "On-Demand N2P SDU/MDU Simple",
    "target_eligibility_quarter": "NA"
   }
  },
  {
   "type": "Feature",
   "geometry": {
    "type": "Point",
    "coordinates": [
     144.30036634,
     -38.17842695
    ]
   },
   "properties": {
    "name": "8-9 SHOLDEN COURT WANDANA HEIGHTS 3216",
    "locID": "LOC000124207300",
    "tech": "FTTP",
    "upgrade": "NULL_NA",
    "gnaf_pid": "GAVIC424366774",
    "tech_change_status": "Eligible to Order",
    "program_type": "On-Demand N2P SDU/MDU Simple",
    "target_eligibility_quarter": "NA"
   }
  },
  {
   "type": "Feature",
   "geometry": {
    "type": "Point",
    "coordinates": [
     144.30165626,
     -38.17837955
    ]
   },
   "properties": {
    "name": "UNIT 1, 5 STANFIELD DRIVE WANDANA HEIGHTS 3216",
    "locID": "LOC000004379888",
    "tech": "FTTP",
    "upgrade": "FTTP_NA",
    "gnaf_pid": "GAVIC424367456",
    "tech_change_status": "Previous Tech Disconnected",
    "program_type": "On-Demand N2P SDU/MDU Simple",
    "target_eligibility_quarter": "NA"
   }
  },
  {
   "type": "Feature",
   "geometry": {
    "type": "Point",
    "coordinates": [
     144.30061075,
     -38.1777035
    ]
   },
   "properties": {
    "name": "91-93 SUNDERLAND ROAD WANDANA HEIGHTS 3216",
    "locID": "LOC000124162614",
    "tech": "FTTP",
    "upgrade": "NULL_NA",
    "gnaf_pid": "GAVIC424367889",
    "program_type": "On-Demand N2P SDU/MDU Simple",
    "target_eligibility_quarter": "NA"
   }
  },
  {
   "type": "Feature",
   "geometry": {
    "type": "Point",
    "coordinates": [
     144.28914387,
     -38.18026787
    ]
   },
   "properties": {
    "name": "110 THREE SPRINGS ROAD WANDANA HEIGHTS 3216",
    "locID": "LOC000124273467",
    "tech": "WIRELESS",
    "upgrade": "NULL_NA",
    "gnaf_pid": "GAVIC424368789",
    "tech_change_status": "Not Planned",
    "program_type": "Fixed Wireless and Satellite Upgrade Program",
    "target_eligibility_quarter": "NA"
   }
  },
  {
   "type": "Feature",
   "geometry": {
    "type": "Point",
    "coordinates": [
     144.30853613,
     -38.17172064
    ]
   },
   "properties": {
    "name": "3 WANDANA DRIVE WANDANA HEIGHTS 3216",
    "locID": "LOC000065647127",
    "tech": "FTTN",
    "upgrade": "FTTP_NA",
    "gnaf_pid": "GAVIC424423942",
    "tech_change_status": "MDU Complex Eligible To Apply",
    "program_type": "Customer-initiated N2P MDU Complex"
   }
  },
  {
   "type": "Feature",
   "geometry": {
    "type": "Point",
    "coordinates": [
     144.29896691,
     -38.17934549
    ]
   },
   "properties": {
    "name": "100 CITYVIEW DRIVE WANDANA HEIGHTS 3216",
    "locID": "LOC000113048177",
    "tech": "FTTP",
    "upgrade": "NULL_NA",
    "gnaf_pid": "GAVIC424635335",
    "tech_change_status": "Previous Tech Disconnected",
    "program_type": "On-Demand N2P SDU/MDU Simple",
    "target_eligibility_quarter": "NA"
   }
  },
  {
   "type": "Feature",
   "geometry": {
    "type": "Point",
    "coordinates": [
     144.29822495,
     -38.17866246
    ]
   },
   "properties": {
    "name": "101 CITYVIEW DRIVE WANDANA HEIGHTS 3216",
    "locID": "LOC000112936931",
    "tech": "FTTP",
    "upgrade": "FTTP_NA",
    "gnaf_pid": "GAVIC424635336",
    "tech_change_status": "Previous Tech Disconnected",
    "program_type": "On-Demand N2P SDU/MDU Simple",
    "target_eligibility_quarter": "NA"
   }
  },
  {
   "type": "Feature",
   "geometry": {
    "type": "Point",
    "coordinates": [
     144.29801866,
     -38.17884763
    ]
   },
   "properties": {
    "name": "103 CITYVIEW DRIVE WANDANA HEIGHTS 3216",
    "locID": "LOC000113167902",
    "tech": "FTTP",
    "upgrade": "FTTP_NA",
    "gnaf_pid": "GAVIC424635337",
    "tech_change_status": "Previous Tech Disconnected",
    "program_type": "On-Demand N2P SDU/MDU Simple",
    "target_eligibility_quarter": "NA"
   }
  },
  {
   "type": "Feature",
   "geometry": {
    "type": "Point",
    "coordinates": [
     144.30032499,
     -38.17382797
    ]
   },
   "properties": {
    "name": "31 CITYVIEW DRIVE WANDANA HEIGHTS 3216",
    "locID": "LOC000114578089",
    "tech": "FTTN",
    "upgrade": "FTTP_SA",
    "gnaf_pid": "GAVIC424635360",
    "tech_change_status": "Eligible to Order",
    "program_type": "On-Demand N2P SDU/MDU Simple",
    "target_eligibility_quarter": "NA"
   }
  },
  {
   "type": "Feature",
   "geometry": {
    "type": "Point",
    "coordinates": [
     144.30009494,
     -38.17393585
    ]
   },
   "properties": {
    "name": "37 CITYVIEW DRIVE WANDANA HEIGHTS 3216",
    "locID": "LOC000114844561",
    "tech": "FTTN",
    "upgrade": "FTTP",
    "gnaf_pid": "GAVIC424635366",
    "tech_change_status": "New Tech Connected",
    "program_type": "On-Demand N2P SDU/MDU Simple",
    "target_eligibility_quarter": "NA"
   }
  },
  {
   "type": "Feature",
   "geometry": {
    "type": "Point",
    "coordinates": [
     144.3002732,
     -38.17423103
    ]
   },
   "properties": {
    "name": "38 CITYVIEW DRIVE WANDANA HEIGHTS 3216",
    "locID": "LOC000114360242",
    "tech": "FTTP",
    "upgrade": "FTTP_NA",
    "gnaf_pid": "GAVIC424635367",
    "tech_change_status": "Previous Tech Disconnected",
    "program_type": "On-Demand N2P SDU/MDU Simple",
    "target_eligibility_quarter": "NA"
   }
  },
  {
   "type": "Feature",
   "geometry": {
    "type": "Point",
    "coordinates": [
     144.29990539,
     -38.174026
    ]
   },
   "properties": {
    "name": "39 CITYVIEW DRIVE WANDANA HEIGHTS 3216",
    "locID": "LOC000114949357",
    "tech": "FTTP",
    "upgrade": "FTTP_NA",
    "gnaf_pid": "GAVIC424635368",
    "tech_change_status": "Previous Tech Disconnected",
    "program_type": "On-Demand N2P SDU/MDU Simple",
    "target_eligibility_quarter": "NA"
   }
  },
  {
   "type": "Feature",
   "geometry": {
    "type": "Point",
    "coordinates": [
     144.29943125,
     -38.17449157
    ]
   },
   "properties": {
    "name": "41 CITYVIEW DRIVE WANDANA HEIGHTS 3216",
    "locID": "LOC000114855056",
    "tech": "NULL",
    "upgrade": "NULL_NA",
    "gnaf_pid": "GAVIC424635370",
    "tech_change_status": "Not Planned"
   }
  },
  {
   "type": "Feature",
   "geometry": {
    "type": "Point",
    "coordinates": [
     144.3002732,
     -38.17423103
    ]
   },
   "properties": {
    "name": "42 CITYVIEW DRIVE WANDANA HEIGHTS 3216",
    "locID": "LOC000114360242",
    "tech": "FTTP",
    "upgrade": "FTTP_NA",
    "gnaf_pid": "GAVIC424635371",
    "tech_change_status": "Previous Tech Disconnected",
    "program_type": "On-Demand N2P SDU/MDU Simple",
    "target_eligibility_quarter": "NA"
   }
  },
  {
   "type": "Feature",
   "geometry": {
    "type": "Point",
    "coordinates": [
     144.29943125,
     -38.17449157
    ]
   },
   "properties": {
    "name": "43 CITYVIEW DRIVE WANDANA HEIGHTS 3216",
    "locID": "LOC100089456865",
    "tech": "NULL",
    "upgrade": "NULL_NA",
    "gnaf_pid": "GAVIC424635372",
    "tech_change_status": "Not Planned"
   }
  },
  {
   "type": "Feature",
   "geometry": {
    "type": "Point",
    "coordinates": [
     144.29929397,
     -38.17464644
    ]
   },
   "properties": {
    "name": "45 CITYVIEW DRIVE WANDANA HEIGHTS 3216",
    "locID": "LOC100089456812",
    "tech": "NULL",
    "upgrade": "NULL_NA",
    "gnaf_pid": "GAVIC424635374",
    "tech_change_status": "Not Planned"
   }
  },
  {
   "type": "Feature",
   "geometry": {
    "type": "Point",
    "coordinates": [
     144.29916009,
     -38.17479748
    ]
   },
   "properties": {
    "name": "47 CITYVIEW DRIVE WANDANA HEIGHTS 3216",
    "locID": "LOC100089456751",
    "tech": "NULL",
    "upgrade": "NULL_NA",
    "gnaf_pid": "GAVIC424635376",
    "tech_change_status": "Not Planned"
   }
  },
  {
   "type": "Feature",
   "geometry": {
    "type": "Point",
    "coordinates": [
     144.29904629,
     -38.17494918
    ]
   },
   "properties": {
    "name": "49 CITYVIEW DRIVE WANDANA HEIGHTS 3216",
    "locID": "LOC100089456820",
    "tech": "NULL",
    "upgrade": "NULL_NA",
    "gnaf_pid": "GAVIC424635378",
    "tech_change_status": "Not Planned"
   }
  },
  {
   "type": "Feature",
   "geometry": {
    "type": "Point",
    "coordinates": [
     144.29908888,
     -38.17512607
    ]
   },
   "properties": {
    "name": "51 CITYVIEW DRIVE WANDANA HEIGHTS 3216",
    "locID": "LOC100089456849",
    "tech": "NULL",
    "upgrade": "NULL_NA",
    "gnaf_pid": "GAVIC424635381",
    "tech_change_status": "Not Planned"
   }
  },
  {
   "type": "Feature",
   "geometry": {
    "type": "Point",
    "coordinates": [
     144.29913282,
     -38.1753007
    ]
   },
   "properties": {
    "name": "53 CITYVIEW DRIVE WANDANA HEIGHTS 3216",
    "locID": "LOC100089456780",
    "tech": "NULL",
    "upgrade": "NULL_NA",
    "gnaf_pid": "GAVIC424635383",
    "tech_change_status": "Not Planned"
   }
  },
  {
   "type": "Feature",
   "geometry": {
    "type": "Point",
    "coordinates": [
     144.29911737,
     -38.175468
    ]
   },
   "properties": {
    "name": "55 CITYVIEW DRIVE WANDANA HEIGHTS 3216",
    "locID": "LOC100089456831",
    "tech": "NULL",
    "upgrade": "NULL_NA",
    "gnaf_pid": "GAVIC424635385",
    "tech_change_status": "Not Planned"
   }
  },
  {
   "type": "Feature",
   "geometry": {
    "type": "Point",
    "coordinates": [
     144.29905821,
     -38.17562916
    ]
   },
   "properties": {
    "name": "57 CITYVIEW DRIVE WANDANA HEIGHTS 3216",
    "locID": "LOC100089456798",
    "tech": "NULL",
    "upgrade": "NULL_NA",
    "gnaf_pid": "GAVIC424635387",
    "tech_change_status": "Not Planned"
   }
  },
  {
   "type": "Feature",
   "geometry": {
    "type": "Point",
    "coordinates": [
     144.29899947,
     -38.1757892
    ]
   },
   "properties": {
    "name": "59 CITYVIEW DRIVE WANDANA HEIGHTS 3216",
    "locID": "LOC100089456808",
    "tech": "NULL",
    "upgrade": "NULL_NA",
    "gnaf_pid": "GAVIC424635389",
    "tech_change_status": "Not Planned"
   }
  },
  {
   "type": "Feature",
   "geometry": {
    "type": "Point",
    "coordinates": [
     144.29891227,
     -38.17602681
    ]
   },
   "properties": {
    "name": "63 CITYVIEW DRIVE WANDANA HEIGHTS 3216",
    "locID": "LOC000114855056",
    "tech": "NULL",
    "upgrade": "NULL_NA",
    "gnaf_pid": "GAVIC424635393",
    "tech_change_status": "Not Planned"
   }
  },
  {
   "type": "Feature",
   "geometry": {
    "type": "Point",
    "coordinates": [
     144.2988753,
     -38.17612605
    ]
   },
   "properties": {
    "name": "65 CITYVIEW DRIVE WANDANA HEIGHTS 3216",
    "locID": "LOC000113301671",
    "tech": "NULL",
    "upgrade": "NULL_NA",
    "gnaf_pid": "GAVIC424635395",
    "tech_change_status": "Not Planned"
   }
  },
  {
   "type": "Feature",
   "geometry": {
    "type": "Point",
    "coordinates": [
     144.29880349,
     -38.176325
    ]
   },
   "properties": {
    "name": "67 CITYVIEW DRIVE WANDANA HEIGHTS 3216",
    "locID": "LOC000102223059",
    "tech": "NULL",
    "upgrade": "NULL_NA",
    "gnaf_pid": "GAVIC424635397",
    "tech_change_status": "Not Planned"
   }
  },
  {
   "type": "Feature",
   "geometry": {
    "type": "Point",
    "coordinates": [
     144.2984953,
     -38.17891266
    ]
   },
   "properties": {
    "name": "98 CITYVIEW DRIVE WANDANA HEIGHTS 3216",
    "locID": "LOC000113126399",
    "tech": "FTTP",
    "upgrade": "NULL_NA",
    "gnaf_pid": "GAVIC424635430",
    "tech_change_status": "Previous Tech Disconnected",
    "program_type": "On-Demand N2P SDU/MDU Simple",
    "target_eligibility_quarter": "NA"
   }
  },
  {
   "type": "Feature",
   "geometry": {
    "type": "Point",
    "coordinates": [
     144.30032499,
     -38.17382797
    ]
   },
   "properties": {
    "name": "9 CITYVIEW DRIVE WANDANA HEIGHTS 3216",
    "locID": "LOC000113126399",
    "tech": "FTTP",
    "upgrade": "NULL_NA",
    "gnaf_pid": "GAVIC424635432",
    "tech_change_status": "Previous Tech Disconnected",
    "program_type": "On-Demand N2P SDU/MDU Simple",
    "target_eligibility_quarter": "NA"
   }
  },
  {
   "type": "Feature",
   "geometry": {
    "type": "Point",
    "coordinates": [
     144.30030905,
     -38.1724697
    ]
   },
   "properties": {
    "name": "12-14 CITYVIEW DRIVE WANDANA HEIGHTS 3216",
    "locID": "LOC000112976239",
    "tech": "FTTN",
    "upgrade": "FTTP",
    "gnaf_pid": "GAVIC424669106",
    "tech_change_status": "Eligible to Order",
    "program_type": "On-Demand N2P SDU/MDU Simple",
    "target_eligibility_quarter": "NA"
   }
  },
  {
   "type": "Feature",
   "geometry": {
    "type": "Point",
    "coordinates": [
     144.3005643,
     -38.17272615
    ]
   },
   "properties": {
    "name": "16-18 CITYVIEW DRIVE WANDANA HEIGHTS 3216",
    "locID": "LOC000114931342",
    "tech": "FTTP",
    "upgrade": "FTTP_NA",
    "gnaf_pid": "GAVIC424669107",
    "tech_change_status": "Previous Tech Disconnected",
    "program_type": "On-Demand N2P SDU/MDU Simple",
    "target_eligibility_quarter": "NA"
   }
  },
  {
   "type": "Feature",
   "geometry": {
    "type": "Point",
    "coordinates": [
     144.30078664,
     -38.17302625
    ]
   },
   "properties": {
    "name": "20-22 CITYVIEW DRIVE WANDANA HEIGHTS 3216",
    "locID": "LOC000113042145",
    "tech": "FTTP",
    "upgrade": "FTTP_NA",
    "gnaf_pid": "GAVIC424669108",
    "tech_change_status": "Previous Tech Disconnected",
    "program_type": "On-Demand N2P SDU/MDU Simple",
    "target_eligibility_quarter": "NA"
   }
  },
  {
   "type": "Feature",
   "geometry": {
    "type": "Point",
    "coordinates": [
     144.3009897,
     -38.1735176
    ]
   },
   "properties": {
    "name": "26-30 CITYVIEW DRIVE WANDANA HEIGHTS 3216",
    "locID": "LOC000115116420",
    "tech": "FTTN",
    "upgrade": "FTTP_SA",
    "gnaf_pid": "GAVIC424669109",
    "tech_change_status": "Eligible to Order",
    "program_type": "On-Demand N2P SDU/MDU Simple",
    "target_eligibility_quarter": "NA"
   }
  },
  {
   "type": "Feature",
   "geometry": {
    "type": "Point",
    "coordinates": [
     144.29922775,
     -38.17201799
    ]
   },
   "properties": {
    "name": "2-4 CITYVIEW DRIVE WANDANA HEIGHTS 3216",
    "locID": "LOC000115122395",
    "tech": "FTTN",
    "upgrade": "FTTP_SA",
    "gnaf_pid": "GAVIC424669110",
    "tech_change_status": "Eligible to Order",
    "program_type": "On-Demand N2P SDU/MDU Simple",
    "target_eligibility_quarter": "NA"
   }
  },
  {
   "type": "Feature",
   "geometry": {
    "type": "Point",
    "coordinates": [
     144.30082491,
     -38.17390751
    ]
   },
   "properties": {
    "name": "32-36 CITYVIEW DRIVE WANDANA HEIGHTS 3216",
    "locID": "LOC000114133919",
    "tech": "FTTN",
    "upgrade": "FTTP_SA",
    "gnaf_pid": "GAVIC424669111",
    "tech_change_status": "Eligible to Order",
    "program_type": "On-Demand N2P SDU/MDU Simple",
    "target_eligibility_quarter": "NA"
   }
  },
  {
   "type": "Feature",
   "geometry": {
    "type": "Point",
    "coordinates": [
     144.3002732,
     -38.17423103
    ]
   },
   "properties": {
    "name": "38-42 CITYVIEW DRIVE WANDANA HEIGHTS 3216",
    "locID": "LOC000114360242",
    "tech": "FTTP",
    "upgrade": "FTTP_NA",
    "gnaf_pid": "GAVIC424669113",
    "tech_change_status": "Previous Tech Disconnected",
    "program_type": "On-Demand N2P SDU/MDU Simple",
    "target_eligibility_quarter": "NA"
   }
  },
  {
   "type": "Feature",
   "geometry": {
    "type": "Point",
    "coordinates": [
     144.29989831,
     -38.1745325
    ]
   },
   "properties": {
    "name": "44-46 CITYVIEW DRIVE WANDANA HEIGHTS 3216",
    "locID": "LOC000003258911",
    "tech": "FTTN",
    "upgrade": "FTTP_SA",
    "gnaf_pid": "GAVIC424669115",
    "tech_change_status": "Eligible to Order",
    "program_type": "On-Demand N2P SDU/MDU Simple",
    "target_eligibility_quarter": "NA"
   }
  },
  {
   "type": "Feature",
   "geometry": {
    "type": "Point",
    "coordinates": [
     144.29961979,
     -38.17484676
    ]
   },
   "properties": {
    "name": "48-50 CITYVIEW DRIVE WANDANA HEIGHTS 3216",
    "locID": "LOC000113232395",
    "tech": "FTTN",
    "upgrade": "FTTP_SA",
    "gnaf_pid": "GAVIC424669116",
    "tech_change_status": "Eligible to Order",
    "program_type": "On-Demand N2P SDU/MDU Simple",
    "target_eligibility_quarter": "NA"
   }
  },
  {
   "type": "Feature",
   "geometry": {
    "type": "Point",
    "coordinates": [
     144.29950593,
     -38.1751754
    ]
   },
   "properties": {
    "name": "52-54 CITYVIEW DRIVE WANDANA HEIGHTS 3216",
    "locID": "LOC000108407654",
    "tech": "FTTN",
    "upgrade": "FTTP_SA",
    "gnaf_pid": "GAVIC424669117",
    "tech_change_status": "Eligible to Order",
    "program_type": "On-Demand N2P SDU/MDU Simple",
    "target_eligibility_quarter": "NA"
   }
  },
  {
   "type": "Feature",
   "geometry": {
    "type": "Point",
    "coordinates": [
     144.29950556,
     -38.17557911
    ]
   },
   "properties": {
    "name": "56-58 CITYVIEW DRIVE WANDANA HEIGHTS 3216",
    "locID": "LOC000112984737",
    "tech": "FTTN",
    "upgrade": "FTTP_SA",
    "gnaf_pid": "GAVIC424669118",
    "tech_change_status": "Eligible to Order",
    "program_type": "On-Demand N2P SDU/MDU Simple",
    "target_eligibility_quarter": "NA"
   }
  },
  {
   "type": "Feature",
   "geometry": {
    "type": "Point",
    "coordinates": [
     144.29937825,
     -38.1759263
    ]
   },
   "properties": {
    "name": "60-62 CITYVIEW DRIVE WANDANA HEIGHTS 3216",
    "locID": "LOC000114102718",
    "tech": "FTTN",
    "upgrade": "FTTP_SA",
    "gnaf_pid": "GAVIC424669119",
    "tech_change_status": "Eligible to Order",
    "program_type": "On-Demand N2P SDU/MDU Simple",
    "target_eligibility_quarter": "NA"
   }
  },
  {
   "type": "Feature",
   "geometry": {
    "type": "Point",
    "coordinates": [
     144.29925093,
     -38.17627349
    ]
   },
   "properties": {
    "name": "64-66 CITYVIEW DRIVE WANDANA HEIGHTS 3216",
    "locID": "LOC000115035260",
    "tech": "FTTN",
    "upgrade": "FTTP_SA",
    "gnaf_pid": "GAVIC424669120",
    "tech_change_status": "Eligible to Order",
    "program_type": "On-Demand N2P SDU/MDU Simple",
    "target_eligibility_quarter": "NA"
   }
  },
  {
   "type": "Feature",
   "geometry": {
    "type": "Point",
    "coordinates": [
     144.29910709,
     -38.1766657
    ]
   },
   "properties": {
    "name": "68-70 CITYVIEW DRIVE WANDANA HEIGHTS 3216",
    "locID": "LOC000114807557",
    "tech": "FTTN",
    "upgrade": "FTTP_SA",
    "gnaf_pid": "GAVIC424669121",
    "tech_change_status": "Eligible to Order",
    "program_type": "On-Demand N2P SDU/MDU Simple",
    "target_eligibility_quarter": "NA"
   }
  },
  {
   "type": "Feature",
   "geometry": {
    "type": "Point",
    "coordinates": [
     144.29876652,
     -38.17642424
    ]
   },
   "properties": {
    "name": "69-77 CITYVIEW DRIVE WANDANA HEIGHTS 3216",
    "locID": "LOC000114074698",
    "tech": "FTTP",
    "upgrade": "NULL_NA",
    "gnaf_pid": "GAVIC424669122",
    "program_type": "On-Demand N2P SDU/MDU Simple",
    "target_eligibility_quarter": "NA"
   }
  },
  {
   "type": "Feature",
   "geometry": {
    "type": "Point",
    "coordinates": [
     144.29971491,
     -38.17234655
    ]
   },
   "properties": {
    "name": "6-10 CITYVIEW DRIVE WANDANA HEIGHTS 3216",
    "locID": "LOC000108589939",
    "tech": "FTTN",
    "upgrade": "FTTP_SA",
    "gnaf_pid": "GAVIC424669123",
    "tech_change_status": "Eligible to Order",
    "program_type": "On-Demand N2P SDU/MDU Simple",
    "target_eligibility_quarter": "NA"
   }
  },
  {
   "type": "Feature",
   "geometry": {
    "type": "Point",
    "coordinates": [
     144.2992011,
     -38.1772829
    ]
   },
   "properties": {
    "name": "72-80 CITYVIEW DRIVE WANDANA HEIGHTS 3216",
    "locID": "LOC000113339531",
    "tech": "FTTN",
    "upgrade": "FTTP",
    "gnaf_pid": "GAVIC424669124",
    "tech_change_status": "Eligible to Order",
    "program_type": "On-Demand N2P SDU/MDU Simple",
    "target_eligibility_quarter": "NA"
   }
  },
  {
   "type": "Feature",
   "geometry": {
    "type": "Point",
    "coordinates": [
     144.29868154,
     -38.17722411
    ]
   },
   "properties": {
    "name": "79-81 CITYVIEW DRIVE WANDANA HEIGHTS 3216",
    "locID": "LOC000114775571",
    "tech": "FTTP",
    "upgrade": "FTTP_NA",
    "gnaf_pid": "GAVIC424669125",
    "tech_change_status": "Previous Tech Disconnected",
    "program_type": "On-Demand N2P SDU/MDU Simple",
    "target_eligibility_quarter": "NA"
   }
  },
  {
   "type": "Feature",
   "geometry": {
    "type": "Point",
    "coordinates": [
     144.29950115,
     -38.17800965
    ]
   },
   "properties": {
    "name": "82-84 CITYVIEW DRIVE WANDANA HEIGHTS 3216",
    "locID": "LOC000112864553",
    "tech": "FTTP",
    "upgrade": "NULL_NA",
    "gnaf_pid": "GAVIC424669126",
    "tech_change_status": "Eligible to Order",
    "program_type": "On-Demand N2P SDU/MDU Simple",
    "target_eligibility_quarter": "NA"
   }
  },
  {
   "type": "Feature",
   "geometry": {
    "type": "Point",
    "coordinates": [
     144.29897853,
     -38.17764338
    ]
   },
   "properties": {
    "name": "83-97 CITYVIEW DRIVE WANDANA HEIGHTS 3216",
    "locID": "LOC000109328034",
    "tech": "FTTP",
    "upgrade": "NULL_NA",
    "gnaf_pid": "GAVIC424669127",
    "tech_change_status": "Previous Tech Disconnected",
    "program_type": "On-Demand N2P SDU/MDU Simple",
    "target_eligibility_quarter": "NA"
   }
  },
  {
   "type": "Feature",
   "geometry": {
    "type": "Point",
    "coordinates": [
     144.29898491,
     -38.1784731
    ]
   },
   "properties": {
    "name": "86-96 CITYVIEW DRIVE WANDANA HEIGHTS 3216",
    "locID": "LOC000114753368",
    "tech": "FTTP",
    "upgrade": "NULL_NA",
    "gnaf_pid": "GAVIC424669128",
    "tech_change_status": "Previous Tech Disconnected",
    "program_type": "On-Demand N2P SDU/MDU Simple",
    "target_eligibility_quarter": "NA"
   }
  },
  {
   "type": "Feature",
   "geometry": {
    "type": "Point",
    "coordinates": [
     144.29822495,
     -38.17866246
    ]
   },
   "properties": {
    "name": "99-101 CITYVIEW DRIVE WANDANA HEIGHTS 3216",
    "locID": "LOC000112936931",
    "tech": "FTTP",
    "upgrade": "FTTP_NA",
    "gnaf_pid": "GAVIC424669129",
    "tech_change_status": "Previous Tech Disconnected",
    "program_type": "On-Demand N2P SDU/MDU Simple",
    "target_eligibility_quarter": "NA"
   }
  },
  {
   "type": "Feature",
   "geometry": {
    "type": "Point",
    "coordinates": [
     144.30331981,
     -38.18136688
    ]
   },
   "properties": {
    "name": "UNIT 1, 15 GREENFINCH WAY WANDANA HEIGHTS 3216",
    "locID": "LOC000124294184",
    "tech": "FTTN",
    "upgrade": "FTTP_SA",
    "gnaf_pid": "GAVIC424672213",
    "tech_change_status": "Eligible to Order",
    "program_type": "On-Demand N2P SDU/MDU Simple",
    "target_eligibility_quarter": "NA"
   }
  },
  {
   "type": "Feature",
   "geometry": {
    "type": "Point",
    "coordinates": [
     144.30333484,
     -38.18125834
    ]
   },
   "properties": {
    "name": "UNIT 2, 15 GREENFINCH WAY WANDANA HEIGHTS 3216",
    "locID": "LOC000124294184",
    "tech": "FTTN",
    "upgrade": "FTTP_SA",
    "gnaf_pid": "GAVIC424716386",
    "tech_change_status": "Eligible to Order",
    "program_type": "On-Demand N2P SDU/MDU Simple",
    "target_eligibility_quarter": "NA"
   }
  },
  {
   "type": "Feature",
   "geometry": {
    "type": "Point",
    "coordinates": [
     144.303712,
     -38.17399004
    ]
   },
   "properties": {
    "name": "2A HENDERSON DRIVE WANDANA HEIGHTS 3216",
    "locID": "LOC000124166421",
    "tech": "FTTP",
    "upgrade": "NULL_NA",
    "gnaf_pid": "GAVIC424967246",
    "program_type": "On-Demand N2P SDU/MDU Simple",
    "target_eligibility_quarter": "NA"
   }
  },
  {
   "type": "Feature",
   "geometry": {
    "type": "Point",
    "coordinates": [
     144.30372401,
     -38.1738168
    ]
   },
   "properties": {
    "name": "2B HENDERSON DRIVE WANDANA HEIGHTS 3216",
    "locID": "LOC000124166523",
    "tech": "FTTN",
    "upgrade": "FTTP_SA",
    "gnaf_pid": "GAVIC424967247",
    "tech_change_status": "Eligible to Order",
    "program_type": "On-Demand N2P SDU/MDU Simple",
    "target_eligibility_quarter": "NA"
   }
  },
  {
   "type": "Feature",
   "geometry": {
    "type": "Point",
    "coordinates": [
     144.30186638,
     -38.17810122
    ]
   },
   "properties": {
    "name": "79-81 SUNDERLAND ROAD WANDANA HEIGHTS 3216",
    "locID": "LOC000081579137",
    "tech": "FTTP",
    "upgrade": "NULL_NA",
    "gnaf_pid": "GAVIC424971975",
    "tech_change_status": "Previous Tech Disconnected",
    "program_type": "On-Demand N2P SDU/MDU Simple",
    "target_eligibility_quarter": "NA"
   }
  },
  {
   "type": "Feature",
   "geometry": {
    "type": "Point",
    "coordinates": [
     144.3023584,
     -38.17350158
    ]
   },
   "properties": {
    "name": "93 GROSVENOR DRIVE WANDANA HEIGHTS 3216",
    "locID": "LOC000149655226",
    "tech": "FTTP",
    "upgrade": "FTTP_NA",
    "gnaf_pid": "GAVIC425161579",
    "tech_change_status": "Previous Tech Disconnected",
    "program_type": "On-Demand N2P SDU/MDU Simple",
    "target_eligibility_quarter": "NA"
   }
  },
  {
   "type": "Feature",
   "geometry": {
    "type": "Point",
    "coordinates": [
     144.30231068,
     -38.17362597
    ]
   },
   "properties": {
    "name": "95 GROSVENOR DRIVE WANDANA HEIGHTS 3216",
    "locID": "LOC000149655257",
    "tech": "FTTP",
    "upgrade": "FTTP_NA",
    "gnaf_pid": "GAVIC425161580",
    "tech_change_status": "Previous Tech Disconnected",
    "program_type": "On-Demand N2P SDU/MDU Simple",
    "target_eligibility_quarter": "NA"
   }
  },
  {
   "type": "Feature",
   "geometry": {
    "type": "Point",
    "coordinates": [
     144.30320872,
     -38.17893893
    ]
   },
   "properties": {
    "name": "18 LAPIN GROVE WANDANA HEIGHTS 3216",
    "locID": "LOC000149653144",
    "tech": "FTTP",
    "upgrade": "NULL_NA",
    "gnaf_pid": "GAVIC425228514",
    "program_type": "On-Demand N2P SDU/MDU Simple",
    "target_eligibility_quarter": "NA"
   }
  },
  {
   "type": "Feature",
   "geometry": {
    "type": "Point",
    "coordinates": [
     144.30316066,
     -38.17922473
    ]
   },
   "properties": {
    "name": "19 LAPIN GROVE WANDANA HEIGHTS 3216",
    "locID": "LOC000149653591",
    "tech": "FTTP",
    "upgrade": "NULL_NA",
    "gnaf_pid": "GAVIC425228515",
    "program_type": "On-Demand N2P SDU/MDU Simple",
    "target_eligibility_quarter": "NA"
   }
  },
  {
   "type": "Feature",
   "geometry": {
    "type": "Point",
    "coordinates": [
     144.30305018,
     -38.17891978
    ]
   },
   "properties": {
    "name": "20 LAPIN GROVE WANDANA HEIGHTS 3216",
    "locID": "LOC000149653312",
    "tech": "FTTN",
    "upgrade": "FTTP_SA",
    "gnaf_pid": "GAVIC425228516",
    "tech_change_status": "Eligible to Order",
    "program_type": "On-Demand N2P SDU/MDU Simple",
    "target_eligibility_quarter": "NA"
   }
  },
  {
   "type": "Feature",
   "geometry": {
    "type": "Point",
    "coordinates": [
     144.30290282,
     -38.17920456
    ]
   },
   "properties": {
    "name": "21-23 LAPIN GROVE WANDANA HEIGHTS 3216",
    "locID": "LOC000149653042",
    "tech": "FTTP",
    "upgrade": "NULL_NA",
    "gnaf_pid": "GAVIC425228517",
    "program_type": "On-Demand N2P SDU/MDU Simple",
    "target_eligibility_quarter": "NA"
   }
  },
  {
   "type": "Feature",
   "geometry": {
    "type": "Point",
    "coordinates": [
     144.30289371,
     -38.17890087
    ]
   },
   "properties": {
    "name": "22 LAPIN GROVE WANDANA HEIGHTS 3216",
    "locID": "LOC000149653251",
    "tech": "FTTP",
    "upgrade": "NULL_NA",
    "gnaf_pid": "GAVIC425228518",
    "program_type": "On-Demand N2P SDU/MDU Simple",
    "target_eligibility_quarter": "NA"
   }
  },
  {
   "type": "Feature",
   "geometry": {
    "type": "Point",
    "coordinates": [
     144.30271207,
     -38.17892031
    ]
   },
   "properties": {
    "name": "24 LAPIN GROVE WANDANA HEIGHTS 3216",
    "locID": "LOC000149653267",
    "tech": "FTTN",
    "upgrade": "FTTP_SA",
    "gnaf_pid": "GAVIC425228519",
    "tech_change_status": "Eligible to Order",
    "program_type": "On-Demand N2P SDU/MDU Simple",
    "target_eligibility_quarter": "NA"
   }
  },
  {
   "type": "Feature",
   "geometry": {
    "type": "Point",
    "coordinates": [
     144.30287669,
     -38.17937301
    ]
   },
   "properties": {
    "name": "25 LAPIN GROVE WANDANA HEIGHTS 3216",
    "locID": "LOC000149653035",
    "tech": "FTTN",
    "upgrade": "FTTP_SA",
    "gnaf_pid": "GAVIC425228520",
    "tech_change_status": "Eligible to Order",
    "program_type": "On-Demand N2P SDU/MDU Simple",
    "target_eligibility_quarter": "NA"
   }
  },
  {
   "type": "Feature",
   "geometry": {
    "type": "Point",
    "coordinates": [
     144.30251312,
     -38.17897632
    ]
   },
   "properties": {
    "name": "26-30 LAPIN GROVE WANDANA HEIGHTS 3216",
    "locID": "LOC000149653570",
    "tech": "FTTP",
    "upgrade": "FTTP_NA",
    "gnaf_pid": "GAVIC425228521",
    "tech_change_status": "Previous Tech Disconnected",
    "program_type": "On-Demand N2P SDU/MDU Simple",
    "target_eligibility_quarter": "NA"
   }
  },
  {
   "type": "Feature",
   "geometry": {
    "type": "Point",
    "coordinates": [
     144.3022719,
     -38.17879011
    ]
   },
   "properties": {
    "name": "32 LAPIN GROVE WANDANA HEIGHTS 3216",
    "locID": "LOC000149653246",
    "tech": "FTTN",
    "upgrade": "FTTP_SA",
    "gnaf_pid": "GAVIC425228522",
    "tech_change_status": "Eligible to Order",
    "program_type": "On-Demand N2P SDU/MDU Simple",
    "target_eligibility_quarter": "NA"
   }
  },
  {
   "type": "Feature",
   "geometry": {
    "type": "Point",
    "coordinates": [
     144.30213682,
     -38.17903128
    ]
   },
   "properties": {
    "name": "34-36 LAPIN GROVE WANDANA HEIGHTS 3216",
    "locID": "LOC000149652989",
    "tech": "FTTP",
    "upgrade": "NULL_NA",
    "gnaf_pid": "GAVIC425228523",
    "program_type": "On-Demand N2P SDU/MDU Simple",
    "target_eligibility_quarter": "NA"
   }
  },
  {
   "type": "Feature",
   "geometry": {
    "type": "Point",
    "coordinates": [
     144.30251224,
     -38.17931396
    ]
   },
   "properties": {
    "name": "40-44 LAPIN GROVE WANDANA HEIGHTS 3216",
    "locID": "LOC000149653602",
    "tech": "FTTN",
    "upgrade": "FTTP_SA",
    "gnaf_pid": "GAVIC425228525",
    "tech_change_status": "Eligible to Order",
    "program_type": "On-Demand N2P SDU/MDU Simple",
    "target_eligibility_quarter": "NA"
   }
  },
  {
   "type": "Feature",
   "geometry": {
    "type": "Point",
    "coordinates": [
     144.30391034,
     -38.17902372
    ]
   },
   "properties": {
    "name": "10 LAPIN GROVE WANDANA HEIGHTS 3216",
    "locID": "LOC000149653365",
    "tech": "FTTN",
    "upgrade": "FTTP_SA",
    "gnaf_pid": "GAVIC425315059",
    "tech_change_status": "Eligible to Order",
    "program_type": "On-Demand N2P SDU/MDU Simple",
    "target_eligibility_quarter": "NA"
   }
  },
  {
   "type": "Feature",
   "geometry": {
    "type": "Point",
    "coordinates": [
     144.30382932,
     -38.1793055
    ]
   },
   "properties": {
    "name": "11 LAPIN GROVE WANDANA HEIGHTS 3216",
    "locID": "LOC000149653486",
    "tech": "FTTN",
    "upgrade": "FTTP_SA",
    "gnaf_pid": "GAVIC425315060",
    "tech_change_status": "Eligible to Order",
    "program_type": "On-Demand N2P SDU/MDU Simple",
    "target_eligibility_quarter": "NA"
   }
  },
  {
   "type": "Feature",
   "geometry": {
    "type": "Point",
    "coordinates": [
     144.30372551,
     -38.17900139
    ]
   },
   "properties": {
    "name": "12 LAPIN GROVE WANDANA HEIGHTS 3216",
    "locID": "LOC000149653320",
    "tech": "FTTP",
    "upgrade": "NULL_NA",
    "gnaf_pid": "GAVIC425315061",
    "tech_change_status": "Previous Tech Disconnected",
    "program_type": "On-Demand N2P SDU/MDU Simple",
    "target_eligibility_quarter": "NA"
   }
  },
  {
   "type": "Feature",
   "geometry": {
    "type": "Point",
    "coordinates": [
     144.30364591,
     -38.17928334
    ]
   },
   "properties": {
    "name": "13 LAPIN GROVE WANDANA HEIGHTS 3216",
    "locID": "LOC000149652991",
    "tech": "FTTN",
    "upgrade": "FTTP_SA",
    "gnaf_pid": "GAVIC425315062",
    "tech_change_status": "Eligible to Order",
    "program_type": "On-Demand N2P SDU/MDU Simple",
    "target_eligibility_quarter": "NA"
   }
  },
  {
   "type": "Feature",
   "geometry": {
    "type": "Point",
    "coordinates": [
     144.30355361,
     -38.17898062
    ]
   },
   "properties": {
    "name": "14 LAPIN GROVE WANDANA HEIGHTS 3216",
    "locID": "LOC000149652970",
    "tech": "FTTN",
    "upgrade": "FTTP",
    "gnaf_pid": "GAVIC425315063",
    "tech_change_status": "Eligible to Order",
    "program_type": "On-Demand N2P SDU/MDU Simple",
    "target_eligibility_quarter": "NA"
   }
  },
  {
   "type": "Feature",
   "geometry": {
    "type": "Point",
    "coordinates": [
     144.30349091,
     -38.17926462
    ]
   },
   "properties": {
    "name": "15 LAPIN GROVE WANDANA HEIGHTS 3216",
    "locID": "LOC000149653019",
    "tech": "FTTP",
    "upgrade": "NULL_NA",
    "gnaf_pid": "GAVIC425315064",
    "program_type": "On-Demand N2P SDU/MDU Simple",
    "target_eligibility_quarter": "NA"
   }
  },
  {
   "type": "Feature",
   "geometry": {
    "type": "Point",
    "coordinates": [
     144.30336879,
     -38.17895828
    ]
   },
   "properties": {
    "name": "16 LAPIN GROVE WANDANA HEIGHTS 3216",
    "locID": "LOC000149653354",
    "tech": "FTTP",
    "upgrade": "NULL_NA",
    "gnaf_pid": "GAVIC425315065",
    "program_type": "On-Demand N2P SDU/MDU Simple",
    "target_eligibility_quarter": "NA"
   }
  },
  {
   "type": "Feature",
   "geometry": {
    "type": "Point",
    "coordinates": [
     144.30332357,
     -38.1792444
    ]
   },
   "properties": {
    "name": "17 LAPIN GROVE WANDANA HEIGHTS 3216",
    "locID": "LOC000149653298",
    "tech": "FTTN",
    "upgrade": "FTTP_SA",
    "gnaf_pid": "GAVIC425315066",
    "tech_change_status": "Eligible to Order",
    "program_type": "On-Demand N2P SDU/MDU Simple",
    "target_eligibility_quarter": "NA"
   }
  },
  {
   "type": "Feature",
   "geometry": {
    "type": "Point",
    "coordinates": [
     144.30453897,
     -38.17939122
    ]
   },
   "properties": {
    "name": "1-3 LAPIN GROVE WANDANA HEIGHTS 3216",
    "locID": "LOC000149653308",
    "tech": "FTTP",
    "upgrade": "NULL_NA",
    "gnaf_pid": "GAVIC425315067",
    "program_type": "On-Demand N2P SDU/MDU Simple",
    "target_eligibility_quarter": "NA"
   }
  },
  {
   "type": "Feature",
   "geometry": {
    "type": "Point",
    "coordinates": [
     144.30464042,
     -38.17911191
    ]
   },
   "properties": {
    "name": "2 LAPIN GROVE WANDANA HEIGHTS 3216",
    "locID": "LOC000149653562",
    "tech": "FTTN",
    "upgrade": "FTTP_SA",
    "gnaf_pid": "GAVIC425315068",
    "tech_change_status": "Eligible to Order",
    "program_type": "On-Demand N2P SDU/MDU Simple",
    "target_eligibility_quarter": "NA"
   }
  },
  {
   "type": "Feature",
   "geometry": {
    "type": "Point",
    "coordinates": [
     144.30443633,
     -38.17908725
    ]
   },
   "properties": {
    "name": "4 LAPIN GROVE WANDANA HEIGHTS 3216",
    "locID": "LOC000149653233",
    "tech": "FTTN",
    "upgrade": "FTTP",
    "gnaf_pid": "GAVIC425315069",
    "tech_change_status": "New Tech Connected",
    "program_type": "On-Demand N2P SDU/MDU Simple",
    "target_eligibility_quarter": "NA"
   }
  },
  {
   "type": "Feature",
   "geometry": {
    "type": "Point",
    "coordinates": [
     144.30430273,
     -38.17936269
    ]
   },
   "properties": {
    "name": "5 LAPIN GROVE WANDANA HEIGHTS 3216",
    "locID": "LOC000149653074",
    "tech": "FTTN",
    "upgrade": "FTTP_SA",
    "gnaf_pid": "GAVIC425315070",
    "tech_change_status": "Eligible to Order",
    "program_type": "On-Demand N2P SDU/MDU Simple",
    "target_eligibility_quarter": "NA"
   }
  },
  {
   "type": "Feature",
   "geometry": {
    "type": "Point",
    "coordinates": [
     144.30425509,
     -38.17906536
    ]
   },
   "properties": {
    "name": "6 LAPIN GROVE WANDANA HEIGHTS 3216",
    "locID": "LOC000149654512",
    "tech": "FTTP",
    "upgrade": "NULL_NA",
    "gnaf_pid": "GAVIC425315071",
    "program_type": "On-Demand N2P SDU/MDU Simple",
    "target_eligibility_quarter": "NA"
   }
  },
  {
   "type": "Feature",
   "geometry": {
    "type": "Point",
    "coordinates": [
     144.30414437,
     -38.17934355
    ]
   },
   "properties": {
    "name": "7 LAPIN GROVE WANDANA HEIGHTS 3216",
    "locID": "LOC000149653061",
    "tech": "FTTN",
    "upgrade": "FTTP_SA",
    "gnaf_pid": "GAVIC425315072",
    "tech_change_status": "Eligible to Order",
    "program_type": "On-Demand N2P SDU/MDU Simple",
    "target_eligibility_quarter": "NA"
   }
  },
  {
   "type": "Feature",
   "geometry": {
    "type": "Point",
    "coordinates": [
     144.30408405,
     -38.1790447
    ]
   },
   "properties": {
    "name": "8 LAPIN GROVE WANDANA HEIGHTS 3216",
    "locID": "LOC000149652943",
    "tech": "FTTP",
    "upgrade": "NULL_NA",
    "gnaf_pid": "GAVIC425315073",
    "program_type": "On-Demand N2P SDU/MDU Simple",
    "target_eligibility_quarter": "NA"
   }
  },
  {
   "type": "Feature",
   "geometry": {
    "type": "Point",
    "coordinates": [
     144.30397481,
     -38.17932307
    ]
   },
   "properties": {
    "name": "9 LAPIN GROVE WANDANA HEIGHTS 3216",
    "locID": "LOC000149653280",
    "tech": "FTTP",
    "upgrade": "NULL_NA",
    "gnaf_pid": "GAVIC425315074",
    "program_type": "On-Demand N2P SDU/MDU Simple",
    "target_eligibility_quarter": "NA"
   }
  },
  {
   "type": "Feature",
   "geometry": {
    "type": "Point",
    "coordinates": [
     144.30466581,
     -38.17413907
    ]
   },
   "properties": {
    "name": "10 KENT HILL CLOSE WANDANA HEIGHTS 3216",
    "locID": "LOC000149652915",
    "tech": "FTTN",
    "upgrade": "FTTP_SA",
    "gnaf_pid": "GAVIC425401570",
    "tech_change_status": "Eligible to Order",
    "program_type": "On-Demand N2P SDU/MDU Simple",
    "target_eligibility_quarter": "NA"
   }
  },
  {
   "type": "Feature",
   "geometry": {
    "type": "Point",
    "coordinates": [
     144.30431761,
     -38.17402847
    ]
   },
   "properties": {
    "name": "2 KENT HILL CLOSE WANDANA HEIGHTS 3216",
    "locID": "LOC000149653185",
    "tech": "FTTP",
    "upgrade": "NULL_NA",
    "gnaf_pid": "GAVIC425401571",
    "program_type": "On-Demand N2P SDU/MDU Simple",
    "target_eligibility_quarter": "NA"
   }
  },
  {
   "type": "Feature",
   "geometry": {
    "type": "Point",
    "coordinates": [
     144.30435844,
     -38.17381573
    ]
   },
   "properties": {
    "name": "3 KENT HILL CLOSE WANDANA HEIGHTS 3216",
    "locID": "LOC000149655235",
    "tech": "FTTP",
    "upgrade": "NULL_NA",
    "gnaf_pid": "GAVIC425401572",
    "program_type": "On-Demand N2P SDU/MDU Simple",
    "target_eligibility_quarter": "NA"
   }
  },
  {
   "type": "Feature",
   "geometry": {
    "type": "Point",
    "coordinates": [
     144.30428943,
     -38.17350356
    ]
   },
   "properties": {
    "name": "4 KENT HILL CLOSE WANDANA HEIGHTS 3216",
    "locID": "LOC000149664490",
    "tech": "FTTP",
    "upgrade": "NULL_NA",
    "gnaf_pid": "GAVIC425401573",
    "program_type": "On-Demand N2P SDU/MDU Simple",
    "target_eligibility_quarter": "NA"
   }
  },
  {
   "type": "Feature",
   "geometry": {
    "type": "Point",
    "coordinates": [
     144.30448533,
     -38.17338896
    ]
   },
   "properties": {
    "name": "5 KENT HILL CLOSE WANDANA HEIGHTS 3216",
    "locID": "LOC000149664501",
    "tech": "FTTP",
    "upgrade": "NULL_NA",
    "gnaf_pid": "GAVIC425401574",
    "program_type": "On-Demand N2P SDU/MDU Simple",
    "target_eligibility_quarter": "NA"
   }
  },
  {
   "type": "Feature",
   "geometry": {
    "type": "Point",
    "coordinates": [
     144.30489449,
     -38.1736106
    ]
   },
   "properties": {
    "name": "7 KENT HILL CLOSE WANDANA HEIGHTS 3216",
    "locID": "LOC000149655328",
    "tech": "FTTN",
    "upgrade": "FTTP_SA",
    "gnaf_pid": "GAVIC425401575",
    "tech_change_status": "Eligible to Order",
    "program_type": "On-Demand N2P SDU/MDU Simple",
    "target_eligibility_quarter": "NA"
   }
  },
  {
   "type": "Feature",
   "geometry": {
    "type": "Point",
    "coordinates": [
     144.30474086,
     -38.17374666
    ]
   },
   "properties": {
    "name": "8 KENT HILL CLOSE WANDANA HEIGHTS 3216",
    "locID": "LOC000149655316",
    "tech": "FTTN",
    "upgrade": "FTTP",
    "gnaf_pid": "GAVIC425401576",
    "tech_change_status": "Eligible to Order",
    "program_type": "On-Demand N2P SDU/MDU Simple",
    "target_eligibility_quarter": "NA"
   }
  },
  {
   "type": "Feature",
   "geometry": {
    "type": "Point",
    "coordinates": [
     144.30470451,
     -38.17393674
    ]
   },
   "properties": {
    "name": "9 KENT HILL CLOSE WANDANA HEIGHTS 3216",
    "locID": "LOC000149655261",
    "tech": "FTTP",
    "upgrade": "NULL_NA",
    "gnaf_pid": "GAVIC425401577",
    "program_type": "On-Demand N2P SDU/MDU Simple",
    "target_eligibility_quarter": "NA"
   }
  },
  {
   "type": "Feature",
   "geometry": {
    "type": "Point",
    "coordinates": [
     144.30215045,
     -38.1850143
    ]
   },
   "properties": {
    "name": "113 WANDANA DRIVE WANDANA HEIGHTS 3216",
    "locID": "LOC000092271428",
    "tech": "FTTP",
    "upgrade": "NULL_NA",
    "gnaf_pid": "GAVIC425530021",
    "program_type": "On-Demand N2P SDU/MDU Simple",
    "target_eligibility_quarter": "NA"
   }
  },
  {
   "type": "Feature",
   "geometry": {
    "type": "Point",
    "coordinates": [
     144.30658571,
     -38.17272857
    ]
   },
   "properties": {
    "name": "1A BENT ROAD WANDANA HEIGHTS 3216",
    "locID": "LOC000149655219",
    "tech": "FTTN",
    "upgrade": "FTTP",
    "gnaf_pid": "GAVIC425609698",
    "tech_change_status": "Eligible to Order",
    "program_type": "On-Demand N2P SDU/MDU Simple",
    "target_eligibility_quarter": "NA"
   }
  },
  {
   "type": "Feature",
   "geometry": {
    "type": "Point",
    "coordinates": [
     144.30672633,
     -38.17260742
    ]
   },
   "properties": {
    "name": "1B GROSVENOR DRIVE WANDANA HEIGHTS 3216",
    "locID": "LOC000149655203",
    "tech": "FTTN",
    "upgrade": "FTTP_SA",
    "gnaf_pid": "GAVIC425615218",
    "tech_change_status": "Eligible to Order",
    "program_type": "On-Demand N2P SDU/MDU Simple",
    "target_eligibility_quarter": "NA"
   }
  },
  {
   "type": "Feature",
   "geometry": {
    "type": "Point",
    "coordinates": [
     144.30300279,
     -38.17746812
    ]
   },
   "properties": {
    "name": "3 HOPPER PLACE WANDANA HEIGHTS 3216",
    "locID": "LOC000020311719",
    "tech": "FTTP",
    "upgrade": "NULL_NA",
    "gnaf_pid": "GAVIC425735585",
    "program_type": "On-Demand N2P SDU/MDU Simple",
    "target_eligibility_quarter": "NA"
   }
  },
  {
   "type": "Feature",
   "geometry": {
    "type": "Point",
    "coordinates": [
     144.30283846,
     -38.17738647
    ]
   },
   "properties": {
    "name": "4 HOPPER PLACE WANDANA HEIGHTS 3216",
    "locID": "LOC000059522382",
    "tech": "FTTN",
    "upgrade": "FTTP_SA",
    "gnaf_pid": "GAVIC425735586",
    "tech_change_status": "Eligible to Order",
    "program_type": "On-Demand N2P SDU/MDU Simple",
    "target_eligibility_quarter": "NA"
   }
  },
  {
   "type": "Feature",
   "geometry": {
    "type": "Point",
    "coordinates": [
     144.3028805,
     -38.17953223
    ]
   },
   "properties": {
    "name": "27 LAPIN GROVE WANDANA HEIGHTS 3216",
    "locID": "LOC000181413757",
    "tech": "FTTP",
    "upgrade": "NULL_NA",
    "gnaf_pid": "GAVIC719522966"
   }
  },
  {
   "type": "Feature",
   "geometry": {
    "type": "Point",
    "coordinates": [
     144.29620272,
     -38.17241898
    ]
   },
   "properties": {
    "name": "26 DREWAN DRIVE WANDANA HEIGHTS 3216",
    "locID": "LOC100089457204",
    "tech": "NULL",
    "upgrade": "NULL_NA",
    "gnaf_pid": "GAVIC719604725"
   }
  },
  {
   "type": "Feature",
   "geometry": {
    "type": "Point",
    "coordinates": [
     144.2987216,
     -38.17183707
    ]
   },
   "properties": {
    "name": "1 CITYVIEW DRIVE WANDANA HEIGHTS 3216",
    "locID": "LOC000184731046",
    "tech": "FTTP",
    "upgrade": "FTTP_NA",
    "gnaf_pid": "GAVIC719604866",
    "tech_change_status": "Previous Tech Disconnected",
    "program_type": "On-Demand N2P SDU/MDU Simple",
    "target_eligibility_quarter": "NA"
   }
  },
  {
   "type": "Feature",
   "geometry": {
    "type": "Point",
    "coordinates": [
     144.29889919,
     -38.17227588
    ]
   },
   "properties": {
    "name": "7 CITYVIEW DRIVE WANDANA HEIGHTS 3216",
    "locID": "LOC000113339531",
    "tech": "FTTN",
    "upgrade": "FTTP",
    "gnaf_pid": "GAVIC719605148",
    "tech_change_status": "Eligible to Order",
    "program_type": "On-Demand N2P SDU/MDU Simple",
    "target_eligibility_quarter": "NA"
   }
  },
  {
   "type": "Feature",
   "geometry": {
    "type": "Point",
    "coordinates": [
     144.2947565,
     -38.17286314
    ]
   },
   "properties": {
    "name": "41 DREWAN DRIVE WANDANA HEIGHTS 3216",
    "locID": "LOC100089457068",
    "tech": "NULL",
    "upgrade": "NULL_NA",
    "gnaf_pid": "GAVIC719605929"
   }
  },
  {
   "type": "Feature",
   "geometry": {
    "type": "Point",
    "coordinates": [
     144.29493626,
     -38.17283807
    ]
   },
   "properties": {
    "name": "39 DREWAN DRIVE WANDANA HEIGHTS 3216",
    "locID": "LOC100089456968",
    "tech": "NULL",
    "upgrade": "NULL_NA",
    "gnaf_pid": "GAVIC719606018"
   }
  },
  {
   "type": "Feature",
   "geometry": {
    "type": "Point",
    "coordinates": [
     144.29510474,
     -38.17281457
    ]
   },
   "properties": {
    "name": "37 DREWAN DRIVE WANDANA HEIGHTS 3216",
    "locID": "LOC100089457338",
    "tech": "NULL",
    "upgrade": "NULL_NA",
    "gnaf_pid": "GAVIC719606073"
   }
  },
  {
   "type": "Feature",
   "geometry": {
    "type": "Point",
    "coordinates": [
     144.29543052,
     -38.17276912
    ]
   },
   "properties": {
    "name": "33 DREWAN DRIVE WANDANA HEIGHTS 3216",
    "locID": "LOC100089457291",
    "tech": "NULL",
    "upgrade": "NULL_NA",
    "gnaf_pid": "GAVIC719606168"
   }
  },
  {
   "type": "Feature",
   "geometry": {
    "type": "Point",
    "coordinates": [
     144.29877158,
     -38.17196057
    ]
   },
   "properties": {
    "name": "3 CITYVIEW DRIVE WANDANA HEIGHTS 3216",
    "locID": "LOC000114578089",
    "tech": "FTTN",
    "upgrade": "FTTP_SA",
    "gnaf_pid": "GAVIC719607104",
    "tech_change_status": "Eligible to Order",
    "program_type": "On-Demand N2P SDU/MDU Simple",
    "target_eligibility_quarter": "NA"
   }
  },
  {
   "type": "Feature",
   "geometry": {
    "type": "Point",
    "coordinates": [
     144.29672158,
     -38.17267492
    ]
   },
   "properties": {
    "name": "21 DREWAN DRIVE WANDANA HEIGHTS 3216",
    "locID": "LOC100089457262",
    "tech": "NULL",
    "upgrade": "NULL_NA",
    "gnaf_pid": "GAVIC719607406"
   }
  },
  {
   "type": "Feature",
   "geometry": {
    "type": "Point",
    "coordinates": [
     144.29749986,
     -38.17229931
    ]
   },
   "properties": {
    "name": "14 DREWAN DRIVE WANDANA HEIGHTS 3216",
    "locID": "LOC100089457355",
    "tech": "NULL",
    "upgrade": "NULL_NA",
    "gnaf_pid": "GAVIC719607724",
    "tech_change_status": "Not Planned"
   }
  },
  {
   "type": "Feature",
   "geometry": {
    "type": "Point",
    "coordinates": [
     144.29638467,
     -38.17240804
    ]
   },
   "properties": {
    "name": "24 DREWAN DRIVE WANDANA HEIGHTS 3216",
    "locID": "LOC100089457052",
    "tech": "NULL",
    "upgrade": "NULL_NA",
    "gnaf_pid": "GAVIC719608345"
   }
  },
  {
   "type": "Feature",
   "geometry": {
    "type": "Point",
    "coordinates": [
     144.29575886,
     -38.17273477
    ]
   },
   "properties": {
    "name": "29 DREWAN DRIVE WANDANA HEIGHTS 3216",
    "locID": "LOC100089456999",
    "tech": "NULL",
    "upgrade": "NULL_NA",
    "gnaf_pid": "GAVIC719608362"
   }
  },
  {
   "type": "Feature",
   "geometry": {
    "type": "Point",
    "coordinates": [
     144.2938488,
     -38.17269708
    ]
   },
   "properties": {
    "name": "52-54 DREWAN DRIVE WANDANA HEIGHTS 3216",
    "locID": "LOC100089457150",
    "tech": "NULL",
    "upgrade": "NULL_NA",
    "gnaf_pid": "GAVIC719608476"
   }
  },
  {
   "type": "Feature",
   "geometry": {
    "type": "Point",
    "coordinates": [
     144.29404007,
     -38.17267042
    ]
   },
   "properties": {
    "name": "50 DREWAN DRIVE WANDANA HEIGHTS 3216",
    "locID": "LOC100089457145",
    "tech": "NULL",
    "upgrade": "NULL_NA",
    "gnaf_pid": "GAVIC719609213"
   }
  },
  {
   "type": "Feature",
   "geometry": {
    "type": "Point",
    "coordinates": [
     144.29801949,
     -38.17301341
    ]
   },
   "properties": {
    "name": "6 LOOKOUT WAY WANDANA HEIGHTS 3216",
    "locID": "LOC100089457514",
    "tech": "NULL",
    "upgrade": "NULL_NA",
    "gnaf_pid": "GAVIC719609425",
    "tech_change_status": "Not Planned"
   }
  },
  {
   "type": "Feature",
   "geometry": {
    "type": "Point",
    "coordinates": [
     144.29457675,
     -38.17288821
    ]
   },
   "properties": {
    "name": "43 DREWAN DRIVE WANDANA HEIGHTS 3216",
    "locID": "LOC100089457340",
    "tech": "NULL",
    "upgrade": "NULL_NA",
    "gnaf_pid": "GAVIC719609932"
   }
  },
  {
   "type": "Feature",
   "geometry": {
    "type": "Point",
    "coordinates": [
     144.29667594,
     -38.17238893
    ]
   },
   "properties": {
    "name": "20-22 DREWAN DRIVE WANDANA HEIGHTS 3216",
    "locID": "LOC100089457317",
    "tech": "NULL",
    "upgrade": "NULL_NA",
    "gnaf_pid": "GAVIC719610278"
   }
  },
  {
   "type": "Feature",
   "geometry": {
    "type": "Point",
    "coordinates": [
     144.29613123,
     -38.1727124
    ]
   },
   "properties": {
    "name": "25 DREWAN DRIVE WANDANA HEIGHTS 3216",
    "locID": "LOC100089457301",
    "tech": "NULL",
    "upgrade": "NULL_NA",
    "gnaf_pid": "GAVIC719610445"
   }
  },
  {
   "type": "Feature",
   "geometry": {
    "type": "Point",
    "coordinates": [
     144.29492762,
     -38.17254662
    ]
   },
   "properties": {
    "name": "40 DREWAN DRIVE WANDANA HEIGHTS 3216",
    "locID": "LOC100089457006",
    "tech": "NULL",
    "upgrade": "NULL_NA",
    "gnaf_pid": "GAVIC719610624"
   }
  },
  {
   "type": "Feature",
   "geometry": {
    "type": "Point",
    "coordinates": [
     144.29800299,
     -38.17236596
    ]
   },
   "properties": {
    "name": "10 DREWAN DRIVE WANDANA HEIGHTS 3216",
    "locID": "LOC100089457075",
    "tech": "NULL",
    "upgrade": "NULL_NA",
    "gnaf_pid": "GAVIC719610630",
    "tech_change_status": "Not Planned"
   }
  },
  {
   "type": "Feature",
   "geometry": {
    "type": "Point",
    "coordinates": [
     144.29592393,
     -38.17272484
    ]
   },
   "properties": {
    "name": "27 DREWAN DRIVE WANDANA HEIGHTS 3216",
    "locID": "LOC100089457166",
    "tech": "NULL",
    "upgrade": "NULL_NA",
    "gnaf_pid": "GAVIC719611285"
   }
  },
  {
   "type": "Feature",
   "geometry": {
    "type": "Point",
    "coordinates": [
     144.29805044,
     -38.17285317
    ]
   },
   "properties": {
    "name": "4 LOOKOUT WAY WANDANA HEIGHTS 3216",
    "locID": "LOC100089457505",
    "tech": "NULL",
    "upgrade": "NULL_NA",
    "gnaf_pid": "GAVIC719612096",
    "tech_change_status": "Not Planned"
   }
  },
  {
   "type": "Feature",
   "geometry": {
    "type": "Point",
    "coordinates": [
     144.29414306,
     -38.17294875
    ]
   },
   "properties": {
    "name": "45-49 DREWAN DRIVE WANDANA HEIGHTS 3216",
    "locID": "LOC100089457099",
    "tech": "NULL",
    "upgrade": "NULL_NA",
    "gnaf_pid": "GAVIC719613026"
   }
  },
  {
   "type": "Feature",
   "geometry": {
    "type": "Point",
    "coordinates": [
     144.29456814,
     -38.17259676
    ]
   },
   "properties": {
    "name": "44 DREWAN DRIVE WANDANA HEIGHTS 3216",
    "locID": "LOC100089457121",
    "tech": "NULL",
    "upgrade": "NULL_NA",
    "gnaf_pid": "GAVIC719614162"
   }
  },
  {
   "type": "Feature",
   "geometry": {
    "type": "Point",
    "coordinates": [
     144.29795593,
     -38.1733424
    ]
   },
   "properties": {
    "name": "10 LOOKOUT WAY WANDANA HEIGHTS 3216",
    "locID": "LOC100089457477",
    "tech": "NULL",
    "upgrade": "NULL_NA",
    "gnaf_pid": "GAVIC719614163",
    "tech_change_status": "Not Planned"
   }
  },
  {
   "type": "Feature",
   "geometry": {
    "type": "Point",
    "coordinates": [
     144.29420862,
     -38.17264691
    ]
   },
   "properties": {
    "name": "48 DREWAN DRIVE WANDANA HEIGHTS 3216",
    "locID": "LOC100089457132",
    "tech": "NULL",
    "upgrade": "NULL_NA",
    "gnaf_pid": "GAVIC719614395"
   }
  },
  {
   "type": "Feature",
   "geometry": {
    "type": "Point",
    "coordinates": [
     144.29583865,
     -38.17244086
    ]
   },
   "properties": {
    "name": "30 DREWAN DRIVE WANDANA HEIGHTS 3216",
    "locID": "LOC100089457109",
    "tech": "NULL",
    "upgrade": "NULL_NA",
    "gnaf_pid": "GAVIC719614849"
   }
  },
  {
   "type": "Feature",
   "geometry": {
    "type": "Point",
    "coordinates": [
     144.29703096,
     -38.172356
    ]
   },
   "properties": {
    "name": "18 DREWAN DRIVE WANDANA HEIGHTS 3216",
    "locID": "LOC100089456934",
    "tech": "NULL",
    "upgrade": "NULL_NA",
    "gnaf_pid": "GAVIC719614929",
    "tech_change_status": "Not Planned"
   }
  },
  {
   "type": "Feature",
   "geometry": {
    "type": "Point",
    "coordinates": [
     144.29510737,
     -38.17252155
    ]
   },
   "properties": {
    "name": "38 DREWAN DRIVE WANDANA HEIGHTS 3216",
    "locID": "LOC100089456975",
    "tech": "NULL",
    "upgrade": "NULL_NA",
    "gnaf_pid": "GAVIC719615640"
   }
  },
  {
   "type": "Feature",
   "geometry": {
    "type": "Point",
    "coordinates": [
     144.29774539,
     -38.17231838
    ]
   },
   "properties": {
    "name": "12 DREWAN DRIVE WANDANA HEIGHTS 3216",
    "locID": "LOC100089457197",
    "tech": "NULL",
    "upgrade": "NULL_NA",
    "gnaf_pid": "GAVIC719616412",
    "tech_change_status": "Not Planned"
   }
  },
  {
   "type": "Feature",
   "geometry": {
    "type": "Point",
    "coordinates": [
     144.29653502,
     -38.17268815
    ]
   },
   "properties": {
    "name": "23 DREWAN DRIVE WANDANA HEIGHTS 3216",
    "locID": "LOC100089456947",
    "tech": "NULL",
    "upgrade": "NULL_NA",
    "gnaf_pid": "GAVIC719616621"
   }
  },
  {
   "type": "Feature",
   "geometry": {
    "type": "Point",
    "coordinates": [
     144.29438838,
     -38.17262184
    ]
   },
   "properties": {
    "name": "46 DREWAN DRIVE WANDANA HEIGHTS 3216",
    "locID": "LOC100089457258",
    "tech": "NULL",
    "upgrade": "NULL_NA",
    "gnaf_pid": "GAVIC719616700"
   }
  },
  {
   "type": "Feature",
   "geometry": {
    "type": "Point",
    "coordinates": [
     144.29849097,
     -38.17238903
    ]
   },
   "properties": {
    "name": "6 DREWAN DRIVE WANDANA HEIGHTS 3216",
    "locID": "LOC100089456923",
    "tech": "NULL",
    "upgrade": "NULL_NA",
    "gnaf_pid": "GAVIC719616756",
    "tech_change_status": "Not Planned"
   }
  },
  {
   "type": "Feature",
   "geometry": {
    "type": "Point",
    "coordinates": [
     144.295262,
     -38.17279263
    ]
   },
   "properties": {
    "name": "35 DREWAN DRIVE WANDANA HEIGHTS 3216",
    "locID": "LOC100089457364",
    "tech": "NULL",
    "upgrade": "NULL_NA",
    "gnaf_pid": "GAVIC719617007"
   }
  },
  {
   "type": "Feature",
   "geometry": {
    "type": "Point",
    "coordinates": [
     144.29546707,
     -38.17247155
    ]
   },
   "properties": {
    "name": "34 DREWAN DRIVE WANDANA HEIGHTS 3216",
    "locID": "LOC100089456952",
    "tech": "NULL",
    "upgrade": "NULL_NA",
    "gnaf_pid": "GAVIC719617212"
   }
  },
  {
   "type": "Feature",
   "geometry": {
    "type": "Point",
    "coordinates": [
     144.29602068,
     -38.17242992
    ]
   },
   "properties": {
    "name": "28 DREWAN DRIVE WANDANA HEIGHTS 3216",
    "locID": "LOC100089456910",
    "tech": "NULL",
    "upgrade": "NULL_NA",
    "gnaf_pid": "GAVIC719617213"
   }
  },
  {
   "type": "Feature",
   "geometry": {
    "type": "Point",
    "coordinates": [
     144.29427439,
     -38.17307793
    ]
   },
   "properties": {
    "name": "51 DREWAN DRIVE WANDANA HEIGHTS 3216",
    "locID": "LOC100089457034",
    "tech": "NULL",
    "upgrade": "NULL_NA",
    "gnaf_pid": "GAVIC719617257"
   }
  },
  {
   "type": "Feature",
   "geometry": {
    "type": "Point",
    "coordinates": [
     144.29474788,
     -38.17257169
    ]
   },
   "properties": {
    "name": "42 DREWAN DRIVE WANDANA HEIGHTS 3216",
    "locID": "LOC100089457329",
    "tech": "NULL",
    "upgrade": "NULL_NA",
    "gnaf_pid": "GAVIC719618887"
   }
  },
  {
   "type": "Feature",
   "geometry": {
    "type": "Point",
    "coordinates": [
     144.29767793,
     -38.17260192
    ]
   },
   "properties": {
    "name": "13 DREWAN DRIVE WANDANA HEIGHTS 3216",
    "locID": "LOC100089457270",
    "tech": "NULL",
    "upgrade": "NULL_NA",
    "gnaf_pid": "GAVIC719618942",
    "tech_change_status": "Not Planned"
   }
  },
  {
   "type": "Feature",
   "geometry": {
    "type": "Point",
    "coordinates": [
     144.29808195,
     -38.17269004
    ]
   },
   "properties": {
    "name": "2 LOOKOUT WAY WANDANA HEIGHTS 3216",
    "locID": "LOC100089457546",
    "tech": "NULL",
    "upgrade": "NULL_NA",
    "gnaf_pid": "GAVIC719619303",
    "tech_change_status": "Not Planned"
   }
  },
  {
   "type": "Feature",
   "geometry": {
    "type": "Point",
    "coordinates": [
     144.29559971,
     -38.17274717
    ]
   },
   "properties": {
    "name": "31 DREWAN DRIVE WANDANA HEIGHTS 3216",
    "locID": "LOC100089457113",
    "tech": "NULL",
    "upgrade": "NULL_NA",
    "gnaf_pid": "GAVIC719619526"
   }
  },
  {
   "type": "Feature",
   "geometry": {
    "type": "Point",
    "coordinates": [
     144.29565242,
     -38.17245246
    ]
   },
   "properties": {
    "name": "32 DREWAN DRIVE WANDANA HEIGHTS 3216",
    "locID": "LOC100089457243",
    "tech": "NULL",
    "upgrade": "NULL_NA",
    "gnaf_pid": "GAVIC719619611"
   }
  },
  {
   "type": "Feature",
   "geometry": {
    "type": "Point",
    "coordinates": [
     144.29528712,
     -38.17249647
    ]
   },
   "properties": {
    "name": "36 DREWAN DRIVE WANDANA HEIGHTS 3216",
    "locID": "LOC100089457289",
    "tech": "NULL",
    "upgrade": "NULL_NA",
    "gnaf_pid": "GAVIC719619613"
   }
  },
  {
   "type": "Feature",
   "geometry": {
    "type": "Point",
    "coordinates": [
     144.29825652,
     -38.17241217
    ]
   },
   "properties": {
    "name": "8 DREWAN DRIVE WANDANA HEIGHTS 3216",
    "locID": "LOC100089456906",
    "tech": "NULL",
    "upgrade": "NULL_NA",
    "gnaf_pid": "GAVIC719619617",
    "tech_change_status": "Not Planned"
   }
  },
  {
   "type": "Feature",
   "geometry": {
    "type": "Point",
    "coordinates": [
     144.29748456,
     -38.17259074
    ]
   },
   "properties": {
    "name": "15 DREWAN DRIVE WANDANA HEIGHTS 3216",
    "locID": "LOC100089457236",
    "tech": "NULL",
    "upgrade": "NULL_NA",
    "gnaf_pid": "GAVIC719620180",
    "tech_change_status": "Not Planned"
   }
  },
  {
   "type": "Feature",
   "geometry": {
    "type": "Point",
    "coordinates": [
     144.29883367,
     -38.17211399
    ]
   },
   "properties": {
    "name": "5 CITYVIEW DRIVE WANDANA HEIGHTS 3216",
    "locID": "LOC000108407654",
    "tech": "FTTN",
    "upgrade": "FTTP_SA",
    "gnaf_pid": "GAVIC719621948",
    "tech_change_status": "Eligible to Order",
    "program_type": "On-Demand N2P SDU/MDU Simple",
    "target_eligibility_quarter": "NA"
   }
  },
  {
   "type": "Feature",
   "geometry": {
    "type": "Point",
    "coordinates": [
     144.29725641,
     -38.17232761
    ]
   },
   "properties": {
    "name": "16 DREWAN DRIVE WANDANA HEIGHTS 3216",
    "locID": "LOC100089457081",
    "tech": "NULL",
    "upgrade": "NULL_NA",
    "gnaf_pid": "GAVIC719622440",
    "tech_change_status": "Not Planned"
   }
  },
  {
   "type": "Feature",
   "geometry": {
    "type": "Point",
    "coordinates": [
     144.30559283,
     -38.17378832
    ]
   },
   "properties": {
    "name": "UNIT 3, 5 CANTERBURY COURT WANDANA HEIGHTS 3216",
    "locID": "LOC000180868698",
    "tech": "FTTN",
    "upgrade": "FTTP_SA",
    "gnaf_pid": "GAVIC719757072",
    "tech_change_status": "Eligible to Order",
    "program_type": "On-Demand N2P SDU/MDU Simple",
    "target_eligibility_quarter": "NA"
   }
  },
  {
   "type": "Feature",
   "geometry": {
    "type": "Point",
    "coordinates": [
     144.29522742,
     -38.17426074
    ]
   },
   "properties": {
    "name": "64 DREWAN DRIVE WANDANA HEIGHTS 3216",
    "locID": "LOC100089457023",
    "tech": "NULL",
    "upgrade": "NULL_NA",
    "gnaf_pid": "GAVIC719907624"
   }
  },
  {
   "type": "Feature",
   "geometry": {
    "type": "Point",
    "coordinates": [
     144.29510931,
     -38.17557071
    ]
   },
   "properties": {
    "name": "40 MONCRIEFF CRESCENT WANDANA HEIGHTS 3216",
    "locID": "LOC100082184438",
    "tech": "NULL",
    "upgrade": "NULL_NA",
    "gnaf_pid": "GAVIC719908066",
    "tech_change_status": "Not Planned"
   }
  },
  {
   "type": "Feature",
   "geometry": {
    "type": "Point",
    "coordinates": [
     144.29639509,
     -38.17335891
    ]
   },
   "properties": {
    "name": "11 MONCRIEFF CRESCENT WANDANA HEIGHTS 3216",
    "locID": "LOC100089457816",
    "tech": "NULL",
    "upgrade": "NULL_NA",
    "gnaf_pid": "GAVIC719909019"
   }
  },
  {
   "type": "Feature",
   "geometry": {
    "type": "Point",
    "coordinates": [
     144.29440341,
     -38.173205
    ]
   },
   "properties": {
    "name": "53 DREWAN DRIVE WANDANA HEIGHTS 3216",
    "locID": "LOC100089456981",
    "tech": "NULL",
    "upgrade": "NULL_NA",
    "gnaf_pid": "GAVIC719909404"
   }
  },
  {
   "type": "Feature",
   "geometry": {
    "type": "Point",
    "coordinates": [
     144.29621264,
     -38.17423427
    ]
   },
   "properties": {
    "name": "25 MONCRIEFF CRESCENT WANDANA HEIGHTS 3216",
    "locID": "LOC100089457726",
    "tech": "NULL",
    "upgrade": "NULL_NA",
    "gnaf_pid": "GAVIC719909531"
   }
  },
  {
   "type": "Feature",
   "geometry": {
    "type": "Point",
    "coordinates": [
     144.29641947,
     -38.17324113
    ]
   },
   "properties": {
    "name": "9 MONCRIEFF CRESCENT WANDANA HEIGHTS 3216",
    "locID": "LOC100089457742",
    "tech": "NULL",
    "upgrade": "NULL_NA",
    "gnaf_pid": "GAVIC719910323"
   }
  },
  {
   "type": "Feature",
   "geometry": {
    "type": "Point",
    "coordinates": [
     144.29647351,
     -38.17298003
    ]
   },
   "properties": {
    "name": "5 MONCRIEFF CRESCENT WANDANA HEIGHTS 3216",
    "locID": "LOC100085791574",
    "tech": "NULL",
    "upgrade": "NULL_NA",
    "gnaf_pid": "GAVIC719910324",
    "tech_change_status": "Not Planned"
   }
  },
  {
   "type": "Feature",
   "geometry": {
    "type": "Point",
    "coordinates": [
     144.29569694,
     -38.17475323
    ]
   },
   "properties": {
    "name": "26 MONCRIEFF CRESCENT WANDANA HEIGHTS 3216",
    "locID": "LOC100089457653",
    "tech": "NULL",
    "upgrade": "NULL_NA",
    "gnaf_pid": "GAVIC719910479"
   }
  },
  {
   "type": "Feature",
   "geometry": {
    "type": "Point",
    "coordinates": [
     144.29560662,
     -38.17391505
    ]
   },
   "properties": {
    "name": "69 DREWAN DRIVE WANDANA HEIGHTS 3216",
    "locID": "LOC100089457372",
    "tech": "NULL",
    "upgrade": "NULL_NA",
    "gnaf_pid": "GAVIC719910649"
   }
  },
  {
   "type": "Feature",
   "geometry": {
    "type": "Point",
    "coordinates": [
     144.29615403,
     -38.1745096
    ]
   },
   "properties": {
    "name": "29 MONCRIEFF CRESCENT WANDANA HEIGHTS 3216",
    "locID": "LOC100089457790",
    "tech": "NULL",
    "upgrade": "NULL_NA",
    "gnaf_pid": "GAVIC719911358"
   }
  },
  {
   "type": "Feature",
   "geometry": {
    "type": "Point",
    "coordinates": [
     144.29514401,
     -38.17324798
    ]
   },
   "properties": {
    "name": "14 PARER WAY WANDANA HEIGHTS 3216",
    "locID": "LOC100089457973",
    "tech": "NULL",
    "upgrade": "NULL_NA",
    "gnaf_pid": "GAVIC719911784"
   }
  },
  {
   "type": "Feature",
   "geometry": {
    "type": "Point",
    "coordinates": [
     144.2956067,
     -38.17347613
    ]
   },
   "properties": {
    "name": "5 PARER WAY WANDANA HEIGHTS 3216",
    "locID": "LOC100089457941",
    "tech": "NULL",
    "upgrade": "NULL_NA",
    "gnaf_pid": "GAVIC719912149"
   }
  },
  {
   "type": "Feature",
   "geometry": {
    "type": "Point",
    "coordinates": [
     144.29607952,
     -38.17479446
    ]
   },
   "properties": {
    "name": "33 MONCRIEFF CRESCENT WANDANA HEIGHTS 3216",
    "locID": "LOC100089457800",
    "tech": "NULL",
    "upgrade": "NULL_NA",
    "gnaf_pid": "GAVIC719912939"
   }
  },
  {
   "type": "Feature",
   "geometry": {
    "type": "Point",
    "coordinates": [
     144.29839416,
     -38.17406022
    ]
   },
   "properties": {
    "name": "16 HEARDS WAY WANDANA HEIGHTS 3216",
    "locID": "LOC100089457449",
    "tech": "NULL",
    "upgrade": "NULL_NA",
    "gnaf_pid": "GAVIC719913274",
    "tech_change_status": "Not Planned"
   }
  },
  {
   "type": "Feature",
   "geometry": {
    "type": "Point",
    "coordinates": [
     144.29575633,
     -38.1731626
    ]
   },
   "properties": {
    "name": "6 PARER WAY WANDANA HEIGHTS 3216",
    "locID": "LOC100089457987",
    "tech": "NULL",
    "upgrade": "NULL_NA",
    "gnaf_pid": "GAVIC719913355"
   }
  },
  {
   "type": "Feature",
   "geometry": {
    "type": "Point",
    "coordinates": [
     144.29544174,
     -38.17320646
    ]
   },
   "properties": {
    "name": "10 PARER WAY WANDANA HEIGHTS 3216",
    "locID": "LOC100089458055",
    "tech": "NULL",
    "upgrade": "NULL_NA",
    "gnaf_pid": "GAVIC719913821"
   }
  },
  {
   "type": "Feature",
   "geometry": {
    "type": "Point",
    "coordinates": [
     144.29783542,
     -38.17396622
    ]
   },
   "properties": {
    "name": "18 LOOKOUT WAY WANDANA HEIGHTS 3216",
    "locID": "LOC100089457522",
    "tech": "NULL",
    "upgrade": "NULL_NA",
    "gnaf_pid": "GAVIC719914365",
    "tech_change_status": "Not Planned"
   }
  },
  {
   "type": "Feature",
   "geometry": {
    "type": "Point",
    "coordinates": [
     144.29518717,
     -38.17397676
    ]
   },
   "properties": {
    "name": "63-65 DREWAN DRIVE WANDANA HEIGHTS 3216",
    "locID": "LOC100089457184",
    "tech": "NULL",
    "upgrade": "NULL_NA",
    "gnaf_pid": "GAVIC719914413"
   }
  },
  {
   "type": "Feature",
   "geometry": {
    "type": "Point",
    "coordinates": [
     144.29532582,
     -38.1735153
    ]
   },
   "properties": {
    "name": "9 PARER WAY WANDANA HEIGHTS 3216",
    "locID": "LOC100089458001",
    "tech": "NULL",
    "upgrade": "NULL_NA",
    "gnaf_pid": "GAVIC719914570"
   }
  },
  {
   "type": "Feature",
   "geometry": {
    "type": "Point",
    "coordinates": [
     144.29518538,
     -38.17353488
    ]
   },
   "properties": {
    "name": "11 PARER WAY WANDANA HEIGHTS 3216",
    "locID": "LOC100089457956",
    "tech": "NULL",
    "upgrade": "NULL_NA",
    "gnaf_pid": "GAVIC719914661"
   }
  },
  {
   "type": "Feature",
   "geometry": {
    "type": "Point",
    "coordinates": [
     144.29453638,
     -38.17333592
    ]
   },
   "properties": {
    "name": "55 DREWAN DRIVE WANDANA HEIGHTS 3216",
    "locID": "LOC100089457227",
    "tech": "NULL",
    "upgrade": "NULL_NA",
    "gnaf_pid": "GAVIC719914745"
   }
  },
  {
   "type": "Feature",
   "geometry": {
    "type": "Point",
    "coordinates": [
     144.29594984,
     -38.17372091
    ]
   },
   "properties": {
    "name": "14 MONCRIEFF CRESCENT WANDANA HEIGHTS 3216",
    "locID": "LOC100089457579",
    "tech": "NULL",
    "upgrade": "NULL_NA",
    "gnaf_pid": "GAVIC719915433"
   }
  },
  {
   "type": "Feature",
   "geometry": {
    "type": "Point",
    "coordinates": [
     144.29601221,
     -38.17341958
    ]
   },
   "properties": {
    "name": "10 MONCRIEFF CRESCENT WANDANA HEIGHTS 3216",
    "locID": "LOC100089457774",
    "tech": "NULL",
    "upgrade": "NULL_NA",
    "gnaf_pid": "GAVIC719915635"
   }
  },
  {
   "type": "Feature",
   "geometry": {
    "type": "Point",
    "coordinates": [
     144.29546626,
     -38.17349572
    ]
   },
   "properties": {
    "name": "7 PARER WAY WANDANA HEIGHTS 3216",
    "locID": "LOC100089457960",
    "tech": "NULL",
    "upgrade": "NULL_NA",
    "gnaf_pid": "GAVIC719916133"
   }
  },
  {
   "type": "Feature",
   "geometry": {
    "type": "Point",
    "coordinates": [
     144.29498673,
     -38.17326991
    ]
   },
   "properties": {
    "name": "16 PARER WAY WANDANA HEIGHTS 3216",
    "locID": "LOC100089458038",
    "tech": "NULL",
    "upgrade": "NULL_NA",
    "gnaf_pid": "GAVIC719916654"
   }
  },
  {
   "type": "Feature",
   "geometry": {
    "type": "Point",
    "coordinates": [
     144.29590519,
     -38.17314184
    ]
   },
   "properties": {
    "name": "4 PARER WAY WANDANA HEIGHTS 3216",
    "locID": "LOC100089458017",
    "tech": "NULL",
    "upgrade": "NULL_NA",
    "gnaf_pid": "GAVIC719917126"
   }
  },
  {
   "type": "Feature",
   "geometry": {
    "type": "Point",
    "coordinates": [
     144.29482944,
     -38.17329184
    ]
   },
   "properties": {
    "name": "18 PARER WAY WANDANA HEIGHTS 3216",
    "locID": "LOC100089457994",
    "tech": "NULL",
    "upgrade": "NULL_NA",
    "gnaf_pid": "GAVIC719917222"
   }
  },
  {
   "type": "Feature",
   "geometry": {
    "type": "Point",
    "coordinates": [
     144.29598102,
     -38.17357026
    ]
   },
   "properties": {
    "name": "12 MONCRIEFF CRESCENT WANDANA HEIGHTS 3216",
    "locID": "LOC100089457703",
    "tech": "NULL",
    "upgrade": "NULL_NA",
    "gnaf_pid": "GAVIC719917860"
   }
  },
  {
   "type": "Feature",
   "geometry": {
    "type": "Point",
    "coordinates": [
     144.29618428,
     -38.17436749
    ]
   },
   "properties": {
    "name": "27 MONCRIEFF CRESCENT WANDANA HEIGHTS 3216",
    "locID": "LOC100089457892",
    "tech": "NULL",
    "upgrade": "NULL_NA",
    "gnaf_pid": "GAVIC719918915"
   }
  },
  {
   "type": "Feature",
   "geometry": {
    "type": "Point",
    "coordinates": [
     144.29576935,
     -38.17457765
    ]
   },
   "properties": {
    "name": "24 MONCRIEFF CRESCENT WANDANA HEIGHTS 3216",
    "locID": "LOC100089457567",
    "tech": "NULL",
    "upgrade": "NULL_NA",
    "gnaf_pid": "GAVIC719919021"
   }
  },
  {
   "type": "Feature",
   "geometry": {
    "type": "Point",
    "coordinates": [
     144.29789402,
     -38.17366293
    ]
   },
   "properties": {
    "name": "14 LOOKOUT WAY WANDANA HEIGHTS 3216",
    "locID": "LOC100089457465",
    "tech": "NULL",
    "upgrade": "NULL_NA",
    "gnaf_pid": "GAVIC719919315",
    "tech_change_status": "Not Planned"
   }
  },
  {
   "type": "Feature",
   "geometry": {
    "type": "Point",
    "coordinates": [
     144.29546619,
     -38.17393463
    ]
   },
   "properties": {
    "name": "67 DREWAN DRIVE WANDANA HEIGHTS 3216",
    "locID": "LOC100089457047",
    "tech": "NULL",
    "upgrade": "NULL_NA",
    "gnaf_pid": "GAVIC719919370"
   }
  },
  {
   "type": "Feature",
   "geometry": {
    "type": "Point",
    "coordinates": [
     144.29623911,
     -38.17410992
    ]
   },
   "properties": {
    "name": "23 MONCRIEFF CRESCENT WANDANA HEIGHTS 3216",
    "locID": "LOC100089457757",
    "tech": "NULL",
    "upgrade": "NULL_NA",
    "gnaf_pid": "GAVIC719919746"
   }
  },
  {
   "type": "Feature",
   "geometry": {
    "type": "Point",
    "coordinates": [
     144.29597369,
     -38.17494328
    ]
   },
   "properties": {
    "name": "35 MONCRIEFF CRESCENT WANDANA HEIGHTS 3216",
    "locID": "LOC100089457885",
    "tech": "NULL",
    "upgrade": "NULL_NA",
    "gnaf_pid": "GAVIC719919834"
   }
  },
  {
   "type": "Feature",
   "geometry": {
    "type": "Point",
    "coordinates": [
     144.29644569,
     -38.17311446
    ]
   },
   "properties": {
    "name": "7 MONCRIEFF CRESCENT WANDANA HEIGHTS 3216",
    "locID": "LOC100089457735",
    "tech": "NULL",
    "upgrade": "NULL_NA",
    "gnaf_pid": "GAVIC719920287"
   }
  },
  {
   "type": "Feature",
   "geometry": {
    "type": "Point",
    "coordinates": [
     144.29632058,
     -38.17371888
    ]
   },
   "properties": {
    "name": "17 MONCRIEFF CRESCENT WANDANA HEIGHTS 3216",
    "locID": "LOC100089457837",
    "tech": "NULL",
    "upgrade": "NULL_NA",
    "gnaf_pid": "GAVIC719920306"
   }
  },
  {
   "type": "Feature",
   "geometry": {
    "type": "Point",
    "coordinates": [
     144.29612378,
     -38.1746517
    ]
   },
   "properties": {
    "name": "31 MONCRIEFF CRESCENT WANDANA HEIGHTS 3216",
    "locID": "LOC100089457551",
    "tech": "NULL",
    "upgrade": "NULL_NA",
    "gnaf_pid": "GAVIC719920461"
   }
  },
  {
   "type": "Feature",
   "geometry": {
    "type": "Point",
    "coordinates": [
     144.29592399,
     -38.17384579
    ]
   },
   "properties": {
    "name": "16 MONCRIEFF CRESCENT WANDANA HEIGHTS 3216",
    "locID": "LOC100089457788",
    "tech": "NULL",
    "upgrade": "NULL_NA",
    "gnaf_pid": "GAVIC719920586"
   }
  },
  {
   "type": "Feature",
   "geometry": {
    "type": "Point",
    "coordinates": [
     144.29820218,
     -38.17403705
    ]
   },
   "properties": {
    "name": "18 HEARDS WAY WANDANA HEIGHTS 3216",
    "locID": "LOC100089457408",
    "tech": "NULL",
    "upgrade": "NULL_NA",
    "gnaf_pid": "GAVIC719920734",
    "tech_change_status": "Not Planned"
   }
  },
  {
   "type": "Feature",
   "geometry": {
    "type": "Point",
    "coordinates": [
     144.29798771,
     -38.17317791
    ]
   },
   "properties": {
    "name": "8 LOOKOUT WAY WANDANA HEIGHTS 3216",
    "locID": "LOC100089457533",
    "tech": "NULL",
    "upgrade": "NULL_NA",
    "gnaf_pid": "GAVIC719921567",
    "tech_change_status": "Not Planned"
   }
  },
  {
   "type": "Feature",
   "geometry": {
    "type": "Point",
    "coordinates": [
     144.29792498,
     -38.17350267
    ]
   },
   "properties": {
    "name": "12 LOOKOUT WAY WANDANA HEIGHTS 3216",
    "locID": "LOC100089457496",
    "tech": "NULL",
    "upgrade": "NULL_NA",
    "gnaf_pid": "GAVIC719921777",
    "tech_change_status": "Not Planned"
   }
  },
  {
   "type": "Feature",
   "geometry": {
    "type": "Point",
    "coordinates": [
     144.29607124,
     -38.17311869
    ]
   },
   "properties": {
    "name": "2 PARER WAY WANDANA HEIGHTS 3216",
    "locID": "LOC100089458029",
    "tech": "NULL",
    "upgrade": "NULL_NA",
    "gnaf_pid": "GAVIC719922166"
   }
  },
  {
   "type": "Feature",
   "geometry": {
    "type": "Point",
    "coordinates": [
     144.29492395,
     -38.17371765
    ]
   },
   "properties": {
    "name": "59 DREWAN DRIVE WANDANA HEIGHTS 3216",
    "locID": "LOC100089457215",
    "tech": "NULL",
    "upgrade": "NULL_NA",
    "gnaf_pid": "GAVIC719922315"
   }
  },
  {
   "type": "Feature",
   "geometry": {
    "type": "Point",
    "coordinates": [
     144.29581339,
     -38.17437103
    ]
   },
   "properties": {
    "name": "20-22 MONCRIEFF CRESCENT WANDANA HEIGHTS 3216",
    "locID": "LOC100088365798",
    "tech": "NULL",
    "upgrade": "NULL_NA",
    "gnaf_pid": "GAVIC719922727"
   }
  },
  {
   "type": "Feature",
   "geometry": {
    "type": "Point",
    "coordinates": [
     144.29637071,
     -38.17347668
    ]
   },
   "properties": {
    "name": "13 MONCRIEFF CRESCENT WANDANA HEIGHTS 3216",
    "locID": "LOC100089457844",
    "tech": "NULL",
    "upgrade": "NULL_NA",
    "gnaf_pid": "GAVIC719922758"
   }
  },
  {
   "type": "Feature",
   "geometry": {
    "type": "Point",
    "coordinates": [
     144.29505413,
     -38.1738458
    ]
   },
   "properties": {
    "name": "61 DREWAN DRIVE WANDANA HEIGHTS 3216",
    "locID": "LOC100089456896",
    "tech": "NULL",
    "upgrade": "NULL_NA",
    "gnaf_pid": "GAVIC719923116"
   }
  },
  {
   "type": "Feature",
   "geometry": {
    "type": "Point",
    "coordinates": [
     144.29585547,
     -38.17417312
    ]
   },
   "properties": {
    "name": "18 MONCRIEFF CRESCENT WANDANA HEIGHTS 3216",
    "locID": "LOC100081335159",
    "tech": "NULL",
    "upgrade": "NULL_NA",
    "gnaf_pid": "GAVIC719923999",
    "tech_change_status": "Not Planned"
   }
  },
  {
   "type": "Feature",
   "geometry": {
    "type": "Point",
    "coordinates": [
     144.29479374,
     -38.17358948
    ]
   },
   "properties": {
    "name": "57 DREWAN DRIVE WANDANA HEIGHTS 3216",
    "locID": "LOC100089457010",
    "tech": "NULL",
    "upgrade": "NULL_NA",
    "gnaf_pid": "GAVIC719924094"
   }
  },
  {
   "type": "Feature",
   "geometry": {
    "type": "Point",
    "coordinates": [
     144.29786305,
     -38.17382323
    ]
   },
   "properties": {
    "name": "16 LOOKOUT WAY WANDANA HEIGHTS 3216",
    "locID": "LOC100089457483",
    "tech": "NULL",
    "upgrade": "NULL_NA",
    "gnaf_pid": "GAVIC719924284",
    "tech_change_status": "Not Planned"
   }
  },
  {
   "type": "Feature",
   "geometry": {
    "type": "Point",
    "coordinates": [
     144.2954154,
     -38.1742345
    ]
   },
   "properties": {
    "name": "66 DREWAN DRIVE WANDANA HEIGHTS 3216",
    "locID": "LOC100089457178",
    "tech": "NULL",
    "upgrade": "NULL_NA",
    "gnaf_pid": "GAVIC719924900"
   }
  },
  {
   "type": "Feature",
   "geometry": {
    "type": "Point",
    "coordinates": [
     144.29634634,
     -38.17359445
    ]
   },
   "properties": {
    "name": "15 MONCRIEFF CRESCENT WANDANA HEIGHTS 3216",
    "locID": "LOC100089457859",
    "tech": "NULL",
    "upgrade": "NULL_NA",
    "gnaf_pid": "GAVIC719925913"
   }
  },
  {
   "type": "Feature",
   "geometry": {
    "type": "Point",
    "coordinates": [
     144.29559904,
     -38.17318453
    ]
   },
   "properties": {
    "name": "8 PARER WAY WANDANA HEIGHTS 3216",
    "locID": "LOC100089458040",
    "tech": "NULL",
    "upgrade": "NULL_NA",
    "gnaf_pid": "GAVIC719925917"
   }
  },
  {
   "type": "Feature",
   "geometry": {
    "type": "Point",
    "coordinates": [
     144.2962673,
     -38.17397628
    ]
   },
   "properties": {
    "name": "21 MONCRIEFF CRESCENT WANDANA HEIGHTS 3216",
    "locID": "LOC100089457624",
    "tech": "NULL",
    "upgrade": "NULL_NA",
    "gnaf_pid": "GAVIC719926440"
   }
  },
  {
   "type": "Feature",
   "geometry": {
    "type": "Point",
    "coordinates": [
     144.29629482,
     -38.17384332
    ]
   },
   "properties": {
    "name": "19 MONCRIEFF CRESCENT WANDANA HEIGHTS 3216",
    "locID": "LOC100087630788",
    "tech": "NULL",
    "upgrade": "NULL_NA",
    "gnaf_pid": "GAVIC719926547",
    "tech_change_status": "Not Planned"
   }
  },
  {
   "type": "Feature",
   "geometry": {
    "type": "Point",
    "coordinates": [
     144.29529288,
     -38.17322722
    ]
   },
   "properties": {
    "name": "12 PARER WAY WANDANA HEIGHTS 3216",
    "locID": "LOC100089457939",
    "tech": "NULL",
    "upgrade": "NULL_NA",
    "gnaf_pid": "GAVIC719927396"
   }
  },
  {
   "type": "Feature",
   "geometry": {
    "type": "Point",
    "coordinates": [
     144.3028303,
     -38.18019307
    ]
   },
   "properties": {
    "name": "33 LAPIN GROVE WANDANA HEIGHTS 3216",
    "locID": "LOC000181413800",
    "tech": "FTTP",
    "upgrade": "NULL_NA",
    "gnaf_pid": "GAVIC719971565"
   }
  },
  {
   "type": "Feature",
   "geometry": {
    "type": "Point",
    "coordinates": [
     144.30549614,
     -38.17382722
    ]
   },
   "properties": {
    "name": "5B CANTERBURY COURT WANDANA HEIGHTS 3216",
    "locID": "LOC000180868701",
    "tech": "FTTN",
    "upgrade": "FTTP_SA",
    "gnaf_pid": "GAVIC719972345",
    "tech_change_status": "Eligible to Order",
    "program_type": "On-Demand N2P SDU/MDU Simple",
    "target_eligibility_quarter": "NA"
   }
  },
  {
   "type": "Feature",
   "geometry": {
    "type": "Point",
    "coordinates": [
     144.2985744,
     -38.17408199
    ]
   },
   "properties": {
    "name": "14 HEARDS WAY WANDANA HEIGHTS 3216",
    "locID": "LOC100089457420",
    "tech": "NULL",
    "upgrade": "NULL_NA",
    "gnaf_pid": "GAVIC719972399",
    "tech_change_status": "Not Planned"
   }
  },
  {
   "type": "Feature",
   "geometry": {
    "type": "Point",
    "coordinates": [
     144.30252141,
     -38.17980368
    ]
   },
   "properties": {
    "name": "50 LAPIN GROVE WANDANA HEIGHTS 3216",
    "locID": "LOC000185066274",
    "tech": "FTTP",
    "upgrade": "NULL_NA",
    "gnaf_pid": "GAVIC719973466"
   }
  },
  {
   "type": "Feature",
   "geometry": {
    "type": "Point",
    "coordinates": [
     144.29893536,
     -38.17412541
    ]
   },
   "properties": {
    "name": "10 HEARDS WAY WANDANA HEIGHTS 3216",
    "locID": "LOC100089457393",
    "tech": "NULL",
    "upgrade": "NULL_NA",
    "gnaf_pid": "GAVIC719974886",
    "tech_change_status": "Not Planned"
   }
  },
  {
   "type": "Feature",
   "geometry": {
    "type": "Point",
    "coordinates": [
     144.29847799,
     -38.17489207
    ]
   },
   "properties": {
    "name": "94 MONCRIEFF CRESCENT WANDANA HEIGHTS 3216",
    "locID": "LOC100089457918",
    "tech": "NULL",
    "upgrade": "NULL_NA",
    "gnaf_pid": "GAVIC719975876",
    "tech_change_status": "Not Planned"
   }
  },
  {
   "type": "Feature",
   "geometry": {
    "type": "Point",
    "coordinates": [
     144.29808656,
     -38.17627069
    ]
   },
   "properties": {
    "name": "76 MONCRIEFF CRESCENT WANDANA HEIGHTS 3216",
    "locID": "LOC100089457598",
    "tech": "NULL",
    "upgrade": "NULL_NA",
    "gnaf_pid": "GAVIC719976289",
    "tech_change_status": "Not Planned"
   }
  },
  {
   "type": "Feature",
   "geometry": {
    "type": "Point",
    "coordinates": [
     144.3034361,
     -38.17978317
    ]
   },
   "properties": {
    "name": "10 VILLA STREET WANDANA HEIGHTS 3216",
    "locID": "LOC000181413863",
    "tech": "FTTP",
    "upgrade": "NULL_NA",
    "gnaf_pid": "GAVIC719978818"
   }
  },
  {
   "type": "Feature",
   "geometry": {
    "type": "Point",
    "coordinates": [
     144.29830573,
     -38.17569997
    ]
   },
   "properties": {
    "name": "84 MONCRIEFF CRESCENT WANDANA HEIGHTS 3216",
    "locID": "LOC100089457630",
    "tech": "NULL",
    "upgrade": "NULL_NA",
    "gnaf_pid": "GAVIC719980302",
    "tech_change_status": "Not Planned"
   }
  },
  {
   "type": "Feature",
   "geometry": {
    "type": "Point",
    "coordinates": [
     144.29840899,
     -38.17521626
    ]
   },
   "properties": {
    "name": "90 MONCRIEFF CRESCENT WANDANA HEIGHTS 3216",
    "locID": "LOC100089457580",
    "tech": "NULL",
    "upgrade": "NULL_NA",
    "gnaf_pid": "GAVIC719980323",
    "tech_change_status": "Not Planned"
   }
  },
  {
   "type": "Feature",
   "geometry": {
    "type": "Point",
    "coordinates": [
     144.30323697,
     -38.18005052
    ]
   },
   "properties": {
    "name": "11 VILLA STREET WANDANA HEIGHTS 3216",
    "locID": "LOC000181413885",
    "tech": "FTTP",
    "upgrade": "NULL_NA",
    "gnaf_pid": "GAVIC719980328"
   }
  },
  {
   "type": "Feature",
   "geometry": {
    "type": "Point",
    "coordinates": [
     144.30384579,
     -38.18012479
    ]
   },
   "properties": {
    "name": "5 VILLA STREET WANDANA HEIGHTS 3216",
    "locID": "LOC000181413918",
    "tech": "FTTP",
    "upgrade": "NULL_NA",
    "gnaf_pid": "GAVIC719982540"
   }
  },
  {
   "type": "Feature",
   "geometry": {
    "type": "Point",
    "coordinates": [
     144.30343991,
     -38.18007527
    ]
   },
   "properties": {
    "name": "9 VILLA STREET WANDANA HEIGHTS 3216",
    "locID": "LOC000181413892",
    "tech": "FTTP",
    "upgrade": "NULL_NA",
    "gnaf_pid": "GAVIC719982827"
   }
  },
  {
   "type": "Feature",
   "geometry": {
    "type": "Point",
    "coordinates": [
     144.30299397,
     -38.18002085
    ]
   },
   "properties": {
    "name": "31 LAPIN GROVE WANDANA HEIGHTS 3216",
    "locID": "LOC000181413816",
    "tech": "FTTP",
    "upgrade": "NULL_NA",
    "gnaf_pid": "GAVIC719983172"
   }
  },
  {
   "type": "Feature",
   "geometry": {
    "type": "Point",
    "coordinates": [
     144.29931884,
     -38.17417155
    ]
   },
   "properties": {
    "name": "6 HEARDS WAY WANDANA HEIGHTS 3216",
    "locID": "LOC100089457454",
    "tech": "NULL",
    "upgrade": "NULL_NA",
    "gnaf_pid": "GAVIC719984917",
    "tech_change_status": "Not Planned"
   }
  },
  {
   "type": "Feature",
   "geometry": {
    "type": "Point",
    "coordinates": [
     144.29837497,
     -38.17537613
    ]
   },
   "properties": {
    "name": "88 MONCRIEFF CRESCENT WANDANA HEIGHTS 3216",
    "locID": "LOC100089457719",
    "tech": "NULL",
    "upgrade": "NULL_NA",
    "gnaf_pid": "GAVIC719985835",
    "tech_change_status": "Not Planned"
   }
  },
  {
   "type": "Feature",
   "geometry": {
    "type": "Point",
    "coordinates": [
     144.29805513,
     -38.17513943
    ]
   },
   "properties": {
    "name": "85 MONCRIEFF CRESCENT WANDANA HEIGHTS 3216",
    "locID": "LOC100089457695",
    "tech": "NULL",
    "upgrade": "NULL_NA",
    "gnaf_pid": "GAVIC719985993",
    "tech_change_status": "Not Planned"
   }
  },
  {
   "type": "Feature",
   "geometry": {
    "type": "Point",
    "coordinates": [
     144.29911582,
     -38.17414713
    ]
   },
   "properties": {
    "name": "8 HEARDS WAY WANDANA HEIGHTS 3216",
    "locID": "LOC100089457412",
    "tech": "NULL",
    "upgrade": "NULL_NA",
    "gnaf_pid": "GAVIC719986981",
    "tech_change_status": "Not Planned"
   }
  },
  {
   "type": "Feature",
   "geometry": {
    "type": "Point",
    "coordinates": [
     144.29778854,
     -38.17647574
    ]
   },
   "properties": {
    "name": "72 MONCRIEFF CRESCENT WANDANA HEIGHTS 3216",
    "locID": "LOC100089457761",
    "tech": "NULL",
    "upgrade": "NULL_NA",
    "gnaf_pid": "GAVIC719987342",
    "tech_change_status": "Not Planned"
   }
  },
  {
   "type": "Feature",
   "geometry": {
    "type": "Point",
    "coordinates": [
     144.30404918,
     -38.18014952
    ]
   },
   "properties": {
    "name": "3 VILLA STREET WANDANA HEIGHTS 3216",
    "locID": "LOC000181413925",
    "tech": "FTTP",
    "upgrade": "NULL_NA",
    "gnaf_pid": "GAVIC719987359"
   }
  },
  {
   "type": "Feature",
   "geometry": {
    "type": "Point",
    "coordinates": [
     144.29854983,
     -38.17455455
    ]
   },
   "properties": {
    "name": "98 MONCRIEFF CRESCENT WANDANA HEIGHTS 3216",
    "locID": "LOC100089457648",
    "tech": "NULL",
    "upgrade": "NULL_NA",
    "gnaf_pid": "GAVIC719987635",
    "tech_change_status": "Not Planned"
   }
  },
  {
   "type": "Feature",
   "geometry": {
    "type": "Point",
    "coordinates": [
     144.29825249,
     -38.17594867
    ]
   },
   "properties": {
    "name": "80 MONCRIEFF CRESCENT WANDANA HEIGHTS 3216",
    "locID": "LOC100089457682",
    "tech": "NULL",
    "upgrade": "NULL_NA",
    "gnaf_pid": "GAVIC719987637",
    "tech_change_status": "Not Planned"
   }
  },
  {
   "type": "Feature",
   "geometry": {
    "type": "Point",
    "coordinates": [
     144.30547478,
     -38.17383814
    ]
   },
   "properties": {
    "name": "5A CANTERBURY COURT WANDANA HEIGHTS 3216",
    "locID": "LOC000180868698",
    "tech": "FTTN",
    "upgrade": "FTTP_SA",
    "gnaf_pid": "GAVIC719987653",
    "tech_change_status": "Eligible to Order",
    "program_type": "On-Demand N2P SDU/MDU Simple",
    "target_eligibility_quarter": "NA"
   }
  },
  {
   "type": "Feature",
   "geometry": {
    "type": "Point",
    "coordinates": [
     144.30559283,
     -38.17378832
    ]
   },
   "properties": {
    "name": "5C CANTERBURY COURT WANDANA HEIGHTS 3216",
    "locID": "LOC000104505238",
    "tech": "FTTP",
    "upgrade": "NULL_NA",
    "gnaf_pid": "GAVIC719987879",
    "program_type": "On-Demand N2P SDU/MDU Simple",
    "target_eligibility_quarter": "NA"
   }
  },
  {
   "type": "Feature",
   "geometry": {
    "type": "Point",
    "coordinates": [
     144.30249757,
     -38.18006036
    ]
   },
   "properties": {
    "name": "52 LAPIN GROVE WANDANA HEIGHTS 3216",
    "locID": "LOC000181887476",
    "tech": "FTTP",
    "upgrade": "NULL_NA",
    "gnaf_pid": "GAVIC719988734"
   }
  },
  {
   "type": "Feature",
   "geometry": {
    "type": "Point",
    "coordinates": [
     144.29875486,
     -38.1741037
    ]
   },
   "properties": {
    "name": "12 HEARDS WAY WANDANA HEIGHTS 3216",
    "locID": "LOC100089457386",
    "tech": "NULL",
    "upgrade": "NULL_NA",
    "gnaf_pid": "GAVIC719989546",
    "tech_change_status": "Not Planned"
   }
  },
  {
   "type": "Feature",
   "geometry": {
    "type": "Point",
    "coordinates": [
     144.30324445,
     -38.17975974
    ]
   },
   "properties": {
    "name": "12 VILLA STREET WANDANA HEIGHTS 3216",
    "locID": "LOC000181413871",
    "tech": "FTTP",
    "upgrade": "NULL_NA",
    "gnaf_pid": "GAVIC719989775"
   }
  },
  {
   "type": "Feature",
   "geometry": {
    "type": "Point",
    "coordinates": [
     144.30437394,
     -38.18028865
    ]
   },
   "properties": {
    "name": "1 VILLA STREET WANDANA HEIGHTS 3216",
    "locID": "LOC000181413939",
    "tech": "FTTP",
    "upgrade": "NULL_NA",
    "gnaf_pid": "GAVIC719989795"
   }
  },
  {
   "type": "Feature",
   "geometry": {
    "type": "Point",
    "coordinates": [
     144.30251738,
     -38.17963441
    ]
   },
   "properties": {
    "name": "48 LAPIN GROVE WANDANA HEIGHTS 3216",
    "locID": "LOC000181887787",
    "tech": "FTTP",
    "upgrade": "NULL_NA",
    "gnaf_pid": "GAVIC719989835"
   }
  },
  {
   "type": "Feature",
   "geometry": {
    "type": "Point",
    "coordinates": [
     144.30361654,
     -38.17980519
    ]
   },
   "properties": {
    "name": "8 VILLA STREET WANDANA HEIGHTS 3216",
    "locID": "LOC000181413859",
    "tech": "FTTP",
    "upgrade": "NULL_NA",
    "gnaf_pid": "GAVIC719990144"
   }
  },
  {
   "type": "Feature",
   "geometry": {
    "type": "Point",
    "coordinates": [
     144.29770269,
     -38.1761605
    ]
   },
   "properties": {
    "name": "75 MONCRIEFF CRESCENT WANDANA HEIGHTS 3216",
    "locID": "LOC100089457669",
    "tech": "NULL",
    "upgrade": "NULL_NA",
    "gnaf_pid": "GAVIC719990923",
    "tech_change_status": "Not Planned"
   }
  },
  {
   "type": "Feature",
   "geometry": {
    "type": "Point",
    "coordinates": [
     144.30364284,
     -38.18010003
    ]
   },
   "properties": {
    "name": "7 VILLA STREET WANDANA HEIGHTS 3216",
    "locID": "LOC000181413902",
    "tech": "FTTP",
    "upgrade": "NULL_NA",
    "gnaf_pid": "GAVIC719991308"
   }
  },
  {
   "type": "Feature",
   "geometry": {
    "type": "Point",
    "coordinates": [
     144.29844302,
     -38.17505638
    ]
   },
   "properties": {
    "name": "92 MONCRIEFF CRESCENT WANDANA HEIGHTS 3216",
    "locID": "LOC100089457925",
    "tech": "NULL",
    "upgrade": "NULL_NA",
    "gnaf_pid": "GAVIC719992837",
    "tech_change_status": "Not Planned"
   }
  },
  {
   "type": "Feature",
   "geometry": {
    "type": "Point",
    "coordinates": [
     144.29858553,
     -38.17438681
    ]
   },
   "properties": {
    "name": "100 MONCRIEFF CRESCENT WANDANA HEIGHTS 3216",
    "locID": "LOC100089457676",
    "tech": "NULL",
    "upgrade": "NULL_NA",
    "gnaf_pid": "GAVIC719993151",
    "tech_change_status": "Not Planned"
   }
  },
  {
   "type": "Feature",
   "geometry": {
    "type": "Point",
    "coordinates": [
     144.30401149,
     -38.17985335
    ]
   },
   "properties": {
    "name": "4 VILLA STREET WANDANA HEIGHTS 3216",
    "locID": "LOC000181413837",
    "tech": "FTTP",
    "upgrade": "NULL_NA",
    "gnaf_pid": "GAVIC719993383"
   }
  },
  {
   "type": "Feature",
   "geometry": {
    "type": "Point",
    "coordinates": [
     144.29959951,
     -38.17420532
    ]
   },
   "properties": {
    "name": "2-4 HEARDS WAY WANDANA HEIGHTS 3216",
    "locID": "LOC100089457431",
    "tech": "NULL",
    "upgrade": "NULL_NA",
    "gnaf_pid": "GAVIC719994126",
    "tech_change_status": "Not Planned"
   }
  },
  {
   "type": "Feature",
   "geometry": {
    "type": "Point",
    "coordinates": [
     144.30380829,
     -38.17982855
    ]
   },
   "properties": {
    "name": "6 VILLA STREET WANDANA HEIGHTS 3216",
    "locID": "LOC000181413844",
    "tech": "FTTP",
    "upgrade": "NULL_NA",
    "gnaf_pid": "GAVIC719994890"
   }
  },
  {
   "type": "Feature",
   "geometry": {
    "type": "Point",
    "coordinates": [
     144.29761956,
     -38.17658295
    ]
   },
   "properties": {
    "name": "70 MONCRIEFF CRESCENT WANDANA HEIGHTS 3216",
    "locID": "LOC100089457871",
    "tech": "NULL",
    "upgrade": "NULL_NA",
    "gnaf_pid": "GAVIC719995339",
    "tech_change_status": "Not Planned"
   }
  },
  {
   "type": "Feature",
   "geometry": {
    "type": "Point",
    "coordinates": [
     144.2980816,
     -38.17501508
    ]
   },
   "properties": {
    "name": "87 MONCRIEFF CRESCENT WANDANA HEIGHTS 3216",
    "locID": "LOC100089457863",
    "tech": "NULL",
    "upgrade": "NULL_NA",
    "gnaf_pid": "GAVIC719997798",
    "tech_change_status": "Not Planned"
   }
  },
  {
   "type": "Feature",
   "geometry": {
    "type": "Point",
    "coordinates": [
     144.3030106,
     -38.17973118
    ]
   },
   "properties": {
    "name": "29 LAPIN GROVE WANDANA HEIGHTS 3216",
    "locID": "LOC000181413742",
    "tech": "FTTP",
    "upgrade": "NULL_NA",
    "gnaf_pid": "GAVIC719998665"
   }
  },
  {
   "type": "Feature",
   "geometry": {
    "type": "Point",
    "coordinates": [
     144.30251405,
     -38.17948815
    ]
   },
   "properties": {
    "name": "46 LAPIN GROVE WANDANA HEIGHTS 3216",
    "locID": "LOC000185066261",
    "tech": "FTTP",
    "upgrade": "NULL_NA",
    "gnaf_pid": "GAVIC720000797"
   }
  },
  {
   "type": "Feature",
   "geometry": {
    "type": "Point",
    "coordinates": [
     144.29622788,
     -38.17666936
    ]
   },
   "properties": {
    "name": "58 MONCRIEFF CRESCENT WANDANA HEIGHTS 3216",
    "locID": "LOC100092148123",
    "tech": "FTTN",
    "upgrade": "NULL_NA",
    "gnaf_pid": "GAVIC720050933",
    "tech_change_status": "Not Planned"
   }
  },
  {
   "type": "Feature",
   "geometry": {
    "type": "Point",
    "coordinates": [
     144.29498066,
     -38.17544434
    ]
   },
   "properties": {
    "name": "38 MONCRIEFF CRESCENT WANDANA HEIGHTS 3216",
    "locID": "LOC100087630788",
    "tech": "NULL",
    "upgrade": "NULL_NA",
    "gnaf_pid": "GAVIC720052164",
    "tech_change_status": "Not Planned"
   }
  },
  {
   "type": "Feature",
   "geometry": {
    "type": "Point",
    "coordinates": [
     144.29602359,
     -38.17646872
    ]
   },
   "properties": {
    "name": "54 MONCRIEFF CRESCENT WANDANA HEIGHTS 3216",
    "locID": "LOC100092148134",
    "tech": "FTTN",
    "upgrade": "NULL_NA",
    "gnaf_pid": "GAVIC720052338",
    "tech_change_status": "Not Planned"
   }
  },
  {
   "type": "Feature",
   "geometry": {
    "type": "Point",
    "coordinates": [
     144.29570755,
     -38.17648634
    ]
   },
   "properties": {
    "name": "52 MONCRIEFF CRESCENT WANDANA HEIGHTS 3216",
    "locID": "LOC100087630800",
    "tech": "NULL",
    "upgrade": "NULL_NA",
    "gnaf_pid": "GAVIC720052817",
    "tech_change_status": "Not Planned"
   }
  },
  {
   "type": "Feature",
   "geometry": {
    "type": "Point",
    "coordinates": [
     144.29608493,
     -38.17652896
    ]
   },
   "properties": {
    "name": "56 MONCRIEFF CRESCENT WANDANA HEIGHTS 3216",
    "locID": "LOC100092148110",
    "tech": "FTTN",
    "upgrade": "NULL_NA",
    "gnaf_pid": "GAVIC720053610",
    "tech_change_status": "Not Planned"
   }
  },
  {
   "type": "Feature",
   "geometry": {
    "type": "Point",
    "coordinates": [
     144.29551314,
     -38.17596734
    ]
   },
   "properties": {
    "name": "46 MONCRIEFF CRESCENT WANDANA HEIGHTS 3216",
    "locID": "LOC100081335159",
    "tech": "NULL",
    "upgrade": "NULL_NA",
    "gnaf_pid": "GAVIC720053635",
    "tech_change_status": "Not Planned"
   }
  },
  {
   "type": "Feature",
   "geometry": {
    "type": "Point",
    "coordinates": [
     144.29477865,
     -38.17518995
    ]
   },
   "properties": {
    "name": "2 OBAN PLACE WANDANA HEIGHTS 3216",
    "locID": "LOC100087630774",
    "tech": "NULL",
    "upgrade": "NULL_NA",
    "gnaf_pid": "GAVIC720057164",
    "tech_change_status": "Not Planned"
   }
  },
  {
   "type": "Feature",
   "geometry": {
    "type": "Point",
    "coordinates": [
     144.2948529,
     -38.17531885
    ]
   },
   "properties": {
    "name": "1 OBAN PLACE WANDANA HEIGHTS 3216",
    "locID": "LOC100081223867",
    "tech": "NULL",
    "upgrade": "NULL_NA",
    "gnaf_pid": "GAVIC720058334",
    "tech_change_status": "Not Planned"
   }
  },
  {
   "type": "Feature",
   "geometry": {
    "type": "Point",
    "coordinates": [
     144.29637083,
     -38.17680976
    ]
   },
   "properties": {
    "name": "60 MONCRIEFF CRESCENT WANDANA HEIGHTS 3216",
    "locID": "LOC100092148168",
    "tech": "FTTN",
    "upgrade": "NULL_NA",
    "gnaf_pid": "GAVIC720060449",
    "tech_change_status": "Not Planned"
   }
  },
  {
   "type": "Feature",
   "geometry": {
    "type": "Point",
    "coordinates": [
     144.29557602,
     -38.17629067
    ]
   },
   "properties": {
    "name": "50 MONCRIEFF CRESCENT WANDANA HEIGHTS 3216",
    "locID": "LOC100085791574",
    "tech": "NULL",
    "upgrade": "NULL_NA",
    "gnaf_pid": "GAVIC720066638",
    "tech_change_status": "Not Planned"
   }
  },
  {
   "type": "Feature",
   "geometry": {
    "type": "Point",
    "coordinates": [
     144.29654722,
     -38.17698612
    ]
   },
   "properties": {
    "name": "62 MONCRIEFF CRESCENT WANDANA HEIGHTS 3216",
    "locID": "LOC100092148175",
    "tech": "FTTN",
    "upgrade": "NULL_NA",
    "gnaf_pid": "GAVIC720068152",
    "tech_change_status": "Not Planned"
   }
  },
  {
   "type": "Feature",
   "geometry": {
    "type": "Point",
    "coordinates": [
     144.29523439,
     -38.17569356
    ]
   },
   "properties": {
    "name": "42 MONCRIEFF CRESCENT WANDANA HEIGHTS 3216",
    "locID": "LOC100087680950",
    "tech": "NULL",
    "upgrade": "NULL_NA",
    "gnaf_pid": "GAVIC720068414",
    "tech_change_status": "Not Planned"
   }
  },
  {
   "type": "Feature",
   "geometry": {
    "type": "Point",
    "coordinates": [
     144.29695515,
     -38.1733298
    ]
   },
   "properties": {
    "name": "12 BROWNHILL RIDGE WANDANA HEIGHTS 3216",
    "locID": "LOC100089456307",
    "tech": "NULL",
    "upgrade": "NULL_NA",
    "gnaf_pid": "GAVIC720124541",
    "tech_change_status": "Not Planned"
   }
  },
  {
   "type": "Feature",
   "geometry": {
    "type": "Point",
    "coordinates": [
     144.2969644,
     -38.17504633
    ]
   },
   "properties": {
    "name": "37 BROWNHILL RIDGE WANDANA HEIGHTS 3216",
    "locID": "LOC100089456574",
    "tech": "NULL",
    "upgrade": "NULL_NA",
    "gnaf_pid": "GAVIC720124549",
    "tech_change_status": "Not Planned"
   }
  },
  {
   "type": "Feature",
   "geometry": {
    "type": "Point",
    "coordinates": [
     144.2967581,
     -38.17427623
    ]
   },
   "properties": {
    "name": "26 BROWNHILL RIDGE WANDANA HEIGHTS 3216",
    "locID": "LOC100089456400",
    "tech": "NULL",
    "upgrade": "NULL_NA",
    "gnaf_pid": "GAVIC720125280",
    "tech_change_status": "Not Planned"
   }
  },
  {
   "type": "Feature",
   "geometry": {
    "type": "Point",
    "coordinates": [
     144.29741562,
     -38.17289261
    ]
   },
   "properties": {
    "name": "5 BROWNHILL RIDGE WANDANA HEIGHTS 3216",
    "locID": "LOC100089456444",
    "tech": "NULL",
    "upgrade": "NULL_NA",
    "gnaf_pid": "GAVIC720125343",
    "tech_change_status": "Not Planned"
   }
  },
  {
   "type": "Feature",
   "geometry": {
    "type": "Point",
    "coordinates": [
     144.29683738,
     -38.1738986
    ]
   },
   "properties": {
    "name": "20 BROWNHILL RIDGE WANDANA HEIGHTS 3216",
    "locID": "LOC100089456601",
    "tech": "NULL",
    "upgrade": "NULL_NA",
    "gnaf_pid": "GAVIC720125924",
    "tech_change_status": "Not Planned"
   }
  },
  {
   "type": "Feature",
   "geometry": {
    "type": "Point",
    "coordinates": [
     144.29670139,
     -38.17454269
    ]
   },
   "properties": {
    "name": "30 BROWNHILL RIDGE WANDANA HEIGHTS 3216",
    "locID": "LOC100089456376",
    "tech": "NULL",
    "upgrade": "NULL_NA",
    "gnaf_pid": "GAVIC720126192",
    "tech_change_status": "Not Planned"
   }
  },
  {
   "type": "Feature",
   "geometry": {
    "type": "Point",
    "coordinates": [
     144.2972366,
     -38.17421259
    ]
   },
   "properties": {
    "name": "21 BROWNHILL RIDGE WANDANA HEIGHTS 3216",
    "locID": "LOC100089456557",
    "tech": "NULL",
    "upgrade": "NULL_NA",
    "gnaf_pid": "GAVIC720126603",
    "tech_change_status": "Not Planned"
   }
  },
  {
   "type": "Feature",
   "geometry": {
    "type": "Point",
    "coordinates": [
     144.29692569,
     -38.17347198
    ]
   },
   "properties": {
    "name": "14 BROWNHILL RIDGE WANDANA HEIGHTS 3216",
    "locID": "LOC100089456526",
    "tech": "NULL",
    "upgrade": "NULL_NA",
    "gnaf_pid": "GAVIC720126655",
    "tech_change_status": "Not Planned"
   }
  },
  {
   "type": "Feature",
   "geometry": {
    "type": "Point",
    "coordinates": [
     144.29691953,
     -38.17525709
    ]
   },
   "properties": {
    "name": "41 BROWNHILL RIDGE WANDANA HEIGHTS 3216",
    "locID": "LOC100089456733",
    "tech": "NULL",
    "upgrade": "NULL_NA",
    "gnaf_pid": "GAVIC720127157",
    "tech_change_status": "Not Planned"
   }
  },
  {
   "type": "Feature",
   "geometry": {
    "type": "Point",
    "coordinates": [
     144.30426828,
     -38.1798171
    ]
   },
   "properties": {
    "name": "2 VILLA STREET WANDANA HEIGHTS 3216",
    "locID": "LOC000181413828",
    "tech": "FTTP",
    "upgrade": "NULL_NA",
    "gnaf_pid": "GAVIC720127725"
   }
  },
  {
   "type": "Feature",
   "geometry": {
    "type": "Point",
    "coordinates": [
     144.29678646,
     -38.17414301
    ]
   },
   "properties": {
    "name": "24 BROWNHILL RIDGE WANDANA HEIGHTS 3216",
    "locID": "LOC100089456542",
    "tech": "NULL",
    "upgrade": "NULL_NA",
    "gnaf_pid": "GAVIC720128179",
    "tech_change_status": "Not Planned"
   }
  },
  {
   "type": "Feature",
   "geometry": {
    "type": "Point",
    "coordinates": [
     144.29703151,
     -38.17473102
    ]
   },
   "properties": {
    "name": "31 BROWNHILL RIDGE WANDANA HEIGHTS 3216",
    "locID": "LOC100089456722",
    "tech": "NULL",
    "upgrade": "NULL_NA",
    "gnaf_pid": "GAVIC720128254",
    "tech_change_status": "Not Planned"
   }
  },
  {
   "type": "Feature",
   "geometry": {
    "type": "Point",
    "coordinates": [
     144.2973862,
     -38.17303485
    ]
   },
   "properties": {
    "name": "7 BROWNHILL RIDGE WANDANA HEIGHTS 3216",
    "locID": "LOC100089456705",
    "tech": "NULL",
    "upgrade": "NULL_NA",
    "gnaf_pid": "GAVIC720128963",
    "tech_change_status": "Not Planned"
   }
  },
  {
   "type": "Feature",
   "geometry": {
    "type": "Point",
    "coordinates": [
     144.29698273,
     -38.17319645
    ]
   },
   "properties": {
    "name": "10 BROWNHILL RIDGE WANDANA HEIGHTS 3216",
    "locID": "LOC100089456655",
    "tech": "NULL",
    "upgrade": "NULL_NA",
    "gnaf_pid": "GAVIC720129006",
    "tech_change_status": "Not Planned"
   }
  },
  {
   "type": "Feature",
   "geometry": {
    "type": "Point",
    "coordinates": [
     144.29735673,
     -38.17317708
    ]
   },
   "properties": {
    "name": "9 BROWNHILL RIDGE WANDANA HEIGHTS 3216",
    "locID": "LOC100089456588",
    "tech": "NULL",
    "upgrade": "NULL_NA",
    "gnaf_pid": "GAVIC720129302",
    "tech_change_status": "Not Planned"
   }
  },
  {
   "type": "Feature",
   "geometry": {
    "type": "Point",
    "coordinates": [
     144.29658701,
     -38.17508004
    ]
   },
   "properties": {
    "name": "38 BROWNHILL RIDGE WANDANA HEIGHTS 3216",
    "locID": "LOC100089456416",
    "tech": "NULL",
    "upgrade": "NULL_NA",
    "gnaf_pid": "GAVIC720129613",
    "tech_change_status": "Not Planned"
   }
  },
  {
   "type": "Feature",
   "geometry": {
    "type": "Point",
    "coordinates": [
     144.29726686,
     -38.17361142
    ]
   },
   "properties": {
    "name": "15 BROWNHILL RIDGE WANDANA HEIGHTS 3216",
    "locID": "LOC100089456353",
    "tech": "NULL",
    "upgrade": "NULL_NA",
    "gnaf_pid": "GAVIC720130473",
    "tech_change_status": "Not Planned"
   }
  },
  {
   "type": "Feature",
   "geometry": {
    "type": "Point",
    "coordinates": [
     144.29667445,
     -38.17466925
    ]
   },
   "properties": {
    "name": "32 BROWNHILL RIDGE WANDANA HEIGHTS 3216",
    "locID": "LOC100089456561",
    "tech": "NULL",
    "upgrade": "NULL_NA",
    "gnaf_pid": "GAVIC720131567",
    "tech_change_status": "Not Planned"
   }
  },
  {
   "type": "Feature",
   "geometry": {
    "type": "Point",
    "coordinates": [
     144.29705999,
     -38.17282309
    ]
   },
   "properties": {
    "name": "4 BROWNHILL RIDGE WANDANA HEIGHTS 3216",
    "locID": "LOC100089456492",
    "tech": "NULL",
    "upgrade": "NULL_NA",
    "gnaf_pid": "GAVIC720131726",
    "tech_change_status": "Not Planned"
   }
  },
  {
   "type": "Feature",
   "geometry": {
    "type": "Point",
    "coordinates": [
     144.29681117,
     -38.17402527
    ]
   },
   "properties": {
    "name": "22 BROWNHILL RIDGE WANDANA HEIGHTS 3216",
    "locID": "LOC100089456463",
    "tech": "NULL",
    "upgrade": "NULL_NA",
    "gnaf_pid": "GAVIC720133652",
    "tech_change_status": "Not Planned"
   }
  },
  {
   "type": "Feature",
   "geometry": {
    "type": "Point",
    "coordinates": [
     144.29664751,
     -38.17479582
    ]
   },
   "properties": {
    "name": "34 BROWNHILL RIDGE WANDANA HEIGHTS 3216",
    "locID": "LOC100089456428",
    "tech": "NULL",
    "upgrade": "NULL_NA",
    "gnaf_pid": "GAVIC720134378",
    "tech_change_status": "Not Planned"
   }
  },
  {
   "type": "Feature",
   "geometry": {
    "type": "Point",
    "coordinates": [
     144.2974735,
     -38.17558857
    ]
   },
   "properties": {
    "name": "51 BROWNHILL RIDGE WANDANA HEIGHTS 3216",
    "locID": "LOC100089456503",
    "tech": "NULL",
    "upgrade": "NULL_NA",
    "gnaf_pid": "GAVIC720134496",
    "tech_change_status": "Not Planned"
   }
  },
  {
   "type": "Feature",
   "geometry": {
    "type": "Point",
    "coordinates": [
     144.29732725,
     -38.17331931
    ]
   },
   "properties": {
    "name": "11 BROWNHILL RIDGE WANDANA HEIGHTS 3216",
    "locID": "LOC100089456590",
    "tech": "NULL",
    "upgrade": "NULL_NA",
    "gnaf_pid": "GAVIC720134586",
    "tech_change_status": "Not Planned"
   }
  },
  {
   "type": "Feature",
   "geometry": {
    "type": "Point",
    "coordinates": [
     144.29689307,
     -38.17538133
    ]
   },
   "properties": {
    "name": "43 BROWNHILL RIDGE WANDANA HEIGHTS 3216",
    "locID": "LOC100089456664",
    "tech": "NULL",
    "upgrade": "NULL_NA",
    "gnaf_pid": "GAVIC720135554",
    "tech_change_status": "Not Planned"
   }
  },
  {
   "type": "Feature",
   "geometry": {
    "type": "Point",
    "coordinates": [
     144.29729687,
     -38.17346599
    ]
   },
   "properties": {
    "name": "13 BROWNHILL RIDGE WANDANA HEIGHTS 3216",
    "locID": "LOC100089456617",
    "tech": "NULL",
    "upgrade": "NULL_NA",
    "gnaf_pid": "GAVIC720135841",
    "tech_change_status": "Not Planned"
   }
  },
  {
   "type": "Feature",
   "geometry": {
    "type": "Point",
    "coordinates": [
     144.29686681,
     -38.17375638
    ]
   },
   "properties": {
    "name": "18 BROWNHILL RIDGE WANDANA HEIGHTS 3216",
    "locID": "LOC100089456459",
    "tech": "NULL",
    "upgrade": "NULL_NA",
    "gnaf_pid": "GAVIC720136123",
    "tech_change_status": "Not Planned"
   }
  },
  {
   "type": "Feature",
   "geometry": {
    "type": "Point",
    "coordinates": [
     144.29792449,
     -38.17564317
    ]
   },
   "properties": {
    "name": "55 BROWNHILL RIDGE WANDANA HEIGHTS 3216",
    "locID": "LOC100089456693",
    "tech": "NULL",
    "upgrade": "NULL_NA",
    "gnaf_pid": "GAVIC720137720",
    "tech_change_status": "Not Planned"
   }
  },
  {
   "type": "Feature",
   "geometry": {
    "type": "Point",
    "coordinates": [
     144.2973505,
     -38.17393459
    ]
   },
   "properties": {
    "name": "19 BROWNHILL RIDGE WANDANA HEIGHTS 3216",
    "locID": "LOC100089456278",
    "tech": "NULL",
    "upgrade": "NULL_NA",
    "gnaf_pid": "GAVIC720138422",
    "tech_change_status": "Not Planned"
   }
  },
  {
   "type": "Feature",
   "geometry": {
    "type": "Point",
    "coordinates": [
     144.2970085,
     -38.173072
    ]
   },
   "properties": {
    "name": "8 BROWNHILL RIDGE WANDANA HEIGHTS 3216",
    "locID": "LOC100089456485",
    "tech": "NULL",
    "upgrade": "NULL_NA",
    "gnaf_pid": "GAVIC720138523",
    "tech_change_status": "Not Planned"
   }
  },
  {
   "type": "Feature",
   "geometry": {
    "type": "Point",
    "coordinates": [
     144.29695705,
     -38.1726537
    ]
   },
   "properties": {
    "name": "2 BROWNHILL RIDGE WANDANA HEIGHTS 3216",
    "locID": "LOC100089456746",
    "tech": "NULL",
    "upgrade": "NULL_NA",
    "gnaf_pid": "GAVIC720138714",
    "tech_change_status": "Not Planned"
   }
  },
  {
   "type": "Feature",
   "geometry": {
    "type": "Point",
    "coordinates": [
     144.29769898,
     -38.17561587
    ]
   },
   "properties": {
    "name": "53 BROWNHILL RIDGE WANDANA HEIGHTS 3216",
    "locID": "LOC100089456640",
    "tech": "NULL",
    "upgrade": "NULL_NA",
    "gnaf_pid": "GAVIC720139560",
    "tech_change_status": "Not Planned"
   }
  },
  {
   "type": "Feature",
   "geometry": {
    "type": "Point",
    "coordinates": [
     144.29712391,
     -38.17429693
    ]
   },
   "properties": {
    "name": "23 BROWNHILL RIDGE WANDANA HEIGHTS 3216",
    "locID": "LOC100089456348",
    "tech": "NULL",
    "upgrade": "NULL_NA",
    "gnaf_pid": "GAVIC720140246",
    "tech_change_status": "Not Planned"
   }
  },
  {
   "type": "Feature",
   "geometry": {
    "type": "Point",
    "coordinates": [
     144.29672975,
     -38.17440946
    ]
   },
   "properties": {
    "name": "28 BROWNHILL RIDGE WANDANA HEIGHTS 3216",
    "locID": "LOC100089456672",
    "tech": "NULL",
    "upgrade": "NULL_NA",
    "gnaf_pid": "GAVIC720141713",
    "tech_change_status": "Not Planned"
   }
  },
  {
   "type": "Feature",
   "geometry": {
    "type": "Point",
    "coordinates": [
     144.29700788,
     -38.17484205
    ]
   },
   "properties": {
    "name": "33 BROWNHILL RIDGE WANDANA HEIGHTS 3216",
    "locID": "LOC100089456395",
    "tech": "NULL",
    "upgrade": "NULL_NA",
    "gnaf_pid": "GAVIC720142652",
    "tech_change_status": "Not Planned"
   }
  },
  {
   "type": "Feature",
   "geometry": {
    "type": "Point",
    "coordinates": [
     144.29723749,
     -38.17375491
    ]
   },
   "properties": {
    "name": "17 BROWNHILL RIDGE WANDANA HEIGHTS 3216",
    "locID": "LOC100089456767",
    "tech": "NULL",
    "upgrade": "NULL_NA",
    "gnaf_pid": "GAVIC720143110",
    "tech_change_status": "Not Planned"
   }
  },
  {
   "type": "Feature",
   "geometry": {
    "type": "Point",
    "coordinates": [
     144.29698614,
     -38.17494419
    ]
   },
   "properties": {
    "name": "35 BROWNHILL RIDGE WANDANA HEIGHTS 3216",
    "locID": "LOC100089456369",
    "tech": "NULL",
    "upgrade": "NULL_NA",
    "gnaf_pid": "GAVIC720143359",
    "tech_change_status": "Not Planned"
   }
  },
  {
   "type": "Feature",
   "geometry": {
    "type": "Point",
    "coordinates": [
     144.29661726,
     -38.17493793
    ]
   },
   "properties": {
    "name": "36 BROWNHILL RIDGE WANDANA HEIGHTS 3216",
    "locID": "LOC100089456629",
    "tech": "NULL",
    "upgrade": "NULL_NA",
    "gnaf_pid": "GAVIC720143920",
    "tech_change_status": "Not Planned"
   }
  },
  {
   "type": "Feature",
   "geometry": {
    "type": "Point",
    "coordinates": [
     144.29694265,
     -38.17514847
    ]
   },
   "properties": {
    "name": "39 BROWNHILL RIDGE WANDANA HEIGHTS 3216",
    "locID": "LOC100089456471",
    "tech": "NULL",
    "upgrade": "NULL_NA",
    "gnaf_pid": "GAVIC720144739",
    "tech_change_status": "Not Planned"
   }
  },
  {
   "type": "Feature",
   "geometry": {
    "type": "Point",
    "coordinates": [
     144.29703427,
     -38.17294754
    ]
   },
   "properties": {
    "name": "6 BROWNHILL RIDGE WANDANA HEIGHTS 3216",
    "locID": "LOC100089456638",
    "tech": "NULL",
    "upgrade": "NULL_NA",
    "gnaf_pid": "GAVIC720145071",
    "tech_change_status": "Not Planned"
   }
  },
  {
   "type": "Feature",
   "geometry": {
    "type": "Point",
    "coordinates": [
     144.29689624,
     -38.17361417
    ]
   },
   "properties": {
    "name": "16 BROWNHILL RIDGE WANDANA HEIGHTS 3216",
    "locID": "LOC100089456519",
    "tech": "NULL",
    "upgrade": "NULL_NA",
    "gnaf_pid": "GAVIC720145156",
    "tech_change_status": "Not Planned"
   }
  },
  {
   "type": "Feature",
   "geometry": {
    "type": "Point",
    "coordinates": [
     144.29655501,
     -38.17523036
    ]
   },
   "properties": {
    "name": "40 BROWNHILL RIDGE WANDANA HEIGHTS 3216",
    "locID": "LOC100089456382",
    "tech": "NULL",
    "upgrade": "NULL_NA",
    "gnaf_pid": "GAVIC720146265",
    "tech_change_status": "Not Planned"
   }
  },
  {
   "type": "Feature",
   "geometry": {
    "type": "Point",
    "coordinates": [
     144.30561064,
     -38.17121888
    ]
   },
   "properties": {
    "name": "9 LUCALBYN COURT WANDANA HEIGHTS 3216",
    "locID": "LOC000189732072",
    "tech": "FTTP",
    "upgrade": "NULL_NA",
    "gnaf_pid": "GAVIC720233271",
    "program_type": "On-Demand N2P SDU/MDU Simple",
    "target_eligibility_quarter": "NA"
   }
  },
  {
   "type": "Feature",
   "geometry": {
    "type": "Point",
    "coordinates": [
     144.29545009,
     -38.17613947
    ]
   },
   "properties": {
    "name": "48 MONCRIEFF CRESCENT WANDANA HEIGHTS 3216",
    "locID": "LOC100087630790",
    "tech": "NULL",
    "upgrade": "NULL_NA",
    "gnaf_pid": "GAVIC720282090",
    "tech_change_status": "Not Planned"
   }
  },
  {
   "type": "Feature",
   "geometry": {
    "type": "Point",
    "coordinates": [
     144.29724216,
     -38.17585223
    ]
   },
   "properties": {
    "name": "50 BROWNHILL RIDGE WANDANA HEIGHTS 3216",
    "locID": "LOC100089456686",
    "tech": "NULL",
    "upgrade": "NULL_NA",
    "gnaf_pid": "GAVIC720289078",
    "tech_change_status": "Not Planned"
   }
  },
  {
   "type": "Feature",
   "geometry": {
    "type": "Point",
    "coordinates": [
     144.2974869,
     -38.17588185
    ]
   },
   "properties": {
    "name": "52 BROWNHILL RIDGE WANDANA HEIGHTS 3216",
    "locID": "LOC100089456714",
    "tech": "NULL",
    "upgrade": "NULL_NA",
    "gnaf_pid": "GAVIC720290114",
    "tech_change_status": "Not Planned"
   }
  },
  {
   "type": "Feature",
   "geometry": {
    "type": "Point",
    "coordinates": [
     144.29724797,
     -38.17556128
    ]
   },
   "properties": {
    "name": "49 BROWNHILL RIDGE WANDANA HEIGHTS 3216",
    "locID": "LOC100089456535",
    "tech": "NULL",
    "upgrade": "NULL_NA",
    "gnaf_pid": "GAVIC720290743",
    "tech_change_status": "Not Planned"
   }
  },
  {
   "type": "Feature",
   "geometry": {
    "type": "Point",
    "coordinates": [
     144.29688916,
     -38.1758095
    ]
   },
   "properties": {
    "name": "46-48 BROWNHILL RIDGE WANDANA HEIGHTS 3216",
    "locID": "LOC100089456437",
    "tech": "NULL",
    "upgrade": "NULL_NA",
    "gnaf_pid": "GAVIC720296833",
    "tech_change_status": "Not Planned"
   }
  },
  {
   "type": "Feature",
   "geometry": {
    "type": "Point",
    "coordinates": [
     144.29876652,
     -38.17642424
    ]
   },
   "properties": {
    "name": "69-73 CITYVIEW DRIVE WANDANA HEIGHTS 3216",
    "locID": "LOC000184731046",
    "tech": "FTTP",
    "upgrade": "FTTP_NA",
    "gnaf_pid": "GAVIC720351755",
    "tech_change_status": "Previous Tech Disconnected",
    "program_type": "On-Demand N2P SDU/MDU Simple",
    "target_eligibility_quarter": "NA"
   }
  },
  {
   "type": "Feature",
   "geometry": {
    "type": "Point",
    "coordinates": [
     144.29802867,
     -38.17526378
    ]
   },
   "properties": {
    "name": "83 MONCRIEFF CRESCENT WANDANA HEIGHTS 3216",
    "locID": "LOC100089457611",
    "tech": "NULL",
    "upgrade": "NULL_NA",
    "gnaf_pid": "GAVIC720524517",
    "tech_change_status": "Not Planned"
   }
  },
  {
   "type": "Feature",
   "geometry": {
    "type": "Point",
    "coordinates": [
     144.3067939,
     -38.18545251
    ]
   },
   "properties": {
    "name": "14-26 BASIN RISE WANDANA HEIGHTS 3216",
    "locID": "LOC000193481107",
    "tech": "FTTP",
    "upgrade": "NULL_NA",
    "gnaf_pid": "GAVIC720651895"
   }
  },
  {
   "type": "Feature",
   "geometry": {
    "type": "Point",
    "coordinates": [
     144.29581339,
     -38.17437103
    ]
   },
   "properties": {
    "name": "22 MONCRIEFF CRESCENT WANDANA HEIGHTS 3216",
    "locID": "LOC100088365812",
    "tech": "NULL",
    "upgrade": "NULL_NA",
    "gnaf_pid": "GAVIC720692702"
   }
  },
  {
   "type": "Feature",
   "geometry": {
    "type": "Point",
    "coordinates": [
     144.30032499,
     -38.17382797
    ]
   },
   "properties": {
    "name": "9-31 CITYVIEW DRIVE WANDANA HEIGHTS 3216",
    "locID": "LOC000109328034",
    "tech": "FTTP",
    "upgrade": "NULL_NA",
    "gnaf_pid": "GAVIC721169691",
    "tech_change_status": "Previous Tech Disconnected",
    "program_type": "On-Demand N2P SDU/MDU Simple",
    "target_eligibility_quarter": "NA"
   }
  },
  {
   "type": "Feature",
   "geometry": {
    "type": "Point",
    "coordinates": [
     144.30716324,
     -38.17507506
    ]
   },
   "properties": {
    "name": "6B BROLGA CRESCENT WANDANA HEIGHTS 3216",
    "locID": "LOC000038851871",
    "tech": "FTTN",
    "upgrade": "FTTP_SA",
    "gnaf_pid": "GAVIC721373104",
    "tech_change_status": "Eligible to Order",
    "program_type": "On-Demand N2P SDU/MDU Simple",
    "target_eligibility_quarter": "NA"
   }
  },
  {
   "type": "Feature",
   "geometry": {
    "type": "Point",
    "coordinates": [
     144.30691136,
     -38.17504478
    ]
   },
   "properties": {
    "name": "6A BROLGA CRESCENT WANDANA HEIGHTS 3216",
    "locID": "LOC000193502060",
    "tech": "FTTP",
    "upgrade": "NULL_NA",
    "gnaf_pid": "GAVIC721374027"
   }
  }
 ]
}