{
 "type": "FeatureCollection",
 "generated": "2024-10-15T22:52:29.170137",
 "suburb": "BALMORAL",
 "features": [
  {
   "type": "Feature",
   "geometry": {
    "type": "Point",
    "coordinates": [
     151.58894715,
     -33.05005248
    ]
   },
   "properties": {
    "name": "10 BALMORAL PLACE BALMORAL 2283",
    "locID": "LOC000115398797",
    "tech": "FTTC",
    "upgrade": "FTTP_SA",
    "gnaf_pid": "GANSW715587398",
    "tech_change_status": "Eligible to Order"
   }
  },
  {
   "type": "Feature",
   "geometry": {
    "type": "Point",
    "coordinates": [
     151.58161968,
     -33.04645862
    ]
   },
   "properties": {
    "name": "51 CLYDEBANK ROAD BALMORAL 2283",
    "locID": "LOC000068898718",
    "tech": "FTTN",
    "upgrade": "NULL_NA",
    "gnaf_pid": "GANSW715600876",
    "tech_change_status": "Not Planned"
   }
  },
  {
   "type": "Feature",
   "geometry": {
    "type": "Point",
    "coordinates": [
     151.5821529,
     -33.0445345
    ]
   },
   "properties": {
    "name": "62 CLYDEBANK ROAD BALMORAL 2283",
    "locID": "LOC000008122191",
    "tech": "FTTN",
    "upgrade": "NULL_NA",
    "gnaf_pid": "GANSW715600877",
    "tech_change_status": "Not Planned"
   }
  },
  {
   "type": "Feature",
   "geometry": {
    "type": "Point",
    "coordinates": [
     151.57838738,
     -33.0437541
    ]
   },
   "properties": {
    "name": "47 HASTINGS ROAD BALMORAL 2283",
    "locID": "LOC000074393016",
    "tech": "FTTC",
    "upgrade": "FTTP_SA",
    "gnaf_pid": "GANSW715617785",
    "tech_change_status": "Eligible to Order"
   }
  },
  {
   "type": "Feature",
   "geometry": {
    "type": "Point",
    "coordinates": [
     151.58817615,
     -33.04992896
    ]
   },
   "properties": {
    "name": "1 BALMORAL PLACE BALMORAL 2283",
    "locID": "LOC000070618390",
    "tech": "FTTC",
    "upgrade": "FTTP_SA",
    "gnaf_pid": "GANSW716293312",
    "tech_change_status": "Eligible to Order"
   }
  },
  {
   "type": "Feature",
   "geometry": {
    "type": "Point",
    "coordinates": [
     151.58885513,
     -33.04952277
    ]
   },
   "properties": {
    "name": "7 BALMORAL PLACE BALMORAL 2283",
    "locID": "LOC000044136315",
    "tech": "FTTC",
    "upgrade": "FTTP_SA",
    "gnaf_pid": "GANSW716293314",
    "tech_change_status": "Eligible to Order"
   }
  },
  {
   "type": "Feature",
   "geometry": {
    "type": "Point",
    "coordinates": [
     151.58006965,
     -33.043373
    ]
   },
   "properties": {
    "name": "5 CHELSEA CLOSE BALMORAL 2283",
    "locID": "LOC000081155184",
    "tech": "FTTC",
    "upgrade": "NULL_NA",
    "gnaf_pid": "GANSW716303580"
   }
  },
  {
   "type": "Feature",
   "geometry": {
    "type": "Point",
    "coordinates": [
     151.57967878,
     -33.04361528
    ]
   },
   "properties": {
    "name": "9 CHELSEA CLOSE BALMORAL 2283",
    "locID": "LOC000035062772",
    "tech": "FTTC",
    "upgrade": "NULL_NA",
    "gnaf_pid": "GANSW716303581"
   }
  },
  {
   "type": "Feature",
   "geometry": {
    "type": "Point",
    "coordinates": [
     151.58387925,
     -33.04375484
    ]
   },
   "properties": {
    "name": "33 CLYDEBANK ROAD BALMORAL 2283",
    "locID": "LOC000014064620",
    "tech": "FTTC",
    "upgrade": "FTTP_SA",
    "gnaf_pid": "GANSW716304439",
    "tech_change_status": "Eligible to Order"
   }
  },
  {
   "type": "Feature",
   "geometry": {
    "type": "Point",
    "coordinates": [
     151.58345413,
     -33.04417548
    ]
   },
   "properties": {
    "name": "39 CLYDEBANK ROAD BALMORAL 2283",
    "locID": "LOC000098865165",
    "tech": "FTTC",
    "upgrade": "NULL_NA",
    "gnaf_pid": "GANSW716304440"
   }
  },
  {
   "type": "Feature",
   "geometry": {
    "type": "Point",
    "coordinates": [
     151.58117836,
     -33.04338369
    ]
   },
   "properties": {
    "name": "3 EVESHAM CLOSE BALMORAL 2283",
    "locID": "LOC000025101482",
    "tech": "FTTC",
    "upgrade": "FTTP_SA",
    "gnaf_pid": "GANSW716312970",
    "tech_change_status": "Eligible to Order"
   }
  },
  {
   "type": "Feature",
   "geometry": {
    "type": "Point",
    "coordinates": [
     151.58098949,
     -33.0434551
    ]
   },
   "properties": {
    "name": "5 EVESHAM CLOSE BALMORAL 2283",
    "locID": "LOC000025060386",
    "tech": "FTTC",
    "upgrade": "FTTP_SA",
    "gnaf_pid": "GANSW716312971",
    "tech_change_status": "Eligible to Order"
   }
  },
  {
   "type": "Feature",
   "geometry": {
    "type": "Point",
    "coordinates": [
     151.57739945,
     -33.04588545
    ]
   },
   "properties": {
    "name": "15 HADLEIGH ROAD BALMORAL 2283",
    "locID": "LOC000077179680",
    "tech": "FTTN",
    "upgrade": "NULL_NA",
    "gnaf_pid": "GANSW716319266",
    "tech_change_status": "Not Planned"
   }
  },
  {
   "type": "Feature",
   "geometry": {
    "type": "Point",
    "coordinates": [
     151.5821749,
     -33.04405762
    ]
   },
   "properties": {
    "name": "11 HASTINGS ROAD BALMORAL 2283",
    "locID": "LOC000063780799",
    "tech": "FTTC",
    "upgrade": "FTTP_SA",
    "gnaf_pid": "GANSW716320341",
    "tech_change_status": "Eligible to Order"
   }
  },
  {
   "type": "Feature",
   "geometry": {
    "type": "Point",
    "coordinates": [
     151.58199969,
     -33.04410394
    ]
   },
   "properties": {
    "name": "13 HASTINGS ROAD BALMORAL 2283",
    "locID": "LOC000078544748",
    "tech": "FTTC",
    "upgrade": "FTTP_SA",
    "gnaf_pid": "GANSW716320342",
    "tech_change_status": "Eligible to Order"
   }
  },
  {
   "type": "Feature",
   "geometry": {
    "type": "Point",
    "coordinates": [
     151.58178056,
     -33.04414475
    ]
   },
   "properties": {
    "name": "15 HASTINGS ROAD BALMORAL 2283",
    "locID": "LOC000046945860",
    "tech": "FTTC",
    "upgrade": "FTTP_SA",
    "gnaf_pid": "GANSW716320343",
    "tech_change_status": "Eligible to Order"
   }
  },
  {
   "type": "Feature",
   "geometry": {
    "type": "Point",
    "coordinates": [
     151.58154698,
     -33.04420656
    ]
   },
   "properties": {
    "name": "17 HASTINGS ROAD BALMORAL 2283",
    "locID": "LOC000100757980",
    "tech": "FTTC",
    "upgrade": "FTTP_SA",
    "gnaf_pid": "GANSW716320344",
    "tech_change_status": "Eligible to Order"
   }
  },
  {
   "type": "Feature",
   "geometry": {
    "type": "Point",
    "coordinates": [
     151.58134434,
     -33.04425252
    ]
   },
   "properties": {
    "name": "19 HASTINGS ROAD BALMORAL 2283",
    "locID": "LOC000028628694",
    "tech": "FTTC",
    "upgrade": "NULL_NA",
    "gnaf_pid": "GANSW716320345"
   }
  },
  {
   "type": "Feature",
   "geometry": {
    "type": "Point",
    "coordinates": [
     151.58111313,
     -33.04430351
    ]
   },
   "properties": {
    "name": "21 HASTINGS ROAD BALMORAL 2283",
    "locID": "LOC000074463620",
    "tech": "FTTC",
    "upgrade": "NULL_NA",
    "gnaf_pid": "GANSW716320346"
   }
  },
  {
   "type": "Feature",
   "geometry": {
    "type": "Point",
    "coordinates": [
     151.5808781,
     -33.04435534
    ]
   },
   "properties": {
    "name": "23 HASTINGS ROAD BALMORAL 2283",
    "locID": "LOC000018102249",
    "tech": "FTTC",
    "upgrade": "FTTP_SA",
    "gnaf_pid": "GANSW716320347",
    "tech_change_status": "Eligible to Order"
   }
  },
  {
   "type": "Feature",
   "geometry": {
    "type": "Point",
    "coordinates": [
     151.57981559,
     -33.04392251
    ]
   },
   "properties": {
    "name": "26 HASTINGS ROAD BALMORAL 2283",
    "locID": "LOC000054488555",
    "tech": "FTTC",
    "upgrade": "FTTP_SA",
    "gnaf_pid": "GANSW716320348",
    "tech_change_status": "Eligible to Order"
   }
  },
  {
   "type": "Feature",
   "geometry": {
    "type": "Point",
    "coordinates": [
     151.57955855,
     -33.04390657
    ]
   },
   "properties": {
    "name": "28 HASTINGS ROAD BALMORAL 2283",
    "locID": "LOC000008961178",
    "tech": "FTTC",
    "upgrade": "NULL_NA",
    "gnaf_pid": "GANSW716320349"
   }
  },
  {
   "type": "Feature",
   "geometry": {
    "type": "Point",
    "coordinates": [
     151.57999749,
     -33.0444605
    ]
   },
   "properties": {
    "name": "31 HASTINGS ROAD BALMORAL 2283",
    "locID": "LOC000001439662",
    "tech": "FTTC",
    "upgrade": "FTTP_SA",
    "gnaf_pid": "GANSW716320350",
    "tech_change_status": "Eligible to Order"
   }
  },
  {
   "type": "Feature",
   "geometry": {
    "type": "Point",
    "coordinates": [
     151.57975222,
     -33.04448233
    ]
   },
   "properties": {
    "name": "33 HASTINGS ROAD BALMORAL 2283",
    "locID": "LOC000019290321",
    "tech": "FTTC",
    "upgrade": "FTTP_SA",
    "gnaf_pid": "GANSW716320351",
    "tech_change_status": "Eligible to Order"
   }
  },
  {
   "type": "Feature",
   "geometry": {
    "type": "Point",
    "coordinates": [
     151.57868057,
     -33.04442821
    ]
   },
   "properties": {
    "name": "41 HASTINGS ROAD BALMORAL 2283",
    "locID": "LOC000036386581",
    "tech": "FTTC",
    "upgrade": "NULL_NA",
    "gnaf_pid": "GANSW716320352"
   }
  },
  {
   "type": "Feature",
   "geometry": {
    "type": "Point",
    "coordinates": [
     151.58210369,
     -33.04344795
    ]
   },
   "properties": {
    "name": "4 HASTINGS ROAD BALMORAL 2283",
    "locID": "LOC000040863643",
    "tech": "FTTP",
    "upgrade": "NULL_NA",
    "gnaf_pid": "GANSW716320353"
   }
  },
  {
   "type": "Feature",
   "geometry": {
    "type": "Point",
    "coordinates": [
     151.57839552,
     -33.04333735
    ]
   },
   "properties": {
    "name": "51 HASTINGS ROAD BALMORAL 2283",
    "locID": "LOC000081547649",
    "tech": "FTTC",
    "upgrade": "FTTP_SA",
    "gnaf_pid": "GANSW716320354",
    "tech_change_status": "Eligible to Order"
   }
  },
  {
   "type": "Feature",
   "geometry": {
    "type": "Point",
    "coordinates": [
     151.57820647,
     -33.04310562
    ]
   },
   "properties": {
    "name": "55 HASTINGS ROAD BALMORAL 2283",
    "locID": "LOC000080111741",
    "tech": "FTTC",
    "upgrade": "NULL_NA",
    "gnaf_pid": "GANSW716320355"
   }
  },
  {
   "type": "Feature",
   "geometry": {
    "type": "Point",
    "coordinates": [
     151.57854477,
     -33.04259481
    ]
   },
   "properties": {
    "name": "63 HASTINGS ROAD BALMORAL 2283",
    "locID": "LOC000054092399",
    "tech": "FTTC",
    "upgrade": "FTTP_SA",
    "gnaf_pid": "GANSW716320356",
    "tech_change_status": "Eligible to Order"
   }
  },
  {
   "type": "Feature",
   "geometry": {
    "type": "Point",
    "coordinates": [
     151.58149199,
     -33.04501673
    ]
   },
   "properties": {
    "name": "4 HENDON CLOSE BALMORAL 2283",
    "locID": "LOC000071380391",
    "tech": "FTTN",
    "upgrade": "NULL_NA",
    "gnaf_pid": "GANSW716320847",
    "tech_change_status": "Not Planned"
   }
  },
  {
   "type": "Feature",
   "geometry": {
    "type": "Point",
    "coordinates": [
     151.58143503,
     -33.04467018
    ]
   },
   "properties": {
    "name": "6 HENDON CLOSE BALMORAL 2283",
    "locID": "LOC000005621512",
    "tech": "FTTN",
    "upgrade": "NULL_NA",
    "gnaf_pid": "GANSW716320848",
    "tech_change_status": "Not Planned"
   }
  },
  {
   "type": "Feature",
   "geometry": {
    "type": "Point",
    "coordinates": [
     151.57954318,
     -33.04626673
    ]
   },
   "properties": {
    "name": "10 KINGSLAND AVENUE BALMORAL 2283",
    "locID": "LOC000068493761",
    "tech": "FTTN",
    "upgrade": "NULL_NA",
    "gnaf_pid": "GANSW716327354",
    "tech_change_status": "Not Planned"
   }
  },
  {
   "type": "Feature",
   "geometry": {
    "type": "Point",
    "coordinates": [
     151.57930217,
     -33.04622388
    ]
   },
   "properties": {
    "name": "12 KINGSLAND AVENUE BALMORAL 2283",
    "locID": "LOC000006012313",
    "tech": "FTTN",
    "upgrade": "NULL_NA",
    "gnaf_pid": "GANSW716327355",
    "tech_change_status": "Not Planned"
   }
  },
  {
   "type": "Feature",
   "geometry": {
    "type": "Point",
    "coordinates": [
     151.57909143,
     -33.04618639
    ]
   },
   "properties": {
    "name": "14 KINGSLAND AVENUE BALMORAL 2283",
    "locID": "LOC000019379788",
    "tech": "FTTN",
    "upgrade": "NULL_NA",
    "gnaf_pid": "GANSW716327356",
    "tech_change_status": "Not Planned"
   }
  },
  {
   "type": "Feature",
   "geometry": {
    "type": "Point",
    "coordinates": [
     151.5788807,
     -33.04614891
    ]
   },
   "properties": {
    "name": "16 KINGSLAND AVENUE BALMORAL 2283",
    "locID": "LOC000094131982",
    "tech": "FTTN",
    "upgrade": "NULL_NA",
    "gnaf_pid": "GANSW716327357",
    "tech_change_status": "Not Planned"
   }
  },
  {
   "type": "Feature",
   "geometry": {
    "type": "Point",
    "coordinates": [
     151.57866997,
     -33.04611143
    ]
   },
   "properties": {
    "name": "18 KINGSLAND AVENUE BALMORAL 2283",
    "locID": "LOC000103189160",
    "tech": "FTTN",
    "upgrade": "NULL_NA",
    "gnaf_pid": "GANSW716327358",
    "tech_change_status": "Not Planned"
   }
  },
  {
   "type": "Feature",
   "geometry": {
    "type": "Point",
    "coordinates": [
     151.57791242,
     -33.04649919
    ]
   },
   "properties": {
    "name": "21 KINGSLAND AVENUE BALMORAL 2283",
    "locID": "LOC000060282682",
    "tech": "FTTN",
    "upgrade": "NULL_NA",
    "gnaf_pid": "GANSW716327359",
    "tech_change_status": "Not Planned"
   }
  },
  {
   "type": "Feature",
   "geometry": {
    "type": "Point",
    "coordinates": [
     151.57770168,
     -33.04646171
    ]
   },
   "properties": {
    "name": "23 KINGSLAND AVENUE BALMORAL 2283",
    "locID": "LOC000106085766",
    "tech": "FTTN",
    "upgrade": "NULL_NA",
    "gnaf_pid": "GANSW716327360",
    "tech_change_status": "Not Planned"
   }
  },
  {
   "type": "Feature",
   "geometry": {
    "type": "Point",
    "coordinates": [
     151.57749094,
     -33.04642423
    ]
   },
   "properties": {
    "name": "25 KINGSLAND AVENUE BALMORAL 2283",
    "locID": "LOC000030099465",
    "tech": "FTTN",
    "upgrade": "NULL_NA",
    "gnaf_pid": "GANSW716327361",
    "tech_change_status": "Not Planned"
   }
  },
  {
   "type": "Feature",
   "geometry": {
    "type": "Point",
    "coordinates": [
     151.5772802,
     -33.04638676
    ]
   },
   "properties": {
    "name": "27 KINGSLAND AVENUE BALMORAL 2283",
    "locID": "LOC000030472489",
    "tech": "FTTN",
    "upgrade": "NULL_NA",
    "gnaf_pid": "GANSW716327362",
    "tech_change_status": "Not Planned"
   }
  },
  {
   "type": "Feature",
   "geometry": {
    "type": "Point",
    "coordinates": [
     151.58061065,
     -33.04644239
    ]
   },
   "properties": {
    "name": "2 KINGSLAND AVENUE BALMORAL 2283",
    "locID": "LOC000061736385",
    "tech": "FTTN",
    "upgrade": "NULL_NA",
    "gnaf_pid": "GANSW716327363",
    "tech_change_status": "Not Planned"
   }
  },
  {
   "type": "Feature",
   "geometry": {
    "type": "Point",
    "coordinates": [
     151.57984157,
     -33.0468349
    ]
   },
   "properties": {
    "name": "3 KINGSLAND AVENUE BALMORAL 2283",
    "locID": "LOC000087444577",
    "tech": "FTTN",
    "upgrade": "NULL_NA",
    "gnaf_pid": "GANSW716327364",
    "tech_change_status": "Not Planned"
   }
  },
  {
   "type": "Feature",
   "geometry": {
    "type": "Point",
    "coordinates": [
     151.57959203,
     -33.04685372
    ]
   },
   "properties": {
    "name": "5 KINGSLAND AVENUE BALMORAL 2283",
    "locID": "LOC000105497442",
    "tech": "FTTN",
    "upgrade": "NULL_NA",
    "gnaf_pid": "GANSW716327365",
    "tech_change_status": "Not Planned"
   }
  },
  {
   "type": "Feature",
   "geometry": {
    "type": "Point",
    "coordinates": [
     151.57938763,
     -33.04677787
    ]
   },
   "properties": {
    "name": "7 KINGSLAND AVENUE BALMORAL 2283",
    "locID": "LOC000037163119",
    "tech": "FTTN",
    "upgrade": "NULL_NA",
    "gnaf_pid": "GANSW716327366",
    "tech_change_status": "Not Planned"
   }
  },
  {
   "type": "Feature",
   "geometry": {
    "type": "Point",
    "coordinates": [
     151.57917688,
     -33.04672404
    ]
   },
   "properties": {
    "name": "9 KINGSLAND AVENUE BALMORAL 2283",
    "locID": "LOC000057103341",
    "tech": "FTTN",
    "upgrade": "NULL_NA",
    "gnaf_pid": "GANSW716327367",
    "tech_change_status": "Not Planned"
   }
  },
  {
   "type": "Feature",
   "geometry": {
    "type": "Point",
    "coordinates": [
     151.58758006,
     -33.04680632
    ]
   },
   "properties": {
    "name": "33 LETCHWORTH PARADE BALMORAL 2283",
    "locID": "LOC000084283057",
    "tech": "FTTC",
    "upgrade": "FTTP_SA",
    "gnaf_pid": "GANSW716330965",
    "tech_change_status": "Eligible to Order"
   }
  },
  {
   "type": "Feature",
   "geometry": {
    "type": "Point",
    "coordinates": [
     151.58740756,
     -33.04669554
    ]
   },
   "properties": {
    "name": "35 LETCHWORTH PARADE BALMORAL 2283",
    "locID": "LOC000103459660",
    "tech": "FTTC",
    "upgrade": "FTTP_SA",
    "gnaf_pid": "GANSW716330966",
    "tech_change_status": "Eligible to Order"
   }
  },
  {
   "type": "Feature",
   "geometry": {
    "type": "Point",
    "coordinates": [
     151.58709954,
     -33.04662665
    ]
   },
   "properties": {
    "name": "37 LETCHWORTH PARADE BALMORAL 2283",
    "locID": "LOC000089723397",
    "tech": "FTTC",
    "upgrade": "FTTP_SA",
    "gnaf_pid": "GANSW716330967",
    "tech_change_status": "Eligible to Order"
   }
  },
  {
   "type": "Feature",
   "geometry": {
    "type": "Point",
    "coordinates": [
     151.58690899,
     -33.04658858
    ]
   },
   "properties": {
    "name": "39 LETCHWORTH PARADE BALMORAL 2283",
    "locID": "LOC000010579850",
    "tech": "FTTC",
    "upgrade": "FTTP_SA",
    "gnaf_pid": "GANSW716330968",
    "tech_change_status": "Eligible to Order"
   }
  },
  {
   "type": "Feature",
   "geometry": {
    "type": "Point",
    "coordinates": [
     151.58671849,
     -33.04655051
    ]
   },
   "properties": {
    "name": "41 LETCHWORTH PARADE BALMORAL 2283",
    "locID": "LOC000044505925",
    "tech": "FTTC",
    "upgrade": "FTTP_SA",
    "gnaf_pid": "GANSW716330969",
    "tech_change_status": "Eligible to Order"
   }
  },
  {
   "type": "Feature",
   "geometry": {
    "type": "Point",
    "coordinates": [
     151.58633747,
     -33.04647438
    ]
   },
   "properties": {
    "name": "45 LETCHWORTH PARADE BALMORAL 2283",
    "locID": "LOC000026273122",
    "tech": "FTTC",
    "upgrade": "FTTP_SA",
    "gnaf_pid": "GANSW716330970",
    "tech_change_status": "Eligible to Order"
   }
  },
  {
   "type": "Feature",
   "geometry": {
    "type": "Point",
    "coordinates": [
     151.58595647,
     -33.04639824
    ]
   },
   "properties": {
    "name": "49 LETCHWORTH PARADE BALMORAL 2283",
    "locID": "LOC000067422240",
    "tech": "FTTC",
    "upgrade": "FTTP_SA",
    "gnaf_pid": "GANSW716330971",
    "tech_change_status": "Eligible to Order"
   }
  },
  {
   "type": "Feature",
   "geometry": {
    "type": "Point",
    "coordinates": [
     151.58576596,
     -33.04636017
    ]
   },
   "properties": {
    "name": "51 LETCHWORTH PARADE BALMORAL 2283",
    "locID": "LOC000063601523",
    "tech": "FTTC",
    "upgrade": "FTTP_SA",
    "gnaf_pid": "GANSW716330972",
    "tech_change_status": "Eligible to Order"
   }
  },
  {
   "type": "Feature",
   "geometry": {
    "type": "Point",
    "coordinates": [
     151.58538494,
     -33.04628403
    ]
   },
   "properties": {
    "name": "55 LETCHWORTH PARADE BALMORAL 2283",
    "locID": "LOC000013167654",
    "tech": "FTTC",
    "upgrade": "FTTP_SA",
    "gnaf_pid": "GANSW716330973",
    "tech_change_status": "Eligible to Order"
   }
  },
  {
   "type": "Feature",
   "geometry": {
    "type": "Point",
    "coordinates": [
     151.58816736,
     -33.04948616
    ]
   },
   "properties": {
    "name": "6 LETCHWORTH PARADE BALMORAL 2283",
    "locID": "LOC000021596225",
    "tech": "FTTC",
    "upgrade": "FTTP_SA",
    "gnaf_pid": "GANSW716330975",
    "tech_change_status": "Eligible to Order"
   }
  },
  {
   "type": "Feature",
   "geometry": {
    "type": "Point",
    "coordinates": [
     151.58356854,
     -33.04639552
    ]
   },
   "properties": {
    "name": "73 LETCHWORTH PARADE BALMORAL 2283",
    "locID": "LOC000100885958",
    "tech": "FTTN",
    "upgrade": "NULL_NA",
    "gnaf_pid": "GANSW716330976",
    "tech_change_status": "Not Planned"
   }
  },
  {
   "type": "Feature",
   "geometry": {
    "type": "Point",
    "coordinates": [
     151.58319073,
     -33.04648224
    ]
   },
   "properties": {
    "name": "77 LETCHWORTH PARADE BALMORAL 2283",
    "locID": "LOC000030512053",
    "tech": "FTTN",
    "upgrade": "NULL_NA",
    "gnaf_pid": "GANSW716330977",
    "tech_change_status": "Not Planned"
   }
  },
  {
   "type": "Feature",
   "geometry": {
    "type": "Point",
    "coordinates": [
     151.58262395,
     -33.0466123
    ]
   },
   "properties": {
    "name": "83 LETCHWORTH PARADE BALMORAL 2283",
    "locID": "LOC000091981176",
    "tech": "FTTN",
    "upgrade": "NULL_NA",
    "gnaf_pid": "GANSW716330978",
    "tech_change_status": "Not Planned"
   }
  },
  {
   "type": "Feature",
   "geometry": {
    "type": "Point",
    "coordinates": [
     151.58224606,
     -33.04669901
    ]
   },
   "properties": {
    "name": "87 LETCHWORTH PARADE BALMORAL 2283",
    "locID": "LOC000059387301",
    "tech": "FTTN",
    "upgrade": "NULL_NA",
    "gnaf_pid": "GANSW716330979",
    "tech_change_status": "Not Planned"
   }
  },
  {
   "type": "Feature",
   "geometry": {
    "type": "Point",
    "coordinates": [
     151.58167921,
     -33.04682906
    ]
   },
   "properties": {
    "name": "93 LETCHWORTH PARADE BALMORAL 2283",
    "locID": "LOC000072906649",
    "tech": "FTTN",
    "upgrade": "NULL_NA",
    "gnaf_pid": "GANSW716330980",
    "tech_change_status": "Not Planned"
   }
  },
  {
   "type": "Feature",
   "geometry": {
    "type": "Point",
    "coordinates": [
     151.58130134,
     -33.04691576
    ]
   },
   "properties": {
    "name": "97 LETCHWORTH PARADE BALMORAL 2283",
    "locID": "LOC000008981581",
    "tech": "FTTN",
    "upgrade": "NULL_NA",
    "gnaf_pid": "GANSW716330981",
    "tech_change_status": "Not Planned"
   }
  },
  {
   "type": "Feature",
   "geometry": {
    "type": "Point",
    "coordinates": [
     151.58196176,
     -33.04315956
    ]
   },
   "properties": {
    "name": "11 OAKWOOD ROAD BALMORAL 2283",
    "locID": "LOC000053622171",
    "tech": "FTTP",
    "upgrade": "NULL_NA",
    "gnaf_pid": "GANSW716342290"
   }
  },
  {
   "type": "Feature",
   "geometry": {
    "type": "Point",
    "coordinates": [
     151.58153598,
     -33.04310475
    ]
   },
   "properties": {
    "name": "15 OAKWOOD ROAD BALMORAL 2283",
    "locID": "LOC000088009693",
    "tech": "FTTC",
    "upgrade": "FTTP_SA",
    "gnaf_pid": "GANSW716342291",
    "tech_change_status": "Eligible to Order"
   }
  },
  {
   "type": "Feature",
   "geometry": {
    "type": "Point",
    "coordinates": [
     151.58111601,
     -33.04304377
    ]
   },
   "properties": {
    "name": "19 OAKWOOD ROAD BALMORAL 2283",
    "locID": "LOC000054373646",
    "tech": "FTTC",
    "upgrade": "FTTP_SA",
    "gnaf_pid": "GANSW716342292",
    "tech_change_status": "Eligible to Order"
   }
  },
  {
   "type": "Feature",
   "geometry": {
    "type": "Point",
    "coordinates": [
     151.58046209,
     -33.04294888
    ]
   },
   "properties": {
    "name": "23 OAKWOOD ROAD BALMORAL 2283",
    "locID": "LOC000021350910",
    "tech": "FTTC",
    "upgrade": "FTTP_SA",
    "gnaf_pid": "GANSW716342293",
    "tech_change_status": "Eligible to Order"
   }
  },
  {
   "type": "Feature",
   "geometry": {
    "type": "Point",
    "coordinates": [
     151.58003484,
     -33.04290385
    ]
   },
   "properties": {
    "name": "27 OAKWOOD ROAD BALMORAL 2283",
    "locID": "LOC000062117595",
    "tech": "FTTC",
    "upgrade": "FTTP_SA",
    "gnaf_pid": "GANSW716342294",
    "tech_change_status": "Eligible to Order"
   }
  },
  {
   "type": "Feature",
   "geometry": {
    "type": "Point",
    "coordinates": [
     151.57924464,
     -33.0427889
    ]
   },
   "properties": {
    "name": "33 OAKWOOD ROAD BALMORAL 2283",
    "locID": "LOC000068395474",
    "tech": "FTTC",
    "upgrade": "FTTP_SA",
    "gnaf_pid": "GANSW716342295",
    "tech_change_status": "Eligible to Order"
   }
  },
  {
   "type": "Feature",
   "geometry": {
    "type": "Point",
    "coordinates": [
     151.5831378,
     -33.04331057
    ]
   },
   "properties": {
    "name": "3 OAKWOOD ROAD BALMORAL 2283",
    "locID": "LOC000057417120",
    "tech": "FTTC",
    "upgrade": "FTTP_SA",
    "gnaf_pid": "GANSW716342296",
    "tech_change_status": "Eligible to Order"
   }
  },
  {
   "type": "Feature",
   "geometry": {
    "type": "Point",
    "coordinates": [
     151.58241172,
     -33.04321181
    ]
   },
   "properties": {
    "name": "7 OAKWOOD ROAD BALMORAL 2283",
    "locID": "LOC000030480621",
    "tech": "FTTC",
    "upgrade": "FTTP_SA",
    "gnaf_pid": "GANSW716342297",
    "tech_change_status": "Eligible to Order"
   }
  },
  {
   "type": "Feature",
   "geometry": {
    "type": "Point",
    "coordinates": [
     151.58047625,
     -33.04531817
    ]
   },
   "properties": {
    "name": "10 WOODLANDS AVENUE BALMORAL 2283",
    "locID": "LOC000107797224",
    "tech": "FTTN",
    "upgrade": "NULL_NA",
    "gnaf_pid": "GANSW716378807",
    "tech_change_status": "Not Planned"
   }
  },
  {
   "type": "Feature",
   "geometry": {
    "type": "Point",
    "coordinates": [
     151.58026097,
     -33.04532348
    ]
   },
   "properties": {
    "name": "12 WOODLANDS AVENUE BALMORAL 2283",
    "locID": "LOC000106133269",
    "tech": "FTTN",
    "upgrade": "NULL_NA",
    "gnaf_pid": "GANSW716378808",
    "tech_change_status": "Not Planned"
   }
  },
  {
   "type": "Feature",
   "geometry": {
    "type": "Point",
    "coordinates": [
     151.57981975,
     -33.04591378
    ]
   },
   "properties": {
    "name": "15 WOODLANDS AVENUE BALMORAL 2283",
    "locID": "LOC000033302213",
    "tech": "FTTN",
    "upgrade": "NULL_NA",
    "gnaf_pid": "GANSW716378809",
    "tech_change_status": "Not Planned"
   }
  },
  {
   "type": "Feature",
   "geometry": {
    "type": "Point",
    "coordinates": [
     151.5796037,
     -33.04589723
    ]
   },
   "properties": {
    "name": "17 WOODLANDS AVENUE BALMORAL 2283",
    "locID": "LOC000024699580",
    "tech": "FTTN",
    "upgrade": "NULL_NA",
    "gnaf_pid": "GANSW716378810",
    "tech_change_status": "Not Planned"
   }
  },
  {
   "type": "Feature",
   "geometry": {
    "type": "Point",
    "coordinates": [
     151.57936978,
     -33.04587932
    ]
   },
   "properties": {
    "name": "19 WOODLANDS AVENUE BALMORAL 2283",
    "locID": "LOC000045430185",
    "tech": "FTTN",
    "upgrade": "NULL_NA",
    "gnaf_pid": "GANSW716378811",
    "tech_change_status": "Not Planned"
   }
  },
  {
   "type": "Feature",
   "geometry": {
    "type": "Point",
    "coordinates": [
     151.57912347,
     -33.04533247
    ]
   },
   "properties": {
    "name": "20 WOODLANDS AVENUE BALMORAL 2283",
    "locID": "LOC000009165802",
    "tech": "FTTN",
    "upgrade": "NULL_NA",
    "gnaf_pid": "GANSW716378812",
    "tech_change_status": "Not Planned"
   }
  },
  {
   "type": "Feature",
   "geometry": {
    "type": "Point",
    "coordinates": [
     151.57916546,
     -33.0449167
    ]
   },
   "properties": {
    "name": "22 WOODLANDS AVENUE BALMORAL 2283",
    "locID": "LOC000120730390",
    "tech": "FTTN",
    "upgrade": "NULL_NA",
    "gnaf_pid": "GANSW716378813",
    "tech_change_status": "Not Planned"
   }
  },
  {
   "type": "Feature",
   "geometry": {
    "type": "Point",
    "coordinates": [
     151.57883132,
     -33.04477256
    ]
   },
   "properties": {
    "name": "24 WOODLANDS AVENUE BALMORAL 2283",
    "locID": "LOC000006573926",
    "tech": "FTTN",
    "upgrade": "NULL_NA",
    "gnaf_pid": "GANSW716378814",
    "tech_change_status": "Not Planned"
   }
  },
  {
   "type": "Feature",
   "geometry": {
    "type": "Point",
    "coordinates": [
     151.57876113,
     -33.04526803
    ]
   },
   "properties": {
    "name": "28 WOODLANDS AVENUE BALMORAL 2283",
    "locID": "LOC000099878213",
    "tech": "FTTN",
    "upgrade": "NULL_NA",
    "gnaf_pid": "GANSW716378815",
    "tech_change_status": "Not Planned"
   }
  },
  {
   "type": "Feature",
   "geometry": {
    "type": "Point",
    "coordinates": [
     151.57811855,
     -33.04567632
    ]
   },
   "properties": {
    "name": "31 WOODLANDS AVENUE BALMORAL 2283",
    "locID": "LOC000081090637",
    "tech": "FTTN",
    "upgrade": "NULL_NA",
    "gnaf_pid": "GANSW716378816",
    "tech_change_status": "Not Planned"
   }
  },
  {
   "type": "Feature",
   "geometry": {
    "type": "Point",
    "coordinates": [
     151.57790782,
     -33.04563883
    ]
   },
   "properties": {
    "name": "33 WOODLANDS AVENUE BALMORAL 2283",
    "locID": "LOC000024698003",
    "tech": "FTTN",
    "upgrade": "NULL_NA",
    "gnaf_pid": "GANSW716378817",
    "tech_change_status": "Not Planned"
   }
  },
  {
   "type": "Feature",
   "geometry": {
    "type": "Point",
    "coordinates": [
     151.57769709,
     -33.04560136
    ]
   },
   "properties": {
    "name": "35 WOODLANDS AVENUE BALMORAL 2283",
    "locID": "LOC000013827927",
    "tech": "FTTN",
    "upgrade": "NULL_NA",
    "gnaf_pid": "GANSW716378818",
    "tech_change_status": "Not Planned"
   }
  },
  {
   "type": "Feature",
   "geometry": {
    "type": "Point",
    "coordinates": [
     151.57746734,
     -33.04556049
    ]
   },
   "properties": {
    "name": "37 WOODLANDS AVENUE BALMORAL 2283",
    "locID": "LOC000052721800",
    "tech": "FTTN",
    "upgrade": "NULL_NA",
    "gnaf_pid": "GANSW716378819",
    "tech_change_status": "Not Planned"
   }
  },
  {
   "type": "Feature",
   "geometry": {
    "type": "Point",
    "coordinates": [
     151.58124797,
     -33.0457526
    ]
   },
   "properties": {
    "name": "3 WOODLANDS AVENUE BALMORAL 2283",
    "locID": "LOC000052194822",
    "tech": "FTTN",
    "upgrade": "NULL_NA",
    "gnaf_pid": "GANSW716378820",
    "tech_change_status": "Not Planned"
   }
  },
  {
   "type": "Feature",
   "geometry": {
    "type": "Point",
    "coordinates": [
     151.58137263,
     -33.04532278
    ]
   },
   "properties": {
    "name": "4 WOODLANDS AVENUE BALMORAL 2283",
    "locID": "LOC000053283693",
    "tech": "FTTN",
    "upgrade": "NULL_NA",
    "gnaf_pid": "GANSW716378822",
    "tech_change_status": "Not Planned"
   }
  },
  {
   "type": "Feature",
   "geometry": {
    "type": "Point",
    "coordinates": [
     151.58095814,
     -33.04583508
    ]
   },
   "properties": {
    "name": "5 WOODLANDS AVENUE BALMORAL 2283",
    "locID": "LOC000027183244",
    "tech": "FTTN",
    "upgrade": "NULL_NA",
    "gnaf_pid": "GANSW716378823",
    "tech_change_status": "Not Planned"
   }
  },
  {
   "type": "Feature",
   "geometry": {
    "type": "Point",
    "coordinates": [
     151.58090587,
     -33.04530757
    ]
   },
   "properties": {
    "name": "6 WOODLANDS AVENUE BALMORAL 2283",
    "locID": "LOC000001475878",
    "tech": "FTTN",
    "upgrade": "NULL_NA",
    "gnaf_pid": "GANSW716378824",
    "tech_change_status": "Not Planned"
   }
  },
  {
   "type": "Feature",
   "geometry": {
    "type": "Point",
    "coordinates": [
     151.58069153,
     -33.04531286
    ]
   },
   "properties": {
    "name": "8 WOODLANDS AVENUE BALMORAL 2283",
    "locID": "LOC000013146421",
    "tech": "FTTN",
    "upgrade": "NULL_NA",
    "gnaf_pid": "GANSW716378825",
    "tech_change_status": "Not Planned"
   }
  },
  {
   "type": "Feature",
   "geometry": {
    "type": "Point",
    "coordinates": [
     151.58838616,
     -33.0498248
    ]
   },
   "properties": {
    "name": "3 BALMORAL PLACE BALMORAL 2283",
    "locID": "LOC000084253360",
    "tech": "FTTC",
    "upgrade": "FTTP_SA",
    "gnaf_pid": "GANSW716382589",
    "tech_change_status": "Eligible to Order"
   }
  },
  {
   "type": "Feature",
   "geometry": {
    "type": "Point",
    "coordinates": [
     151.58852864,
     -33.04976298
    ]
   },
   "properties": {
    "name": "5 BALMORAL PLACE BALMORAL 2283",
    "locID": "LOC000022216372",
    "tech": "FTTC",
    "upgrade": "FTTP_SA",
    "gnaf_pid": "GANSW716382591",
    "tech_change_status": "Eligible to Order"
   }
  },
  {
   "type": "Feature",
   "geometry": {
    "type": "Point",
    "coordinates": [
     151.57947472,
     -33.04309838
    ]
   },
   "properties": {
    "name": "4 CHELSEA CLOSE BALMORAL 2283",
    "locID": "LOC000068589981",
    "tech": "FTTC",
    "upgrade": "NULL_NA",
    "gnaf_pid": "GANSW716389802"
   }
  },
  {
   "type": "Feature",
   "geometry": {
    "type": "Point",
    "coordinates": [
     151.57944154,
     -33.04328972
    ]
   },
   "properties": {
    "name": "6 CHELSEA CLOSE BALMORAL 2283",
    "locID": "LOC000081780127",
    "tech": "FTTC",
    "upgrade": "NULL_NA",
    "gnaf_pid": "GANSW716389803"
   }
  },
  {
   "type": "Feature",
   "geometry": {
    "type": "Point",
    "coordinates": [
     151.58000507,
     -33.04358649
    ]
   },
   "properties": {
    "name": "7 CHELSEA CLOSE BALMORAL 2283",
    "locID": "LOC000075657369",
    "tech": "FTTC",
    "upgrade": "NULL_NA",
    "gnaf_pid": "GANSW716389804"
   }
  },
  {
   "type": "Feature",
   "geometry": {
    "type": "Point",
    "coordinates": [
     151.57944525,
     -33.04353861
    ]
   },
   "properties": {
    "name": "8 CHELSEA CLOSE BALMORAL 2283",
    "locID": "LOC000066801877",
    "tech": "FTTC",
    "upgrade": "NULL_NA",
    "gnaf_pid": "GANSW716389805"
   }
  },
  {
   "type": "Feature",
   "geometry": {
    "type": "Point",
    "coordinates": [
     151.58161968,
     -33.04645862
    ]
   },
   "properties": {
    "name": "UNIT 1, 51 CLYDEBANK ROAD BALMORAL 2283",
    "locID": "LOC000068898718",
    "tech": "FTTN",
    "upgrade": "NULL_NA",
    "gnaf_pid": "GANSW716390745",
    "tech_change_status": "Not Planned"
   }
  },
  {
   "type": "Feature",
   "geometry": {
    "type": "Point",
    "coordinates": [
     151.58161968,
     -33.04645862
    ]
   },
   "properties": {
    "name": "UNIT 2, 51 CLYDEBANK ROAD BALMORAL 2283",
    "locID": "LOC000068801510",
    "tech": "FTTN",
    "upgrade": "NULL_NA",
    "gnaf_pid": "GANSW716390746",
    "tech_change_status": "Not Planned"
   }
  },
  {
   "type": "Feature",
   "geometry": {
    "type": "Point",
    "coordinates": [
     151.58161968,
     -33.04645862
    ]
   },
   "properties": {
    "name": "UNIT 3, 51 CLYDEBANK ROAD BALMORAL 2283",
    "locID": "LOC000068956355",
    "tech": "FTTN",
    "upgrade": "NULL_NA",
    "gnaf_pid": "GANSW716390747",
    "tech_change_status": "Not Planned"
   }
  },
  {
   "type": "Feature",
   "geometry": {
    "type": "Point",
    "coordinates": [
     151.583977,
     -33.043593
    ]
   },
   "properties": {
    "name": "31 CLYDEBANK ROAD BALMORAL 2283",
    "locID": "LOC000017196872",
    "tech": "FTTC",
    "upgrade": "FTTP_SA",
    "gnaf_pid": "GANSW716390750",
    "tech_change_status": "Eligible to Order"
   }
  },
  {
   "type": "Feature",
   "geometry": {
    "type": "Point",
    "coordinates": [
     151.58376459,
     -33.04390939
    ]
   },
   "properties": {
    "name": "35 CLYDEBANK ROAD BALMORAL 2283",
    "locID": "LOC000008231263",
    "tech": "FTTC",
    "upgrade": "NULL_NA",
    "gnaf_pid": "GANSW716390751"
   }
  },
  {
   "type": "Feature",
   "geometry": {
    "type": "Point",
    "coordinates": [
     151.58364098,
     -33.04407254
    ]
   },
   "properties": {
    "name": "37 CLYDEBANK ROAD BALMORAL 2283",
    "locID": "LOC000087523484",
    "tech": "FTTC",
    "upgrade": "NULL_NA",
    "gnaf_pid": "GANSW716390752"
   }
  },
  {
   "type": "Feature",
   "geometry": {
    "type": "Point",
    "coordinates": [
     151.58327091,
     -33.04429277
    ]
   },
   "properties": {
    "name": "41 CLYDEBANK ROAD BALMORAL 2283",
    "locID": "LOC000003792745",
    "tech": "FTTC",
    "upgrade": "NULL_NA",
    "gnaf_pid": "GANSW716390753"
   }
  },
  {
   "type": "Feature",
   "geometry": {
    "type": "Point",
    "coordinates": [
     151.58301031,
     -33.04441319
    ]
   },
   "properties": {
    "name": "43 CLYDEBANK ROAD BALMORAL 2283",
    "locID": "LOC000072077284",
    "tech": "FTTC",
    "upgrade": "NULL_NA",
    "gnaf_pid": "GANSW716390754"
   }
  },
  {
   "type": "Feature",
   "geometry": {
    "type": "Point",
    "coordinates": [
     151.58262679,
     -33.0447394
    ]
   },
   "properties": {
    "name": "45 CLYDEBANK ROAD BALMORAL 2283",
    "locID": "LOC000053757422",
    "tech": "FTTN",
    "upgrade": "NULL_NA",
    "gnaf_pid": "GANSW716390755",
    "tech_change_status": "Not Planned"
   }
  },
  {
   "type": "Feature",
   "geometry": {
    "type": "Point",
    "coordinates": [
     151.58336787,
     -33.04348618
    ]
   },
   "properties": {
    "name": "46 CLYDEBANK ROAD BALMORAL 2283",
    "locID": "LOC000048461414",
    "tech": "FTTC",
    "upgrade": "FTTP_SA",
    "gnaf_pid": "GANSW716390756",
    "tech_change_status": "Eligible to Order"
   }
  },
  {
   "type": "Feature",
   "geometry": {
    "type": "Point",
    "coordinates": [
     151.58225655,
     -33.04533485
    ]
   },
   "properties": {
    "name": "47 CLYDEBANK ROAD BALMORAL 2283",
    "locID": "LOC000104360783",
    "tech": "FTTN",
    "upgrade": "NULL_NA",
    "gnaf_pid": "GANSW716390757",
    "tech_change_status": "Not Planned"
   }
  },
  {
   "type": "Feature",
   "geometry": {
    "type": "Point",
    "coordinates": [
     151.58324249,
     -33.04364599
    ]
   },
   "properties": {
    "name": "48 CLYDEBANK ROAD BALMORAL 2283",
    "locID": "LOC000080640786",
    "tech": "FTTC",
    "upgrade": "FTTP_SA",
    "gnaf_pid": "GANSW716390758",
    "tech_change_status": "Eligible to Order"
   }
  },
  {
   "type": "Feature",
   "geometry": {
    "type": "Point",
    "coordinates": [
     151.58308057,
     -33.04377386
    ]
   },
   "properties": {
    "name": "50 CLYDEBANK ROAD BALMORAL 2283",
    "locID": "LOC000054482223",
    "tech": "FTTC",
    "upgrade": "FTTP_SA",
    "gnaf_pid": "GANSW716390759",
    "tech_change_status": "Eligible to Order"
   }
  },
  {
   "type": "Feature",
   "geometry": {
    "type": "Point",
    "coordinates": [
     151.58291519,
     -33.04388978
    ]
   },
   "properties": {
    "name": "52 CLYDEBANK ROAD BALMORAL 2283",
    "locID": "LOC000088284898",
    "tech": "FTTC",
    "upgrade": "FTTP_SA",
    "gnaf_pid": "GANSW716390760",
    "tech_change_status": "Eligible to Order"
   }
  },
  {
   "type": "Feature",
   "geometry": {
    "type": "Point",
    "coordinates": [
     151.58130538,
     -33.04658016
    ]
   },
   "properties": {
    "name": "53 CLYDEBANK ROAD BALMORAL 2283",
    "locID": "LOC000069273151",
    "tech": "FTTN",
    "upgrade": "NULL_NA",
    "gnaf_pid": "GANSW716390761",
    "tech_change_status": "Not Planned"
   }
  },
  {
   "type": "Feature",
   "geometry": {
    "type": "Point",
    "coordinates": [
     151.58276077,
     -33.04401622
    ]
   },
   "properties": {
    "name": "54 CLYDEBANK ROAD BALMORAL 2283",
    "locID": "LOC000033244291",
    "tech": "FTTC",
    "upgrade": "FTTP_SA",
    "gnaf_pid": "GANSW716390762",
    "tech_change_status": "Eligible to Order"
   }
  },
  {
   "type": "Feature",
   "geometry": {
    "type": "Point",
    "coordinates": [
     151.58101961,
     -33.04674285
    ]
   },
   "properties": {
    "name": "55 CLYDEBANK ROAD BALMORAL 2283",
    "locID": "LOC000066329258",
    "tech": "FTTN",
    "upgrade": "NULL_NA",
    "gnaf_pid": "GANSW716390763",
    "tech_change_status": "Not Planned"
   }
  },
  {
   "type": "Feature",
   "geometry": {
    "type": "Point",
    "coordinates": [
     151.58260637,
     -33.04414267
    ]
   },
   "properties": {
    "name": "56 CLYDEBANK ROAD BALMORAL 2283",
    "locID": "LOC000013755951",
    "tech": "FTTC",
    "upgrade": "FTTP_SA",
    "gnaf_pid": "GANSW716390764",
    "tech_change_status": "Eligible to Order"
   }
  },
  {
   "type": "Feature",
   "geometry": {
    "type": "Point",
    "coordinates": [
     151.58245195,
     -33.04426909
    ]
   },
   "properties": {
    "name": "58 CLYDEBANK ROAD BALMORAL 2283",
    "locID": "LOC000083743558",
    "tech": "FTTC",
    "upgrade": "FTTP_SA",
    "gnaf_pid": "GANSW716390766",
    "tech_change_status": "Eligible to Order"
   }
  },
  {
   "type": "Feature",
   "geometry": {
    "type": "Point",
    "coordinates": [
     151.58230232,
     -33.04439968
    ]
   },
   "properties": {
    "name": "60 CLYDEBANK ROAD BALMORAL 2283",
    "locID": "LOC000027317613",
    "tech": "FTTC",
    "upgrade": "FTTP_SA",
    "gnaf_pid": "GANSW716390767",
    "tech_change_status": "Eligible to Order"
   }
  },
  {
   "type": "Feature",
   "geometry": {
    "type": "Point",
    "coordinates": [
     151.58185892,
     -33.04443578
    ]
   },
   "properties": {
    "name": "64 CLYDEBANK ROAD BALMORAL 2283",
    "locID": "LOC000004649579",
    "tech": "FTTN",
    "upgrade": "NULL_NA",
    "gnaf_pid": "GANSW716390769",
    "tech_change_status": "Not Planned"
   }
  },
  {
   "type": "Feature",
   "geometry": {
    "type": "Point",
    "coordinates": [
     151.58196476,
     -33.04471062
    ]
   },
   "properties": {
    "name": "66 CLYDEBANK ROAD BALMORAL 2283",
    "locID": "LOC000021488824",
    "tech": "FTTN",
    "upgrade": "NULL_NA",
    "gnaf_pid": "GANSW716390770",
    "tech_change_status": "Not Planned"
   }
  },
  {
   "type": "Feature",
   "geometry": {
    "type": "Point",
    "coordinates": [
     151.58187544,
     -33.044954
    ]
   },
   "properties": {
    "name": "68 CLYDEBANK ROAD BALMORAL 2283",
    "locID": "LOC000012322042",
    "tech": "FTTN",
    "upgrade": "NULL_NA",
    "gnaf_pid": "GANSW716390771",
    "tech_change_status": "Not Planned"
   }
  },
  {
   "type": "Feature",
   "geometry": {
    "type": "Point",
    "coordinates": [
     151.58173138,
     -33.04510438
    ]
   },
   "properties": {
    "name": "70 CLYDEBANK ROAD BALMORAL 2283",
    "locID": "LOC000035047762",
    "tech": "FTTN",
    "upgrade": "NULL_NA",
    "gnaf_pid": "GANSW716390772",
    "tech_change_status": "Not Planned"
   }
  },
  {
   "type": "Feature",
   "geometry": {
    "type": "Point",
    "coordinates": [
     151.58150146,
     -33.04595352
    ]
   },
   "properties": {
    "name": "76 CLYDEBANK ROAD BALMORAL 2283",
    "locID": "LOC000077550431",
    "tech": "FTTN",
    "upgrade": "NULL_NA",
    "gnaf_pid": "GANSW716390773",
    "tech_change_status": "Not Planned"
   }
  },
  {
   "type": "Feature",
   "geometry": {
    "type": "Point",
    "coordinates": [
     151.58130927,
     -33.04601707
    ]
   },
   "properties": {
    "name": "78 CLYDEBANK ROAD BALMORAL 2283",
    "locID": "LOC000063436544",
    "tech": "FTTN",
    "upgrade": "NULL_NA",
    "gnaf_pid": "GANSW716390774",
    "tech_change_status": "Not Planned"
   }
  },
  {
   "type": "Feature",
   "geometry": {
    "type": "Point",
    "coordinates": [
     151.58113191,
     -33.04612004
    ]
   },
   "properties": {
    "name": "80 CLYDEBANK ROAD BALMORAL 2283",
    "locID": "LOC000053759987",
    "tech": "FTTN",
    "upgrade": "NULL_NA",
    "gnaf_pid": "GANSW716390775",
    "tech_change_status": "Not Planned"
   }
  },
  {
   "type": "Feature",
   "geometry": {
    "type": "Point",
    "coordinates": [
     151.58101558,
     -33.04627221
    ]
   },
   "properties": {
    "name": "82 CLYDEBANK ROAD BALMORAL 2283",
    "locID": "LOC000051964961",
    "tech": "FTTN",
    "upgrade": "NULL_NA",
    "gnaf_pid": "GANSW716390776",
    "tech_change_status": "Not Planned"
   }
  },
  {
   "type": "Feature",
   "geometry": {
    "type": "Point",
    "coordinates": [
     151.58077003,
     -33.04631662
    ]
   },
   "properties": {
    "name": "84 CLYDEBANK ROAD BALMORAL 2283",
    "locID": "LOC000090365279",
    "tech": "FTTN",
    "upgrade": "NULL_NA",
    "gnaf_pid": "GANSW716390777",
    "tech_change_status": "Not Planned"
   }
  },
  {
   "type": "Feature",
   "geometry": {
    "type": "Point",
    "coordinates": [
     151.57984537,
     -33.04710972
    ]
   },
   "properties": {
    "name": "88 CLYDEBANK ROAD BALMORAL 2283",
    "locID": "LOC000042083825",
    "tech": "FTTN",
    "upgrade": "NULL_NA",
    "gnaf_pid": "GANSW716390778",
    "tech_change_status": "Not Planned"
   }
  },
  {
   "type": "Feature",
   "geometry": {
    "type": "Point",
    "coordinates": [
     151.58131134,
     -33.04325547
    ]
   },
   "properties": {
    "name": "1 EVESHAM CLOSE BALMORAL 2283",
    "locID": "LOC000001455961",
    "tech": "FTTC",
    "upgrade": "FTTP_SA",
    "gnaf_pid": "GANSW716395858",
    "tech_change_status": "Eligible to Order"
   }
  },
  {
   "type": "Feature",
   "geometry": {
    "type": "Point",
    "coordinates": [
     151.58047696,
     -33.0432494
    ]
   },
   "properties": {
    "name": "4 EVESHAM CLOSE BALMORAL 2283",
    "locID": "LOC000019690653",
    "tech": "FTTC",
    "upgrade": "FTTP_SA",
    "gnaf_pid": "GANSW716395859",
    "tech_change_status": "Eligible to Order"
   }
  },
  {
   "type": "Feature",
   "geometry": {
    "type": "Point",
    "coordinates": [
     151.57784305,
     -33.04402305
    ]
   },
   "properties": {
    "name": "3 HADLEIGH ROAD BALMORAL 2283",
    "locID": "LOC000063860507",
    "tech": "FTTN",
    "upgrade": "NULL_NA",
    "gnaf_pid": "GANSW716399954",
    "tech_change_status": "Not Planned"
   }
  },
  {
   "type": "Feature",
   "geometry": {
    "type": "Point",
    "coordinates": [
     151.57771944,
     -33.04480188
    ]
   },
   "properties": {
    "name": "7 HADLEIGH ROAD BALMORAL 2283",
    "locID": "LOC000090334497",
    "tech": "FTTN",
    "upgrade": "NULL_NA",
    "gnaf_pid": "GANSW716399955",
    "tech_change_status": "Not Planned"
   }
  },
  {
   "type": "Feature",
   "geometry": {
    "type": "Point",
    "coordinates": [
     151.58150291,
     -33.04366739
    ]
   },
   "properties": {
    "name": "10 HASTINGS ROAD BALMORAL 2283",
    "locID": "LOC000020580334",
    "tech": "FTTC",
    "upgrade": "FTTP_SA",
    "gnaf_pid": "GANSW716400650",
    "tech_change_status": "Eligible to Order"
   }
  },
  {
   "type": "Feature",
   "geometry": {
    "type": "Point",
    "coordinates": [
     151.58129103,
     -33.04369967
    ]
   },
   "properties": {
    "name": "12 HASTINGS ROAD BALMORAL 2283",
    "locID": "LOC000061319346",
    "tech": "FTTC",
    "upgrade": "NULL_NA",
    "gnaf_pid": "GANSW716400651"
   }
  },
  {
   "type": "Feature",
   "geometry": {
    "type": "Point",
    "coordinates": [
     151.58107915,
     -33.04373197
    ]
   },
   "properties": {
    "name": "14 HASTINGS ROAD BALMORAL 2283",
    "locID": "LOC000008923238",
    "tech": "FTTC",
    "upgrade": "NULL_NA",
    "gnaf_pid": "GANSW716400652"
   }
  },
  {
   "type": "Feature",
   "geometry": {
    "type": "Point",
    "coordinates": [
     151.58086727,
     -33.04376427
    ]
   },
   "properties": {
    "name": "16 HASTINGS ROAD BALMORAL 2283",
    "locID": "LOC000070628657",
    "tech": "FTTC",
    "upgrade": "NULL_NA",
    "gnaf_pid": "GANSW716400653"
   }
  },
  {
   "type": "Feature",
   "geometry": {
    "type": "Point",
    "coordinates": [
     151.58065538,
     -33.04379656
    ]
   },
   "properties": {
    "name": "18 HASTINGS ROAD BALMORAL 2283",
    "locID": "LOC000071041727",
    "tech": "FTTC",
    "upgrade": "FTTP_SA",
    "gnaf_pid": "GANSW716400654",
    "tech_change_status": "Eligible to Order"
   }
  },
  {
   "type": "Feature",
   "geometry": {
    "type": "Point",
    "coordinates": [
     151.5804435,
     -33.04382885
    ]
   },
   "properties": {
    "name": "20 HASTINGS ROAD BALMORAL 2283",
    "locID": "LOC000043799036",
    "tech": "FTTC",
    "upgrade": "FTTP_SA",
    "gnaf_pid": "GANSW716400655",
    "tech_change_status": "Eligible to Order"
   }
  },
  {
   "type": "Feature",
   "geometry": {
    "type": "Point",
    "coordinates": [
     151.58023161,
     -33.04386114
    ]
   },
   "properties": {
    "name": "22 HASTINGS ROAD BALMORAL 2283",
    "locID": "LOC000075721173",
    "tech": "FTTP",
    "upgrade": "NULL_NA",
    "gnaf_pid": "GANSW716400656"
   }
  },
  {
   "type": "Feature",
   "geometry": {
    "type": "Point",
    "coordinates": [
     151.58001973,
     -33.04389344
    ]
   },
   "properties": {
    "name": "24 HASTINGS ROAD BALMORAL 2283",
    "locID": "LOC000065095371",
    "tech": "FTTC",
    "upgrade": "FTTP_SA",
    "gnaf_pid": "GANSW716400657",
    "tech_change_status": "Eligible to Order"
   }
  },
  {
   "type": "Feature",
   "geometry": {
    "type": "Point",
    "coordinates": [
     151.58064344,
     -33.04440708
    ]
   },
   "properties": {
    "name": "25 HASTINGS ROAD BALMORAL 2283",
    "locID": "LOC000058462534",
    "tech": "FTTC",
    "upgrade": "FTTP_SA",
    "gnaf_pid": "GANSW716400658",
    "tech_change_status": "Eligible to Order"
   }
  },
  {
   "type": "Feature",
   "geometry": {
    "type": "Point",
    "coordinates": [
     151.58042818,
     -33.04443035
    ]
   },
   "properties": {
    "name": "27 HASTINGS ROAD BALMORAL 2283",
    "locID": "LOC000051352303",
    "tech": "FTTC",
    "upgrade": "FTTP_SA",
    "gnaf_pid": "GANSW716400659",
    "tech_change_status": "Eligible to Order"
   }
  },
  {
   "type": "Feature",
   "geometry": {
    "type": "Point",
    "coordinates": [
     151.58021206,
     -33.04444548
    ]
   },
   "properties": {
    "name": "29 HASTINGS ROAD BALMORAL 2283",
    "locID": "LOC000084093185",
    "tech": "FTTC",
    "upgrade": "FTTP_SA",
    "gnaf_pid": "GANSW716400660",
    "tech_change_status": "Eligible to Order"
   }
  },
  {
   "type": "Feature",
   "geometry": {
    "type": "Point",
    "coordinates": [
     151.57936323,
     -33.0438759
    ]
   },
   "properties": {
    "name": "30 HASTINGS ROAD BALMORAL 2283",
    "locID": "LOC000055808441",
    "tech": "FTTC",
    "upgrade": "NULL_NA",
    "gnaf_pid": "GANSW716400661"
   }
  },
  {
   "type": "Feature",
   "geometry": {
    "type": "Point",
    "coordinates": [
     151.57920345,
     -33.0437645
    ]
   },
   "properties": {
    "name": "32 HASTINGS ROAD BALMORAL 2283",
    "locID": "LOC000033951786",
    "tech": "FTTC",
    "upgrade": "NULL_NA",
    "gnaf_pid": "GANSW716400662"
   }
  },
  {
   "type": "Feature",
   "geometry": {
    "type": "Point",
    "coordinates": [
     151.57909459,
     -33.04359249
    ]
   },
   "properties": {
    "name": "34 HASTINGS ROAD BALMORAL 2283",
    "locID": "LOC000008818176",
    "tech": "FTTC",
    "upgrade": "FTTP_SA",
    "gnaf_pid": "GANSW716400663",
    "tech_change_status": "Eligible to Order"
   }
  },
  {
   "type": "Feature",
   "geometry": {
    "type": "Point",
    "coordinates": [
     151.5795092,
     -33.04447498
    ]
   },
   "properties": {
    "name": "35 HASTINGS ROAD BALMORAL 2283",
    "locID": "LOC000016330795",
    "tech": "FTTC",
    "upgrade": "NULL_NA",
    "gnaf_pid": "GANSW716400664"
   }
  },
  {
   "type": "Feature",
   "geometry": {
    "type": "Point",
    "coordinates": [
     151.5790471,
     -33.04340956
    ]
   },
   "properties": {
    "name": "36 HASTINGS ROAD BALMORAL 2283",
    "locID": "LOC000011500302",
    "tech": "FTTC",
    "upgrade": "FTTP_SA",
    "gnaf_pid": "GANSW716400665",
    "tech_change_status": "Eligible to Order"
   }
  },
  {
   "type": "Feature",
   "geometry": {
    "type": "Point",
    "coordinates": [
     151.57923778,
     -33.04445881
    ]
   },
   "properties": {
    "name": "37 HASTINGS ROAD BALMORAL 2283",
    "locID": "LOC000030493687",
    "tech": "FTTC",
    "upgrade": "NULL_NA",
    "gnaf_pid": "GANSW716400666"
   }
  },
  {
   "type": "Feature",
   "geometry": {
    "type": "Point",
    "coordinates": [
     151.57905314,
     -33.04322358
    ]
   },
   "properties": {
    "name": "38 HASTINGS ROAD BALMORAL 2283",
    "locID": "LOC000086003793",
    "tech": "FTTC",
    "upgrade": "FTTP_SA",
    "gnaf_pid": "GANSW716400667",
    "tech_change_status": "Eligible to Order"
   }
  },
  {
   "type": "Feature",
   "geometry": {
    "type": "Point",
    "coordinates": [
     151.57896328,
     -33.04446898
    ]
   },
   "properties": {
    "name": "39 HASTINGS ROAD BALMORAL 2283",
    "locID": "LOC000099574576",
    "tech": "FTTC",
    "upgrade": "NULL_NA",
    "gnaf_pid": "GANSW716400668"
   }
  },
  {
   "type": "Feature",
   "geometry": {
    "type": "Point",
    "coordinates": [
     151.58279191,
     -33.04351901
    ]
   },
   "properties": {
    "name": "3 HASTINGS ROAD BALMORAL 2283",
    "locID": "LOC000094222860",
    "tech": "FTTC",
    "upgrade": "FTTP_SA",
    "gnaf_pid": "GANSW716400669",
    "tech_change_status": "Eligible to Order"
   }
  },
  {
   "type": "Feature",
   "geometry": {
    "type": "Point",
    "coordinates": [
     151.57904285,
     -33.04286654
    ]
   },
   "properties": {
    "name": "42 HASTINGS ROAD BALMORAL 2283",
    "locID": "LOC000102146988",
    "tech": "FTTC",
    "upgrade": "NULL_NA",
    "gnaf_pid": "GANSW716400671"
   }
  },
  {
   "type": "Feature",
   "geometry": {
    "type": "Point",
    "coordinates": [
     151.57844418,
     -33.04426847
    ]
   },
   "properties": {
    "name": "43 HASTINGS ROAD BALMORAL 2283",
    "locID": "LOC000027132237",
    "tech": "FTTC",
    "upgrade": "NULL_NA",
    "gnaf_pid": "GANSW716400672"
   }
  },
  {
   "type": "Feature",
   "geometry": {
    "type": "Point",
    "coordinates": [
     151.57839687,
     -33.04399748
    ]
   },
   "properties": {
    "name": "45 HASTINGS ROAD BALMORAL 2283",
    "locID": "LOC000057695835",
    "tech": "FTTC",
    "upgrade": "FTTP_SA",
    "gnaf_pid": "GANSW716400673",
    "tech_change_status": "Eligible to Order"
   }
  },
  {
   "type": "Feature",
   "geometry": {
    "type": "Point",
    "coordinates": [
     151.57838482,
     -33.04353724
    ]
   },
   "properties": {
    "name": "49 HASTINGS ROAD BALMORAL 2283",
    "locID": "LOC000065311013",
    "tech": "FTTC",
    "upgrade": "FTTP_SA",
    "gnaf_pid": "GANSW716400675",
    "tech_change_status": "Eligible to Order"
   }
  },
  {
   "type": "Feature",
   "geometry": {
    "type": "Point",
    "coordinates": [
     151.57843206,
     -33.04315011
    ]
   },
   "properties": {
    "name": "53 HASTINGS ROAD BALMORAL 2283",
    "locID": "LOC000080785570",
    "tech": "FTTC",
    "upgrade": "NULL_NA",
    "gnaf_pid": "GANSW716400676"
   }
  },
  {
   "type": "Feature",
   "geometry": {
    "type": "Point",
    "coordinates": [
     151.57826654,
     -33.04299232
    ]
   },
   "properties": {
    "name": "57 HASTINGS ROAD BALMORAL 2283",
    "locID": "LOC000053757904",
    "tech": "FTTC",
    "upgrade": "NULL_NA",
    "gnaf_pid": "GANSW716400677"
   }
  },
  {
   "type": "Feature",
   "geometry": {
    "type": "Point",
    "coordinates": [
     151.57848035,
     -33.04292649
    ]
   },
   "properties": {
    "name": "59 HASTINGS ROAD BALMORAL 2283",
    "locID": "LOC000039940713",
    "tech": "FTTC",
    "upgrade": "NULL_NA",
    "gnaf_pid": "GANSW716400678"
   }
  },
  {
   "type": "Feature",
   "geometry": {
    "type": "Point",
    "coordinates": [
     151.58264218,
     -33.04365326
    ]
   },
   "properties": {
    "name": "5 HASTINGS ROAD BALMORAL 2283",
    "locID": "LOC000008986812",
    "tech": "FTTC",
    "upgrade": "FTTP_SA",
    "gnaf_pid": "GANSW716400679",
    "tech_change_status": "Eligible to Order"
   }
  },
  {
   "type": "Feature",
   "geometry": {
    "type": "Point",
    "coordinates": [
     151.57851324,
     -33.04276516
    ]
   },
   "properties": {
    "name": "61 HASTINGS ROAD BALMORAL 2283",
    "locID": "LOC000069295956",
    "tech": "FTTC",
    "upgrade": "NULL_NA",
    "gnaf_pid": "GANSW716400680"
   }
  },
  {
   "type": "Feature",
   "geometry": {
    "type": "Point",
    "coordinates": [
     151.58193034,
     -33.04358546
    ]
   },
   "properties": {
    "name": "6 HASTINGS ROAD BALMORAL 2283",
    "locID": "LOC000104465605",
    "tech": "FTTC",
    "upgrade": "FTTP_SA",
    "gnaf_pid": "GANSW716400681",
    "tech_change_status": "Eligible to Order"
   }
  },
  {
   "type": "Feature",
   "geometry": {
    "type": "Point",
    "coordinates": [
     151.58248777,
     -33.0437797
    ]
   },
   "properties": {
    "name": "7 HASTINGS ROAD BALMORAL 2283",
    "locID": "LOC000051973724",
    "tech": "FTTC",
    "upgrade": "FTTP_SA",
    "gnaf_pid": "GANSW716400682",
    "tech_change_status": "Eligible to Order"
   }
  },
  {
   "type": "Feature",
   "geometry": {
    "type": "Point",
    "coordinates": [
     151.58173979,
     -33.04363663
    ]
   },
   "properties": {
    "name": "8 HASTINGS ROAD BALMORAL 2283",
    "locID": "LOC000006535737",
    "tech": "FTTC",
    "upgrade": "FTTP_SA",
    "gnaf_pid": "GANSW716400683",
    "tech_change_status": "Eligible to Order"
   }
  },
  {
   "type": "Feature",
   "geometry": {
    "type": "Point",
    "coordinates": [
     151.58233913,
     -33.04392451
    ]
   },
   "properties": {
    "name": "9 HASTINGS ROAD BALMORAL 2283",
    "locID": "LOC000109990883",
    "tech": "FTTC",
    "upgrade": "FTTP_SA",
    "gnaf_pid": "GANSW716400684",
    "tech_change_status": "Eligible to Order"
   }
  },
  {
   "type": "Feature",
   "geometry": {
    "type": "Point",
    "coordinates": [
     151.58073435,
     -33.0450444
    ]
   },
   "properties": {
    "name": "3 HENDON CLOSE BALMORAL 2283",
    "locID": "LOC000035098713",
    "tech": "FTTN",
    "upgrade": "NULL_NA",
    "gnaf_pid": "GANSW716401150",
    "tech_change_status": "Not Planned"
   }
  },
  {
   "type": "Feature",
   "geometry": {
    "type": "Point",
    "coordinates": [
     151.5807549,
     -33.04478976
    ]
   },
   "properties": {
    "name": "5 HENDON CLOSE BALMORAL 2283",
    "locID": "LOC000006873809",
    "tech": "FTTN",
    "upgrade": "NULL_NA",
    "gnaf_pid": "GANSW716401151",
    "tech_change_status": "Not Planned"
   }
  },
  {
   "type": "Feature",
   "geometry": {
    "type": "Point",
    "coordinates": [
     151.58099984,
     -33.0447045
    ]
   },
   "properties": {
    "name": "7 HENDON CLOSE BALMORAL 2283",
    "locID": "LOC000057579868",
    "tech": "FTTN",
    "upgrade": "NULL_NA",
    "gnaf_pid": "GANSW716401152",
    "tech_change_status": "Not Planned"
   }
  },
  {
   "type": "Feature",
   "geometry": {
    "type": "Point",
    "coordinates": [
     151.57896614,
     -33.04668657
    ]
   },
   "properties": {
    "name": "11 KINGSLAND AVENUE BALMORAL 2283",
    "locID": "LOC000024678613",
    "tech": "FTTN",
    "upgrade": "NULL_NA",
    "gnaf_pid": "GANSW716404971",
    "tech_change_status": "Not Planned"
   }
  },
  {
   "type": "Feature",
   "geometry": {
    "type": "Point",
    "coordinates": [
     151.5787554,
     -33.04664909
    ]
   },
   "properties": {
    "name": "13 KINGSLAND AVENUE BALMORAL 2283",
    "locID": "LOC000064239248",
    "tech": "FTTN",
    "upgrade": "NULL_NA",
    "gnaf_pid": "GANSW716404972",
    "tech_change_status": "Not Planned"
   }
  },
  {
   "type": "Feature",
   "geometry": {
    "type": "Point",
    "coordinates": [
     151.57854466,
     -33.04661162
    ]
   },
   "properties": {
    "name": "15 KINGSLAND AVENUE BALMORAL 2283",
    "locID": "LOC000018443815",
    "tech": "FTTN",
    "upgrade": "NULL_NA",
    "gnaf_pid": "GANSW716404973",
    "tech_change_status": "Not Planned"
   }
  },
  {
   "type": "Feature",
   "geometry": {
    "type": "Point",
    "coordinates": [
     151.57833391,
     -33.04657414
    ]
   },
   "properties": {
    "name": "17 KINGSLAND AVENUE BALMORAL 2283",
    "locID": "LOC000095992585",
    "tech": "FTTN",
    "upgrade": "NULL_NA",
    "gnaf_pid": "GANSW716404974",
    "tech_change_status": "Not Planned"
   }
  },
  {
   "type": "Feature",
   "geometry": {
    "type": "Point",
    "coordinates": [
     151.57812317,
     -33.04653667
    ]
   },
   "properties": {
    "name": "19 KINGSLAND AVENUE BALMORAL 2283",
    "locID": "LOC000019376015",
    "tech": "FTTN",
    "upgrade": "NULL_NA",
    "gnaf_pid": "GANSW716404975",
    "tech_change_status": "Not Planned"
   }
  },
  {
   "type": "Feature",
   "geometry": {
    "type": "Point",
    "coordinates": [
     151.58018064,
     -33.04682522
    ]
   },
   "properties": {
    "name": "1 KINGSLAND AVENUE BALMORAL 2283",
    "locID": "LOC000082696449",
    "tech": "FTTN",
    "upgrade": "NULL_NA",
    "gnaf_pid": "GANSW716404976",
    "tech_change_status": "Not Planned"
   }
  },
  {
   "type": "Feature",
   "geometry": {
    "type": "Point",
    "coordinates": [
     151.57845923,
     -33.04607395
    ]
   },
   "properties": {
    "name": "20 KINGSLAND AVENUE BALMORAL 2283",
    "locID": "LOC000110094971",
    "tech": "FTTN",
    "upgrade": "NULL_NA",
    "gnaf_pid": "GANSW716404977",
    "tech_change_status": "Not Planned"
   }
  },
  {
   "type": "Feature",
   "geometry": {
    "type": "Point",
    "coordinates": [
     151.57824849,
     -33.04603648
    ]
   },
   "properties": {
    "name": "22 KINGSLAND AVENUE BALMORAL 2283",
    "locID": "LOC000102183919",
    "tech": "FTTN",
    "upgrade": "NULL_NA",
    "gnaf_pid": "GANSW716404978",
    "tech_change_status": "Not Planned"
   }
  },
  {
   "type": "Feature",
   "geometry": {
    "type": "Point",
    "coordinates": [
     151.57803775,
     -33.04599899
    ]
   },
   "properties": {
    "name": "24 KINGSLAND AVENUE BALMORAL 2283",
    "locID": "LOC000063897641",
    "tech": "FTTN",
    "upgrade": "NULL_NA",
    "gnaf_pid": "GANSW716404979",
    "tech_change_status": "Not Planned"
   }
  },
  {
   "type": "Feature",
   "geometry": {
    "type": "Point",
    "coordinates": [
     151.57782701,
     -33.04596151
    ]
   },
   "properties": {
    "name": "26 KINGSLAND AVENUE BALMORAL 2283",
    "locID": "LOC000017159781",
    "tech": "FTTN",
    "upgrade": "NULL_NA",
    "gnaf_pid": "GANSW716404980",
    "tech_change_status": "Not Planned"
   }
  },
  {
   "type": "Feature",
   "geometry": {
    "type": "Point",
    "coordinates": [
     151.57761627,
     -33.04592402
    ]
   },
   "properties": {
    "name": "28 KINGSLAND AVENUE BALMORAL 2283",
    "locID": "LOC000002168468",
    "tech": "FTTN",
    "upgrade": "NULL_NA",
    "gnaf_pid": "GANSW716404981",
    "tech_change_status": "Not Planned"
   }
  },
  {
   "type": "Feature",
   "geometry": {
    "type": "Point",
    "coordinates": [
     151.58035967,
     -33.04641195
    ]
   },
   "properties": {
    "name": "4 KINGSLAND AVENUE BALMORAL 2283",
    "locID": "LOC000043824199",
    "tech": "FTTN",
    "upgrade": "NULL_NA",
    "gnaf_pid": "GANSW716404982",
    "tech_change_status": "Not Planned"
   }
  },
  {
   "type": "Feature",
   "geometry": {
    "type": "Point",
    "coordinates": [
     151.5801195,
     -33.04636923
    ]
   },
   "properties": {
    "name": "6 KINGSLAND AVENUE BALMORAL 2283",
    "locID": "LOC000064786932",
    "tech": "FTTN",
    "upgrade": "NULL_NA",
    "gnaf_pid": "GANSW716404983",
    "tech_change_status": "Not Planned"
   }
  },
  {
   "type": "Feature",
   "geometry": {
    "type": "Point",
    "coordinates": [
     151.57980132,
     -33.04631265
    ]
   },
   "properties": {
    "name": "8 KINGSLAND AVENUE BALMORAL 2283",
    "locID": "LOC000018066850",
    "tech": "FTTN",
    "upgrade": "NULL_NA",
    "gnaf_pid": "GANSW716404984",
    "tech_change_status": "Not Planned"
   }
  },
  {
   "type": "Feature",
   "geometry": {
    "type": "Point",
    "coordinates": [
     151.58085294,
     -33.04709805
    ]
   },
   "properties": {
    "name": "101 LETCHWORTH PARADE BALMORAL 2283",
    "locID": "LOC000064191169",
    "tech": "FTTN",
    "upgrade": "NULL_NA",
    "gnaf_pid": "GANSW716406602",
    "tech_change_status": "Not Planned"
   }
  },
  {
   "type": "Feature",
   "geometry": {
    "type": "Point",
    "coordinates": [
     151.58052352,
     -33.04713223
    ]
   },
   "properties": {
    "name": "103 LETCHWORTH PARADE BALMORAL 2283",
    "locID": "LOC000007994204",
    "tech": "FTTN",
    "upgrade": "NULL_NA",
    "gnaf_pid": "GANSW716406603",
    "tech_change_status": "Not Planned"
   }
  },
  {
   "type": "Feature",
   "geometry": {
    "type": "Point",
    "coordinates": [
     151.588067,
     -33.04928247
    ]
   },
   "properties": {
    "name": "10 LETCHWORTH PARADE BALMORAL 2283",
    "locID": "LOC000040820464",
    "tech": "FTTC",
    "upgrade": "FTTP_SA",
    "gnaf_pid": "GANSW716406604",
    "tech_change_status": "Eligible to Order"
   }
  },
  {
   "type": "Feature",
   "geometry": {
    "type": "Point",
    "coordinates": [
     151.58863559,
     -33.0486877
    ]
   },
   "properties": {
    "name": "11 LETCHWORTH PARADE BALMORAL 2283",
    "locID": "LOC000038113684",
    "tech": "FTTC",
    "upgrade": "FTTP_SA",
    "gnaf_pid": "GANSW716406605",
    "tech_change_status": "Eligible to Order"
   }
  },
  {
   "type": "Feature",
   "geometry": {
    "type": "Point",
    "coordinates": [
     151.58802751,
     -33.04917775
    ]
   },
   "properties": {
    "name": "12 LETCHWORTH PARADE BALMORAL 2283",
    "locID": "LOC000041404772",
    "tech": "FTTC",
    "upgrade": "FTTP_SA",
    "gnaf_pid": "GANSW716406606",
    "tech_change_status": "Eligible to Order"
   }
  },
  {
   "type": "Feature",
   "geometry": {
    "type": "Point",
    "coordinates": [
     151.58855658,
     -33.04847813
    ]
   },
   "properties": {
    "name": "13 LETCHWORTH PARADE BALMORAL 2283",
    "locID": "LOC000102838511",
    "tech": "FTTC",
    "upgrade": "FTTP_SA",
    "gnaf_pid": "GANSW716406607",
    "tech_change_status": "Eligible to Order"
   }
  },
  {
   "type": "Feature",
   "geometry": {
    "type": "Point",
    "coordinates": [
     151.58799578,
     -33.04907093
    ]
   },
   "properties": {
    "name": "14 LETCHWORTH PARADE BALMORAL 2283",
    "locID": "LOC000034800836",
    "tech": "FTTC",
    "upgrade": "FTTP_SA",
    "gnaf_pid": "GANSW716406608",
    "tech_change_status": "Eligible to Order"
   }
  },
  {
   "type": "Feature",
   "geometry": {
    "type": "Point",
    "coordinates": [
     151.58847755,
     -33.04826855
    ]
   },
   "properties": {
    "name": "15 LETCHWORTH PARADE BALMORAL 2283",
    "locID": "LOC000020543133",
    "tech": "FTTC",
    "upgrade": "FTTP_SA",
    "gnaf_pid": "GANSW716406609",
    "tech_change_status": "Eligible to Order"
   }
  },
  {
   "type": "Feature",
   "geometry": {
    "type": "Point",
    "coordinates": [
     151.58839854,
     -33.04805897
    ]
   },
   "properties": {
    "name": "17 LETCHWORTH PARADE BALMORAL 2283",
    "locID": "LOC000064894473",
    "tech": "FTTC",
    "upgrade": "FTTP_SA",
    "gnaf_pid": "GANSW716406610",
    "tech_change_status": "Eligible to Order"
   }
  },
  {
   "type": "Feature",
   "geometry": {
    "type": "Point",
    "coordinates": [
     151.58792709,
     -33.0488587
    ]
   },
   "properties": {
    "name": "18 LETCHWORTH PARADE BALMORAL 2283",
    "locID": "LOC000037356495",
    "tech": "FTTC",
    "upgrade": "FTTP_SA",
    "gnaf_pid": "GANSW716406611",
    "tech_change_status": "Eligible to Order"
   }
  },
  {
   "type": "Feature",
   "geometry": {
    "type": "Point",
    "coordinates": [
     151.58841208,
     -33.04786791
    ]
   },
   "properties": {
    "name": "19 LETCHWORTH PARADE BALMORAL 2283",
    "locID": "LOC000072319813",
    "tech": "FTTC",
    "upgrade": "FTTP_SA",
    "gnaf_pid": "GANSW716406612",
    "tech_change_status": "Eligible to Order"
   }
  },
  {
   "type": "Feature",
   "geometry": {
    "type": "Point",
    "coordinates": [
     151.58891058,
     -33.04924859
    ]
   },
   "properties": {
    "name": "1 LETCHWORTH PARADE BALMORAL 2283",
    "locID": "LOC000080556790",
    "tech": "FTTC",
    "upgrade": "FTTP_SA",
    "gnaf_pid": "GANSW716406613",
    "tech_change_status": "Eligible to Order"
   }
  },
  {
   "type": "Feature",
   "geometry": {
    "type": "Point",
    "coordinates": [
     151.58788818,
     -33.04875381
    ]
   },
   "properties": {
    "name": "20 LETCHWORTH PARADE BALMORAL 2283",
    "locID": "LOC000025512975",
    "tech": "FTTC",
    "upgrade": "FTTP_SA",
    "gnaf_pid": "GANSW716406614",
    "tech_change_status": "Eligible to Order"
   }
  },
  {
   "type": "Feature",
   "geometry": {
    "type": "Point",
    "coordinates": [
     151.58836271,
     -33.04773692
    ]
   },
   "properties": {
    "name": "21 LETCHWORTH PARADE BALMORAL 2283",
    "locID": "LOC000087381263",
    "tech": "FTTP",
    "upgrade": "NULL_NA",
    "gnaf_pid": "GANSW716406615"
   }
  },
  {
   "type": "Feature",
   "geometry": {
    "type": "Point",
    "coordinates": [
     151.58784323,
     -33.04865053
    ]
   },
   "properties": {
    "name": "22 LETCHWORTH PARADE BALMORAL 2283",
    "locID": "LOC000031449622",
    "tech": "FTTC",
    "upgrade": "FTTP_SA",
    "gnaf_pid": "GANSW716406616",
    "tech_change_status": "Eligible to Order"
   }
  },
  {
   "type": "Feature",
   "geometry": {
    "type": "Point",
    "coordinates": [
     151.58831336,
     -33.04760593
    ]
   },
   "properties": {
    "name": "23 LETCHWORTH PARADE BALMORAL 2283",
    "locID": "LOC000105512509",
    "tech": "FTTP",
    "upgrade": "NULL_NA",
    "gnaf_pid": "GANSW716406617"
   }
  },
  {
   "type": "Feature",
   "geometry": {
    "type": "Point",
    "coordinates": [
     151.58779985,
     -33.04854686
    ]
   },
   "properties": {
    "name": "24 LETCHWORTH PARADE BALMORAL 2283",
    "locID": "LOC000053467977",
    "tech": "FTTC",
    "upgrade": "FTTP_SA",
    "gnaf_pid": "GANSW716406618",
    "tech_change_status": "Eligible to Order"
   }
  },
  {
   "type": "Feature",
   "geometry": {
    "type": "Point",
    "coordinates": [
     151.58825412,
     -33.0474589
    ]
   },
   "properties": {
    "name": "25 LETCHWORTH PARADE BALMORAL 2283",
    "locID": "LOC000080106684",
    "tech": "FTTC",
    "upgrade": "FTTP_SA",
    "gnaf_pid": "GANSW716406619",
    "tech_change_status": "Eligible to Order"
   }
  },
  {
   "type": "Feature",
   "geometry": {
    "type": "Point",
    "coordinates": [
     151.58776656,
     -33.04844046
    ]
   },
   "properties": {
    "name": "26 LETCHWORTH PARADE BALMORAL 2283",
    "locID": "LOC000014118899",
    "tech": "FTTP",
    "upgrade": "NULL_NA",
    "gnaf_pid": "GANSW716406620"
   }
  },
  {
   "type": "Feature",
   "geometry": {
    "type": "Point",
    "coordinates": [
     151.5880116,
     -33.04721183
    ]
   },
   "properties": {
    "name": "27 LETCHWORTH PARADE BALMORAL 2283",
    "locID": "LOC000063370129",
    "tech": "FTTC",
    "upgrade": "FTTP_SA",
    "gnaf_pid": "GANSW716406621",
    "tech_change_status": "Eligible to Order"
   }
  },
  {
   "type": "Feature",
   "geometry": {
    "type": "Point",
    "coordinates": [
     151.58771929,
     -33.04833781
    ]
   },
   "properties": {
    "name": "28 LETCHWORTH PARADE BALMORAL 2283",
    "locID": "LOC000058226358",
    "tech": "FTTP",
    "upgrade": "NULL_NA",
    "gnaf_pid": "GANSW716406622"
   }
  },
  {
   "type": "Feature",
   "geometry": {
    "type": "Point",
    "coordinates": [
     151.58823277,
     -33.04969931
    ]
   },
   "properties": {
    "name": "2 LETCHWORTH PARADE BALMORAL 2283",
    "locID": "LOC000076784853",
    "tech": "FTTC",
    "upgrade": "FTTP_SA",
    "gnaf_pid": "GANSW716406624",
    "tech_change_status": "Eligible to Order"
   }
  },
  {
   "type": "Feature",
   "geometry": {
    "type": "Point",
    "coordinates": [
     151.58768594,
     -33.04823143
    ]
   },
   "properties": {
    "name": "30 LETCHWORTH PARADE BALMORAL 2283",
    "locID": "LOC000067342658",
    "tech": "FTTC",
    "upgrade": "FTTP_SA",
    "gnaf_pid": "GANSW716406625",
    "tech_change_status": "Eligible to Order"
   }
  },
  {
   "type": "Feature",
   "geometry": {
    "type": "Point",
    "coordinates": [
     151.58764653,
     -33.04812668
    ]
   },
   "properties": {
    "name": "32 LETCHWORTH PARADE BALMORAL 2283",
    "locID": "LOC000028693883",
    "tech": "FTTC",
    "upgrade": "FTTP_SA",
    "gnaf_pid": "GANSW716406626",
    "tech_change_status": "Eligible to Order"
   }
  },
  {
   "type": "Feature",
   "geometry": {
    "type": "Point",
    "coordinates": [
     151.58761629,
     -33.04801947
    ]
   },
   "properties": {
    "name": "34 LETCHWORTH PARADE BALMORAL 2283",
    "locID": "LOC000101640369",
    "tech": "FTTC",
    "upgrade": "FTTP_SA",
    "gnaf_pid": "GANSW716406627",
    "tech_change_status": "Eligible to Order"
   }
  },
  {
   "type": "Feature",
   "geometry": {
    "type": "Point",
    "coordinates": [
     151.58889279,
     -33.049138
    ]
   },
   "properties": {
    "name": "3 LETCHWORTH PARADE BALMORAL 2283",
    "locID": "LOC000025534501",
    "tech": "FTTC",
    "upgrade": "FTTP_SA",
    "gnaf_pid": "GANSW716406628",
    "tech_change_status": "Eligible to Order"
   }
  },
  {
   "type": "Feature",
   "geometry": {
    "type": "Point",
    "coordinates": [
     151.58652798,
     -33.04651245
    ]
   },
   "properties": {
    "name": "43 LETCHWORTH PARADE BALMORAL 2283",
    "locID": "LOC000084002693",
    "tech": "FTTC",
    "upgrade": "FTTP_SA",
    "gnaf_pid": "GANSW716406629",
    "tech_change_status": "Eligible to Order"
   }
  },
  {
   "type": "Feature",
   "geometry": {
    "type": "Point",
    "coordinates": [
     151.58614697,
     -33.04643631
    ]
   },
   "properties": {
    "name": "47 LETCHWORTH PARADE BALMORAL 2283",
    "locID": "LOC000098847465",
    "tech": "FTTC",
    "upgrade": "FTTP_SA",
    "gnaf_pid": "GANSW716406630",
    "tech_change_status": "Eligible to Order"
   }
  },
  {
   "type": "Feature",
   "geometry": {
    "type": "Point",
    "coordinates": [
     151.58820804,
     -33.04959063
    ]
   },
   "properties": {
    "name": "4 LETCHWORTH PARADE BALMORAL 2283",
    "locID": "LOC000105154418",
    "tech": "FTTC",
    "upgrade": "FTTP_SA",
    "gnaf_pid": "GANSW716406631",
    "tech_change_status": "Eligible to Order"
   }
  },
  {
   "type": "Feature",
   "geometry": {
    "type": "Point",
    "coordinates": [
     151.58557545,
     -33.0463221
    ]
   },
   "properties": {
    "name": "53 LETCHWORTH PARADE BALMORAL 2283",
    "locID": "LOC000027398879",
    "tech": "FTTC",
    "upgrade": "FTTP_SA",
    "gnaf_pid": "GANSW716406632",
    "tech_change_status": "Eligible to Order"
   }
  },
  {
   "type": "Feature",
   "geometry": {
    "type": "Point",
    "coordinates": [
     151.58500394,
     -33.04620789
    ]
   },
   "properties": {
    "name": "59 LETCHWORTH PARADE BALMORAL 2283",
    "locID": "LOC000066506722",
    "tech": "FTTN",
    "upgrade": "NULL_NA",
    "gnaf_pid": "GANSW716406633",
    "tech_change_status": "Not Planned"
   }
  },
  {
   "type": "Feature",
   "geometry": {
    "type": "Point",
    "coordinates": [
     151.58887499,
     -33.04902741
    ]
   },
   "properties": {
    "name": "5 LETCHWORTH PARADE BALMORAL 2283",
    "locID": "LOC000006321216",
    "tech": "FTTP",
    "upgrade": "NULL_NA",
    "gnaf_pid": "GANSW716406634"
   }
  },
  {
   "type": "Feature",
   "geometry": {
    "type": "Point",
    "coordinates": [
     151.58484519,
     -33.04617618
    ]
   },
   "properties": {
    "name": "61 LETCHWORTH PARADE BALMORAL 2283",
    "locID": "LOC000010354474",
    "tech": "FTTC",
    "upgrade": "FTTP_SA",
    "gnaf_pid": "GANSW716406635",
    "tech_change_status": "Eligible to Order"
   }
  },
  {
   "type": "Feature",
   "geometry": {
    "type": "Point",
    "coordinates": [
     151.58394634,
     -33.0463088
    ]
   },
   "properties": {
    "name": "69 LETCHWORTH PARADE BALMORAL 2283",
    "locID": "LOC000002261273",
    "tech": "FTTN",
    "upgrade": "NULL_NA",
    "gnaf_pid": "GANSW716406637",
    "tech_change_status": "Not Planned"
   }
  },
  {
   "type": "Feature",
   "geometry": {
    "type": "Point",
    "coordinates": [
     151.58375743,
     -33.04635216
    ]
   },
   "properties": {
    "name": "71 LETCHWORTH PARADE BALMORAL 2283",
    "locID": "LOC000032956302",
    "tech": "FTTN",
    "upgrade": "NULL_NA",
    "gnaf_pid": "GANSW716406638",
    "tech_change_status": "Not Planned"
   }
  },
  {
   "type": "Feature",
   "geometry": {
    "type": "Point",
    "coordinates": [
     151.58337965,
     -33.04643887
    ]
   },
   "properties": {
    "name": "75 LETCHWORTH PARADE BALMORAL 2283",
    "locID": "LOC000096192955",
    "tech": "FTTN",
    "upgrade": "NULL_NA",
    "gnaf_pid": "GANSW716406639",
    "tech_change_status": "Not Planned"
   }
  },
  {
   "type": "Feature",
   "geometry": {
    "type": "Point",
    "coordinates": [
     151.58300181,
     -33.0465256
    ]
   },
   "properties": {
    "name": "79 LETCHWORTH PARADE BALMORAL 2283",
    "locID": "LOC000003191354",
    "tech": "FTTN",
    "upgrade": "NULL_NA",
    "gnaf_pid": "GANSW716406640",
    "tech_change_status": "Not Planned"
   }
  },
  {
   "type": "Feature",
   "geometry": {
    "type": "Point",
    "coordinates": [
     151.58885718,
     -33.04891681
    ]
   },
   "properties": {
    "name": "7 LETCHWORTH PARADE BALMORAL 2283",
    "locID": "LOC000028060566",
    "tech": "FTTC",
    "upgrade": "FTTP_SA",
    "gnaf_pid": "GANSW716406641",
    "tech_change_status": "Eligible to Order"
   }
  },
  {
   "type": "Feature",
   "geometry": {
    "type": "Point",
    "coordinates": [
     151.5828129,
     -33.04656895
    ]
   },
   "properties": {
    "name": "81 LETCHWORTH PARADE BALMORAL 2283",
    "locID": "LOC000084024849",
    "tech": "FTTN",
    "upgrade": "NULL_NA",
    "gnaf_pid": "GANSW716406642",
    "tech_change_status": "Not Planned"
   }
  },
  {
   "type": "Feature",
   "geometry": {
    "type": "Point",
    "coordinates": [
     151.582435,
     -33.04665566
    ]
   },
   "properties": {
    "name": "85 LETCHWORTH PARADE BALMORAL 2283",
    "locID": "LOC000033951937",
    "tech": "FTTN",
    "upgrade": "NULL_NA",
    "gnaf_pid": "GANSW716406643",
    "tech_change_status": "Not Planned"
   }
  },
  {
   "type": "Feature",
   "geometry": {
    "type": "Point",
    "coordinates": [
     151.58205711,
     -33.04674236
    ]
   },
   "properties": {
    "name": "89 LETCHWORTH PARADE BALMORAL 2283",
    "locID": "LOC000015544812",
    "tech": "FTTN",
    "upgrade": "NULL_NA",
    "gnaf_pid": "GANSW716406644",
    "tech_change_status": "Not Planned"
   }
  },
  {
   "type": "Feature",
   "geometry": {
    "type": "Point",
    "coordinates": [
     151.58812115,
     -33.04938298
    ]
   },
   "properties": {
    "name": "8 LETCHWORTH PARADE BALMORAL 2283",
    "locID": "LOC000063577209",
    "tech": "FTTC",
    "upgrade": "FTTP_SA",
    "gnaf_pid": "GANSW716406645",
    "tech_change_status": "Eligible to Order"
   }
  },
  {
   "type": "Feature",
   "geometry": {
    "type": "Point",
    "coordinates": [
     151.58186817,
     -33.0467857
    ]
   },
   "properties": {
    "name": "91 LETCHWORTH PARADE BALMORAL 2283",
    "locID": "LOC000073485261",
    "tech": "FTTN",
    "upgrade": "NULL_NA",
    "gnaf_pid": "GANSW716406646",
    "tech_change_status": "Not Planned"
   }
  },
  {
   "type": "Feature",
   "geometry": {
    "type": "Point",
    "coordinates": [
     151.58149027,
     -33.04687241
    ]
   },
   "properties": {
    "name": "95 LETCHWORTH PARADE BALMORAL 2283",
    "locID": "LOC000002347399",
    "tech": "FTTN",
    "upgrade": "NULL_NA",
    "gnaf_pid": "GANSW716406647",
    "tech_change_status": "Not Planned"
   }
  },
  {
   "type": "Feature",
   "geometry": {
    "type": "Point",
    "coordinates": [
     151.58109663,
     -33.04701491
    ]
   },
   "properties": {
    "name": "99 LETCHWORTH PARADE BALMORAL 2283",
    "locID": "LOC000015669506",
    "tech": "FTTN",
    "upgrade": "NULL_NA",
    "gnaf_pid": "GANSW716406648",
    "tech_change_status": "Not Planned"
   }
  },
  {
   "type": "Feature",
   "geometry": {
    "type": "Point",
    "coordinates": [
     151.57949806,
     -33.04508258
    ]
   },
   "properties": {
    "name": "3 NEWHAVEN CLOSE BALMORAL 2283",
    "locID": "LOC000033093217",
    "tech": "FTTN",
    "upgrade": "NULL_NA",
    "gnaf_pid": "GANSW716413038",
    "tech_change_status": "Not Planned"
   }
  },
  {
   "type": "Feature",
   "geometry": {
    "type": "Point",
    "coordinates": [
     151.58004275,
     -33.04488287
    ]
   },
   "properties": {
    "name": "6 NEWHAVEN CLOSE BALMORAL 2283",
    "locID": "LOC000005894047",
    "tech": "FTTN",
    "upgrade": "NULL_NA",
    "gnaf_pid": "GANSW716413039",
    "tech_change_status": "Not Planned"
   }
  },
  {
   "type": "Feature",
   "geometry": {
    "type": "Point",
    "coordinates": [
     151.58173074,
     -33.043202
    ]
   },
   "properties": {
    "name": "13 OAKWOOD ROAD BALMORAL 2283",
    "locID": "LOC000096786325",
    "tech": "FTTC",
    "upgrade": "FTTP_SA",
    "gnaf_pid": "GANSW716414044",
    "tech_change_status": "Eligible to Order"
   }
  },
  {
   "type": "Feature",
   "geometry": {
    "type": "Point",
    "coordinates": [
     151.58132379,
     -33.04307393
    ]
   },
   "properties": {
    "name": "17 OAKWOOD ROAD BALMORAL 2283",
    "locID": "LOC000071041484",
    "tech": "FTTC",
    "upgrade": "FTTP_SA",
    "gnaf_pid": "GANSW716414045",
    "tech_change_status": "Eligible to Order"
   }
  },
  {
   "type": "Feature",
   "geometry": {
    "type": "Point",
    "coordinates": [
     151.58344556,
     -33.04330562
    ]
   },
   "properties": {
    "name": "1 OAKWOOD ROAD BALMORAL 2283",
    "locID": "LOC000099749360",
    "tech": "FTTC",
    "upgrade": "FTTP_SA",
    "gnaf_pid": "GANSW716414046",
    "tech_change_status": "Eligible to Order"
   }
  },
  {
   "type": "Feature",
   "geometry": {
    "type": "Point",
    "coordinates": [
     151.58067194,
     -33.04297933
    ]
   },
   "properties": {
    "name": "21 OAKWOOD ROAD BALMORAL 2283",
    "locID": "LOC000021421929",
    "tech": "FTTC",
    "upgrade": "FTTP_SA",
    "gnaf_pid": "GANSW716414047",
    "tech_change_status": "Eligible to Order"
   }
  },
  {
   "type": "Feature",
   "geometry": {
    "type": "Point",
    "coordinates": [
     151.58025259,
     -33.0429352
    ]
   },
   "properties": {
    "name": "25 OAKWOOD ROAD BALMORAL 2283",
    "locID": "LOC000043319543",
    "tech": "FTTC",
    "upgrade": "FTTP_SA",
    "gnaf_pid": "GANSW716414048",
    "tech_change_status": "Eligible to Order"
   }
  },
  {
   "type": "Feature",
   "geometry": {
    "type": "Point",
    "coordinates": [
     151.57946527,
     -33.04278754
    ]
   },
   "properties": {
    "name": "31 OAKWOOD ROAD BALMORAL 2283",
    "locID": "LOC000079019120",
    "tech": "FTTC",
    "upgrade": "FTTP_SA",
    "gnaf_pid": "GANSW716414050",
    "tech_change_status": "Eligible to Order"
   }
  },
  {
   "type": "Feature",
   "geometry": {
    "type": "Point",
    "coordinates": [
     151.57904657,
     -33.04268489
    ]
   },
   "properties": {
    "name": "35 OAKWOOD ROAD BALMORAL 2283",
    "locID": "LOC000099085563",
    "tech": "FTTC",
    "upgrade": "FTTP_SA",
    "gnaf_pid": "GANSW716414051",
    "tech_change_status": "Eligible to Order"
   }
  },
  {
   "type": "Feature",
   "geometry": {
    "type": "Point",
    "coordinates": [
     151.5829148,
     -33.04329623
    ]
   },
   "properties": {
    "name": "5 OAKWOOD ROAD BALMORAL 2283",
    "locID": "LOC000078015960",
    "tech": "FTTC",
    "upgrade": "FTTP_SA",
    "gnaf_pid": "GANSW716414052",
    "tech_change_status": "Eligible to Order"
   }
  },
  {
   "type": "Feature",
   "geometry": {
    "type": "Point",
    "coordinates": [
     151.58217394,
     -33.04319037
    ]
   },
   "properties": {
    "name": "9 OAKWOOD ROAD BALMORAL 2283",
    "locID": "LOC000032930435",
    "tech": "FTTC",
    "upgrade": "FTTP_SA",
    "gnaf_pid": "GANSW716414053",
    "tech_change_status": "Eligible to Order"
   }
  },
  {
   "type": "Feature",
   "geometry": {
    "type": "Point",
    "coordinates": [
     151.58031729,
     -33.04595187
    ]
   },
   "properties": {
    "name": "11 WOODLANDS AVENUE BALMORAL 2283",
    "locID": "LOC000045465320",
    "tech": "FTTN",
    "upgrade": "NULL_NA",
    "gnaf_pid": "GANSW716430716",
    "tech_change_status": "Not Planned"
   }
  },
  {
   "type": "Feature",
   "geometry": {
    "type": "Point",
    "coordinates": [
     151.58010126,
     -33.04593533
    ]
   },
   "properties": {
    "name": "13 WOODLANDS AVENUE BALMORAL 2283",
    "locID": "LOC000078574620",
    "tech": "FTTN",
    "upgrade": "NULL_NA",
    "gnaf_pid": "GANSW716430717",
    "tech_change_status": "Not Planned"
   }
  },
  {
   "type": "Feature",
   "geometry": {
    "type": "Point",
    "coordinates": [
     151.58004568,
     -33.04532879
    ]
   },
   "properties": {
    "name": "14 WOODLANDS AVENUE BALMORAL 2283",
    "locID": "LOC000070994885",
    "tech": "FTTN",
    "upgrade": "NULL_NA",
    "gnaf_pid": "GANSW716430718",
    "tech_change_status": "Not Planned"
   }
  },
  {
   "type": "Feature",
   "geometry": {
    "type": "Point",
    "coordinates": [
     151.5795994,
     -33.04536036
    ]
   },
   "properties": {
    "name": "16 WOODLANDS AVENUE BALMORAL 2283",
    "locID": "LOC000049022984",
    "tech": "FTTN",
    "upgrade": "NULL_NA",
    "gnaf_pid": "GANSW716430719",
    "tech_change_status": "Not Planned"
   }
  },
  {
   "type": "Feature",
   "geometry": {
    "type": "Point",
    "coordinates": [
     151.57934313,
     -33.04535342
    ]
   },
   "properties": {
    "name": "18 WOODLANDS AVENUE BALMORAL 2283",
    "locID": "LOC000054075203",
    "tech": "FTTN",
    "upgrade": "NULL_NA",
    "gnaf_pid": "GANSW716430720",
    "tech_change_status": "Not Planned"
   }
  },
  {
   "type": "Feature",
   "geometry": {
    "type": "Point",
    "coordinates": [
     151.58157135,
     -33.04573222
    ]
   },
   "properties": {
    "name": "1 WOODLANDS AVENUE BALMORAL 2283",
    "locID": "LOC000048456514",
    "tech": "FTTN",
    "upgrade": "NULL_NA",
    "gnaf_pid": "GANSW716430721",
    "tech_change_status": "Not Planned"
   }
  },
  {
   "type": "Feature",
   "geometry": {
    "type": "Point",
    "coordinates": [
     151.5791758,
     -33.04586435
    ]
   },
   "properties": {
    "name": "21 WOODLANDS AVENUE BALMORAL 2283",
    "locID": "LOC000054173539",
    "tech": "FTTN",
    "upgrade": "NULL_NA",
    "gnaf_pid": "GANSW716430722",
    "tech_change_status": "Not Planned"
   }
  },
  {
   "type": "Feature",
   "geometry": {
    "type": "Point",
    "coordinates": [
     151.57896148,
     -33.04582624
    ]
   },
   "properties": {
    "name": "23 WOODLANDS AVENUE BALMORAL 2283",
    "locID": "LOC000099749325",
    "tech": "FTTN",
    "upgrade": "NULL_NA",
    "gnaf_pid": "GANSW716430723",
    "tech_change_status": "Not Planned"
   }
  },
  {
   "type": "Feature",
   "geometry": {
    "type": "Point",
    "coordinates": [
     151.57875074,
     -33.04578876
    ]
   },
   "properties": {
    "name": "25 WOODLANDS AVENUE BALMORAL 2283",
    "locID": "LOC000028208319",
    "tech": "FTTN",
    "upgrade": "NULL_NA",
    "gnaf_pid": "GANSW716430724",
    "tech_change_status": "Not Planned"
   }
  },
  {
   "type": "Feature",
   "geometry": {
    "type": "Point",
    "coordinates": [
     151.57874711,
     -33.04498463
    ]
   },
   "properties": {
    "name": "26 WOODLANDS AVENUE BALMORAL 2283",
    "locID": "LOC000082309186",
    "tech": "FTTN",
    "upgrade": "NULL_NA",
    "gnaf_pid": "GANSW716430725",
    "tech_change_status": "Not Planned"
   }
  },
  {
   "type": "Feature",
   "geometry": {
    "type": "Point",
    "coordinates": [
     151.57854001,
     -33.04575128
    ]
   },
   "properties": {
    "name": "27 WOODLANDS AVENUE BALMORAL 2283",
    "locID": "LOC000008037157",
    "tech": "FTTN",
    "upgrade": "NULL_NA",
    "gnaf_pid": "GANSW716430726",
    "tech_change_status": "Not Planned"
   }
  },
  {
   "type": "Feature",
   "geometry": {
    "type": "Point",
    "coordinates": [
     151.57832929,
     -33.0457138
    ]
   },
   "properties": {
    "name": "29 WOODLANDS AVENUE BALMORAL 2283",
    "locID": "LOC000006229105",
    "tech": "FTTN",
    "upgrade": "NULL_NA",
    "gnaf_pid": "GANSW716430727",
    "tech_change_status": "Not Planned"
   }
  },
  {
   "type": "Feature",
   "geometry": {
    "type": "Point",
    "coordinates": [
     151.58168415,
     -33.04535425
    ]
   },
   "properties": {
    "name": "2 WOODLANDS AVENUE BALMORAL 2283",
    "locID": "LOC000012449439",
    "tech": "FTTN",
    "upgrade": "NULL_NA",
    "gnaf_pid": "GANSW716430728",
    "tech_change_status": "Not Planned"
   }
  },
  {
   "type": "Feature",
   "geometry": {
    "type": "Point",
    "coordinates": [
     151.57855039,
     -33.04523055
    ]
   },
   "properties": {
    "name": "30 WOODLANDS AVENUE BALMORAL 2283",
    "locID": "LOC000090564878",
    "tech": "FTTN",
    "upgrade": "NULL_NA",
    "gnaf_pid": "GANSW716430729",
    "tech_change_status": "Not Planned"
   }
  },
  {
   "type": "Feature",
   "geometry": {
    "type": "Point",
    "coordinates": [
     151.57833967,
     -33.04519307
    ]
   },
   "properties": {
    "name": "32 WOODLANDS AVENUE BALMORAL 2283",
    "locID": "LOC000023881302",
    "tech": "FTTN",
    "upgrade": "NULL_NA",
    "gnaf_pid": "GANSW716430730",
    "tech_change_status": "Not Planned"
   }
  },
  {
   "type": "Feature",
   "geometry": {
    "type": "Point",
    "coordinates": [
     151.57812894,
     -33.04515558
    ]
   },
   "properties": {
    "name": "34 WOODLANDS AVENUE BALMORAL 2283",
    "locID": "LOC000067397203",
    "tech": "FTTN",
    "upgrade": "NULL_NA",
    "gnaf_pid": "GANSW716430731",
    "tech_change_status": "Not Planned"
   }
  },
  {
   "type": "Feature",
   "geometry": {
    "type": "Point",
    "coordinates": [
     151.57823732,
     -33.04489395
    ]
   },
   "properties": {
    "name": "36 WOODLANDS AVENUE BALMORAL 2283",
    "locID": "LOC000094579834",
    "tech": "FTTN",
    "upgrade": "NULL_NA",
    "gnaf_pid": "GANSW716430732",
    "tech_change_status": "Not Planned"
   }
  },
  {
   "type": "Feature",
   "geometry": {
    "type": "Point",
    "coordinates": [
     151.5782366,
     -33.04468471
    ]
   },
   "properties": {
    "name": "38 WOODLANDS AVENUE BALMORAL 2283",
    "locID": "LOC000095629831",
    "tech": "FTTN",
    "upgrade": "NULL_NA",
    "gnaf_pid": "GANSW716430733",
    "tech_change_status": "Not Planned"
   }
  },
  {
   "type": "Feature",
   "geometry": {
    "type": "Point",
    "coordinates": [
     151.57782243,
     -33.04510107
    ]
   },
   "properties": {
    "name": "40 WOODLANDS AVENUE BALMORAL 2283",
    "locID": "LOC000045933737",
    "tech": "FTTN",
    "upgrade": "NULL_NA",
    "gnaf_pid": "GANSW716430734",
    "tech_change_status": "Not Planned"
   }
  },
  {
   "type": "Feature",
   "geometry": {
    "type": "Point",
    "coordinates": [
     151.58074478,
     -33.04589578
    ]
   },
   "properties": {
    "name": "7 WOODLANDS AVENUE BALMORAL 2283",
    "locID": "LOC000098043315",
    "tech": "FTTN",
    "upgrade": "NULL_NA",
    "gnaf_pid": "GANSW716430735",
    "tech_change_status": "Not Planned"
   }
  },
  {
   "type": "Feature",
   "geometry": {
    "type": "Point",
    "coordinates": [
     151.58054359,
     -33.04581523
    ]
   },
   "properties": {
    "name": "9 WOODLANDS AVENUE BALMORAL 2283",
    "locID": "LOC000044477767",
    "tech": "FTTN",
    "upgrade": "NULL_NA",
    "gnaf_pid": "GANSW716430736",
    "tech_change_status": "Not Planned"
   }
  },
  {
   "type": "Feature",
   "geometry": {
    "type": "Point",
    "coordinates": [
     151.58089293,
     -33.04628482
    ]
   },
   "properties": {
    "name": "82A CLYDEBANK ROAD BALMORAL 2283",
    "locID": "LOC000052139926",
    "tech": "FTTN",
    "upgrade": "NULL_NA",
    "gnaf_pid": "GANSW716436336",
    "tech_change_status": "Not Planned"
   }
  },
  {
   "type": "Feature",
   "geometry": {
    "type": "Point",
    "coordinates": [
     151.5879594,
     -33.04896536
    ]
   },
   "properties": {
    "name": "16 LETCHWORTH PARADE BALMORAL 2283",
    "locID": "LOC000019730295",
    "tech": "FTTC",
    "upgrade": "FTTP_SA",
    "gnaf_pid": "GANSW716444128",
    "tech_change_status": "Eligible to Order"
   }
  },
  {
   "type": "Feature",
   "geometry": {
    "type": "Point",
    "coordinates": [
     151.58519444,
     -33.04624596
    ]
   },
   "properties": {
    "name": "57 LETCHWORTH PARADE BALMORAL 2283",
    "locID": "LOC000057275961",
    "tech": "FTTC",
    "upgrade": "FTTP_SA",
    "gnaf_pid": "GANSW716444129",
    "tech_change_status": "Eligible to Order"
   }
  },
  {
   "type": "Feature",
   "geometry": {
    "type": "Point",
    "coordinates": [
     151.58422488,
     -33.04624547
    ]
   },
   "properties": {
    "name": "65 LETCHWORTH PARADE BALMORAL 2283",
    "locID": "LOC000078202215",
    "tech": "FTTC",
    "upgrade": "FTTP_SA",
    "gnaf_pid": "GANSW716444130",
    "tech_change_status": "Eligible to Order"
   }
  },
  {
   "type": "Feature",
   "geometry": {
    "type": "Point",
    "coordinates": [
     151.57773265,
     -33.0445951
    ]
   },
   "properties": {
    "name": "5 HADLEIGH ROAD BALMORAL 2283",
    "locID": "LOC000192570516",
    "tech": "FTTN",
    "upgrade": "NULL_NA",
    "gnaf_pid": "GANSW716454761",
    "tech_change_status": "Not Planned"
   }
  },
  {
   "type": "Feature",
   "geometry": {
    "type": "Point",
    "coordinates": [
     151.58883857,
     -33.04880643
    ]
   },
   "properties": {
    "name": "9 LETCHWORTH PARADE BALMORAL 2283",
    "locID": "LOC000057437148",
    "tech": "FTTC",
    "upgrade": "FTTP_SA",
    "gnaf_pid": "GANSW716455264",
    "tech_change_status": "Eligible to Order"
   }
  },
  {
   "type": "Feature",
   "geometry": {
    "type": "Point",
    "coordinates": [
     151.58079527,
     -33.04687503
    ]
   },
   "properties": {
    "name": "57 CLYDEBANK ROAD BALMORAL 2283",
    "locID": "LOC000105341492",
    "tech": "FTTN",
    "upgrade": "NULL_NA",
    "gnaf_pid": "GANSW716558611",
    "tech_change_status": "Not Planned"
   }
  },
  {
   "type": "Feature",
   "geometry": {
    "type": "Point",
    "coordinates": [
     151.58210853,
     -33.04576815
    ]
   },
   "properties": {
    "name": "1 HAMPSTEAD WAY BALMORAL 2283",
    "locID": "LOC000115398830",
    "tech": "FTTN",
    "upgrade": "NULL_NA",
    "gnaf_pid": "GANSW716574488",
    "tech_change_status": "Not Planned"
   }
  },
  {
   "type": "Feature",
   "geometry": {
    "type": "Point",
    "coordinates": [
     151.58794581,
     -33.04699301
    ]
   },
   "properties": {
    "name": "29 LETCHWORTH PARADE BALMORAL 2283",
    "locID": "LOC000008999603",
    "tech": "FTTC",
    "upgrade": "FTTP_SA",
    "gnaf_pid": "GANSW716574659",
    "tech_change_status": "Eligible to Order"
   }
  },
  {
   "type": "Feature",
   "geometry": {
    "type": "Point",
    "coordinates": [
     151.58406772,
     -33.04343364
    ]
   },
   "properties": {
    "name": "2 ROTHLEY GARDENS BALMORAL 2283",
    "locID": "LOC000115403529",
    "tech": "FTTC",
    "upgrade": "FTTP_SA",
    "gnaf_pid": "GANSW716701629",
    "tech_change_status": "Eligible to Order"
   }
  },
  {
   "type": "Feature",
   "geometry": {
    "type": "Point",
    "coordinates": [
     151.58829311,
     -33.0466512
    ]
   },
   "properties": {
    "name": "62A HAMPSTEAD WAY BALMORAL 2283",
    "locID": "LOC000120722263",
    "tech": "FTTC",
    "upgrade": "FTTP_SA",
    "gnaf_pid": "GANSW717065540",
    "tech_change_status": "Eligible to Order"
   }
  },
  {
   "type": "Feature",
   "geometry": {
    "type": "Point",
    "coordinates": [
     151.58790836,
     -33.04666094
    ]
   },
   "properties": {
    "name": "60 HAMPSTEAD WAY BALMORAL 2283",
    "locID": "LOC000115412019",
    "tech": "FTTC",
    "upgrade": "FTTP_SA",
    "gnaf_pid": "GANSW717401595",
    "tech_change_status": "Eligible to Order"
   }
  },
  {
   "type": "Feature",
   "geometry": {
    "type": "Point",
    "coordinates": [
     151.58811148,
     -33.0468008
    ]
   },
   "properties": {
    "name": "62B HAMPSTEAD WAY BALMORAL 2283",
    "locID": "LOC000120722271",
    "tech": "FTTP",
    "upgrade": "NULL_NA",
    "gnaf_pid": "GANSW717953485"
   }
  },
  {
   "type": "Feature",
   "geometry": {
    "type": "Point",
    "coordinates": [
     151.58894715,
     -33.05005248
    ]
   },
   "properties": {
    "name": "4 BALMORAL PLACE BALMORAL 2283",
    "locID": "LOC000120706790",
    "tech": "FTTC",
    "upgrade": "FTTP_SA",
    "gnaf_pid": "GANSW718041422",
    "tech_change_status": "Eligible to Order"
   }
  },
  {
   "type": "Feature",
   "geometry": {
    "type": "Point",
    "coordinates": [
     151.58894715,
     -33.05005248
    ]
   },
   "properties": {
    "name": "6 BALMORAL PLACE BALMORAL 2283",
    "locID": "LOC000120718906",
    "tech": "FTTC",
    "upgrade": "FTTP_SA",
    "gnaf_pid": "GANSW718041423",
    "tech_change_status": "Eligible to Order"
   }
  },
  {
   "type": "Feature",
   "geometry": {
    "type": "Point",
    "coordinates": [
     151.58894715,
     -33.05005248
    ]
   },
   "properties": {
    "name": "8 BALMORAL PLACE BALMORAL 2283",
    "locID": "LOC000120728522",
    "tech": "FTTC",
    "upgrade": "FTTP_SA",
    "gnaf_pid": "GANSW718041424",
    "tech_change_status": "Eligible to Order"
   }
  },
  {
   "type": "Feature",
   "geometry": {
    "type": "Point",
    "coordinates": [
     151.58009306,
     -33.04699089
    ]
   },
   "properties": {
    "name": "86 CLYDEBANK ROAD BALMORAL 2283",
    "locID": "LOC000113645605",
    "tech": "FTTN",
    "upgrade": "NULL_NA",
    "gnaf_pid": "GANSW718166880",
    "tech_change_status": "Not Planned"
   }
  },
  {
   "type": "Feature",
   "geometry": {
    "type": "Point",
    "coordinates": [
     151.58894715,
     -33.05005248
    ]
   },
   "properties": {
    "name": "UNIT 1, 10 BALMORAL PLACE BALMORAL 2283",
    "locID": "LOC000115412976",
    "tech": "FTTP",
    "upgrade": "NULL_NA",
    "gnaf_pid": "GANSW718274253"
   }
  },
  {
   "type": "Feature",
   "geometry": {
    "type": "Point",
    "coordinates": [
     151.58894715,
     -33.05005248
    ]
   },
   "properties": {
    "name": "UNIT 2, 10 BALMORAL PLACE BALMORAL 2283",
    "locID": "LOC000115398797",
    "tech": "FTTC",
    "upgrade": "FTTP_SA",
    "gnaf_pid": "GANSW718274254",
    "tech_change_status": "Eligible to Order"
   }
  },
  {
   "type": "Feature",
   "geometry": {
    "type": "Point",
    "coordinates": [
     151.58894715,
     -33.05005248
    ]
   },
   "properties": {
    "name": "12 BALMORAL PLACE BALMORAL 2283",
    "locID": "LOC000115402453",
    "tech": "FTTC",
    "upgrade": "FTTP_SA",
    "gnaf_pid": "GANSW718274255",
    "tech_change_status": "Eligible to Order"
   }
  },
  {
   "type": "Feature",
   "geometry": {
    "type": "Point",
    "coordinates": [
     151.58894715,
     -33.05005248
    ]
   },
   "properties": {
    "name": "2 BALMORAL PLACE BALMORAL 2283",
    "locID": "LOC000022216372",
    "tech": "FTTC",
    "upgrade": "FTTP_SA",
    "gnaf_pid": "GANSW718274256",
    "tech_change_status": "Eligible to Order"
   }
  },
  {
   "type": "Feature",
   "geometry": {
    "type": "Point",
    "coordinates": [
     151.58894715,
     -33.05005248
    ]
   },
   "properties": {
    "name": "9 BALMORAL PLACE BALMORAL 2283",
    "locID": "LOC000115412090",
    "tech": "FTTC",
    "upgrade": "FTTP_SA",
    "gnaf_pid": "GANSW718274257",
    "tech_change_status": "Eligible to Order"
   }
  },
  {
   "type": "Feature",
   "geometry": {
    "type": "Point",
    "coordinates": [
     151.58802751,
     -33.04917775
    ]
   },
   "properties": {
    "name": "UNIT 1, 12 LETCHWORTH PARADE BALMORAL 2283",
    "locID": "LOC000041404772",
    "tech": "FTTC",
    "upgrade": "FTTP_SA",
    "gnaf_pid": "GANSW718369308",
    "tech_change_status": "Eligible to Order"
   }
  },
  {
   "type": "Feature",
   "geometry": {
    "type": "Point",
    "coordinates": [
     151.58053141,
     -33.04610937
    ]
   },
   "properties": {
    "name": "9A WOODLANDS AVENUE BALMORAL 2283",
    "locID": "LOC000161310796",
    "tech": "FTTN",
    "upgrade": "NULL_NA",
    "gnaf_pid": "GANSW718468029",
    "tech_change_status": "Not Planned"
   }
  },
  {
   "type": "Feature",
   "geometry": {
    "type": "Point",
    "coordinates": [
     151.57928324,
     -33.04796645
    ]
   },
   "properties": {
    "name": "2 FRED AVERY DRIVE BALMORAL 2283",
    "locID": "LOC000161310720",
    "tech": "FTTC",
    "upgrade": "FTTP_SA",
    "gnaf_pid": "GANSW718768366",
    "tech_change_status": "Eligible to Order"
   }
  },
  {
   "type": "Feature",
   "geometry": {
    "type": "Point",
    "coordinates": [
     151.57912253,
     -33.04794042
    ]
   },
   "properties": {
    "name": "4 FRED AVERY DRIVE BALMORAL 2283",
    "locID": "LOC000161310731",
    "tech": "FTTC",
    "upgrade": "FTTP_SA",
    "gnaf_pid": "GANSW718768367",
    "tech_change_status": "Eligible to Order"
   }
  },
  {
   "type": "Feature",
   "geometry": {
    "type": "Point",
    "coordinates": [
     151.5787569,
     -33.04787749
    ]
   },
   "properties": {
    "name": "8 FRED AVERY DRIVE BALMORAL 2283",
    "locID": "LOC000161310754",
    "tech": "FTTP",
    "upgrade": "NULL_NA",
    "gnaf_pid": "GANSW718768368"
   }
  },
  {
   "type": "Feature",
   "geometry": {
    "type": "Point",
    "coordinates": [
     151.57894803,
     -33.04790737
    ]
   },
   "properties": {
    "name": "6 FRED AVERY DRIVE BALMORAL 2283",
    "locID": "LOC000161310749",
    "tech": "FTTC",
    "upgrade": "FTTP_SA",
    "gnaf_pid": "GANSW718801329",
    "tech_change_status": "Eligible to Order"
   }
  },
  {
   "type": "Feature",
   "geometry": {
    "type": "Point",
    "coordinates": [
     151.588067,
     -33.04928247
    ]
   },
   "properties": {
    "name": "UNIT 1, 10 LETCHWORTH PARADE BALMORAL 2283",
    "locID": "LOC000040820464",
    "tech": "FTTC",
    "upgrade": "FTTP_SA",
    "gnaf_pid": "GANSW718938220",
    "tech_change_status": "Eligible to Order"
   }
  },
  {
   "type": "Feature",
   "geometry": {
    "type": "Point",
    "coordinates": [
     151.57832537,
     -33.04779792
    ]
   },
   "properties": {
    "name": "12 FRED AVERY DRIVE BALMORAL 2283",
    "locID": "LOC000190734576",
    "tech": "FTTP",
    "upgrade": "NULL_NA",
    "gnaf_pid": "GANSW719804543"
   }
  },
  {
   "type": "Feature",
   "geometry": {
    "type": "Point",
    "coordinates": [
     151.57854897,
     -33.0478371
    ]
   },
   "properties": {
    "name": "10 FRED AVERY DRIVE BALMORAL 2283",
    "locID": "LOC000188481646",
    "tech": "FTTP",
    "upgrade": "NULL_NA",
    "gnaf_pid": "GANSW719809239"
   }
  },
  {
   "type": "Feature",
   "geometry": {
    "type": "Point",
    "coordinates": [
     151.57758058,
     -33.04505366
    ]
   },
   "properties": {
    "name": "9 HADLEIGH ROAD BALMORAL 2283",
    "locID": "LOC000120709384",
    "tech": "FTTN",
    "upgrade": "NULL_NA",
    "gnaf_pid": "GANSW719878158",
    "tech_change_status": "Not Planned"
   }
  },
  {
   "type": "Feature",
   "geometry": {
    "type": "Point",
    "coordinates": [
     151.57811988,
     -33.04776104
    ]
   },
   "properties": {
    "name": "14 FRED AVERY DRIVE BALMORAL 2283",
    "locID": "LOC000186014340",
    "tech": "FTTP",
    "upgrade": "NULL_NA",
    "gnaf_pid": "GANSW720601632"
   }
  },
  {
   "type": "Feature",
   "geometry": {
    "type": "Point",
    "coordinates": [
     151.57811988,
     -33.04776104
    ]
   },
   "properties": {
    "name": "14A FRED AVERY DRIVE BALMORAL 2283",
    "locID": "LOC000186014355",
    "tech": "FTTP",
    "upgrade": "NULL_NA",
    "gnaf_pid": "GANSW720604996"
   }
  },
  {
   "type": "Feature",
   "geometry": {
    "type": "Point",
    "coordinates": [
     151.57744978,
     -33.0474304
    ]
   },
   "properties": {
    "name": "24 FRED AVERY DRIVE BALMORAL 2283",
    "locID": "LOC000186014289",
    "tech": "FTTP",
    "upgrade": "NULL_NA",
    "gnaf_pid": "GANSW720677425"
   }
  },
  {
   "type": "Feature",
   "geometry": {
    "type": "Point",
    "coordinates": [
     151.57708802,
     -33.04736396
    ]
   },
   "properties": {
    "name": "28 FRED AVERY DRIVE BALMORAL 2283",
    "locID": "LOC000186014338",
    "tech": "FTTP",
    "upgrade": "NULL_NA",
    "gnaf_pid": "GANSW720683622"
   }
  },
  {
   "type": "Feature",
   "geometry": {
    "type": "Point",
    "coordinates": [
     151.57766901,
     -33.04789117
    ]
   },
   "properties": {
    "name": "30 FRED AVERY DRIVE BALMORAL 2283",
    "locID": "LOC000186014262",
    "tech": "FTTP",
    "upgrade": "NULL_NA",
    "gnaf_pid": "GANSW720683801"
   }
  },
  {
   "type": "Feature",
   "geometry": {
    "type": "Point",
    "coordinates": [
     151.57793767,
     -33.04757
    ]
   },
   "properties": {
    "name": "18 FRED AVERY DRIVE BALMORAL 2283",
    "locID": "LOC000186014317",
    "tech": "FTTP",
    "upgrade": "NULL_NA",
    "gnaf_pid": "GANSW720683885"
   }
  },
  {
   "type": "Feature",
   "geometry": {
    "type": "Point",
    "coordinates": [
     151.57761015,
     -33.04745983
    ]
   },
   "properties": {
    "name": "22 FRED AVERY DRIVE BALMORAL 2283",
    "locID": "LOC000186014291",
    "tech": "FTTP",
    "upgrade": "NULL_NA",
    "gnaf_pid": "GANSW720684779"
   }
  },
  {
   "type": "Feature",
   "geometry": {
    "type": "Point",
    "coordinates": [
     151.57784224,
     -33.0478804
    ]
   },
   "properties": {
    "name": "16 FRED AVERY DRIVE BALMORAL 2283",
    "locID": "LOC000186014372",
    "tech": "FTTP",
    "upgrade": "NULL_NA",
    "gnaf_pid": "GANSW720685543"
   }
  },
  {
   "type": "Feature",
   "geometry": {
    "type": "Point",
    "coordinates": [
     151.57728807,
     -33.04740272
    ]
   },
   "properties": {
    "name": "26 FRED AVERY DRIVE BALMORAL 2283",
    "locID": "LOC000186014270",
    "tech": "FTTP",
    "upgrade": "NULL_NA",
    "gnaf_pid": "GANSW720686035"
   }
  },
  {
   "type": "Feature",
   "geometry": {
    "type": "Point",
    "coordinates": [
     151.57777,
     -33.0474878
    ]
   },
   "properties": {
    "name": "20 FRED AVERY DRIVE BALMORAL 2283",
    "locID": "LOC000186014301",
    "tech": "FTTP",
    "upgrade": "NULL_NA",
    "gnaf_pid": "GANSW720687375"
   }
  },
  {
   "type": "Feature",
   "geometry": {
    "type": "Point",
    "coordinates": [
     151.57750879,
     -33.04786315
    ]
   },
   "properties": {
    "name": "32 FRED AVERY DRIVE BALMORAL 2283",
    "locID": "LOC000186014258",
    "tech": "FTTP",
    "upgrade": "NULL_NA",
    "gnaf_pid": "GANSW720688580"
   }
  },
  {
   "type": "Feature",
   "geometry": {
    "type": "Point",
    "coordinates": [
     151.57734915,
     -33.04783383
    ]
   },
   "properties": {
    "name": "34 FRED AVERY DRIVE BALMORAL 2283",
    "locID": "LOC000186014243",
    "tech": "FTTP",
    "upgrade": "NULL_NA",
    "gnaf_pid": "GANSW720689385"
   }
  },
  {
   "type": "Feature",
   "geometry": {
    "type": "Point",
    "coordinates": [
     151.57718786,
     -33.04780623
    ]
   },
   "properties": {
    "name": "36 FRED AVERY DRIVE BALMORAL 2283",
    "locID": "LOC000186014236",
    "tech": "FTTP",
    "upgrade": "NULL_NA",
    "gnaf_pid": "GANSW720689566"
   }
  },
  {
   "type": "Feature",
   "geometry": {
    "type": "Point",
    "coordinates": [
     151.57699619,
     -33.04776875
    ]
   },
   "properties": {
    "name": "38 FRED AVERY DRIVE BALMORAL 2283",
    "locID": "LOC000186014329",
    "tech": "FTTP",
    "upgrade": "NULL_NA",
    "gnaf_pid": "GANSW720689643"
   }
  },
  {
   "type": "Feature",
   "geometry": {
    "type": "Point",
    "coordinates": [
     151.57961542,
     -33.042868
    ]
   },
   "properties": {
    "name": "2 CHELSEA CLOSE BALMORAL 2283",
    "locID": "LOC000068306258",
    "tech": "FTTC",
    "upgrade": "NULL_NA",
    "gnaf_pid": "GANSW720808230"
   }
  },
  {
   "type": "Feature",
   "geometry": {
    "type": "Point",
    "coordinates": [
     151.57784224,
     -33.0478804
    ]
   },
   "properties": {
    "name": "16B FRED AVERY DRIVE BALMORAL 2283",
    "locID": "LOC000186014364",
    "tech": "FTTP",
    "upgrade": "NULL_NA",
    "gnaf_pid": "GANSW721323909"
   }
  },
  {
   "type": "Feature",
   "geometry": {
    "type": "Point",
    "coordinates": [
     151.5779397,
     -33.04789747
    ]
   },
   "properties": {
    "name": "16A FRED AVERY DRIVE BALMORAL 2283",
    "locID": "LOC000186014372",
    "tech": "FTTP",
    "upgrade": "NULL_NA",
    "gnaf_pid": "GANSW721325899"
   }
  }
 ]
}