{
 "type": "FeatureCollection",
 "generated": "2025-01-26T02:29:48.030474",
 "suburb": "NEW BERRIMA",
 "features": [
  {
   "type": "Feature",
   "geometry": {
    "type": "Point",
    "coordinates": [
     150.33344454,
     -34.50431767
    ]
   },
   "properties": {
    "name": "4 SYDNEY STREET NEW BERRIMA 2577",
    "locID": "LOC000058164869",
    "tech": "FTTN",
    "upgrade": "FTTP_SA",
    "gnaf_pid": "GANSW705494926",
    "tech_change_status": "Eligible to Order"
   }
  },
  {
   "type": "Feature",
   "geometry": {
    "type": "Point",
    "coordinates": [
     150.33467865,
     -34.50163577
    ]
   },
   "properties": {
    "name": "41 SYDNEY STREET NEW BERRIMA 2577",
    "locID": "LOC000081908588",
    "tech": "FTTN",
    "upgrade": "FTTP_SA",
    "gnaf_pid": "GANSW705494927",
    "tech_change_status": "Eligible to Order"
   }
  },
  {
   "type": "Feature",
   "geometry": {
    "type": "Point",
    "coordinates": [
     150.33399852,
     -34.50140287
    ]
   },
   "properties": {
    "name": "42 SYDNEY STREET NEW BERRIMA 2577",
    "locID": "LOC000052481114",
    "tech": "FTTN",
    "upgrade": "FTTP_SA",
    "gnaf_pid": "GANSW705494928",
    "tech_change_status": "Eligible to Order"
   }
  },
  {
   "type": "Feature",
   "geometry": {
    "type": "Point",
    "coordinates": [
     150.33470578,
     -34.50150024
    ]
   },
   "properties": {
    "name": "43 SYDNEY STREET NEW BERRIMA 2577",
    "locID": "LOC000001472085",
    "tech": "FTTP",
    "upgrade": "NULL_NA",
    "gnaf_pid": "GANSW705494929",
    "tech_change_status": "Previous Tech Disconnected"
   }
  },
  {
   "type": "Feature",
   "geometry": {
    "type": "Point",
    "coordinates": [
     150.33402572,
     -34.50126767
    ]
   },
   "properties": {
    "name": "44 SYDNEY STREET NEW BERRIMA 2577",
    "locID": "LOC000057629871",
    "tech": "FTTN",
    "upgrade": "FTTP_SA",
    "gnaf_pid": "GANSW705494930",
    "tech_change_status": "Eligible to Order"
   }
  },
  {
   "type": "Feature",
   "geometry": {
    "type": "Point",
    "coordinates": [
     150.33407711,
     -34.50099688
    ]
   },
   "properties": {
    "name": "46 SYDNEY STREET NEW BERRIMA 2577",
    "locID": "LOC000058172711",
    "tech": "FTTN",
    "upgrade": "FTTP_SA",
    "gnaf_pid": "GANSW705494932",
    "tech_change_status": "Eligible to Order"
   }
  },
  {
   "type": "Feature",
   "geometry": {
    "type": "Point",
    "coordinates": [
     150.33415382,
     -34.50425528
    ]
   },
   "properties": {
    "name": "5 SYDNEY STREET NEW BERRIMA 2577",
    "locID": "LOC000078909013",
    "tech": "FTTN",
    "upgrade": "FTTP_SA",
    "gnaf_pid": "GANSW705494934",
    "tech_change_status": "Eligible to Order"
   }
  },
  {
   "type": "Feature",
   "geometry": {
    "type": "Point",
    "coordinates": [
     150.33345811,
     -34.50415941
    ]
   },
   "properties": {
    "name": "6 SYDNEY STREET NEW BERRIMA 2577",
    "locID": "LOC000046219066",
    "tech": "FTTN",
    "upgrade": "FTTP_SA",
    "gnaf_pid": "GANSW705494935",
    "tech_change_status": "Eligible to Order"
   }
  },
  {
   "type": "Feature",
   "geometry": {
    "type": "Point",
    "coordinates": [
     150.33418093,
     -34.50411992
    ]
   },
   "properties": {
    "name": "7 SYDNEY STREET NEW BERRIMA 2577",
    "locID": "LOC000065373540",
    "tech": "FTTN",
    "upgrade": "FTTP_SA",
    "gnaf_pid": "GANSW705494936",
    "tech_change_status": "Eligible to Order"
   }
  },
  {
   "type": "Feature",
   "geometry": {
    "type": "Point",
    "coordinates": [
     150.33348525,
     -34.50402388
    ]
   },
   "properties": {
    "name": "8 SYDNEY STREET NEW BERRIMA 2577",
    "locID": "LOC000090506345",
    "tech": "FTTP",
    "upgrade": "NULL_NA",
    "gnaf_pid": "GANSW705494937"
   }
  },
  {
   "type": "Feature",
   "geometry": {
    "type": "Point",
    "coordinates": [
     150.33420807,
     -34.5039845
    ]
   },
   "properties": {
    "name": "9 SYDNEY STREET NEW BERRIMA 2577",
    "locID": "LOC000044453958",
    "tech": "FTTP",
    "upgrade": "NULL_NA",
    "gnaf_pid": "GANSW705494938"
   }
  },
  {
   "type": "Feature",
   "geometry": {
    "type": "Point",
    "coordinates": [
     150.33712539,
     -34.50507268
    ]
   },
   "properties": {
    "name": "70 TAYLOR AVENUE NEW BERRIMA 2577",
    "locID": "LOC000036528902",
    "tech": "FTTN",
    "upgrade": "FTTP_SA",
    "gnaf_pid": "GANSW705494944",
    "tech_change_status": "Eligible to Order"
   }
  },
  {
   "type": "Feature",
   "geometry": {
    "type": "Point",
    "coordinates": [
     150.3369622,
     -34.50505254
    ]
   },
   "properties": {
    "name": "72 TAYLOR AVENUE NEW BERRIMA 2577",
    "locID": "LOC000070642886",
    "tech": "FTTP",
    "upgrade": "NULL_NA",
    "gnaf_pid": "GANSW705494945"
   }
  },
  {
   "type": "Feature",
   "geometry": {
    "type": "Point",
    "coordinates": [
     150.33647281,
     -34.50497607
    ]
   },
   "properties": {
    "name": "78 TAYLOR AVENUE NEW BERRIMA 2577",
    "locID": "LOC000099067598",
    "tech": "FTTN",
    "upgrade": "FTTP_SA",
    "gnaf_pid": "GANSW705494947",
    "tech_change_status": "Eligible to Order"
   }
  },
  {
   "type": "Feature",
   "geometry": {
    "type": "Point",
    "coordinates": [
     150.33631445,
     -34.50495058
    ]
   },
   "properties": {
    "name": "80 TAYLOR AVENUE NEW BERRIMA 2577",
    "locID": "LOC000099785244",
    "tech": "FTTN",
    "upgrade": "FTTP_SA",
    "gnaf_pid": "GANSW705494949",
    "tech_change_status": "Eligible to Order"
   }
  },
  {
   "type": "Feature",
   "geometry": {
    "type": "Point",
    "coordinates": [
     150.33497983,
     -34.50264776
    ]
   },
   "properties": {
    "name": "28 MELBOURNE STREET NEW BERRIMA 2577",
    "locID": "LOC000047199992",
    "tech": "FTTP",
    "upgrade": "NULL_NA",
    "gnaf_pid": "GANSW705494998"
   }
  },
  {
   "type": "Feature",
   "geometry": {
    "type": "Point",
    "coordinates": [
     150.33571422,
     -34.5026134
    ]
   },
   "properties": {
    "name": "29 MELBOURNE STREET NEW BERRIMA 2577",
    "locID": "LOC000019298580",
    "tech": "FTTN",
    "upgrade": "FTTP_SA",
    "gnaf_pid": "GANSW705494999",
    "tech_change_status": "Eligible to Order"
   }
  },
  {
   "type": "Feature",
   "geometry": {
    "type": "Point",
    "coordinates": [
     150.33532107,
     -34.50457513
    ]
   },
   "properties": {
    "name": "3 MELBOURNE STREET NEW BERRIMA 2577",
    "locID": "LOC000055529250",
    "tech": "FTTN",
    "upgrade": "FTTP_SA",
    "gnaf_pid": "GANSW705495000",
    "tech_change_status": "Eligible to Order"
   }
  },
  {
   "type": "Feature",
   "geometry": {
    "type": "Point",
    "coordinates": [
     150.33500696,
     -34.50251636
    ]
   },
   "properties": {
    "name": "30 MELBOURNE STREET NEW BERRIMA 2577",
    "locID": "LOC000048345196",
    "tech": "FTTN",
    "upgrade": "FTTP_SA",
    "gnaf_pid": "GANSW705495001",
    "tech_change_status": "Eligible to Order"
   }
  },
  {
   "type": "Feature",
   "geometry": {
    "type": "Point",
    "coordinates": [
     150.33574135,
     -34.50247787
    ]
   },
   "properties": {
    "name": "31 MELBOURNE STREET NEW BERRIMA 2577",
    "locID": "LOC000057866308",
    "tech": "FTTN",
    "upgrade": "FTTP_SA",
    "gnaf_pid": "GANSW705495002",
    "tech_change_status": "Eligible to Order"
   }
  },
  {
   "type": "Feature",
   "geometry": {
    "type": "Point",
    "coordinates": [
     150.33504765,
     -34.50231305
    ]
   },
   "properties": {
    "name": "32 MELBOURNE STREET NEW BERRIMA 2577",
    "locID": "LOC000053567415",
    "tech": "FTTN",
    "upgrade": "FTTP_SA",
    "gnaf_pid": "GANSW705495003",
    "tech_change_status": "Eligible to Order"
   }
  },
  {
   "type": "Feature",
   "geometry": {
    "type": "Point",
    "coordinates": [
     150.33578205,
     -34.50227456
    ]
   },
   "properties": {
    "name": "33 MELBOURNE STREET NEW BERRIMA 2577",
    "locID": "LOC000007213335",
    "tech": "FTTP",
    "upgrade": "NULL_NA",
    "gnaf_pid": "GANSW705495004"
   }
  },
  {
   "type": "Feature",
   "geometry": {
    "type": "Point",
    "coordinates": [
     150.33569207,
     -34.50274893
    ]
   },
   "properties": {
    "name": "27 MELBOURNE STREET NEW BERRIMA 2577",
    "locID": "LOC000108202312",
    "tech": "FTTN",
    "upgrade": "FTTP",
    "gnaf_pid": "GANSW705497613",
    "tech_change_status": "Eligible to Order"
   }
  },
  {
   "type": "Feature",
   "geometry": {
    "type": "Point",
    "coordinates": [
     150.33359379,
     -34.50348174
    ]
   },
   "properties": {
    "name": "16 SYDNEY STREET NEW BERRIMA 2577",
    "locID": "LOC000098077117",
    "tech": "FTTN",
    "upgrade": "FTTP_SA",
    "gnaf_pid": "GANSW705497636",
    "tech_change_status": "Eligible to Order"
   }
  },
  {
   "type": "Feature",
   "geometry": {
    "type": "Point",
    "coordinates": [
     150.33431674,
     -34.50344166
    ]
   },
   "properties": {
    "name": "17 SYDNEY STREET NEW BERRIMA 2577",
    "locID": "LOC000094187918",
    "tech": "FTTN",
    "upgrade": "FTTP_SA",
    "gnaf_pid": "GANSW705497637",
    "tech_change_status": "Eligible to Order"
   }
  },
  {
   "type": "Feature",
   "geometry": {
    "type": "Point",
    "coordinates": [
     150.33361816,
     -34.50334548
    ]
   },
   "properties": {
    "name": "18 SYDNEY STREET NEW BERRIMA 2577",
    "locID": "LOC000055931171",
    "tech": "FTTN",
    "upgrade": "FTTP_SA",
    "gnaf_pid": "GANSW705497638",
    "tech_change_status": "Eligible to Order"
   }
  },
  {
   "type": "Feature",
   "geometry": {
    "type": "Point",
    "coordinates": [
     150.33434388,
     -34.50330612
    ]
   },
   "properties": {
    "name": "19 SYDNEY STREET NEW BERRIMA 2577",
    "locID": "LOC000090191370",
    "tech": "FTTN",
    "upgrade": "FTTP",
    "gnaf_pid": "GANSW705497639",
    "tech_change_status": "Eligible to Order"
   }
  },
  {
   "type": "Feature",
   "geometry": {
    "type": "Point",
    "coordinates": [
     150.33366163,
     -34.5031429
    ]
   },
   "properties": {
    "name": "20 SYDNEY STREET NEW BERRIMA 2577",
    "locID": "LOC000055446746",
    "tech": "FTTN",
    "upgrade": "FTTP_SA",
    "gnaf_pid": "GANSW705497640",
    "tech_change_status": "Eligible to Order"
   }
  },
  {
   "type": "Feature",
   "geometry": {
    "type": "Point",
    "coordinates": [
     150.33437101,
     -34.50317059
    ]
   },
   "properties": {
    "name": "21 SYDNEY STREET NEW BERRIMA 2577",
    "locID": "LOC000099778293",
    "tech": "FTTN",
    "upgrade": "FTTP",
    "gnaf_pid": "GANSW705497641",
    "tech_change_status": "Eligible to Order"
   }
  },
  {
   "type": "Feature",
   "geometry": {
    "type": "Point",
    "coordinates": [
     150.33383178,
     -34.50288581
    ]
   },
   "properties": {
    "name": "22 SYDNEY STREET NEW BERRIMA 2577",
    "locID": "LOC000027124657",
    "tech": "FTTN",
    "upgrade": "FTTP_SA",
    "gnaf_pid": "GANSW705497643",
    "tech_change_status": "Eligible to Order"
   }
  },
  {
   "type": "Feature",
   "geometry": {
    "type": "Point",
    "coordinates": [
     150.33378146,
     -34.50248332
    ]
   },
   "properties": {
    "name": "26 SYDNEY STREET NEW BERRIMA 2577",
    "locID": "LOC000041883078",
    "tech": "FTTP",
    "upgrade": "NULL_NA",
    "gnaf_pid": "GANSW705498285"
   }
  },
  {
   "type": "Feature",
   "geometry": {
    "type": "Point",
    "coordinates": [
     150.3359791,
     -34.503809
    ]
   },
   "properties": {
    "name": "20 BRISBANE STREET NEW BERRIMA 2577",
    "locID": "LOC000104312279",
    "tech": "FTTP",
    "upgrade": "NULL_NA",
    "gnaf_pid": "GANSW705499115"
   }
  },
  {
   "type": "Feature",
   "geometry": {
    "type": "Point",
    "coordinates": [
     150.33671352,
     -34.50377051
    ]
   },
   "properties": {
    "name": "21 BRISBANE STREET NEW BERRIMA 2577",
    "locID": "LOC000062690167",
    "tech": "FTTN",
    "upgrade": "FTTP_SA",
    "gnaf_pid": "GANSW705499116",
    "tech_change_status": "Eligible to Order"
   }
  },
  {
   "type": "Feature",
   "geometry": {
    "type": "Point",
    "coordinates": [
     150.33600623,
     -34.50367346
    ]
   },
   "properties": {
    "name": "22 BRISBANE STREET NEW BERRIMA 2577",
    "locID": "LOC000060301346",
    "tech": "FTTN",
    "upgrade": "FTTP_SA",
    "gnaf_pid": "GANSW705499117",
    "tech_change_status": "Eligible to Order"
   }
  },
  {
   "type": "Feature",
   "geometry": {
    "type": "Point",
    "coordinates": [
     150.33674065,
     -34.50363497
    ]
   },
   "properties": {
    "name": "23 BRISBANE STREET NEW BERRIMA 2577",
    "locID": "LOC000051464709",
    "tech": "FTTN",
    "upgrade": "FTTP_SA",
    "gnaf_pid": "GANSW705499118",
    "tech_change_status": "Eligible to Order"
   }
  },
  {
   "type": "Feature",
   "geometry": {
    "type": "Point",
    "coordinates": [
     150.33603337,
     -34.50353793
    ]
   },
   "properties": {
    "name": "24 BRISBANE STREET NEW BERRIMA 2577",
    "locID": "LOC000110129738",
    "tech": "FTTP",
    "upgrade": "NULL_NA",
    "gnaf_pid": "GANSW705499119"
   }
  },
  {
   "type": "Feature",
   "geometry": {
    "type": "Point",
    "coordinates": [
     150.33676778,
     -34.50349944
    ]
   },
   "properties": {
    "name": "25 BRISBANE STREET NEW BERRIMA 2577",
    "locID": "LOC000098617704",
    "tech": "FTTN",
    "upgrade": "FTTP",
    "gnaf_pid": "GANSW705499120",
    "tech_change_status": "Eligible to Order"
   }
  },
  {
   "type": "Feature",
   "geometry": {
    "type": "Point",
    "coordinates": [
     150.3360605,
     -34.50340239
    ]
   },
   "properties": {
    "name": "26 BRISBANE STREET NEW BERRIMA 2577",
    "locID": "LOC000030826719",
    "tech": "FTTP",
    "upgrade": "NULL_NA",
    "gnaf_pid": "GANSW705499121"
   }
  },
  {
   "type": "Feature",
   "geometry": {
    "type": "Point",
    "coordinates": [
     150.33608763,
     -34.50326686
    ]
   },
   "properties": {
    "name": "28 BRISBANE STREET NEW BERRIMA 2577",
    "locID": "LOC000029613319",
    "tech": "FTTN",
    "upgrade": "FTTP_SA",
    "gnaf_pid": "GANSW705499122",
    "tech_change_status": "Eligible to Order"
   }
  },
  {
   "type": "Feature",
   "geometry": {
    "type": "Point",
    "coordinates": [
     150.33681488,
     -34.50323104
    ]
   },
   "properties": {
    "name": "29 BRISBANE STREET NEW BERRIMA 2577",
    "locID": "LOC000032208760",
    "tech": "FTTN",
    "upgrade": "FTTP_SA",
    "gnaf_pid": "GANSW705499123",
    "tech_change_status": "Eligible to Order"
   }
  },
  {
   "type": "Feature",
   "geometry": {
    "type": "Point",
    "coordinates": [
     150.33610978,
     -34.50313134
    ]
   },
   "properties": {
    "name": "30 BRISBANE STREET NEW BERRIMA 2577",
    "locID": "LOC000016314069",
    "tech": "FTTN",
    "upgrade": "FTTP_SA",
    "gnaf_pid": "GANSW705499124",
    "tech_change_status": "Eligible to Order"
   }
  },
  {
   "type": "Feature",
   "geometry": {
    "type": "Point",
    "coordinates": [
     150.33688991,
     -34.50291418
    ]
   },
   "properties": {
    "name": "31 BRISBANE STREET NEW BERRIMA 2577",
    "locID": "LOC000029116711",
    "tech": "FTTN",
    "upgrade": "FTTP_SA",
    "gnaf_pid": "GANSW705499125",
    "tech_change_status": "Eligible to Order"
   }
  },
  {
   "type": "Feature",
   "geometry": {
    "type": "Point",
    "coordinates": [
     150.33619176,
     -34.50274852
    ]
   },
   "properties": {
    "name": "32 BRISBANE STREET NEW BERRIMA 2577",
    "locID": "LOC000047745235",
    "tech": "FTTN",
    "upgrade": "FTTP_SA",
    "gnaf_pid": "GANSW705499126",
    "tech_change_status": "Eligible to Order"
   }
  },
  {
   "type": "Feature",
   "geometry": {
    "type": "Point",
    "coordinates": [
     150.33623246,
     -34.50254525
    ]
   },
   "properties": {
    "name": "34 BRISBANE STREET NEW BERRIMA 2577",
    "locID": "LOC000053564818",
    "tech": "FTTN",
    "upgrade": "FTTP",
    "gnaf_pid": "GANSW705499128",
    "tech_change_status": "Eligible to Order"
   }
  },
  {
   "type": "Feature",
   "geometry": {
    "type": "Point",
    "coordinates": [
     150.33625959,
     -34.50240971
    ]
   },
   "properties": {
    "name": "36 BRISBANE STREET NEW BERRIMA 2577",
    "locID": "LOC000002988575",
    "tech": "FTTP",
    "upgrade": "NULL_NA",
    "gnaf_pid": "GANSW705499129"
   }
  },
  {
   "type": "Feature",
   "geometry": {
    "type": "Point",
    "coordinates": [
     150.33628673,
     -34.50227418
    ]
   },
   "properties": {
    "name": "38 BRISBANE STREET NEW BERRIMA 2577",
    "locID": "LOC000097008270",
    "tech": "FTTP",
    "upgrade": "NULL_NA",
    "gnaf_pid": "GANSW705499131"
   }
  },
  {
   "type": "Feature",
   "geometry": {
    "type": "Point",
    "coordinates": [
     150.33631386,
     -34.50213864
    ]
   },
   "properties": {
    "name": "40 BRISBANE STREET NEW BERRIMA 2577",
    "locID": "LOC000033152625",
    "tech": "FTTN",
    "upgrade": "FTTP_SA",
    "gnaf_pid": "GANSW705499132",
    "tech_change_status": "Eligible to Order"
   }
  },
  {
   "type": "Feature",
   "geometry": {
    "type": "Point",
    "coordinates": [
     150.33634099,
     -34.50200311
    ]
   },
   "properties": {
    "name": "42 BRISBANE STREET NEW BERRIMA 2577",
    "locID": "LOC000062681211",
    "tech": "FTTN",
    "upgrade": "FTTP_SA",
    "gnaf_pid": "GANSW705499134",
    "tech_change_status": "Eligible to Order"
   }
  },
  {
   "type": "Feature",
   "geometry": {
    "type": "Point",
    "coordinates": [
     150.33636812,
     -34.50186757
    ]
   },
   "properties": {
    "name": "44 BRISBANE STREET NEW BERRIMA 2577",
    "locID": "LOC000032354563",
    "tech": "FTTP",
    "upgrade": "NULL_NA",
    "gnaf_pid": "GANSW705499135"
   }
  },
  {
   "type": "Feature",
   "geometry": {
    "type": "Point",
    "coordinates": [
     150.33707483,
     -34.50196545
    ]
   },
   "properties": {
    "name": "45 BRISBANE STREET NEW BERRIMA 2577",
    "locID": "LOC000004654672",
    "tech": "FTTP",
    "upgrade": "NULL_NA",
    "gnaf_pid": "GANSW705499775"
   }
  },
  {
   "type": "Feature",
   "geometry": {
    "type": "Point",
    "coordinates": [
     150.33639525,
     -34.50173204
    ]
   },
   "properties": {
    "name": "46 BRISBANE STREET NEW BERRIMA 2577",
    "locID": "LOC000045843955",
    "tech": "FTTN",
    "upgrade": "FTTP",
    "gnaf_pid": "GANSW705499776",
    "tech_change_status": "Eligible to Order"
   }
  },
  {
   "type": "Feature",
   "geometry": {
    "type": "Point",
    "coordinates": [
     150.33642238,
     -34.5015965
    ]
   },
   "properties": {
    "name": "48 BRISBANE STREET NEW BERRIMA 2577",
    "locID": "LOC000016299769",
    "tech": "FTTN",
    "upgrade": "FTTP",
    "gnaf_pid": "GANSW705499778",
    "tech_change_status": "Eligible to Order"
   }
  },
  {
   "type": "Feature",
   "geometry": {
    "type": "Point",
    "coordinates": [
     150.33644951,
     -34.50146097
    ]
   },
   "properties": {
    "name": "50 BRISBANE STREET NEW BERRIMA 2577",
    "locID": "LOC000023207692",
    "tech": "FTTN",
    "upgrade": "FTTP",
    "gnaf_pid": "GANSW705499779",
    "tech_change_status": "Eligible to Order"
   }
  },
  {
   "type": "Feature",
   "geometry": {
    "type": "Point",
    "coordinates": [
     150.33220048,
     -34.50171346
    ]
   },
   "properties": {
    "name": "29 HOWARD STREET NEW BERRIMA 2577",
    "locID": "LOC000022177656",
    "tech": "FTTN",
    "upgrade": "FTTP",
    "gnaf_pid": "GANSW705502412",
    "tech_change_status": "Eligible to Order"
   }
  },
  {
   "type": "Feature",
   "geometry": {
    "type": "Point",
    "coordinates": [
     150.33180022,
     -34.50365278
    ]
   },
   "properties": {
    "name": "3 HOWARD STREET NEW BERRIMA 2577",
    "locID": "LOC000088352255",
    "tech": "FTTN",
    "upgrade": "FTTP_SA",
    "gnaf_pid": "GANSW705502413",
    "tech_change_status": "Eligible to Order"
   }
  },
  {
   "type": "Feature",
   "geometry": {
    "type": "Point",
    "coordinates": [
     150.33222762,
     -34.50157793
    ]
   },
   "properties": {
    "name": "31 HOWARD STREET NEW BERRIMA 2577",
    "locID": "LOC000087457560",
    "tech": "FTTN",
    "upgrade": "FTTP",
    "gnaf_pid": "GANSW705502414",
    "tech_change_status": "Eligible to Order"
   }
  },
  {
   "type": "Feature",
   "geometry": {
    "type": "Point",
    "coordinates": [
     150.33225476,
     -34.50144239
    ]
   },
   "properties": {
    "name": "33 HOWARD STREET NEW BERRIMA 2577",
    "locID": "LOC000095702781",
    "tech": "FTTN",
    "upgrade": "FTTP_SA",
    "gnaf_pid": "GANSW705502415",
    "tech_change_status": "Eligible to Order"
   }
  },
  {
   "type": "Feature",
   "geometry": {
    "type": "Point",
    "coordinates": [
     150.33161163,
     -34.50102996
    ]
   },
   "properties": {
    "name": "34 HOWARD STREET NEW BERRIMA 2577",
    "locID": "LOC000072400032",
    "tech": "FTTN",
    "upgrade": "FTTP",
    "gnaf_pid": "GANSW705502416",
    "tech_change_status": "Eligible to Order"
   }
  },
  {
   "type": "Feature",
   "geometry": {
    "type": "Point",
    "coordinates": [
     150.33228189,
     -34.50130686
    ]
   },
   "properties": {
    "name": "35 HOWARD STREET NEW BERRIMA 2577",
    "locID": "LOC000031482974",
    "tech": "FTTN",
    "upgrade": "FTTP_SA",
    "gnaf_pid": "GANSW705502417",
    "tech_change_status": "Eligible to Order"
   }
  },
  {
   "type": "Feature",
   "geometry": {
    "type": "Point",
    "coordinates": [
     150.33164215,
     -34.50089645
    ]
   },
   "properties": {
    "name": "36 HOWARD STREET NEW BERRIMA 2577",
    "locID": "LOC000090583014",
    "tech": "FTTP",
    "upgrade": "NULL_NA",
    "gnaf_pid": "GANSW705502418"
   }
  },
  {
   "type": "Feature",
   "geometry": {
    "type": "Point",
    "coordinates": [
     150.33230903,
     -34.50117132
    ]
   },
   "properties": {
    "name": "37 HOWARD STREET NEW BERRIMA 2577",
    "locID": "LOC000028183566",
    "tech": "FTTN",
    "upgrade": "FTTP_SA",
    "gnaf_pid": "GANSW705502419",
    "tech_change_status": "Eligible to Order"
   }
  },
  {
   "type": "Feature",
   "geometry": {
    "type": "Point",
    "coordinates": [
     150.33166503,
     -34.50075912
    ]
   },
   "properties": {
    "name": "38 HOWARD STREET NEW BERRIMA 2577",
    "locID": "LOC000016812435",
    "tech": "FTTN",
    "upgrade": "FTTP",
    "gnaf_pid": "GANSW705502420",
    "tech_change_status": "Eligible to Order"
   }
  },
  {
   "type": "Feature",
   "geometry": {
    "type": "Point",
    "coordinates": [
     150.33115382,
     -34.50342566
    ]
   },
   "properties": {
    "name": "4 HOWARD STREET NEW BERRIMA 2577",
    "locID": "LOC000005107632",
    "tech": "FTTN",
    "upgrade": "FTTP_SA",
    "gnaf_pid": "GANSW705502422",
    "tech_change_status": "Eligible to Order"
   }
  },
  {
   "type": "Feature",
   "geometry": {
    "type": "Point",
    "coordinates": [
     150.33170318,
     -34.50055694
    ]
   },
   "properties": {
    "name": "40 HOWARD STREET NEW BERRIMA 2577",
    "locID": "LOC000044174038",
    "tech": "FTTN",
    "upgrade": "FTTP",
    "gnaf_pid": "GANSW705502423",
    "tech_change_status": "Eligible to Order"
   }
  },
  {
   "type": "Feature",
   "geometry": {
    "type": "Point",
    "coordinates": [
     150.3323633,
     -34.50090026
    ]
   },
   "properties": {
    "name": "41 HOWARD STREET NEW BERRIMA 2577",
    "locID": "LOC000055015357",
    "tech": "FTTN",
    "upgrade": "FTTP_SA",
    "gnaf_pid": "GANSW705502424",
    "tech_change_status": "Eligible to Order"
   }
  },
  {
   "type": "Feature",
   "geometry": {
    "type": "Point",
    "coordinates": [
     150.33239044,
     -34.50076886
    ]
   },
   "properties": {
    "name": "43 HOWARD STREET NEW BERRIMA 2577",
    "locID": "LOC000083842402",
    "tech": "FTTN",
    "upgrade": "FTTP_SA",
    "gnaf_pid": "GANSW705502425",
    "tech_change_status": "Eligible to Order"
   }
  },
  {
   "type": "Feature",
   "geometry": {
    "type": "Point",
    "coordinates": [
     150.33182735,
     -34.50351754
    ]
   },
   "properties": {
    "name": "5 HOWARD STREET NEW BERRIMA 2577",
    "locID": "LOC000016421303",
    "tech": "FTTN",
    "upgrade": "FTTP_SA",
    "gnaf_pid": "GANSW705502426",
    "tech_change_status": "Eligible to Order"
   }
  },
  {
   "type": "Feature",
   "geometry": {
    "type": "Point",
    "coordinates": [
     150.3311589,
     -34.50328623
    ]
   },
   "properties": {
    "name": "6 HOWARD STREET NEW BERRIMA 2577",
    "locID": "LOC000096203086",
    "tech": "FTTN",
    "upgrade": "NULL_NA",
    "gnaf_pid": "GANSW705502427",
    "tech_change_status": "Not Planned"
   }
  },
  {
   "type": "Feature",
   "geometry": {
    "type": "Point",
    "coordinates": [
     150.33185449,
     -34.50338201
    ]
   },
   "properties": {
    "name": "7 HOWARD STREET NEW BERRIMA 2577",
    "locID": "LOC000034439392",
    "tech": "FTTN",
    "upgrade": "FTTP_SA",
    "gnaf_pid": "GANSW705502428",
    "tech_change_status": "Eligible to Order"
   }
  },
  {
   "type": "Feature",
   "geometry": {
    "type": "Point",
    "coordinates": [
     150.33119961,
     -34.50308292
    ]
   },
   "properties": {
    "name": "8 HOWARD STREET NEW BERRIMA 2577",
    "locID": "LOC000086648452",
    "tech": "FTTN",
    "upgrade": "FTTP_SA",
    "gnaf_pid": "GANSW705502429",
    "tech_change_status": "Eligible to Order"
   }
  },
  {
   "type": "Feature",
   "geometry": {
    "type": "Point",
    "coordinates": [
     150.33188163,
     -34.50324647
    ]
   },
   "properties": {
    "name": "9 HOWARD STREET NEW BERRIMA 2577",
    "locID": "LOC000097681212",
    "tech": "FTTN",
    "upgrade": "FTTP_SA",
    "gnaf_pid": "GANSW705502430",
    "tech_change_status": "Eligible to Order"
   }
  },
  {
   "type": "Feature",
   "geometry": {
    "type": "Point",
    "coordinates": [
     150.33467199,
     -34.50418799
    ]
   },
   "properties": {
    "name": "10 MELBOURNE STREET NEW BERRIMA 2577",
    "locID": "LOC000102423170",
    "tech": "FTTP",
    "upgrade": "NULL_NA",
    "gnaf_pid": "GANSW705502431"
   }
  },
  {
   "type": "Feature",
   "geometry": {
    "type": "Point",
    "coordinates": [
     150.33543368,
     -34.50401268
    ]
   },
   "properties": {
    "name": "11 MELBOURNE STREET NEW BERRIMA 2577",
    "locID": "LOC000052993241",
    "tech": "FTTN",
    "upgrade": "FTTP_SA",
    "gnaf_pid": "GANSW705502432",
    "tech_change_status": "Eligible to Order"
   }
  },
  {
   "type": "Feature",
   "geometry": {
    "type": "Point",
    "coordinates": [
     150.33469908,
     -34.50405246
    ]
   },
   "properties": {
    "name": "12 MELBOURNE STREET NEW BERRIMA 2577",
    "locID": "LOC000042936633",
    "tech": "FTTN",
    "upgrade": "FTTP_SA",
    "gnaf_pid": "GANSW705502433",
    "tech_change_status": "Eligible to Order"
   }
  },
  {
   "type": "Feature",
   "geometry": {
    "type": "Point",
    "coordinates": [
     150.33546082,
     -34.50387715
    ]
   },
   "properties": {
    "name": "13 MELBOURNE STREET NEW BERRIMA 2577",
    "locID": "LOC000013104969",
    "tech": "FTTN",
    "upgrade": "FTTP_SA",
    "gnaf_pid": "GANSW705502434",
    "tech_change_status": "Eligible to Order"
   }
  },
  {
   "type": "Feature",
   "geometry": {
    "type": "Point",
    "coordinates": [
     150.33472621,
     -34.50391703
    ]
   },
   "properties": {
    "name": "14 MELBOURNE STREET NEW BERRIMA 2577",
    "locID": "LOC000052628725",
    "tech": "FTTN",
    "upgrade": "FTTP_SA",
    "gnaf_pid": "GANSW705502435",
    "tech_change_status": "Eligible to Order"
   }
  },
  {
   "type": "Feature",
   "geometry": {
    "type": "Point",
    "coordinates": [
     150.33508836,
     -34.50210976
    ]
   },
   "properties": {
    "name": "36 MELBOURNE STREET NEW BERRIMA 2577",
    "locID": "LOC000081204451",
    "tech": "FTTN",
    "upgrade": "NULL_NA",
    "gnaf_pid": "GANSW705505062",
    "tech_change_status": "Not Planned"
   }
  },
  {
   "type": "Feature",
   "geometry": {
    "type": "Point",
    "coordinates": [
     150.33582305,
     -34.50207138
    ]
   },
   "properties": {
    "name": "37 MELBOURNE STREET NEW BERRIMA 2577",
    "locID": "LOC000029612558",
    "tech": "FTTN",
    "upgrade": "FTTP",
    "gnaf_pid": "GANSW705505063",
    "tech_change_status": "Eligible to Order"
   }
  },
  {
   "type": "Feature",
   "geometry": {
    "type": "Point",
    "coordinates": [
     150.33511549,
     -34.50197422
    ]
   },
   "properties": {
    "name": "38 MELBOURNE STREET NEW BERRIMA 2577",
    "locID": "LOC000036811822",
    "tech": "FTTN",
    "upgrade": "FTTP_SA",
    "gnaf_pid": "GANSW705505064",
    "tech_change_status": "Eligible to Order"
   }
  },
  {
   "type": "Feature",
   "geometry": {
    "type": "Point",
    "coordinates": [
     150.33584988,
     -34.50193573
    ]
   },
   "properties": {
    "name": "39 MELBOURNE STREET NEW BERRIMA 2577",
    "locID": "LOC000049804947",
    "tech": "FTTN",
    "upgrade": "FTTP",
    "gnaf_pid": "GANSW705505065",
    "tech_change_status": "Eligible to Order"
   }
  },
  {
   "type": "Feature",
   "geometry": {
    "type": "Point",
    "coordinates": [
     150.33514262,
     -34.50183869
    ]
   },
   "properties": {
    "name": "40 MELBOURNE STREET NEW BERRIMA 2577",
    "locID": "LOC000062946305",
    "tech": "FTTN",
    "upgrade": "FTTP_SA",
    "gnaf_pid": "GANSW705505067",
    "tech_change_status": "Eligible to Order"
   }
  },
  {
   "type": "Feature",
   "geometry": {
    "type": "Point",
    "coordinates": [
     150.33587701,
     -34.50180019
    ]
   },
   "properties": {
    "name": "41 MELBOURNE STREET NEW BERRIMA 2577",
    "locID": "LOC000040064509",
    "tech": "FTTP",
    "upgrade": "NULL_NA",
    "gnaf_pid": "GANSW705505068"
   }
  },
  {
   "type": "Feature",
   "geometry": {
    "type": "Point",
    "coordinates": [
     150.33516975,
     -34.50170316
    ]
   },
   "properties": {
    "name": "42 MELBOURNE STREET NEW BERRIMA 2577",
    "locID": "LOC000027405079",
    "tech": "FTTN",
    "upgrade": "FTTP_SA",
    "gnaf_pid": "GANSW705505069",
    "tech_change_status": "Eligible to Order"
   }
  },
  {
   "type": "Feature",
   "geometry": {
    "type": "Point",
    "coordinates": [
     150.33590414,
     -34.50166466
    ]
   },
   "properties": {
    "name": "43 MELBOURNE STREET NEW BERRIMA 2577",
    "locID": "LOC000084263769",
    "tech": "FTTN",
    "upgrade": "FTTP",
    "gnaf_pid": "GANSW705505070",
    "tech_change_status": "Eligible to Order"
   }
  },
  {
   "type": "Feature",
   "geometry": {
    "type": "Point",
    "coordinates": [
     150.33519689,
     -34.50156762
    ]
   },
   "properties": {
    "name": "44 MELBOURNE STREET NEW BERRIMA 2577",
    "locID": "LOC000065450069",
    "tech": "FTTN",
    "upgrade": "FTTP_SA",
    "gnaf_pid": "GANSW705505071",
    "tech_change_status": "Eligible to Order"
   }
  },
  {
   "type": "Feature",
   "geometry": {
    "type": "Point",
    "coordinates": [
     150.33593127,
     -34.50152912
    ]
   },
   "properties": {
    "name": "45 MELBOURNE STREET NEW BERRIMA 2577",
    "locID": "LOC000027104061",
    "tech": "FTTP",
    "upgrade": "NULL_NA",
    "gnaf_pid": "GANSW705505072"
   }
  },
  {
   "type": "Feature",
   "geometry": {
    "type": "Point",
    "coordinates": [
     150.33522402,
     -34.50143209
    ]
   },
   "properties": {
    "name": "46 MELBOURNE STREET NEW BERRIMA 2577",
    "locID": "LOC000102424684",
    "tech": "FTTP",
    "upgrade": "NULL_NA",
    "gnaf_pid": "GANSW705505073"
   }
  },
  {
   "type": "Feature",
   "geometry": {
    "type": "Point",
    "coordinates": [
     150.33525115,
     -34.50129655
    ]
   },
   "properties": {
    "name": "48 MELBOURNE STREET NEW BERRIMA 2577",
    "locID": "LOC000047989396",
    "tech": "FTTN",
    "upgrade": "FTTP",
    "gnaf_pid": "GANSW705505074",
    "tech_change_status": "Eligible to Order"
   }
  },
  {
   "type": "Feature",
   "geometry": {
    "type": "Point",
    "coordinates": [
     150.33535228,
     -34.50441929
    ]
   },
   "properties": {
    "name": "5 MELBOURNE STREET NEW BERRIMA 2577",
    "locID": "LOC000084796429",
    "tech": "FTTP",
    "upgrade": "NULL_NA",
    "gnaf_pid": "GANSW705505075"
   }
  },
  {
   "type": "Feature",
   "geometry": {
    "type": "Point",
    "coordinates": [
     150.3352733,
     -34.50116103
    ]
   },
   "properties": {
    "name": "50 MELBOURNE STREET NEW BERRIMA 2577",
    "locID": "LOC000025817573",
    "tech": "FTTN",
    "upgrade": "FTTP_SA",
    "gnaf_pid": "GANSW705505076",
    "tech_change_status": "Eligible to Order"
   }
  },
  {
   "type": "Feature",
   "geometry": {
    "type": "Point",
    "coordinates": [
     150.33537941,
     -34.50428375
    ]
   },
   "properties": {
    "name": "7 MELBOURNE STREET NEW BERRIMA 2577",
    "locID": "LOC000027222080",
    "tech": "FTTP",
    "upgrade": "NULL_NA",
    "gnaf_pid": "GANSW705505077"
   }
  },
  {
   "type": "Feature",
   "geometry": {
    "type": "Point",
    "coordinates": [
     150.3346449,
     -34.50432308
    ]
   },
   "properties": {
    "name": "8 MELBOURNE STREET NEW BERRIMA 2577",
    "locID": "LOC000088374189",
    "tech": "FTTN",
    "upgrade": "FTTP_SA",
    "gnaf_pid": "GANSW705505078",
    "tech_change_status": "Eligible to Order"
   }
  },
  {
   "type": "Feature",
   "geometry": {
    "type": "Point",
    "coordinates": [
     150.33540655,
     -34.50414822
    ]
   },
   "properties": {
    "name": "9 MELBOURNE STREET NEW BERRIMA 2577",
    "locID": "LOC000016467479",
    "tech": "FTTN",
    "upgrade": "FTTP_SA",
    "gnaf_pid": "GANSW705505079",
    "tech_change_status": "Eligible to Order"
   }
  },
  {
   "type": "Feature",
   "geometry": {
    "type": "Point",
    "coordinates": [
     150.33397974,
     -34.5046077
    ]
   },
   "properties": {
    "name": "1 SYDNEY STREET NEW BERRIMA 2577",
    "locID": "LOC000084195030",
    "tech": "FTTN",
    "upgrade": "FTTP_SA",
    "gnaf_pid": "GANSW705505080",
    "tech_change_status": "Eligible to Order"
   }
  },
  {
   "type": "Feature",
   "geometry": {
    "type": "Point",
    "coordinates": [
     150.33351238,
     -34.50388834
    ]
   },
   "properties": {
    "name": "10 SYDNEY STREET NEW BERRIMA 2577",
    "locID": "LOC000051453724",
    "tech": "FTTN",
    "upgrade": "FTTP_SA",
    "gnaf_pid": "GANSW705505081",
    "tech_change_status": "Eligible to Order"
   }
  },
  {
   "type": "Feature",
   "geometry": {
    "type": "Point",
    "coordinates": [
     150.3342352,
     -34.50384896
    ]
   },
   "properties": {
    "name": "11 SYDNEY STREET NEW BERRIMA 2577",
    "locID": "LOC000097287612",
    "tech": "FTTN",
    "upgrade": "FTTP_SA",
    "gnaf_pid": "GANSW705505082",
    "tech_change_status": "Eligible to Order"
   }
  },
  {
   "type": "Feature",
   "geometry": {
    "type": "Point",
    "coordinates": [
     150.33353952,
     -34.50375281
    ]
   },
   "properties": {
    "name": "12 SYDNEY STREET NEW BERRIMA 2577",
    "locID": "LOC000017233961",
    "tech": "FTTN",
    "upgrade": "FTTP_SA",
    "gnaf_pid": "GANSW705505083",
    "tech_change_status": "Eligible to Order"
   }
  },
  {
   "type": "Feature",
   "geometry": {
    "type": "Point",
    "coordinates": [
     150.33356665,
     -34.50361727
    ]
   },
   "properties": {
    "name": "14 SYDNEY STREET NEW BERRIMA 2577",
    "locID": "LOC000033255757",
    "tech": "FTTN",
    "upgrade": "FTTP_SA",
    "gnaf_pid": "GANSW705505085",
    "tech_change_status": "Eligible to Order"
   }
  },
  {
   "type": "Feature",
   "geometry": {
    "type": "Point",
    "coordinates": [
     150.33428961,
     -34.50357716
    ]
   },
   "properties": {
    "name": "15 SYDNEY STREET NEW BERRIMA 2577",
    "locID": "LOC000054033583",
    "tech": "FTTN",
    "upgrade": "FTTP",
    "gnaf_pid": "GANSW705505086",
    "tech_change_status": "Eligible to Order"
   }
  },
  {
   "type": "Feature",
   "geometry": {
    "type": "Point",
    "coordinates": [
     150.33391699,
     -34.50180981
    ]
   },
   "properties": {
    "name": "36 SYDNEY STREET NEW BERRIMA 2577",
    "locID": "LOC000091560070",
    "tech": "FTTN",
    "upgrade": "FTTP_SA",
    "gnaf_pid": "GANSW705505742",
    "tech_change_status": "Eligible to Order"
   }
  },
  {
   "type": "Feature",
   "geometry": {
    "type": "Point",
    "coordinates": [
     150.33465152,
     -34.50177131
    ]
   },
   "properties": {
    "name": "39 SYDNEY STREET NEW BERRIMA 2577",
    "locID": "LOC000078731994",
    "tech": "FTTP",
    "upgrade": "NULL_NA",
    "gnaf_pid": "GANSW705505744"
   }
  },
  {
   "type": "Feature",
   "geometry": {
    "type": "Point",
    "coordinates": [
     150.33138275,
     -34.50213241
    ]
   },
   "properties": {
    "name": "18 HOWARD STREET NEW BERRIMA 2577",
    "locID": "LOC000101200636",
    "tech": "FTTN",
    "upgrade": "FTTP_SA",
    "gnaf_pid": "GANSW705509930",
    "tech_change_status": "Eligible to Order"
   }
  },
  {
   "type": "Feature",
   "geometry": {
    "type": "Point",
    "coordinates": [
     150.33201596,
     -34.50257294
    ]
   },
   "properties": {
    "name": "19 HOWARD STREET NEW BERRIMA 2577",
    "locID": "LOC000038001118",
    "tech": "FTTN",
    "upgrade": "FTTP_SA",
    "gnaf_pid": "GANSW705509931",
    "tech_change_status": "Eligible to Order"
   }
  },
  {
   "type": "Feature",
   "geometry": {
    "type": "Point",
    "coordinates": [
     150.33548795,
     -34.50374161
    ]
   },
   "properties": {
    "name": "15 MELBOURNE STREET NEW BERRIMA 2577",
    "locID": "LOC000101738952",
    "tech": "FTTN",
    "upgrade": "FTTP_SA",
    "gnaf_pid": "GANSW705509949",
    "tech_change_status": "Eligible to Order"
   }
  },
  {
   "type": "Feature",
   "geometry": {
    "type": "Point",
    "coordinates": [
     150.33478072,
     -34.50364453
    ]
   },
   "properties": {
    "name": "16 MELBOURNE STREET NEW BERRIMA 2577",
    "locID": "LOC000194591342",
    "tech": "FTTP",
    "upgrade": "NULL_NA",
    "gnaf_pid": "GANSW705509950"
   }
  },
  {
   "type": "Feature",
   "geometry": {
    "type": "Point",
    "coordinates": [
     150.33551509,
     -34.50360608
    ]
   },
   "properties": {
    "name": "17 MELBOURNE STREET NEW BERRIMA 2577",
    "locID": "LOC000078646289",
    "tech": "FTTP",
    "upgrade": "NULL_NA",
    "gnaf_pid": "GANSW705509951"
   }
  },
  {
   "type": "Feature",
   "geometry": {
    "type": "Point",
    "coordinates": [
     150.33480786,
     -34.50350904
    ]
   },
   "properties": {
    "name": "18 MELBOURNE STREET NEW BERRIMA 2577",
    "locID": "LOC000045793517",
    "tech": "FTTN",
    "upgrade": "FTTP_SA",
    "gnaf_pid": "GANSW705509952",
    "tech_change_status": "Eligible to Order"
   }
  },
  {
   "type": "Feature",
   "geometry": {
    "type": "Point",
    "coordinates": [
     150.33554222,
     -34.50347054
    ]
   },
   "properties": {
    "name": "19 MELBOURNE STREET NEW BERRIMA 2577",
    "locID": "LOC000032864686",
    "tech": "FTTP",
    "upgrade": "NULL_NA",
    "gnaf_pid": "GANSW705509953"
   }
  },
  {
   "type": "Feature",
   "geometry": {
    "type": "Point",
    "coordinates": [
     150.33556935,
     -34.50333501
    ]
   },
   "properties": {
    "name": "21 MELBOURNE STREET NEW BERRIMA 2577",
    "locID": "LOC000099510665",
    "tech": "FTTN",
    "upgrade": "FTTP",
    "gnaf_pid": "GANSW705509955",
    "tech_change_status": "Eligible to Order"
   }
  },
  {
   "type": "Feature",
   "geometry": {
    "type": "Point",
    "coordinates": [
     150.33559649,
     -34.50319947
    ]
   },
   "properties": {
    "name": "23 MELBOURNE STREET NEW BERRIMA 2577",
    "locID": "LOC000018434616",
    "tech": "FTTP",
    "upgrade": "NULL_NA",
    "gnaf_pid": "GANSW705509956"
   }
  },
  {
   "type": "Feature",
   "geometry": {
    "type": "Point",
    "coordinates": [
     150.33488926,
     -34.50310244
    ]
   },
   "properties": {
    "name": "24 MELBOURNE STREET NEW BERRIMA 2577",
    "locID": "LOC000030341908",
    "tech": "FTTN",
    "upgrade": "FTTP_SA",
    "gnaf_pid": "GANSW705509957",
    "tech_change_status": "Eligible to Order"
   }
  },
  {
   "type": "Feature",
   "geometry": {
    "type": "Point",
    "coordinates": [
     150.33562362,
     -34.50306808
    ]
   },
   "properties": {
    "name": "25 MELBOURNE STREET NEW BERRIMA 2577",
    "locID": "LOC000030076105",
    "tech": "FTTN",
    "upgrade": "FTTP_SA",
    "gnaf_pid": "GANSW705509958",
    "tech_change_status": "Eligible to Order"
   }
  },
  {
   "type": "Feature",
   "geometry": {
    "type": "Point",
    "coordinates": [
     150.33491141,
     -34.50296692
    ]
   },
   "properties": {
    "name": "26 MELBOURNE STREET NEW BERRIMA 2577",
    "locID": "LOC000035097505",
    "tech": "FTTN",
    "upgrade": "FTTP",
    "gnaf_pid": "GANSW705509959",
    "tech_change_status": "Eligible to Order"
   }
  },
  {
   "type": "Feature",
   "geometry": {
    "type": "Point",
    "coordinates": [
     150.33412265,
     -34.50441086
    ]
   },
   "properties": {
    "name": "3 SYDNEY STREET NEW BERRIMA 2577",
    "locID": "LOC000075917542",
    "tech": "FTTN",
    "upgrade": "FTTP",
    "gnaf_pid": "GANSW705509962",
    "tech_change_status": "Eligible to Order"
   }
  },
  {
   "type": "Feature",
   "geometry": {
    "type": "Point",
    "coordinates": [
     150.33383574,
     -34.50221639
    ]
   },
   "properties": {
    "name": "30 SYDNEY STREET NEW BERRIMA 2577",
    "locID": "LOC000049612683",
    "tech": "FTTN",
    "upgrade": "FTTP_SA",
    "gnaf_pid": "GANSW705509963",
    "tech_change_status": "Eligible to Order"
   }
  },
  {
   "type": "Feature",
   "geometry": {
    "type": "Point",
    "coordinates": [
     150.33454132,
     -34.5023117
    ]
   },
   "properties": {
    "name": "31 SYDNEY STREET NEW BERRIMA 2577",
    "locID": "LOC000021319473",
    "tech": "FTTN",
    "upgrade": "FTTP_SA",
    "gnaf_pid": "GANSW705509964",
    "tech_change_status": "Eligible to Order"
   }
  },
  {
   "type": "Feature",
   "geometry": {
    "type": "Point",
    "coordinates": [
     150.33386287,
     -34.50208086
    ]
   },
   "properties": {
    "name": "32 SYDNEY STREET NEW BERRIMA 2577",
    "locID": "LOC000064302246",
    "tech": "FTTN",
    "upgrade": "FTTP_SA",
    "gnaf_pid": "GANSW705509965",
    "tech_change_status": "Eligible to Order"
   }
  },
  {
   "type": "Feature",
   "geometry": {
    "type": "Point",
    "coordinates": [
     150.33457183,
     -34.50217819
    ]
   },
   "properties": {
    "name": "33 SYDNEY STREET NEW BERRIMA 2577",
    "locID": "LOC000010450958",
    "tech": "FTTN",
    "upgrade": "FTTP_SA",
    "gnaf_pid": "GANSW705509966",
    "tech_change_status": "Eligible to Order"
   }
  },
  {
   "type": "Feature",
   "geometry": {
    "type": "Point",
    "coordinates": [
     150.33389001,
     -34.50194603
    ]
   },
   "properties": {
    "name": "34 SYDNEY STREET NEW BERRIMA 2577",
    "locID": "LOC000004842949",
    "tech": "FTTN",
    "upgrade": "FTTP_SA",
    "gnaf_pid": "GANSW705509967",
    "tech_change_status": "Eligible to Order"
   }
  },
  {
   "type": "Feature",
   "geometry": {
    "type": "Point",
    "coordinates": [
     150.33718109,
     -34.50397491
    ]
   },
   "properties": {
    "name": "16 ADELAIDE STREET NEW BERRIMA 2577",
    "locID": "LOC000044153590",
    "tech": "FTTN",
    "upgrade": "FTTP",
    "gnaf_pid": "GANSW705511474",
    "tech_change_status": "Eligible to Order"
   }
  },
  {
   "type": "Feature",
   "geometry": {
    "type": "Point",
    "coordinates": [
     150.33728614,
     -34.5034313
    ]
   },
   "properties": {
    "name": "24 ADELAIDE STREET NEW BERRIMA 2577",
    "locID": "LOC000021351558",
    "tech": "FTTP",
    "upgrade": "NULL_NA",
    "gnaf_pid": "GANSW705511475"
   }
  },
  {
   "type": "Feature",
   "geometry": {
    "type": "Point",
    "coordinates": [
     150.33730828,
     -34.50329578
    ]
   },
   "properties": {
    "name": "26 ADELAIDE STREET NEW BERRIMA 2577",
    "locID": "LOC000033786164",
    "tech": "FTTN",
    "upgrade": "FTTP_SA",
    "gnaf_pid": "GANSW705511476",
    "tech_change_status": "Eligible to Order"
   }
  },
  {
   "type": "Feature",
   "geometry": {
    "type": "Point",
    "coordinates": [
     150.33737604,
     -34.50297744
    ]
   },
   "properties": {
    "name": "28 ADELAIDE STREET NEW BERRIMA 2577",
    "locID": "LOC000063294998",
    "tech": "FTTN",
    "upgrade": "FTTP_SA",
    "gnaf_pid": "GANSW705511477",
    "tech_change_status": "Eligible to Order"
   }
  },
  {
   "type": "Feature",
   "geometry": {
    "type": "Point",
    "coordinates": [
     150.33740316,
     -34.50284604
    ]
   },
   "properties": {
    "name": "30 ADELAIDE STREET NEW BERRIMA 2577",
    "locID": "LOC000003100942",
    "tech": "FTTN",
    "upgrade": "FTTP_SA",
    "gnaf_pid": "GANSW705511478",
    "tech_change_status": "Eligible to Order"
   }
  },
  {
   "type": "Feature",
   "geometry": {
    "type": "Point",
    "coordinates": [
     150.33743029,
     -34.5027105
    ]
   },
   "properties": {
    "name": "32 ADELAIDE STREET NEW BERRIMA 2577",
    "locID": "LOC000097303005",
    "tech": "FTTN",
    "upgrade": "FTTP",
    "gnaf_pid": "GANSW705511479",
    "tech_change_status": "Eligible to Order"
   }
  },
  {
   "type": "Feature",
   "geometry": {
    "type": "Point",
    "coordinates": [
     150.3382732,
     -34.50212985
    ]
   },
   "properties": {
    "name": "41 ADELAIDE STREET NEW BERRIMA 2577",
    "locID": "LOC000063483307",
    "tech": "FTTN",
    "upgrade": "FTTP_SA",
    "gnaf_pid": "GANSW705511483",
    "tech_change_status": "Eligible to Order"
   }
  },
  {
   "type": "Feature",
   "geometry": {
    "type": "Point",
    "coordinates": [
     150.33760663,
     -34.50182951
    ]
   },
   "properties": {
    "name": "44 ADELAIDE STREET NEW BERRIMA 2577",
    "locID": "LOC000096238805",
    "tech": "FTTN",
    "upgrade": "FTTP_SA",
    "gnaf_pid": "GANSW705511485",
    "tech_change_status": "Eligible to Order"
   }
  },
  {
   "type": "Feature",
   "geometry": {
    "type": "Point",
    "coordinates": [
     150.33380889,
     -34.50234985
    ]
   },
   "properties": {
    "name": "28 SYDNEY STREET NEW BERRIMA 2577",
    "locID": "LOC000099082443",
    "tech": "FTTN",
    "upgrade": "FTTP_SA",
    "gnaf_pid": "GANSW705513215",
    "tech_change_status": "Eligible to Order"
   }
  },
  {
   "type": "Feature",
   "geometry": {
    "type": "Point",
    "coordinates": [
     150.33517456,
     -34.50479316
    ]
   },
   "properties": {
    "name": "88 TAYLOR AVENUE NEW BERRIMA 2577",
    "locID": "LOC000062349403",
    "tech": "FTTN",
    "upgrade": "FTTP",
    "gnaf_pid": "GANSW705513236",
    "tech_change_status": "Eligible to Order"
   }
  },
  {
   "type": "Feature",
   "geometry": {
    "type": "Point",
    "coordinates": [
     150.33349371,
     -34.50452703
    ]
   },
   "properties": {
    "name": "96 TAYLOR AVENUE NEW BERRIMA 2577",
    "locID": "LOC000065331962",
    "tech": "FTTN",
    "upgrade": "FTTP_SA",
    "gnaf_pid": "GANSW705513237",
    "tech_change_status": "Eligible to Order"
   }
  },
  {
   "type": "Feature",
   "geometry": {
    "type": "Point",
    "coordinates": [
     150.33326175,
     -34.50442991
    ]
   },
   "properties": {
    "name": "98 TAYLOR AVENUE NEW BERRIMA 2577",
    "locID": "LOC000092781748",
    "tech": "FTTP",
    "upgrade": "NULL_NA",
    "gnaf_pid": "GANSW705513238"
   }
  },
  {
   "type": "Feature",
   "geometry": {
    "type": "Point",
    "coordinates": [
     150.33753204,
     -34.50223541
    ]
   },
   "properties": {
    "name": "38 ADELAIDE STREET NEW BERRIMA 2577",
    "locID": "LOC000108489357",
    "tech": "FTTN",
    "upgrade": "FTTP_SA",
    "gnaf_pid": "GANSW705514745",
    "tech_change_status": "Eligible to Order"
   }
  },
  {
   "type": "Feature",
   "geometry": {
    "type": "Point",
    "coordinates": [
     150.33345377,
     -34.5017467
    ]
   },
   "properties": {
    "name": "55 ARGYLE STREET NEW BERRIMA 2577",
    "locID": "LOC000044760142",
    "tech": "FTTN",
    "upgrade": "FTTP_SA",
    "gnaf_pid": "GANSW705514763",
    "tech_change_status": "Eligible to Order"
   }
  },
  {
   "type": "Feature",
   "geometry": {
    "type": "Point",
    "coordinates": [
     150.33348101,
     -34.50161071
    ]
   },
   "properties": {
    "name": "57 ARGYLE STREET NEW BERRIMA 2577",
    "locID": "LOC000062984364",
    "tech": "FTTN",
    "upgrade": "FTTP_SA",
    "gnaf_pid": "GANSW705514764",
    "tech_change_status": "Eligible to Order"
   }
  },
  {
   "type": "Feature",
   "geometry": {
    "type": "Point",
    "coordinates": [
     150.3335081,
     -34.50147518
    ]
   },
   "properties": {
    "name": "59 ARGYLE STREET NEW BERRIMA 2577",
    "locID": "LOC000082248692",
    "tech": "FTTN",
    "upgrade": "FTTP_SA",
    "gnaf_pid": "GANSW705514765",
    "tech_change_status": "Eligible to Order"
   }
  },
  {
   "type": "Feature",
   "geometry": {
    "type": "Point",
    "coordinates": [
     150.33353531,
     -34.50133964
    ]
   },
   "properties": {
    "name": "61 ARGYLE STREET NEW BERRIMA 2577",
    "locID": "LOC000042434330",
    "tech": "FTTN",
    "upgrade": "FTTP_SA",
    "gnaf_pid": "GANSW705514766",
    "tech_change_status": "Eligible to Order"
   }
  },
  {
   "type": "Feature",
   "geometry": {
    "type": "Point",
    "coordinates": [
     150.33356237,
     -34.50120377
    ]
   },
   "properties": {
    "name": "63 ARGYLE STREET NEW BERRIMA 2577",
    "locID": "LOC000018497411",
    "tech": "FTTN",
    "upgrade": "FTTP_SA",
    "gnaf_pid": "GANSW705514767",
    "tech_change_status": "Eligible to Order"
   }
  },
  {
   "type": "Feature",
   "geometry": {
    "type": "Point",
    "coordinates": [
     150.33360308,
     -34.5010008
    ]
   },
   "properties": {
    "name": "67 ARGYLE STREET NEW BERRIMA 2577",
    "locID": "LOC000076207113",
    "tech": "FTTN",
    "upgrade": "FTTP_SA",
    "gnaf_pid": "GANSW705514768",
    "tech_change_status": "Eligible to Order"
   }
  },
  {
   "type": "Feature",
   "geometry": {
    "type": "Point",
    "coordinates": [
     150.33584344,
     -34.50448667
    ]
   },
   "properties": {
    "name": "10 BRISBANE STREET NEW BERRIMA 2577",
    "locID": "LOC000053349926",
    "tech": "FTTN",
    "upgrade": "FTTP_SA",
    "gnaf_pid": "GANSW705514769",
    "tech_change_status": "Eligible to Order"
   }
  },
  {
   "type": "Feature",
   "geometry": {
    "type": "Point",
    "coordinates": [
     150.33587057,
     -34.50435114
    ]
   },
   "properties": {
    "name": "12 BRISBANE STREET NEW BERRIMA 2577",
    "locID": "LOC000060805400",
    "tech": "FTTN",
    "upgrade": "FTTP_SA",
    "gnaf_pid": "GANSW705514770",
    "tech_change_status": "Eligible to Order"
   }
  },
  {
   "type": "Feature",
   "geometry": {
    "type": "Point",
    "coordinates": [
     150.3358977,
     -34.5042156
    ]
   },
   "properties": {
    "name": "14 BRISBANE STREET NEW BERRIMA 2577",
    "locID": "LOC000068245660",
    "tech": "FTTP",
    "upgrade": "NULL_NA",
    "gnaf_pid": "GANSW705514771"
   }
  },
  {
   "type": "Feature",
   "geometry": {
    "type": "Point",
    "coordinates": [
     150.33663213,
     -34.50417711
    ]
   },
   "properties": {
    "name": "15 BRISBANE STREET NEW BERRIMA 2577",
    "locID": "LOC000086497901",
    "tech": "FTTN",
    "upgrade": "FTTP_SA",
    "gnaf_pid": "GANSW705514772",
    "tech_change_status": "Eligible to Order"
   }
  },
  {
   "type": "Feature",
   "geometry": {
    "type": "Point",
    "coordinates": [
     150.33592484,
     -34.50408007
    ]
   },
   "properties": {
    "name": "16 BRISBANE STREET NEW BERRIMA 2577",
    "locID": "LOC000049648971",
    "tech": "FTTN",
    "upgrade": "FTTP_SA",
    "gnaf_pid": "GANSW705514773",
    "tech_change_status": "Eligible to Order"
   }
  },
  {
   "type": "Feature",
   "geometry": {
    "type": "Point",
    "coordinates": [
     150.33764732,
     -34.50162622
    ]
   },
   "properties": {
    "name": "46 ADELAIDE STREET NEW BERRIMA 2577",
    "locID": "LOC000101530413",
    "tech": "FTTN",
    "upgrade": "NULL_NA",
    "gnaf_pid": "GANSW705515828",
    "tech_change_status": "Not Planned"
   }
  },
  {
   "type": "Feature",
   "geometry": {
    "type": "Point",
    "coordinates": [
     150.33704198,
     -34.50465112
    ]
   },
   "properties": {
    "name": "6 ADELAIDE STREET NEW BERRIMA 2577",
    "locID": "LOC000076216411",
    "tech": "FTTN",
    "upgrade": "FTTP",
    "gnaf_pid": "GANSW705515830",
    "tech_change_status": "Eligible to Order"
   }
  },
  {
   "type": "Feature",
   "geometry": {
    "type": "Point",
    "coordinates": [
     150.33290158,
     -34.50445853
    ]
   },
   "properties": {
    "name": "13 ARGYLE STREET NEW BERRIMA 2577",
    "locID": "LOC000025511992",
    "tech": "FTTN",
    "upgrade": "FTTP_SA",
    "gnaf_pid": "GANSW705515832",
    "tech_change_status": "Eligible to Order"
   }
  },
  {
   "type": "Feature",
   "geometry": {
    "type": "Point",
    "coordinates": [
     150.33292141,
     -34.50429441
    ]
   },
   "properties": {
    "name": "15 ARGYLE STREET NEW BERRIMA 2577",
    "locID": "LOC000008985222",
    "tech": "FTTN",
    "upgrade": "FTTP_SA",
    "gnaf_pid": "GANSW705515833",
    "tech_change_status": "Eligible to Order"
   }
  },
  {
   "type": "Feature",
   "geometry": {
    "type": "Point",
    "coordinates": [
     150.33298381,
     -34.50398281
    ]
   },
   "properties": {
    "name": "21 ARGYLE STREET NEW BERRIMA 2577",
    "locID": "LOC000064542893",
    "tech": "FTTN",
    "upgrade": "FTTP_SA",
    "gnaf_pid": "GANSW705515834",
    "tech_change_status": "Eligible to Order"
   }
  },
  {
   "type": "Feature",
   "geometry": {
    "type": "Point",
    "coordinates": [
     150.33300824,
     -34.50386079
    ]
   },
   "properties": {
    "name": "23 ARGYLE STREET NEW BERRIMA 2577",
    "locID": "LOC000023097948",
    "tech": "FTTN",
    "upgrade": "FTTP_SA",
    "gnaf_pid": "GANSW705515836",
    "tech_change_status": "Eligible to Order"
   }
  },
  {
   "type": "Feature",
   "geometry": {
    "type": "Point",
    "coordinates": [
     150.33302446,
     -34.50377973
    ]
   },
   "properties": {
    "name": "25-27 ARGYLE STREET NEW BERRIMA 2577",
    "locID": "LOC000178591652",
    "tech": "FTTN",
    "upgrade": "FTTP_SA",
    "gnaf_pid": "GANSW705515837",
    "tech_change_status": "Eligible to Order"
   }
  },
  {
   "type": "Feature",
   "geometry": {
    "type": "Point",
    "coordinates": [
     150.33240729,
     -34.50316567
    ]
   },
   "properties": {
    "name": "28 ARGYLE STREET NEW BERRIMA 2577",
    "locID": "LOC000005585356",
    "tech": "FTTN",
    "upgrade": "FTTP_SA",
    "gnaf_pid": "GANSW705515838",
    "tech_change_status": "Eligible to Order"
   }
  },
  {
   "type": "Feature",
   "geometry": {
    "type": "Point",
    "coordinates": [
     150.33308963,
     -34.50345425
    ]
   },
   "properties": {
    "name": "29-31 ARGYLE STREET NEW BERRIMA 2577",
    "locID": "LOC000121363271",
    "tech": "FTTN",
    "upgrade": "FTTP_SA",
    "gnaf_pid": "GANSW705515839",
    "tech_change_status": "Eligible to Order"
   }
  },
  {
   "type": "Feature",
   "geometry": {
    "type": "Point",
    "coordinates": [
     150.33313304,
     -34.50323742
    ]
   },
   "properties": {
    "name": "33-35 ARGYLE STREET NEW BERRIMA 2577",
    "locID": "LOC000104048432",
    "tech": "FTTN",
    "upgrade": "FTTP_SA",
    "gnaf_pid": "GANSW705515841",
    "tech_change_status": "Eligible to Order"
   }
  },
  {
   "type": "Feature",
   "geometry": {
    "type": "Point",
    "coordinates": [
     150.33248326,
     -34.50278623
    ]
   },
   "properties": {
    "name": "34 ARGYLE STREET NEW BERRIMA 2577",
    "locID": "LOC000067299495",
    "tech": "FTTN",
    "upgrade": "FTTP_SA",
    "gnaf_pid": "GANSW705515842",
    "tech_change_status": "Eligible to Order"
   }
  },
  {
   "type": "Feature",
   "geometry": {
    "type": "Point",
    "coordinates": [
     150.33250064,
     -34.50263542
    ]
   },
   "properties": {
    "name": "36 ARGYLE STREET NEW BERRIMA 2577",
    "locID": "LOC000004241416",
    "tech": "FTTN",
    "upgrade": "NULL_NA",
    "gnaf_pid": "GANSW705515843",
    "tech_change_status": "Not Planned"
   }
  },
  {
   "type": "Feature",
   "geometry": {
    "type": "Point",
    "coordinates": [
     150.33317645,
     -34.50302061
    ]
   },
   "properties": {
    "name": "37-39 ARGYLE STREET NEW BERRIMA 2577",
    "locID": "LOC000121370484",
    "tech": "FTTN",
    "upgrade": "FTTP_SA",
    "gnaf_pid": "GANSW705515844",
    "tech_change_status": "Eligible to Order"
   }
  },
  {
   "type": "Feature",
   "geometry": {
    "type": "Point",
    "coordinates": [
     150.3326095,
     -34.50204811
    ]
   },
   "properties": {
    "name": "42 ARGYLE STREET NEW BERRIMA 2577",
    "locID": "LOC000023757741",
    "tech": "FTTN",
    "upgrade": "FTTP",
    "gnaf_pid": "GANSW705515848",
    "tech_change_status": "Eligible to Order"
   }
  },
  {
   "type": "Feature",
   "geometry": {
    "type": "Point",
    "coordinates": [
     150.33263663,
     -34.50191258
    ]
   },
   "properties": {
    "name": "44 ARGYLE STREET NEW BERRIMA 2577",
    "locID": "LOC000071559542",
    "tech": "FTTN",
    "upgrade": "FTTP_SA",
    "gnaf_pid": "GANSW705515849",
    "tech_change_status": "Eligible to Order"
   }
  },
  {
   "type": "Feature",
   "geometry": {
    "type": "Point",
    "coordinates": [
     150.33333063,
     -34.50242387
    ]
   },
   "properties": {
    "name": "45 ARGYLE STREET NEW BERRIMA 2577",
    "locID": "LOC000085046849",
    "tech": "FTTN",
    "upgrade": "FTTP_SA",
    "gnaf_pid": "GANSW705515850",
    "tech_change_status": "Eligible to Order"
   }
  },
  {
   "type": "Feature",
   "geometry": {
    "type": "Point",
    "coordinates": [
     150.33266377,
     -34.50177704
    ]
   },
   "properties": {
    "name": "46 ARGYLE STREET NEW BERRIMA 2577",
    "locID": "LOC000076157304",
    "tech": "FTTN",
    "upgrade": "FTTP_SA",
    "gnaf_pid": "GANSW705515851",
    "tech_change_status": "Eligible to Order"
   }
  },
  {
   "type": "Feature",
   "geometry": {
    "type": "Point",
    "coordinates": [
     150.33334531,
     -34.50228835
    ]
   },
   "properties": {
    "name": "47 ARGYLE STREET NEW BERRIMA 2577",
    "locID": "LOC000041918236",
    "tech": "FTTP",
    "upgrade": "NULL_NA",
    "gnaf_pid": "GANSW705515852"
   }
  },
  {
   "type": "Feature",
   "geometry": {
    "type": "Point",
    "coordinates": [
     150.33337245,
     -34.50215281
    ]
   },
   "properties": {
    "name": "49 ARGYLE STREET NEW BERRIMA 2577",
    "locID": "LOC000003743450",
    "tech": "FTTN",
    "upgrade": "FTTP_SA",
    "gnaf_pid": "GANSW705515853",
    "tech_change_status": "Eligible to Order"
   }
  },
  {
   "type": "Feature",
   "geometry": {
    "type": "Point",
    "coordinates": [
     150.33339958,
     -34.50201728
    ]
   },
   "properties": {
    "name": "51 ARGYLE STREET NEW BERRIMA 2577",
    "locID": "LOC000070810559",
    "tech": "FTTP",
    "upgrade": "NULL_NA",
    "gnaf_pid": "GANSW705515854"
   }
  },
  {
   "type": "Feature",
   "geometry": {
    "type": "Point",
    "coordinates": [
     150.33275875,
     -34.50130267
    ]
   },
   "properties": {
    "name": "52 ARGYLE STREET NEW BERRIMA 2577",
    "locID": "LOC000028952552",
    "tech": "FTTP",
    "upgrade": "NULL_NA",
    "gnaf_pid": "GANSW705515855"
   }
  },
  {
   "type": "Feature",
   "geometry": {
    "type": "Point",
    "coordinates": [
     150.33342657,
     -34.5018821
    ]
   },
   "properties": {
    "name": "53 ARGYLE STREET NEW BERRIMA 2577",
    "locID": "LOC000003751843",
    "tech": "FTTN",
    "upgrade": "FTTP",
    "gnaf_pid": "GANSW705515856",
    "tech_change_status": "Eligible to Order"
   }
  },
  {
   "type": "Feature",
   "geometry": {
    "type": "Point",
    "coordinates": [
     150.33281301,
     -34.5010316
    ]
   },
   "properties": {
    "name": "54 ARGYLE STREET NEW BERRIMA 2577",
    "locID": "LOC000009180910",
    "tech": "FTTN",
    "upgrade": "FTTP_SA",
    "gnaf_pid": "GANSW705515857",
    "tech_change_status": "Eligible to Order"
   }
  },
  {
   "type": "Feature",
   "geometry": {
    "type": "Point",
    "coordinates": [
     150.33701485,
     -34.50478666
    ]
   },
   "properties": {
    "name": "4 ADELAIDE STREET NEW BERRIMA 2577",
    "locID": "LOC000097251834",
    "tech": "FTTN",
    "upgrade": "FTTP",
    "gnaf_pid": "GANSW705517356",
    "tech_change_status": "Eligible to Order"
   }
  },
  {
   "type": "Feature",
   "geometry": {
    "type": "Point",
    "coordinates": [
     150.33665926,
     -34.50404158
    ]
   },
   "properties": {
    "name": "17 BRISBANE STREET NEW BERRIMA 2577",
    "locID": "LOC000017370616",
    "tech": "FTTN",
    "upgrade": "FTTP_SA",
    "gnaf_pid": "GANSW705517399",
    "tech_change_status": "Eligible to Order"
   }
  },
  {
   "type": "Feature",
   "geometry": {
    "type": "Point",
    "coordinates": [
     150.33595197,
     -34.50394453
    ]
   },
   "properties": {
    "name": "18 BRISBANE STREET NEW BERRIMA 2577",
    "locID": "LOC000086226972",
    "tech": "FTTN",
    "upgrade": "FTTP_SA",
    "gnaf_pid": "GANSW705517400",
    "tech_change_status": "Eligible to Order"
   }
  },
  {
   "type": "Feature",
   "geometry": {
    "type": "Point",
    "coordinates": [
     150.33668639,
     -34.50390604
    ]
   },
   "properties": {
    "name": "19 BRISBANE STREET NEW BERRIMA 2577",
    "locID": "LOC000068302785",
    "tech": "FTTP",
    "upgrade": "NULL_NA",
    "gnaf_pid": "GANSW705517401"
   }
  },
  {
   "type": "Feature",
   "geometry": {
    "type": "Point",
    "coordinates": [
     150.33715622,
     -34.50155884
    ]
   },
   "properties": {
    "name": "51 BRISBANE STREET NEW BERRIMA 2577",
    "locID": "LOC000018789975",
    "tech": "FTTN",
    "upgrade": "FTTP_SA",
    "gnaf_pid": "GANSW705517418",
    "tech_change_status": "Eligible to Order"
   }
  },
  {
   "type": "Feature",
   "geometry": {
    "type": "Point",
    "coordinates": [
     150.33647165,
     -34.50132545
    ]
   },
   "properties": {
    "name": "52 BRISBANE STREET NEW BERRIMA 2577",
    "locID": "LOC000070653998",
    "tech": "FTTN",
    "upgrade": "FTTP_SA",
    "gnaf_pid": "GANSW705517419",
    "tech_change_status": "Eligible to Order"
   }
  },
  {
   "type": "Feature",
   "geometry": {
    "type": "Point",
    "coordinates": [
     150.33718334,
     -34.50142745
    ]
   },
   "properties": {
    "name": "53 BRISBANE STREET NEW BERRIMA 2577",
    "locID": "LOC000102746091",
    "tech": "FTTP",
    "upgrade": "NULL_NA",
    "gnaf_pid": "GANSW705517420"
   }
  },
  {
   "type": "Feature",
   "geometry": {
    "type": "Point",
    "coordinates": [
     150.33587026,
     -34.50489853
    ]
   },
   "properties": {
    "name": "6 BRISBANE STREET NEW BERRIMA 2577",
    "locID": "LOC000057558810",
    "tech": "FTTN",
    "upgrade": "FTTP_SA",
    "gnaf_pid": "GANSW705517421",
    "tech_change_status": "Eligible to Order"
   }
  },
  {
   "type": "Feature",
   "geometry": {
    "type": "Point",
    "coordinates": [
     150.33582987,
     -34.50464253
    ]
   },
   "properties": {
    "name": "8 BRISBANE STREET NEW BERRIMA 2577",
    "locID": "LOC000012149355",
    "tech": "FTTN",
    "upgrade": "FTTP_SA",
    "gnaf_pid": "GANSW705517423",
    "tech_change_status": "Eligible to Order"
   }
  },
  {
   "type": "Feature",
   "geometry": {
    "type": "Point",
    "coordinates": [
     150.33124032,
     -34.50287963
    ]
   },
   "properties": {
    "name": "10 HOWARD STREET NEW BERRIMA 2577",
    "locID": "LOC000012171029",
    "tech": "FTTN",
    "upgrade": "FTTP_SA",
    "gnaf_pid": "GANSW705517424",
    "tech_change_status": "Eligible to Order"
   }
  },
  {
   "type": "Feature",
   "geometry": {
    "type": "Point",
    "coordinates": [
     150.33192443,
     -34.50304412
    ]
   },
   "properties": {
    "name": "11 HOWARD STREET NEW BERRIMA 2577",
    "locID": "LOC000016786283",
    "tech": "FTTN",
    "upgrade": "FTTP",
    "gnaf_pid": "GANSW705517425",
    "tech_change_status": "Eligible to Order"
   }
  },
  {
   "type": "Feature",
   "geometry": {
    "type": "Point",
    "coordinates": [
     150.33126745,
     -34.5027441
    ]
   },
   "properties": {
    "name": "12 HOWARD STREET NEW BERRIMA 2577",
    "locID": "LOC000045263030",
    "tech": "FTTN",
    "upgrade": "FTTP_SA",
    "gnaf_pid": "GANSW705517426",
    "tech_change_status": "Eligible to Order"
   }
  },
  {
   "type": "Feature",
   "geometry": {
    "type": "Point",
    "coordinates": [
     150.33196304,
     -34.50283987
    ]
   },
   "properties": {
    "name": "15 HOWARD STREET NEW BERRIMA 2577",
    "locID": "LOC000040524401",
    "tech": "FTTN",
    "upgrade": "FTTP_SA",
    "gnaf_pid": "GANSW705517428",
    "tech_change_status": "Eligible to Order"
   }
  },
  {
   "type": "Feature",
   "geometry": {
    "type": "Point",
    "coordinates": [
     150.33199018,
     -34.50270434
    ]
   },
   "properties": {
    "name": "17 HOWARD STREET NEW BERRIMA 2577",
    "locID": "LOC000041138291",
    "tech": "FTTN",
    "upgrade": "FTTP_SA",
    "gnaf_pid": "GANSW705517429",
    "tech_change_status": "Eligible to Order"
   }
  },
  {
   "type": "Feature",
   "geometry": {
    "type": "Point",
    "coordinates": [
     150.33142089,
     -34.50197982
    ]
   },
   "properties": {
    "name": "20 HOWARD STREET NEW BERRIMA 2577",
    "locID": "LOC000094744931",
    "tech": "FTTP",
    "upgrade": "NULL_NA",
    "gnaf_pid": "GANSW705520730"
   }
  },
  {
   "type": "Feature",
   "geometry": {
    "type": "Point",
    "coordinates": [
     150.33209692,
     -34.50225559
    ]
   },
   "properties": {
    "name": "21 HOWARD STREET NEW BERRIMA 2577",
    "locID": "LOC000012364897",
    "tech": "FTTN",
    "upgrade": "FTTP_SA",
    "gnaf_pid": "GANSW705520731",
    "tech_change_status": "Eligible to Order"
   }
  },
  {
   "type": "Feature",
   "geometry": {
    "type": "Point",
    "coordinates": [
     150.33144378,
     -34.50184631
    ]
   },
   "properties": {
    "name": "22 HOWARD STREET NEW BERRIMA 2577",
    "locID": "LOC000025437545",
    "tech": "FTTN",
    "upgrade": "FTTP",
    "gnaf_pid": "GANSW705520732",
    "tech_change_status": "Eligible to Order"
   }
  },
  {
   "type": "Feature",
   "geometry": {
    "type": "Point",
    "coordinates": [
     150.33217335,
     -34.501849
    ]
   },
   "properties": {
    "name": "27 HOWARD STREET NEW BERRIMA 2577",
    "locID": "LOC000057747449",
    "tech": "FTTN",
    "upgrade": "FTTP",
    "gnaf_pid": "GANSW705520733",
    "tech_change_status": "Eligible to Order"
   }
  },
  {
   "type": "Feature",
   "geometry": {
    "type": "Point",
    "coordinates": [
     150.33609008,
     -34.50134468
    ]
   },
   "properties": {
    "name": "16 AUSTRALIA AVENUE NEW BERRIMA 2577",
    "locID": "LOC000121373717",
    "tech": "FTTP",
    "upgrade": "NULL_NA",
    "gnaf_pid": "GANSW706643586"
   }
  },
  {
   "type": "Feature",
   "geometry": {
    "type": "Point",
    "coordinates": [
     150.3358505,
     -34.50130916
    ]
   },
   "properties": {
    "name": "UNIT 1, 47 MELBOURNE STREET NEW BERRIMA 2577",
    "locID": "LOC000148741934",
    "tech": "FTTN",
    "upgrade": "FTTP_SA",
    "gnaf_pid": "GANSW708251252",
    "tech_change_status": "Eligible to Order"
   }
  },
  {
   "type": "Feature",
   "geometry": {
    "type": "Point",
    "coordinates": [
     150.3358505,
     -34.50130916
    ]
   },
   "properties": {
    "name": "UNIT 2, 47 MELBOURNE STREET NEW BERRIMA 2577",
    "locID": "LOC000148741947",
    "tech": "FTTN",
    "upgrade": "FTTP_SA",
    "gnaf_pid": "GANSW708251253",
    "tech_change_status": "Eligible to Order"
   }
  },
  {
   "type": "Feature",
   "geometry": {
    "type": "Point",
    "coordinates": [
     150.33471355,
     -34.50277213
    ]
   },
   "properties": {
    "name": "2 ENNIS AVENUE NEW BERRIMA 2577",
    "locID": "LOC000148191335",
    "tech": "FTTN",
    "upgrade": "FTTP_SA",
    "gnaf_pid": "GANSW709803299",
    "tech_change_status": "Eligible to Order"
   }
  },
  {
   "type": "Feature",
   "geometry": {
    "type": "Point",
    "coordinates": [
     150.33646388,
     -34.50320931
    ]
   },
   "properties": {
    "name": "5 BRISBANE STREET NEW BERRIMA 2577",
    "locID": "LOC000023207692",
    "tech": "FTTN",
    "upgrade": "FTTP",
    "gnaf_pid": "GANSW709805871",
    "tech_change_status": "Eligible to Order"
   }
  },
  {
   "type": "Feature",
   "geometry": {
    "type": "Point",
    "coordinates": [
     150.33646388,
     -34.50320931
    ]
   },
   "properties": {
    "name": "1 BRISBANE STREET NEW BERRIMA 2577",
    "locID": "LOC000086851529",
    "tech": "FTTN",
    "upgrade": "NULL_NA",
    "gnaf_pid": "GANSW709805872",
    "tech_change_status": "Not Planned"
   }
  },
  {
   "type": "Feature",
   "geometry": {
    "type": "Point",
    "coordinates": [
     150.33408118,
     -34.5028383
    ]
   },
   "properties": {
    "name": "LOT 220 SYDNEY STREET NEW BERRIMA 2577",
    "locID": "LOC000055931171",
    "tech": "FTTN",
    "upgrade": "FTTP_SA",
    "gnaf_pid": "GANSW709813397",
    "tech_change_status": "Eligible to Order"
   }
  },
  {
   "type": "Feature",
   "geometry": {
    "type": "Point",
    "coordinates": [
     150.33423826,
     -34.50459705
    ]
   },
   "properties": {
    "name": "92 TAYLOR AVENUE NEW BERRIMA 2577",
    "locID": "LOC000039892081",
    "tech": "FTTN",
    "upgrade": "FTTP_SA",
    "gnaf_pid": "GANSW709830537",
    "tech_change_status": "Eligible to Order"
   }
  },
  {
   "type": "Feature",
   "geometry": {
    "type": "Point",
    "coordinates": [
     150.33172172,
     -34.5023042
    ]
   },
   "properties": {
    "name": "LOT 88 HOWARD STREET NEW BERRIMA 2577",
    "locID": "LOC000016812435",
    "tech": "FTTN",
    "upgrade": "FTTP",
    "gnaf_pid": "GANSW709843249",
    "tech_change_status": "Eligible to Order"
   }
  },
  {
   "type": "Feature",
   "geometry": {
    "type": "Point",
    "coordinates": [
     150.33172172,
     -34.5023042
    ]
   },
   "properties": {
    "name": "LOT 79 HOWARD STREET NEW BERRIMA 2577",
    "locID": "LOC000094744931",
    "tech": "FTTP",
    "upgrade": "NULL_NA",
    "gnaf_pid": "GANSW709849739"
   }
  },
  {
   "type": "Feature",
   "geometry": {
    "type": "Point",
    "coordinates": [
     150.33172172,
     -34.5023042
    ]
   },
   "properties": {
    "name": "LOT 86 HOWARD STREET NEW BERRIMA 2577",
    "locID": "LOC000072400032",
    "tech": "FTTN",
    "upgrade": "FTTP",
    "gnaf_pid": "GANSW709850858",
    "tech_change_status": "Eligible to Order"
   }
  },
  {
   "type": "Feature",
   "geometry": {
    "type": "Point",
    "coordinates": [
     150.33279303,
     -34.50309119
    ]
   },
   "properties": {
    "name": "14 ARGYLE STREET NEW BERRIMA 2577",
    "locID": "LOC000148179309",
    "tech": "FTTN",
    "upgrade": "FTTP_SA",
    "gnaf_pid": "GANSW712637652",
    "tech_change_status": "Eligible to Order"
   }
  },
  {
   "type": "Feature",
   "geometry": {
    "type": "Point",
    "coordinates": [
     150.33295124,
     -34.50414541
    ]
   },
   "properties": {
    "name": "17 ARGYLE STREET NEW BERRIMA 2577",
    "locID": "LOC000077241718",
    "tech": "FTTN",
    "upgrade": "FTTP_SA",
    "gnaf_pid": "GANSW712637655",
    "tech_change_status": "Eligible to Order"
   }
  },
  {
   "type": "Feature",
   "geometry": {
    "type": "Point",
    "coordinates": [
     150.33296752,
     -34.50406411
    ]
   },
   "properties": {
    "name": "19 ARGYLE STREET NEW BERRIMA 2577",
    "locID": "LOC000103311382",
    "tech": "FTTP",
    "upgrade": "NULL_NA",
    "gnaf_pid": "GANSW712637657"
   }
  },
  {
   "type": "Feature",
   "geometry": {
    "type": "Point",
    "coordinates": [
     150.33691205,
     -34.50277866
    ]
   },
   "properties": {
    "name": "33 BRISBANE STREET NEW BERRIMA 2577",
    "locID": "LOC000008128417",
    "tech": "FTTN",
    "upgrade": "NULL_NA",
    "gnaf_pid": "GANSW712642178",
    "tech_change_status": "Not Planned"
   }
  },
  {
   "type": "Feature",
   "geometry": {
    "type": "Point",
    "coordinates": [
     150.3369663,
     -34.50250759
    ]
   },
   "properties": {
    "name": "37 BRISBANE STREET NEW BERRIMA 2577",
    "locID": "LOC000052631338",
    "tech": "FTTN",
    "upgrade": "FTTP_SA",
    "gnaf_pid": "GANSW712642179",
    "tech_change_status": "Eligible to Order"
   }
  },
  {
   "type": "Feature",
   "geometry": {
    "type": "Point",
    "coordinates": [
     150.33194373,
     -34.502942
    ]
   },
   "properties": {
    "name": "13 HOWARD STREET NEW BERRIMA 2577",
    "locID": "LOC000051940800",
    "tech": "FTTP",
    "upgrade": "NULL_NA",
    "gnaf_pid": "GANSW712645241"
   }
  },
  {
   "type": "Feature",
   "geometry": {
    "type": "Point",
    "coordinates": [
     150.33130318,
     -34.50254009
    ]
   },
   "properties": {
    "name": "14 HOWARD STREET NEW BERRIMA 2577",
    "locID": "LOC000096603335",
    "tech": "FTTP",
    "upgrade": "NULL_NA",
    "gnaf_pid": "GANSW712645242"
   }
  },
  {
   "type": "Feature",
   "geometry": {
    "type": "Point",
    "coordinates": [
     150.33213264,
     -34.50205229
    ]
   },
   "properties": {
    "name": "23 HOWARD STREET NEW BERRIMA 2577",
    "locID": "LOC000027859415",
    "tech": "FTTP",
    "upgrade": "NULL_NA",
    "gnaf_pid": "GANSW712645249"
   }
  },
  {
   "type": "Feature",
   "geometry": {
    "type": "Point",
    "coordinates": [
     150.33147476,
     -34.5017086
    ]
   },
   "properties": {
    "name": "24 HOWARD STREET NEW BERRIMA 2577",
    "locID": "LOC000057516472",
    "tech": "FTTN",
    "upgrade": "FTTP_SA",
    "gnaf_pid": "GANSW712645250",
    "tech_change_status": "Eligible to Order"
   }
  },
  {
   "type": "Feature",
   "geometry": {
    "type": "Point",
    "coordinates": [
     150.33150191,
     -34.50157307
    ]
   },
   "properties": {
    "name": "26 HOWARD STREET NEW BERRIMA 2577",
    "locID": "LOC000068978441",
    "tech": "FTTN",
    "upgrade": "FTTP",
    "gnaf_pid": "GANSW712645251",
    "tech_change_status": "Eligible to Order"
   }
  },
  {
   "type": "Feature",
   "geometry": {
    "type": "Point",
    "coordinates": [
     150.33155618,
     -34.501302
    ]
   },
   "properties": {
    "name": "30 HOWARD STREET NEW BERRIMA 2577",
    "locID": "LOC000065364737",
    "tech": "FTTN",
    "upgrade": "FTTP_SA",
    "gnaf_pid": "GANSW712645252",
    "tech_change_status": "Eligible to Order"
   }
  },
  {
   "type": "Feature",
   "geometry": {
    "type": "Point",
    "coordinates": [
     150.33158332,
     -34.50116646
    ]
   },
   "properties": {
    "name": "32 HOWARD STREET NEW BERRIMA 2577",
    "locID": "LOC000018831500",
    "tech": "FTTN",
    "upgrade": "FTTP",
    "gnaf_pid": "GANSW712645253",
    "tech_change_status": "Eligible to Order"
   }
  },
  {
   "type": "Feature",
   "geometry": {
    "type": "Point",
    "coordinates": [
     150.33279303,
     -34.50309119
    ]
   },
   "properties": {
    "name": "LOT 1 ARGYLE STREET NEW BERRIMA 2577",
    "locID": "LOC000121363271",
    "tech": "FTTN",
    "upgrade": "FTTP_SA",
    "gnaf_pid": "GANSW712645613",
    "tech_change_status": "Eligible to Order"
   }
  },
  {
   "type": "Feature",
   "geometry": {
    "type": "Point",
    "coordinates": [
     150.33279303,
     -34.50309119
    ]
   },
   "properties": {
    "name": "2 ARGYLE STREET NEW BERRIMA 2577",
    "locID": "LOC000064542893",
    "tech": "FTTN",
    "upgrade": "FTTP_SA",
    "gnaf_pid": "GANSW712645614",
    "tech_change_status": "Eligible to Order"
   }
  },
  {
   "type": "Feature",
   "geometry": {
    "type": "Point",
    "coordinates": [
     150.33279303,
     -34.50309119
    ]
   },
   "properties": {
    "name": "4 ARGYLE STREET NEW BERRIMA 2577",
    "locID": "LOC000055621031",
    "tech": "FTTN",
    "upgrade": "FTTP_SA",
    "gnaf_pid": "GANSW712645616",
    "tech_change_status": "Eligible to Order"
   }
  },
  {
   "type": "Feature",
   "geometry": {
    "type": "Point",
    "coordinates": [
     150.33279303,
     -34.50309119
    ]
   },
   "properties": {
    "name": "6 ARGYLE STREET NEW BERRIMA 2577",
    "locID": "LOC000042434330",
    "tech": "FTTN",
    "upgrade": "FTTP_SA",
    "gnaf_pid": "GANSW712645618",
    "tech_change_status": "Eligible to Order"
   }
  },
  {
   "type": "Feature",
   "geometry": {
    "type": "Point",
    "coordinates": [
     150.33269091,
     -34.5016415
    ]
   },
   "properties": {
    "name": "48 ARGYLE STREET NEW BERRIMA 2577",
    "locID": "LOC000055621031",
    "tech": "FTTN",
    "upgrade": "FTTP_SA",
    "gnaf_pid": "GANSW712645632",
    "tech_change_status": "Eligible to Order"
   }
  },
  {
   "type": "Feature",
   "geometry": {
    "type": "Point",
    "coordinates": [
     150.33271804,
     -34.50150596
    ]
   },
   "properties": {
    "name": "50 ARGYLE STREET NEW BERRIMA 2577",
    "locID": "LOC000076056094",
    "tech": "FTTN",
    "upgrade": "FTTP_SA",
    "gnaf_pid": "GANSW712645634",
    "tech_change_status": "Eligible to Order"
   }
  },
  {
   "type": "Feature",
   "geometry": {
    "type": "Point",
    "coordinates": [
     150.33284126,
     -34.50082659
    ]
   },
   "properties": {
    "name": "56 ARGYLE STREET NEW BERRIMA 2577",
    "locID": "LOC000081677971",
    "tech": "FTTN",
    "upgrade": "FTTP_SA",
    "gnaf_pid": "GANSW712645640",
    "tech_change_status": "Eligible to Order"
   }
  },
  {
   "type": "Feature",
   "geometry": {
    "type": "Point",
    "coordinates": [
     150.33460429,
     -34.5045262
    ]
   },
   "properties": {
    "name": "6 MELBOURNE STREET NEW BERRIMA 2577",
    "locID": "LOC000055927468",
    "tech": "FTTP",
    "upgrade": "NULL_NA",
    "gnaf_pid": "GANSW712645812"
   }
  },
  {
   "type": "Feature",
   "geometry": {
    "type": "Point",
    "coordinates": [
     150.335068,
     -34.50221141
    ]
   },
   "properties": {
    "name": "34 MELBOURNE STREET NEW BERRIMA 2577",
    "locID": "LOC000035712802",
    "tech": "FTTN",
    "upgrade": "NULL_NA",
    "gnaf_pid": "GANSW712645820",
    "tech_change_status": "Not Planned"
   }
  },
  {
   "type": "Feature",
   "geometry": {
    "type": "Point",
    "coordinates": [
     150.33580255,
     -34.50217297
    ]
   },
   "properties": {
    "name": "35 MELBOURNE STREET NEW BERRIMA 2577",
    "locID": "LOC000077526963",
    "tech": "FTTP",
    "upgrade": "NULL_NA",
    "gnaf_pid": "GANSW712645821"
   }
  },
  {
   "type": "Feature",
   "geometry": {
    "type": "Point",
    "coordinates": [
     150.3358505,
     -34.50130916
    ]
   },
   "properties": {
    "name": "47 MELBOURNE STREET NEW BERRIMA 2577",
    "locID": "LOC000148741947",
    "tech": "FTTN",
    "upgrade": "FTTP_SA",
    "gnaf_pid": "GANSW712645822",
    "tech_change_status": "Eligible to Order"
   }
  },
  {
   "type": "Feature",
   "geometry": {
    "type": "Point",
    "coordinates": [
     150.33394425,
     -34.50167427
    ]
   },
   "properties": {
    "name": "38 SYDNEY STREET NEW BERRIMA 2577",
    "locID": "LOC000121372206",
    "tech": "FTTN",
    "upgrade": "FTTP_SA",
    "gnaf_pid": "GANSW712645834",
    "tech_change_status": "Eligible to Order"
   }
  },
  {
   "type": "Feature",
   "geometry": {
    "type": "Point",
    "coordinates": [
     150.33442782,
     -34.50290054
    ]
   },
   "properties": {
    "name": "25 SYDNEY STREET NEW BERRIMA 2577",
    "locID": "LOC000003205083",
    "tech": "FTTN",
    "upgrade": "FTTP_SA",
    "gnaf_pid": "GANSW712645836",
    "tech_change_status": "Eligible to Order"
   }
  },
  {
   "type": "Feature",
   "geometry": {
    "type": "Point",
    "coordinates": [
     150.33450727,
     -34.50251741
    ]
   },
   "properties": {
    "name": "29 SYDNEY STREET NEW BERRIMA 2577",
    "locID": "LOC000099688799",
    "tech": "FTTP",
    "upgrade": "NULL_NA",
    "gnaf_pid": "GANSW712649058"
   }
  },
  {
   "type": "Feature",
   "geometry": {
    "type": "Point",
    "coordinates": [
     150.33476004,
     -34.50122916
    ]
   },
   "properties": {
    "name": "47 SYDNEY STREET NEW BERRIMA 2577",
    "locID": "LOC000067718865",
    "tech": "FTTP",
    "upgrade": "NULL_NA",
    "gnaf_pid": "GANSW712649372"
   }
  },
  {
   "type": "Feature",
   "geometry": {
    "type": "Point",
    "coordinates": [
     150.33476004,
     -34.50122916
    ]
   },
   "properties": {
    "name": "49 SYDNEY STREET NEW BERRIMA 2577",
    "locID": "LOC000063480635",
    "tech": "FTTP",
    "upgrade": "NULL_NA",
    "gnaf_pid": "GANSW712649374"
   }
  },
  {
   "type": "Feature",
   "geometry": {
    "type": "Point",
    "coordinates": [
     150.33456118,
     -34.50474639
    ]
   },
   "properties": {
    "name": "90 TAYLOR AVENUE NEW BERRIMA 2577",
    "locID": "LOC000106115837",
    "tech": "FTTP",
    "upgrade": "NULL_NA",
    "gnaf_pid": "GANSW712649376"
   }
  },
  {
   "type": "Feature",
   "geometry": {
    "type": "Point",
    "coordinates": [
     150.33226548,
     -34.50444917
    ]
   },
   "properties": {
    "name": "1 TAYLOR AVENUE NEW BERRIMA 2577",
    "locID": "LOC000169025665",
    "tech": "FTTN",
    "upgrade": "FTTP",
    "gnaf_pid": "GANSW712649381",
    "tech_change_status": "Eligible to Order"
   }
  },
  {
   "type": "Feature",
   "geometry": {
    "type": "Point",
    "coordinates": [
     150.33226548,
     -34.50444917
    ]
   },
   "properties": {
    "name": "2 TAYLOR AVENUE NEW BERRIMA 2577",
    "locID": "LOC000148751766",
    "tech": "FTTP",
    "upgrade": "NULL_NA",
    "gnaf_pid": "GANSW712649382"
   }
  },
  {
   "type": "Feature",
   "geometry": {
    "type": "Point",
    "coordinates": [
     150.33226548,
     -34.50444917
    ]
   },
   "properties": {
    "name": "3 TAYLOR AVENUE NEW BERRIMA 2577",
    "locID": "LOC000036528902",
    "tech": "FTTN",
    "upgrade": "FTTP_SA",
    "gnaf_pid": "GANSW712649383",
    "tech_change_status": "Eligible to Order"
   }
  },
  {
   "type": "Feature",
   "geometry": {
    "type": "Point",
    "coordinates": [
     150.33253995,
     -34.50231369
    ]
   },
   "properties": {
    "name": "38 ARGYLE STREET NEW BERRIMA 2577",
    "locID": "LOC000035938157",
    "tech": "FTTN",
    "upgrade": "FTTP_SA",
    "gnaf_pid": "GANSW712658009",
    "tech_change_status": "Eligible to Order"
   }
  },
  {
   "type": "Feature",
   "geometry": {
    "type": "Point",
    "coordinates": [
     150.33712339,
     -34.5042445
    ]
   },
   "properties": {
    "name": "12 ADELAIDE STREET NEW BERRIMA 2577",
    "locID": "LOC000028816434",
    "tech": "FTTN",
    "upgrade": "FTTP",
    "gnaf_pid": "GANSW712659018",
    "tech_change_status": "Eligible to Order"
   }
  },
  {
   "type": "Feature",
   "geometry": {
    "type": "Point",
    "coordinates": [
     150.3371505,
     -34.50410898
    ]
   },
   "properties": {
    "name": "14 ADELAIDE STREET NEW BERRIMA 2577",
    "locID": "LOC000022283963",
    "tech": "FTTN",
    "upgrade": "FTTP",
    "gnaf_pid": "GANSW712659020",
    "tech_change_status": "Eligible to Order"
   }
  },
  {
   "type": "Feature",
   "geometry": {
    "type": "Point",
    "coordinates": [
     150.33772171,
     -34.50488356
    ]
   },
   "properties": {
    "name": "3 ADELAIDE STREET NEW BERRIMA 2577",
    "locID": "LOC000062871064",
    "tech": "FTTP",
    "upgrade": "NULL_NA",
    "gnaf_pid": "GANSW712659058"
   }
  },
  {
   "type": "Feature",
   "geometry": {
    "type": "Point",
    "coordinates": [
     150.33706911,
     -34.50451558
    ]
   },
   "properties": {
    "name": "8 ADELAIDE STREET NEW BERRIMA 2577",
    "locID": "LOC000004048879",
    "tech": "FTTN",
    "upgrade": "FTTP",
    "gnaf_pid": "GANSW712659063",
    "tech_change_status": "Eligible to Order"
   }
  },
  {
   "type": "Feature",
   "geometry": {
    "type": "Point",
    "coordinates": [
     150.33709624,
     -34.50438005
    ]
   },
   "properties": {
    "name": "10 ADELAIDE STREET NEW BERRIMA 2577",
    "locID": "LOC000007247695",
    "tech": "FTTN",
    "upgrade": "FTTP",
    "gnaf_pid": "GANSW712659065",
    "tech_change_status": "Eligible to Order"
   }
  },
  {
   "type": "Feature",
   "geometry": {
    "type": "Point",
    "coordinates": [
     150.33754899,
     -34.50213412
    ]
   },
   "properties": {
    "name": "40 ADELAIDE STREET NEW BERRIMA 2577",
    "locID": "LOC000015573776",
    "tech": "FTTP",
    "upgrade": "NULL_NA",
    "gnaf_pid": "GANSW712662274"
   }
  },
  {
   "type": "Feature",
   "geometry": {
    "type": "Point",
    "coordinates": [
     150.33186481,
     -34.50394782
    ]
   },
   "properties": {
    "name": "108 TAYLOR AVENUE NEW BERRIMA 2577",
    "locID": "LOC000039991440",
    "tech": "FTTN",
    "upgrade": "FTTP_SA",
    "gnaf_pid": "GANSW712665919",
    "tech_change_status": "Eligible to Order"
   }
  },
  {
   "type": "Feature",
   "geometry": {
    "type": "Point",
    "coordinates": [
     150.3316385,
     -34.50388203
    ]
   },
   "properties": {
    "name": "110 TAYLOR AVENUE NEW BERRIMA 2577",
    "locID": "LOC000018046961",
    "tech": "FTTN",
    "upgrade": "FTTP_SA",
    "gnaf_pid": "GANSW712665921",
    "tech_change_status": "Eligible to Order"
   }
  },
  {
   "type": "Feature",
   "geometry": {
    "type": "Point",
    "coordinates": [
     150.33118646,
     -34.50368503
    ]
   },
   "properties": {
    "name": "112 TAYLOR AVENUE NEW BERRIMA 2577",
    "locID": "LOC000110147734",
    "tech": "FTTN",
    "upgrade": "FTTP_SA",
    "gnaf_pid": "GANSW712665923",
    "tech_change_status": "Eligible to Order"
   }
  },
  {
   "type": "Feature",
   "geometry": {
    "type": "Point",
    "coordinates": [
     150.33799273,
     -34.50521355
    ]
   },
   "properties": {
    "name": "62 TAYLOR AVENUE NEW BERRIMA 2577",
    "locID": "LOC000080119568",
    "tech": "FTTN",
    "upgrade": "FTTP_SA",
    "gnaf_pid": "GANSW712665925",
    "tech_change_status": "Eligible to Order"
   }
  },
  {
   "type": "Feature",
   "geometry": {
    "type": "Point",
    "coordinates": [
     150.33782949,
     -34.50518657
    ]
   },
   "properties": {
    "name": "64 TAYLOR AVENUE NEW BERRIMA 2577",
    "locID": "LOC000028680271",
    "tech": "FTTP",
    "upgrade": "NULL_NA",
    "gnaf_pid": "GANSW712665927"
   }
  },
  {
   "type": "Feature",
   "geometry": {
    "type": "Point",
    "coordinates": [
     150.33408118,
     -34.5028383
    ]
   },
   "properties": {
    "name": "252 SYDNEY STREET NEW BERRIMA 2577",
    "locID": "LOC000099082443",
    "tech": "FTTN",
    "upgrade": "FTTP_SA",
    "gnaf_pid": "GANSW712666188",
    "tech_change_status": "Eligible to Order"
   }
  },
  {
   "type": "Feature",
   "geometry": {
    "type": "Point",
    "coordinates": [
     150.33226548,
     -34.50444917
    ]
   },
   "properties": {
    "name": "35 TAYLOR AVENUE NEW BERRIMA 2577",
    "locID": "LOC000099067598",
    "tech": "FTTN",
    "upgrade": "FTTP_SA",
    "gnaf_pid": "GANSW712666230",
    "tech_change_status": "Eligible to Order"
   }
  },
  {
   "type": "Feature",
   "geometry": {
    "type": "Point",
    "coordinates": [
     150.33226548,
     -34.50444917
    ]
   },
   "properties": {
    "name": "38 TAYLOR AVENUE NEW BERRIMA 2577",
    "locID": "LOC000036528902",
    "tech": "FTTN",
    "upgrade": "FTTP_SA",
    "gnaf_pid": "GANSW712666233",
    "tech_change_status": "Eligible to Order"
   }
  },
  {
   "type": "Feature",
   "geometry": {
    "type": "Point",
    "coordinates": [
     150.33226548,
     -34.50444917
    ]
   },
   "properties": {
    "name": "43 TAYLOR AVENUE NEW BERRIMA 2577",
    "locID": "LOC000080119568",
    "tech": "FTTN",
    "upgrade": "FTTP_SA",
    "gnaf_pid": "GANSW712666238",
    "tech_change_status": "Eligible to Order"
   }
  },
  {
   "type": "Feature",
   "geometry": {
    "type": "Point",
    "coordinates": [
     150.33226548,
     -34.50444917
    ]
   },
   "properties": {
    "name": "4 TAYLOR AVENUE NEW BERRIMA 2577",
    "locID": "LOC000080119568",
    "tech": "FTTN",
    "upgrade": "FTTP_SA",
    "gnaf_pid": "GANSW712666247",
    "tech_change_status": "Eligible to Order"
   }
  },
  {
   "type": "Feature",
   "geometry": {
    "type": "Point",
    "coordinates": [
     150.33226548,
     -34.50444917
    ]
   },
   "properties": {
    "name": "6 TAYLOR AVENUE NEW BERRIMA 2577",
    "locID": "LOC000068351338",
    "tech": "FTTP",
    "upgrade": "NULL_NA",
    "gnaf_pid": "GANSW712666249"
   }
  },
  {
   "type": "Feature",
   "geometry": {
    "type": "Point",
    "coordinates": [
     150.33226548,
     -34.50444917
    ]
   },
   "properties": {
    "name": "7 TAYLOR AVENUE NEW BERRIMA 2577",
    "locID": "LOC000014189603",
    "tech": "FTTN",
    "upgrade": "FTTP_SA",
    "gnaf_pid": "GANSW712666250",
    "tech_change_status": "Eligible to Order"
   }
  },
  {
   "type": "Feature",
   "geometry": {
    "type": "Point",
    "coordinates": [
     150.33226548,
     -34.50444917
    ]
   },
   "properties": {
    "name": "8 TAYLOR AVENUE NEW BERRIMA 2577",
    "locID": "LOC000049377174",
    "tech": "FTTN",
    "upgrade": "FTTP_SA",
    "gnaf_pid": "GANSW712666251",
    "tech_change_status": "Eligible to Order"
   }
  },
  {
   "type": "Feature",
   "geometry": {
    "type": "Point",
    "coordinates": [
     150.33720475,
     -34.5038379
    ]
   },
   "properties": {
    "name": "18 ADELAIDE STREET NEW BERRIMA 2577",
    "locID": "LOC000058832870",
    "tech": "FTTN",
    "upgrade": "FTTP",
    "gnaf_pid": "GANSW712679104",
    "tech_change_status": "Eligible to Order"
   }
  },
  {
   "type": "Feature",
   "geometry": {
    "type": "Point",
    "coordinates": [
     150.33723188,
     -34.50370236
    ]
   },
   "properties": {
    "name": "20 ADELAIDE STREET NEW BERRIMA 2577",
    "locID": "LOC000003819460",
    "tech": "FTTN",
    "upgrade": "FTTP_SA",
    "gnaf_pid": "GANSW712679106",
    "tech_change_status": "Eligible to Order"
   }
  },
  {
   "type": "Feature",
   "geometry": {
    "type": "Point",
    "coordinates": [
     150.33725901,
     -34.50356683
    ]
   },
   "properties": {
    "name": "22 ADELAIDE STREET NEW BERRIMA 2577",
    "locID": "LOC000097198691",
    "tech": "FTTN",
    "upgrade": "FTTP",
    "gnaf_pid": "GANSW712679108",
    "tech_change_status": "Eligible to Order"
   }
  },
  {
   "type": "Feature",
   "geometry": {
    "type": "Point",
    "coordinates": [
     150.33812519,
     -34.50439809
    ]
   },
   "properties": {
    "name": "25 ADELAIDE STREET NEW BERRIMA 2577",
    "locID": "LOC000097198691",
    "tech": "FTTN",
    "upgrade": "FTTP",
    "gnaf_pid": "GANSW712679111",
    "tech_change_status": "Eligible to Order"
   }
  },
  {
   "type": "Feature",
   "geometry": {
    "type": "Point",
    "coordinates": [
     150.33747098,
     -34.50250718
    ]
   },
   "properties": {
    "name": "34 ADELAIDE STREET NEW BERRIMA 2577",
    "locID": "LOC000020976377",
    "tech": "FTTP",
    "upgrade": "NULL_NA",
    "gnaf_pid": "GANSW712679116"
   }
  },
  {
   "type": "Feature",
   "geometry": {
    "type": "Point",
    "coordinates": [
     150.33847805,
     -34.50271495
    ]
   },
   "properties": {
    "name": "37 ADELAIDE STREET NEW BERRIMA 2577",
    "locID": "LOC000021351558",
    "tech": "FTTP",
    "upgrade": "NULL_NA",
    "gnaf_pid": "GANSW712679118"
   }
  },
  {
   "type": "Feature",
   "geometry": {
    "type": "Point",
    "coordinates": [
     150.33699343,
     -34.50237205
    ]
   },
   "properties": {
    "name": "39 BRISBANE STREET NEW BERRIMA 2577",
    "locID": "LOC000102746091",
    "tech": "FTTP",
    "upgrade": "NULL_NA",
    "gnaf_pid": "GANSW712679356"
   }
  },
  {
   "type": "Feature",
   "geometry": {
    "type": "Point",
    "coordinates": [
     150.33703413,
     -34.50216874
    ]
   },
   "properties": {
    "name": "41 BRISBANE STREET NEW BERRIMA 2577",
    "locID": "LOC000067396001",
    "tech": "FTTP",
    "upgrade": "NULL_NA",
    "gnaf_pid": "GANSW712679363"
   }
  },
  {
   "type": "Feature",
   "geometry": {
    "type": "Point",
    "coordinates": [
     150.33693918,
     -34.50264311
    ]
   },
   "properties": {
    "name": "35 BRISBANE STREET NEW BERRIMA 2577",
    "locID": "LOC000048174652",
    "tech": "FTTP",
    "upgrade": "NULL_NA",
    "gnaf_pid": "GANSW712679365"
   }
  },
  {
   "type": "Feature",
   "geometry": {
    "type": "Point",
    "coordinates": [
     150.33646388,
     -34.50320931
    ]
   },
   "properties": {
    "name": "2 BRISBANE STREET NEW BERRIMA 2577",
    "locID": "LOC000025428046",
    "tech": "FTTN",
    "upgrade": "NULL_NA",
    "gnaf_pid": "GANSW712679374",
    "tech_change_status": "Not Planned"
   }
  },
  {
   "type": "Feature",
   "geometry": {
    "type": "Point",
    "coordinates": [
     150.33652362,
     -34.50471925
    ]
   },
   "properties": {
    "name": "7 BRISBANE STREET NEW BERRIMA 2577",
    "locID": "LOC000025428046",
    "tech": "FTTN",
    "upgrade": "NULL_NA",
    "gnaf_pid": "GANSW712679376",
    "tech_change_status": "Not Planned"
   }
  },
  {
   "type": "Feature",
   "geometry": {
    "type": "Point",
    "coordinates": [
     150.33657787,
     -34.50444818
    ]
   },
   "properties": {
    "name": "9 BRISBANE STREET NEW BERRIMA 2577",
    "locID": "LOC000103328210",
    "tech": "FTTN",
    "upgrade": "NULL_NA",
    "gnaf_pid": "GANSW712679377",
    "tech_change_status": "Not Planned"
   }
  },
  {
   "type": "Feature",
   "geometry": {
    "type": "Point",
    "coordinates": [
     150.33657787,
     -34.50444818
    ]
   },
   "properties": {
    "name": "11 BRISBANE STREET NEW BERRIMA 2577",
    "locID": "LOC000086851529",
    "tech": "FTTN",
    "upgrade": "NULL_NA",
    "gnaf_pid": "GANSW712679378",
    "tech_change_status": "Not Planned"
   }
  },
  {
   "type": "Feature",
   "geometry": {
    "type": "Point",
    "coordinates": [
     150.336605,
     -34.50431265
    ]
   },
   "properties": {
    "name": "13 BRISBANE STREET NEW BERRIMA 2577",
    "locID": "LOC000068878322",
    "tech": "FTTN",
    "upgrade": "NULL_NA",
    "gnaf_pid": "GANSW712679379",
    "tech_change_status": "Not Planned"
   }
  },
  {
   "type": "Feature",
   "geometry": {
    "type": "Point",
    "coordinates": [
     150.3367949,
     -34.50336389
    ]
   },
   "properties": {
    "name": "27 BRISBANE STREET NEW BERRIMA 2577",
    "locID": "LOC000020452573",
    "tech": "FTTN",
    "upgrade": "FTTP_SA",
    "gnaf_pid": "GANSW712679384",
    "tech_change_status": "Eligible to Order"
   }
  },
  {
   "type": "Feature",
   "geometry": {
    "type": "Point",
    "coordinates": [
     150.33679898,
     -34.50502558
    ]
   },
   "properties": {
    "name": "74 TAYLOR AVENUE NEW BERRIMA 2577",
    "locID": "LOC000077216809",
    "tech": "FTTN",
    "upgrade": "FTTP_SA",
    "gnaf_pid": "GANSW712682780",
    "tech_change_status": "Eligible to Order"
   }
  },
  {
   "type": "Feature",
   "geometry": {
    "type": "Point",
    "coordinates": [
     150.33663586,
     -34.50500007
    ]
   },
   "properties": {
    "name": "76 TAYLOR AVENUE NEW BERRIMA 2577",
    "locID": "LOC000014189603",
    "tech": "FTTN",
    "upgrade": "FTTP_SA",
    "gnaf_pid": "GANSW712682782",
    "tech_change_status": "Eligible to Order"
   }
  },
  {
   "type": "Feature",
   "geometry": {
    "type": "Point",
    "coordinates": [
     150.33226548,
     -34.50444917
    ]
   },
   "properties": {
    "name": "82 TAYLOR AVENUE NEW BERRIMA 2577",
    "locID": "LOC000101279731",
    "tech": "FTTP",
    "upgrade": "NULL_NA",
    "gnaf_pid": "GANSW712682786"
   }
  },
  {
   "type": "Feature",
   "geometry": {
    "type": "Point",
    "coordinates": [
     150.33562692,
     -34.50481469
    ]
   },
   "properties": {
    "name": "84 TAYLOR AVENUE NEW BERRIMA 2577",
    "locID": "LOC000042573332",
    "tech": "FTTP",
    "upgrade": "NULL_NA",
    "gnaf_pid": "GANSW712682788"
   }
  },
  {
   "type": "Feature",
   "geometry": {
    "type": "Point",
    "coordinates": [
     150.33543105,
     -34.5047837
    ]
   },
   "properties": {
    "name": "86 TAYLOR AVENUE NEW BERRIMA 2577",
    "locID": "LOC000049377174",
    "tech": "FTTN",
    "upgrade": "FTTP_SA",
    "gnaf_pid": "GANSW712682790",
    "tech_change_status": "Eligible to Order"
   }
  },
  {
   "type": "Feature",
   "geometry": {
    "type": "Point",
    "coordinates": [
     150.33226548,
     -34.50444917
    ]
   },
   "properties": {
    "name": "9 TAYLOR AVENUE NEW BERRIMA 2577",
    "locID": "LOC000106115837",
    "tech": "FTTP",
    "upgrade": "NULL_NA",
    "gnaf_pid": "GANSW712683048"
   }
  },
  {
   "type": "Feature",
   "geometry": {
    "type": "Point",
    "coordinates": [
     150.33226548,
     -34.50444917
    ]
   },
   "properties": {
    "name": "10 TAYLOR AVENUE NEW BERRIMA 2577",
    "locID": "LOC000039991440",
    "tech": "FTTN",
    "upgrade": "FTTP_SA",
    "gnaf_pid": "GANSW712683049",
    "tech_change_status": "Eligible to Order"
   }
  },
  {
   "type": "Feature",
   "geometry": {
    "type": "Point",
    "coordinates": [
     150.33226548,
     -34.50444917
    ]
   },
   "properties": {
    "name": "11 TAYLOR AVENUE NEW BERRIMA 2577",
    "locID": "LOC000018046961",
    "tech": "FTTN",
    "upgrade": "FTTP_SA",
    "gnaf_pid": "GANSW712683050",
    "tech_change_status": "Eligible to Order"
   }
  },
  {
   "type": "Feature",
   "geometry": {
    "type": "Point",
    "coordinates": [
     150.33226548,
     -34.50444917
    ]
   },
   "properties": {
    "name": "12 TAYLOR AVENUE NEW BERRIMA 2577",
    "locID": "LOC000148751766",
    "tech": "FTTP",
    "upgrade": "NULL_NA",
    "gnaf_pid": "GANSW712683051"
   }
  },
  {
   "type": "Feature",
   "geometry": {
    "type": "Point",
    "coordinates": [
     150.33226548,
     -34.50444917
    ]
   },
   "properties": {
    "name": "20 TAYLOR AVENUE NEW BERRIMA 2577",
    "locID": "LOC000150740009",
    "tech": "WIRELESS",
    "upgrade": "NULL_NA",
    "gnaf_pid": "GANSW712683059",
    "tech_change_status": "Not Planned",
    "program_type": "Fixed Wireless and Satellite Upgrade Program",
    "target_eligibility_quarter": "NA"
   }
  },
  {
   "type": "Feature",
   "geometry": {
    "type": "Point",
    "coordinates": [
     150.33226548,
     -34.50444917
    ]
   },
   "properties": {
    "name": "22 TAYLOR AVENUE NEW BERRIMA 2577",
    "locID": "LOC000065331962",
    "tech": "FTTN",
    "upgrade": "FTTP_SA",
    "gnaf_pid": "GANSW712683061",
    "tech_change_status": "Eligible to Order"
   }
  },
  {
   "type": "Feature",
   "geometry": {
    "type": "Point",
    "coordinates": [
     150.33226548,
     -34.50444917
    ]
   },
   "properties": {
    "name": "25 TAYLOR AVENUE NEW BERRIMA 2577",
    "locID": "LOC000148751766",
    "tech": "FTTP",
    "upgrade": "NULL_NA",
    "gnaf_pid": "GANSW712683063"
   }
  },
  {
   "type": "Feature",
   "geometry": {
    "type": "Point",
    "coordinates": [
     150.33226548,
     -34.50444917
    ]
   },
   "properties": {
    "name": "30 TAYLOR AVENUE NEW BERRIMA 2577",
    "locID": "LOC000062349403",
    "tech": "FTTN",
    "upgrade": "FTTP",
    "gnaf_pid": "GANSW712683068",
    "tech_change_status": "Eligible to Order"
   }
  },
  {
   "type": "Feature",
   "geometry": {
    "type": "Point",
    "coordinates": [
     150.33426248,
     -34.50371309
    ]
   },
   "properties": {
    "name": "13 SYDNEY STREET NEW BERRIMA 2577",
    "locID": "LOC000051632693",
    "tech": "FTTP",
    "upgrade": "NULL_NA",
    "gnaf_pid": "GANSW712683309"
   }
  },
  {
   "type": "Feature",
   "geometry": {
    "type": "Point",
    "coordinates": [
     150.33439814,
     -34.50303505
    ]
   },
   "properties": {
    "name": "23 SYDNEY STREET NEW BERRIMA 2577",
    "locID": "LOC000033304427",
    "tech": "FTTN",
    "upgrade": "FTTP_SA",
    "gnaf_pid": "GANSW712683314",
    "tech_change_status": "Eligible to Order"
   }
  },
  {
   "type": "Feature",
   "geometry": {
    "type": "Point",
    "coordinates": [
     150.33380756,
     -34.50268357
    ]
   },
   "properties": {
    "name": "24 SYDNEY STREET NEW BERRIMA 2577",
    "locID": "LOC000091560070",
    "tech": "FTTN",
    "upgrade": "FTTP_SA",
    "gnaf_pid": "GANSW712683315",
    "tech_change_status": "Eligible to Order"
   }
  },
  {
   "type": "Feature",
   "geometry": {
    "type": "Point",
    "coordinates": [
     150.33461082,
     -34.5019746
    ]
   },
   "properties": {
    "name": "37 SYDNEY STREET NEW BERRIMA 2577",
    "locID": "LOC000045403390",
    "tech": "FTTP",
    "upgrade": "NULL_NA",
    "gnaf_pid": "GANSW712686570"
   }
  },
  {
   "type": "Feature",
   "geometry": {
    "type": "Point",
    "coordinates": [
     150.33397138,
     -34.50153873
    ]
   },
   "properties": {
    "name": "40 SYDNEY STREET NEW BERRIMA 2577",
    "locID": "LOC000021537232",
    "tech": "FTTN",
    "upgrade": "FTTP_SA",
    "gnaf_pid": "GANSW712686571",
    "tech_change_status": "Eligible to Order"
   }
  },
  {
   "type": "Feature",
   "geometry": {
    "type": "Point",
    "coordinates": [
     150.33152904,
     -34.50143753
    ]
   },
   "properties": {
    "name": "28 HOWARD STREET NEW BERRIMA 2577",
    "locID": "LOC000002268042",
    "tech": "FTTN",
    "upgrade": "FTTP",
    "gnaf_pid": "GANSW713150661",
    "tech_change_status": "Eligible to Order"
   }
  },
  {
   "type": "Feature",
   "geometry": {
    "type": "Point",
    "coordinates": [
     150.33646388,
     -34.50320931
    ]
   },
   "properties": {
    "name": "4 BRISBANE STREET NEW BERRIMA 2577",
    "locID": "LOC000080690989",
    "tech": "FTTN",
    "upgrade": "FTTP_SA",
    "gnaf_pid": "GANSW713163436",
    "tech_change_status": "Eligible to Order"
   }
  },
  {
   "type": "Feature",
   "geometry": {
    "type": "Point",
    "coordinates": [
     150.33279303,
     -34.50309119
    ]
   },
   "properties": {
    "name": "LOT 40 ARGYLE STREET NEW BERRIMA 2577",
    "locID": "LOC000184453342",
    "tech": "FTTN",
    "upgrade": "FTTP_SA",
    "gnaf_pid": "GANSW715722586",
    "tech_change_status": "Eligible to Order"
   }
  },
  {
   "type": "Feature",
   "geometry": {
    "type": "Point",
    "coordinates": [
     150.33525526,
     -34.50606727
    ]
   },
   "properties": {
    "name": "LOT 481 HOSKINS AVENUE NEW BERRIMA 2577",
    "locID": "LOC000042573332",
    "tech": "FTTP",
    "upgrade": "NULL_NA",
    "gnaf_pid": "GANSW715906585"
   }
  },
  {
   "type": "Feature",
   "geometry": {
    "type": "Point",
    "coordinates": [
     150.33525526,
     -34.50606727
    ]
   },
   "properties": {
    "name": "LOT 483 HOSKINS AVENUE NEW BERRIMA 2577",
    "locID": "LOC000042573332",
    "tech": "FTTP",
    "upgrade": "NULL_NA",
    "gnaf_pid": "GANSW715906587"
   }
  },
  {
   "type": "Feature",
   "geometry": {
    "type": "Point",
    "coordinates": [
     150.33525526,
     -34.50606727
    ]
   },
   "properties": {
    "name": "LOT 485 HOSKINS AVENUE NEW BERRIMA 2577",
    "locID": "LOC000042573332",
    "tech": "FTTP",
    "upgrade": "NULL_NA",
    "gnaf_pid": "GANSW715906589"
   }
  },
  {
   "type": "Feature",
   "geometry": {
    "type": "Point",
    "coordinates": [
     150.33525526,
     -34.50606727
    ]
   },
   "properties": {
    "name": "LOT 487 HOSKINS AVENUE NEW BERRIMA 2577",
    "locID": "LOC000042573332",
    "tech": "FTTP",
    "upgrade": "NULL_NA",
    "gnaf_pid": "GANSW715906591"
   }
  },
  {
   "type": "Feature",
   "geometry": {
    "type": "Point",
    "coordinates": [
     150.33525526,
     -34.50606727
    ]
   },
   "properties": {
    "name": "LOT 489 HOSKINS AVENUE NEW BERRIMA 2577",
    "locID": "LOC000042573332",
    "tech": "FTTP",
    "upgrade": "NULL_NA",
    "gnaf_pid": "GANSW715906593"
   }
  },
  {
   "type": "Feature",
   "geometry": {
    "type": "Point",
    "coordinates": [
     150.33525526,
     -34.50606727
    ]
   },
   "properties": {
    "name": "LOT 491 HOSKINS AVENUE NEW BERRIMA 2577",
    "locID": "LOC000042573332",
    "tech": "FTTP",
    "upgrade": "NULL_NA",
    "gnaf_pid": "GANSW715906595"
   }
  },
  {
   "type": "Feature",
   "geometry": {
    "type": "Point",
    "coordinates": [
     150.33525526,
     -34.50606727
    ]
   },
   "properties": {
    "name": "LOT 524 HOSKINS AVENUE NEW BERRIMA 2577",
    "locID": "LOC000042573332",
    "tech": "FTTP",
    "upgrade": "NULL_NA",
    "gnaf_pid": "GANSW715906597"
   }
  },
  {
   "type": "Feature",
   "geometry": {
    "type": "Point",
    "coordinates": [
     150.33275288,
     -34.50516298
    ]
   },
   "properties": {
    "name": "1 ARGYLE STREET NEW BERRIMA 2577",
    "locID": "LOC000121363271",
    "tech": "FTTN",
    "upgrade": "FTTP_SA",
    "gnaf_pid": "GANSW716381726",
    "tech_change_status": "Eligible to Order"
   }
  },
  {
   "type": "Feature",
   "geometry": {
    "type": "Point",
    "coordinates": [
     150.33279303,
     -34.50309119
    ]
   },
   "properties": {
    "name": "LOT 42 ARGYLE STREET NEW BERRIMA 2577",
    "locID": "LOC000023757741",
    "tech": "FTTN",
    "upgrade": "FTTP",
    "gnaf_pid": "GANSW716645205",
    "tech_change_status": "Eligible to Order"
   }
  },
  {
   "type": "Feature",
   "geometry": {
    "type": "Point",
    "coordinates": [
     150.33525526,
     -34.50606727
    ]
   },
   "properties": {
    "name": "LOT 526 HOSKINS AVENUE NEW BERRIMA 2577",
    "locID": "LOC000042573332",
    "tech": "FTTP",
    "upgrade": "NULL_NA",
    "gnaf_pid": "GANSW716666335"
   }
  },
  {
   "type": "Feature",
   "geometry": {
    "type": "Point",
    "coordinates": [
     150.33525526,
     -34.50606727
    ]
   },
   "properties": {
    "name": "LOT 528 HOSKINS AVENUE NEW BERRIMA 2577",
    "locID": "LOC000042573332",
    "tech": "FTTP",
    "upgrade": "NULL_NA",
    "gnaf_pid": "GANSW716666336"
   }
  },
  {
   "type": "Feature",
   "geometry": {
    "type": "Point",
    "coordinates": [
     150.33525526,
     -34.50606727
    ]
   },
   "properties": {
    "name": "LOT 532 HOSKINS AVENUE NEW BERRIMA 2577",
    "locID": "LOC000042573332",
    "tech": "FTTP",
    "upgrade": "NULL_NA",
    "gnaf_pid": "GANSW716666337"
   }
  },
  {
   "type": "Feature",
   "geometry": {
    "type": "Point",
    "coordinates": [
     150.33525526,
     -34.50606727
    ]
   },
   "properties": {
    "name": "LOT 534 HOSKINS AVENUE NEW BERRIMA 2577",
    "locID": "LOC000042573332",
    "tech": "FTTP",
    "upgrade": "NULL_NA",
    "gnaf_pid": "GANSW716666338"
   }
  },
  {
   "type": "Feature",
   "geometry": {
    "type": "Point",
    "coordinates": [
     150.33525526,
     -34.50606727
    ]
   },
   "properties": {
    "name": "LOT 536 HOSKINS AVENUE NEW BERRIMA 2577",
    "locID": "LOC000042573332",
    "tech": "FTTP",
    "upgrade": "NULL_NA",
    "gnaf_pid": "GANSW716666339"
   }
  },
  {
   "type": "Feature",
   "geometry": {
    "type": "Point",
    "coordinates": [
     150.33525526,
     -34.50606727
    ]
   },
   "properties": {
    "name": "LOT 538 HOSKINS AVENUE NEW BERRIMA 2577",
    "locID": "LOC000042573332",
    "tech": "FTTP",
    "upgrade": "NULL_NA",
    "gnaf_pid": "GANSW716666340"
   }
  },
  {
   "type": "Feature",
   "geometry": {
    "type": "Point",
    "coordinates": [
     150.33525526,
     -34.50606727
    ]
   },
   "properties": {
    "name": "LOT 548 HOSKINS AVENUE NEW BERRIMA 2577",
    "locID": "LOC000042573332",
    "tech": "FTTP",
    "upgrade": "NULL_NA",
    "gnaf_pid": "GANSW716666341"
   }
  },
  {
   "type": "Feature",
   "geometry": {
    "type": "Point",
    "coordinates": [
     150.33525526,
     -34.50606727
    ]
   },
   "properties": {
    "name": "LOT 582 HOSKINS AVENUE NEW BERRIMA 2577",
    "locID": "LOC000042573332",
    "tech": "FTTP",
    "upgrade": "NULL_NA",
    "gnaf_pid": "GANSW716666342"
   }
  },
  {
   "type": "Feature",
   "geometry": {
    "type": "Point",
    "coordinates": [
     150.33525526,
     -34.50606727
    ]
   },
   "properties": {
    "name": "LOT 586 HOSKINS AVENUE NEW BERRIMA 2577",
    "locID": "LOC000042573332",
    "tech": "FTTP",
    "upgrade": "NULL_NA",
    "gnaf_pid": "GANSW716666343"
   }
  },
  {
   "type": "Feature",
   "geometry": {
    "type": "Point",
    "coordinates": [
     150.33172172,
     -34.5023042
    ]
   },
   "properties": {
    "name": "LOT 89 HOWARD STREET NEW BERRIMA 2577",
    "locID": "LOC000044174038",
    "tech": "FTTN",
    "upgrade": "FTTP",
    "gnaf_pid": "GANSW716666379",
    "tech_change_status": "Eligible to Order"
   }
  },
  {
   "type": "Feature",
   "geometry": {
    "type": "Point",
    "coordinates": [
     150.33223119,
     -34.50387903
    ]
   },
   "properties": {
    "name": "18 ARGYLE STREET NEW BERRIMA 2577",
    "locID": "LOC000121377079",
    "tech": "FTTP",
    "upgrade": "NULL_NA",
    "gnaf_pid": "GANSW718022626"
   }
  },
  {
   "type": "Feature",
   "geometry": {
    "type": "Point",
    "coordinates": [
     150.33225693,
     -34.5037433
    ]
   },
   "properties": {
    "name": "20 ARGYLE STREET NEW BERRIMA 2577",
    "locID": "LOC000121381363",
    "tech": "FTTN",
    "upgrade": "FTTP_SA",
    "gnaf_pid": "GANSW718022627",
    "tech_change_status": "Eligible to Order"
   }
  },
  {
   "type": "Feature",
   "geometry": {
    "type": "Point",
    "coordinates": [
     150.34918778,
     -34.51540891
    ]
   },
   "properties": {
    "name": "372 BERRIMA ROAD NEW BERRIMA 2577",
    "locID": "LOC000121372138",
    "tech": "FTTP",
    "upgrade": "NULL_NA",
    "gnaf_pid": "GANSW718258064"
   }
  },
  {
   "type": "Feature",
   "geometry": {
    "type": "Point",
    "coordinates": [
     150.33889066,
     -34.51081497
    ]
   },
   "properties": {
    "name": "475 BERRIMA ROAD NEW BERRIMA 2577",
    "locID": "LOC000121379229",
    "tech": "WIRELESS",
    "upgrade": "NULL_NA",
    "gnaf_pid": "GANSW718258065",
    "tech_change_status": "Not Planned",
    "program_type": "Fixed Wireless and Satellite Upgrade Program",
    "target_eligibility_quarter": "NA"
   }
  },
  {
   "type": "Feature",
   "geometry": {
    "type": "Point",
    "coordinates": [
     150.32775104,
     -34.50396088
    ]
   },
   "properties": {
    "name": "125 TAYLOR AVENUE NEW BERRIMA 2577",
    "locID": "LOC000148751766",
    "tech": "FTTP",
    "upgrade": "NULL_NA",
    "gnaf_pid": "GANSW718270295"
   }
  },
  {
   "type": "Feature",
   "geometry": {
    "type": "Point",
    "coordinates": [
     150.33213264,
     -34.50205229
    ]
   },
   "properties": {
    "name": "23-25 HOWARD STREET NEW BERRIMA 2577",
    "locID": "LOC000027859415",
    "tech": "FTTP",
    "upgrade": "NULL_NA",
    "gnaf_pid": "GANSW718411888"
   }
  },
  {
   "type": "Feature",
   "geometry": {
    "type": "Point",
    "coordinates": [
     150.32272429,
     -34.50205626
    ]
   },
   "properties": {
    "name": "201 TAYLOR AVENUE NEW BERRIMA 2577",
    "locID": "LOC000150740009",
    "tech": "WIRELESS",
    "upgrade": "NULL_NA",
    "gnaf_pid": "GANSW718426232",
    "tech_change_status": "Not Planned",
    "program_type": "Fixed Wireless and Satellite Upgrade Program",
    "target_eligibility_quarter": "NA"
   }
  },
  {
   "type": "Feature",
   "geometry": {
    "type": "Point",
    "coordinates": [
     150.33758636,
     -34.50514757
    ]
   },
   "properties": {
    "name": "66-68 TAYLOR AVENUE NEW BERRIMA 2577",
    "locID": "LOC000068351338",
    "tech": "FTTP",
    "upgrade": "NULL_NA",
    "gnaf_pid": "GANSW718535790"
   }
  },
  {
   "type": "Feature",
   "geometry": {
    "type": "Point",
    "coordinates": [
     150.33094637,
     -34.50359731
    ]
   },
   "properties": {
    "name": "114 TAYLOR AVENUE NEW BERRIMA 2577",
    "locID": "LOC000174941667",
    "tech": "FTTP",
    "upgrade": "NULL_NA",
    "gnaf_pid": "GANSW718733265"
   }
  },
  {
   "type": "Feature",
   "geometry": {
    "type": "Point",
    "coordinates": [
     150.33305158,
     -34.50364425
    ]
   },
   "properties": {
    "name": "27 ARGYLE STREET NEW BERRIMA 2577",
    "locID": "LOC000178591652",
    "tech": "FTTN",
    "upgrade": "FTTP_SA",
    "gnaf_pid": "GANSW718765348",
    "tech_change_status": "Eligible to Order"
   }
  },
  {
   "type": "Feature",
   "geometry": {
    "type": "Point",
    "coordinates": [
     150.33302446,
     -34.50377973
    ]
   },
   "properties": {
    "name": "25 ARGYLE STREET NEW BERRIMA 2577",
    "locID": "LOC000159462313",
    "tech": "FTTN",
    "upgrade": "FTTP_SA",
    "gnaf_pid": "GANSW718838052",
    "tech_change_status": "Eligible to Order"
   }
  },
  {
   "type": "Feature",
   "geometry": {
    "type": "Point",
    "coordinates": [
     150.33657787,
     -34.50444818
    ]
   },
   "properties": {
    "name": "9-11 BRISBANE STREET NEW BERRIMA 2577",
    "locID": "LOC000103328210",
    "tech": "FTTN",
    "upgrade": "NULL_NA",
    "gnaf_pid": "GANSW718919265",
    "tech_change_status": "Not Planned"
   }
  },
  {
   "type": "Feature",
   "geometry": {
    "type": "Point",
    "coordinates": [
     150.33258236,
     -34.50218364
    ]
   },
   "properties": {
    "name": "40 ARGYLE STREET NEW BERRIMA 2577",
    "locID": "LOC000184453342",
    "tech": "FTTN",
    "upgrade": "FTTP_SA",
    "gnaf_pid": "GANSW719686692",
    "tech_change_status": "Eligible to Order"
   }
  },
  {
   "type": "Feature",
   "geometry": {
    "type": "Point",
    "coordinates": [
     150.33478072,
     -34.50364453
    ]
   },
   "properties": {
    "name": "16A MELBOURNE STREET NEW BERRIMA 2577",
    "locID": "LOC000194591342",
    "tech": "FTTP",
    "upgrade": "NULL_NA",
    "gnaf_pid": "GANSW721172157"
   }
  },
  {
   "type": "Feature",
   "geometry": {
    "type": "Point",
    "coordinates": [
     150.33209692,
     -34.50225559
    ]
   },
   "properties": {
    "name": "21-25 HOWARD STREET NEW BERRIMA 2577",
    "locID": "LOC000012364897",
    "tech": "FTTN",
    "upgrade": "FTTP_SA",
    "gnaf_pid": "GANSW721583153",
    "tech_change_status": "Eligible to Order"
   }
  }
 ]
}