{
 "type": "FeatureCollection",
 "generated": "2025-02-15T17:11:50.116478",
 "suburb": "TAMINDA",
 "features": [
  {
   "type": "Feature",
   "geometry": {
    "type": "Point",
    "coordinates": [
     150.90995914,
     -31.08858258
    ]
   },
   "properties": {
    "name": "5 ANSON STREET TAMINDA 2340",
    "locID": "LOC000176712986",
    "tech": "FTTN",
    "upgrade": "FTTP_NA",
    "gnaf_pid": "GANSW706023530",
    "tech_change_status": "Committed",
    "program_type": "On-Demand N2P SDU/MDU Simple",
    "target_eligibility_quarter": "Dec 2025"
   }
  },
  {
   "type": "Feature",
   "geometry": {
    "type": "Point",
    "coordinates": [
     150.91061027,
     -31.08835362
    ]
   },
   "properties": {
    "name": "6 ANSON STREET TAMINDA 2340",
    "locID": "LOC000091871828",
    "tech": "FTTN",
    "upgrade": "FTTP_NA",
    "gnaf_pid": "GANSW706023531",
    "tech_change_status": "Committed",
    "program_type": "On-Demand N2P SDU/MDU Simple",
    "target_eligibility_quarter": "Dec 2025"
   }
  },
  {
   "type": "Feature",
   "geometry": {
    "type": "Point",
    "coordinates": [
     150.91001562,
     -31.08875391
    ]
   },
   "properties": {
    "name": "7 ANSON STREET TAMINDA 2340",
    "locID": "LOC000120858647",
    "tech": "FTTN",
    "upgrade": "FTTP_NA",
    "gnaf_pid": "GANSW706023532",
    "tech_change_status": "Committed",
    "program_type": "On-Demand N2P SDU/MDU Simple",
    "target_eligibility_quarter": "Dec 2025"
   }
  },
  {
   "type": "Feature",
   "geometry": {
    "type": "Point",
    "coordinates": [
     150.91013221,
     -31.08904305
    ]
   },
   "properties": {
    "name": "9-11 ANSON STREET TAMINDA 2340",
    "locID": "LOC000052855090",
    "tech": "FTTN",
    "upgrade": "FTTP_NA",
    "gnaf_pid": "GANSW706023533",
    "tech_change_status": "Committed",
    "program_type": "On-Demand N2P SDU/MDU Simple",
    "target_eligibility_quarter": "Dec 2025"
   }
  },
  {
   "type": "Feature",
   "geometry": {
    "type": "Point",
    "coordinates": [
     150.90980097,
     -31.0858274
    ]
   },
   "properties": {
    "name": "1-3 AVRO STREET TAMINDA 2340",
    "locID": "LOC000152344837",
    "tech": "FTTN",
    "upgrade": "FTTP_SA",
    "gnaf_pid": "GANSW706023534",
    "tech_change_status": "Eligible to Order",
    "program_type": "On-Demand N2P SDU/MDU Simple",
    "target_eligibility_quarter": "NA"
   }
  },
  {
   "type": "Feature",
   "geometry": {
    "type": "Point",
    "coordinates": [
     150.90980097,
     -31.0858274
    ]
   },
   "properties": {
    "name": "UNIT 3, 1 AVRO STREET TAMINDA 2340",
    "locID": "LOC000152344837",
    "tech": "FTTN",
    "upgrade": "FTTP_SA",
    "gnaf_pid": "GANSW706023537",
    "tech_change_status": "Eligible to Order",
    "program_type": "On-Demand N2P SDU/MDU Simple",
    "target_eligibility_quarter": "NA"
   }
  },
  {
   "type": "Feature",
   "geometry": {
    "type": "Point",
    "coordinates": [
     150.91123944,
     -31.08607855
    ]
   },
   "properties": {
    "name": "10 AVRO STREET TAMINDA 2340",
    "locID": "LOC000013069737",
    "tech": "FTTN",
    "upgrade": "FTTP_SA",
    "gnaf_pid": "GANSW706023538",
    "tech_change_status": "Eligible to Order",
    "program_type": "On-Demand N2P SDU/MDU Simple",
    "target_eligibility_quarter": "NA"
   }
  },
  {
   "type": "Feature",
   "geometry": {
    "type": "Point",
    "coordinates": [
     150.90421307,
     -31.09695261
    ]
   },
   "properties": {
    "name": "1 HINKLER ROAD TAMINDA 2340",
    "locID": "LOC000085958814",
    "tech": "FTTN",
    "upgrade": "FTTP_NA",
    "gnaf_pid": "GANSW706024097",
    "tech_change_status": "Committed",
    "program_type": "On-Demand N2P SDU/MDU Simple",
    "target_eligibility_quarter": "Dec 2025"
   }
  },
  {
   "type": "Feature",
   "geometry": {
    "type": "Point",
    "coordinates": [
     150.89197011,
     -31.09332589
    ]
   },
   "properties": {
    "name": "50-52 HUME STREET TAMINDA 2340",
    "locID": "LOC000120877387",
    "tech": "FTTN",
    "upgrade": "FTTP",
    "gnaf_pid": "GANSW706024127",
    "tech_change_status": "Eligible to Order",
    "program_type": "On-Demand N2P SDU/MDU Simple",
    "target_eligibility_quarter": "NA"
   }
  },
  {
   "type": "Feature",
   "geometry": {
    "type": "Point",
    "coordinates": [
     150.8982171,
     -31.09141722
    ]
   },
   "properties": {
    "name": "1 KINGSFORD SMITH STREET TAMINDA 2340",
    "locID": "LOC000093402071",
    "tech": "FTTN",
    "upgrade": "FTTP_SA",
    "gnaf_pid": "GANSW706024136",
    "tech_change_status": "Eligible to Order",
    "program_type": "On-Demand N2P SDU/MDU Simple",
    "target_eligibility_quarter": "NA"
   }
  },
  {
   "type": "Feature",
   "geometry": {
    "type": "Point",
    "coordinates": [
     150.89652071,
     -31.09187351
    ]
   },
   "properties": {
    "name": "10 KINGSFORD SMITH STREET TAMINDA 2340",
    "locID": "LOC000032069217",
    "tech": "FTTN",
    "upgrade": "FTTP_NA",
    "gnaf_pid": "GANSW706024137",
    "tech_change_status": "Committed",
    "program_type": "On-Demand N2P SDU/MDU Simple",
    "target_eligibility_quarter": "Dec 2025"
   }
  },
  {
   "type": "Feature",
   "geometry": {
    "type": "Point",
    "coordinates": [
     150.8961697,
     -31.09181799
    ]
   },
   "properties": {
    "name": "12 KINGSFORD SMITH STREET TAMINDA 2340",
    "locID": "LOC000016793981",
    "tech": "FTTN",
    "upgrade": "FTTP_NA",
    "gnaf_pid": "GANSW706024138",
    "tech_change_status": "Committed",
    "program_type": "On-Demand N2P SDU/MDU Simple",
    "target_eligibility_quarter": "Dec 2025"
   }
  },
  {
   "type": "Feature",
   "geometry": {
    "type": "Point",
    "coordinates": [
     150.89598344,
     -31.09111359
    ]
   },
   "properties": {
    "name": "17 KINGSFORD SMITH STREET TAMINDA 2340",
    "locID": "LOC000110111619",
    "tech": "FTTN",
    "upgrade": "FTTP_SA",
    "gnaf_pid": "GANSW706024139",
    "tech_change_status": "Eligible to Order",
    "program_type": "On-Demand N2P SDU/MDU Simple",
    "target_eligibility_quarter": "NA"
   }
  },
  {
   "type": "Feature",
   "geometry": {
    "type": "Point",
    "coordinates": [
     150.89564078,
     -31.09107869
    ]
   },
   "properties": {
    "name": "19 KINGSFORD SMITH STREET TAMINDA 2340",
    "locID": "LOC000032141588",
    "tech": "FTTN",
    "upgrade": "FTTP_SA",
    "gnaf_pid": "GANSW706024140",
    "tech_change_status": "Eligible to Order",
    "program_type": "On-Demand N2P SDU/MDU Simple",
    "target_eligibility_quarter": "NA"
   }
  },
  {
   "type": "Feature",
   "geometry": {
    "type": "Point",
    "coordinates": [
     150.89516293,
     -31.09109638
    ]
   },
   "properties": {
    "name": "21 KINGSFORD SMITH STREET TAMINDA 2340",
    "locID": "LOC000105964990",
    "tech": "FTTN",
    "upgrade": "FTTP_SA",
    "gnaf_pid": "GANSW706024141",
    "tech_change_status": "Eligible to Order",
    "program_type": "On-Demand N2P SDU/MDU Simple",
    "target_eligibility_quarter": "NA"
   }
  },
  {
   "type": "Feature",
   "geometry": {
    "type": "Point",
    "coordinates": [
     150.89496169,
     -31.09140668
    ]
   },
   "properties": {
    "name": "23 KINGSFORD SMITH STREET TAMINDA 2340",
    "locID": "LOC000082881482",
    "tech": "FTTN",
    "upgrade": "FTTP_SA",
    "gnaf_pid": "GANSW706024142",
    "tech_change_status": "Eligible to Order",
    "program_type": "On-Demand N2P SDU/MDU Simple",
    "target_eligibility_quarter": "NA"
   }
  },
  {
   "type": "Feature",
   "geometry": {
    "type": "Point",
    "coordinates": [
     150.90981304,
     -31.08957484
    ]
   },
   "properties": {
    "name": "26-28 LOCKHEED STREET TAMINDA 2340",
    "locID": "LOC000112142745",
    "tech": "FTTN",
    "upgrade": "FTTP_NA",
    "gnaf_pid": "GANSW706024143",
    "tech_change_status": "Committed",
    "program_type": "On-Demand N2P SDU/MDU Simple",
    "target_eligibility_quarter": "Dec 2025"
   }
  },
  {
   "type": "Feature",
   "geometry": {
    "type": "Point",
    "coordinates": [
     150.90997115,
     -31.08996998
    ]
   },
   "properties": {
    "name": "30 LOCKHEED STREET TAMINDA 2340",
    "locID": "LOC000113701912",
    "tech": "FTTN",
    "upgrade": "FTTP_SA",
    "gnaf_pid": "GANSW706024144",
    "tech_change_status": "Eligible to Order",
    "program_type": "On-Demand N2P SDU/MDU Simple",
    "target_eligibility_quarter": "NA"
   }
  },
  {
   "type": "Feature",
   "geometry": {
    "type": "Point",
    "coordinates": [
     150.91106245,
     -31.09053996
    ]
   },
   "properties": {
    "name": "32-44 LOCKHEED STREET TAMINDA 2340",
    "locID": "LOC000111608916",
    "tech": "FTTN",
    "upgrade": "FTTP_NA",
    "gnaf_pid": "GANSW706024145",
    "tech_change_status": "Committed",
    "program_type": "On-Demand N2P SDU/MDU Simple",
    "target_eligibility_quarter": "Dec 2025"
   }
  },
  {
   "type": "Feature",
   "geometry": {
    "type": "Point",
    "coordinates": [
     150.909108,
     -31.09066859
    ]
   },
   "properties": {
    "name": "7 LOCKHEED STREET TAMINDA 2340",
    "locID": "LOC000184627755",
    "tech": "FTTP",
    "upgrade": "FTTP_NA",
    "gnaf_pid": "GANSW706024146",
    "tech_change_status": "Previous Tech Disconnected",
    "program_type": "On-Demand N2P SDU/MDU Simple",
    "target_eligibility_quarter": "NA"
   }
  },
  {
   "type": "Feature",
   "geometry": {
    "type": "Point",
    "coordinates": [
     150.90119736,
     -31.09715706
    ]
   },
   "properties": {
    "name": "11 MACINTOSH STREET TAMINDA 2340",
    "locID": "LOC000105946997",
    "tech": "FTTP",
    "upgrade": "FTTP_NA",
    "gnaf_pid": "GANSW706024148",
    "tech_change_status": "Previous Tech Disconnected",
    "program_type": "On-Demand N2P SDU/MDU Simple",
    "target_eligibility_quarter": "NA"
   }
  },
  {
   "type": "Feature",
   "geometry": {
    "type": "Point",
    "coordinates": [
     150.90143135,
     -31.09706936
    ]
   },
   "properties": {
    "name": "13 MACINTOSH STREET TAMINDA 2340",
    "locID": "LOC000093116635",
    "tech": "FTTP",
    "upgrade": "FTTP_NA",
    "gnaf_pid": "GANSW706024149",
    "tech_change_status": "Previous Tech Disconnected",
    "program_type": "On-Demand N2P SDU/MDU Simple",
    "target_eligibility_quarter": "NA"
   }
  },
  {
   "type": "Feature",
   "geometry": {
    "type": "Point",
    "coordinates": [
     150.90165611,
     -31.09698512
    ]
   },
   "properties": {
    "name": "15 MACINTOSH STREET TAMINDA 2340",
    "locID": "LOC000027252094",
    "tech": "FTTP",
    "upgrade": "FTTP_NA",
    "gnaf_pid": "GANSW706024150",
    "tech_change_status": "Previous Tech Disconnected",
    "program_type": "On-Demand N2P SDU/MDU Simple",
    "target_eligibility_quarter": "NA"
   }
  },
  {
   "type": "Feature",
   "geometry": {
    "type": "Point",
    "coordinates": [
     150.90069272,
     -31.09670866
    ]
   },
   "properties": {
    "name": "16 MACINTOSH STREET TAMINDA 2340",
    "locID": "LOC000013972879",
    "tech": "FTTN",
    "upgrade": "FTTP_SA",
    "gnaf_pid": "GANSW706024151",
    "tech_change_status": "Eligible to Order",
    "program_type": "On-Demand N2P SDU/MDU Simple",
    "target_eligibility_quarter": "NA"
   }
  },
  {
   "type": "Feature",
   "geometry": {
    "type": "Point",
    "coordinates": [
     150.90188607,
     -31.09689893
    ]
   },
   "properties": {
    "name": "17 MACINTOSH STREET TAMINDA 2340",
    "locID": "LOC000027211941",
    "tech": "FTTP",
    "upgrade": "FTTP_NA",
    "gnaf_pid": "GANSW706024152",
    "tech_change_status": "Previous Tech Disconnected",
    "program_type": "On-Demand N2P SDU/MDU Simple",
    "target_eligibility_quarter": "NA"
   }
  },
  {
   "type": "Feature",
   "geometry": {
    "type": "Point",
    "coordinates": [
     150.90099375,
     -31.09652452
    ]
   },
   "properties": {
    "name": "18 MACINTOSH STREET TAMINDA 2340",
    "locID": "LOC000017584758",
    "tech": "FTTN",
    "upgrade": "FTTP_SA",
    "gnaf_pid": "GANSW706024153",
    "tech_change_status": "Eligible to Order",
    "program_type": "On-Demand N2P SDU/MDU Simple",
    "target_eligibility_quarter": "NA"
   }
  },
  {
   "type": "Feature",
   "geometry": {
    "type": "Point",
    "coordinates": [
     150.90188137,
     -31.09627655
    ]
   },
   "properties": {
    "name": "19 MACINTOSH STREET TAMINDA 2340",
    "locID": "LOC000019965612",
    "tech": "FTTN",
    "upgrade": "FTTP_SA",
    "gnaf_pid": "GANSW706024154",
    "tech_change_status": "Eligible to Order",
    "program_type": "On-Demand N2P SDU/MDU Simple",
    "target_eligibility_quarter": "NA"
   }
  },
  {
   "type": "Feature",
   "geometry": {
    "type": "Point",
    "coordinates": [
     150.90117516,
     -31.096426
    ]
   },
   "properties": {
    "name": "20 MACINTOSH STREET TAMINDA 2340",
    "locID": "LOC000030472692",
    "tech": "FTTN",
    "upgrade": "FTTP_SA",
    "gnaf_pid": "GANSW706024155",
    "tech_change_status": "Eligible to Order",
    "program_type": "On-Demand N2P SDU/MDU Simple",
    "target_eligibility_quarter": "NA"
   }
  },
  {
   "type": "Feature",
   "geometry": {
    "type": "Point",
    "coordinates": [
     150.9014076,
     -31.09635999
    ]
   },
   "properties": {
    "name": "22 MACINTOSH STREET TAMINDA 2340",
    "locID": "LOC000027211941",
    "tech": "FTTP",
    "upgrade": "FTTP_NA",
    "gnaf_pid": "GANSW706024156",
    "tech_change_status": "Previous Tech Disconnected",
    "program_type": "On-Demand N2P SDU/MDU Simple",
    "target_eligibility_quarter": "NA"
   }
  },
  {
   "type": "Feature",
   "geometry": {
    "type": "Point",
    "coordinates": [
     150.90110503,
     -31.0978266
    ]
   },
   "properties": {
    "name": "3 MACINTOSH STREET TAMINDA 2340",
    "locID": "LOC000003948021",
    "tech": "FTTN",
    "upgrade": "FTTP_NA",
    "gnaf_pid": "GANSW706024157",
    "tech_change_status": "Committed",
    "program_type": "On-Demand N2P SDU/MDU Simple",
    "target_eligibility_quarter": "Dec 2025"
   }
  },
  {
   "type": "Feature",
   "geometry": {
    "type": "Point",
    "coordinates": [
     150.90030754,
     -31.0980927
    ]
   },
   "properties": {
    "name": "4 MACINTOSH STREET TAMINDA 2340",
    "locID": "LOC000065421490",
    "tech": "FTTN",
    "upgrade": "FTTP_SA",
    "gnaf_pid": "GANSW706024158",
    "tech_change_status": "Eligible to Order",
    "program_type": "On-Demand N2P SDU/MDU Simple",
    "target_eligibility_quarter": "NA"
   }
  },
  {
   "type": "Feature",
   "geometry": {
    "type": "Point",
    "coordinates": [
     150.90098778,
     -31.09761975
    ]
   },
   "properties": {
    "name": "5 MACINTOSH STREET TAMINDA 2340",
    "locID": "LOC000016246597",
    "tech": "FTTP",
    "upgrade": "FTTP_NA",
    "gnaf_pid": "GANSW706024159",
    "tech_change_status": "Previous Tech Disconnected",
    "program_type": "On-Demand N2P SDU/MDU Simple",
    "target_eligibility_quarter": "NA"
   }
  },
  {
   "type": "Feature",
   "geometry": {
    "type": "Point",
    "coordinates": [
     150.91061466,
     -31.0880313
    ]
   },
   "properties": {
    "name": "82 PLAIN STREET TAMINDA 2340",
    "locID": "LOC000039723670",
    "tech": "FTTP",
    "upgrade": "FTTP_NA",
    "gnaf_pid": "GANSW706024175",
    "tech_change_status": "Eligible to Order",
    "program_type": "On-Demand N2P SDU/MDU Simple",
    "target_eligibility_quarter": "NA"
   }
  },
  {
   "type": "Feature",
   "geometry": {
    "type": "Point",
    "coordinates": [
     150.90916063,
     -31.08759601
    ]
   },
   "properties": {
    "name": "83-89 PLAIN STREET TAMINDA 2340",
    "locID": "LOC000023810750",
    "tech": "FTTP",
    "upgrade": "FTTP_NA",
    "gnaf_pid": "GANSW706024176",
    "tech_change_status": "Previous Tech Disconnected",
    "program_type": "On-Demand N2P SDU/MDU Simple",
    "target_eligibility_quarter": "NA"
   }
  },
  {
   "type": "Feature",
   "geometry": {
    "type": "Point",
    "coordinates": [
     150.91038191,
     -31.08810165
    ]
   },
   "properties": {
    "name": "84 PLAIN STREET TAMINDA 2340",
    "locID": "LOC000030946854",
    "tech": "FTTN",
    "upgrade": "FTTP_NA",
    "gnaf_pid": "GANSW706024177",
    "tech_change_status": "Committed",
    "program_type": "On-Demand N2P SDU/MDU Simple",
    "target_eligibility_quarter": "Dec 2025"
   }
  },
  {
   "type": "Feature",
   "geometry": {
    "type": "Point",
    "coordinates": [
     150.90833865,
     -31.09373826
    ]
   },
   "properties": {
    "name": "17 SHOWGROUND ROAD TAMINDA 2340",
    "locID": "LOC000025121408",
    "tech": "FTTN",
    "upgrade": "FTTP_SA",
    "gnaf_pid": "GANSW706024178",
    "tech_change_status": "Eligible to Order",
    "program_type": "On-Demand N2P SDU/MDU Simple",
    "target_eligibility_quarter": "NA"
   }
  },
  {
   "type": "Feature",
   "geometry": {
    "type": "Point",
    "coordinates": [
     150.90878516,
     -31.09323674
    ]
   },
   "properties": {
    "name": "19 SHOWGROUND ROAD TAMINDA 2340",
    "locID": "LOC000075725959",
    "tech": "FTTN",
    "upgrade": "FTTP_NA",
    "gnaf_pid": "GANSW706024179",
    "tech_change_status": "MDU Complex Eligible To Apply",
    "program_type": "Customer-initiated N2P MDU Complex"
   }
  },
  {
   "type": "Feature",
   "geometry": {
    "type": "Point",
    "coordinates": [
     150.90827446,
     -31.09464316
    ]
   },
   "properties": {
    "name": "2-20 SHOWGROUND ROAD TAMINDA 2340",
    "locID": "LOC000085757137",
    "tech": "FTTP",
    "upgrade": "FTTP_NA",
    "gnaf_pid": "GANSW706024180",
    "tech_change_status": "Previous Tech Disconnected",
    "program_type": "On-Demand N2P SDU/MDU Simple",
    "target_eligibility_quarter": "NA"
   }
  },
  {
   "type": "Feature",
   "geometry": {
    "type": "Point",
    "coordinates": [
     150.90803713,
     -31.09338614
    ]
   },
   "properties": {
    "name": "21 SHOWGROUND ROAD TAMINDA 2340",
    "locID": "LOC000045701757",
    "tech": "FTTN",
    "upgrade": "FTTP_SA",
    "gnaf_pid": "GANSW706027376",
    "tech_change_status": "Eligible to Order",
    "program_type": "On-Demand N2P SDU/MDU Simple",
    "target_eligibility_quarter": "NA"
   }
  },
  {
   "type": "Feature",
   "geometry": {
    "type": "Point",
    "coordinates": [
     150.90795341,
     -31.09292372
    ]
   },
   "properties": {
    "name": "23 SHOWGROUND ROAD TAMINDA 2340",
    "locID": "LOC000069222299",
    "tech": "FTTP",
    "upgrade": "FTTP_NA",
    "gnaf_pid": "GANSW706027378",
    "tech_change_status": "Previous Tech Disconnected",
    "program_type": "On-Demand N2P SDU/MDU Simple",
    "target_eligibility_quarter": "NA"
   }
  },
  {
   "type": "Feature",
   "geometry": {
    "type": "Point",
    "coordinates": [
     150.90513019,
     -31.09226976
    ]
   },
   "properties": {
    "name": "45 SHOWGROUND ROAD TAMINDA 2340",
    "locID": "LOC000015610248",
    "tech": "FTTN",
    "upgrade": "FTTP_SA",
    "gnaf_pid": "GANSW706027380",
    "tech_change_status": "Eligible to Order",
    "program_type": "On-Demand N2P SDU/MDU Simple",
    "target_eligibility_quarter": "NA"
   }
  },
  {
   "type": "Feature",
   "geometry": {
    "type": "Point",
    "coordinates": [
     150.90520395,
     -31.09108043
    ]
   },
   "properties": {
    "name": "47 SHOWGROUND ROAD TAMINDA 2340",
    "locID": "LOC000032863666",
    "tech": "FTTP",
    "upgrade": "FTTP_NA",
    "gnaf_pid": "GANSW706027381",
    "tech_change_status": "Eligible to Order",
    "program_type": "On-Demand N2P SDU/MDU Simple",
    "target_eligibility_quarter": "NA"
   }
  },
  {
   "type": "Feature",
   "geometry": {
    "type": "Point",
    "coordinates": [
     150.91350638,
     -31.08972078
    ]
   },
   "properties": {
    "name": "33 BARNES STREET TAMINDA 2340",
    "locID": "LOC000043423608",
    "tech": "FTTN",
    "upgrade": "FTTP_NA",
    "gnaf_pid": "GANSW706030758",
    "tech_change_status": "Committed",
    "program_type": "On-Demand N2P SDU/MDU Simple",
    "target_eligibility_quarter": "Dec 2025"
   }
  },
  {
   "type": "Feature",
   "geometry": {
    "type": "Point",
    "coordinates": [
     150.91362783,
     -31.09062095
    ]
   },
   "properties": {
    "name": "34 BARNES STREET TAMINDA 2340",
    "locID": "LOC000074527274",
    "tech": "FTTN",
    "upgrade": "FTTP_NA",
    "gnaf_pid": "GANSW706030759",
    "tech_change_status": "Committed",
    "program_type": "On-Demand N2P SDU/MDU Simple",
    "target_eligibility_quarter": "Dec 2025"
   }
  },
  {
   "type": "Feature",
   "geometry": {
    "type": "Point",
    "coordinates": [
     150.91330835,
     -31.08991606
    ]
   },
   "properties": {
    "name": "35 BARNES STREET TAMINDA 2340",
    "locID": "LOC000050144545",
    "tech": "FTTN",
    "upgrade": "FTTP_NA",
    "gnaf_pid": "GANSW706030760",
    "tech_change_status": "Committed",
    "program_type": "On-Demand N2P SDU/MDU Simple",
    "target_eligibility_quarter": "Dec 2025"
   }
  },
  {
   "type": "Feature",
   "geometry": {
    "type": "Point",
    "coordinates": [
     150.91348604,
     -31.09091096
    ]
   },
   "properties": {
    "name": "36 BARNES STREET TAMINDA 2340",
    "locID": "LOC000016250641",
    "tech": "FTTN",
    "upgrade": "FTTP_SA",
    "gnaf_pid": "GANSW706030761",
    "tech_change_status": "Eligible to Order",
    "program_type": "On-Demand N2P SDU/MDU Simple",
    "target_eligibility_quarter": "NA"
   }
  },
  {
   "type": "Feature",
   "geometry": {
    "type": "Point",
    "coordinates": [
     150.89125147,
     -31.09319794
    ]
   },
   "properties": {
    "name": "60 HUME STREET TAMINDA 2340",
    "locID": "LOC000120852338",
    "tech": "FTTN",
    "upgrade": "FTTP_SA",
    "gnaf_pid": "GANSW706033981",
    "tech_change_status": "Eligible to Order",
    "program_type": "On-Demand N2P SDU/MDU Simple",
    "target_eligibility_quarter": "NA"
   }
  },
  {
   "type": "Feature",
   "geometry": {
    "type": "Point",
    "coordinates": [
     150.89675804,
     -31.09502143
    ]
   },
   "properties": {
    "name": "7-11 HUME STREET TAMINDA 2340",
    "locID": "LOC000052733745",
    "tech": "FTTN",
    "upgrade": "FTTP_SA",
    "gnaf_pid": "GANSW706033982",
    "tech_change_status": "Eligible to Order",
    "program_type": "On-Demand N2P SDU/MDU Simple",
    "target_eligibility_quarter": "NA"
   }
  },
  {
   "type": "Feature",
   "geometry": {
    "type": "Point",
    "coordinates": [
     150.90909108,
     -31.08677501
    ]
   },
   "properties": {
    "name": "2A JEWRY STREET TAMINDA 2340",
    "locID": "LOC000120879964",
    "tech": "FTTN",
    "upgrade": "FTTP_NA",
    "gnaf_pid": "GANSW706033983",
    "tech_change_status": "Committed",
    "program_type": "On-Demand N2P SDU/MDU Simple",
    "target_eligibility_quarter": "Dec 2025"
   }
  },
  {
   "type": "Feature",
   "geometry": {
    "type": "Point",
    "coordinates": [
     150.90938602,
     -31.0864462
    ]
   },
   "properties": {
    "name": "2C JEWRY STREET TAMINDA 2340",
    "locID": "LOC000120880012",
    "tech": "FTTN",
    "upgrade": "FTTP_NA",
    "gnaf_pid": "GANSW706033984",
    "tech_change_status": "Committed",
    "program_type": "On-Demand N2P SDU/MDU Simple",
    "target_eligibility_quarter": "Dec 2025"
   }
  },
  {
   "type": "Feature",
   "geometry": {
    "type": "Point",
    "coordinates": [
     150.89012012,
     -31.09734467
    ]
   },
   "properties": {
    "name": "2 BASS STREET TAMINDA 2340",
    "locID": "LOC000007209135",
    "tech": "FTTP",
    "upgrade": "FTTP_NA",
    "gnaf_pid": "GANSW706033986",
    "tech_change_status": "Previous Tech Disconnected",
    "program_type": "On-Demand N2P SDU/MDU Simple",
    "target_eligibility_quarter": "NA"
   }
  },
  {
   "type": "Feature",
   "geometry": {
    "type": "Point",
    "coordinates": [
     150.91165131,
     -31.08458033
    ]
   },
   "properties": {
    "name": "1-5 BELMORE STREET TAMINDA 2340",
    "locID": "LOC000016726206",
    "tech": "FTTN",
    "upgrade": "FTTP_SA",
    "gnaf_pid": "GANSW706033993",
    "tech_change_status": "Eligible to Order",
    "program_type": "On-Demand N2P SDU/MDU Simple",
    "target_eligibility_quarter": "NA"
   }
  },
  {
   "type": "Feature",
   "geometry": {
    "type": "Point",
    "coordinates": [
     150.91449117,
     -31.08788423
    ]
   },
   "properties": {
    "name": "14 BELMORE STREET TAMINDA 2340",
    "locID": "LOC000079678237",
    "tech": "FTTN",
    "upgrade": "FTTP_SA",
    "gnaf_pid": "GANSW706033995",
    "tech_change_status": "Eligible to Order",
    "program_type": "On-Demand N2P SDU/MDU Simple",
    "target_eligibility_quarter": "NA"
   }
  },
  {
   "type": "Feature",
   "geometry": {
    "type": "Point",
    "coordinates": [
     150.91454386,
     -31.08802361
    ]
   },
   "properties": {
    "name": "16 BELMORE STREET TAMINDA 2340",
    "locID": "LOC000064541586",
    "tech": "FTTN",
    "upgrade": "FTTP_SA",
    "gnaf_pid": "GANSW706033996",
    "tech_change_status": "Eligible to Order",
    "program_type": "On-Demand N2P SDU/MDU Simple",
    "target_eligibility_quarter": "NA"
   }
  },
  {
   "type": "Feature",
   "geometry": {
    "type": "Point",
    "coordinates": [
     150.91326855,
     -31.08724406
    ]
   },
   "properties": {
    "name": "17 BELMORE STREET TAMINDA 2340",
    "locID": "LOC000152344761",
    "tech": "FTTN",
    "upgrade": "FTTP",
    "gnaf_pid": "GANSW706033997",
    "tech_change_status": "Eligible to Order",
    "program_type": "On-Demand N2P SDU/MDU Simple",
    "target_eligibility_quarter": "NA"
   }
  },
  {
   "type": "Feature",
   "geometry": {
    "type": "Point",
    "coordinates": [
     150.91460205,
     -31.08816445
    ]
   },
   "properties": {
    "name": "18 BELMORE STREET TAMINDA 2340",
    "locID": "LOC000034569351",
    "tech": "FTTN",
    "upgrade": "FTTP_SA",
    "gnaf_pid": "GANSW706033998",
    "tech_change_status": "Eligible to Order",
    "program_type": "On-Demand N2P SDU/MDU Simple",
    "target_eligibility_quarter": "NA"
   }
  },
  {
   "type": "Feature",
   "geometry": {
    "type": "Point",
    "coordinates": [
     150.91409202,
     -31.08688873
    ]
   },
   "properties": {
    "name": "2 BELMORE STREET TAMINDA 2340",
    "locID": "LOC000048110013",
    "tech": "FTTN",
    "upgrade": "FTTP_SA",
    "gnaf_pid": "GANSW706033999",
    "tech_change_status": "Eligible to Order",
    "program_type": "On-Demand N2P SDU/MDU Simple",
    "target_eligibility_quarter": "NA"
   }
  },
  {
   "type": "Feature",
   "geometry": {
    "type": "Point",
    "coordinates": [
     150.89410086,
     -31.09574632
    ]
   },
   "properties": {
    "name": "22-24 COOK STREET TAMINDA 2340",
    "locID": "LOC000099257239",
    "tech": "FTTP",
    "upgrade": "FTTP_NA",
    "gnaf_pid": "GANSW706034000",
    "tech_change_status": "Previous Tech Disconnected",
    "program_type": "On-Demand N2P SDU/MDU Simple",
    "target_eligibility_quarter": "NA"
   }
  },
  {
   "type": "Feature",
   "geometry": {
    "type": "Point",
    "coordinates": [
     150.89415714,
     -31.09543435
    ]
   },
   "properties": {
    "name": "26-28 COOK STREET TAMINDA 2340",
    "locID": "LOC000083203680",
    "tech": "FTTP",
    "upgrade": "FTTP_NA",
    "gnaf_pid": "GANSW706034001",
    "tech_change_status": "Previous Tech Disconnected",
    "program_type": "On-Demand N2P SDU/MDU Simple",
    "target_eligibility_quarter": "NA"
   }
  },
  {
   "type": "Feature",
   "geometry": {
    "type": "Point",
    "coordinates": [
     150.89423531,
     -31.09483939
    ]
   },
   "properties": {
    "name": "30-32 COOK STREET TAMINDA 2340",
    "locID": "LOC000023009919",
    "tech": "FTTP",
    "upgrade": "FTTP_NA",
    "gnaf_pid": "GANSW706034002",
    "tech_change_status": "Eligible to Order",
    "program_type": "On-Demand N2P SDU/MDU Simple",
    "target_eligibility_quarter": "NA"
   }
  },
  {
   "type": "Feature",
   "geometry": {
    "type": "Point",
    "coordinates": [
     150.89432514,
     -31.09410274
    ]
   },
   "properties": {
    "name": "38 COOK STREET TAMINDA 2340",
    "locID": "LOC000005096468",
    "tech": "FTTN",
    "upgrade": "FTTP_SA",
    "gnaf_pid": "GANSW706034003",
    "tech_change_status": "Eligible to Order",
    "program_type": "On-Demand N2P SDU/MDU Simple",
    "target_eligibility_quarter": "NA"
   }
  },
  {
   "type": "Feature",
   "geometry": {
    "type": "Point",
    "coordinates": [
     150.89371616,
     -31.09738591
    ]
   },
   "properties": {
    "name": "4 COOK STREET TAMINDA 2340",
    "locID": "LOC000109813877",
    "tech": "FTTN",
    "upgrade": "FTTP_SA",
    "gnaf_pid": "GANSW706034004",
    "tech_change_status": "Eligible to Order",
    "program_type": "On-Demand N2P SDU/MDU Simple",
    "target_eligibility_quarter": "NA"
   }
  },
  {
   "type": "Feature",
   "geometry": {
    "type": "Point",
    "coordinates": [
     150.89423573,
     -31.09385993
    ]
   },
   "properties": {
    "name": "40 COOK STREET TAMINDA 2340",
    "locID": "LOC000087049422",
    "tech": "FTTN",
    "upgrade": "FTTP_SA",
    "gnaf_pid": "GANSW706034005",
    "tech_change_status": "Eligible to Order",
    "program_type": "On-Demand N2P SDU/MDU Simple",
    "target_eligibility_quarter": "NA"
   }
  },
  {
   "type": "Feature",
   "geometry": {
    "type": "Point",
    "coordinates": [
     150.89378452,
     -31.09700921
    ]
   },
   "properties": {
    "name": "6-10 COOK STREET TAMINDA 2340",
    "locID": "LOC000077698545",
    "tech": "FTTN",
    "upgrade": "FTTP_SA",
    "gnaf_pid": "GANSW706034006",
    "tech_change_status": "Eligible to Order",
    "program_type": "On-Demand N2P SDU/MDU Simple",
    "target_eligibility_quarter": "NA"
   }
  },
  {
   "type": "Feature",
   "geometry": {
    "type": "Point",
    "coordinates": [
     150.89270351,
     -31.09673984
    ]
   },
   "properties": {
    "name": "9-11 COOK STREET TAMINDA 2340",
    "locID": "LOC000097990178",
    "tech": "FTTN",
    "upgrade": "FTTP_SA",
    "gnaf_pid": "GANSW706034007",
    "tech_change_status": "Eligible to Order",
    "program_type": "On-Demand N2P SDU/MDU Simple",
    "target_eligibility_quarter": "NA"
   }
  },
  {
   "type": "Feature",
   "geometry": {
    "type": "Point",
    "coordinates": [
     150.915886,
     -31.08641634
    ]
   },
   "properties": {
    "name": "1 CROWN STREET TAMINDA 2340",
    "locID": "LOC000176134693",
    "tech": "FTTN",
    "upgrade": "FTTP_NA",
    "gnaf_pid": "GANSW706034008",
    "tech_change_status": "MDU Complex Eligible To Apply",
    "program_type": "Customer-initiated N2P MDU Complex"
   }
  },
  {
   "type": "Feature",
   "geometry": {
    "type": "Point",
    "coordinates": [
     150.91764213,
     -31.08859571
    ]
   },
   "properties": {
    "name": "20 CROWN STREET TAMINDA 2340",
    "locID": "LOC000176134693",
    "tech": "FTTN",
    "upgrade": "FTTP_NA",
    "gnaf_pid": "GANSW706034010",
    "tech_change_status": "MDU Complex Eligible To Apply",
    "program_type": "Customer-initiated N2P MDU Complex"
   }
  },
  {
   "type": "Feature",
   "geometry": {
    "type": "Point",
    "coordinates": [
     150.9167051,
     -31.08838994
    ]
   },
   "properties": {
    "name": "25 CROWN STREET TAMINDA 2340",
    "locID": "LOC000029157598",
    "tech": "FTTN",
    "upgrade": "FTTP_SA",
    "gnaf_pid": "GANSW706034012",
    "tech_change_status": "Eligible to Order",
    "program_type": "On-Demand N2P SDU/MDU Simple",
    "target_eligibility_quarter": "NA"
   }
  },
  {
   "type": "Feature",
   "geometry": {
    "type": "Point",
    "coordinates": [
     150.91677781,
     -31.08856513
    ]
   },
   "properties": {
    "name": "27 CROWN STREET TAMINDA 2340",
    "locID": "LOC000022141699",
    "tech": "FTTN",
    "upgrade": "FTTP_SA",
    "gnaf_pid": "GANSW706034013",
    "tech_change_status": "Eligible to Order",
    "program_type": "On-Demand N2P SDU/MDU Simple",
    "target_eligibility_quarter": "NA"
   }
  },
  {
   "type": "Feature",
   "geometry": {
    "type": "Point",
    "coordinates": [
     150.89705607,
     -31.09714388
    ]
   },
   "properties": {
    "name": "11 DAMPIER STREET TAMINDA 2340",
    "locID": "LOC000098489675",
    "tech": "FTTN",
    "upgrade": "FTTP_NA",
    "gnaf_pid": "GANSW706034015",
    "tech_change_status": "Committed",
    "program_type": "On-Demand N2P SDU/MDU Simple",
    "target_eligibility_quarter": "Dec 2025"
   }
  },
  {
   "type": "Feature",
   "geometry": {
    "type": "Point",
    "coordinates": [
     150.89668341,
     -31.09677853
    ]
   },
   "properties": {
    "name": "13 DAMPIER STREET TAMINDA 2340",
    "locID": "LOC000038219489",
    "tech": "FTTN",
    "upgrade": "FTTP_NA",
    "gnaf_pid": "GANSW706034016",
    "tech_change_status": "Committed",
    "program_type": "On-Demand N2P SDU/MDU Simple",
    "target_eligibility_quarter": "Dec 2025"
   }
  },
  {
   "type": "Feature",
   "geometry": {
    "type": "Point",
    "coordinates": [
     150.89715997,
     -31.09673328
    ]
   },
   "properties": {
    "name": "15 DAMPIER STREET TAMINDA 2340",
    "locID": "LOC000096978501",
    "tech": "FTTP",
    "upgrade": "FTTP_NA",
    "gnaf_pid": "GANSW706034017",
    "tech_change_status": "Previous Tech Disconnected",
    "program_type": "On-Demand N2P SDU/MDU Simple",
    "target_eligibility_quarter": "NA"
   }
  },
  {
   "type": "Feature",
   "geometry": {
    "type": "Point",
    "coordinates": [
     150.89794406,
     -31.09709269
    ]
   },
   "properties": {
    "name": "16-18 DAMPIER STREET TAMINDA 2340",
    "locID": "LOC000017348460",
    "tech": "FTTN",
    "upgrade": "FTTP_NA",
    "gnaf_pid": "GANSW706034018",
    "tech_change_status": "Committed",
    "program_type": "On-Demand N2P SDU/MDU Simple",
    "target_eligibility_quarter": "Dec 2025"
   }
  },
  {
   "type": "Feature",
   "geometry": {
    "type": "Point",
    "coordinates": [
     150.89891667,
     -31.09243322
    ]
   },
   "properties": {
    "name": "60-62 DAMPIER STREET TAMINDA 2340",
    "locID": "LOC000082422580",
    "tech": "FTTN",
    "upgrade": "FTTP_NA",
    "gnaf_pid": "GANSW706034036",
    "tech_change_status": "MDU Complex Eligible To Apply",
    "program_type": "Customer-initiated N2P MDU Complex"
   }
  },
  {
   "type": "Feature",
   "geometry": {
    "type": "Point",
    "coordinates": [
     150.89875088,
     -31.09213773
    ]
   },
   "properties": {
    "name": "64 DAMPIER STREET TAMINDA 2340",
    "locID": "LOC000009249324",
    "tech": "FTTN",
    "upgrade": "FTTP_SA",
    "gnaf_pid": "GANSW706034037",
    "tech_change_status": "Eligible to Order",
    "program_type": "On-Demand N2P SDU/MDU Simple",
    "target_eligibility_quarter": "NA"
   }
  },
  {
   "type": "Feature",
   "geometry": {
    "type": "Point",
    "coordinates": [
     150.89881619,
     -31.09197233
    ]
   },
   "properties": {
    "name": "66 DAMPIER STREET TAMINDA 2340",
    "locID": "LOC000105108991",
    "tech": "FTTN",
    "upgrade": "FTTP_SA",
    "gnaf_pid": "GANSW706034038",
    "tech_change_status": "Eligible to Order",
    "program_type": "On-Demand N2P SDU/MDU Simple",
    "target_eligibility_quarter": "NA"
   }
  },
  {
   "type": "Feature",
   "geometry": {
    "type": "Point",
    "coordinates": [
     150.89659818,
     -31.0972148
    ]
   },
   "properties": {
    "name": "9 DAMPIER STREET TAMINDA 2340",
    "locID": "LOC000103971712",
    "tech": "FTTN",
    "upgrade": "FTTP_NA",
    "gnaf_pid": "GANSW706034040",
    "tech_change_status": "Committed",
    "program_type": "On-Demand N2P SDU/MDU Simple",
    "target_eligibility_quarter": "Dec 2025"
   }
  },
  {
   "type": "Feature",
   "geometry": {
    "type": "Point",
    "coordinates": [
     150.91456526,
     -31.08671676
    ]
   },
   "properties": {
    "name": "1 DENISON STREET TAMINDA 2340",
    "locID": "LOC000014825773",
    "tech": "FTTN",
    "upgrade": "FTTP_NA",
    "gnaf_pid": "GANSW706034041",
    "tech_change_status": "Committed",
    "program_type": "On-Demand N2P SDU/MDU Simple",
    "target_eligibility_quarter": "Dec 2025"
   }
  },
  {
   "type": "Feature",
   "geometry": {
    "type": "Point",
    "coordinates": [
     150.91499697,
     -31.08774691
    ]
   },
   "properties": {
    "name": "11 DENISON STREET TAMINDA 2340",
    "locID": "LOC000045463521",
    "tech": "FTTN",
    "upgrade": "FTTP_NA",
    "gnaf_pid": "GANSW706034042",
    "tech_change_status": "Committed",
    "program_type": "On-Demand N2P SDU/MDU Simple",
    "target_eligibility_quarter": "Dec 2025"
   }
  },
  {
   "type": "Feature",
   "geometry": {
    "type": "Point",
    "coordinates": [
     150.91592681,
     -31.08717854
    ]
   },
   "properties": {
    "name": "12-14 DENISON STREET TAMINDA 2340",
    "locID": "LOC000078803132",
    "tech": "FTTN",
    "upgrade": "FTTP_SA",
    "gnaf_pid": "GANSW706034043",
    "tech_change_status": "Eligible to Order",
    "program_type": "On-Demand N2P SDU/MDU Simple",
    "target_eligibility_quarter": "NA"
   }
  },
  {
   "type": "Feature",
   "geometry": {
    "type": "Point",
    "coordinates": [
     150.91505872,
     -31.08791786
    ]
   },
   "properties": {
    "name": "13 DENISON STREET TAMINDA 2340",
    "locID": "LOC000045463328",
    "tech": "FTTN",
    "upgrade": "FTTP_SA",
    "gnaf_pid": "GANSW706034044",
    "tech_change_status": "Eligible to Order",
    "program_type": "On-Demand N2P SDU/MDU Simple",
    "target_eligibility_quarter": "NA"
   }
  },
  {
   "type": "Feature",
   "geometry": {
    "type": "Point",
    "coordinates": [
     150.9151652,
     -31.08817827
    ]
   },
   "properties": {
    "name": "15 DENISON STREET TAMINDA 2340",
    "locID": "LOC000082881495",
    "tech": "FTTN",
    "upgrade": "FTTP",
    "gnaf_pid": "GANSW706034045",
    "tech_change_status": "Eligible to Order",
    "program_type": "On-Demand N2P SDU/MDU Simple",
    "target_eligibility_quarter": "NA"
   }
  },
  {
   "type": "Feature",
   "geometry": {
    "type": "Point",
    "coordinates": [
     150.90978319,
     -31.08817598
    ]
   },
   "properties": {
    "name": "1 ANSON STREET TAMINDA 2340",
    "locID": "LOC000095317002",
    "tech": "FTTN",
    "upgrade": "FTTP_NA",
    "gnaf_pid": "GANSW706036990",
    "tech_change_status": "Committed",
    "program_type": "On-Demand N2P SDU/MDU Simple",
    "target_eligibility_quarter": "Dec 2025"
   }
  },
  {
   "type": "Feature",
   "geometry": {
    "type": "Point",
    "coordinates": [
     150.91076728,
     -31.08874352
    ]
   },
   "properties": {
    "name": "10 ANSON STREET TAMINDA 2340",
    "locID": "LOC000041708885",
    "tech": "FTTN",
    "upgrade": "FTTP_NA",
    "gnaf_pid": "GANSW706036991",
    "tech_change_status": "Committed",
    "program_type": "On-Demand N2P SDU/MDU Simple",
    "target_eligibility_quarter": "Dec 2025"
   }
  },
  {
   "type": "Feature",
   "geometry": {
    "type": "Point",
    "coordinates": [
     150.91084491,
     -31.08893628
    ]
   },
   "properties": {
    "name": "12 ANSON STREET TAMINDA 2340",
    "locID": "LOC000107348893",
    "tech": "FTTN",
    "upgrade": "FTTP_NA",
    "gnaf_pid": "GANSW706036992",
    "tech_change_status": "Committed",
    "program_type": "On-Demand N2P SDU/MDU Simple",
    "target_eligibility_quarter": "Dec 2025"
   }
  },
  {
   "type": "Feature",
   "geometry": {
    "type": "Point",
    "coordinates": [
     150.91039442,
     -31.08964969
    ]
   },
   "properties": {
    "name": "13-21 ANSON STREET TAMINDA 2340",
    "locID": "LOC000097476812",
    "tech": "FTTN",
    "upgrade": "FTTP_SA",
    "gnaf_pid": "GANSW706036993",
    "tech_change_status": "Eligible to Order",
    "program_type": "On-Demand N2P SDU/MDU Simple",
    "target_eligibility_quarter": "NA"
   }
  },
  {
   "type": "Feature",
   "geometry": {
    "type": "Point",
    "coordinates": [
     150.91029937,
     -31.08664744
    ]
   },
   "properties": {
    "name": "11 AVRO STREET TAMINDA 2340",
    "locID": "LOC000092337651",
    "tech": "FTTN",
    "upgrade": "FTTP_SA",
    "gnaf_pid": "GANSW706036994",
    "tech_change_status": "Eligible to Order",
    "program_type": "On-Demand N2P SDU/MDU Simple",
    "target_eligibility_quarter": "NA"
   }
  },
  {
   "type": "Feature",
   "geometry": {
    "type": "Point",
    "coordinates": [
     150.91137525,
     -31.08641096
    ]
   },
   "properties": {
    "name": "UNIT 1, 12 AVRO STREET TAMINDA 2340",
    "locID": "LOC000075391113",
    "tech": "FTTN",
    "upgrade": "FTTP_SA",
    "gnaf_pid": "GANSW706036995",
    "tech_change_status": "Eligible to Order",
    "program_type": "On-Demand N2P SDU/MDU Simple",
    "target_eligibility_quarter": "NA"
   }
  },
  {
   "type": "Feature",
   "geometry": {
    "type": "Point",
    "coordinates": [
     150.91137525,
     -31.08641096
    ]
   },
   "properties": {
    "name": "UNIT 2, 12 AVRO STREET TAMINDA 2340",
    "locID": "LOC000075391113",
    "tech": "FTTN",
    "upgrade": "FTTP_SA",
    "gnaf_pid": "GANSW706036996",
    "tech_change_status": "Eligible to Order",
    "program_type": "On-Demand N2P SDU/MDU Simple",
    "target_eligibility_quarter": "NA"
   }
  },
  {
   "type": "Feature",
   "geometry": {
    "type": "Point",
    "coordinates": [
     150.91137525,
     -31.08641096
    ]
   },
   "properties": {
    "name": "12 AVRO STREET TAMINDA 2340",
    "locID": "LOC000075391113",
    "tech": "FTTN",
    "upgrade": "FTTP_SA",
    "gnaf_pid": "GANSW706036997",
    "tech_change_status": "Eligible to Order",
    "program_type": "On-Demand N2P SDU/MDU Simple",
    "target_eligibility_quarter": "NA"
   }
  },
  {
   "type": "Feature",
   "geometry": {
    "type": "Point",
    "coordinates": [
     150.9104921,
     -31.08512255
    ]
   },
   "properties": {
    "name": "2 AVRO STREET TAMINDA 2340",
    "locID": "LOC000172728472",
    "tech": "FTTN",
    "upgrade": "FTTP_NA",
    "gnaf_pid": "GANSW706037000",
    "tech_change_status": "Committed",
    "program_type": "On-Demand N2P SDU/MDU Simple",
    "target_eligibility_quarter": "Dec 2025"
   }
  },
  {
   "type": "Feature",
   "geometry": {
    "type": "Point",
    "coordinates": [
     150.91197976,
     -31.08774949
    ]
   },
   "properties": {
    "name": "22 AVRO STREET TAMINDA 2340",
    "locID": "LOC000040076532",
    "tech": "FTTN",
    "upgrade": "FTTP_NA",
    "gnaf_pid": "GANSW706037001",
    "tech_change_status": "Committed",
    "program_type": "On-Demand N2P SDU/MDU Simple",
    "target_eligibility_quarter": "Dec 2025"
   }
  },
  {
   "type": "Feature",
   "geometry": {
    "type": "Point",
    "coordinates": [
     150.91208595,
     -31.08788169
    ]
   },
   "properties": {
    "name": "24-26 AVRO STREET TAMINDA 2340",
    "locID": "LOC000047350535",
    "tech": "FTTN",
    "upgrade": "FTTP_NA",
    "gnaf_pid": "GANSW706037002",
    "tech_change_status": "Committed",
    "program_type": "On-Demand N2P SDU/MDU Simple",
    "target_eligibility_quarter": "Dec 2025"
   }
  },
  {
   "type": "Feature",
   "geometry": {
    "type": "Point",
    "coordinates": [
     150.91095395,
     -31.08849933
    ]
   },
   "properties": {
    "name": "27 AVRO STREET TAMINDA 2340",
    "locID": "LOC000107402062",
    "tech": "FTTN",
    "upgrade": "FTTP_NA",
    "gnaf_pid": "GANSW706037003",
    "tech_change_status": "Committed",
    "program_type": "On-Demand N2P SDU/MDU Simple",
    "target_eligibility_quarter": "Dec 2025"
   }
  },
  {
   "type": "Feature",
   "geometry": {
    "type": "Point",
    "coordinates": [
     150.912244,
     -31.08827043
    ]
   },
   "properties": {
    "name": "28 AVRO STREET TAMINDA 2340",
    "locID": "LOC000168949965",
    "tech": "FTTN",
    "upgrade": "FTTP_NA",
    "gnaf_pid": "GANSW706037004",
    "tech_change_status": "Committed",
    "program_type": "On-Demand N2P SDU/MDU Simple",
    "target_eligibility_quarter": "Dec 2025"
   }
  },
  {
   "type": "Feature",
   "geometry": {
    "type": "Point",
    "coordinates": [
     150.91124412,
     -31.08859549
    ]
   },
   "properties": {
    "name": "29 AVRO STREET TAMINDA 2340",
    "locID": "LOC000101799263",
    "tech": "FTTN",
    "upgrade": "FTTP_NA",
    "gnaf_pid": "GANSW706037005",
    "tech_change_status": "Committed",
    "program_type": "On-Demand N2P SDU/MDU Simple",
    "target_eligibility_quarter": "Dec 2025"
   }
  },
  {
   "type": "Feature",
   "geometry": {
    "type": "Point",
    "coordinates": [
     150.91197057,
     -31.08846341
    ]
   },
   "properties": {
    "name": "30 AVRO STREET TAMINDA 2340",
    "locID": "LOC000090639363",
    "tech": "FTTN",
    "upgrade": "FTTP_NA",
    "gnaf_pid": "GANSW706037006",
    "tech_change_status": "Committed",
    "program_type": "On-Demand N2P SDU/MDU Simple",
    "target_eligibility_quarter": "Dec 2025"
   }
  },
  {
   "type": "Feature",
   "geometry": {
    "type": "Point",
    "coordinates": [
     150.91132238,
     -31.08878975
    ]
   },
   "properties": {
    "name": "31 AVRO STREET TAMINDA 2340",
    "locID": "LOC000101416207",
    "tech": "FTTN",
    "upgrade": "FTTP_NA",
    "gnaf_pid": "GANSW706037007",
    "tech_change_status": "Committed",
    "program_type": "On-Demand N2P SDU/MDU Simple",
    "target_eligibility_quarter": "Dec 2025"
   }
  },
  {
   "type": "Feature",
   "geometry": {
    "type": "Point",
    "coordinates": [
     150.91236329,
     -31.08856226
    ]
   },
   "properties": {
    "name": "32 AVRO STREET TAMINDA 2340",
    "locID": "LOC000022945305",
    "tech": "FTTP",
    "upgrade": "FTTP_NA",
    "gnaf_pid": "GANSW706037008",
    "tech_change_status": "Previous Tech Disconnected",
    "program_type": "On-Demand N2P SDU/MDU Simple",
    "target_eligibility_quarter": "NA"
   }
  },
  {
   "type": "Feature",
   "geometry": {
    "type": "Point",
    "coordinates": [
     150.91140175,
     -31.08898675
    ]
   },
   "properties": {
    "name": "33 AVRO STREET TAMINDA 2340",
    "locID": "LOC000087569228",
    "tech": "FTTN",
    "upgrade": "FTTP_NA",
    "gnaf_pid": "GANSW706037009",
    "tech_change_status": "Committed",
    "program_type": "On-Demand N2P SDU/MDU Simple",
    "target_eligibility_quarter": "Dec 2025"
   }
  },
  {
   "type": "Feature",
   "geometry": {
    "type": "Point",
    "coordinates": [
     150.91221839,
     -31.08893027
    ]
   },
   "properties": {
    "name": "34-36 AVRO STREET TAMINDA 2340",
    "locID": "LOC000097170137",
    "tech": "FTTN",
    "upgrade": "FTTP_SA",
    "gnaf_pid": "GANSW706037010",
    "tech_change_status": "Eligible to Order",
    "program_type": "On-Demand N2P SDU/MDU Simple",
    "target_eligibility_quarter": "NA"
   }
  },
  {
   "type": "Feature",
   "geometry": {
    "type": "Point",
    "coordinates": [
     150.91127259,
     -31.0892771
    ]
   },
   "properties": {
    "name": "35 AVRO STREET TAMINDA 2340",
    "locID": "LOC000013243859",
    "tech": "FTTN",
    "upgrade": "FTTP_NA",
    "gnaf_pid": "GANSW706037011",
    "tech_change_status": "Committed",
    "program_type": "On-Demand N2P SDU/MDU Simple",
    "target_eligibility_quarter": "Dec 2025"
   }
  },
  {
   "type": "Feature",
   "geometry": {
    "type": "Point",
    "coordinates": [
     150.91156026,
     -31.08938018
    ]
   },
   "properties": {
    "name": "37 AVRO STREET TAMINDA 2340",
    "locID": "LOC000078915667",
    "tech": "FTTN",
    "upgrade": "FTTP_NA",
    "gnaf_pid": "GANSW706037012",
    "tech_change_status": "Committed",
    "program_type": "On-Demand N2P SDU/MDU Simple",
    "target_eligibility_quarter": "Dec 2025"
   }
  },
  {
   "type": "Feature",
   "geometry": {
    "type": "Point",
    "coordinates": [
     150.9116394,
     -31.08957663
    ]
   },
   "properties": {
    "name": "39 AVRO STREET TAMINDA 2340",
    "locID": "LOC000108190466",
    "tech": "FTTN",
    "upgrade": "FTTP_NA",
    "gnaf_pid": "GANSW706037013",
    "tech_change_status": "Committed",
    "program_type": "On-Demand N2P SDU/MDU Simple",
    "target_eligibility_quarter": "Dec 2025"
   }
  },
  {
   "type": "Feature",
   "geometry": {
    "type": "Point",
    "coordinates": [
     150.91089868,
     -31.08554343
    ]
   },
   "properties": {
    "name": "4-8 AVRO STREET TAMINDA 2340",
    "locID": "LOC000172728493",
    "tech": "FTTN",
    "upgrade": "FTTP",
    "gnaf_pid": "GANSW706037014",
    "tech_change_status": "New Tech Connected",
    "program_type": "On-Demand N2P SDU/MDU Simple",
    "target_eligibility_quarter": "NA"
   }
  },
  {
   "type": "Feature",
   "geometry": {
    "type": "Point",
    "coordinates": [
     150.90025425,
     -31.09787355
    ]
   },
   "properties": {
    "name": "6 MACINTOSH STREET TAMINDA 2340",
    "locID": "LOC000021393191",
    "tech": "FTTN",
    "upgrade": "FTTP_SA",
    "gnaf_pid": "GANSW706037621",
    "tech_change_status": "Eligible to Order",
    "program_type": "On-Demand N2P SDU/MDU Simple",
    "target_eligibility_quarter": "NA"
   }
  },
  {
   "type": "Feature",
   "geometry": {
    "type": "Point",
    "coordinates": [
     150.9009357,
     -31.09740861
    ]
   },
   "properties": {
    "name": "7 MACINTOSH STREET TAMINDA 2340",
    "locID": "LOC000016427387",
    "tech": "FTTP",
    "upgrade": "FTTP_NA",
    "gnaf_pid": "GANSW706037622",
    "tech_change_status": "Previous Tech Disconnected",
    "program_type": "On-Demand N2P SDU/MDU Simple",
    "target_eligibility_quarter": "NA"
   }
  },
  {
   "type": "Feature",
   "geometry": {
    "type": "Point",
    "coordinates": [
     150.90020534,
     -31.09765704
    ]
   },
   "properties": {
    "name": "8 MACINTOSH STREET TAMINDA 2340",
    "locID": "LOC000061564686",
    "tech": "FTTP",
    "upgrade": "FTTP_NA",
    "gnaf_pid": "GANSW706037623",
    "tech_change_status": "Previous Tech Disconnected",
    "program_type": "On-Demand N2P SDU/MDU Simple",
    "target_eligibility_quarter": "NA"
   }
  },
  {
   "type": "Feature",
   "geometry": {
    "type": "Point",
    "coordinates": [
     150.90089594,
     -31.09718004
    ]
   },
   "properties": {
    "name": "9 MACINTOSH STREET TAMINDA 2340",
    "locID": "LOC000049371909",
    "tech": "FTTP",
    "upgrade": "FTTP_NA",
    "gnaf_pid": "GANSW706037624",
    "tech_change_status": "Previous Tech Disconnected",
    "program_type": "On-Demand N2P SDU/MDU Simple",
    "target_eligibility_quarter": "NA"
   }
  },
  {
   "type": "Feature",
   "geometry": {
    "type": "Point",
    "coordinates": [
     150.91220997,
     -31.08666822
    ]
   },
   "properties": {
    "name": "59-61 PLAIN STREET TAMINDA 2340",
    "locID": "LOC000052631611",
    "tech": "FTTN",
    "upgrade": "FTTP_NA",
    "gnaf_pid": "GANSW706037630",
    "tech_change_status": "Committed",
    "program_type": "On-Demand N2P SDU/MDU Simple",
    "target_eligibility_quarter": "Dec 2025"
   }
  },
  {
   "type": "Feature",
   "geometry": {
    "type": "Point",
    "coordinates": [
     150.91273632,
     -31.08740616
    ]
   },
   "properties": {
    "name": "62-64 PLAIN STREET TAMINDA 2340",
    "locID": "LOC000177158217",
    "tech": "FTTN",
    "upgrade": "FTTP_NA",
    "gnaf_pid": "GANSW706037631",
    "tech_change_status": "Committed",
    "program_type": "On-Demand N2P SDU/MDU Simple",
    "target_eligibility_quarter": "Dec 2025"
   }
  },
  {
   "type": "Feature",
   "geometry": {
    "type": "Point",
    "coordinates": [
     150.9117753,
     -31.08703877
    ]
   },
   "properties": {
    "name": "65 PLAIN STREET TAMINDA 2340",
    "locID": "LOC000174264104",
    "tech": "FTTN",
    "upgrade": "FTTP_NA",
    "gnaf_pid": "GANSW706037632",
    "tech_change_status": "Committed",
    "program_type": "On-Demand N2P SDU/MDU Simple",
    "target_eligibility_quarter": "Dec 2025"
   }
  },
  {
   "type": "Feature",
   "geometry": {
    "type": "Point",
    "coordinates": [
     150.9117753,
     -31.08703877
    ]
   },
   "properties": {
    "name": "67 PLAIN STREET TAMINDA 2340",
    "locID": "LOC000086320686",
    "tech": "FTTN",
    "upgrade": "FTTP_SA",
    "gnaf_pid": "GANSW706037633",
    "tech_change_status": "Eligible to Order",
    "program_type": "On-Demand N2P SDU/MDU Simple",
    "target_eligibility_quarter": "NA"
   }
  },
  {
   "type": "Feature",
   "geometry": {
    "type": "Point",
    "coordinates": [
     150.91132158,
     -31.08710702
    ]
   },
   "properties": {
    "name": "69 PLAIN STREET TAMINDA 2340",
    "locID": "LOC000040315414",
    "tech": "FTTN",
    "upgrade": "FTTP_SA",
    "gnaf_pid": "GANSW706037634",
    "tech_change_status": "Eligible to Order",
    "program_type": "On-Demand N2P SDU/MDU Simple",
    "target_eligibility_quarter": "NA"
   }
  },
  {
   "type": "Feature",
   "geometry": {
    "type": "Point",
    "coordinates": [
     150.91064071,
     -31.08709174
    ]
   },
   "properties": {
    "name": "71-73 PLAIN STREET TAMINDA 2340",
    "locID": "LOC000094742796",
    "tech": "FTTN",
    "upgrade": "FTTP_NA",
    "gnaf_pid": "GANSW706037635",
    "tech_change_status": "Committed",
    "program_type": "On-Demand N2P SDU/MDU Simple",
    "target_eligibility_quarter": "Dec 2025"
   }
  },
  {
   "type": "Feature",
   "geometry": {
    "type": "Point",
    "coordinates": [
     150.91111309,
     -31.08802119
    ]
   },
   "properties": {
    "name": "78 PLAIN STREET TAMINDA 2340",
    "locID": "LOC000022394787",
    "tech": "FTTN",
    "upgrade": "FTTP_SA",
    "gnaf_pid": "GANSW706037637",
    "tech_change_status": "Eligible to Order",
    "program_type": "On-Demand N2P SDU/MDU Simple",
    "target_eligibility_quarter": "NA"
   }
  },
  {
   "type": "Feature",
   "geometry": {
    "type": "Point",
    "coordinates": [
     150.91082663,
     -31.08795888
    ]
   },
   "properties": {
    "name": "80 PLAIN STREET TAMINDA 2340",
    "locID": "LOC000062032464",
    "tech": "FTTN",
    "upgrade": "FTTP_SA",
    "gnaf_pid": "GANSW706037639",
    "tech_change_status": "Eligible to Order",
    "program_type": "On-Demand N2P SDU/MDU Simple",
    "target_eligibility_quarter": "NA"
   }
  },
  {
   "type": "Feature",
   "geometry": {
    "type": "Point",
    "coordinates": [
     150.90056047,
     -31.09205438
    ]
   },
   "properties": {
    "name": "62 SHOWGROUND ROAD TAMINDA 2340",
    "locID": "LOC000013284097",
    "tech": "FTTN",
    "upgrade": "FTTP_SA",
    "gnaf_pid": "GANSW706037642",
    "tech_change_status": "Eligible to Order",
    "program_type": "On-Demand N2P SDU/MDU Simple",
    "target_eligibility_quarter": "NA"
   }
  },
  {
   "type": "Feature",
   "geometry": {
    "type": "Point",
    "coordinates": [
     150.90037457,
     -31.09202739
    ]
   },
   "properties": {
    "name": "64 SHOWGROUND ROAD TAMINDA 2340",
    "locID": "LOC000051610695",
    "tech": "FTTN",
    "upgrade": "FTTP_SA",
    "gnaf_pid": "GANSW706037643",
    "tech_change_status": "Eligible to Order",
    "program_type": "On-Demand N2P SDU/MDU Simple",
    "target_eligibility_quarter": "NA"
   }
  },
  {
   "type": "Feature",
   "geometry": {
    "type": "Point",
    "coordinates": [
     150.90018472,
     -31.09199985
    ]
   },
   "properties": {
    "name": "66 SHOWGROUND ROAD TAMINDA 2340",
    "locID": "LOC000042987263",
    "tech": "FTTN",
    "upgrade": "FTTP",
    "gnaf_pid": "GANSW706037644",
    "tech_change_status": "Eligible to Order",
    "program_type": "On-Demand N2P SDU/MDU Simple",
    "target_eligibility_quarter": "NA"
   }
  },
  {
   "type": "Feature",
   "geometry": {
    "type": "Point",
    "coordinates": [
     150.89989692,
     -31.09195759
    ]
   },
   "properties": {
    "name": "68 SHOWGROUND ROAD TAMINDA 2340",
    "locID": "LOC000109062775",
    "tech": "FTTP",
    "upgrade": "FTTP_NA",
    "gnaf_pid": "GANSW706037645",
    "tech_change_status": "Previous Tech Disconnected",
    "program_type": "On-Demand N2P SDU/MDU Simple",
    "target_eligibility_quarter": "NA"
   }
  },
  {
   "type": "Feature",
   "geometry": {
    "type": "Point",
    "coordinates": [
     150.89924264,
     -31.09186312
    ]
   },
   "properties": {
    "name": "76 SHOWGROUND ROAD TAMINDA 2340",
    "locID": "LOC000040834515",
    "tech": "FTTN",
    "upgrade": "FTTP_SA",
    "gnaf_pid": "GANSW706037647",
    "tech_change_status": "Eligible to Order",
    "program_type": "On-Demand N2P SDU/MDU Simple",
    "target_eligibility_quarter": "NA"
   }
  },
  {
   "type": "Feature",
   "geometry": {
    "type": "Point",
    "coordinates": [
     150.90701905,
     -31.0905859
    ]
   },
   "properties": {
    "name": "1 WIRRAWAY STREET TAMINDA 2340",
    "locID": "LOC000009574398",
    "tech": "FTTN",
    "upgrade": "FTTP_NA",
    "gnaf_pid": "GANSW706037648",
    "tech_change_status": "Committed",
    "program_type": "On-Demand N2P SDU/MDU Simple",
    "target_eligibility_quarter": "Dec 2025"
   }
  },
  {
   "type": "Feature",
   "geometry": {
    "type": "Point",
    "coordinates": [
     150.90742861,
     -31.09157676
    ]
   },
   "properties": {
    "name": "11 WIRRAWAY STREET TAMINDA 2340",
    "locID": "LOC000092532313",
    "tech": "FTTN",
    "upgrade": "FTTP_SA",
    "gnaf_pid": "GANSW706037649",
    "tech_change_status": "Eligible to Order",
    "program_type": "On-Demand N2P SDU/MDU Simple",
    "target_eligibility_quarter": "NA"
   }
  },
  {
   "type": "Feature",
   "geometry": {
    "type": "Point",
    "coordinates": [
     150.90758552,
     -31.09177108
    ]
   },
   "properties": {
    "name": "13 WIRRAWAY STREET TAMINDA 2340",
    "locID": "LOC000087995907",
    "tech": "FTTP",
    "upgrade": "FTTP_NA",
    "gnaf_pid": "GANSW706037650",
    "tech_change_status": "Previous Tech Disconnected",
    "program_type": "On-Demand N2P SDU/MDU Simple",
    "target_eligibility_quarter": "NA"
   }
  },
  {
   "type": "Feature",
   "geometry": {
    "type": "Point",
    "coordinates": [
     150.90776094,
     -31.09192762
    ]
   },
   "properties": {
    "name": "15 WIRRAWAY STREET TAMINDA 2340",
    "locID": "LOC000012352289",
    "tech": "FTTP",
    "upgrade": "FTTP_NA",
    "gnaf_pid": "GANSW706037651",
    "tech_change_status": "Previous Tech Disconnected",
    "program_type": "On-Demand N2P SDU/MDU Simple",
    "target_eligibility_quarter": "NA"
   }
  },
  {
   "type": "Feature",
   "geometry": {
    "type": "Point",
    "coordinates": [
     150.90833002,
     -31.09279207
    ]
   },
   "properties": {
    "name": "25-27 WIRRAWAY STREET TAMINDA 2340",
    "locID": "LOC000152344735",
    "tech": "FTTN",
    "upgrade": "FTTP_SA",
    "gnaf_pid": "GANSW706037655",
    "tech_change_status": "Eligible to Order",
    "program_type": "On-Demand N2P SDU/MDU Simple",
    "target_eligibility_quarter": "NA"
   }
  },
  {
   "type": "Feature",
   "geometry": {
    "type": "Point",
    "coordinates": [
     150.89799635,
     -31.09682586
    ]
   },
   "properties": {
    "name": "20-22 DAMPIER STREET TAMINDA 2340",
    "locID": "LOC000048520611",
    "tech": "FTTN",
    "upgrade": "FTTP_SA",
    "gnaf_pid": "GANSW706040646",
    "tech_change_status": "Eligible to Order",
    "program_type": "On-Demand N2P SDU/MDU Simple",
    "target_eligibility_quarter": "NA"
   }
  },
  {
   "type": "Feature",
   "geometry": {
    "type": "Point",
    "coordinates": [
     150.89889463,
     -31.09682723
    ]
   },
   "properties": {
    "name": "24-30 DAMPIER STREET TAMINDA 2340",
    "locID": "LOC000017352234",
    "tech": "FTTP",
    "upgrade": "FTTP_NA",
    "gnaf_pid": "GANSW706040648",
    "tech_change_status": "Previous Tech Disconnected",
    "program_type": "On-Demand N2P SDU/MDU Simple",
    "target_eligibility_quarter": "NA"
   }
  },
  {
   "type": "Feature",
   "geometry": {
    "type": "Point",
    "coordinates": [
     150.89800275,
     -31.09593571
    ]
   },
   "properties": {
    "name": "32 DAMPIER STREET TAMINDA 2340",
    "locID": "LOC000096007927",
    "tech": "FTTN",
    "upgrade": "FTTP_SA",
    "gnaf_pid": "GANSW706040649",
    "tech_change_status": "Eligible to Order",
    "program_type": "On-Demand N2P SDU/MDU Simple",
    "target_eligibility_quarter": "NA"
   }
  },
  {
   "type": "Feature",
   "geometry": {
    "type": "Point",
    "coordinates": [
     150.89713343,
     -31.09430556
    ]
   },
   "properties": {
    "name": "35-37 DAMPIER STREET TAMINDA 2340",
    "locID": "LOC000012247563",
    "tech": "FTTN",
    "upgrade": "FTTP_SA",
    "gnaf_pid": "GANSW706040650",
    "tech_change_status": "Eligible to Order",
    "program_type": "On-Demand N2P SDU/MDU Simple",
    "target_eligibility_quarter": "NA"
   }
  },
  {
   "type": "Feature",
   "geometry": {
    "type": "Point",
    "coordinates": [
     150.91470633,
     -31.08838976
    ]
   },
   "properties": {
    "name": "20 BELMORE STREET TAMINDA 2340",
    "locID": "LOC000025562450",
    "tech": "FTTN",
    "upgrade": "FTTP_SA",
    "gnaf_pid": "GANSW706044270",
    "tech_change_status": "Eligible to Order",
    "program_type": "On-Demand N2P SDU/MDU Simple",
    "target_eligibility_quarter": "NA"
   }
  },
  {
   "type": "Feature",
   "geometry": {
    "type": "Point",
    "coordinates": [
     150.91481871,
     -31.08869311
    ]
   },
   "properties": {
    "name": "22 BELMORE STREET TAMINDA 2340",
    "locID": "LOC000045751001",
    "tech": "FTTN",
    "upgrade": "FTTP",
    "gnaf_pid": "GANSW706044271",
    "tech_change_status": "New Tech Connected",
    "program_type": "On-Demand N2P SDU/MDU Simple",
    "target_eligibility_quarter": "NA"
   }
  },
  {
   "type": "Feature",
   "geometry": {
    "type": "Point",
    "coordinates": [
     150.9132074,
     -31.08771121
    ]
   },
   "properties": {
    "name": "23 BELMORE STREET TAMINDA 2340",
    "locID": "LOC000034712979",
    "tech": "FTTN",
    "upgrade": "FTTP",
    "gnaf_pid": "GANSW706044272",
    "tech_change_status": "New Tech Connected",
    "program_type": "On-Demand N2P SDU/MDU Simple",
    "target_eligibility_quarter": "NA"
   }
  },
  {
   "type": "Feature",
   "geometry": {
    "type": "Point",
    "coordinates": [
     150.90931406,
     -31.09330637
    ]
   },
   "properties": {
    "name": "37 WIRRAWAY STREET TAMINDA 2340",
    "locID": "LOC000152344742",
    "tech": "FTTN",
    "upgrade": "FTTP_SA",
    "gnaf_pid": "GANSW706044296",
    "tech_change_status": "Eligible to Order",
    "program_type": "On-Demand N2P SDU/MDU Simple",
    "target_eligibility_quarter": "NA"
   }
  },
  {
   "type": "Feature",
   "geometry": {
    "type": "Point",
    "coordinates": [
     150.90709885,
     -31.09097026
    ]
   },
   "properties": {
    "name": "5 WIRRAWAY STREET TAMINDA 2340",
    "locID": "LOC000103176761",
    "tech": "FTTN",
    "upgrade": "FTTP_NA",
    "gnaf_pid": "GANSW706044297",
    "tech_change_status": "Committed",
    "program_type": "On-Demand N2P SDU/MDU Simple",
    "target_eligibility_quarter": "Dec 2025"
   }
  },
  {
   "type": "Feature",
   "geometry": {
    "type": "Point",
    "coordinates": [
     150.90717988,
     -31.09116565
    ]
   },
   "properties": {
    "name": "7 WIRRAWAY STREET TAMINDA 2340",
    "locID": "LOC000063812940",
    "tech": "FTTP",
    "upgrade": "FTTP_NA",
    "gnaf_pid": "GANSW706044298",
    "tech_change_status": "Previous Tech Disconnected",
    "program_type": "On-Demand N2P SDU/MDU Simple",
    "target_eligibility_quarter": "NA"
   }
  },
  {
   "type": "Feature",
   "geometry": {
    "type": "Point",
    "coordinates": [
     150.89649304,
     -31.09624409
    ]
   },
   "properties": {
    "name": "17-21 DAMPIER STREET TAMINDA 2340",
    "locID": "LOC000087513907",
    "tech": "FTTN",
    "upgrade": "FTTP_NA",
    "gnaf_pid": "GANSW706044299",
    "tech_change_status": "MDU Complex Eligible To Apply",
    "program_type": "Customer-initiated N2P MDU Complex"
   }
  },
  {
   "type": "Feature",
   "geometry": {
    "type": "Point",
    "coordinates": [
     150.89814143,
     -31.0952461
    ]
   },
   "properties": {
    "name": "38 DAMPIER STREET TAMINDA 2340",
    "locID": "LOC000019226795",
    "tech": "FTTP",
    "upgrade": "FTTP_NA",
    "gnaf_pid": "GANSW706044307",
    "tech_change_status": "Previous Tech Disconnected",
    "program_type": "On-Demand N2P SDU/MDU Simple",
    "target_eligibility_quarter": "NA"
   }
  },
  {
   "type": "Feature",
   "geometry": {
    "type": "Point",
    "coordinates": [
     150.89723144,
     -31.09377709
    ]
   },
   "properties": {
    "name": "39-43 DAMPIER STREET TAMINDA 2340",
    "locID": "LOC000048185228",
    "tech": "FTTN",
    "upgrade": "FTTP_SA",
    "gnaf_pid": "GANSW706044308",
    "tech_change_status": "Eligible to Order",
    "program_type": "On-Demand N2P SDU/MDU Simple",
    "target_eligibility_quarter": "NA"
   }
  },
  {
   "type": "Feature",
   "geometry": {
    "type": "Point",
    "coordinates": [
     150.89818172,
     -31.09504486
    ]
   },
   "properties": {
    "name": "40 DAMPIER STREET TAMINDA 2340",
    "locID": "LOC000043858071",
    "tech": "FTTN",
    "upgrade": "FTTP_SA",
    "gnaf_pid": "GANSW706044309",
    "tech_change_status": "Eligible to Order",
    "program_type": "On-Demand N2P SDU/MDU Simple",
    "target_eligibility_quarter": "NA"
   }
  },
  {
   "type": "Feature",
   "geometry": {
    "type": "Point",
    "coordinates": [
     150.89843236,
     -31.09484212
    ]
   },
   "properties": {
    "name": "42-44 DAMPIER STREET TAMINDA 2340",
    "locID": "LOC000152344289",
    "tech": "FTTN",
    "upgrade": "FTTP_NA",
    "gnaf_pid": "GANSW706044310",
    "tech_change_status": "Committed",
    "program_type": "On-Demand N2P SDU/MDU Simple",
    "target_eligibility_quarter": "Dec 2025"
   }
  },
  {
   "type": "Feature",
   "geometry": {
    "type": "Point",
    "coordinates": [
     150.89859868,
     -31.09392086
    ]
   },
   "properties": {
    "name": "46 DAMPIER STREET TAMINDA 2340",
    "locID": "LOC000099803228",
    "tech": "FTTN",
    "upgrade": "FTTP",
    "gnaf_pid": "GANSW706044312",
    "tech_change_status": "New Tech Connected",
    "program_type": "On-Demand N2P SDU/MDU Simple",
    "target_eligibility_quarter": "NA"
   }
  },
  {
   "type": "Feature",
   "geometry": {
    "type": "Point",
    "coordinates": [
     150.89790563,
     -31.09222773
    ]
   },
   "properties": {
    "name": "49 DAMPIER STREET TAMINDA 2340",
    "locID": "LOC000047807982",
    "tech": "FTTN",
    "upgrade": "FTTP_SA",
    "gnaf_pid": "GANSW706044314",
    "tech_change_status": "Eligible to Order",
    "program_type": "On-Demand N2P SDU/MDU Simple",
    "target_eligibility_quarter": "NA"
   }
  },
  {
   "type": "Feature",
   "geometry": {
    "type": "Point",
    "coordinates": [
     150.89792583,
     -31.09197958
    ]
   },
   "properties": {
    "name": "51 DAMPIER STREET TAMINDA 2340",
    "locID": "LOC000044055432",
    "tech": "FTTN",
    "upgrade": "FTTP_SA",
    "gnaf_pid": "GANSW706044315",
    "tech_change_status": "Eligible to Order",
    "program_type": "On-Demand N2P SDU/MDU Simple",
    "target_eligibility_quarter": "NA"
   }
  },
  {
   "type": "Feature",
   "geometry": {
    "type": "Point",
    "coordinates": [
     150.91528858,
     -31.08847758
    ]
   },
   "properties": {
    "name": "17 DENISON STREET TAMINDA 2340",
    "locID": "LOC000107050499",
    "tech": "FTTN",
    "upgrade": "FTTP_SA",
    "gnaf_pid": "GANSW706044316",
    "tech_change_status": "Eligible to Order",
    "program_type": "On-Demand N2P SDU/MDU Simple",
    "target_eligibility_quarter": "NA"
   }
  },
  {
   "type": "Feature",
   "geometry": {
    "type": "Point",
    "coordinates": [
     150.9159843,
     -31.08795526
    ]
   },
   "properties": {
    "name": "20-22 DENISON STREET TAMINDA 2340",
    "locID": "LOC000043404720",
    "tech": "FTTN",
    "upgrade": "FTTP_NA",
    "gnaf_pid": "GANSW706044318",
    "tech_change_status": "MDU Complex Eligible To Apply",
    "program_type": "Customer-initiated N2P MDU Complex"
   }
  },
  {
   "type": "Feature",
   "geometry": {
    "type": "Point",
    "coordinates": [
     150.91547651,
     -31.0889338
    ]
   },
   "properties": {
    "name": "23 DENISON STREET TAMINDA 2340",
    "locID": "LOC000090254669",
    "tech": "FTTP",
    "upgrade": "FTTP_NA",
    "gnaf_pid": "GANSW706044319",
    "tech_change_status": "Previous Tech Disconnected",
    "program_type": "On-Demand N2P SDU/MDU Simple",
    "target_eligibility_quarter": "NA"
   }
  },
  {
   "type": "Feature",
   "geometry": {
    "type": "Point",
    "coordinates": [
     150.91606683,
     -31.08819499
    ]
   },
   "properties": {
    "name": "24 DENISON STREET TAMINDA 2340",
    "locID": "LOC000028834414",
    "tech": "FTTN",
    "upgrade": "FTTP_SA",
    "gnaf_pid": "GANSW706044320",
    "tech_change_status": "Eligible to Order",
    "program_type": "On-Demand N2P SDU/MDU Simple",
    "target_eligibility_quarter": "NA"
   }
  },
  {
   "type": "Feature",
   "geometry": {
    "type": "Point",
    "coordinates": [
     150.9155283,
     -31.0890658
    ]
   },
   "properties": {
    "name": "25 DENISON STREET TAMINDA 2340",
    "locID": "LOC000007933854",
    "tech": "FTTN",
    "upgrade": "FTTP_SA",
    "gnaf_pid": "GANSW706044321",
    "tech_change_status": "Eligible to Order",
    "program_type": "On-Demand N2P SDU/MDU Simple",
    "target_eligibility_quarter": "NA"
   }
  },
  {
   "type": "Feature",
   "geometry": {
    "type": "Point",
    "coordinates": [
     150.91620963,
     -31.0885387
    ]
   },
   "properties": {
    "name": "26-30 DENISON STREET TAMINDA 2340",
    "locID": "LOC000006454938",
    "tech": "FTTP",
    "upgrade": "FTTP_NA",
    "gnaf_pid": "GANSW706044322",
    "tech_change_status": "Previous Tech Disconnected",
    "program_type": "On-Demand N2P SDU/MDU Simple",
    "target_eligibility_quarter": "NA"
   }
  },
  {
   "type": "Feature",
   "geometry": {
    "type": "Point",
    "coordinates": [
     150.91463721,
     -31.08689189
    ]
   },
   "properties": {
    "name": "3 DENISON STREET TAMINDA 2340",
    "locID": "LOC000106110161",
    "tech": "FTTN",
    "upgrade": "FTTP_NA",
    "gnaf_pid": "GANSW706044323",
    "tech_change_status": "Committed",
    "program_type": "On-Demand N2P SDU/MDU Simple",
    "target_eligibility_quarter": "Dec 2025"
   }
  },
  {
   "type": "Feature",
   "geometry": {
    "type": "Point",
    "coordinates": [
     150.91586049,
     -31.0898929
    ]
   },
   "properties": {
    "name": "31 DENISON STREET TAMINDA 2340",
    "locID": "LOC000099920827",
    "tech": "FTTN",
    "upgrade": "FTTP_SA",
    "gnaf_pid": "GANSW706044324",
    "tech_change_status": "Eligible to Order",
    "program_type": "On-Demand N2P SDU/MDU Simple",
    "target_eligibility_quarter": "NA"
   }
  },
  {
   "type": "Feature",
   "geometry": {
    "type": "Point",
    "coordinates": [
     150.91586049,
     -31.0898929
    ]
   },
   "properties": {
    "name": "33 DENISON STREET TAMINDA 2340",
    "locID": "LOC000074683416",
    "tech": "FTTN",
    "upgrade": "FTTP_SA",
    "gnaf_pid": "GANSW706044325",
    "tech_change_status": "Eligible to Order",
    "program_type": "On-Demand N2P SDU/MDU Simple",
    "target_eligibility_quarter": "NA"
   }
  },
  {
   "type": "Feature",
   "geometry": {
    "type": "Point",
    "coordinates": [
     150.91636716,
     -31.08890778
    ]
   },
   "properties": {
    "name": "34 DENISON STREET TAMINDA 2340",
    "locID": "LOC000038930021",
    "tech": "FTTN",
    "upgrade": "FTTP_SA",
    "gnaf_pid": "GANSW706044326",
    "tech_change_status": "Eligible to Order",
    "program_type": "On-Demand N2P SDU/MDU Simple",
    "target_eligibility_quarter": "NA"
   }
  },
  {
   "type": "Feature",
   "geometry": {
    "type": "Point",
    "coordinates": [
     150.91643079,
     -31.08908655
    ]
   },
   "properties": {
    "name": "36 DENISON STREET TAMINDA 2340",
    "locID": "LOC000063669023",
    "tech": "FTTN",
    "upgrade": "FTTP_SA",
    "gnaf_pid": "GANSW706044327",
    "tech_change_status": "Eligible to Order",
    "program_type": "On-Demand N2P SDU/MDU Simple",
    "target_eligibility_quarter": "NA"
   }
  },
  {
   "type": "Feature",
   "geometry": {
    "type": "Point",
    "coordinates": [
     150.9147081,
     -31.08706444
    ]
   },
   "properties": {
    "name": "5 DENISON STREET TAMINDA 2340",
    "locID": "LOC000071131450",
    "tech": "FTTN",
    "upgrade": "FTTP_NA",
    "gnaf_pid": "GANSW706044332",
    "tech_change_status": "Committed",
    "program_type": "On-Demand N2P SDU/MDU Simple",
    "target_eligibility_quarter": "Dec 2025"
   }
  },
  {
   "type": "Feature",
   "geometry": {
    "type": "Point",
    "coordinates": [
     150.89200328,
     -31.09708807
    ]
   },
   "properties": {
    "name": "139 GUNNEDAH ROAD TAMINDA 2340",
    "locID": "LOC000062330544",
    "tech": "FTTN",
    "upgrade": "FTTP_SA",
    "gnaf_pid": "GANSW706044352",
    "tech_change_status": "Eligible to Order",
    "program_type": "On-Demand N2P SDU/MDU Simple",
    "target_eligibility_quarter": "NA"
   }
  },
  {
   "type": "Feature",
   "geometry": {
    "type": "Point",
    "coordinates": [
     150.89172878,
     -31.09676387
    ]
   },
   "properties": {
    "name": "141 GUNNEDAH ROAD TAMINDA 2340",
    "locID": "LOC000078944859",
    "tech": "FTTN",
    "upgrade": "FTTP_NA",
    "gnaf_pid": "GANSW706044353",
    "tech_change_status": "Committed",
    "program_type": "On-Demand N2P SDU/MDU Simple",
    "target_eligibility_quarter": "Dec 2025"
   }
  },
  {
   "type": "Feature",
   "geometry": {
    "type": "Point",
    "coordinates": [
     150.89123492,
     -31.09664322
    ]
   },
   "properties": {
    "name": "143 GUNNEDAH ROAD TAMINDA 2340",
    "locID": "LOC000102578804",
    "tech": "FTTN",
    "upgrade": "FTTP_NA",
    "gnaf_pid": "GANSW706044354",
    "tech_change_status": "Committed",
    "program_type": "On-Demand N2P SDU/MDU Simple",
    "target_eligibility_quarter": "Dec 2025"
   }
  },
  {
   "type": "Feature",
   "geometry": {
    "type": "Point",
    "coordinates": [
     150.89055086,
     -31.09694568
    ]
   },
   "properties": {
    "name": "151 GUNNEDAH ROAD TAMINDA 2340",
    "locID": "LOC000093786811",
    "tech": "FTTN",
    "upgrade": "FTTP",
    "gnaf_pid": "GANSW706044356",
    "tech_change_status": "Eligible to Order",
    "program_type": "On-Demand N2P SDU/MDU Simple",
    "target_eligibility_quarter": "NA"
   }
  },
  {
   "type": "Feature",
   "geometry": {
    "type": "Point",
    "coordinates": [
     150.90628266,
     -31.09648061
    ]
   },
   "properties": {
    "name": "25 GUNNEDAH ROAD TAMINDA 2340",
    "locID": "LOC000011419058",
    "tech": "FTTN",
    "upgrade": "FTTP_NA",
    "gnaf_pid": "GANSW706044358",
    "tech_change_status": "Committed",
    "program_type": "On-Demand N2P SDU/MDU Simple",
    "target_eligibility_quarter": "Dec 2025"
   }
  },
  {
   "type": "Feature",
   "geometry": {
    "type": "Point",
    "coordinates": [
     150.90521113,
     -31.09620917
    ]
   },
   "properties": {
    "name": "31 GUNNEDAH ROAD TAMINDA 2340",
    "locID": "LOC000045540246",
    "tech": "FTTN",
    "upgrade": "FTTP_SA",
    "gnaf_pid": "GANSW706044360",
    "tech_change_status": "Eligible to Order",
    "program_type": "On-Demand N2P SDU/MDU Simple",
    "target_eligibility_quarter": "NA"
   }
  },
  {
   "type": "Feature",
   "geometry": {
    "type": "Point",
    "coordinates": [
     150.90503171,
     -31.09701316
    ]
   },
   "properties": {
    "name": "37 GUNNEDAH ROAD TAMINDA 2340",
    "locID": "LOC000087190596",
    "tech": "FTTN",
    "upgrade": "FTTP_NA",
    "gnaf_pid": "GANSW706044362",
    "tech_change_status": "Committed",
    "program_type": "On-Demand N2P SDU/MDU Simple",
    "target_eligibility_quarter": "Dec 2025"
   }
  },
  {
   "type": "Feature",
   "geometry": {
    "type": "Point",
    "coordinates": [
     150.9109238,
     -31.08913219
    ]
   },
   "properties": {
    "name": "14 ANSON STREET TAMINDA 2340",
    "locID": "LOC000057242101",
    "tech": "FTTN",
    "upgrade": "FTTP_NA",
    "gnaf_pid": "GANSW706047252",
    "tech_change_status": "Committed",
    "program_type": "On-Demand N2P SDU/MDU Simple",
    "target_eligibility_quarter": "Dec 2025"
   }
  },
  {
   "type": "Feature",
   "geometry": {
    "type": "Point",
    "coordinates": [
     150.91108214,
     -31.08952538
    ]
   },
   "properties": {
    "name": "18 ANSON STREET TAMINDA 2340",
    "locID": "LOC000052385733",
    "tech": "FTTP",
    "upgrade": "FTTP_NA",
    "gnaf_pid": "GANSW706047253",
    "tech_change_status": "Previous Tech Disconnected",
    "program_type": "On-Demand N2P SDU/MDU Simple",
    "target_eligibility_quarter": "NA"
   }
  },
  {
   "type": "Feature",
   "geometry": {
    "type": "Point",
    "coordinates": [
     150.91116104,
     -31.08972128
    ]
   },
   "properties": {
    "name": "20 ANSON STREET TAMINDA 2340",
    "locID": "LOC000039993823",
    "tech": "FTTP",
    "upgrade": "FTTP_NA",
    "gnaf_pid": "GANSW706047254",
    "tech_change_status": "Previous Tech Disconnected",
    "program_type": "On-Demand N2P SDU/MDU Simple",
    "target_eligibility_quarter": "NA"
   }
  },
  {
   "type": "Feature",
   "geometry": {
    "type": "Point",
    "coordinates": [
     150.9098591,
     -31.08836424
    ]
   },
   "properties": {
    "name": "3 ANSON STREET TAMINDA 2340",
    "locID": "LOC000018818475",
    "tech": "FTTN",
    "upgrade": "FTTP_NA",
    "gnaf_pid": "GANSW706047255",
    "tech_change_status": "Committed",
    "program_type": "On-Demand N2P SDU/MDU Simple",
    "target_eligibility_quarter": "Dec 2025"
   }
  },
  {
   "type": "Feature",
   "geometry": {
    "type": "Point",
    "coordinates": [
     150.90870013,
     -31.09284679
    ]
   },
   "properties": {
    "name": "29-31 WIRRAWAY STREET TAMINDA 2340",
    "locID": "LOC000015535171",
    "tech": "FTTN",
    "upgrade": "FTTP_SA",
    "gnaf_pid": "GANSW706047933",
    "tech_change_status": "Eligible to Order",
    "program_type": "On-Demand N2P SDU/MDU Simple",
    "target_eligibility_quarter": "NA"
   }
  },
  {
   "type": "Feature",
   "geometry": {
    "type": "Point",
    "coordinates": [
     150.9089863,
     -31.09291004
    ]
   },
   "properties": {
    "name": "33 WIRRAWAY STREET TAMINDA 2340",
    "locID": "LOC000068865834",
    "tech": "FTTN",
    "upgrade": "FTTP_SA",
    "gnaf_pid": "GANSW706047934",
    "tech_change_status": "Eligible to Order",
    "program_type": "On-Demand N2P SDU/MDU Simple",
    "target_eligibility_quarter": "NA"
   }
  },
  {
   "type": "Feature",
   "geometry": {
    "type": "Point",
    "coordinates": [
     150.90931406,
     -31.09330637
    ]
   },
   "properties": {
    "name": "35 WIRRAWAY STREET TAMINDA 2340",
    "locID": "LOC000152344742",
    "tech": "FTTN",
    "upgrade": "FTTP_SA",
    "gnaf_pid": "GANSW706047935",
    "tech_change_status": "Eligible to Order",
    "program_type": "On-Demand N2P SDU/MDU Simple",
    "target_eligibility_quarter": "NA"
   }
  },
  {
   "type": "Feature",
   "geometry": {
    "type": "Point",
    "coordinates": [
     150.90729182,
     -31.09137265
    ]
   },
   "properties": {
    "name": "9 WIRRAWAY STREET TAMINDA 2340",
    "locID": "LOC000072488950",
    "tech": "FTTN",
    "upgrade": "FTTP_SA",
    "gnaf_pid": "GANSW706047941",
    "tech_change_status": "Eligible to Order",
    "program_type": "On-Demand N2P SDU/MDU Simple",
    "target_eligibility_quarter": "NA"
   }
  },
  {
   "type": "Feature",
   "geometry": {
    "type": "Point",
    "coordinates": [
     150.89810084,
     -31.09544882
    ]
   },
   "properties": {
    "name": "36 DAMPIER STREET TAMINDA 2340",
    "locID": "LOC000102175404",
    "tech": "FTTN",
    "upgrade": "FTTP_NA",
    "gnaf_pid": "GANSW706050922",
    "tech_change_status": "Committed",
    "program_type": "On-Demand N2P SDU/MDU Simple",
    "target_eligibility_quarter": "Dec 2025"
   }
  },
  {
   "type": "Feature",
   "geometry": {
    "type": "Point",
    "coordinates": [
     150.91477887,
     -31.08723671
    ]
   },
   "properties": {
    "name": "7 DENISON STREET TAMINDA 2340",
    "locID": "LOC000067628126",
    "tech": "FTTN",
    "upgrade": "FTTP_NA",
    "gnaf_pid": "GANSW706050964",
    "tech_change_status": "Committed",
    "program_type": "On-Demand N2P SDU/MDU Simple",
    "target_eligibility_quarter": "Dec 2025"
   }
  },
  {
   "type": "Feature",
   "geometry": {
    "type": "Point",
    "coordinates": [
     150.91555281,
     -31.08695201
    ]
   },
   "properties": {
    "name": "6-10 DENISON STREET TAMINDA 2340",
    "locID": "LOC000172752675",
    "tech": "FTTN",
    "upgrade": "FTTP_NA",
    "gnaf_pid": "GANSW706054614",
    "tech_change_status": "MDU Complex Eligible To Apply",
    "program_type": "Customer-initiated N2P MDU Complex"
   }
  },
  {
   "type": "Feature",
   "geometry": {
    "type": "Point",
    "coordinates": [
     150.89518341,
     -31.09790104
    ]
   },
   "properties": {
    "name": "113 GUNNEDAH ROAD TAMINDA 2340",
    "locID": "LOC000019798005",
    "tech": "FTTN",
    "upgrade": "FTTP_SA",
    "gnaf_pid": "GANSW706054622",
    "tech_change_status": "Eligible to Order",
    "program_type": "On-Demand N2P SDU/MDU Simple",
    "target_eligibility_quarter": "NA"
   }
  },
  {
   "type": "Feature",
   "geometry": {
    "type": "Point",
    "coordinates": [
     150.89504258,
     -31.09799257
    ]
   },
   "properties": {
    "name": "115 GUNNEDAH ROAD TAMINDA 2340",
    "locID": "LOC000044204648",
    "tech": "FTTP",
    "upgrade": "FTTP_NA",
    "gnaf_pid": "GANSW706054623",
    "tech_change_status": "Previous Tech Disconnected",
    "program_type": "On-Demand N2P SDU/MDU Simple",
    "target_eligibility_quarter": "NA"
   }
  },
  {
   "type": "Feature",
   "geometry": {
    "type": "Point",
    "coordinates": [
     150.89395154,
     -31.0977464
    ]
   },
   "properties": {
    "name": "125 GUNNEDAH ROAD TAMINDA 2340",
    "locID": "LOC000053971177",
    "tech": "FTTN",
    "upgrade": "FTTP_SA",
    "gnaf_pid": "GANSW706054625",
    "tech_change_status": "Eligible to Order",
    "program_type": "On-Demand N2P SDU/MDU Simple",
    "target_eligibility_quarter": "NA"
   }
  },
  {
   "type": "Feature",
   "geometry": {
    "type": "Point",
    "coordinates": [
     150.89375131,
     -31.0977078
    ]
   },
   "properties": {
    "name": "127 GUNNEDAH ROAD TAMINDA 2340",
    "locID": "LOC000088105669",
    "tech": "FTTN",
    "upgrade": "FTTP_SA",
    "gnaf_pid": "GANSW706054626",
    "tech_change_status": "Eligible to Order",
    "program_type": "On-Demand N2P SDU/MDU Simple",
    "target_eligibility_quarter": "NA"
   }
  },
  {
   "type": "Feature",
   "geometry": {
    "type": "Point",
    "coordinates": [
     150.89333375,
     -31.09764345
    ]
   },
   "properties": {
    "name": "131 GUNNEDAH ROAD TAMINDA 2340",
    "locID": "LOC000098094519",
    "tech": "FTTP",
    "upgrade": "FTTP_NA",
    "gnaf_pid": "GANSW706054628",
    "tech_change_status": "Previous Tech Disconnected",
    "program_type": "On-Demand N2P SDU/MDU Simple",
    "target_eligibility_quarter": "NA"
   }
  },
  {
   "type": "Feature",
   "geometry": {
    "type": "Point",
    "coordinates": [
     150.90477957,
     -31.09708811
    ]
   },
   "properties": {
    "name": "39 GUNNEDAH ROAD TAMINDA 2340",
    "locID": "LOC000104903551",
    "tech": "FTTN",
    "upgrade": "FTTP_NA",
    "gnaf_pid": "GANSW706054630",
    "tech_change_status": "Committed",
    "program_type": "On-Demand N2P SDU/MDU Simple",
    "target_eligibility_quarter": "Dec 2025"
   }
  },
  {
   "type": "Feature",
   "geometry": {
    "type": "Point",
    "coordinates": [
     150.90452032,
     -31.09716357
    ]
   },
   "properties": {
    "name": "41 GUNNEDAH ROAD TAMINDA 2340",
    "locID": "LOC000034925720",
    "tech": "FTTN",
    "upgrade": "FTTP",
    "gnaf_pid": "GANSW706054631",
    "tech_change_status": "Eligible to Order",
    "program_type": "On-Demand N2P SDU/MDU Simple",
    "target_eligibility_quarter": "NA"
   }
  },
  {
   "type": "Feature",
   "geometry": {
    "type": "Point",
    "coordinates": [
     150.9042557,
     -31.09724058
    ]
   },
   "properties": {
    "name": "43 GUNNEDAH ROAD TAMINDA 2340",
    "locID": "LOC000102278863",
    "tech": "FTTN",
    "upgrade": "FTTP_SA",
    "gnaf_pid": "GANSW706054632",
    "tech_change_status": "Eligible to Order",
    "program_type": "On-Demand N2P SDU/MDU Simple",
    "target_eligibility_quarter": "NA"
   }
  },
  {
   "type": "Feature",
   "geometry": {
    "type": "Point",
    "coordinates": [
     150.90373105,
     -31.09738151
    ]
   },
   "properties": {
    "name": "45 GUNNEDAH ROAD TAMINDA 2340",
    "locID": "LOC000102379539",
    "tech": "FTTN",
    "upgrade": "FTTP_SA",
    "gnaf_pid": "GANSW706054633",
    "tech_change_status": "Eligible to Order",
    "program_type": "On-Demand N2P SDU/MDU Simple",
    "target_eligibility_quarter": "NA"
   }
  },
  {
   "type": "Feature",
   "geometry": {
    "type": "Point",
    "coordinates": [
     150.90348594,
     -31.09745313
    ]
   },
   "properties": {
    "name": "47 GUNNEDAH ROAD TAMINDA 2340",
    "locID": "LOC000057175954",
    "tech": "FTTP",
    "upgrade": "FTTP_NA",
    "gnaf_pid": "GANSW706054634",
    "tech_change_status": "Previous Tech Disconnected",
    "program_type": "On-Demand N2P SDU/MDU Simple",
    "target_eligibility_quarter": "NA"
   }
  },
  {
   "type": "Feature",
   "geometry": {
    "type": "Point",
    "coordinates": [
     150.90227507,
     -31.09540163
    ]
   },
   "properties": {
    "name": "49 GUNNEDAH ROAD TAMINDA 2340",
    "locID": "LOC000172756825",
    "tech": "FTTN",
    "upgrade": "FTTP_NA",
    "gnaf_pid": "GANSW706054635",
    "tech_change_status": "Committed",
    "program_type": "On-Demand N2P SDU/MDU Simple",
    "target_eligibility_quarter": "Dec 2025"
   }
  },
  {
   "type": "Feature",
   "geometry": {
    "type": "Point",
    "coordinates": [
     150.90289656,
     -31.09741631
    ]
   },
   "properties": {
    "name": "51 GUNNEDAH ROAD TAMINDA 2340",
    "locID": "LOC000088127947",
    "tech": "FTTN",
    "upgrade": "FTTP_SA",
    "gnaf_pid": "GANSW706054636",
    "tech_change_status": "Eligible to Order",
    "program_type": "On-Demand N2P SDU/MDU Simple",
    "target_eligibility_quarter": "NA"
   }
  },
  {
   "type": "Feature",
   "geometry": {
    "type": "Point",
    "coordinates": [
     150.90266201,
     -31.09748414
    ]
   },
   "properties": {
    "name": "53 GUNNEDAH ROAD TAMINDA 2340",
    "locID": "LOC000058136262",
    "tech": "FTTN",
    "upgrade": "FTTP_SA",
    "gnaf_pid": "GANSW706054637",
    "tech_change_status": "Eligible to Order",
    "program_type": "On-Demand N2P SDU/MDU Simple",
    "target_eligibility_quarter": "NA"
   }
  },
  {
   "type": "Feature",
   "geometry": {
    "type": "Point",
    "coordinates": [
     150.90242033,
     -31.09755699
    ]
   },
   "properties": {
    "name": "55 GUNNEDAH ROAD TAMINDA 2340",
    "locID": "LOC000098713824",
    "tech": "FTTN",
    "upgrade": "FTTP_NA",
    "gnaf_pid": "GANSW706054638",
    "tech_change_status": "Committed",
    "program_type": "On-Demand N2P SDU/MDU Simple",
    "target_eligibility_quarter": "Dec 2025"
   }
  },
  {
   "type": "Feature",
   "geometry": {
    "type": "Point",
    "coordinates": [
     150.90151962,
     -31.09795586
    ]
   },
   "properties": {
    "name": "63 GUNNEDAH ROAD TAMINDA 2340",
    "locID": "LOC000088174994",
    "tech": "FTTN",
    "upgrade": "FTTP_NA",
    "gnaf_pid": "GANSW706057835",
    "tech_change_status": "Committed",
    "program_type": "On-Demand N2P SDU/MDU Simple",
    "target_eligibility_quarter": "Dec 2025"
   }
  },
  {
   "type": "Feature",
   "geometry": {
    "type": "Point",
    "coordinates": [
     150.90126713,
     -31.09807051
    ]
   },
   "properties": {
    "name": "65 GUNNEDAH ROAD TAMINDA 2340",
    "locID": "LOC000093581264",
    "tech": "FTTN",
    "upgrade": "FTTP_NA",
    "gnaf_pid": "GANSW706057836",
    "tech_change_status": "Committed",
    "program_type": "On-Demand N2P SDU/MDU Simple",
    "target_eligibility_quarter": "Dec 2025"
   }
  },
  {
   "type": "Feature",
   "geometry": {
    "type": "Point",
    "coordinates": [
     150.90077492,
     -31.09825074
    ]
   },
   "properties": {
    "name": "67 GUNNEDAH ROAD TAMINDA 2340",
    "locID": "LOC000043432389",
    "tech": "FTTN",
    "upgrade": "FTTP_NA",
    "gnaf_pid": "GANSW706057837",
    "tech_change_status": "Committed",
    "program_type": "On-Demand N2P SDU/MDU Simple",
    "target_eligibility_quarter": "Dec 2025"
   }
  },
  {
   "type": "Feature",
   "geometry": {
    "type": "Point",
    "coordinates": [
     150.90058177,
     -31.09836086
    ]
   },
   "properties": {
    "name": "69 GUNNEDAH ROAD TAMINDA 2340",
    "locID": "LOC000052641499",
    "tech": "FTTN",
    "upgrade": "FTTP_SA",
    "gnaf_pid": "GANSW706057838",
    "tech_change_status": "Eligible to Order",
    "program_type": "On-Demand N2P SDU/MDU Simple",
    "target_eligibility_quarter": "NA"
   }
  },
  {
   "type": "Feature",
   "geometry": {
    "type": "Point",
    "coordinates": [
     150.90032921,
     -31.09839723
    ]
   },
   "properties": {
    "name": "71 GUNNEDAH ROAD TAMINDA 2340",
    "locID": "LOC000002178421",
    "tech": "FTTN",
    "upgrade": "FTTP_SA",
    "gnaf_pid": "GANSW706057839",
    "tech_change_status": "Eligible to Order",
    "program_type": "On-Demand N2P SDU/MDU Simple",
    "target_eligibility_quarter": "NA"
   }
  },
  {
   "type": "Feature",
   "geometry": {
    "type": "Point",
    "coordinates": [
     150.90011296,
     -31.09846257
    ]
   },
   "properties": {
    "name": "73 GUNNEDAH ROAD TAMINDA 2340",
    "locID": "LOC000038650741",
    "tech": "FTTN",
    "upgrade": "FTTP_NA",
    "gnaf_pid": "GANSW706057840",
    "tech_change_status": "Committed",
    "program_type": "On-Demand N2P SDU/MDU Simple",
    "target_eligibility_quarter": "Dec 2025"
   }
  },
  {
   "type": "Feature",
   "geometry": {
    "type": "Point",
    "coordinates": [
     150.89986618,
     -31.09853714
    ]
   },
   "properties": {
    "name": "75 GUNNEDAH ROAD TAMINDA 2340",
    "locID": "LOC000056265637",
    "tech": "FTTN",
    "upgrade": "FTTP_NA",
    "gnaf_pid": "GANSW706057841",
    "tech_change_status": "Committed",
    "program_type": "On-Demand N2P SDU/MDU Simple",
    "target_eligibility_quarter": "Dec 2025"
   }
  },
  {
   "type": "Feature",
   "geometry": {
    "type": "Point",
    "coordinates": [
     150.89816239,
     -31.09795763
    ]
   },
   "properties": {
    "name": "85 GUNNEDAH ROAD TAMINDA 2340",
    "locID": "LOC000088188760",
    "tech": "FTTP",
    "upgrade": "FTTP_NA",
    "gnaf_pid": "GANSW706057842",
    "tech_change_status": "Previous Tech Disconnected",
    "program_type": "On-Demand N2P SDU/MDU Simple",
    "target_eligibility_quarter": "NA"
   }
  },
  {
   "type": "Feature",
   "geometry": {
    "type": "Point",
    "coordinates": [
     150.90309766,
     -31.096212
    ]
   },
   "properties": {
    "name": "10 HINKLER ROAD TAMINDA 2340",
    "locID": "LOC000097145320",
    "tech": "FTTP",
    "upgrade": "FTTP_NA",
    "gnaf_pid": "GANSW706057859",
    "tech_change_status": "Previous Tech Disconnected",
    "program_type": "On-Demand N2P SDU/MDU Simple",
    "target_eligibility_quarter": "NA"
   }
  },
  {
   "type": "Feature",
   "geometry": {
    "type": "Point",
    "coordinates": [
     150.90369155,
     -31.09553676
    ]
   },
   "properties": {
    "name": "11 HINKLER ROAD TAMINDA 2340",
    "locID": "LOC000049614507",
    "tech": "FTTN",
    "upgrade": "FTTP_SA",
    "gnaf_pid": "GANSW706057860",
    "tech_change_status": "Eligible to Order",
    "program_type": "On-Demand N2P SDU/MDU Simple",
    "target_eligibility_quarter": "NA"
   }
  },
  {
   "type": "Feature",
   "geometry": {
    "type": "Point",
    "coordinates": [
     150.90309766,
     -31.096212
    ]
   },
   "properties": {
    "name": "12 HINKLER ROAD TAMINDA 2340",
    "locID": "LOC000025020203",
    "tech": "FTTN",
    "upgrade": "FTTP_NA",
    "gnaf_pid": "GANSW706057861",
    "tech_change_status": "Committed",
    "program_type": "On-Demand N2P SDU/MDU Simple",
    "target_eligibility_quarter": "Dec 2025"
   }
  },
  {
   "type": "Feature",
   "geometry": {
    "type": "Point",
    "coordinates": [
     150.90335667,
     -31.09543005
    ]
   },
   "properties": {
    "name": "13 HINKLER ROAD TAMINDA 2340",
    "locID": "LOC000040913624",
    "tech": "FTTN",
    "upgrade": "FTTP_SA",
    "gnaf_pid": "GANSW706057862",
    "tech_change_status": "Eligible to Order",
    "program_type": "On-Demand N2P SDU/MDU Simple",
    "target_eligibility_quarter": "NA"
   }
  },
  {
   "type": "Feature",
   "geometry": {
    "type": "Point",
    "coordinates": [
     150.9030783,
     -31.09533835
    ]
   },
   "properties": {
    "name": "15 HINKLER ROAD TAMINDA 2340",
    "locID": "LOC000072529916",
    "tech": "FTTN",
    "upgrade": "FTTP_SA",
    "gnaf_pid": "GANSW706057863",
    "tech_change_status": "Eligible to Order",
    "program_type": "On-Demand N2P SDU/MDU Simple",
    "target_eligibility_quarter": "NA"
   }
  },
  {
   "type": "Feature",
   "geometry": {
    "type": "Point",
    "coordinates": [
     150.90268832,
     -31.09530177
    ]
   },
   "properties": {
    "name": "17 HINKLER ROAD TAMINDA 2340",
    "locID": "LOC000025052154",
    "tech": "FTTN",
    "upgrade": "FTTP_NA",
    "gnaf_pid": "GANSW706057864",
    "tech_change_status": "Committed",
    "program_type": "On-Demand N2P SDU/MDU Simple",
    "target_eligibility_quarter": "Dec 2025"
   }
  },
  {
   "type": "Feature",
   "geometry": {
    "type": "Point",
    "coordinates": [
     150.90350043,
     -31.09713124
    ]
   },
   "properties": {
    "name": "2 HINKLER ROAD TAMINDA 2340",
    "locID": "LOC000046863596",
    "tech": "FTTN",
    "upgrade": "FTTP_SA",
    "gnaf_pid": "GANSW706057865",
    "tech_change_status": "Eligible to Order",
    "program_type": "On-Demand N2P SDU/MDU Simple",
    "target_eligibility_quarter": "NA"
   }
  },
  {
   "type": "Feature",
   "geometry": {
    "type": "Point",
    "coordinates": [
     150.9045818,
     -31.09649165
    ]
   },
   "properties": {
    "name": "3 HINKLER ROAD TAMINDA 2340",
    "locID": "LOC000090174972",
    "tech": "FTTP",
    "upgrade": "FTTP_NA",
    "gnaf_pid": "GANSW706057866",
    "tech_change_status": "Previous Tech Disconnected",
    "program_type": "On-Demand N2P SDU/MDU Simple",
    "target_eligibility_quarter": "NA"
   }
  },
  {
   "type": "Feature",
   "geometry": {
    "type": "Point",
    "coordinates": [
     150.90341754,
     -31.09692547
    ]
   },
   "properties": {
    "name": "4 HINKLER ROAD TAMINDA 2340",
    "locID": "LOC000047284470",
    "tech": "FTTP",
    "upgrade": "FTTP_NA",
    "gnaf_pid": "GANSW706057867",
    "tech_change_status": "Previous Tech Disconnected",
    "program_type": "On-Demand N2P SDU/MDU Simple",
    "target_eligibility_quarter": "NA"
   }
  },
  {
   "type": "Feature",
   "geometry": {
    "type": "Point",
    "coordinates": [
     150.9039995,
     -31.09642202
    ]
   },
   "properties": {
    "name": "5-7 HINKLER ROAD TAMINDA 2340",
    "locID": "LOC000172756802",
    "tech": "FTTN",
    "upgrade": "FTTP_SA",
    "gnaf_pid": "GANSW706057868",
    "tech_change_status": "Eligible to Order",
    "program_type": "On-Demand N2P SDU/MDU Simple",
    "target_eligibility_quarter": "NA"
   }
  },
  {
   "type": "Feature",
   "geometry": {
    "type": "Point",
    "coordinates": [
     150.90333687,
     -31.09672522
    ]
   },
   "properties": {
    "name": "6 HINKLER ROAD TAMINDA 2340",
    "locID": "LOC000091589617",
    "tech": "FTTN",
    "upgrade": "FTTP_SA",
    "gnaf_pid": "GANSW706057869",
    "tech_change_status": "Eligible to Order",
    "program_type": "On-Demand N2P SDU/MDU Simple",
    "target_eligibility_quarter": "NA"
   }
  },
  {
   "type": "Feature",
   "geometry": {
    "type": "Point",
    "coordinates": [
     150.9032532,
     -31.09651752
    ]
   },
   "properties": {
    "name": "8 HINKLER ROAD TAMINDA 2340",
    "locID": "LOC000033350850",
    "tech": "FTTN",
    "upgrade": "FTTP_SA",
    "gnaf_pid": "GANSW706057870",
    "tech_change_status": "Eligible to Order",
    "program_type": "On-Demand N2P SDU/MDU Simple",
    "target_eligibility_quarter": "NA"
   }
  },
  {
   "type": "Feature",
   "geometry": {
    "type": "Point",
    "coordinates": [
     150.89555102,
     -31.09731907
    ]
   },
   "properties": {
    "name": "109 GUNNEDAH ROAD TAMINDA 2340",
    "locID": "LOC000089937540",
    "tech": "FTTN",
    "upgrade": "FTTP",
    "gnaf_pid": "GANSW706061238",
    "tech_change_status": "Eligible to Order",
    "program_type": "On-Demand N2P SDU/MDU Simple",
    "target_eligibility_quarter": "NA"
   }
  },
  {
   "type": "Feature",
   "geometry": {
    "type": "Point",
    "coordinates": [
     150.90024875,
     -31.09733488
    ]
   },
   "properties": {
    "name": "2 HARGRAVE STREET TAMINDA 2340",
    "locID": "LOC000016363236",
    "tech": "FTTN",
    "upgrade": "FTTP_SA",
    "gnaf_pid": "GANSW706064473",
    "tech_change_status": "Eligible to Order",
    "program_type": "On-Demand N2P SDU/MDU Simple",
    "target_eligibility_quarter": "NA"
   }
  },
  {
   "type": "Feature",
   "geometry": {
    "type": "Point",
    "coordinates": [
     150.90019689,
     -31.09668872
    ]
   },
   "properties": {
    "name": "3 HARGRAVE STREET TAMINDA 2340",
    "locID": "LOC000007406424",
    "tech": "FTTN",
    "upgrade": "FTTP_NA",
    "gnaf_pid": "GANSW706064474",
    "tech_change_status": "Committed",
    "program_type": "On-Demand N2P SDU/MDU Simple",
    "target_eligibility_quarter": "Dec 2025"
   }
  },
  {
   "type": "Feature",
   "geometry": {
    "type": "Point",
    "coordinates": [
     150.89998793,
     -31.09735889
    ]
   },
   "properties": {
    "name": "4 HARGRAVE STREET TAMINDA 2340",
    "locID": "LOC000100220856",
    "tech": "FTTN",
    "upgrade": "FTTP_SA",
    "gnaf_pid": "GANSW706064475",
    "tech_change_status": "Eligible to Order",
    "program_type": "On-Demand N2P SDU/MDU Simple",
    "target_eligibility_quarter": "NA"
   }
  },
  {
   "type": "Feature",
   "geometry": {
    "type": "Point",
    "coordinates": [
     150.89994914,
     -31.09665097
    ]
   },
   "properties": {
    "name": "5 HARGRAVE STREET TAMINDA 2340",
    "locID": "LOC000076810987",
    "tech": "FTTN",
    "upgrade": "FTTP_NA",
    "gnaf_pid": "GANSW706064476",
    "tech_change_status": "Committed",
    "program_type": "On-Demand N2P SDU/MDU Simple",
    "target_eligibility_quarter": "Dec 2025"
   }
  },
  {
   "type": "Feature",
   "geometry": {
    "type": "Point",
    "coordinates": [
     150.89971039,
     -31.09755752
    ]
   },
   "properties": {
    "name": "6 HARGRAVE STREET TAMINDA 2340",
    "locID": "LOC000084411553",
    "tech": "FTTN",
    "upgrade": "FTTP_SA",
    "gnaf_pid": "GANSW706064477",
    "tech_change_status": "Eligible to Order",
    "program_type": "On-Demand N2P SDU/MDU Simple",
    "target_eligibility_quarter": "NA"
   }
  },
  {
   "type": "Feature",
   "geometry": {
    "type": "Point",
    "coordinates": [
     150.8995808,
     -31.09659485
    ]
   },
   "properties": {
    "name": "7 HARGRAVE STREET TAMINDA 2340",
    "locID": "LOC000005510195",
    "tech": "FTTN",
    "upgrade": "FTTP_NA",
    "gnaf_pid": "GANSW706064478",
    "tech_change_status": "Committed",
    "program_type": "On-Demand N2P SDU/MDU Simple",
    "target_eligibility_quarter": "Dec 2025"
   }
  },
  {
   "type": "Feature",
   "geometry": {
    "type": "Point",
    "coordinates": [
     150.9129798,
     -31.09020849
    ]
   },
   "properties": {
    "name": "37-41 BARNES STREET TAMINDA 2340",
    "locID": "LOC000179806902",
    "tech": "FTTN",
    "upgrade": "FTTP_NA",
    "gnaf_pid": "GANSW706064516",
    "tech_change_status": "Committed",
    "program_type": "On-Demand N2P SDU/MDU Simple",
    "target_eligibility_quarter": "Dec 2025"
   }
  },
  {
   "type": "Feature",
   "geometry": {
    "type": "Point",
    "coordinates": [
     150.91315155,
     -31.091112
    ]
   },
   "properties": {
    "name": "38-40 BARNES STREET TAMINDA 2340",
    "locID": "LOC000108475128",
    "tech": "FTTP",
    "upgrade": "FTTP_NA",
    "gnaf_pid": "GANSW706064517",
    "tech_change_status": "Previous Tech Disconnected",
    "program_type": "On-Demand N2P SDU/MDU Simple",
    "target_eligibility_quarter": "NA"
   }
  },
  {
   "type": "Feature",
   "geometry": {
    "type": "Point",
    "coordinates": [
     150.91701906,
     -31.08943824
    ]
   },
   "properties": {
    "name": "4 BARNES STREET TAMINDA 2340",
    "locID": "LOC000012325436",
    "tech": "FTTP",
    "upgrade": "FTTP_NA",
    "gnaf_pid": "GANSW706064518",
    "tech_change_status": "Previous Tech Disconnected",
    "program_type": "On-Demand N2P SDU/MDU Simple",
    "target_eligibility_quarter": "NA"
   }
  },
  {
   "type": "Feature",
   "geometry": {
    "type": "Point",
    "coordinates": [
     150.91286221,
     -31.09134755
    ]
   },
   "properties": {
    "name": "42 BARNES STREET TAMINDA 2340",
    "locID": "LOC000066651046",
    "tech": "FTTN",
    "upgrade": "FTTP",
    "gnaf_pid": "GANSW706064519",
    "tech_change_status": "Eligible to Order",
    "program_type": "On-Demand N2P SDU/MDU Simple",
    "target_eligibility_quarter": "NA"
   }
  },
  {
   "type": "Feature",
   "geometry": {
    "type": "Point",
    "coordinates": [
     150.91267949,
     -31.09149633
    ]
   },
   "properties": {
    "name": "44 BARNES STREET TAMINDA 2340",
    "locID": "LOC000112565658",
    "tech": "FTTN",
    "upgrade": "FTTP",
    "gnaf_pid": "GANSW706064520",
    "tech_change_status": "Eligible to Order",
    "program_type": "On-Demand N2P SDU/MDU Simple",
    "target_eligibility_quarter": "NA"
   }
  },
  {
   "type": "Feature",
   "geometry": {
    "type": "Point",
    "coordinates": [
     150.91249676,
     -31.09164511
    ]
   },
   "properties": {
    "name": "46 BARNES STREET TAMINDA 2340",
    "locID": "LOC000033688475",
    "tech": "FTTN",
    "upgrade": "FTTP_SA",
    "gnaf_pid": "GANSW706064521",
    "tech_change_status": "Eligible to Order",
    "program_type": "On-Demand N2P SDU/MDU Simple",
    "target_eligibility_quarter": "NA"
   }
  },
  {
   "type": "Feature",
   "geometry": {
    "type": "Point",
    "coordinates": [
     150.91230601,
     -31.09180044
    ]
   },
   "properties": {
    "name": "48 BARNES STREET TAMINDA 2340",
    "locID": "LOC000027430255",
    "tech": "FTTP",
    "upgrade": "FTTP_NA",
    "gnaf_pid": "GANSW706064523",
    "tech_change_status": "Previous Tech Disconnected",
    "program_type": "On-Demand N2P SDU/MDU Simple",
    "target_eligibility_quarter": "NA"
   }
  },
  {
   "type": "Feature",
   "geometry": {
    "type": "Point",
    "coordinates": [
     150.91210649,
     -31.09196281
    ]
   },
   "properties": {
    "name": "50 BARNES STREET TAMINDA 2340",
    "locID": "LOC000029694832",
    "tech": "FTTN",
    "upgrade": "FTTP_SA",
    "gnaf_pid": "GANSW706064524",
    "tech_change_status": "Eligible to Order",
    "program_type": "On-Demand N2P SDU/MDU Simple",
    "target_eligibility_quarter": "NA"
   }
  },
  {
   "type": "Feature",
   "geometry": {
    "type": "Point",
    "coordinates": [
     150.89228534,
     -31.09728151
    ]
   },
   "properties": {
    "name": "137 GUNNEDAH ROAD TAMINDA 2340",
    "locID": "LOC000010586761",
    "tech": "FTTP",
    "upgrade": "FTTP_NA",
    "gnaf_pid": "GANSW706068096",
    "tech_change_status": "Previous Tech Disconnected",
    "program_type": "On-Demand N2P SDU/MDU Simple",
    "target_eligibility_quarter": "NA"
   }
  },
  {
   "type": "Feature",
   "geometry": {
    "type": "Point",
    "coordinates": [
     150.89679869,
     -31.09796008
    ]
   },
   "properties": {
    "name": "99 GUNNEDAH ROAD TAMINDA 2340",
    "locID": "LOC000189530024",
    "tech": "FTTP",
    "upgrade": "FTTP_NA",
    "gnaf_pid": "GANSW706068125",
    "tech_change_status": "Previous Tech Disconnected",
    "program_type": "On-Demand N2P SDU/MDU Simple",
    "target_eligibility_quarter": "NA"
   }
  },
  {
   "type": "Feature",
   "geometry": {
    "type": "Point",
    "coordinates": [
     150.90045466,
     -31.09671001
    ]
   },
   "properties": {
    "name": "1 HARGRAVE STREET TAMINDA 2340",
    "locID": "LOC000099424565",
    "tech": "FTTP",
    "upgrade": "FTTP_NA",
    "gnaf_pid": "GANSW706068126",
    "tech_change_status": "Previous Tech Disconnected",
    "program_type": "On-Demand N2P SDU/MDU Simple",
    "target_eligibility_quarter": "NA"
   }
  },
  {
   "type": "Feature",
   "geometry": {
    "type": "Point",
    "coordinates": [
     150.89934615,
     -31.0975018
    ]
   },
   "properties": {
    "name": "8 HARGRAVE STREET TAMINDA 2340",
    "locID": "LOC000168996817",
    "tech": "FTTN",
    "upgrade": "FTTP_NA",
    "gnaf_pid": "GANSW706068132",
    "tech_change_status": "MDU Complex Eligible To Apply",
    "program_type": "Customer-initiated N2P MDU Complex"
   }
  },
  {
   "type": "Feature",
   "geometry": {
    "type": "Point",
    "coordinates": [
     150.90412275,
     -31.09580689
    ]
   },
   "properties": {
    "name": "9 HINKLER ROAD TAMINDA 2340",
    "locID": "LOC000034826847",
    "tech": "FTTN",
    "upgrade": "FTTP_SA",
    "gnaf_pid": "GANSW706068141",
    "tech_change_status": "Eligible to Order",
    "program_type": "On-Demand N2P SDU/MDU Simple",
    "target_eligibility_quarter": "NA"
   }
  },
  {
   "type": "Feature",
   "geometry": {
    "type": "Point",
    "coordinates": [
     150.91371713,
     -31.08838344
    ]
   },
   "properties": {
    "name": "1-5 HUDSON STREET TAMINDA 2340",
    "locID": "LOC000006416647",
    "tech": "FTTP",
    "upgrade": "FTTP_NA",
    "gnaf_pid": "GANSW706068142",
    "tech_change_status": "Previous Tech Disconnected",
    "program_type": "On-Demand N2P SDU/MDU Simple",
    "target_eligibility_quarter": "NA"
   }
  },
  {
   "type": "Feature",
   "geometry": {
    "type": "Point",
    "coordinates": [
     150.91311141,
     -31.08935581
    ]
   },
   "properties": {
    "name": "10 HUDSON STREET TAMINDA 2340",
    "locID": "LOC000078119353",
    "tech": "FTTP",
    "upgrade": "FTTP_NA",
    "gnaf_pid": "GANSW706068143",
    "tech_change_status": "Previous Tech Disconnected",
    "program_type": "On-Demand N2P SDU/MDU Simple",
    "target_eligibility_quarter": "NA"
   }
  },
  {
   "type": "Feature",
   "geometry": {
    "type": "Point",
    "coordinates": [
     150.91262122,
     -31.08880853
    ]
   },
   "properties": {
    "name": "11 HUDSON STREET TAMINDA 2340",
    "locID": "LOC000028953250",
    "tech": "FTTN",
    "upgrade": "FTTP_NA",
    "gnaf_pid": "GANSW706068144",
    "tech_change_status": "Committed",
    "program_type": "On-Demand N2P SDU/MDU Simple",
    "target_eligibility_quarter": "Dec 2025"
   }
  },
  {
   "type": "Feature",
   "geometry": {
    "type": "Point",
    "coordinates": [
     150.91362258,
     -31.08916214
    ]
   },
   "properties": {
    "name": "6 HUDSON STREET TAMINDA 2340",
    "locID": "LOC000054875987",
    "tech": "FTTN",
    "upgrade": "FTTP_SA",
    "gnaf_pid": "GANSW706068145",
    "tech_change_status": "Eligible to Order",
    "program_type": "On-Demand N2P SDU/MDU Simple",
    "target_eligibility_quarter": "NA"
   }
  },
  {
   "type": "Feature",
   "geometry": {
    "type": "Point",
    "coordinates": [
     150.9131226,
     -31.08841414
    ]
   },
   "properties": {
    "name": "7 HUDSON STREET TAMINDA 2340",
    "locID": "LOC000052069714",
    "tech": "FTTN",
    "upgrade": "FTTP_NA",
    "gnaf_pid": "GANSW706068146",
    "tech_change_status": "Committed",
    "program_type": "On-Demand N2P SDU/MDU Simple",
    "target_eligibility_quarter": "Dec 2025"
   }
  },
  {
   "type": "Feature",
   "geometry": {
    "type": "Point",
    "coordinates": [
     150.91340205,
     -31.08925668
    ]
   },
   "properties": {
    "name": "8 HUDSON STREET TAMINDA 2340",
    "locID": "LOC000009853167",
    "tech": "FTTP",
    "upgrade": "FTTP_NA",
    "gnaf_pid": "GANSW706068147",
    "tech_change_status": "Previous Tech Disconnected",
    "program_type": "On-Demand N2P SDU/MDU Simple",
    "target_eligibility_quarter": "NA"
   }
  },
  {
   "type": "Feature",
   "geometry": {
    "type": "Point",
    "coordinates": [
     150.91287919,
     -31.08873056
    ]
   },
   "properties": {
    "name": "9 HUDSON STREET TAMINDA 2340",
    "locID": "LOC000028144943",
    "tech": "FTTN",
    "upgrade": "FTTP_NA",
    "gnaf_pid": "GANSW706068148",
    "tech_change_status": "Committed",
    "program_type": "On-Demand N2P SDU/MDU Simple",
    "target_eligibility_quarter": "Dec 2025"
   }
  },
  {
   "type": "Feature",
   "geometry": {
    "type": "Point",
    "coordinates": [
     150.89521242,
     -31.09543954
    ]
   },
   "properties": {
    "name": "19-27 HUME STREET TAMINDA 2340",
    "locID": "LOC000028684486",
    "tech": "FTTN",
    "upgrade": "NULL_NA",
    "gnaf_pid": "GANSW706068152",
    "tech_change_status": "Not Planned"
   }
  },
  {
   "type": "Feature",
   "geometry": {
    "type": "Point",
    "coordinates": [
     150.89546626,
     -31.09405541
    ]
   },
   "properties": {
    "name": "20-24 HUME STREET TAMINDA 2340",
    "locID": "LOC000120882658",
    "tech": "FTTN",
    "upgrade": "FTTP_SA",
    "gnaf_pid": "GANSW706068153",
    "tech_change_status": "Eligible to Order",
    "program_type": "On-Demand N2P SDU/MDU Simple",
    "target_eligibility_quarter": "NA"
   }
  },
  {
   "type": "Feature",
   "geometry": {
    "type": "Point",
    "coordinates": [
     150.89490653,
     -31.09365155
    ]
   },
   "properties": {
    "name": "26 HUME STREET TAMINDA 2340",
    "locID": "LOC000032244731",
    "tech": "FTTN",
    "upgrade": "FTTP_SA",
    "gnaf_pid": "GANSW706068154",
    "tech_change_status": "Eligible to Order",
    "program_type": "On-Demand N2P SDU/MDU Simple",
    "target_eligibility_quarter": "NA"
   }
  },
  {
   "type": "Feature",
   "geometry": {
    "type": "Point",
    "coordinates": [
     150.89792891,
     -31.09137772
    ]
   },
   "properties": {
    "name": "3 KINGSFORD SMITH STREET TAMINDA 2340",
    "locID": "LOC000044136937",
    "tech": "FTTN",
    "upgrade": "FTTP_SA",
    "gnaf_pid": "GANSW706068175",
    "tech_change_status": "Eligible to Order",
    "program_type": "On-Demand N2P SDU/MDU Simple",
    "target_eligibility_quarter": "NA"
   }
  },
  {
   "type": "Feature",
   "geometry": {
    "type": "Point",
    "coordinates": [
     150.89747726,
     -31.09202724
    ]
   },
   "properties": {
    "name": "4 KINGSFORD SMITH STREET TAMINDA 2340",
    "locID": "LOC000064921223",
    "tech": "FTTP",
    "upgrade": "FTTP_NA",
    "gnaf_pid": "GANSW706068176",
    "tech_change_status": "Previous Tech Disconnected",
    "program_type": "On-Demand N2P SDU/MDU Simple",
    "target_eligibility_quarter": "NA"
   }
  },
  {
   "type": "Feature",
   "geometry": {
    "type": "Point",
    "coordinates": [
     150.89716412,
     -31.09197691
    ]
   },
   "properties": {
    "name": "6 KINGSFORD SMITH STREET TAMINDA 2340",
    "locID": "LOC000003749837",
    "tech": "FTTN",
    "upgrade": "FTTP_NA",
    "gnaf_pid": "GANSW706068178",
    "tech_change_status": "Committed",
    "program_type": "On-Demand N2P SDU/MDU Simple",
    "target_eligibility_quarter": "Dec 2025"
   }
  },
  {
   "type": "Feature",
   "geometry": {
    "type": "Point",
    "coordinates": [
     150.89684641,
     -31.09192585
    ]
   },
   "properties": {
    "name": "8 KINGSFORD SMITH STREET TAMINDA 2340",
    "locID": "LOC000013289724",
    "tech": "FTTN",
    "upgrade": "FTTP_NA",
    "gnaf_pid": "GANSW706068179",
    "tech_change_status": "Committed",
    "program_type": "On-Demand N2P SDU/MDU Simple",
    "target_eligibility_quarter": "Dec 2025"
   }
  },
  {
   "type": "Feature",
   "geometry": {
    "type": "Point",
    "coordinates": [
     150.90935931,
     -31.08841221
    ]
   },
   "properties": {
    "name": "14-16 LOCKHEED STREET TAMINDA 2340",
    "locID": "LOC000069591090",
    "tech": "FTTN",
    "upgrade": "FTTP_SA",
    "gnaf_pid": "GANSW706068182",
    "tech_change_status": "Eligible to Order",
    "program_type": "On-Demand N2P SDU/MDU Simple",
    "target_eligibility_quarter": "NA"
   }
  },
  {
   "type": "Feature",
   "geometry": {
    "type": "Point",
    "coordinates": [
     150.91014979,
     -31.09189498
    ]
   },
   "properties": {
    "name": "19-23 LOCKHEED STREET TAMINDA 2340",
    "locID": "LOC000049168730",
    "tech": "FTTN",
    "upgrade": "FTTP_SA",
    "gnaf_pid": "GANSW706068184",
    "tech_change_status": "Eligible to Order",
    "program_type": "On-Demand N2P SDU/MDU Simple",
    "target_eligibility_quarter": "NA"
   }
  },
  {
   "type": "Feature",
   "geometry": {
    "type": "Point",
    "coordinates": [
     150.90875012,
     -31.0870481
    ]
   },
   "properties": {
    "name": "2-6 LOCKHEED STREET TAMINDA 2340",
    "locID": "LOC000112142745",
    "tech": "FTTN",
    "upgrade": "FTTP_NA",
    "gnaf_pid": "GANSW706068185",
    "tech_change_status": "Committed",
    "program_type": "On-Demand N2P SDU/MDU Simple",
    "target_eligibility_quarter": "Dec 2025"
   }
  },
  {
   "type": "Feature",
   "geometry": {
    "type": "Point",
    "coordinates": [
     150.91022193,
     -31.0864501
    ]
   },
   "properties": {
    "name": "9 AVRO STREET TAMINDA 2340",
    "locID": "LOC000021484500",
    "tech": "FTTN",
    "upgrade": "FTTP_SA",
    "gnaf_pid": "GANSW706074713",
    "tech_change_status": "Eligible to Order",
    "program_type": "On-Demand N2P SDU/MDU Simple",
    "target_eligibility_quarter": "NA"
   }
  },
  {
   "type": "Feature",
   "geometry": {
    "type": "Point",
    "coordinates": [
     150.91798432,
     -31.08842178
    ]
   },
   "properties": {
    "name": "1 BARNES STREET TAMINDA 2340",
    "locID": "LOC000051825887",
    "tech": "FTTN",
    "upgrade": "FTTP_NA",
    "gnaf_pid": "GANSW706074714",
    "tech_change_status": "Committed",
    "program_type": "On-Demand N2P SDU/MDU Simple",
    "target_eligibility_quarter": "Dec 2025"
   }
  },
  {
   "type": "Feature",
   "geometry": {
    "type": "Point",
    "coordinates": [
     150.91672069,
     -31.08887492
    ]
   },
   "properties": {
    "name": "11 BARNES STREET TAMINDA 2340",
    "locID": "LOC000035097790",
    "tech": "FTTN",
    "upgrade": "FTTP_SA",
    "gnaf_pid": "GANSW706074715",
    "tech_change_status": "Eligible to Order",
    "program_type": "On-Demand N2P SDU/MDU Simple",
    "target_eligibility_quarter": "NA"
   }
  },
  {
   "type": "Feature",
   "geometry": {
    "type": "Point",
    "coordinates": [
     150.91513742,
     -31.08992425
    ]
   },
   "properties": {
    "name": "18 BARNES STREET TAMINDA 2340",
    "locID": "LOC000097998626",
    "tech": "FTTN",
    "upgrade": "FTTP_NA",
    "gnaf_pid": "GANSW706074718",
    "tech_change_status": "Committed",
    "program_type": "On-Demand N2P SDU/MDU Simple",
    "target_eligibility_quarter": "Dec 2025"
   }
  },
  {
   "type": "Feature",
   "geometry": {
    "type": "Point",
    "coordinates": [
     150.88853326,
     -31.09384495
    ]
   },
   "properties": {
    "name": "33-41 BASS STREET TAMINDA 2340",
    "locID": "LOC000098480605",
    "tech": "WIRELESS",
    "upgrade": "NULL_NA",
    "gnaf_pid": "GANSW706074782",
    "tech_change_status": "Not Planned",
    "program_type": "Fixed Wireless and Satellite Upgrade Program",
    "target_eligibility_quarter": "NA"
   }
  },
  {
   "type": "Feature",
   "geometry": {
    "type": "Point",
    "coordinates": [
     150.89014378,
     -31.09719346
    ]
   },
   "properties": {
    "name": "4 BASS STREET TAMINDA 2340",
    "locID": "LOC000192121530",
    "tech": "FTTN",
    "upgrade": "FTTP_SA",
    "gnaf_pid": "GANSW706074783",
    "tech_change_status": "Eligible to Order",
    "program_type": "On-Demand N2P SDU/MDU Simple",
    "target_eligibility_quarter": "NA"
   }
  },
  {
   "type": "Feature",
   "geometry": {
    "type": "Point",
    "coordinates": [
     150.890174,
     -31.09698135
    ]
   },
   "properties": {
    "name": "6 BASS STREET TAMINDA 2340",
    "locID": "LOC000172756771",
    "tech": "FTTN",
    "upgrade": "FTTP_NA",
    "gnaf_pid": "GANSW706074786",
    "tech_change_status": "MDU Complex Eligible To Apply",
    "program_type": "Customer-initiated N2P MDU Complex"
   }
  },
  {
   "type": "Feature",
   "geometry": {
    "type": "Point",
    "coordinates": [
     150.89022222,
     -31.09676715
    ]
   },
   "properties": {
    "name": "8 BASS STREET TAMINDA 2340",
    "locID": "LOC000018432162",
    "tech": "FTTP",
    "upgrade": "FTTP_NA",
    "gnaf_pid": "GANSW706074787",
    "tech_change_status": "Previous Tech Disconnected",
    "program_type": "On-Demand N2P SDU/MDU Simple",
    "target_eligibility_quarter": "NA"
   }
  },
  {
   "type": "Feature",
   "geometry": {
    "type": "Point",
    "coordinates": [
     150.91273784,
     -31.08954823
    ]
   },
   "properties": {
    "name": "42-44 AVRO STREET TAMINDA 2340",
    "locID": "LOC000013729245",
    "tech": "FTTN",
    "upgrade": "FTTP_SA",
    "gnaf_pid": "GANSW706074788",
    "tech_change_status": "Eligible to Order",
    "program_type": "On-Demand N2P SDU/MDU Simple",
    "target_eligibility_quarter": "NA"
   }
  },
  {
   "type": "Feature",
   "geometry": {
    "type": "Point",
    "coordinates": [
     150.91000769,
     -31.08607493
    ]
   },
   "properties": {
    "name": "5 AVRO STREET TAMINDA 2340",
    "locID": "LOC000002409510",
    "tech": "FTTN",
    "upgrade": "FTTP_SA",
    "gnaf_pid": "GANSW706074789",
    "tech_change_status": "Eligible to Order",
    "program_type": "On-Demand N2P SDU/MDU Simple",
    "target_eligibility_quarter": "NA"
   }
  },
  {
   "type": "Feature",
   "geometry": {
    "type": "Point",
    "coordinates": [
     150.91013565,
     -31.08625055
    ]
   },
   "properties": {
    "name": "7 AVRO STREET TAMINDA 2340",
    "locID": "LOC000053559819",
    "tech": "FTTP",
    "upgrade": "NULL_NA",
    "gnaf_pid": "GANSW706074790",
    "tech_change_status": "Eligible to Order",
    "program_type": "On-Demand N2P SDU/MDU Simple",
    "target_eligibility_quarter": "NA"
   }
  },
  {
   "type": "Feature",
   "geometry": {
    "type": "Point",
    "coordinates": [
     150.91521152,
     -31.08939643
    ]
   },
   "properties": {
    "name": "19-23 BARNES STREET TAMINDA 2340",
    "locID": "LOC000075079132",
    "tech": "FTTN",
    "upgrade": "FTTP",
    "gnaf_pid": "GANSW706074795",
    "tech_change_status": "Eligible to Order",
    "program_type": "On-Demand N2P SDU/MDU Simple",
    "target_eligibility_quarter": "NA"
   }
  },
  {
   "type": "Feature",
   "geometry": {
    "type": "Point",
    "coordinates": [
     150.91725221,
     -31.08929758
    ]
   },
   "properties": {
    "name": "2 BARNES STREET TAMINDA 2340",
    "locID": "LOC000047720011",
    "tech": "FTTN",
    "upgrade": "FTTP_NA",
    "gnaf_pid": "GANSW706074796",
    "tech_change_status": "Committed",
    "program_type": "On-Demand N2P SDU/MDU Simple",
    "target_eligibility_quarter": "Dec 2025"
   }
  },
  {
   "type": "Feature",
   "geometry": {
    "type": "Point",
    "coordinates": [
     150.91438383,
     -31.08947658
    ]
   },
   "properties": {
    "name": "27 BARNES STREET TAMINDA 2340",
    "locID": "LOC000066427890",
    "tech": "FTTN",
    "upgrade": "FTTP_SA",
    "gnaf_pid": "GANSW706074797",
    "tech_change_status": "Eligible to Order",
    "program_type": "On-Demand N2P SDU/MDU Simple",
    "target_eligibility_quarter": "NA"
   }
  },
  {
   "type": "Feature",
   "geometry": {
    "type": "Point",
    "coordinates": [
     150.91437916,
     -31.09073061
    ]
   },
   "properties": {
    "name": "28-32 BARNES STREET TAMINDA 2340",
    "locID": "LOC000120874207",
    "tech": "FTTN",
    "upgrade": "FTTP_NA",
    "gnaf_pid": "GANSW706074798",
    "tech_change_status": "Committed",
    "program_type": "On-Demand N2P SDU/MDU Simple",
    "target_eligibility_quarter": "Dec 2025"
   }
  },
  {
   "type": "Feature",
   "geometry": {
    "type": "Point",
    "coordinates": [
     150.91290178,
     -31.09219026
    ]
   },
   "properties": {
    "name": "52 BARNES STREET TAMINDA 2340",
    "locID": "LOC000034064223",
    "tech": "FTTN",
    "upgrade": "FTTP_SA",
    "gnaf_pid": "GANSW706074800",
    "tech_change_status": "Eligible to Order",
    "program_type": "On-Demand N2P SDU/MDU Simple",
    "target_eligibility_quarter": "NA"
   }
  },
  {
   "type": "Feature",
   "geometry": {
    "type": "Point",
    "coordinates": [
     150.91136127,
     -31.09150371
    ]
   },
   "properties": {
    "name": "55 BARNES STREET TAMINDA 2340",
    "locID": "LOC000152344790",
    "tech": "FTTN",
    "upgrade": "FTTP_SA",
    "gnaf_pid": "GANSW706074801",
    "tech_change_status": "Eligible to Order",
    "program_type": "On-Demand N2P SDU/MDU Simple",
    "target_eligibility_quarter": "NA"
   }
  },
  {
   "type": "Feature",
   "geometry": {
    "type": "Point",
    "coordinates": [
     150.91108445,
     -31.09169306
    ]
   },
   "properties": {
    "name": "59 BARNES STREET TAMINDA 2340",
    "locID": "LOC000060027179",
    "tech": "FTTN",
    "upgrade": "FTTP_SA",
    "gnaf_pid": "GANSW706074803",
    "tech_change_status": "Eligible to Order",
    "program_type": "On-Demand N2P SDU/MDU Simple",
    "target_eligibility_quarter": "NA"
   }
  },
  {
   "type": "Feature",
   "geometry": {
    "type": "Point",
    "coordinates": [
     150.91057556,
     -31.09228297
    ]
   },
   "properties": {
    "name": "61 BARNES STREET TAMINDA 2340",
    "locID": "LOC000005556784",
    "tech": "FTTN",
    "upgrade": "FTTP_NA",
    "gnaf_pid": "GANSW706074804",
    "tech_change_status": "MDU Complex Eligible To Apply",
    "program_type": "Customer-initiated N2P MDU Complex"
   }
  },
  {
   "type": "Feature",
   "geometry": {
    "type": "Point",
    "coordinates": [
     150.91704933,
     -31.08877563
    ]
   },
   "properties": {
    "name": "7 BARNES STREET TAMINDA 2340",
    "locID": "LOC000007960944",
    "tech": "FTTN",
    "upgrade": "FTTP",
    "gnaf_pid": "GANSW706074806",
    "tech_change_status": "New Tech Connected",
    "program_type": "On-Demand N2P SDU/MDU Simple",
    "target_eligibility_quarter": "NA"
   }
  },
  {
   "type": "Feature",
   "geometry": {
    "type": "Point",
    "coordinates": [
     150.91134496,
     -31.09300944
    ]
   },
   "properties": {
    "name": "70-76 BARNES STREET TAMINDA 2340",
    "locID": "LOC000006444068",
    "tech": "FTTN",
    "upgrade": "FTTP_SA",
    "gnaf_pid": "GANSW706074807",
    "tech_change_status": "Eligible to Order",
    "program_type": "On-Demand N2P SDU/MDU Simple",
    "target_eligibility_quarter": "NA"
   }
  },
  {
   "type": "Feature",
   "geometry": {
    "type": "Point",
    "coordinates": [
     150.90952019,
     -31.09236242
    ]
   },
   "properties": {
    "name": "71 BARNES STREET TAMINDA 2340",
    "locID": "LOC000058822438",
    "tech": "FTTN",
    "upgrade": "FTTP_NA",
    "gnaf_pid": "GANSW706074808",
    "tech_change_status": "Committed",
    "program_type": "On-Demand N2P SDU/MDU Simple",
    "target_eligibility_quarter": "Dec 2025"
   }
  },
  {
   "type": "Feature",
   "geometry": {
    "type": "Point",
    "coordinates": [
     150.91075905,
     -31.09308043
    ]
   },
   "properties": {
    "name": "78 BARNES STREET TAMINDA 2340",
    "locID": "LOC000010360540",
    "tech": "FTTN",
    "upgrade": "FTTP_SA",
    "gnaf_pid": "GANSW706074809",
    "tech_change_status": "Eligible to Order",
    "program_type": "On-Demand N2P SDU/MDU Simple",
    "target_eligibility_quarter": "NA"
   }
  },
  {
   "type": "Feature",
   "geometry": {
    "type": "Point",
    "coordinates": [
     150.91674812,
     -31.0894425
    ]
   },
   "properties": {
    "name": "8 BARNES STREET TAMINDA 2340",
    "locID": "LOC000052901570",
    "tech": "FTTN",
    "upgrade": "FTTP_SA",
    "gnaf_pid": "GANSW706074810",
    "tech_change_status": "Eligible to Order",
    "program_type": "On-Demand N2P SDU/MDU Simple",
    "target_eligibility_quarter": "NA"
   }
  },
  {
   "type": "Feature",
   "geometry": {
    "type": "Point",
    "coordinates": [
     150.91087784,
     -31.09362532
    ]
   },
   "properties": {
    "name": "80-82 BARNES STREET TAMINDA 2340",
    "locID": "LOC000054115778",
    "tech": "FTTN",
    "upgrade": "FTTP_SA",
    "gnaf_pid": "GANSW706074811",
    "tech_change_status": "Eligible to Order",
    "program_type": "On-Demand N2P SDU/MDU Simple",
    "target_eligibility_quarter": "NA"
   }
  },
  {
   "type": "Feature",
   "geometry": {
    "type": "Point",
    "coordinates": [
     150.90890024,
     -31.09365386
    ]
   },
   "properties": {
    "name": "81 BARNES STREET TAMINDA 2340",
    "locID": "LOC000060055258",
    "tech": "FTTP",
    "upgrade": "FTTP_NA",
    "gnaf_pid": "GANSW706074812",
    "tech_change_status": "Previous Tech Disconnected",
    "program_type": "On-Demand N2P SDU/MDU Simple",
    "target_eligibility_quarter": "NA"
   }
  },
  {
   "type": "Feature",
   "geometry": {
    "type": "Point",
    "coordinates": [
     150.90986488,
     -31.09367257
    ]
   },
   "properties": {
    "name": "84 BARNES STREET TAMINDA 2340",
    "locID": "LOC000115450717",
    "tech": "FTTN",
    "upgrade": "FTTP_NA",
    "gnaf_pid": "GANSW706074813",
    "tech_change_status": "MDU Complex Eligible To Apply",
    "program_type": "Customer-initiated N2P MDU Complex"
   }
  },
  {
   "type": "Feature",
   "geometry": {
    "type": "Point",
    "coordinates": [
     150.90861329,
     -31.09388427
    ]
   },
   "properties": {
    "name": "85 BARNES STREET TAMINDA 2340",
    "locID": "LOC000028093616",
    "tech": "FTTN",
    "upgrade": "FTTP_SA",
    "gnaf_pid": "GANSW706074814",
    "tech_change_status": "Eligible to Order",
    "program_type": "On-Demand N2P SDU/MDU Simple",
    "target_eligibility_quarter": "NA"
   }
  },
  {
   "type": "Feature",
   "geometry": {
    "type": "Point",
    "coordinates": [
     150.91688801,
     -31.08882438
    ]
   },
   "properties": {
    "name": "9 BARNES STREET TAMINDA 2340",
    "locID": "LOC000018894344",
    "tech": "FTTN",
    "upgrade": "FTTP_SA",
    "gnaf_pid": "GANSW706074815",
    "tech_change_status": "Eligible to Order",
    "program_type": "On-Demand N2P SDU/MDU Simple",
    "target_eligibility_quarter": "NA"
   }
  },
  {
   "type": "Feature",
   "geometry": {
    "type": "Point",
    "coordinates": [
     150.89026199,
     -31.09655101
    ]
   },
   "properties": {
    "name": "10 BASS STREET TAMINDA 2340",
    "locID": "LOC000033109799",
    "tech": "FTTN",
    "upgrade": "FTTP_SA",
    "gnaf_pid": "GANSW706074816",
    "tech_change_status": "Eligible to Order",
    "program_type": "On-Demand N2P SDU/MDU Simple",
    "target_eligibility_quarter": "NA"
   }
  },
  {
   "type": "Feature",
   "geometry": {
    "type": "Point",
    "coordinates": [
     150.890286,
     -31.09633835
    ]
   },
   "properties": {
    "name": "12 BASS STREET TAMINDA 2340",
    "locID": "LOC000174634282",
    "tech": "FTTN",
    "upgrade": "FTTP_SA",
    "gnaf_pid": "GANSW706074817",
    "tech_change_status": "Eligible to Order",
    "program_type": "On-Demand N2P SDU/MDU Simple",
    "target_eligibility_quarter": "NA"
   }
  },
  {
   "type": "Feature",
   "geometry": {
    "type": "Point",
    "coordinates": [
     150.89028835,
     -31.09612212
    ]
   },
   "properties": {
    "name": "14 BASS STREET TAMINDA 2340",
    "locID": "LOC000097858139",
    "tech": "FTTN",
    "upgrade": "FTTP_SA",
    "gnaf_pid": "GANSW706074818",
    "tech_change_status": "Eligible to Order",
    "program_type": "On-Demand N2P SDU/MDU Simple",
    "target_eligibility_quarter": "NA"
   }
  },
  {
   "type": "Feature",
   "geometry": {
    "type": "Point",
    "coordinates": [
     150.8878551,
     -31.09531402
    ]
   },
   "properties": {
    "name": "15-23 BASS STREET TAMINDA 2340",
    "locID": "LOC000044170235",
    "tech": "WIRELESS",
    "upgrade": "NULL_NA",
    "gnaf_pid": "GANSW706074819",
    "tech_change_status": "Not Planned",
    "program_type": "Fixed Wireless and Satellite Upgrade Program",
    "target_eligibility_quarter": "NA"
   }
  },
  {
   "type": "Feature",
   "geometry": {
    "type": "Point",
    "coordinates": [
     150.89028422,
     -31.0958602
    ]
   },
   "properties": {
    "name": "16 BASS STREET TAMINDA 2340",
    "locID": "LOC000064393062",
    "tech": "FTTN",
    "upgrade": "FTTP_NA",
    "gnaf_pid": "GANSW706074820",
    "tech_change_status": "Committed",
    "program_type": "On-Demand N2P SDU/MDU Simple",
    "target_eligibility_quarter": "Dec 2025"
   }
  },
  {
   "type": "Feature",
   "geometry": {
    "type": "Point",
    "coordinates": [
     150.91549003,
     -31.0904025
    ]
   },
   "properties": {
    "name": "36 BELMORE STREET TAMINDA 2340",
    "locID": "LOC000075479560",
    "tech": "FTTN",
    "upgrade": "FTTP_NA",
    "gnaf_pid": "GANSW706074838",
    "tech_change_status": "Committed",
    "program_type": "On-Demand N2P SDU/MDU Simple",
    "target_eligibility_quarter": "Dec 2025"
   }
  },
  {
   "type": "Feature",
   "geometry": {
    "type": "Point",
    "coordinates": [
     150.91413974,
     -31.08704031
    ]
   },
   "properties": {
    "name": "4 BELMORE STREET TAMINDA 2340",
    "locID": "LOC000034594441",
    "tech": "FTTP",
    "upgrade": "FTTP_NA",
    "gnaf_pid": "GANSW706074839",
    "tech_change_status": "Previous Tech Disconnected",
    "program_type": "On-Demand N2P SDU/MDU Simple",
    "target_eligibility_quarter": "NA"
   }
  },
  {
   "type": "Feature",
   "geometry": {
    "type": "Point",
    "coordinates": [
     150.91403365,
     -31.08903865
    ]
   },
   "properties": {
    "name": "41 BELMORE STREET TAMINDA 2340",
    "locID": "LOC000152346342",
    "tech": "FTTP",
    "upgrade": "FTTP_NA",
    "gnaf_pid": "GANSW706074840",
    "tech_change_status": "Previous Tech Disconnected",
    "program_type": "On-Demand N2P SDU/MDU Simple",
    "target_eligibility_quarter": "NA"
   }
  },
  {
   "type": "Feature",
   "geometry": {
    "type": "Point",
    "coordinates": [
     150.91767157,
     -31.08823614
    ]
   },
   "properties": {
    "name": "16 CROWN STREET TAMINDA 2340",
    "locID": "LOC000101850036",
    "tech": "FTTN",
    "upgrade": "FTTP",
    "gnaf_pid": "GANSW706360840",
    "tech_change_status": "New Tech Connected",
    "program_type": "On-Demand N2P SDU/MDU Simple",
    "target_eligibility_quarter": "NA"
   }
  },
  {
   "type": "Feature",
   "geometry": {
    "type": "Point",
    "coordinates": [
     150.89940512,
     -31.09840665
    ]
   },
   "properties": {
    "name": "77 GUNNEDAH ROAD TAMINDA 2340",
    "locID": "LOC000057802585",
    "tech": "FTTN",
    "upgrade": "FTTP_NA",
    "gnaf_pid": "GANSW706371097",
    "tech_change_status": "Committed",
    "program_type": "On-Demand N2P SDU/MDU Simple",
    "target_eligibility_quarter": "Dec 2025"
   }
  },
  {
   "type": "Feature",
   "geometry": {
    "type": "Point",
    "coordinates": [
     150.91730774,
     -31.08777028
    ]
   },
   "properties": {
    "name": "1 EBSWORTH STREET TAMINDA 2340",
    "locID": "LOC000054518022",
    "tech": "FTTN",
    "upgrade": "FTTP_SA",
    "gnaf_pid": "GANSW706443202",
    "tech_change_status": "Eligible to Order",
    "program_type": "On-Demand N2P SDU/MDU Simple",
    "target_eligibility_quarter": "NA"
   }
  },
  {
   "type": "Feature",
   "geometry": {
    "type": "Point",
    "coordinates": [
     150.89351263,
     -31.09768349
    ]
   },
   "properties": {
    "name": "UNIT 2, 129 GUNNEDAH ROAD TAMINDA 2340",
    "locID": "LOC000098427219",
    "tech": "FTTN",
    "upgrade": "FTTP_SA",
    "gnaf_pid": "GANSW706453418",
    "tech_change_status": "Eligible to Order",
    "program_type": "On-Demand N2P SDU/MDU Simple",
    "target_eligibility_quarter": "NA"
   }
  },
  {
   "type": "Feature",
   "geometry": {
    "type": "Point",
    "coordinates": [
     150.89351263,
     -31.09768349
    ]
   },
   "properties": {
    "name": "129 GUNNEDAH ROAD TAMINDA 2340",
    "locID": "LOC000098713556",
    "tech": "FTTN",
    "upgrade": "FTTP_SA",
    "gnaf_pid": "GANSW707633805",
    "tech_change_status": "Eligible to Order",
    "program_type": "On-Demand N2P SDU/MDU Simple",
    "target_eligibility_quarter": "NA"
   }
  },
  {
   "type": "Feature",
   "geometry": {
    "type": "Point",
    "coordinates": [
     150.89351263,
     -31.09768349
    ]
   },
   "properties": {
    "name": "UNIT 1, 129 GUNNEDAH ROAD TAMINDA 2340",
    "locID": "LOC000098713556",
    "tech": "FTTN",
    "upgrade": "FTTP_SA",
    "gnaf_pid": "GANSW707701133",
    "tech_change_status": "Eligible to Order",
    "program_type": "On-Demand N2P SDU/MDU Simple",
    "target_eligibility_quarter": "NA"
   }
  },
  {
   "type": "Feature",
   "geometry": {
    "type": "Point",
    "coordinates": [
     150.91340205,
     -31.08925668
    ]
   },
   "properties": {
    "name": "UNIT 1, 8 HUDSON STREET TAMINDA 2340",
    "locID": "LOC000009853167",
    "tech": "FTTP",
    "upgrade": "FTTP_NA",
    "gnaf_pid": "GANSW708427836",
    "tech_change_status": "Previous Tech Disconnected",
    "program_type": "On-Demand N2P SDU/MDU Simple",
    "target_eligibility_quarter": "NA"
   }
  },
  {
   "type": "Feature",
   "geometry": {
    "type": "Point",
    "coordinates": [
     150.89053076,
     -31.09542418
    ]
   },
   "properties": {
    "name": "18 BASS STREET TAMINDA 2340",
    "locID": "LOC000152344262",
    "tech": "FTTN",
    "upgrade": "FTTP_NA",
    "gnaf_pid": "GANSW710199327",
    "tech_change_status": "Committed",
    "program_type": "On-Demand N2P SDU/MDU Simple",
    "target_eligibility_quarter": "Dec 2025"
   }
  },
  {
   "type": "Feature",
   "geometry": {
    "type": "Point",
    "coordinates": [
     150.91764213,
     -31.08859571
    ]
   },
   "properties": {
    "name": "3 BARNES STREET TAMINDA 2340",
    "locID": "LOC000033688475",
    "tech": "FTTN",
    "upgrade": "FTTP_SA",
    "gnaf_pid": "GANSW710219052",
    "tech_change_status": "Eligible to Order",
    "program_type": "On-Demand N2P SDU/MDU Simple",
    "target_eligibility_quarter": "NA"
   }
  },
  {
   "type": "Feature",
   "geometry": {
    "type": "Point",
    "coordinates": [
     150.89649304,
     -31.09624409
    ]
   },
   "properties": {
    "name": "21 DAMPIER STREET TAMINDA 2340",
    "locID": "LOC000087513907",
    "tech": "FTTN",
    "upgrade": "FTTP_NA",
    "gnaf_pid": "GANSW710222405",
    "tech_change_status": "MDU Complex Eligible To Apply",
    "program_type": "Customer-initiated N2P MDU Complex"
   }
  },
  {
   "type": "Feature",
   "geometry": {
    "type": "Point",
    "coordinates": [
     150.89796899,
     -31.09405637
    ]
   },
   "properties": {
    "name": "1 DAMPIER STREET TAMINDA 2340",
    "locID": "LOC000096978501",
    "tech": "FTTP",
    "upgrade": "FTTP_NA",
    "gnaf_pid": "GANSW710222408",
    "tech_change_status": "Previous Tech Disconnected",
    "program_type": "On-Demand N2P SDU/MDU Simple",
    "target_eligibility_quarter": "NA"
   }
  },
  {
   "type": "Feature",
   "geometry": {
    "type": "Point",
    "coordinates": [
     150.89796899,
     -31.09405637
    ]
   },
   "properties": {
    "name": "3 DAMPIER STREET TAMINDA 2340",
    "locID": "LOC000035059178",
    "tech": "FTTN",
    "upgrade": "FTTP_NA",
    "gnaf_pid": "GANSW710222409",
    "tech_change_status": "MDU Complex Eligible To Apply",
    "program_type": "Customer-initiated N2P MDU Complex"
   }
  },
  {
   "type": "Feature",
   "geometry": {
    "type": "Point",
    "coordinates": [
     150.89796899,
     -31.09405637
    ]
   },
   "properties": {
    "name": "5 DAMPIER STREET TAMINDA 2340",
    "locID": "LOC000102175404",
    "tech": "FTTN",
    "upgrade": "FTTP_NA",
    "gnaf_pid": "GANSW710222410",
    "tech_change_status": "Committed",
    "program_type": "On-Demand N2P SDU/MDU Simple",
    "target_eligibility_quarter": "Dec 2025"
   }
  },
  {
   "type": "Feature",
   "geometry": {
    "type": "Point",
    "coordinates": [
     150.89796899,
     -31.09405637
    ]
   },
   "properties": {
    "name": "7 DAMPIER STREET TAMINDA 2340",
    "locID": "LOC000043858071",
    "tech": "FTTN",
    "upgrade": "FTTP_SA",
    "gnaf_pid": "GANSW710222411",
    "tech_change_status": "Eligible to Order",
    "program_type": "On-Demand N2P SDU/MDU Simple",
    "target_eligibility_quarter": "NA"
   }
  },
  {
   "type": "Feature",
   "geometry": {
    "type": "Point",
    "coordinates": [
     150.89660717,
     -31.09563593
    ]
   },
   "properties": {
    "name": "23 DAMPIER STREET TAMINDA 2340",
    "locID": "LOC000096007927",
    "tech": "FTTN",
    "upgrade": "FTTP_SA",
    "gnaf_pid": "GANSW710222461",
    "tech_change_status": "Eligible to Order",
    "program_type": "On-Demand N2P SDU/MDU Simple",
    "target_eligibility_quarter": "NA"
   }
  },
  {
   "type": "Feature",
   "geometry": {
    "type": "Point",
    "coordinates": [
     150.88902039,
     -31.09159666
    ]
   },
   "properties": {
    "name": "49 BASS STREET TAMINDA 2340",
    "locID": "LOC000041746091",
    "tech": "WIRELESS",
    "upgrade": "NULL_NA",
    "gnaf_pid": "GANSW710233503",
    "tech_change_status": "Not Planned",
    "program_type": "Fixed Wireless and Satellite Upgrade Program",
    "target_eligibility_quarter": "NA"
   }
  },
  {
   "type": "Feature",
   "geometry": {
    "type": "Point",
    "coordinates": [
     150.89024651,
     -31.09446406
    ]
   },
   "properties": {
    "name": "22 BASS STREET TAMINDA 2340",
    "locID": "LOC000173257773",
    "tech": "FTTN",
    "upgrade": "FTTP_NA",
    "gnaf_pid": "GANSW710233505",
    "tech_change_status": "Committed",
    "program_type": "On-Demand N2P SDU/MDU Simple",
    "target_eligibility_quarter": "Dec 2025"
   }
  },
  {
   "type": "Feature",
   "geometry": {
    "type": "Point",
    "coordinates": [
     150.91488389,
     -31.08749162
    ]
   },
   "properties": {
    "name": "9 DENISON STREET TAMINDA 2340",
    "locID": "LOC000089790360",
    "tech": "FTTN",
    "upgrade": "FTTP_SA",
    "gnaf_pid": "GANSW710255528",
    "tech_change_status": "Eligible to Order",
    "program_type": "On-Demand N2P SDU/MDU Simple",
    "target_eligibility_quarter": "NA"
   }
  },
  {
   "type": "Feature",
   "geometry": {
    "type": "Point",
    "coordinates": [
     150.91688359,
     -31.08944037
    ]
   },
   "properties": {
    "name": "6 BARNES STREET TAMINDA 2340",
    "locID": "LOC000107108263",
    "tech": "FTTN",
    "upgrade": "FTTP_SA",
    "gnaf_pid": "GANSW710263048",
    "tech_change_status": "Eligible to Order",
    "program_type": "On-Demand N2P SDU/MDU Simple",
    "target_eligibility_quarter": "NA"
   }
  },
  {
   "type": "Feature",
   "geometry": {
    "type": "Point",
    "coordinates": [
     150.91767157,
     -31.08823614
    ]
   },
   "properties": {
    "name": "18 CROWN STREET TAMINDA 2340",
    "locID": "LOC000186010640",
    "tech": "FTTN",
    "upgrade": "FTTP_SA",
    "gnaf_pid": "GANSW710263055",
    "tech_change_status": "Eligible to Order",
    "program_type": "On-Demand N2P SDU/MDU Simple",
    "target_eligibility_quarter": "NA"
   }
  },
  {
   "type": "Feature",
   "geometry": {
    "type": "Point",
    "coordinates": [
     150.89649304,
     -31.09624409
    ]
   },
   "properties": {
    "name": "17 DAMPIER STREET TAMINDA 2340",
    "locID": "LOC000082422580",
    "tech": "FTTN",
    "upgrade": "FTTP_NA",
    "gnaf_pid": "GANSW710263061",
    "tech_change_status": "MDU Complex Eligible To Apply",
    "program_type": "Customer-initiated N2P MDU Complex"
   }
  },
  {
   "type": "Feature",
   "geometry": {
    "type": "Point",
    "coordinates": [
     150.91581959,
     -31.08759599
    ]
   },
   "properties": {
    "name": "18 DENISON STREET TAMINDA 2340",
    "locID": "LOC000120867964",
    "tech": "FTTN",
    "upgrade": "FTTP_SA",
    "gnaf_pid": "GANSW715366841",
    "tech_change_status": "Eligible to Order",
    "program_type": "On-Demand N2P SDU/MDU Simple",
    "target_eligibility_quarter": "NA"
   }
  },
  {
   "type": "Feature",
   "geometry": {
    "type": "Point",
    "coordinates": [
     150.9014076,
     -31.09635999
    ]
   },
   "properties": {
    "name": "UNIT 1, 22 MACINTOSH STREET TAMINDA 2340",
    "locID": "LOC000051675825",
    "tech": "FTTN",
    "upgrade": "FTTP_SA",
    "gnaf_pid": "GANSW715384795",
    "tech_change_status": "Eligible to Order",
    "program_type": "On-Demand N2P SDU/MDU Simple",
    "target_eligibility_quarter": "NA"
   }
  },
  {
   "type": "Feature",
   "geometry": {
    "type": "Point",
    "coordinates": [
     150.89834806,
     -31.09886908
    ]
   },
   "properties": {
    "name": "LOT 5 GUNNEDAH ROAD TAMINDA 2340",
    "locID": "LOC000038650741",
    "tech": "FTTN",
    "upgrade": "FTTP_NA",
    "gnaf_pid": "GANSW715543001",
    "tech_change_status": "Committed",
    "program_type": "On-Demand N2P SDU/MDU Simple",
    "target_eligibility_quarter": "Dec 2025"
   }
  },
  {
   "type": "Feature",
   "geometry": {
    "type": "Point",
    "coordinates": [
     150.91221839,
     -31.08893027
    ]
   },
   "properties": {
    "name": "34 AVRO STREET TAMINDA 2340",
    "locID": "LOC000040076532",
    "tech": "FTTN",
    "upgrade": "FTTP_NA",
    "gnaf_pid": "GANSW715586858",
    "tech_change_status": "Committed",
    "program_type": "On-Demand N2P SDU/MDU Simple",
    "target_eligibility_quarter": "Dec 2025"
   }
  },
  {
   "type": "Feature",
   "geometry": {
    "type": "Point",
    "coordinates": [
     150.91221839,
     -31.08893027
    ]
   },
   "properties": {
    "name": "36 AVRO STREET TAMINDA 2340",
    "locID": "LOC000097170137",
    "tech": "FTTN",
    "upgrade": "FTTP_SA",
    "gnaf_pid": "GANSW715586860",
    "tech_change_status": "Eligible to Order",
    "program_type": "On-Demand N2P SDU/MDU Simple",
    "target_eligibility_quarter": "NA"
   }
  },
  {
   "type": "Feature",
   "geometry": {
    "type": "Point",
    "coordinates": [
     150.91177741,
     -31.08983881
    ]
   },
   "properties": {
    "name": "41 AVRO STREET TAMINDA 2340",
    "locID": "LOC000087569228",
    "tech": "FTTN",
    "upgrade": "FTTP_NA",
    "gnaf_pid": "GANSW715586863",
    "tech_change_status": "Committed",
    "program_type": "On-Demand N2P SDU/MDU Simple",
    "target_eligibility_quarter": "Dec 2025"
   }
  },
  {
   "type": "Feature",
   "geometry": {
    "type": "Point",
    "coordinates": [
     150.890174,
     -31.09698135
    ]
   },
   "properties": {
    "name": "UNIT 1, 6 BASS STREET TAMINDA 2340",
    "locID": "LOC000051404487",
    "tech": "FTTN",
    "upgrade": "FTTP_NA",
    "gnaf_pid": "GANSW715588251",
    "tech_change_status": "MDU Complex Eligible To Apply",
    "program_type": "Customer-initiated N2P MDU Complex"
   }
  },
  {
   "type": "Feature",
   "geometry": {
    "type": "Point",
    "coordinates": [
     150.890174,
     -31.09698135
    ]
   },
   "properties": {
    "name": "UNIT 2, 6 BASS STREET TAMINDA 2340",
    "locID": "LOC000051462136",
    "tech": "FTTN",
    "upgrade": "FTTP_NA",
    "gnaf_pid": "GANSW715588252",
    "tech_change_status": "MDU Complex Eligible To Apply",
    "program_type": "Customer-initiated N2P MDU Complex"
   }
  },
  {
   "type": "Feature",
   "geometry": {
    "type": "Point",
    "coordinates": [
     150.890174,
     -31.09698135
    ]
   },
   "properties": {
    "name": "UNIT 3, 6 BASS STREET TAMINDA 2340",
    "locID": "LOC000051555097",
    "tech": "FTTN",
    "upgrade": "FTTP_NA",
    "gnaf_pid": "GANSW715588253",
    "tech_change_status": "MDU Complex Eligible To Apply",
    "program_type": "Customer-initiated N2P MDU Complex"
   }
  },
  {
   "type": "Feature",
   "geometry": {
    "type": "Point",
    "coordinates": [
     150.88867214,
     -31.09650988
    ]
   },
   "properties": {
    "name": "1-13 BASS STREET TAMINDA 2340",
    "locID": "LOC000079177979",
    "tech": "FTTN",
    "upgrade": "FTTP_NA",
    "gnaf_pid": "GANSW715588260",
    "tech_change_status": "Committed",
    "program_type": "On-Demand N2P SDU/MDU Simple",
    "target_eligibility_quarter": "Dec 2025"
   }
  },
  {
   "type": "Feature",
   "geometry": {
    "type": "Point",
    "coordinates": [
     150.90875012,
     -31.0870481
    ]
   },
   "properties": {
    "name": "UNIT 3, 2-6 LOCKHEED STREET TAMINDA 2340",
    "locID": "LOC000112142745",
    "tech": "FTTN",
    "upgrade": "FTTP_NA",
    "gnaf_pid": "GANSW715629806",
    "tech_change_status": "Committed",
    "program_type": "On-Demand N2P SDU/MDU Simple",
    "target_eligibility_quarter": "Dec 2025"
   }
  },
  {
   "type": "Feature",
   "geometry": {
    "type": "Point",
    "coordinates": [
     150.90927918,
     -31.08800891
    ]
   },
   "properties": {
    "name": "10 LOCKHEED STREET TAMINDA 2340",
    "locID": "LOC000192110275",
    "tech": "FTTN",
    "upgrade": "FTTP_SA",
    "gnaf_pid": "GANSW715629807",
    "tech_change_status": "Eligible to Order",
    "program_type": "On-Demand N2P SDU/MDU Simple",
    "target_eligibility_quarter": "NA"
   }
  },
  {
   "type": "Feature",
   "geometry": {
    "type": "Point",
    "coordinates": [
     150.90939816,
     -31.09100181
    ]
   },
   "properties": {
    "name": "11 LOCKHEED STREET TAMINDA 2340",
    "locID": "LOC000152344800",
    "tech": "FTTN",
    "upgrade": "FTTP_SA",
    "gnaf_pid": "GANSW715629808",
    "tech_change_status": "Eligible to Order",
    "program_type": "On-Demand N2P SDU/MDU Simple",
    "target_eligibility_quarter": "NA"
   }
  },
  {
   "type": "Feature",
   "geometry": {
    "type": "Point",
    "coordinates": [
     150.90967909,
     -31.09147183
    ]
   },
   "properties": {
    "name": "13 LOCKHEED STREET TAMINDA 2340",
    "locID": "LOC000047023266",
    "tech": "FTTN",
    "upgrade": "FTTP_SA",
    "gnaf_pid": "GANSW715629809",
    "tech_change_status": "Eligible to Order",
    "program_type": "On-Demand N2P SDU/MDU Simple",
    "target_eligibility_quarter": "NA"
   }
  },
  {
   "type": "Feature",
   "geometry": {
    "type": "Point",
    "coordinates": [
     150.90935931,
     -31.08841221
    ]
   },
   "properties": {
    "name": "14 LOCKHEED STREET TAMINDA 2340",
    "locID": "LOC000069591090",
    "tech": "FTTN",
    "upgrade": "FTTP_SA",
    "gnaf_pid": "GANSW715629810",
    "tech_change_status": "Eligible to Order",
    "program_type": "On-Demand N2P SDU/MDU Simple",
    "target_eligibility_quarter": "NA"
   }
  },
  {
   "type": "Feature",
   "geometry": {
    "type": "Point",
    "coordinates": [
     150.90935931,
     -31.08841221
    ]
   },
   "properties": {
    "name": "16 LOCKHEED STREET TAMINDA 2340",
    "locID": "LOC000069591090",
    "tech": "FTTN",
    "upgrade": "FTTP_SA",
    "gnaf_pid": "GANSW715629812",
    "tech_change_status": "Eligible to Order",
    "program_type": "On-Demand N2P SDU/MDU Simple",
    "target_eligibility_quarter": "NA"
   }
  },
  {
   "type": "Feature",
   "geometry": {
    "type": "Point",
    "coordinates": [
     150.90965758,
     -31.08918767
    ]
   },
   "properties": {
    "name": "22 LOCKHEED STREET TAMINDA 2340",
    "locID": "LOC000049494455",
    "tech": "FTTN",
    "upgrade": "FTTP_NA",
    "gnaf_pid": "GANSW715629817",
    "tech_change_status": "Committed",
    "program_type": "On-Demand N2P SDU/MDU Simple",
    "target_eligibility_quarter": "Dec 2025"
   }
  },
  {
   "type": "Feature",
   "geometry": {
    "type": "Point",
    "coordinates": [
     150.90939816,
     -31.09100181
    ]
   },
   "properties": {
    "name": "9 LOCKHEED STREET TAMINDA 2340",
    "locID": "LOC000152344800",
    "tech": "FTTN",
    "upgrade": "FTTP_SA",
    "gnaf_pid": "GANSW715629822",
    "tech_change_status": "Eligible to Order",
    "program_type": "On-Demand N2P SDU/MDU Simple",
    "target_eligibility_quarter": "NA"
   }
  },
  {
   "type": "Feature",
   "geometry": {
    "type": "Point",
    "coordinates": [
     150.9029955,
     -31.0958948
    ]
   },
   "properties": {
    "name": "14 HINKLER ROAD TAMINDA 2340",
    "locID": "LOC000025407103",
    "tech": "FTTN",
    "upgrade": "FTTP_NA",
    "gnaf_pid": "GANSW715680872",
    "tech_change_status": "Committed",
    "program_type": "On-Demand N2P SDU/MDU Simple",
    "target_eligibility_quarter": "Dec 2025"
   }
  },
  {
   "type": "Feature",
   "geometry": {
    "type": "Point",
    "coordinates": [
     150.89666676,
     -31.09120469
    ]
   },
   "properties": {
    "name": "11 KINGSFORD SMITH STREET TAMINDA 2340",
    "locID": "LOC000112751966",
    "tech": "FTTN",
    "upgrade": "FTTP_SA",
    "gnaf_pid": "GANSW715682221",
    "tech_change_status": "Eligible to Order",
    "program_type": "On-Demand N2P SDU/MDU Simple",
    "target_eligibility_quarter": "NA"
   }
  },
  {
   "type": "Feature",
   "geometry": {
    "type": "Point",
    "coordinates": [
     150.89645792,
     -31.09117607
    ]
   },
   "properties": {
    "name": "13 KINGSFORD SMITH STREET TAMINDA 2340",
    "locID": "LOC000032069217",
    "tech": "FTTN",
    "upgrade": "FTTP_NA",
    "gnaf_pid": "GANSW715682223",
    "tech_change_status": "Committed",
    "program_type": "On-Demand N2P SDU/MDU Simple",
    "target_eligibility_quarter": "Dec 2025"
   }
  },
  {
   "type": "Feature",
   "geometry": {
    "type": "Point",
    "coordinates": [
     150.89624909,
     -31.09114744
    ]
   },
   "properties": {
    "name": "15 KINGSFORD SMITH STREET TAMINDA 2340",
    "locID": "LOC000055456267",
    "tech": "FTTP",
    "upgrade": "FTTP_NA",
    "gnaf_pid": "GANSW715682224",
    "tech_change_status": "Previous Tech Disconnected",
    "program_type": "On-Demand N2P SDU/MDU Simple",
    "target_eligibility_quarter": "NA"
   }
  },
  {
   "type": "Feature",
   "geometry": {
    "type": "Point",
    "coordinates": [
     150.8967584,
     -31.09159144
    ]
   },
   "properties": {
    "name": "2 KINGSFORD SMITH STREET TAMINDA 2340",
    "locID": "LOC000055456267",
    "tech": "FTTP",
    "upgrade": "FTTP_NA",
    "gnaf_pid": "GANSW715682230",
    "tech_change_status": "Previous Tech Disconnected",
    "program_type": "On-Demand N2P SDU/MDU Simple",
    "target_eligibility_quarter": "NA"
   }
  },
  {
   "type": "Feature",
   "geometry": {
    "type": "Point",
    "coordinates": [
     150.89762434,
     -31.09133178
    ]
   },
   "properties": {
    "name": "5 KINGSFORD SMITH STREET TAMINDA 2340",
    "locID": "LOC000085731119",
    "tech": "FTTN",
    "upgrade": "FTTP_SA",
    "gnaf_pid": "GANSW715682233",
    "tech_change_status": "Eligible to Order",
    "program_type": "On-Demand N2P SDU/MDU Simple",
    "target_eligibility_quarter": "NA"
   }
  },
  {
   "type": "Feature",
   "geometry": {
    "type": "Point",
    "coordinates": [
     150.89734473,
     -31.09129441
    ]
   },
   "properties": {
    "name": "7 KINGSFORD SMITH STREET TAMINDA 2340",
    "locID": "LOC000009189029",
    "tech": "FTTP",
    "upgrade": "FTTP_NA",
    "gnaf_pid": "GANSW715682235",
    "tech_change_status": "Previous Tech Disconnected",
    "program_type": "On-Demand N2P SDU/MDU Simple",
    "target_eligibility_quarter": "NA"
   }
  },
  {
   "type": "Feature",
   "geometry": {
    "type": "Point",
    "coordinates": [
     150.89708724,
     -31.09126234
    ]
   },
   "properties": {
    "name": "9 KINGSFORD SMITH STREET TAMINDA 2340",
    "locID": "LOC000102034735",
    "tech": "FTTN",
    "upgrade": "FTTP_SA",
    "gnaf_pid": "GANSW715682237",
    "tech_change_status": "Eligible to Order",
    "program_type": "On-Demand N2P SDU/MDU Simple",
    "target_eligibility_quarter": "NA"
   }
  },
  {
   "type": "Feature",
   "geometry": {
    "type": "Point",
    "coordinates": [
     150.9014076,
     -31.09635999
    ]
   },
   "properties": {
    "name": "UNIT 2, 22 MACINTOSH STREET TAMINDA 2340",
    "locID": "LOC000052192063",
    "tech": "FTTN",
    "upgrade": "FTTP_SA",
    "gnaf_pid": "GANSW715683195",
    "tech_change_status": "Eligible to Order",
    "program_type": "On-Demand N2P SDU/MDU Simple",
    "target_eligibility_quarter": "NA"
   }
  },
  {
   "type": "Feature",
   "geometry": {
    "type": "Point",
    "coordinates": [
     150.90084613,
     -31.09798272
    ]
   },
   "properties": {
    "name": "1 MACINTOSH STREET TAMINDA 2340",
    "locID": "LOC000030472692",
    "tech": "FTTN",
    "upgrade": "FTTP_SA",
    "gnaf_pid": "GANSW715683204",
    "tech_change_status": "Eligible to Order",
    "program_type": "On-Demand N2P SDU/MDU Simple",
    "target_eligibility_quarter": "NA"
   }
  },
  {
   "type": "Feature",
   "geometry": {
    "type": "Point",
    "coordinates": [
     150.90084613,
     -31.09798272
    ]
   },
   "properties": {
    "name": "24 MACINTOSH STREET TAMINDA 2340",
    "locID": "LOC000052192063",
    "tech": "FTTN",
    "upgrade": "FTTP_SA",
    "gnaf_pid": "GANSW715683207",
    "tech_change_status": "Eligible to Order",
    "program_type": "On-Demand N2P SDU/MDU Simple",
    "target_eligibility_quarter": "NA"
   }
  },
  {
   "type": "Feature",
   "geometry": {
    "type": "Point",
    "coordinates": [
     150.90801643,
     -31.09214921
    ]
   },
   "properties": {
    "name": "17 WIRRAWAY STREET TAMINDA 2340",
    "locID": "LOC000152344816",
    "tech": "FTTN",
    "upgrade": "FTTP_SA",
    "gnaf_pid": "GANSW715692872",
    "tech_change_status": "Eligible to Order",
    "program_type": "On-Demand N2P SDU/MDU Simple",
    "target_eligibility_quarter": "NA"
   }
  },
  {
   "type": "Feature",
   "geometry": {
    "type": "Point",
    "coordinates": [
     150.90801643,
     -31.09214921
    ]
   },
   "properties": {
    "name": "19 WIRRAWAY STREET TAMINDA 2340",
    "locID": "LOC000152344816",
    "tech": "FTTN",
    "upgrade": "FTTP_SA",
    "gnaf_pid": "GANSW715692873",
    "tech_change_status": "Eligible to Order",
    "program_type": "On-Demand N2P SDU/MDU Simple",
    "target_eligibility_quarter": "NA"
   }
  },
  {
   "type": "Feature",
   "geometry": {
    "type": "Point",
    "coordinates": [
     150.90804281,
     -31.09235242
    ]
   },
   "properties": {
    "name": "21 WIRRAWAY STREET TAMINDA 2340",
    "locID": "LOC000077348307",
    "tech": "FTTN",
    "upgrade": "FTTP_SA",
    "gnaf_pid": "GANSW715692875",
    "tech_change_status": "Eligible to Order",
    "program_type": "On-Demand N2P SDU/MDU Simple",
    "target_eligibility_quarter": "NA"
   }
  },
  {
   "type": "Feature",
   "geometry": {
    "type": "Point",
    "coordinates": [
     150.90830364,
     -31.09258886
    ]
   },
   "properties": {
    "name": "23 WIRRAWAY STREET TAMINDA 2340",
    "locID": "LOC000152344735",
    "tech": "FTTN",
    "upgrade": "FTTP_SA",
    "gnaf_pid": "GANSW715692876",
    "tech_change_status": "Eligible to Order",
    "program_type": "On-Demand N2P SDU/MDU Simple",
    "target_eligibility_quarter": "NA"
   }
  },
  {
   "type": "Feature",
   "geometry": {
    "type": "Point",
    "coordinates": [
     150.90870013,
     -31.09284679
    ]
   },
   "properties": {
    "name": "29 WIRRAWAY STREET TAMINDA 2340",
    "locID": "LOC000015535171",
    "tech": "FTTN",
    "upgrade": "FTTP_SA",
    "gnaf_pid": "GANSW715692878",
    "tech_change_status": "Eligible to Order",
    "program_type": "On-Demand N2P SDU/MDU Simple",
    "target_eligibility_quarter": "NA"
   }
  },
  {
   "type": "Feature",
   "geometry": {
    "type": "Point",
    "coordinates": [
     150.90870013,
     -31.09284679
    ]
   },
   "properties": {
    "name": "31 WIRRAWAY STREET TAMINDA 2340",
    "locID": "LOC000015535171",
    "tech": "FTTN",
    "upgrade": "FTTP_SA",
    "gnaf_pid": "GANSW715692880",
    "tech_change_status": "Eligible to Order",
    "program_type": "On-Demand N2P SDU/MDU Simple",
    "target_eligibility_quarter": "NA"
   }
  },
  {
   "type": "Feature",
   "geometry": {
    "type": "Point",
    "coordinates": [
     150.90709885,
     -31.09097026
    ]
   },
   "properties": {
    "name": "3 WIRRAWAY STREET TAMINDA 2340",
    "locID": "LOC000027196357",
    "tech": "FTTN",
    "upgrade": "FTTP_NA",
    "gnaf_pid": "GANSW715692884",
    "tech_change_status": "Committed",
    "program_type": "On-Demand N2P SDU/MDU Simple",
    "target_eligibility_quarter": "Dec 2025"
   }
  },
  {
   "type": "Feature",
   "geometry": {
    "type": "Point",
    "coordinates": [
     150.90846178,
     -31.09125591
    ]
   },
   "properties": {
    "name": "6 WIRRAWAY STREET TAMINDA 2340",
    "locID": "LOC000095754168",
    "tech": "FTTN",
    "upgrade": "FTTP_SA",
    "gnaf_pid": "GANSW715692886",
    "tech_change_status": "Eligible to Order",
    "program_type": "On-Demand N2P SDU/MDU Simple",
    "target_eligibility_quarter": "NA"
   }
  },
  {
   "type": "Feature",
   "geometry": {
    "type": "Point",
    "coordinates": [
     150.89024651,
     -31.09446406
    ]
   },
   "properties": {
    "name": "LOT 6 BASS STREET TAMINDA 2340",
    "locID": "LOC000173257773",
    "tech": "FTTN",
    "upgrade": "FTTP_NA",
    "gnaf_pid": "GANSW715735410",
    "tech_change_status": "Committed",
    "program_type": "On-Demand N2P SDU/MDU Simple",
    "target_eligibility_quarter": "Dec 2025"
   }
  },
  {
   "type": "Feature",
   "geometry": {
    "type": "Point",
    "coordinates": [
     150.89834806,
     -31.09886908
    ]
   },
   "properties": {
    "name": "LOT 1 GUNNEDAH ROAD TAMINDA 2340",
    "locID": "LOC000044204648",
    "tech": "FTTP",
    "upgrade": "FTTP_NA",
    "gnaf_pid": "GANSW715886588",
    "tech_change_status": "Previous Tech Disconnected",
    "program_type": "On-Demand N2P SDU/MDU Simple",
    "target_eligibility_quarter": "NA"
   }
  },
  {
   "type": "Feature",
   "geometry": {
    "type": "Point",
    "coordinates": [
     150.89834806,
     -31.09886908
    ]
   },
   "properties": {
    "name": "LOT 2 GUNNEDAH ROAD TAMINDA 2340",
    "locID": "LOC000011419058",
    "tech": "FTTN",
    "upgrade": "FTTP_NA",
    "gnaf_pid": "GANSW715886590",
    "tech_change_status": "Committed",
    "program_type": "On-Demand N2P SDU/MDU Simple",
    "target_eligibility_quarter": "Dec 2025"
   }
  },
  {
   "type": "Feature",
   "geometry": {
    "type": "Point",
    "coordinates": [
     150.91215799,
     -31.09304457
    ]
   },
   "properties": {
    "name": "1 SHOWGROUND ROAD TAMINDA 2340",
    "locID": "LOC000050586739",
    "tech": "FTTP",
    "upgrade": "FTTP_NA",
    "gnaf_pid": "GANSW716091323",
    "tech_change_status": "Previous Tech Disconnected",
    "program_type": "On-Demand N2P SDU/MDU Simple",
    "target_eligibility_quarter": "NA"
   }
  },
  {
   "type": "Feature",
   "geometry": {
    "type": "Point",
    "coordinates": [
     150.91057556,
     -31.09228297
    ]
   },
   "properties": {
    "name": "UNIT 5, 61 BARNES STREET TAMINDA 2340",
    "locID": "LOC000006014383",
    "tech": "FTTN",
    "upgrade": "FTTP_NA",
    "gnaf_pid": "GANSW716382834",
    "tech_change_status": "MDU Complex Eligible To Apply",
    "program_type": "Customer-initiated N2P MDU Complex"
   }
  },
  {
   "type": "Feature",
   "geometry": {
    "type": "Point",
    "coordinates": [
     150.91039442,
     -31.08964969
    ]
   },
   "properties": {
    "name": "13 ANSON STREET TAMINDA 2340",
    "locID": "LOC000097476812",
    "tech": "FTTN",
    "upgrade": "FTTP_SA",
    "gnaf_pid": "GANSW716487619",
    "tech_change_status": "Eligible to Order",
    "program_type": "On-Demand N2P SDU/MDU Simple",
    "target_eligibility_quarter": "NA"
   }
  },
  {
   "type": "Feature",
   "geometry": {
    "type": "Point",
    "coordinates": [
     150.91051266,
     -31.08903745
    ]
   },
   "properties": {
    "name": "23 ANSON STREET TAMINDA 2340",
    "locID": "LOC000097476812",
    "tech": "FTTN",
    "upgrade": "FTTP_SA",
    "gnaf_pid": "GANSW716487624",
    "tech_change_status": "Eligible to Order",
    "program_type": "On-Demand N2P SDU/MDU Simple",
    "target_eligibility_quarter": "NA"
   }
  },
  {
   "type": "Feature",
   "geometry": {
    "type": "Point",
    "coordinates": [
     150.91057556,
     -31.09228297
    ]
   },
   "properties": {
    "name": "UNIT 1, 61 BARNES STREET TAMINDA 2340",
    "locID": "LOC000005556784",
    "tech": "FTTN",
    "upgrade": "FTTP_NA",
    "gnaf_pid": "GANSW716487868",
    "tech_change_status": "MDU Complex Eligible To Apply",
    "program_type": "Customer-initiated N2P MDU Complex"
   }
  },
  {
   "type": "Feature",
   "geometry": {
    "type": "Point",
    "coordinates": [
     150.91134496,
     -31.09300944
    ]
   },
   "properties": {
    "name": "UNIT 1, 70-76 BARNES STREET TAMINDA 2340",
    "locID": "LOC000006487452",
    "tech": "FTTN",
    "upgrade": "FTTP_SA",
    "gnaf_pid": "GANSW716487869",
    "tech_change_status": "Eligible to Order",
    "program_type": "On-Demand N2P SDU/MDU Simple",
    "target_eligibility_quarter": "NA"
   }
  },
  {
   "type": "Feature",
   "geometry": {
    "type": "Point",
    "coordinates": [
     150.91057556,
     -31.09228297
    ]
   },
   "properties": {
    "name": "UNIT 2, 61 BARNES STREET TAMINDA 2340",
    "locID": "LOC000005555590",
    "tech": "FTTN",
    "upgrade": "FTTP_NA",
    "gnaf_pid": "GANSW716487870",
    "tech_change_status": "MDU Complex Eligible To Apply",
    "program_type": "Customer-initiated N2P MDU Complex"
   }
  },
  {
   "type": "Feature",
   "geometry": {
    "type": "Point",
    "coordinates": [
     150.91134496,
     -31.09300944
    ]
   },
   "properties": {
    "name": "UNIT 2, 70-76 BARNES STREET TAMINDA 2340",
    "locID": "LOC000006487452",
    "tech": "FTTN",
    "upgrade": "FTTP_SA",
    "gnaf_pid": "GANSW716487871",
    "tech_change_status": "Eligible to Order",
    "program_type": "On-Demand N2P SDU/MDU Simple",
    "target_eligibility_quarter": "NA"
   }
  },
  {
   "type": "Feature",
   "geometry": {
    "type": "Point",
    "coordinates": [
     150.91057556,
     -31.09228297
    ]
   },
   "properties": {
    "name": "UNIT 3, 61 BARNES STREET TAMINDA 2340",
    "locID": "LOC000005478047",
    "tech": "FTTN",
    "upgrade": "FTTP_NA",
    "gnaf_pid": "GANSW716487872",
    "tech_change_status": "MDU Complex Eligible To Apply",
    "program_type": "Customer-initiated N2P MDU Complex"
   }
  },
  {
   "type": "Feature",
   "geometry": {
    "type": "Point",
    "coordinates": [
     150.91057556,
     -31.09228297
    ]
   },
   "properties": {
    "name": "UNIT 4, 61 BARNES STREET TAMINDA 2340",
    "locID": "LOC000005936985",
    "tech": "FTTN",
    "upgrade": "FTTP_NA",
    "gnaf_pid": "GANSW716487873",
    "tech_change_status": "MDU Complex Eligible To Apply",
    "program_type": "Customer-initiated N2P MDU Complex"
   }
  },
  {
   "type": "Feature",
   "geometry": {
    "type": "Point",
    "coordinates": [
     150.91572803,
     -31.08981743
    ]
   },
   "properties": {
    "name": "12 BARNES STREET TAMINDA 2340",
    "locID": "LOC000170199281",
    "tech": "FTTN",
    "upgrade": "FTTP_NA",
    "gnaf_pid": "GANSW716487874",
    "tech_change_status": "MDU Complex Eligible To Apply",
    "program_type": "Customer-initiated N2P MDU Complex"
   }
  },
  {
   "type": "Feature",
   "geometry": {
    "type": "Point",
    "coordinates": [
     150.9156942,
     -31.08923404
    ]
   },
   "properties": {
    "name": "15 BARNES STREET TAMINDA 2340",
    "locID": "LOC000049568499",
    "tech": "FTTN",
    "upgrade": "FTTP_SA",
    "gnaf_pid": "GANSW716487876",
    "tech_change_status": "Eligible to Order",
    "program_type": "On-Demand N2P SDU/MDU Simple",
    "target_eligibility_quarter": "NA"
   }
  },
  {
   "type": "Feature",
   "geometry": {
    "type": "Point",
    "coordinates": [
     150.91540458,
     -31.08998293
    ]
   },
   "properties": {
    "name": "16 BARNES STREET TAMINDA 2340",
    "locID": "LOC000033173308",
    "tech": "FTTN",
    "upgrade": "FTTP_NA",
    "gnaf_pid": "GANSW716487877",
    "tech_change_status": "Committed",
    "program_type": "On-Demand N2P SDU/MDU Simple",
    "target_eligibility_quarter": "Dec 2025"
   }
  },
  {
   "type": "Feature",
   "geometry": {
    "type": "Point",
    "coordinates": [
     150.9156942,
     -31.08923404
    ]
   },
   "properties": {
    "name": "17 BARNES STREET TAMINDA 2340",
    "locID": "LOC000016353948",
    "tech": "FTTP",
    "upgrade": "FTTP_NA",
    "gnaf_pid": "GANSW716487878",
    "tech_change_status": "Previous Tech Disconnected",
    "program_type": "On-Demand N2P SDU/MDU Simple",
    "target_eligibility_quarter": "NA"
   }
  },
  {
   "type": "Feature",
   "geometry": {
    "type": "Point",
    "coordinates": [
     150.91521152,
     -31.08939643
    ]
   },
   "properties": {
    "name": "19-25 BARNES STREET TAMINDA 2340",
    "locID": "LOC000075079132",
    "tech": "FTTN",
    "upgrade": "FTTP",
    "gnaf_pid": "GANSW716487879",
    "tech_change_status": "Eligible to Order",
    "program_type": "On-Demand N2P SDU/MDU Simple",
    "target_eligibility_quarter": "NA"
   }
  },
  {
   "type": "Feature",
   "geometry": {
    "type": "Point",
    "coordinates": [
     150.91399179,
     -31.08960425
    ]
   },
   "properties": {
    "name": "31 BARNES STREET TAMINDA 2340",
    "locID": "LOC000090511094",
    "tech": "FTTN",
    "upgrade": "FTTP_NA",
    "gnaf_pid": "GANSW716487882",
    "tech_change_status": "Committed",
    "program_type": "On-Demand N2P SDU/MDU Simple",
    "target_eligibility_quarter": "Dec 2025"
   }
  },
  {
   "type": "Feature",
   "geometry": {
    "type": "Point",
    "coordinates": [
     150.91182791,
     -31.09109128
    ]
   },
   "properties": {
    "name": "47 BARNES STREET TAMINDA 2340",
    "locID": "LOC000152344774",
    "tech": "FTTN",
    "upgrade": "FTTP_NA",
    "gnaf_pid": "GANSW716487884",
    "tech_change_status": "Committed",
    "program_type": "On-Demand N2P SDU/MDU Simple",
    "target_eligibility_quarter": "Dec 2025"
   }
  },
  {
   "type": "Feature",
   "geometry": {
    "type": "Point",
    "coordinates": [
     150.91182791,
     -31.09109128
    ]
   },
   "properties": {
    "name": "53 BARNES STREET TAMINDA 2340",
    "locID": "LOC000090495466",
    "tech": "FTTP",
    "upgrade": "FTTP_NA",
    "gnaf_pid": "GANSW716487886",
    "tech_change_status": "Previous Tech Disconnected",
    "program_type": "On-Demand N2P SDU/MDU Simple",
    "target_eligibility_quarter": "NA"
   }
  },
  {
   "type": "Feature",
   "geometry": {
    "type": "Point",
    "coordinates": [
     150.91764213,
     -31.08859571
    ]
   },
   "properties": {
    "name": "5 BARNES STREET TAMINDA 2340",
    "locID": "LOC000066651046",
    "tech": "FTTN",
    "upgrade": "FTTP",
    "gnaf_pid": "GANSW716487887",
    "tech_change_status": "Eligible to Order",
    "program_type": "On-Demand N2P SDU/MDU Simple",
    "target_eligibility_quarter": "NA"
   }
  },
  {
   "type": "Feature",
   "geometry": {
    "type": "Point",
    "coordinates": [
     150.90952019,
     -31.09236242
    ]
   },
   "properties": {
    "name": "63 BARNES STREET TAMINDA 2340",
    "locID": "LOC000077158256",
    "tech": "FTTN",
    "upgrade": "FTTP_SA",
    "gnaf_pid": "GANSW716487888",
    "tech_change_status": "Eligible to Order",
    "program_type": "On-Demand N2P SDU/MDU Simple",
    "target_eligibility_quarter": "NA"
   }
  },
  {
   "type": "Feature",
   "geometry": {
    "type": "Point",
    "coordinates": [
     150.91172389,
     -31.09245303
    ]
   },
   "properties": {
    "name": "64 BARNES STREET TAMINDA 2340",
    "locID": "LOC000062727818",
    "tech": "FTTN",
    "upgrade": "FTTP_SA",
    "gnaf_pid": "GANSW716487889",
    "tech_change_status": "Eligible to Order",
    "program_type": "On-Demand N2P SDU/MDU Simple",
    "target_eligibility_quarter": "NA"
   }
  },
  {
   "type": "Feature",
   "geometry": {
    "type": "Point",
    "coordinates": [
     150.90952019,
     -31.09236242
    ]
   },
   "properties": {
    "name": "65 BARNES STREET TAMINDA 2340",
    "locID": "LOC000088518410",
    "tech": "FTTP",
    "upgrade": "FTTP_NA",
    "gnaf_pid": "GANSW716487890",
    "tech_change_status": "Previous Tech Disconnected",
    "program_type": "On-Demand N2P SDU/MDU Simple",
    "target_eligibility_quarter": "NA"
   }
  },
  {
   "type": "Feature",
   "geometry": {
    "type": "Point",
    "coordinates": [
     150.90952019,
     -31.09236242
    ]
   },
   "properties": {
    "name": "67 BARNES STREET TAMINDA 2340",
    "locID": "LOC000005541794",
    "tech": "FTTP",
    "upgrade": "FTTP_NA",
    "gnaf_pid": "GANSW716487891",
    "tech_change_status": "Previous Tech Disconnected",
    "program_type": "On-Demand N2P SDU/MDU Simple",
    "target_eligibility_quarter": "NA"
   }
  },
  {
   "type": "Feature",
   "geometry": {
    "type": "Point",
    "coordinates": [
     150.91172389,
     -31.09245303
    ]
   },
   "properties": {
    "name": "68 BARNES STREET TAMINDA 2340",
    "locID": "LOC000033628099",
    "tech": "FTTP",
    "upgrade": "FTTP_NA",
    "gnaf_pid": "GANSW716487892",
    "tech_change_status": "Previous Tech Disconnected",
    "program_type": "On-Demand N2P SDU/MDU Simple",
    "target_eligibility_quarter": "NA"
   }
  },
  {
   "type": "Feature",
   "geometry": {
    "type": "Point",
    "coordinates": [
     150.91087784,
     -31.09362532
    ]
   },
   "properties": {
    "name": "80 BARNES STREET TAMINDA 2340",
    "locID": "LOC000054115778",
    "tech": "FTTN",
    "upgrade": "FTTP_SA",
    "gnaf_pid": "GANSW716487893",
    "tech_change_status": "Eligible to Order",
    "program_type": "On-Demand N2P SDU/MDU Simple",
    "target_eligibility_quarter": "NA"
   }
  },
  {
   "type": "Feature",
   "geometry": {
    "type": "Point",
    "coordinates": [
     150.90890024,
     -31.09365386
    ]
   },
   "properties": {
    "name": "81A BARNES STREET TAMINDA 2340",
    "locID": "LOC000060950603",
    "tech": "FTTN",
    "upgrade": "FTTP_SA",
    "gnaf_pid": "GANSW716487894",
    "tech_change_status": "Eligible to Order",
    "program_type": "On-Demand N2P SDU/MDU Simple",
    "target_eligibility_quarter": "NA"
   }
  },
  {
   "type": "Feature",
   "geometry": {
    "type": "Point",
    "coordinates": [
     150.91087784,
     -31.09362532
    ]
   },
   "properties": {
    "name": "82 BARNES STREET TAMINDA 2340",
    "locID": "LOC000054115778",
    "tech": "FTTN",
    "upgrade": "FTTP_SA",
    "gnaf_pid": "GANSW716487895",
    "tech_change_status": "Eligible to Order",
    "program_type": "On-Demand N2P SDU/MDU Simple",
    "target_eligibility_quarter": "NA"
   }
  },
  {
   "type": "Feature",
   "geometry": {
    "type": "Point",
    "coordinates": [
     150.91470633,
     -31.08838976
    ]
   },
   "properties": {
    "name": "UNIT 1, 20 BELMORE STREET TAMINDA 2340",
    "locID": "LOC000025402926",
    "tech": "FTTN",
    "upgrade": "FTTP_SA",
    "gnaf_pid": "GANSW716488253",
    "tech_change_status": "Eligible to Order",
    "program_type": "On-Demand N2P SDU/MDU Simple",
    "target_eligibility_quarter": "NA"
   }
  },
  {
   "type": "Feature",
   "geometry": {
    "type": "Point",
    "coordinates": [
     150.91438764,
     -31.08764247
    ]
   },
   "properties": {
    "name": "10-12 BELMORE STREET TAMINDA 2340",
    "locID": "LOC000052683043",
    "tech": "FTTP",
    "upgrade": "FTTP_NA",
    "gnaf_pid": "GANSW716488316",
    "tech_change_status": "Previous Tech Disconnected",
    "program_type": "On-Demand N2P SDU/MDU Simple",
    "target_eligibility_quarter": "NA"
   }
  },
  {
   "type": "Feature",
   "geometry": {
    "type": "Point",
    "coordinates": [
     150.91334526,
     -31.08776108
    ]
   },
   "properties": {
    "name": "25 BELMORE STREET TAMINDA 2340",
    "locID": "LOC000037056591",
    "tech": "FTTP",
    "upgrade": "FTTP_NA",
    "gnaf_pid": "GANSW716488352",
    "tech_change_status": "Previous Tech Disconnected",
    "program_type": "On-Demand N2P SDU/MDU Simple",
    "target_eligibility_quarter": "NA"
   }
  },
  {
   "type": "Feature",
   "geometry": {
    "type": "Point",
    "coordinates": [
     150.91541593,
     -31.09016305
    ]
   },
   "properties": {
    "name": "34 BELMORE STREET TAMINDA 2340",
    "locID": "LOC000074460022",
    "tech": "FTTN",
    "upgrade": "FTTP_NA",
    "gnaf_pid": "GANSW716488354",
    "tech_change_status": "Committed",
    "program_type": "On-Demand N2P SDU/MDU Simple",
    "target_eligibility_quarter": "Dec 2025"
   }
  },
  {
   "type": "Feature",
   "geometry": {
    "type": "Point",
    "coordinates": [
     150.91397107,
     -31.08893691
    ]
   },
   "properties": {
    "name": "39 BELMORE STREET TAMINDA 2340",
    "locID": "LOC000193325348",
    "tech": "FTTN",
    "upgrade": "FTTP_SA",
    "gnaf_pid": "GANSW716488355",
    "tech_change_status": "Eligible to Order",
    "program_type": "On-Demand N2P SDU/MDU Simple",
    "target_eligibility_quarter": "NA"
   }
  },
  {
   "type": "Feature",
   "geometry": {
    "type": "Point",
    "coordinates": [
     150.91415996,
     -31.08818542
    ]
   },
   "properties": {
    "name": "42 BELMORE STREET TAMINDA 2340",
    "locID": "LOC000193325348",
    "tech": "FTTN",
    "upgrade": "FTTP_SA",
    "gnaf_pid": "GANSW716488357",
    "tech_change_status": "Eligible to Order",
    "program_type": "On-Demand N2P SDU/MDU Simple",
    "target_eligibility_quarter": "NA"
   }
  },
  {
   "type": "Feature",
   "geometry": {
    "type": "Point",
    "coordinates": [
     150.91403365,
     -31.08903865
    ]
   },
   "properties": {
    "name": "43 BELMORE STREET TAMINDA 2340",
    "locID": "LOC000152346342",
    "tech": "FTTP",
    "upgrade": "FTTP_NA",
    "gnaf_pid": "GANSW716488358",
    "tech_change_status": "Previous Tech Disconnected",
    "program_type": "On-Demand N2P SDU/MDU Simple",
    "target_eligibility_quarter": "NA"
   }
  },
  {
   "type": "Feature",
   "geometry": {
    "type": "Point",
    "coordinates": [
     150.9141376,
     -31.09078486
    ]
   },
   "properties": {
    "name": "53 BELMORE STREET TAMINDA 2340",
    "locID": "LOC000180124679",
    "tech": "FTTN",
    "upgrade": "FTTP_NA",
    "gnaf_pid": "GANSW716488364",
    "tech_change_status": "Committed",
    "program_type": "On-Demand N2P SDU/MDU Simple",
    "target_eligibility_quarter": "Dec 2025"
   }
  },
  {
   "type": "Feature",
   "geometry": {
    "type": "Point",
    "coordinates": [
     150.9149296,
     -31.09207236
    ]
   },
   "properties": {
    "name": "55 BELMORE STREET TAMINDA 2340",
    "locID": "LOC000080232918",
    "tech": "FTTN",
    "upgrade": "FTTP_NA",
    "gnaf_pid": "GANSW716488365",
    "tech_change_status": "Committed",
    "program_type": "On-Demand N2P SDU/MDU Simple",
    "target_eligibility_quarter": "Dec 2025"
   }
  },
  {
   "type": "Feature",
   "geometry": {
    "type": "Point",
    "coordinates": [
     150.91424671,
     -31.08729963
    ]
   },
   "properties": {
    "name": "6-8 BELMORE STREET TAMINDA 2340",
    "locID": "LOC000054974726",
    "tech": "FTTN",
    "upgrade": "FTTP_SA",
    "gnaf_pid": "GANSW716488371",
    "tech_change_status": "Eligible to Order",
    "program_type": "On-Demand N2P SDU/MDU Simple",
    "target_eligibility_quarter": "NA"
   }
  },
  {
   "type": "Feature",
   "geometry": {
    "type": "Point",
    "coordinates": [
     150.91216275,
     -31.08562574
    ]
   },
   "properties": {
    "name": "7-13 BELMORE STREET TAMINDA 2340",
    "locID": "LOC000056919256",
    "tech": "FTTN",
    "upgrade": "FTTP_SA",
    "gnaf_pid": "GANSW716488379",
    "tech_change_status": "Eligible to Order",
    "program_type": "On-Demand N2P SDU/MDU Simple",
    "target_eligibility_quarter": "NA"
   }
  },
  {
   "type": "Feature",
   "geometry": {
    "type": "Point",
    "coordinates": [
     150.91982962,
     -31.08530159
    ]
   },
   "properties": {
    "name": "23-37 CARTER STREET TAMINDA 2340",
    "locID": "LOC000001403386",
    "tech": "FTTN",
    "upgrade": "FTTP_NA",
    "gnaf_pid": "GANSW716489507",
    "tech_change_status": "Committed",
    "program_type": "On-Demand N2P SDU/MDU Simple",
    "target_eligibility_quarter": "Dec 2025"
   }
  },
  {
   "type": "Feature",
   "geometry": {
    "type": "Point",
    "coordinates": [
     150.91953899,
     -31.0834409
    ]
   },
   "properties": {
    "name": "91-123 CARTER STREET TAMINDA 2340",
    "locID": "LOC000001403386",
    "tech": "FTTN",
    "upgrade": "FTTP_NA",
    "gnaf_pid": "GANSW716489517",
    "tech_change_status": "Committed",
    "program_type": "On-Demand N2P SDU/MDU Simple",
    "target_eligibility_quarter": "Dec 2025"
   }
  },
  {
   "type": "Feature",
   "geometry": {
    "type": "Point",
    "coordinates": [
     150.91982962,
     -31.08530159
    ]
   },
   "properties": {
    "name": "9-13 CARTER STREET TAMINDA 2340",
    "locID": "LOC000001403386",
    "tech": "FTTN",
    "upgrade": "FTTP_NA",
    "gnaf_pid": "GANSW716489518",
    "tech_change_status": "Committed",
    "program_type": "On-Demand N2P SDU/MDU Simple",
    "target_eligibility_quarter": "Dec 2025"
   }
  },
  {
   "type": "Feature",
   "geometry": {
    "type": "Point",
    "coordinates": [
     150.89423531,
     -31.09483939
    ]
   },
   "properties": {
    "name": "UNIT 3, 30-32 COOK STREET TAMINDA 2340",
    "locID": "LOC000023009919",
    "tech": "FTTP",
    "upgrade": "FTTP_NA",
    "gnaf_pid": "GANSW716490487",
    "tech_change_status": "Eligible to Order",
    "program_type": "On-Demand N2P SDU/MDU Simple",
    "target_eligibility_quarter": "NA"
   }
  },
  {
   "type": "Feature",
   "geometry": {
    "type": "Point",
    "coordinates": [
     150.89423531,
     -31.09483939
    ]
   },
   "properties": {
    "name": "UNIT 5, 30-32 COOK STREET TAMINDA 2340",
    "locID": "LOC000023009919",
    "tech": "FTTP",
    "upgrade": "FTTP_NA",
    "gnaf_pid": "GANSW716490488",
    "tech_change_status": "Eligible to Order",
    "program_type": "On-Demand N2P SDU/MDU Simple",
    "target_eligibility_quarter": "NA"
   }
  },
  {
   "type": "Feature",
   "geometry": {
    "type": "Point",
    "coordinates": [
     150.89384852,
     -31.09654936
    ]
   },
   "properties": {
    "name": "12-16 COOK STREET TAMINDA 2340",
    "locID": "LOC000046991783",
    "tech": "FTTP",
    "upgrade": "FTTP_NA",
    "gnaf_pid": "GANSW716490489",
    "tech_change_status": "Previous Tech Disconnected",
    "program_type": "On-Demand N2P SDU/MDU Simple",
    "target_eligibility_quarter": "NA"
   }
  },
  {
   "type": "Feature",
   "geometry": {
    "type": "Point",
    "coordinates": [
     150.89477006,
     -31.0966001
    ]
   },
   "properties": {
    "name": "18-20 COOK STREET TAMINDA 2340",
    "locID": "LOC000021442926",
    "tech": "FTTP",
    "upgrade": "FTTP_NA",
    "gnaf_pid": "GANSW716490491",
    "tech_change_status": "Eligible to Order",
    "program_type": "On-Demand N2P SDU/MDU Simple",
    "target_eligibility_quarter": "NA"
   }
  },
  {
   "type": "Feature",
   "geometry": {
    "type": "Point",
    "coordinates": [
     150.89352932,
     -31.09523047
    ]
   },
   "properties": {
    "name": "61 COOK STREET TAMINDA 2340",
    "locID": "LOC000097990178",
    "tech": "FTTN",
    "upgrade": "FTTP_SA",
    "gnaf_pid": "GANSW716490493",
    "tech_change_status": "Eligible to Order",
    "program_type": "On-Demand N2P SDU/MDU Simple",
    "target_eligibility_quarter": "NA"
   }
  },
  {
   "type": "Feature",
   "geometry": {
    "type": "Point",
    "coordinates": [
     150.9171499,
     -31.08837383
    ]
   },
   "properties": {
    "name": "UNIT 1, 2 CROWN STREET TAMINDA 2340",
    "locID": "LOC000176134693",
    "tech": "FTTN",
    "upgrade": "FTTP_NA",
    "gnaf_pid": "GANSW716490818",
    "tech_change_status": "MDU Complex Eligible To Apply",
    "program_type": "Customer-initiated N2P MDU Complex"
   }
  },
  {
   "type": "Feature",
   "geometry": {
    "type": "Point",
    "coordinates": [
     150.9171499,
     -31.08837383
    ]
   },
   "properties": {
    "name": "UNIT 2, 2 CROWN STREET TAMINDA 2340",
    "locID": "LOC000185783568",
    "tech": "FTTN",
    "upgrade": "FTTP_NA",
    "gnaf_pid": "GANSW716490828",
    "tech_change_status": "MDU Complex Eligible To Apply",
    "program_type": "Customer-initiated N2P MDU Complex"
   }
  },
  {
   "type": "Feature",
   "geometry": {
    "type": "Point",
    "coordinates": [
     150.9171499,
     -31.08837383
    ]
   },
   "properties": {
    "name": "120 CROWN STREET TAMINDA 2340",
    "locID": "LOC000071622650",
    "tech": "FTTP",
    "upgrade": "FTTP_NA",
    "gnaf_pid": "GANSW716490881",
    "tech_change_status": "Previous Tech Disconnected",
    "program_type": "On-Demand N2P SDU/MDU Simple",
    "target_eligibility_quarter": "NA"
   }
  },
  {
   "type": "Feature",
   "geometry": {
    "type": "Point",
    "coordinates": [
     150.9171499,
     -31.08837383
    ]
   },
   "properties": {
    "name": "122 CROWN STREET TAMINDA 2340",
    "locID": "LOC000071622650",
    "tech": "FTTP",
    "upgrade": "FTTP_NA",
    "gnaf_pid": "GANSW716490883",
    "tech_change_status": "Previous Tech Disconnected",
    "program_type": "On-Demand N2P SDU/MDU Simple",
    "target_eligibility_quarter": "NA"
   }
  },
  {
   "type": "Feature",
   "geometry": {
    "type": "Point",
    "coordinates": [
     150.9171499,
     -31.08837383
    ]
   },
   "properties": {
    "name": "124 CROWN STREET TAMINDA 2340",
    "locID": "LOC000071622650",
    "tech": "FTTP",
    "upgrade": "FTTP_NA",
    "gnaf_pid": "GANSW716490885",
    "tech_change_status": "Previous Tech Disconnected",
    "program_type": "On-Demand N2P SDU/MDU Simple",
    "target_eligibility_quarter": "NA"
   }
  },
  {
   "type": "Feature",
   "geometry": {
    "type": "Point",
    "coordinates": [
     150.9171499,
     -31.08837383
    ]
   },
   "properties": {
    "name": "126 CROWN STREET TAMINDA 2340",
    "locID": "LOC000071622650",
    "tech": "FTTP",
    "upgrade": "FTTP_NA",
    "gnaf_pid": "GANSW716490887",
    "tech_change_status": "Previous Tech Disconnected",
    "program_type": "On-Demand N2P SDU/MDU Simple",
    "target_eligibility_quarter": "NA"
   }
  },
  {
   "type": "Feature",
   "geometry": {
    "type": "Point",
    "coordinates": [
     150.9171499,
     -31.08837383
    ]
   },
   "properties": {
    "name": "127 CROWN STREET TAMINDA 2340",
    "locID": "LOC000071622650",
    "tech": "FTTP",
    "upgrade": "FTTP_NA",
    "gnaf_pid": "GANSW716490888",
    "tech_change_status": "Previous Tech Disconnected",
    "program_type": "On-Demand N2P SDU/MDU Simple",
    "target_eligibility_quarter": "NA"
   }
  },
  {
   "type": "Feature",
   "geometry": {
    "type": "Point",
    "coordinates": [
     150.9171499,
     -31.08837383
    ]
   },
   "properties": {
    "name": "128 CROWN STREET TAMINDA 2340",
    "locID": "LOC000071622650",
    "tech": "FTTP",
    "upgrade": "FTTP_NA",
    "gnaf_pid": "GANSW716490889",
    "tech_change_status": "Previous Tech Disconnected",
    "program_type": "On-Demand N2P SDU/MDU Simple",
    "target_eligibility_quarter": "NA"
   }
  },
  {
   "type": "Feature",
   "geometry": {
    "type": "Point",
    "coordinates": [
     150.9171499,
     -31.08837383
    ]
   },
   "properties": {
    "name": "129 CROWN STREET TAMINDA 2340",
    "locID": "LOC000071622650",
    "tech": "FTTP",
    "upgrade": "FTTP_NA",
    "gnaf_pid": "GANSW716490890",
    "tech_change_status": "Previous Tech Disconnected",
    "program_type": "On-Demand N2P SDU/MDU Simple",
    "target_eligibility_quarter": "NA"
   }
  },
  {
   "type": "Feature",
   "geometry": {
    "type": "Point",
    "coordinates": [
     150.9171499,
     -31.08837383
    ]
   },
   "properties": {
    "name": "130 CROWN STREET TAMINDA 2340",
    "locID": "LOC000071622650",
    "tech": "FTTP",
    "upgrade": "FTTP_NA",
    "gnaf_pid": "GANSW716490891",
    "tech_change_status": "Previous Tech Disconnected",
    "program_type": "On-Demand N2P SDU/MDU Simple",
    "target_eligibility_quarter": "NA"
   }
  },
  {
   "type": "Feature",
   "geometry": {
    "type": "Point",
    "coordinates": [
     150.9171499,
     -31.08837383
    ]
   },
   "properties": {
    "name": "131 CROWN STREET TAMINDA 2340",
    "locID": "LOC000071622650",
    "tech": "FTTP",
    "upgrade": "FTTP_NA",
    "gnaf_pid": "GANSW716490892",
    "tech_change_status": "Previous Tech Disconnected",
    "program_type": "On-Demand N2P SDU/MDU Simple",
    "target_eligibility_quarter": "NA"
   }
  },
  {
   "type": "Feature",
   "geometry": {
    "type": "Point",
    "coordinates": [
     150.9171499,
     -31.08837383
    ]
   },
   "properties": {
    "name": "134 CROWN STREET TAMINDA 2340",
    "locID": "LOC000071622650",
    "tech": "FTTP",
    "upgrade": "FTTP_NA",
    "gnaf_pid": "GANSW716490893",
    "tech_change_status": "Previous Tech Disconnected",
    "program_type": "On-Demand N2P SDU/MDU Simple",
    "target_eligibility_quarter": "NA"
   }
  },
  {
   "type": "Feature",
   "geometry": {
    "type": "Point",
    "coordinates": [
     150.9171499,
     -31.08837383
    ]
   },
   "properties": {
    "name": "136 CROWN STREET TAMINDA 2340",
    "locID": "LOC000071622650",
    "tech": "FTTP",
    "upgrade": "FTTP_NA",
    "gnaf_pid": "GANSW716490894",
    "tech_change_status": "Previous Tech Disconnected",
    "program_type": "On-Demand N2P SDU/MDU Simple",
    "target_eligibility_quarter": "NA"
   }
  },
  {
   "type": "Feature",
   "geometry": {
    "type": "Point",
    "coordinates": [
     150.9171499,
     -31.08837383
    ]
   },
   "properties": {
    "name": "138 CROWN STREET TAMINDA 2340",
    "locID": "LOC000071622650",
    "tech": "FTTP",
    "upgrade": "FTTP_NA",
    "gnaf_pid": "GANSW716490895",
    "tech_change_status": "Previous Tech Disconnected",
    "program_type": "On-Demand N2P SDU/MDU Simple",
    "target_eligibility_quarter": "NA"
   }
  },
  {
   "type": "Feature",
   "geometry": {
    "type": "Point",
    "coordinates": [
     150.9171499,
     -31.08837383
    ]
   },
   "properties": {
    "name": "143 CROWN STREET TAMINDA 2340",
    "locID": "LOC000071622650",
    "tech": "FTTP",
    "upgrade": "FTTP_NA",
    "gnaf_pid": "GANSW716490896",
    "tech_change_status": "Previous Tech Disconnected",
    "program_type": "On-Demand N2P SDU/MDU Simple",
    "target_eligibility_quarter": "NA"
   }
  },
  {
   "type": "Feature",
   "geometry": {
    "type": "Point",
    "coordinates": [
     150.9171499,
     -31.08837383
    ]
   },
   "properties": {
    "name": "145-147 CROWN STREET TAMINDA 2340",
    "locID": "LOC000071622650",
    "tech": "FTTP",
    "upgrade": "FTTP_NA",
    "gnaf_pid": "GANSW716490897",
    "tech_change_status": "Previous Tech Disconnected",
    "program_type": "On-Demand N2P SDU/MDU Simple",
    "target_eligibility_quarter": "NA"
   }
  },
  {
   "type": "Feature",
   "geometry": {
    "type": "Point",
    "coordinates": [
     150.9171499,
     -31.08837383
    ]
   },
   "properties": {
    "name": "149 CROWN STREET TAMINDA 2340",
    "locID": "LOC000071622650",
    "tech": "FTTP",
    "upgrade": "FTTP_NA",
    "gnaf_pid": "GANSW716490898",
    "tech_change_status": "Previous Tech Disconnected",
    "program_type": "On-Demand N2P SDU/MDU Simple",
    "target_eligibility_quarter": "NA"
   }
  },
  {
   "type": "Feature",
   "geometry": {
    "type": "Point",
    "coordinates": [
     150.9171499,
     -31.08837383
    ]
   },
   "properties": {
    "name": "151 CROWN STREET TAMINDA 2340",
    "locID": "LOC000071622650",
    "tech": "FTTP",
    "upgrade": "FTTP_NA",
    "gnaf_pid": "GANSW716490899",
    "tech_change_status": "Previous Tech Disconnected",
    "program_type": "On-Demand N2P SDU/MDU Simple",
    "target_eligibility_quarter": "NA"
   }
  },
  {
   "type": "Feature",
   "geometry": {
    "type": "Point",
    "coordinates": [
     150.9171499,
     -31.08837383
    ]
   },
   "properties": {
    "name": "153 CROWN STREET TAMINDA 2340",
    "locID": "LOC000071622650",
    "tech": "FTTP",
    "upgrade": "FTTP_NA",
    "gnaf_pid": "GANSW716490900",
    "tech_change_status": "Previous Tech Disconnected",
    "program_type": "On-Demand N2P SDU/MDU Simple",
    "target_eligibility_quarter": "NA"
   }
  },
  {
   "type": "Feature",
   "geometry": {
    "type": "Point",
    "coordinates": [
     150.9171499,
     -31.08837383
    ]
   },
   "properties": {
    "name": "155 CROWN STREET TAMINDA 2340",
    "locID": "LOC000071622650",
    "tech": "FTTP",
    "upgrade": "FTTP_NA",
    "gnaf_pid": "GANSW716490901",
    "tech_change_status": "Previous Tech Disconnected",
    "program_type": "On-Demand N2P SDU/MDU Simple",
    "target_eligibility_quarter": "NA"
   }
  },
  {
   "type": "Feature",
   "geometry": {
    "type": "Point",
    "coordinates": [
     150.9171499,
     -31.08837383
    ]
   },
   "properties": {
    "name": "157 CROWN STREET TAMINDA 2340",
    "locID": "LOC000071622650",
    "tech": "FTTP",
    "upgrade": "FTTP_NA",
    "gnaf_pid": "GANSW716490902",
    "tech_change_status": "Previous Tech Disconnected",
    "program_type": "On-Demand N2P SDU/MDU Simple",
    "target_eligibility_quarter": "NA"
   }
  },
  {
   "type": "Feature",
   "geometry": {
    "type": "Point",
    "coordinates": [
     150.9171499,
     -31.08837383
    ]
   },
   "properties": {
    "name": "159 CROWN STREET TAMINDA 2340",
    "locID": "LOC000071622650",
    "tech": "FTTP",
    "upgrade": "FTTP_NA",
    "gnaf_pid": "GANSW716490903",
    "tech_change_status": "Previous Tech Disconnected",
    "program_type": "On-Demand N2P SDU/MDU Simple",
    "target_eligibility_quarter": "NA"
   }
  },
  {
   "type": "Feature",
   "geometry": {
    "type": "Point",
    "coordinates": [
     150.9171499,
     -31.08837383
    ]
   },
   "properties": {
    "name": "161 CROWN STREET TAMINDA 2340",
    "locID": "LOC000071622650",
    "tech": "FTTP",
    "upgrade": "FTTP_NA",
    "gnaf_pid": "GANSW716490905",
    "tech_change_status": "Previous Tech Disconnected",
    "program_type": "On-Demand N2P SDU/MDU Simple",
    "target_eligibility_quarter": "NA"
   }
  },
  {
   "type": "Feature",
   "geometry": {
    "type": "Point",
    "coordinates": [
     150.9171499,
     -31.08837383
    ]
   },
   "properties": {
    "name": "163 CROWN STREET TAMINDA 2340",
    "locID": "LOC000071622650",
    "tech": "FTTP",
    "upgrade": "FTTP_NA",
    "gnaf_pid": "GANSW716490906",
    "tech_change_status": "Previous Tech Disconnected",
    "program_type": "On-Demand N2P SDU/MDU Simple",
    "target_eligibility_quarter": "NA"
   }
  },
  {
   "type": "Feature",
   "geometry": {
    "type": "Point",
    "coordinates": [
     150.9171499,
     -31.08837383
    ]
   },
   "properties": {
    "name": "165 CROWN STREET TAMINDA 2340",
    "locID": "LOC000071622650",
    "tech": "FTTP",
    "upgrade": "FTTP_NA",
    "gnaf_pid": "GANSW716490907",
    "tech_change_status": "Previous Tech Disconnected",
    "program_type": "On-Demand N2P SDU/MDU Simple",
    "target_eligibility_quarter": "NA"
   }
  },
  {
   "type": "Feature",
   "geometry": {
    "type": "Point",
    "coordinates": [
     150.91638527,
     -31.08761946
    ]
   },
   "properties": {
    "name": "19 CROWN STREET TAMINDA 2340",
    "locID": "LOC100055982246",
    "tech": "FTTN",
    "upgrade": "FTTP",
    "gnaf_pid": "GANSW716490909",
    "tech_change_status": "Eligible to Order",
    "program_type": "On-Demand N2P SDU/MDU Simple",
    "target_eligibility_quarter": "NA"
   }
  },
  {
   "type": "Feature",
   "geometry": {
    "type": "Point",
    "coordinates": [
     150.915886,
     -31.08641634
    ]
   },
   "properties": {
    "name": "1-3 CROWN STREET TAMINDA 2340",
    "locID": "LOC000071622650",
    "tech": "FTTP",
    "upgrade": "FTTP_NA",
    "gnaf_pid": "GANSW716490910",
    "tech_change_status": "Previous Tech Disconnected",
    "program_type": "On-Demand N2P SDU/MDU Simple",
    "target_eligibility_quarter": "NA"
   }
  },
  {
   "type": "Feature",
   "geometry": {
    "type": "Point",
    "coordinates": [
     150.91662187,
     -31.08814601
    ]
   },
   "properties": {
    "name": "21-23 CROWN STREET TAMINDA 2340",
    "locID": "LOC000062063350",
    "tech": "FTTN",
    "upgrade": "FTTP_SA",
    "gnaf_pid": "GANSW716490911",
    "tech_change_status": "Eligible to Order",
    "program_type": "On-Demand N2P SDU/MDU Simple",
    "target_eligibility_quarter": "NA"
   }
  },
  {
   "type": "Feature",
   "geometry": {
    "type": "Point",
    "coordinates": [
     150.9171499,
     -31.08837383
    ]
   },
   "properties": {
    "name": "22 CROWN STREET TAMINDA 2340",
    "locID": "LOC000022141699",
    "tech": "FTTN",
    "upgrade": "FTTP_SA",
    "gnaf_pid": "GANSW716490912",
    "tech_change_status": "Eligible to Order",
    "program_type": "On-Demand N2P SDU/MDU Simple",
    "target_eligibility_quarter": "NA"
   }
  },
  {
   "type": "Feature",
   "geometry": {
    "type": "Point",
    "coordinates": [
     150.9171499,
     -31.08837383
    ]
   },
   "properties": {
    "name": "22A CROWN STREET TAMINDA 2340",
    "locID": "LOC000022141699",
    "tech": "FTTN",
    "upgrade": "FTTP_SA",
    "gnaf_pid": "GANSW716490913",
    "tech_change_status": "Eligible to Order",
    "program_type": "On-Demand N2P SDU/MDU Simple",
    "target_eligibility_quarter": "NA"
   }
  },
  {
   "type": "Feature",
   "geometry": {
    "type": "Point",
    "coordinates": [
     150.9171499,
     -31.08837383
    ]
   },
   "properties": {
    "name": "22B CROWN STREET TAMINDA 2340",
    "locID": "LOC000022141699",
    "tech": "FTTN",
    "upgrade": "FTTP_SA",
    "gnaf_pid": "GANSW716490914",
    "tech_change_status": "Eligible to Order",
    "program_type": "On-Demand N2P SDU/MDU Simple",
    "target_eligibility_quarter": "NA"
   }
  },
  {
   "type": "Feature",
   "geometry": {
    "type": "Point",
    "coordinates": [
     150.9171499,
     -31.08837383
    ]
   },
   "properties": {
    "name": "2 CROWN STREET TAMINDA 2340",
    "locID": "LOC000182003288",
    "tech": "FTTN",
    "upgrade": "FTTP_SA",
    "gnaf_pid": "GANSW716490918",
    "tech_change_status": "Eligible to Order",
    "program_type": "On-Demand N2P SDU/MDU Simple",
    "target_eligibility_quarter": "NA"
   }
  },
  {
   "type": "Feature",
   "geometry": {
    "type": "Point",
    "coordinates": [
     150.91605615,
     -31.08677767
    ]
   },
   "properties": {
    "name": "5-7 CROWN STREET TAMINDA 2340",
    "locID": "LOC000078721949",
    "tech": "FTTP",
    "upgrade": "NULL_NA",
    "gnaf_pid": "GANSW716490939",
    "program_type": "On-Demand N2P SDU/MDU Simple",
    "target_eligibility_quarter": "NA"
   }
  },
  {
   "type": "Feature",
   "geometry": {
    "type": "Point",
    "coordinates": [
     150.91615789,
     -31.0874826
    ]
   },
   "properties": {
    "name": "9-11 CROWN STREET TAMINDA 2340",
    "locID": "LOC000017212543",
    "tech": "FTTN",
    "upgrade": "FTTP_SA",
    "gnaf_pid": "GANSW716490977",
    "tech_change_status": "Eligible to Order",
    "program_type": "On-Demand N2P SDU/MDU Simple",
    "target_eligibility_quarter": "NA"
   }
  },
  {
   "type": "Feature",
   "geometry": {
    "type": "Point",
    "coordinates": [
     150.89660717,
     -31.09563593
    ]
   },
   "properties": {
    "name": "27 DAMPIER STREET TAMINDA 2340",
    "locID": "LOC000031197628",
    "tech": "FTTN",
    "upgrade": "FTTP_SA",
    "gnaf_pid": "GANSW716491156",
    "tech_change_status": "Eligible to Order",
    "program_type": "On-Demand N2P SDU/MDU Simple",
    "target_eligibility_quarter": "NA"
   }
  },
  {
   "type": "Feature",
   "geometry": {
    "type": "Point",
    "coordinates": [
     150.89792583,
     -31.09197958
    ]
   },
   "properties": {
    "name": "51A DAMPIER STREET TAMINDA 2340",
    "locID": "LOC000044055432",
    "tech": "FTTN",
    "upgrade": "FTTP_SA",
    "gnaf_pid": "GANSW716491159",
    "tech_change_status": "Eligible to Order",
    "program_type": "On-Demand N2P SDU/MDU Simple",
    "target_eligibility_quarter": "NA"
   }
  },
  {
   "type": "Feature",
   "geometry": {
    "type": "Point",
    "coordinates": [
     150.89792583,
     -31.09197958
    ]
   },
   "properties": {
    "name": "51B DAMPIER STREET TAMINDA 2340",
    "locID": "LOC000044287644",
    "tech": "FTTP",
    "upgrade": "FTTP_NA",
    "gnaf_pid": "GANSW716491160",
    "tech_change_status": "Previous Tech Disconnected",
    "program_type": "On-Demand N2P SDU/MDU Simple",
    "target_eligibility_quarter": "NA"
   }
  },
  {
   "type": "Feature",
   "geometry": {
    "type": "Point",
    "coordinates": [
     150.89887899,
     -31.09164314
    ]
   },
   "properties": {
    "name": "68 DAMPIER STREET TAMINDA 2340",
    "locID": "LOC000152346077",
    "tech": "FTTN",
    "upgrade": "FTTP_SA",
    "gnaf_pid": "GANSW716491162",
    "tech_change_status": "Eligible to Order",
    "program_type": "On-Demand N2P SDU/MDU Simple",
    "target_eligibility_quarter": "NA"
   }
  },
  {
   "type": "Feature",
   "geometry": {
    "type": "Point",
    "coordinates": [
     150.89887899,
     -31.09164314
    ]
   },
   "properties": {
    "name": "70 DAMPIER STREET TAMINDA 2340",
    "locID": "LOC000072413832",
    "tech": "FTTN",
    "upgrade": "FTTP_SA",
    "gnaf_pid": "GANSW716491163",
    "tech_change_status": "Eligible to Order",
    "program_type": "On-Demand N2P SDU/MDU Simple",
    "target_eligibility_quarter": "NA"
   }
  },
  {
   "type": "Feature",
   "geometry": {
    "type": "Point",
    "coordinates": [
     150.89887899,
     -31.09164314
    ]
   },
   "properties": {
    "name": "72 DAMPIER STREET TAMINDA 2340",
    "locID": "LOC000035152823",
    "tech": "FTTN",
    "upgrade": "FTTP_SA",
    "gnaf_pid": "GANSW716491164",
    "tech_change_status": "Eligible to Order",
    "program_type": "On-Demand N2P SDU/MDU Simple",
    "target_eligibility_quarter": "NA"
   }
  },
  {
   "type": "Feature",
   "geometry": {
    "type": "Point",
    "coordinates": [
     150.9159843,
     -31.08795526
    ]
   },
   "properties": {
    "name": "UNIT 1, 20-22 DENISON STREET TAMINDA 2340",
    "locID": "LOC000043404720",
    "tech": "FTTN",
    "upgrade": "FTTP_NA",
    "gnaf_pid": "GANSW716491305",
    "tech_change_status": "MDU Complex Eligible To Apply",
    "program_type": "Customer-initiated N2P MDU Complex"
   }
  },
  {
   "type": "Feature",
   "geometry": {
    "type": "Point",
    "coordinates": [
     150.9159843,
     -31.08795526
    ]
   },
   "properties": {
    "name": "UNIT 2, 20-22 DENISON STREET TAMINDA 2340",
    "locID": "LOC000043404720",
    "tech": "FTTN",
    "upgrade": "FTTP_NA",
    "gnaf_pid": "GANSW716491316",
    "tech_change_status": "MDU Complex Eligible To Apply",
    "program_type": "Customer-initiated N2P MDU Complex"
   }
  },
  {
   "type": "Feature",
   "geometry": {
    "type": "Point",
    "coordinates": [
     150.9159843,
     -31.08795526
    ]
   },
   "properties": {
    "name": "UNIT 3, 20-22 DENISON STREET TAMINDA 2340",
    "locID": "LOC000043112602",
    "tech": "FTTN",
    "upgrade": "FTTP_NA",
    "gnaf_pid": "GANSW716491326",
    "tech_change_status": "MDU Complex Eligible To Apply",
    "program_type": "Customer-initiated N2P MDU Complex"
   }
  },
  {
   "type": "Feature",
   "geometry": {
    "type": "Point",
    "coordinates": [
     150.9159843,
     -31.08795526
    ]
   },
   "properties": {
    "name": "UNIT 4, 20-22 DENISON STREET TAMINDA 2340",
    "locID": "LOC000041538527",
    "tech": "FTTN",
    "upgrade": "FTTP_NA",
    "gnaf_pid": "GANSW716491335",
    "tech_change_status": "MDU Complex Eligible To Apply",
    "program_type": "Customer-initiated N2P MDU Complex"
   }
  },
  {
   "type": "Feature",
   "geometry": {
    "type": "Point",
    "coordinates": [
     150.91541819,
     -31.08875608
    ]
   },
   "properties": {
    "name": "19 DENISON STREET TAMINDA 2340",
    "locID": "LOC000090007117",
    "tech": "FTTP",
    "upgrade": "FTTP_NA",
    "gnaf_pid": "GANSW716491405",
    "tech_change_status": "Previous Tech Disconnected",
    "program_type": "On-Demand N2P SDU/MDU Simple",
    "target_eligibility_quarter": "NA"
   }
  },
  {
   "type": "Feature",
   "geometry": {
    "type": "Point",
    "coordinates": [
     150.91541819,
     -31.08875608
    ]
   },
   "properties": {
    "name": "21 DENISON STREET TAMINDA 2340",
    "locID": "LOC000036955468",
    "tech": "FTTN",
    "upgrade": "FTTP_SA",
    "gnaf_pid": "GANSW716491406",
    "tech_change_status": "Eligible to Order",
    "program_type": "On-Demand N2P SDU/MDU Simple",
    "target_eligibility_quarter": "NA"
   }
  },
  {
   "type": "Feature",
   "geometry": {
    "type": "Point",
    "coordinates": [
     150.9159621,
     -31.08572495
    ]
   },
   "properties": {
    "name": "15 EBSWORTH STREET TAMINDA 2340",
    "locID": "LOC000089454671",
    "tech": "FTTN",
    "upgrade": "FTTP_SA",
    "gnaf_pid": "GANSW716491882",
    "tech_change_status": "Eligible to Order",
    "program_type": "On-Demand N2P SDU/MDU Simple",
    "target_eligibility_quarter": "NA"
   }
  },
  {
   "type": "Feature",
   "geometry": {
    "type": "Point",
    "coordinates": [
     150.9159621,
     -31.08572495
    ]
   },
   "properties": {
    "name": "17 EBSWORTH STREET TAMINDA 2340",
    "locID": "LOC000011759115",
    "tech": "FTTN",
    "upgrade": "FTTP_SA",
    "gnaf_pid": "GANSW716491883",
    "tech_change_status": "Eligible to Order",
    "program_type": "On-Demand N2P SDU/MDU Simple",
    "target_eligibility_quarter": "NA"
   }
  },
  {
   "type": "Feature",
   "geometry": {
    "type": "Point",
    "coordinates": [
     150.9159621,
     -31.08572495
    ]
   },
   "properties": {
    "name": "2 EBSWORTH STREET TAMINDA 2340",
    "locID": "LOC000011759115",
    "tech": "FTTN",
    "upgrade": "FTTP_SA",
    "gnaf_pid": "GANSW716491885",
    "tech_change_status": "Eligible to Order",
    "program_type": "On-Demand N2P SDU/MDU Simple",
    "target_eligibility_quarter": "NA"
   }
  },
  {
   "type": "Feature",
   "geometry": {
    "type": "Point",
    "coordinates": [
     150.89442614,
     -31.09253655
    ]
   },
   "properties": {
    "name": "1-7 GOONAN STREET TAMINDA 2340",
    "locID": "LOC000039561731",
    "tech": "FTTN",
    "upgrade": "FTTP_SA",
    "gnaf_pid": "GANSW716493423",
    "tech_change_status": "Eligible to Order",
    "program_type": "On-Demand N2P SDU/MDU Simple",
    "target_eligibility_quarter": "NA"
   }
  },
  {
   "type": "Feature",
   "geometry": {
    "type": "Point",
    "coordinates": [
     150.89834806,
     -31.09886908
    ]
   },
   "properties": {
    "name": "UNIT 7, 1 GUNNEDAH ROAD TAMINDA 2340",
    "locID": "LOC000044204648",
    "tech": "FTTP",
    "upgrade": "FTTP_NA",
    "gnaf_pid": "GANSW716493690",
    "tech_change_status": "Previous Tech Disconnected",
    "program_type": "On-Demand N2P SDU/MDU Simple",
    "target_eligibility_quarter": "NA"
   }
  },
  {
   "type": "Feature",
   "geometry": {
    "type": "Point",
    "coordinates": [
     150.8961672,
     -31.09787151
    ]
   },
   "properties": {
    "name": "105 GUNNEDAH ROAD TAMINDA 2340",
    "locID": "LOC000100857372",
    "tech": "FTTN",
    "upgrade": "FTTP_SA",
    "gnaf_pid": "GANSW716493693",
    "tech_change_status": "Eligible to Order",
    "program_type": "On-Demand N2P SDU/MDU Simple",
    "target_eligibility_quarter": "NA"
   }
  },
  {
   "type": "Feature",
   "geometry": {
    "type": "Point",
    "coordinates": [
     150.89470899,
     -31.09742363
    ]
   },
   "properties": {
    "name": "117 GUNNEDAH ROAD TAMINDA 2340",
    "locID": "LOC000097676623",
    "tech": "FTTN",
    "upgrade": "FTTP",
    "gnaf_pid": "GANSW716493696",
    "tech_change_status": "Eligible to Order",
    "program_type": "On-Demand N2P SDU/MDU Simple",
    "target_eligibility_quarter": "NA"
   }
  },
  {
   "type": "Feature",
   "geometry": {
    "type": "Point",
    "coordinates": [
     150.90778207,
     -31.09530962
    ]
   },
   "properties": {
    "name": "11 GUNNEDAH ROAD TAMINDA 2340",
    "locID": "LOC000097676623",
    "tech": "FTTN",
    "upgrade": "FTTP",
    "gnaf_pid": "GANSW716493698",
    "tech_change_status": "Eligible to Order",
    "program_type": "On-Demand N2P SDU/MDU Simple",
    "target_eligibility_quarter": "NA"
   }
  },
  {
   "type": "Feature",
   "geometry": {
    "type": "Point",
    "coordinates": [
     150.89429592,
     -31.09753244
    ]
   },
   "properties": {
    "name": "123 GUNNEDAH ROAD TAMINDA 2340",
    "locID": "LOC000097042382",
    "tech": "FTTN",
    "upgrade": "FTTP_SA",
    "gnaf_pid": "GANSW716493700",
    "tech_change_status": "Eligible to Order",
    "program_type": "On-Demand N2P SDU/MDU Simple",
    "target_eligibility_quarter": "NA"
   }
  },
  {
   "type": "Feature",
   "geometry": {
    "type": "Point",
    "coordinates": [
     150.89274571,
     -31.09734454
    ]
   },
   "properties": {
    "name": "133 GUNNEDAH ROAD TAMINDA 2340",
    "locID": "LOC000066356168",
    "tech": "FTTN",
    "upgrade": "FTTP_NA",
    "gnaf_pid": "GANSW716493701",
    "tech_change_status": "Committed",
    "program_type": "On-Demand N2P SDU/MDU Simple",
    "target_eligibility_quarter": "Dec 2025"
   }
  },
  {
   "type": "Feature",
   "geometry": {
    "type": "Point",
    "coordinates": [
     150.90778207,
     -31.09530962
    ]
   },
   "properties": {
    "name": "13 GUNNEDAH ROAD TAMINDA 2340",
    "locID": "LOC000066356168",
    "tech": "FTTN",
    "upgrade": "FTTP_NA",
    "gnaf_pid": "GANSW716493703",
    "tech_change_status": "Committed",
    "program_type": "On-Demand N2P SDU/MDU Simple",
    "target_eligibility_quarter": "Dec 2025"
   }
  },
  {
   "type": "Feature",
   "geometry": {
    "type": "Point",
    "coordinates": [
     150.89089341,
     -31.09233653
    ]
   },
   "properties": {
    "name": "145 GUNNEDAH ROAD TAMINDA 2340",
    "locID": "LOC000152344243",
    "tech": "FTTN",
    "upgrade": "FTTP_NA",
    "gnaf_pid": "GANSW716493704",
    "tech_change_status": "Committed",
    "program_type": "On-Demand N2P SDU/MDU Simple",
    "target_eligibility_quarter": "Dec 2025"
   }
  },
  {
   "type": "Feature",
   "geometry": {
    "type": "Point",
    "coordinates": [
     150.89089341,
     -31.09233653
    ]
   },
   "properties": {
    "name": "149 GUNNEDAH ROAD TAMINDA 2340",
    "locID": "LOC000152344243",
    "tech": "FTTN",
    "upgrade": "FTTP_NA",
    "gnaf_pid": "GANSW716493706",
    "tech_change_status": "Committed",
    "program_type": "On-Demand N2P SDU/MDU Simple",
    "target_eligibility_quarter": "Dec 2025"
   }
  },
  {
   "type": "Feature",
   "geometry": {
    "type": "Point",
    "coordinates": [
     150.90659156,
     -31.09510519
    ]
   },
   "properties": {
    "name": "15 GUNNEDAH ROAD TAMINDA 2340",
    "locID": "LOC000045581533",
    "tech": "FTTN",
    "upgrade": "FTTP_SA",
    "gnaf_pid": "GANSW716493708",
    "tech_change_status": "Eligible to Order",
    "program_type": "On-Demand N2P SDU/MDU Simple",
    "target_eligibility_quarter": "NA"
   }
  },
  {
   "type": "Feature",
   "geometry": {
    "type": "Point",
    "coordinates": [
     150.90694651,
     -31.09645806
    ]
   },
   "properties": {
    "name": "19 GUNNEDAH ROAD TAMINDA 2340",
    "locID": "LOC000152344567",
    "tech": "FTTN",
    "upgrade": "FTTP_NA",
    "gnaf_pid": "GANSW716493711",
    "tech_change_status": "Committed",
    "program_type": "On-Demand N2P SDU/MDU Simple",
    "target_eligibility_quarter": "Dec 2025"
   }
  },
  {
   "type": "Feature",
   "geometry": {
    "type": "Point",
    "coordinates": [
     150.89834806,
     -31.09886908
    ]
   },
   "properties": {
    "name": "1 GUNNEDAH ROAD TAMINDA 2340",
    "locID": "LOC000044204648",
    "tech": "FTTP",
    "upgrade": "FTTP_NA",
    "gnaf_pid": "GANSW716493712",
    "tech_change_status": "Previous Tech Disconnected",
    "program_type": "On-Demand N2P SDU/MDU Simple",
    "target_eligibility_quarter": "NA"
   }
  },
  {
   "type": "Feature",
   "geometry": {
    "type": "Point",
    "coordinates": [
     150.90694651,
     -31.09645806
    ]
   },
   "properties": {
    "name": "23 GUNNEDAH ROAD TAMINDA 2340",
    "locID": "LOC000152344567",
    "tech": "FTTN",
    "upgrade": "FTTP_NA",
    "gnaf_pid": "GANSW716493718",
    "tech_change_status": "Committed",
    "program_type": "On-Demand N2P SDU/MDU Simple",
    "target_eligibility_quarter": "Dec 2025"
   }
  },
  {
   "type": "Feature",
   "geometry": {
    "type": "Point",
    "coordinates": [
     150.90583259,
     -31.09647749
    ]
   },
   "properties": {
    "name": "27 GUNNEDAH ROAD TAMINDA 2340",
    "locID": "LOC000047442903",
    "tech": "FTTN",
    "upgrade": "FTTP",
    "gnaf_pid": "GANSW716493733",
    "tech_change_status": "Eligible to Order",
    "program_type": "On-Demand N2P SDU/MDU Simple",
    "target_eligibility_quarter": "NA"
   }
  },
  {
   "type": "Feature",
   "geometry": {
    "type": "Point",
    "coordinates": [
     150.90583259,
     -31.09647749
    ]
   },
   "properties": {
    "name": "29 GUNNEDAH ROAD TAMINDA 2340",
    "locID": "LOC000049496190",
    "tech": "FTTP",
    "upgrade": "FTTP_NA",
    "gnaf_pid": "GANSW716493738",
    "tech_change_status": "Previous Tech Disconnected",
    "program_type": "On-Demand N2P SDU/MDU Simple",
    "target_eligibility_quarter": "NA"
   }
  },
  {
   "type": "Feature",
   "geometry": {
    "type": "Point",
    "coordinates": [
     150.89834806,
     -31.09886908
    ]
   },
   "properties": {
    "name": "2-14 GUNNEDAH ROAD TAMINDA 2340",
    "locID": "LOC000152344243",
    "tech": "FTTN",
    "upgrade": "FTTP_NA",
    "gnaf_pid": "GANSW716493739",
    "tech_change_status": "Committed",
    "program_type": "On-Demand N2P SDU/MDU Simple",
    "target_eligibility_quarter": "Dec 2025"
   }
  },
  {
   "type": "Feature",
   "geometry": {
    "type": "Point",
    "coordinates": [
     150.89834806,
     -31.09886908
    ]
   },
   "properties": {
    "name": "311-319 GUNNEDAH ROAD TAMINDA 2340",
    "locID": "LOC000045581533",
    "tech": "FTTN",
    "upgrade": "FTTP_SA",
    "gnaf_pid": "GANSW716493742",
    "tech_change_status": "Eligible to Order",
    "program_type": "On-Demand N2P SDU/MDU Simple",
    "target_eligibility_quarter": "NA"
   }
  },
  {
   "type": "Feature",
   "geometry": {
    "type": "Point",
    "coordinates": [
     150.90540098,
     -31.09682027
    ]
   },
   "properties": {
    "name": "33 GUNNEDAH ROAD TAMINDA 2340",
    "locID": "LOC000089130278",
    "tech": "FTTN",
    "upgrade": "FTTP_SA",
    "gnaf_pid": "GANSW716493744",
    "tech_change_status": "Eligible to Order",
    "program_type": "On-Demand N2P SDU/MDU Simple",
    "target_eligibility_quarter": "NA"
   }
  },
  {
   "type": "Feature",
   "geometry": {
    "type": "Point",
    "coordinates": [
     150.90180209,
     -31.09764945
    ]
   },
   "properties": {
    "name": "57 GUNNEDAH ROAD TAMINDA 2340",
    "locID": "LOC000152342804",
    "tech": "FTTN",
    "upgrade": "FTTP_NA",
    "gnaf_pid": "GANSW716493747",
    "tech_change_status": "Committed",
    "program_type": "On-Demand N2P SDU/MDU Simple",
    "target_eligibility_quarter": "Dec 2025"
   }
  },
  {
   "type": "Feature",
   "geometry": {
    "type": "Point",
    "coordinates": [
     150.89834806,
     -31.09886908
    ]
   },
   "properties": {
    "name": "5 GUNNEDAH ROAD TAMINDA 2340",
    "locID": "LOC000038650741",
    "tech": "FTTN",
    "upgrade": "FTTP_NA",
    "gnaf_pid": "GANSW716493749",
    "tech_change_status": "Committed",
    "program_type": "On-Demand N2P SDU/MDU Simple",
    "target_eligibility_quarter": "Dec 2025"
   }
  },
  {
   "type": "Feature",
   "geometry": {
    "type": "Point",
    "coordinates": [
     150.89834806,
     -31.09886908
    ]
   },
   "properties": {
    "name": "603 GUNNEDAH ROAD TAMINDA 2340",
    "locID": "LOC000045581533",
    "tech": "FTTN",
    "upgrade": "FTTP_SA",
    "gnaf_pid": "GANSW716493753",
    "tech_change_status": "Eligible to Order",
    "program_type": "On-Demand N2P SDU/MDU Simple",
    "target_eligibility_quarter": "NA"
   }
  },
  {
   "type": "Feature",
   "geometry": {
    "type": "Point",
    "coordinates": [
     150.89834806,
     -31.09886908
    ]
   },
   "properties": {
    "name": "605 GUNNEDAH ROAD TAMINDA 2340",
    "locID": "LOC000045581533",
    "tech": "FTTN",
    "upgrade": "FTTP_SA",
    "gnaf_pid": "GANSW716493755",
    "tech_change_status": "Eligible to Order",
    "program_type": "On-Demand N2P SDU/MDU Simple",
    "target_eligibility_quarter": "NA"
   }
  },
  {
   "type": "Feature",
   "geometry": {
    "type": "Point",
    "coordinates": [
     150.89834806,
     -31.09886908
    ]
   },
   "properties": {
    "name": "611 GUNNEDAH ROAD TAMINDA 2340",
    "locID": "LOC000047442903",
    "tech": "FTTN",
    "upgrade": "FTTP",
    "gnaf_pid": "GANSW716493759",
    "tech_change_status": "Eligible to Order",
    "program_type": "On-Demand N2P SDU/MDU Simple",
    "target_eligibility_quarter": "NA"
   }
  },
  {
   "type": "Feature",
   "geometry": {
    "type": "Point",
    "coordinates": [
     150.90180209,
     -31.09764945
    ]
   },
   "properties": {
    "name": "61 GUNNEDAH ROAD TAMINDA 2340",
    "locID": "LOC000088174994",
    "tech": "FTTN",
    "upgrade": "FTTP_NA",
    "gnaf_pid": "GANSW716493761",
    "tech_change_status": "Committed",
    "program_type": "On-Demand N2P SDU/MDU Simple",
    "target_eligibility_quarter": "Dec 2025"
   }
  },
  {
   "type": "Feature",
   "geometry": {
    "type": "Point",
    "coordinates": [
     150.89834806,
     -31.09886908
    ]
   },
   "properties": {
    "name": "627 GUNNEDAH ROAD TAMINDA 2340",
    "locID": "LOC000045581533",
    "tech": "FTTN",
    "upgrade": "FTTP_SA",
    "gnaf_pid": "GANSW716493772",
    "tech_change_status": "Eligible to Order",
    "program_type": "On-Demand N2P SDU/MDU Simple",
    "target_eligibility_quarter": "NA"
   }
  },
  {
   "type": "Feature",
   "geometry": {
    "type": "Point",
    "coordinates": [
     150.89834806,
     -31.09886908
    ]
   },
   "properties": {
    "name": "657 GUNNEDAH ROAD TAMINDA 2340",
    "locID": "LOC000045581533",
    "tech": "FTTN",
    "upgrade": "FTTP_SA",
    "gnaf_pid": "GANSW716493775",
    "tech_change_status": "Eligible to Order",
    "program_type": "On-Demand N2P SDU/MDU Simple",
    "target_eligibility_quarter": "NA"
   }
  },
  {
   "type": "Feature",
   "geometry": {
    "type": "Point",
    "coordinates": [
     150.89834806,
     -31.09886908
    ]
   },
   "properties": {
    "name": "7 GUNNEDAH ROAD TAMINDA 2340",
    "locID": "LOC000057802585",
    "tech": "FTTN",
    "upgrade": "FTTP_NA",
    "gnaf_pid": "GANSW716493778",
    "tech_change_status": "Committed",
    "program_type": "On-Demand N2P SDU/MDU Simple",
    "target_eligibility_quarter": "Dec 2025"
   }
  },
  {
   "type": "Feature",
   "geometry": {
    "type": "Point",
    "coordinates": [
     150.89940512,
     -31.09840665
    ]
   },
   "properties": {
    "name": "83 GUNNEDAH ROAD TAMINDA 2340",
    "locID": "LOC000057802585",
    "tech": "FTTN",
    "upgrade": "FTTP_NA",
    "gnaf_pid": "GANSW716493784",
    "tech_change_status": "Committed",
    "program_type": "On-Demand N2P SDU/MDU Simple",
    "target_eligibility_quarter": "Dec 2025"
   }
  },
  {
   "type": "Feature",
   "geometry": {
    "type": "Point",
    "coordinates": [
     150.89663885,
     -31.09790533
    ]
   },
   "properties": {
    "name": "97 GUNNEDAH ROAD TAMINDA 2340",
    "locID": "LOC000032225581",
    "tech": "FTTN",
    "upgrade": "FTTP_SA",
    "gnaf_pid": "GANSW716493794",
    "tech_change_status": "Eligible to Order",
    "program_type": "On-Demand N2P SDU/MDU Simple",
    "target_eligibility_quarter": "NA"
   }
  },
  {
   "type": "Feature",
   "geometry": {
    "type": "Point",
    "coordinates": [
     150.90778207,
     -31.09530962
    ]
   },
   "properties": {
    "name": "9 GUNNEDAH ROAD TAMINDA 2340",
    "locID": "LOC000152342858",
    "tech": "FTTN",
    "upgrade": "FTTP_SA",
    "gnaf_pid": "GANSW716493795",
    "tech_change_status": "Eligible to Order",
    "program_type": "On-Demand N2P SDU/MDU Simple",
    "target_eligibility_quarter": "NA"
   }
  },
  {
   "type": "Feature",
   "geometry": {
    "type": "Point",
    "coordinates": [
     150.8999022,
     -31.09697443
    ]
   },
   "properties": {
    "name": "23 HARGRAVE STREET TAMINDA 2340",
    "locID": "LOC000100220856",
    "tech": "FTTN",
    "upgrade": "FTTP_SA",
    "gnaf_pid": "GANSW716493932",
    "tech_change_status": "Eligible to Order",
    "program_type": "On-Demand N2P SDU/MDU Simple",
    "target_eligibility_quarter": "NA"
   }
  },
  {
   "type": "Feature",
   "geometry": {
    "type": "Point",
    "coordinates": [
     150.8999022,
     -31.09697443
    ]
   },
   "properties": {
    "name": "24 HARGRAVE STREET TAMINDA 2340",
    "locID": "LOC000084411553",
    "tech": "FTTN",
    "upgrade": "FTTP_SA",
    "gnaf_pid": "GANSW716493933",
    "tech_change_status": "Eligible to Order",
    "program_type": "On-Demand N2P SDU/MDU Simple",
    "target_eligibility_quarter": "NA"
   }
  },
  {
   "type": "Feature",
   "geometry": {
    "type": "Point",
    "coordinates": [
     150.8999022,
     -31.09697443
    ]
   },
   "properties": {
    "name": "28 HARGRAVE STREET TAMINDA 2340",
    "locID": "LOC000076810987",
    "tech": "FTTN",
    "upgrade": "FTTP_NA",
    "gnaf_pid": "GANSW716493936",
    "tech_change_status": "Committed",
    "program_type": "On-Demand N2P SDU/MDU Simple",
    "target_eligibility_quarter": "Dec 2025"
   }
  },
  {
   "type": "Feature",
   "geometry": {
    "type": "Point",
    "coordinates": [
     150.89733921,
     -31.09511263
    ]
   },
   "properties": {
    "name": "1 HUME STREET TAMINDA 2340",
    "locID": "LOC000016254076",
    "tech": "FTTP",
    "upgrade": "FTTP_NA",
    "gnaf_pid": "GANSW716494463",
    "tech_change_status": "Previous Tech Disconnected",
    "program_type": "On-Demand N2P SDU/MDU Simple",
    "target_eligibility_quarter": "NA"
   }
  },
  {
   "type": "Feature",
   "geometry": {
    "type": "Point",
    "coordinates": [
     150.89409939,
     -31.09427159
    ]
   },
   "properties": {
    "name": "2 HUME STREET TAMINDA 2340",
    "locID": "LOC000187901472",
    "tech": "FTTP",
    "upgrade": "FTTP_NA",
    "gnaf_pid": "GANSW716494465",
    "tech_change_status": "Previous Tech Disconnected",
    "program_type": "On-Demand N2P SDU/MDU Simple",
    "target_eligibility_quarter": "NA"
   }
  },
  {
   "type": "Feature",
   "geometry": {
    "type": "Point",
    "coordinates": [
     150.89448016,
     -31.0936312
    ]
   },
   "properties": {
    "name": "32 HUME STREET TAMINDA 2340",
    "locID": "LOC000061541027",
    "tech": "FTTP",
    "upgrade": "FTTP_NA",
    "gnaf_pid": "GANSW716494466",
    "tech_change_status": "Previous Tech Disconnected",
    "program_type": "On-Demand N2P SDU/MDU Simple",
    "target_eligibility_quarter": "NA"
   }
  },
  {
   "type": "Feature",
   "geometry": {
    "type": "Point",
    "coordinates": [
     150.89295486,
     -31.09307674
    ]
   },
   "properties": {
    "name": "36-48 HUME STREET TAMINDA 2340",
    "locID": "LOC000006425822",
    "tech": "FTTN",
    "upgrade": "FTTP",
    "gnaf_pid": "GANSW716494467",
    "tech_change_status": "Eligible to Order",
    "program_type": "On-Demand N2P SDU/MDU Simple",
    "target_eligibility_quarter": "NA"
   }
  },
  {
   "type": "Feature",
   "geometry": {
    "type": "Point",
    "coordinates": [
     150.89733921,
     -31.09511263
    ]
   },
   "properties": {
    "name": "3 HUME STREET TAMINDA 2340",
    "locID": "LOC000170201542",
    "tech": "FTTN",
    "upgrade": "FTTP_SA",
    "gnaf_pid": "GANSW716494468",
    "tech_change_status": "Eligible to Order",
    "program_type": "On-Demand N2P SDU/MDU Simple",
    "target_eligibility_quarter": "NA"
   }
  },
  {
   "type": "Feature",
   "geometry": {
    "type": "Point",
    "coordinates": [
     150.89409939,
     -31.09427159
    ]
   },
   "properties": {
    "name": "4 HUME STREET TAMINDA 2340",
    "locID": "LOC000152345575",
    "tech": "FTTN",
    "upgrade": "FTTP_NA",
    "gnaf_pid": "GANSW716494469",
    "tech_change_status": "Committed",
    "program_type": "On-Demand N2P SDU/MDU Simple",
    "target_eligibility_quarter": "Dec 2025"
   }
  },
  {
   "type": "Feature",
   "geometry": {
    "type": "Point",
    "coordinates": [
     150.89733921,
     -31.09511263
    ]
   },
   "properties": {
    "name": "5 HUME STREET TAMINDA 2340",
    "locID": "LOC000092961023",
    "tech": "FTTN",
    "upgrade": "FTTP",
    "gnaf_pid": "GANSW716494470",
    "tech_change_status": "Eligible to Order",
    "program_type": "On-Demand N2P SDU/MDU Simple",
    "target_eligibility_quarter": "NA"
   }
  },
  {
   "type": "Feature",
   "geometry": {
    "type": "Point",
    "coordinates": [
     150.89409939,
     -31.09427159
    ]
   },
   "properties": {
    "name": "6 HUME STREET TAMINDA 2340",
    "locID": "LOC000032244731",
    "tech": "FTTN",
    "upgrade": "FTTP_SA",
    "gnaf_pid": "GANSW716494474",
    "tech_change_status": "Eligible to Order",
    "program_type": "On-Demand N2P SDU/MDU Simple",
    "target_eligibility_quarter": "NA"
   }
  },
  {
   "type": "Feature",
   "geometry": {
    "type": "Point",
    "coordinates": [
     150.91318896,
     -31.08690668
    ]
   },
   "properties": {
    "name": "17 PLAIN STREET TAMINDA 2340",
    "locID": "LOC000177970700",
    "tech": "FTTN",
    "upgrade": "FTTP_NA",
    "gnaf_pid": "GANSW716498533",
    "tech_change_status": "Committed",
    "program_type": "On-Demand N2P SDU/MDU Simple",
    "target_eligibility_quarter": "Dec 2025"
   }
  },
  {
   "type": "Feature",
   "geometry": {
    "type": "Point",
    "coordinates": [
     150.91287135,
     -31.08737133
    ]
   },
   "properties": {
    "name": "60 PLAIN STREET TAMINDA 2340",
    "locID": "LOC000090236893",
    "tech": "FTTN",
    "upgrade": "FTTP_NA",
    "gnaf_pid": "GANSW716498535",
    "tech_change_status": "Committed",
    "program_type": "On-Demand N2P SDU/MDU Simple",
    "target_eligibility_quarter": "Dec 2025"
   }
  },
  {
   "type": "Feature",
   "geometry": {
    "type": "Point",
    "coordinates": [
     150.9101998,
     -31.08722526
    ]
   },
   "properties": {
    "name": "75 PLAIN STREET TAMINDA 2340",
    "locID": "LOC000035589183",
    "tech": "FTTN",
    "upgrade": "FTTP_NA",
    "gnaf_pid": "GANSW716498537",
    "tech_change_status": "Committed",
    "program_type": "On-Demand N2P SDU/MDU Simple",
    "target_eligibility_quarter": "Dec 2025"
   }
  },
  {
   "type": "Feature",
   "geometry": {
    "type": "Point",
    "coordinates": [
     150.90975209,
     -31.08736084
    ]
   },
   "properties": {
    "name": "79 PLAIN STREET TAMINDA 2340",
    "locID": "LOC000074490279",
    "tech": "FTTN",
    "upgrade": "FTTP_NA",
    "gnaf_pid": "GANSW716498539",
    "tech_change_status": "Committed",
    "program_type": "On-Demand N2P SDU/MDU Simple",
    "target_eligibility_quarter": "Dec 2025"
   }
  },
  {
   "type": "Feature",
   "geometry": {
    "type": "Point",
    "coordinates": [
     150.91318896,
     -31.08690668
    ]
   },
   "properties": {
    "name": "94 PLAIN STREET TAMINDA 2340",
    "locID": "LOC000023810750",
    "tech": "FTTP",
    "upgrade": "FTTP_NA",
    "gnaf_pid": "GANSW716498541",
    "tech_change_status": "Previous Tech Disconnected",
    "program_type": "On-Demand N2P SDU/MDU Simple",
    "target_eligibility_quarter": "NA"
   }
  },
  {
   "type": "Feature",
   "geometry": {
    "type": "Point",
    "coordinates": [
     150.90878516,
     -31.09323674
    ]
   },
   "properties": {
    "name": "UNIT 1, 19 SHOWGROUND ROAD TAMINDA 2340",
    "locID": "LOC000075725959",
    "tech": "FTTN",
    "upgrade": "FTTP_NA",
    "gnaf_pid": "GANSW716499988",
    "tech_change_status": "MDU Complex Eligible To Apply",
    "program_type": "Customer-initiated N2P MDU Complex"
   }
  },
  {
   "type": "Feature",
   "geometry": {
    "type": "Point",
    "coordinates": [
     150.90878516,
     -31.09323674
    ]
   },
   "properties": {
    "name": "UNIT 2, 19 SHOWGROUND ROAD TAMINDA 2340",
    "locID": "LOC000075725959",
    "tech": "FTTN",
    "upgrade": "FTTP_NA",
    "gnaf_pid": "GANSW716499989",
    "tech_change_status": "MDU Complex Eligible To Apply",
    "program_type": "Customer-initiated N2P MDU Complex"
   }
  },
  {
   "type": "Feature",
   "geometry": {
    "type": "Point",
    "coordinates": [
     150.90878516,
     -31.09323674
    ]
   },
   "properties": {
    "name": "UNIT 3, 19 SHOWGROUND ROAD TAMINDA 2340",
    "locID": "LOC000075795662",
    "tech": "FTTN",
    "upgrade": "FTTP_NA",
    "gnaf_pid": "GANSW716499990",
    "tech_change_status": "MDU Complex Eligible To Apply",
    "program_type": "Customer-initiated N2P MDU Complex"
   }
  },
  {
   "type": "Feature",
   "geometry": {
    "type": "Point",
    "coordinates": [
     150.90878516,
     -31.09323674
    ]
   },
   "properties": {
    "name": "UNIT 4, 19 SHOWGROUND ROAD TAMINDA 2340",
    "locID": "LOC000075848522",
    "tech": "FTTN",
    "upgrade": "FTTP_NA",
    "gnaf_pid": "GANSW716499991",
    "tech_change_status": "MDU Complex Eligible To Apply",
    "program_type": "Customer-initiated N2P MDU Complex"
   }
  },
  {
   "type": "Feature",
   "geometry": {
    "type": "Point",
    "coordinates": [
     150.89957535,
     -31.09192181
    ]
   },
   "properties": {
    "name": "70 SHOWGROUND ROAD TAMINDA 2340",
    "locID": "LOC000084828171",
    "tech": "FTTN",
    "upgrade": "FTTP_NA",
    "gnaf_pid": "GANSW716500000",
    "tech_change_status": "Committed",
    "program_type": "On-Demand N2P SDU/MDU Simple",
    "target_eligibility_quarter": "Dec 2025"
   }
  },
  {
   "type": "Feature",
   "geometry": {
    "type": "Point",
    "coordinates": [
     150.89957535,
     -31.09192181
    ]
   },
   "properties": {
    "name": "72 SHOWGROUND ROAD TAMINDA 2340",
    "locID": "LOC000107256716",
    "tech": "FTTN",
    "upgrade": "FTTP_NA",
    "gnaf_pid": "GANSW716500001",
    "tech_change_status": "Committed",
    "program_type": "On-Demand N2P SDU/MDU Simple",
    "target_eligibility_quarter": "Dec 2025"
   }
  },
  {
   "type": "Feature",
   "geometry": {
    "type": "Point",
    "coordinates": [
     150.89957535,
     -31.09192181
    ]
   },
   "properties": {
    "name": "74 SHOWGROUND ROAD TAMINDA 2340",
    "locID": "LOC000090407235",
    "tech": "FTTP",
    "upgrade": "FTTP_NA",
    "gnaf_pid": "GANSW716500002",
    "tech_change_status": "Previous Tech Disconnected",
    "program_type": "On-Demand N2P SDU/MDU Simple",
    "target_eligibility_quarter": "NA"
   }
  },
  {
   "type": "Feature",
   "geometry": {
    "type": "Point",
    "coordinates": [
     150.89431183,
     -31.09146622
    ]
   },
   "properties": {
    "name": "UNIT 1, 19 WALLAMORE ROAD TAMINDA 2340",
    "locID": "LOC000018009390",
    "tech": "FTTN",
    "upgrade": "FTTP_NA",
    "gnaf_pid": "GANSW716502064",
    "tech_change_status": "MDU Complex Eligible To Apply",
    "program_type": "Customer-initiated N2P MDU Complex"
   }
  },
  {
   "type": "Feature",
   "geometry": {
    "type": "Point",
    "coordinates": [
     150.89431183,
     -31.09146622
    ]
   },
   "properties": {
    "name": "UNIT 2, 19 WALLAMORE ROAD TAMINDA 2340",
    "locID": "LOC000018015168",
    "tech": "FTTN",
    "upgrade": "FTTP_NA",
    "gnaf_pid": "GANSW716502065",
    "tech_change_status": "MDU Complex Eligible To Apply",
    "program_type": "Customer-initiated N2P MDU Complex"
   }
  },
  {
   "type": "Feature",
   "geometry": {
    "type": "Point",
    "coordinates": [
     150.89431183,
     -31.09146622
    ]
   },
   "properties": {
    "name": "UNIT 4, 19 WALLAMORE ROAD TAMINDA 2340",
    "locID": "LOC000018030275",
    "tech": "FTTN",
    "upgrade": "FTTP_NA",
    "gnaf_pid": "GANSW716502067",
    "tech_change_status": "MDU Complex Eligible To Apply",
    "program_type": "Customer-initiated N2P MDU Complex"
   }
  },
  {
   "type": "Feature",
   "geometry": {
    "type": "Point",
    "coordinates": [
     150.89431183,
     -31.09146622
    ]
   },
   "properties": {
    "name": "UNIT 5, 19 WALLAMORE ROAD TAMINDA 2340",
    "locID": "LOC000017996785",
    "tech": "FTTN",
    "upgrade": "FTTP_NA",
    "gnaf_pid": "GANSW716502068",
    "tech_change_status": "MDU Complex Eligible To Apply",
    "program_type": "Customer-initiated N2P MDU Complex"
   }
  },
  {
   "type": "Feature",
   "geometry": {
    "type": "Point",
    "coordinates": [
     150.89431183,
     -31.09146622
    ]
   },
   "properties": {
    "name": "UNIT 6, 19 WALLAMORE ROAD TAMINDA 2340",
    "locID": "LOC000018440134",
    "tech": "FTTN",
    "upgrade": "FTTP_NA",
    "gnaf_pid": "GANSW716502069",
    "tech_change_status": "MDU Complex Eligible To Apply",
    "program_type": "Customer-initiated N2P MDU Complex"
   }
  },
  {
   "type": "Feature",
   "geometry": {
    "type": "Point",
    "coordinates": [
     150.89176163,
     -31.09119563
    ]
   },
   "properties": {
    "name": "1 WALLAMORE ROAD TAMINDA 2340",
    "locID": "LOC000018009390",
    "tech": "FTTN",
    "upgrade": "FTTP_NA",
    "gnaf_pid": "GANSW716502073",
    "tech_change_status": "MDU Complex Eligible To Apply",
    "program_type": "Customer-initiated N2P MDU Complex"
   }
  },
  {
   "type": "Feature",
   "geometry": {
    "type": "Point",
    "coordinates": [
     150.89185079,
     -31.08794347
    ]
   },
   "properties": {
    "name": "72 WALLAMORE ROAD TAMINDA 2340",
    "locID": "LOC000101047504",
    "tech": "WIRELESS",
    "upgrade": "NULL_NA",
    "gnaf_pid": "GANSW716502131",
    "tech_change_status": "Not Planned",
    "program_type": "Fixed Wireless and Satellite Upgrade Program",
    "target_eligibility_quarter": "NA"
   }
  },
  {
   "type": "Feature",
   "geometry": {
    "type": "Point",
    "coordinates": [
     150.89642495,
     -31.09229795
    ]
   },
   "properties": {
    "name": "7 WALLAMORE ROAD TAMINDA 2340",
    "locID": "LOC000088023966",
    "tech": "FTTN",
    "upgrade": "FTTP_NA",
    "gnaf_pid": "GANSW716502157",
    "tech_change_status": "Committed",
    "program_type": "On-Demand N2P SDU/MDU Simple",
    "target_eligibility_quarter": "Dec 2025"
   }
  },
  {
   "type": "Feature",
   "geometry": {
    "type": "Point",
    "coordinates": [
     150.88906509,
     -31.08975488
    ]
   },
   "properties": {
    "name": "96 WALLAMORE ROAD TAMINDA 2340",
    "locID": "LOC000054734522",
    "tech": "WIRELESS",
    "upgrade": "NULL_NA",
    "gnaf_pid": "GANSW716502158",
    "tech_change_status": "Not Planned",
    "program_type": "Fixed Wireless and Satellite Upgrade Program",
    "target_eligibility_quarter": "NA"
   }
  },
  {
   "type": "Feature",
   "geometry": {
    "type": "Point",
    "coordinates": [
     150.89642495,
     -31.09229795
    ]
   },
   "properties": {
    "name": "9 WALLAMORE ROAD TAMINDA 2340",
    "locID": "LOC000076753687",
    "tech": "FTTN",
    "upgrade": "FTTP_NA",
    "gnaf_pid": "GANSW716502159",
    "tech_change_status": "Committed",
    "program_type": "On-Demand N2P SDU/MDU Simple",
    "target_eligibility_quarter": "Dec 2025"
   }
  },
  {
   "type": "Feature",
   "geometry": {
    "type": "Point",
    "coordinates": [
     150.89495506,
     -31.09336893
    ]
   },
   "properties": {
    "name": "14 GOONAN STREET TAMINDA 2340",
    "locID": "LOC000074995435",
    "tech": "FTTN",
    "upgrade": "FTTP_NA",
    "gnaf_pid": "GANSW716505830",
    "tech_change_status": "Committed",
    "program_type": "On-Demand N2P SDU/MDU Simple",
    "target_eligibility_quarter": "Dec 2025"
   }
  },
  {
   "type": "Feature",
   "geometry": {
    "type": "Point",
    "coordinates": [
     150.89358908,
     -31.09280138
    ]
   },
   "properties": {
    "name": "19-20 GOONAN STREET TAMINDA 2340",
    "locID": "LOC000039561731",
    "tech": "FTTN",
    "upgrade": "FTTP_SA",
    "gnaf_pid": "GANSW716506911",
    "tech_change_status": "Eligible to Order",
    "program_type": "On-Demand N2P SDU/MDU Simple",
    "target_eligibility_quarter": "NA"
   }
  },
  {
   "type": "Feature",
   "geometry": {
    "type": "Point",
    "coordinates": [
     150.89707847,
     -31.09246022
    ]
   },
   "properties": {
    "name": "5 WALLAMORE ROAD TAMINDA 2340",
    "locID": "LOC000091270897",
    "tech": "FTTN",
    "upgrade": "FTTP_NA",
    "gnaf_pid": "GANSW716510091",
    "tech_change_status": "Committed",
    "program_type": "On-Demand N2P SDU/MDU Simple",
    "target_eligibility_quarter": "Dec 2025"
   }
  },
  {
   "type": "Feature",
   "geometry": {
    "type": "Point",
    "coordinates": [
     150.89738759,
     -31.09253571
    ]
   },
   "properties": {
    "name": "3 WALLAMORE ROAD TAMINDA 2340",
    "locID": "LOC000035408265",
    "tech": "FTTN",
    "upgrade": "FTTP_NA",
    "gnaf_pid": "GANSW716510887",
    "tech_change_status": "Committed",
    "program_type": "On-Demand N2P SDU/MDU Simple",
    "target_eligibility_quarter": "Dec 2025"
   }
  },
  {
   "type": "Feature",
   "geometry": {
    "type": "Point",
    "coordinates": [
     150.89483701,
     -31.09296256
    ]
   },
   "properties": {
    "name": "16 GOONAN STREET TAMINDA 2340",
    "locID": "LOC000016336154",
    "tech": "FTTN",
    "upgrade": "FTTP",
    "gnaf_pid": "GANSW716511872",
    "tech_change_status": "Eligible to Order",
    "program_type": "On-Demand N2P SDU/MDU Simple",
    "target_eligibility_quarter": "NA"
   }
  },
  {
   "type": "Feature",
   "geometry": {
    "type": "Point",
    "coordinates": [
     150.89492805,
     -31.09182127
    ]
   },
   "properties": {
    "name": "15 WALLAMORE ROAD TAMINDA 2340",
    "locID": "LOC000068606867",
    "tech": "FTTN",
    "upgrade": "FTTP_SA",
    "gnaf_pid": "GANSW716512568",
    "tech_change_status": "Eligible to Order",
    "program_type": "On-Demand N2P SDU/MDU Simple",
    "target_eligibility_quarter": "NA"
   }
  },
  {
   "type": "Feature",
   "geometry": {
    "type": "Point",
    "coordinates": [
     150.89463512,
     -31.09172938
    ]
   },
   "properties": {
    "name": "17 WALLAMORE ROAD TAMINDA 2340",
    "locID": "LOC000029623559",
    "tech": "FTTN",
    "upgrade": "FTTP_SA",
    "gnaf_pid": "GANSW716520776",
    "tech_change_status": "Eligible to Order",
    "program_type": "On-Demand N2P SDU/MDU Simple",
    "target_eligibility_quarter": "NA"
   }
  },
  {
   "type": "Feature",
   "geometry": {
    "type": "Point",
    "coordinates": [
     150.89511312,
     -31.09302344
    ]
   },
   "properties": {
    "name": "15 GOONAN STREET TAMINDA 2340",
    "locID": "LOC000079769370",
    "tech": "FTTN",
    "upgrade": "FTTP_NA",
    "gnaf_pid": "GANSW716529283",
    "tech_change_status": "Committed",
    "program_type": "On-Demand N2P SDU/MDU Simple",
    "target_eligibility_quarter": "Dec 2025"
   }
  },
  {
   "type": "Feature",
   "geometry": {
    "type": "Point",
    "coordinates": [
     150.89492755,
     -31.09015256
    ]
   },
   "properties": {
    "name": "21 WALLAMORE ROAD TAMINDA 2340",
    "locID": "LOC000098244081",
    "tech": "WIRELESS",
    "upgrade": "NULL_NA",
    "gnaf_pid": "GANSW716532106",
    "tech_change_status": "Not Planned",
    "program_type": "Fixed Wireless and Satellite Upgrade Program",
    "target_eligibility_quarter": "NA"
   }
  },
  {
   "type": "Feature",
   "geometry": {
    "type": "Point",
    "coordinates": [
     150.89176163,
     -31.09119563
    ]
   },
   "properties": {
    "name": "23 WALLAMORE ROAD TAMINDA 2340",
    "locID": "LOC100042871054",
    "tech": "FTTN",
    "upgrade": "NULL_NA",
    "gnaf_pid": "GANSW716534282",
    "tech_change_status": "Not Planned"
   }
  },
  {
   "type": "Feature",
   "geometry": {
    "type": "Point",
    "coordinates": [
     150.89431183,
     -31.09146622
    ]
   },
   "properties": {
    "name": "19 WALLAMORE ROAD TAMINDA 2340",
    "locID": "LOC100042871054",
    "tech": "FTTN",
    "upgrade": "NULL_NA",
    "gnaf_pid": "GANSW716542668",
    "tech_change_status": "Not Planned"
   }
  },
  {
   "type": "Feature",
   "geometry": {
    "type": "Point",
    "coordinates": [
     150.89431684,
     -31.09318757
    ]
   },
   "properties": {
    "name": "17-18 GOONAN STREET TAMINDA 2340",
    "locID": "LOC000120865191",
    "tech": "FTTN",
    "upgrade": "FTTP_SA",
    "gnaf_pid": "GANSW716543504",
    "tech_change_status": "Eligible to Order",
    "program_type": "On-Demand N2P SDU/MDU Simple",
    "target_eligibility_quarter": "NA"
   }
  },
  {
   "type": "Feature",
   "geometry": {
    "type": "Point",
    "coordinates": [
     150.89591467,
     -31.09344922
    ]
   },
   "properties": {
    "name": "8-13 GOONAN STREET TAMINDA 2340",
    "locID": "LOC000111327956",
    "tech": "FTTP",
    "upgrade": "NULL_NA",
    "gnaf_pid": "GANSW716548296"
   }
  },
  {
   "type": "Feature",
   "geometry": {
    "type": "Point",
    "coordinates": [
     150.89431183,
     -31.09146622
    ]
   },
   "properties": {
    "name": "UNIT 3, 19 WALLAMORE ROAD TAMINDA 2340",
    "locID": "LOC000018045956",
    "tech": "FTTN",
    "upgrade": "FTTP_NA",
    "gnaf_pid": "GANSW716614411",
    "tech_change_status": "MDU Complex Eligible To Apply",
    "program_type": "Customer-initiated N2P MDU Complex"
   }
  },
  {
   "type": "Feature",
   "geometry": {
    "type": "Point",
    "coordinates": [
     150.89024651,
     -31.09446406
    ]
   },
   "properties": {
    "name": "LOT 149 BASS STREET TAMINDA 2340",
    "locID": "LOC000041746091",
    "tech": "WIRELESS",
    "upgrade": "NULL_NA",
    "gnaf_pid": "GANSW716646214",
    "tech_change_status": "Not Planned",
    "program_type": "Fixed Wireless and Satellite Upgrade Program",
    "target_eligibility_quarter": "NA"
   }
  },
  {
   "type": "Feature",
   "geometry": {
    "type": "Point",
    "coordinates": [
     150.91318896,
     -31.08690668
    ]
   },
   "properties": {
    "name": "LOT 3 PLAIN STREET TAMINDA 2340",
    "locID": "LOC000052631611",
    "tech": "FTTN",
    "upgrade": "FTTP_NA",
    "gnaf_pid": "GANSW716683177",
    "tech_change_status": "Committed",
    "program_type": "On-Demand N2P SDU/MDU Simple",
    "target_eligibility_quarter": "Dec 2025"
   }
  },
  {
   "type": "Feature",
   "geometry": {
    "type": "Point",
    "coordinates": [
     150.91318896,
     -31.08690668
    ]
   },
   "properties": {
    "name": "LOT 59 PLAIN STREET TAMINDA 2340",
    "locID": "LOC000052631611",
    "tech": "FTTN",
    "upgrade": "FTTP_NA",
    "gnaf_pid": "GANSW716683178",
    "tech_change_status": "Committed",
    "program_type": "On-Demand N2P SDU/MDU Simple",
    "target_eligibility_quarter": "Dec 2025"
   }
  },
  {
   "type": "Feature",
   "geometry": {
    "type": "Point",
    "coordinates": [
     150.91318896,
     -31.08690668
    ]
   },
   "properties": {
    "name": "LOT 61 PLAIN STREET TAMINDA 2340",
    "locID": "LOC000052631611",
    "tech": "FTTN",
    "upgrade": "FTTP_NA",
    "gnaf_pid": "GANSW716683179",
    "tech_change_status": "Committed",
    "program_type": "On-Demand N2P SDU/MDU Simple",
    "target_eligibility_quarter": "Dec 2025"
   }
  },
  {
   "type": "Feature",
   "geometry": {
    "type": "Point",
    "coordinates": [
     150.89940512,
     -31.09840665
    ]
   },
   "properties": {
    "name": "77-83 GUNNEDAH ROAD TAMINDA 2340",
    "locID": "LOC000057802585",
    "tech": "FTTN",
    "upgrade": "FTTP_NA",
    "gnaf_pid": "GANSW716733630",
    "tech_change_status": "Committed",
    "program_type": "On-Demand N2P SDU/MDU Simple",
    "target_eligibility_quarter": "Dec 2025"
   }
  },
  {
   "type": "Feature",
   "geometry": {
    "type": "Point",
    "coordinates": [
     150.89979372,
     -31.0952389
    ]
   },
   "properties": {
    "name": "10 EAST WEST PLACE TAMINDA 2340",
    "locID": "LOC000189506046",
    "tech": "FTTP",
    "upgrade": "NULL_NA",
    "gnaf_pid": "GANSW716788606"
   }
  },
  {
   "type": "Feature",
   "geometry": {
    "type": "Point",
    "coordinates": [
     150.89989626,
     -31.0944967
    ]
   },
   "properties": {
    "name": "13 EAST WEST PLACE TAMINDA 2340",
    "locID": "LOC000043383134",
    "tech": "FTTP",
    "upgrade": "FTTP_NA",
    "gnaf_pid": "GANSW716788608",
    "tech_change_status": "Previous Tech Disconnected",
    "program_type": "On-Demand N2P SDU/MDU Simple",
    "target_eligibility_quarter": "NA"
   }
  },
  {
   "type": "Feature",
   "geometry": {
    "type": "Point",
    "coordinates": [
     150.89279825,
     -31.09440038
    ]
   },
   "properties": {
    "name": "45 HUME STREET TAMINDA 2340",
    "locID": "LOC000152345575",
    "tech": "FTTN",
    "upgrade": "FTTP_NA",
    "gnaf_pid": "GANSW716801550",
    "tech_change_status": "Committed",
    "program_type": "On-Demand N2P SDU/MDU Simple",
    "target_eligibility_quarter": "Dec 2025"
   }
  },
  {
   "type": "Feature",
   "geometry": {
    "type": "Point",
    "coordinates": [
     150.89239617,
     -31.09433178
    ]
   },
   "properties": {
    "name": "47 HUME STREET TAMINDA 2340",
    "locID": "LOC000078455812",
    "tech": "FTTN",
    "upgrade": "FTTP_NA",
    "gnaf_pid": "GANSW716801552",
    "tech_change_status": "Committed",
    "program_type": "On-Demand N2P SDU/MDU Simple",
    "target_eligibility_quarter": "Dec 2025"
   }
  },
  {
   "type": "Feature",
   "geometry": {
    "type": "Point",
    "coordinates": [
     150.89211334,
     -31.09429347
    ]
   },
   "properties": {
    "name": "49 HUME STREET TAMINDA 2340",
    "locID": "LOC000041154698",
    "tech": "FTTN",
    "upgrade": "FTTP_NA",
    "gnaf_pid": "GANSW716801554",
    "tech_change_status": "Committed",
    "program_type": "On-Demand N2P SDU/MDU Simple",
    "target_eligibility_quarter": "Dec 2025"
   }
  },
  {
   "type": "Feature",
   "geometry": {
    "type": "Point",
    "coordinates": [
     150.89327636,
     -31.09476923
    ]
   },
   "properties": {
    "name": "39-41 HUME STREET TAMINDA 2340",
    "locID": "LOC000097169908",
    "tech": "FTTN",
    "upgrade": "FTTP_NA",
    "gnaf_pid": "GANSW717017348",
    "tech_change_status": "Committed",
    "program_type": "On-Demand N2P SDU/MDU Simple",
    "target_eligibility_quarter": "Dec 2025"
   }
  },
  {
   "type": "Feature",
   "geometry": {
    "type": "Point",
    "coordinates": [
     150.9066099,
     -31.09173541
    ]
   },
   "properties": {
    "name": "25 SHOWGROUND ROAD TAMINDA 2340",
    "locID": "LOC000008135598",
    "tech": "FTTN",
    "upgrade": "FTTP_SA",
    "gnaf_pid": "GANSW717026592",
    "tech_change_status": "Eligible to Order",
    "program_type": "On-Demand N2P SDU/MDU Simple",
    "target_eligibility_quarter": "NA"
   }
  },
  {
   "type": "Feature",
   "geometry": {
    "type": "Point",
    "coordinates": [
     150.90042485,
     -31.09561931
    ]
   },
   "properties": {
    "name": "17 HAWKER ROAD TAMINDA 2340",
    "locID": "LOC000095591730",
    "tech": "FTTN",
    "upgrade": "FTTP_NA",
    "gnaf_pid": "GANSW717265568",
    "tech_change_status": "MDU Complex Eligible To Apply",
    "program_type": "Customer-initiated N2P MDU Complex"
   }
  },
  {
   "type": "Feature",
   "geometry": {
    "type": "Point",
    "coordinates": [
     150.89858144,
     -31.09537727
    ]
   },
   "properties": {
    "name": "3 HAWKER ROAD TAMINDA 2340",
    "locID": "LOC000001520802",
    "tech": "FTTP",
    "upgrade": "FTTP_NA",
    "gnaf_pid": "GANSW717265569",
    "tech_change_status": "Previous Tech Disconnected",
    "program_type": "On-Demand N2P SDU/MDU Simple",
    "target_eligibility_quarter": "NA"
   }
  },
  {
   "type": "Feature",
   "geometry": {
    "type": "Point",
    "coordinates": [
     150.89841508,
     -31.09599931
    ]
   },
   "properties": {
    "name": "4 HAWKER ROAD TAMINDA 2340",
    "locID": "LOC000048051936",
    "tech": "FTTN",
    "upgrade": "FTTP_SA",
    "gnaf_pid": "GANSW717265570",
    "tech_change_status": "Eligible to Order",
    "program_type": "On-Demand N2P SDU/MDU Simple",
    "target_eligibility_quarter": "NA"
   }
  },
  {
   "type": "Feature",
   "geometry": {
    "type": "Point",
    "coordinates": [
     150.89898969,
     -31.09522719
    ]
   },
   "properties": {
    "name": "5 HAWKER ROAD TAMINDA 2340",
    "locID": "LOC000049189467",
    "tech": "FTTN",
    "upgrade": "FTTP_SA",
    "gnaf_pid": "GANSW717265571",
    "tech_change_status": "Eligible to Order",
    "program_type": "On-Demand N2P SDU/MDU Simple",
    "target_eligibility_quarter": "NA"
   }
  },
  {
   "type": "Feature",
   "geometry": {
    "type": "Point",
    "coordinates": [
     150.89898007,
     -31.09608531
    ]
   },
   "properties": {
    "name": "6-8 HAWKER ROAD TAMINDA 2340",
    "locID": "LOC000091695550",
    "tech": "FTTN",
    "upgrade": "FTTP_SA",
    "gnaf_pid": "GANSW717265572",
    "tech_change_status": "Eligible to Order",
    "program_type": "On-Demand N2P SDU/MDU Simple",
    "target_eligibility_quarter": "NA"
   }
  },
  {
   "type": "Feature",
   "geometry": {
    "type": "Point",
    "coordinates": [
     150.89933517,
     -31.09532046
    ]
   },
   "properties": {
    "name": "7 HAWKER ROAD TAMINDA 2340",
    "locID": "LOC000070871113",
    "tech": "FTTP",
    "upgrade": "FTTP_NA",
    "gnaf_pid": "GANSW717265573",
    "tech_change_status": "Previous Tech Disconnected",
    "program_type": "On-Demand N2P SDU/MDU Simple",
    "target_eligibility_quarter": "NA"
   }
  },
  {
   "type": "Feature",
   "geometry": {
    "type": "Point",
    "coordinates": [
     150.890286,
     -31.09633835
    ]
   },
   "properties": {
    "name": "UNIT 1, 12 BASS STREET TAMINDA 2340",
    "locID": "LOC000174634282",
    "tech": "FTTN",
    "upgrade": "FTTP_SA",
    "gnaf_pid": "GANSW717281019",
    "tech_change_status": "Eligible to Order",
    "program_type": "On-Demand N2P SDU/MDU Simple",
    "target_eligibility_quarter": "NA"
   }
  },
  {
   "type": "Feature",
   "geometry": {
    "type": "Point",
    "coordinates": [
     150.90029455,
     -31.09628379
    ]
   },
   "properties": {
    "name": "14 HAWKER ROAD TAMINDA 2340",
    "locID": "LOC000054646354",
    "tech": "FTTP",
    "upgrade": "FTTP_NA",
    "gnaf_pid": "GANSW717300105",
    "tech_change_status": "Previous Tech Disconnected",
    "program_type": "On-Demand N2P SDU/MDU Simple",
    "target_eligibility_quarter": "NA"
   }
  },
  {
   "type": "Feature",
   "geometry": {
    "type": "Point",
    "coordinates": [
     150.90066876,
     -31.09634008
    ]
   },
   "properties": {
    "name": "16 HAWKER ROAD TAMINDA 2340",
    "locID": "LOC000033305501",
    "tech": "FTTN",
    "upgrade": "FTTP_SA",
    "gnaf_pid": "GANSW717300106",
    "tech_change_status": "Eligible to Order",
    "program_type": "On-Demand N2P SDU/MDU Simple",
    "target_eligibility_quarter": "NA"
   }
  },
  {
   "type": "Feature",
   "geometry": {
    "type": "Point",
    "coordinates": [
     150.89934615,
     -31.0975018
    ]
   },
   "properties": {
    "name": "UNIT 10, 8 HARGRAVE STREET TAMINDA 2340",
    "locID": "LOC000077552543",
    "tech": "FTTN",
    "upgrade": "FTTP_NA",
    "gnaf_pid": "GANSW717357043",
    "tech_change_status": "MDU Complex Eligible To Apply",
    "program_type": "Customer-initiated N2P MDU Complex"
   }
  },
  {
   "type": "Feature",
   "geometry": {
    "type": "Point",
    "coordinates": [
     150.90875012,
     -31.0870481
    ]
   },
   "properties": {
    "name": "2 LOCKHEED STREET TAMINDA 2340",
    "locID": "LOC000170203027",
    "tech": "FTTN",
    "upgrade": "FTTP_NA",
    "gnaf_pid": "GANSW717437563",
    "tech_change_status": "Committed",
    "program_type": "On-Demand N2P SDU/MDU Simple",
    "target_eligibility_quarter": "Dec 2025"
   }
  },
  {
   "type": "Feature",
   "geometry": {
    "type": "Point",
    "coordinates": [
     150.9014076,
     -31.09635999
    ]
   },
   "properties": {
    "name": "UNIT 3, 22 MACINTOSH STREET TAMINDA 2340",
    "locID": "LOC000051527870",
    "tech": "FTTP",
    "upgrade": "FTTP_NA",
    "gnaf_pid": "GANSW717465886",
    "tech_change_status": "Previous Tech Disconnected",
    "program_type": "On-Demand N2P SDU/MDU Simple",
    "target_eligibility_quarter": "NA"
   }
  },
  {
   "type": "Feature",
   "geometry": {
    "type": "Point",
    "coordinates": [
     150.89973389,
     -31.09619945
    ]
   },
   "properties": {
    "name": "10-12 HAWKER ROAD TAMINDA 2340",
    "locID": "LOC000096194109",
    "tech": "FTTN",
    "upgrade": "FTTP_SA",
    "gnaf_pid": "GANSW717651219",
    "tech_change_status": "Eligible to Order",
    "program_type": "On-Demand N2P SDU/MDU Simple",
    "target_eligibility_quarter": "NA"
   }
  },
  {
   "type": "Feature",
   "geometry": {
    "type": "Point",
    "coordinates": [
     150.89973044,
     -31.09558779
    ]
   },
   "properties": {
    "name": "9 HAWKER ROAD TAMINDA 2340",
    "locID": "LOC000169170170",
    "tech": "FTTN",
    "upgrade": "FTTP_SA",
    "gnaf_pid": "GANSW717651220",
    "tech_change_status": "Eligible to Order",
    "program_type": "On-Demand N2P SDU/MDU Simple",
    "target_eligibility_quarter": "NA"
   }
  },
  {
   "type": "Feature",
   "geometry": {
    "type": "Point",
    "coordinates": [
     150.9066099,
     -31.09173541
    ]
   },
   "properties": {
    "name": "25-43 SHOWGROUND ROAD TAMINDA 2340",
    "locID": "LOC000008135598",
    "tech": "FTTN",
    "upgrade": "FTTP_SA",
    "gnaf_pid": "GANSW717652922",
    "tech_change_status": "Eligible to Order",
    "program_type": "On-Demand N2P SDU/MDU Simple",
    "target_eligibility_quarter": "NA"
   }
  },
  {
   "type": "Feature",
   "geometry": {
    "type": "Point",
    "coordinates": [
     150.91234236,
     -31.09068319
    ]
   },
   "properties": {
    "name": "39-45 BARNES STREET TAMINDA 2340",
    "locID": "LOC000120856336",
    "tech": "FTTN",
    "upgrade": "FTTP_NA",
    "gnaf_pid": "GANSW717690636",
    "tech_change_status": "Committed",
    "program_type": "On-Demand N2P SDU/MDU Simple",
    "target_eligibility_quarter": "Dec 2025"
   }
  },
  {
   "type": "Feature",
   "geometry": {
    "type": "Point",
    "coordinates": [
     150.90950982,
     -31.09423929
    ]
   },
   "properties": {
    "name": "86 BARNES STREET TAMINDA 2340",
    "locID": "LOC000112238742",
    "tech": "FTTP",
    "upgrade": "FTTP_NA",
    "gnaf_pid": "GANSW717690637",
    "tech_change_status": "Previous Tech Disconnected",
    "program_type": "On-Demand N2P SDU/MDU Simple",
    "target_eligibility_quarter": "NA"
   }
  },
  {
   "type": "Feature",
   "geometry": {
    "type": "Point",
    "coordinates": [
     150.91982962,
     -31.08530159
    ]
   },
   "properties": {
    "name": "1 CARTER STREET TAMINDA 2340",
    "locID": "LOC000001403386",
    "tech": "FTTN",
    "upgrade": "FTTP_NA",
    "gnaf_pid": "GANSW717730103",
    "tech_change_status": "Committed",
    "program_type": "On-Demand N2P SDU/MDU Simple",
    "target_eligibility_quarter": "Dec 2025"
   }
  },
  {
   "type": "Feature",
   "geometry": {
    "type": "Point",
    "coordinates": [
     150.89371616,
     -31.09738591
    ]
   },
   "properties": {
    "name": "UNIT 2, 4 COOK STREET TAMINDA 2340",
    "locID": "LOC000109813877",
    "tech": "FTTN",
    "upgrade": "FTTP_SA",
    "gnaf_pid": "GANSW717730387",
    "tech_change_status": "Eligible to Order",
    "program_type": "On-Demand N2P SDU/MDU Simple",
    "target_eligibility_quarter": "NA"
   }
  },
  {
   "type": "Feature",
   "geometry": {
    "type": "Point",
    "coordinates": [
     150.89371616,
     -31.09738591
    ]
   },
   "properties": {
    "name": "UNIT 3, 4 COOK STREET TAMINDA 2340",
    "locID": "LOC000176184391",
    "tech": "FTTN",
    "upgrade": "FTTP_SA",
    "gnaf_pid": "GANSW717730388",
    "tech_change_status": "Eligible to Order",
    "program_type": "On-Demand N2P SDU/MDU Simple",
    "target_eligibility_quarter": "NA"
   }
  },
  {
   "type": "Feature",
   "geometry": {
    "type": "Point",
    "coordinates": [
     150.89371616,
     -31.09738591
    ]
   },
   "properties": {
    "name": "UNIT 4, 4 COOK STREET TAMINDA 2340",
    "locID": "LOC000109813877",
    "tech": "FTTN",
    "upgrade": "FTTP_SA",
    "gnaf_pid": "GANSW717730389",
    "tech_change_status": "Eligible to Order",
    "program_type": "On-Demand N2P SDU/MDU Simple",
    "target_eligibility_quarter": "NA"
   }
  },
  {
   "type": "Feature",
   "geometry": {
    "type": "Point",
    "coordinates": [
     150.89891667,
     -31.09243322
    ]
   },
   "properties": {
    "name": "UNIT 1, 60-62 DAMPIER STREET TAMINDA 2340",
    "locID": "LOC000082422580",
    "tech": "FTTN",
    "upgrade": "FTTP_NA",
    "gnaf_pid": "GANSW717730596",
    "tech_change_status": "MDU Complex Eligible To Apply",
    "program_type": "Customer-initiated N2P MDU Complex"
   }
  },
  {
   "type": "Feature",
   "geometry": {
    "type": "Point",
    "coordinates": [
     150.89891667,
     -31.09243322
    ]
   },
   "properties": {
    "name": "UNIT 2, 60-62 DAMPIER STREET TAMINDA 2340",
    "locID": "LOC000082633777",
    "tech": "FTTN",
    "upgrade": "FTTP_NA",
    "gnaf_pid": "GANSW717730597",
    "tech_change_status": "MDU Complex Eligible To Apply",
    "program_type": "Customer-initiated N2P MDU Complex"
   }
  },
  {
   "type": "Feature",
   "geometry": {
    "type": "Point",
    "coordinates": [
     150.89891667,
     -31.09243322
    ]
   },
   "properties": {
    "name": "UNIT 3, 60-62 DAMPIER STREET TAMINDA 2340",
    "locID": "LOC000082422580",
    "tech": "FTTN",
    "upgrade": "FTTP_NA",
    "gnaf_pid": "GANSW717730598",
    "tech_change_status": "MDU Complex Eligible To Apply",
    "program_type": "Customer-initiated N2P MDU Complex"
   }
  },
  {
   "type": "Feature",
   "geometry": {
    "type": "Point",
    "coordinates": [
     150.91636716,
     -31.08890778
    ]
   },
   "properties": {
    "name": "34A DENISON STREET TAMINDA 2340",
    "locID": "LOC000039730301",
    "tech": "FTTP",
    "upgrade": "FTTP_NA",
    "gnaf_pid": "GANSW717730771",
    "tech_change_status": "Previous Tech Disconnected",
    "program_type": "On-Demand N2P SDU/MDU Simple",
    "target_eligibility_quarter": "NA"
   }
  },
  {
   "type": "Feature",
   "geometry": {
    "type": "Point",
    "coordinates": [
     150.90042485,
     -31.09561931
    ]
   },
   "properties": {
    "name": "UNIT 1, 17 HAWKER ROAD TAMINDA 2340",
    "locID": "LOC000095591730",
    "tech": "FTTN",
    "upgrade": "FTTP_NA",
    "gnaf_pid": "GANSW717732473",
    "tech_change_status": "MDU Complex Eligible To Apply",
    "program_type": "Customer-initiated N2P MDU Complex"
   }
  },
  {
   "type": "Feature",
   "geometry": {
    "type": "Point",
    "coordinates": [
     150.89841508,
     -31.09599931
    ]
   },
   "properties": {
    "name": "UNIT 1, 4 HAWKER ROAD TAMINDA 2340",
    "locID": "LOC000048427010",
    "tech": "FTTN",
    "upgrade": "FTTP_SA",
    "gnaf_pid": "GANSW717732474",
    "tech_change_status": "Eligible to Order",
    "program_type": "On-Demand N2P SDU/MDU Simple",
    "target_eligibility_quarter": "NA"
   }
  },
  {
   "type": "Feature",
   "geometry": {
    "type": "Point",
    "coordinates": [
     150.90042485,
     -31.09561931
    ]
   },
   "properties": {
    "name": "UNIT 2, 17 HAWKER ROAD TAMINDA 2340",
    "locID": "LOC000095591730",
    "tech": "FTTN",
    "upgrade": "FTTP_NA",
    "gnaf_pid": "GANSW717732475",
    "tech_change_status": "MDU Complex Eligible To Apply",
    "program_type": "Customer-initiated N2P MDU Complex"
   }
  },
  {
   "type": "Feature",
   "geometry": {
    "type": "Point",
    "coordinates": [
     150.89841508,
     -31.09599931
    ]
   },
   "properties": {
    "name": "UNIT 2, 4 HAWKER ROAD TAMINDA 2340",
    "locID": "LOC000049287281",
    "tech": "FTTN",
    "upgrade": "FTTP_SA",
    "gnaf_pid": "GANSW717732476",
    "tech_change_status": "Eligible to Order",
    "program_type": "On-Demand N2P SDU/MDU Simple",
    "target_eligibility_quarter": "NA"
   }
  },
  {
   "type": "Feature",
   "geometry": {
    "type": "Point",
    "coordinates": [
     150.90042485,
     -31.09561931
    ]
   },
   "properties": {
    "name": "UNIT 3, 17 HAWKER ROAD TAMINDA 2340",
    "locID": "LOC000094644302",
    "tech": "FTTN",
    "upgrade": "FTTP_NA",
    "gnaf_pid": "GANSW717732477",
    "tech_change_status": "MDU Complex Eligible To Apply",
    "program_type": "Customer-initiated N2P MDU Complex"
   }
  },
  {
   "type": "Feature",
   "geometry": {
    "type": "Point",
    "coordinates": [
     150.90042485,
     -31.09561931
    ]
   },
   "properties": {
    "name": "UNIT 4, 17 HAWKER ROAD TAMINDA 2340",
    "locID": "LOC000095645426",
    "tech": "FTTN",
    "upgrade": "FTTP_NA",
    "gnaf_pid": "GANSW717732478",
    "tech_change_status": "MDU Complex Eligible To Apply",
    "program_type": "Customer-initiated N2P MDU Complex"
   }
  },
  {
   "type": "Feature",
   "geometry": {
    "type": "Point",
    "coordinates": [
     150.90042485,
     -31.09561931
    ]
   },
   "properties": {
    "name": "UNIT 5, 17 HAWKER ROAD TAMINDA 2340",
    "locID": "LOC000095268348",
    "tech": "FTTN",
    "upgrade": "FTTP_NA",
    "gnaf_pid": "GANSW717732479",
    "tech_change_status": "MDU Complex Eligible To Apply",
    "program_type": "Customer-initiated N2P MDU Complex"
   }
  },
  {
   "type": "Feature",
   "geometry": {
    "type": "Point",
    "coordinates": [
     150.9045818,
     -31.09649165
    ]
   },
   "properties": {
    "name": "UNIT 1, 3 HINKLER ROAD TAMINDA 2340",
    "locID": "LOC000090174972",
    "tech": "FTTP",
    "upgrade": "FTTP_NA",
    "gnaf_pid": "GANSW717732620",
    "tech_change_status": "Previous Tech Disconnected",
    "program_type": "On-Demand N2P SDU/MDU Simple",
    "target_eligibility_quarter": "NA"
   }
  },
  {
   "type": "Feature",
   "geometry": {
    "type": "Point",
    "coordinates": [
     150.9039995,
     -31.09642202
    ]
   },
   "properties": {
    "name": "UNIT 1, 7 HINKLER ROAD TAMINDA 2340",
    "locID": "LOC000172756802",
    "tech": "FTTN",
    "upgrade": "FTTP_SA",
    "gnaf_pid": "GANSW717732621",
    "tech_change_status": "Eligible to Order",
    "program_type": "On-Demand N2P SDU/MDU Simple",
    "target_eligibility_quarter": "NA"
   }
  },
  {
   "type": "Feature",
   "geometry": {
    "type": "Point",
    "coordinates": [
     150.9032532,
     -31.09651752
    ]
   },
   "properties": {
    "name": "UNIT 1, 8 HINKLER ROAD TAMINDA 2340",
    "locID": "LOC000033350850",
    "tech": "FTTN",
    "upgrade": "FTTP_SA",
    "gnaf_pid": "GANSW717732622",
    "tech_change_status": "Eligible to Order",
    "program_type": "On-Demand N2P SDU/MDU Simple",
    "target_eligibility_quarter": "NA"
   }
  },
  {
   "type": "Feature",
   "geometry": {
    "type": "Point",
    "coordinates": [
     150.9045818,
     -31.09649165
    ]
   },
   "properties": {
    "name": "UNIT 2, 3 HINKLER ROAD TAMINDA 2340",
    "locID": "LOC000090174972",
    "tech": "FTTP",
    "upgrade": "FTTP_NA",
    "gnaf_pid": "GANSW717732623",
    "tech_change_status": "Previous Tech Disconnected",
    "program_type": "On-Demand N2P SDU/MDU Simple",
    "target_eligibility_quarter": "NA"
   }
  },
  {
   "type": "Feature",
   "geometry": {
    "type": "Point",
    "coordinates": [
     150.9039995,
     -31.09642202
    ]
   },
   "properties": {
    "name": "UNIT 2, 7 HINKLER ROAD TAMINDA 2340",
    "locID": "LOC000169175762",
    "tech": "FTTN",
    "upgrade": "FTTP_SA",
    "gnaf_pid": "GANSW717732624",
    "tech_change_status": "Eligible to Order",
    "program_type": "On-Demand N2P SDU/MDU Simple",
    "target_eligibility_quarter": "NA"
   }
  },
  {
   "type": "Feature",
   "geometry": {
    "type": "Point",
    "coordinates": [
     150.9039995,
     -31.09642202
    ]
   },
   "properties": {
    "name": "UNIT 3, 7 HINKLER ROAD TAMINDA 2340",
    "locID": "LOC000172756802",
    "tech": "FTTN",
    "upgrade": "FTTP_SA",
    "gnaf_pid": "GANSW717732625",
    "tech_change_status": "Eligible to Order",
    "program_type": "On-Demand N2P SDU/MDU Simple",
    "target_eligibility_quarter": "NA"
   }
  },
  {
   "type": "Feature",
   "geometry": {
    "type": "Point",
    "coordinates": [
     150.9039995,
     -31.09642202
    ]
   },
   "properties": {
    "name": "UNIT 4, 7 HINKLER ROAD TAMINDA 2340",
    "locID": "LOC000172756802",
    "tech": "FTTN",
    "upgrade": "FTTP_SA",
    "gnaf_pid": "GANSW717732626",
    "tech_change_status": "Eligible to Order",
    "program_type": "On-Demand N2P SDU/MDU Simple",
    "target_eligibility_quarter": "NA"
   }
  },
  {
   "type": "Feature",
   "geometry": {
    "type": "Point",
    "coordinates": [
     150.90365507,
     -31.09658844
    ]
   },
   "properties": {
    "name": "18 HINKLER ROAD TAMINDA 2340",
    "locID": "LOC000025052154",
    "tech": "FTTN",
    "upgrade": "FTTP_NA",
    "gnaf_pid": "GANSW717732628",
    "tech_change_status": "Committed",
    "program_type": "On-Demand N2P SDU/MDU Simple",
    "target_eligibility_quarter": "Dec 2025"
   }
  },
  {
   "type": "Feature",
   "geometry": {
    "type": "Point",
    "coordinates": [
     150.90365507,
     -31.09658844
    ]
   },
   "properties": {
    "name": "19 HINKLER ROAD TAMINDA 2340",
    "locID": "LOC000072529916",
    "tech": "FTTN",
    "upgrade": "FTTP_SA",
    "gnaf_pid": "GANSW717732629",
    "tech_change_status": "Eligible to Order",
    "program_type": "On-Demand N2P SDU/MDU Simple",
    "target_eligibility_quarter": "NA"
   }
  },
  {
   "type": "Feature",
   "geometry": {
    "type": "Point",
    "coordinates": [
     150.90980097,
     -31.0858274
    ]
   },
   "properties": {
    "name": "UNIT 2, 1 AVRO STREET TAMINDA 2340",
    "locID": "LOC000120857572",
    "tech": "FTTN",
    "upgrade": "FTTP_SA",
    "gnaf_pid": "GANSW717759273",
    "tech_change_status": "Eligible to Order",
    "program_type": "On-Demand N2P SDU/MDU Simple",
    "target_eligibility_quarter": "NA"
   }
  },
  {
   "type": "Feature",
   "geometry": {
    "type": "Point",
    "coordinates": [
     150.91397107,
     -31.08893691
    ]
   },
   "properties": {
    "name": "UNIT 3, 39 BELMORE STREET TAMINDA 2340",
    "locID": "LOC000193325348",
    "tech": "FTTN",
    "upgrade": "FTTP_SA",
    "gnaf_pid": "GANSW717801126",
    "tech_change_status": "Eligible to Order",
    "program_type": "On-Demand N2P SDU/MDU Simple",
    "target_eligibility_quarter": "NA"
   }
  },
  {
   "type": "Feature",
   "geometry": {
    "type": "Point",
    "coordinates": [
     150.89352932,
     -31.09523047
    ]
   },
   "properties": {
    "name": "UNIT 1, 61 COOK STREET TAMINDA 2340",
    "locID": "LOC000097990178",
    "tech": "FTTN",
    "upgrade": "FTTP_SA",
    "gnaf_pid": "GANSW717807755",
    "tech_change_status": "Eligible to Order",
    "program_type": "On-Demand N2P SDU/MDU Simple",
    "target_eligibility_quarter": "NA"
   }
  },
  {
   "type": "Feature",
   "geometry": {
    "type": "Point",
    "coordinates": [
     150.89352932,
     -31.09523047
    ]
   },
   "properties": {
    "name": "UNIT 2, 61 COOK STREET TAMINDA 2340",
    "locID": "LOC000097990178",
    "tech": "FTTN",
    "upgrade": "FTTP_SA",
    "gnaf_pid": "GANSW717807756",
    "tech_change_status": "Eligible to Order",
    "program_type": "On-Demand N2P SDU/MDU Simple",
    "target_eligibility_quarter": "NA"
   }
  },
  {
   "type": "Feature",
   "geometry": {
    "type": "Point",
    "coordinates": [
     150.90048832,
     -31.09458929
    ]
   },
   "properties": {
    "name": "15-17 EAST WEST PLACE TAMINDA 2340",
    "locID": "LOC000088168735",
    "tech": "FTTN",
    "upgrade": "FTTP_SA",
    "gnaf_pid": "GANSW717889979",
    "tech_change_status": "Eligible to Order",
    "program_type": "On-Demand N2P SDU/MDU Simple",
    "target_eligibility_quarter": "NA"
   }
  },
  {
   "type": "Feature",
   "geometry": {
    "type": "Point",
    "coordinates": [
     150.89851943,
     -31.09425818
    ]
   },
   "properties": {
    "name": "1-5 EAST WEST PLACE TAMINDA 2340",
    "locID": "LOC000111586251",
    "tech": "FTTN",
    "upgrade": "FTTP_SA",
    "gnaf_pid": "GANSW717889980",
    "tech_change_status": "Eligible to Order",
    "program_type": "On-Demand N2P SDU/MDU Simple",
    "target_eligibility_quarter": "NA"
   }
  },
  {
   "type": "Feature",
   "geometry": {
    "type": "Point",
    "coordinates": [
     150.91197782,
     -31.08757048
    ]
   },
   "properties": {
    "name": "66 PLAIN STREET TAMINDA 2340",
    "locID": "LOC000120858513",
    "tech": "FTTN",
    "upgrade": "FTTP_NA",
    "gnaf_pid": "GANSW717997825",
    "tech_change_status": "Committed",
    "program_type": "On-Demand N2P SDU/MDU Simple",
    "target_eligibility_quarter": "Dec 2025"
   }
  },
  {
   "type": "Feature",
   "geometry": {
    "type": "Point",
    "coordinates": [
     150.89128219,
     -31.09453162
    ]
   },
   "properties": {
    "name": "51-59 HUME STREET TAMINDA 2340",
    "locID": "LOC000044080957",
    "tech": "FTTN",
    "upgrade": "FTTP_NA",
    "gnaf_pid": "GANSW718030519",
    "tech_change_status": "Committed",
    "program_type": "On-Demand N2P SDU/MDU Simple",
    "target_eligibility_quarter": "Dec 2025"
   }
  },
  {
   "type": "Feature",
   "geometry": {
    "type": "Point",
    "coordinates": [
     150.90861329,
     -31.09388427
    ]
   },
   "properties": {
    "name": "UNIT 1, 85 BARNES STREET TAMINDA 2340",
    "locID": "LOC000028072585",
    "tech": "FTTN",
    "upgrade": "FTTP_SA",
    "gnaf_pid": "GANSW718048782",
    "tech_change_status": "Eligible to Order",
    "program_type": "On-Demand N2P SDU/MDU Simple",
    "target_eligibility_quarter": "NA"
   }
  },
  {
   "type": "Feature",
   "geometry": {
    "type": "Point",
    "coordinates": [
     150.90861329,
     -31.09388427
    ]
   },
   "properties": {
    "name": "UNIT 2, 85 BARNES STREET TAMINDA 2340",
    "locID": "LOC000028096738",
    "tech": "FTTN",
    "upgrade": "FTTP_SA",
    "gnaf_pid": "GANSW718048783",
    "tech_change_status": "Eligible to Order",
    "program_type": "On-Demand N2P SDU/MDU Simple",
    "target_eligibility_quarter": "NA"
   }
  },
  {
   "type": "Feature",
   "geometry": {
    "type": "Point",
    "coordinates": [
     150.90861329,
     -31.09388427
    ]
   },
   "properties": {
    "name": "UNIT 3, 85 BARNES STREET TAMINDA 2340",
    "locID": "LOC000028093616",
    "tech": "FTTN",
    "upgrade": "FTTP_SA",
    "gnaf_pid": "GANSW718048784",
    "tech_change_status": "Eligible to Order",
    "program_type": "On-Demand N2P SDU/MDU Simple",
    "target_eligibility_quarter": "NA"
   }
  },
  {
   "type": "Feature",
   "geometry": {
    "type": "Point",
    "coordinates": [
     150.91057556,
     -31.09228297
    ]
   },
   "properties": {
    "name": "UNIT 6, 61 BARNES STREET TAMINDA 2340",
    "locID": "LOC000005556784",
    "tech": "FTTN",
    "upgrade": "FTTP_NA",
    "gnaf_pid": "GANSW718048785",
    "tech_change_status": "MDU Complex Eligible To Apply",
    "program_type": "Customer-initiated N2P MDU Complex"
   }
  },
  {
   "type": "Feature",
   "geometry": {
    "type": "Point",
    "coordinates": [
     150.89262175,
     -31.09628989
    ]
   },
   "properties": {
    "name": "UNIT 1, 15-19 COOK STREET TAMINDA 2340",
    "locID": "LOC000152352512",
    "tech": "FTTN",
    "upgrade": "FTTP_NA",
    "gnaf_pid": "GANSW718050860",
    "tech_change_status": "Committed",
    "program_type": "On-Demand N2P SDU/MDU Simple",
    "target_eligibility_quarter": "Dec 2025"
   }
  },
  {
   "type": "Feature",
   "geometry": {
    "type": "Point",
    "coordinates": [
     150.89415714,
     -31.09543435
    ]
   },
   "properties": {
    "name": "UNIT 1, 26-28 COOK STREET TAMINDA 2340",
    "locID": "LOC000083203680",
    "tech": "FTTP",
    "upgrade": "FTTP_NA",
    "gnaf_pid": "GANSW718050861",
    "tech_change_status": "Previous Tech Disconnected",
    "program_type": "On-Demand N2P SDU/MDU Simple",
    "target_eligibility_quarter": "NA"
   }
  },
  {
   "type": "Feature",
   "geometry": {
    "type": "Point",
    "coordinates": [
     150.89262175,
     -31.09628989
    ]
   },
   "properties": {
    "name": "UNIT 2, 15-19 COOK STREET TAMINDA 2340",
    "locID": "LOC000152352512",
    "tech": "FTTN",
    "upgrade": "FTTP_NA",
    "gnaf_pid": "GANSW718050862",
    "tech_change_status": "Committed",
    "program_type": "On-Demand N2P SDU/MDU Simple",
    "target_eligibility_quarter": "Dec 2025"
   }
  },
  {
   "type": "Feature",
   "geometry": {
    "type": "Point",
    "coordinates": [
     150.89415714,
     -31.09543435
    ]
   },
   "properties": {
    "name": "UNIT 2, 26-28 COOK STREET TAMINDA 2340",
    "locID": "LOC000083203680",
    "tech": "FTTP",
    "upgrade": "FTTP_NA",
    "gnaf_pid": "GANSW718050863",
    "tech_change_status": "Previous Tech Disconnected",
    "program_type": "On-Demand N2P SDU/MDU Simple",
    "target_eligibility_quarter": "NA"
   }
  },
  {
   "type": "Feature",
   "geometry": {
    "type": "Point",
    "coordinates": [
     150.89262175,
     -31.09628989
    ]
   },
   "properties": {
    "name": "UNIT 3, 15-19 COOK STREET TAMINDA 2340",
    "locID": "LOC000152352512",
    "tech": "FTTN",
    "upgrade": "FTTP_NA",
    "gnaf_pid": "GANSW718050864",
    "tech_change_status": "Committed",
    "program_type": "On-Demand N2P SDU/MDU Simple",
    "target_eligibility_quarter": "Dec 2025"
   }
  },
  {
   "type": "Feature",
   "geometry": {
    "type": "Point",
    "coordinates": [
     150.89262175,
     -31.09628989
    ]
   },
   "properties": {
    "name": "UNIT 4, 15-19 COOK STREET TAMINDA 2340",
    "locID": "LOC000152352512",
    "tech": "FTTN",
    "upgrade": "FTTP_NA",
    "gnaf_pid": "GANSW718050865",
    "tech_change_status": "Committed",
    "program_type": "On-Demand N2P SDU/MDU Simple",
    "target_eligibility_quarter": "Dec 2025"
   }
  },
  {
   "type": "Feature",
   "geometry": {
    "type": "Point",
    "coordinates": [
     150.89262175,
     -31.09628989
    ]
   },
   "properties": {
    "name": "UNIT 5, 15-19 COOK STREET TAMINDA 2340",
    "locID": "LOC000152352512",
    "tech": "FTTN",
    "upgrade": "FTTP_NA",
    "gnaf_pid": "GANSW718050866",
    "tech_change_status": "Committed",
    "program_type": "On-Demand N2P SDU/MDU Simple",
    "target_eligibility_quarter": "Dec 2025"
   }
  },
  {
   "type": "Feature",
   "geometry": {
    "type": "Point",
    "coordinates": [
     150.89649304,
     -31.09624409
    ]
   },
   "properties": {
    "name": "UNIT 10, 21 DAMPIER STREET TAMINDA 2340",
    "locID": "LOC000087527991",
    "tech": "FTTN",
    "upgrade": "FTTP_NA",
    "gnaf_pid": "GANSW718051306",
    "tech_change_status": "MDU Complex Eligible To Apply",
    "program_type": "Customer-initiated N2P MDU Complex"
   }
  },
  {
   "type": "Feature",
   "geometry": {
    "type": "Point",
    "coordinates": [
     150.89649304,
     -31.09624409
    ]
   },
   "properties": {
    "name": "UNIT 1, 17 DAMPIER STREET TAMINDA 2340",
    "locID": "LOC000082422580",
    "tech": "FTTN",
    "upgrade": "FTTP_NA",
    "gnaf_pid": "GANSW718051307",
    "tech_change_status": "MDU Complex Eligible To Apply",
    "program_type": "Customer-initiated N2P MDU Complex"
   }
  },
  {
   "type": "Feature",
   "geometry": {
    "type": "Point",
    "coordinates": [
     150.89649304,
     -31.09624409
    ]
   },
   "properties": {
    "name": "UNIT 2, 21 DAMPIER STREET TAMINDA 2340",
    "locID": "LOC000087513907",
    "tech": "FTTN",
    "upgrade": "FTTP_NA",
    "gnaf_pid": "GANSW718051308",
    "tech_change_status": "MDU Complex Eligible To Apply",
    "program_type": "Customer-initiated N2P MDU Complex"
   }
  },
  {
   "type": "Feature",
   "geometry": {
    "type": "Point",
    "coordinates": [
     150.89649304,
     -31.09624409
    ]
   },
   "properties": {
    "name": "UNIT 3, 17 DAMPIER STREET TAMINDA 2340",
    "locID": "LOC000082422580",
    "tech": "FTTN",
    "upgrade": "FTTP_NA",
    "gnaf_pid": "GANSW718051309",
    "tech_change_status": "MDU Complex Eligible To Apply",
    "program_type": "Customer-initiated N2P MDU Complex"
   }
  },
  {
   "type": "Feature",
   "geometry": {
    "type": "Point",
    "coordinates": [
     150.89649304,
     -31.09624409
    ]
   },
   "properties": {
    "name": "UNIT 4, 21 DAMPIER STREET TAMINDA 2340",
    "locID": "LOC000087513907",
    "tech": "FTTN",
    "upgrade": "FTTP_NA",
    "gnaf_pid": "GANSW718051310",
    "tech_change_status": "MDU Complex Eligible To Apply",
    "program_type": "Customer-initiated N2P MDU Complex"
   }
  },
  {
   "type": "Feature",
   "geometry": {
    "type": "Point",
    "coordinates": [
     150.89891667,
     -31.09243322
    ]
   },
   "properties": {
    "name": "UNIT 4, 60-62 DAMPIER STREET TAMINDA 2340",
    "locID": "LOC000082351941",
    "tech": "FTTN",
    "upgrade": "FTTP_NA",
    "gnaf_pid": "GANSW718051311",
    "tech_change_status": "MDU Complex Eligible To Apply",
    "program_type": "Customer-initiated N2P MDU Complex"
   }
  },
  {
   "type": "Feature",
   "geometry": {
    "type": "Point",
    "coordinates": [
     150.89649304,
     -31.09624409
    ]
   },
   "properties": {
    "name": "UNIT 5, 17 DAMPIER STREET TAMINDA 2340",
    "locID": "LOC000034567589",
    "tech": "FTTN",
    "upgrade": "FTTP_NA",
    "gnaf_pid": "GANSW718051312",
    "tech_change_status": "MDU Complex Eligible To Apply",
    "program_type": "Customer-initiated N2P MDU Complex"
   }
  },
  {
   "type": "Feature",
   "geometry": {
    "type": "Point",
    "coordinates": [
     150.89649304,
     -31.09624409
    ]
   },
   "properties": {
    "name": "UNIT 6, 21 DAMPIER STREET TAMINDA 2340",
    "locID": "LOC000087206428",
    "tech": "FTTN",
    "upgrade": "FTTP_NA",
    "gnaf_pid": "GANSW718051313",
    "tech_change_status": "MDU Complex Eligible To Apply",
    "program_type": "Customer-initiated N2P MDU Complex"
   }
  },
  {
   "type": "Feature",
   "geometry": {
    "type": "Point",
    "coordinates": [
     150.89649304,
     -31.09624409
    ]
   },
   "properties": {
    "name": "UNIT 7, 17 DAMPIER STREET TAMINDA 2340",
    "locID": "LOC000035065289",
    "tech": "FTTN",
    "upgrade": "FTTP_NA",
    "gnaf_pid": "GANSW718051314",
    "tech_change_status": "MDU Complex Eligible To Apply",
    "program_type": "Customer-initiated N2P MDU Complex"
   }
  },
  {
   "type": "Feature",
   "geometry": {
    "type": "Point",
    "coordinates": [
     150.89649304,
     -31.09624409
    ]
   },
   "properties": {
    "name": "UNIT 8, 21 DAMPIER STREET TAMINDA 2340",
    "locID": "LOC000087535941",
    "tech": "FTTN",
    "upgrade": "FTTP_NA",
    "gnaf_pid": "GANSW718051315",
    "tech_change_status": "MDU Complex Eligible To Apply",
    "program_type": "Customer-initiated N2P MDU Complex"
   }
  },
  {
   "type": "Feature",
   "geometry": {
    "type": "Point",
    "coordinates": [
     150.89649304,
     -31.09624409
    ]
   },
   "properties": {
    "name": "UNIT 9, 17 DAMPIER STREET TAMINDA 2340",
    "locID": "LOC000034946260",
    "tech": "FTTN",
    "upgrade": "FTTP_NA",
    "gnaf_pid": "GANSW718051316",
    "tech_change_status": "MDU Complex Eligible To Apply",
    "program_type": "Customer-initiated N2P MDU Complex"
   }
  },
  {
   "type": "Feature",
   "geometry": {
    "type": "Point",
    "coordinates": [
     150.91555281,
     -31.08695201
    ]
   },
   "properties": {
    "name": "UNIT 1, 6-10 DENISON STREET TAMINDA 2340",
    "locID": "LOC000071247173",
    "tech": "FTTN",
    "upgrade": "FTTP_NA",
    "gnaf_pid": "GANSW718051567",
    "tech_change_status": "MDU Complex Eligible To Apply",
    "program_type": "Customer-initiated N2P MDU Complex"
   }
  },
  {
   "type": "Feature",
   "geometry": {
    "type": "Point",
    "coordinates": [
     150.91555281,
     -31.08695201
    ]
   },
   "properties": {
    "name": "UNIT 2, 6-10 DENISON STREET TAMINDA 2340",
    "locID": "LOC000071247173",
    "tech": "FTTN",
    "upgrade": "FTTP_NA",
    "gnaf_pid": "GANSW718051568",
    "tech_change_status": "MDU Complex Eligible To Apply",
    "program_type": "Customer-initiated N2P MDU Complex"
   }
  },
  {
   "type": "Feature",
   "geometry": {
    "type": "Point",
    "coordinates": [
     150.91555281,
     -31.08695201
    ]
   },
   "properties": {
    "name": "UNIT 3, 6-10 DENISON STREET TAMINDA 2340",
    "locID": "LOC000071481148",
    "tech": "FTTN",
    "upgrade": "FTTP_NA",
    "gnaf_pid": "GANSW718051569",
    "tech_change_status": "MDU Complex Eligible To Apply",
    "program_type": "Customer-initiated N2P MDU Complex"
   }
  },
  {
   "type": "Feature",
   "geometry": {
    "type": "Point",
    "coordinates": [
     150.89445172,
     -31.09297268
    ]
   },
   "properties": {
    "name": "18 GOONAN STREET TAMINDA 2340",
    "locID": "LOC000120865191",
    "tech": "FTTN",
    "upgrade": "FTTP_SA",
    "gnaf_pid": "GANSW718052893",
    "tech_change_status": "Eligible to Order",
    "program_type": "On-Demand N2P SDU/MDU Simple",
    "target_eligibility_quarter": "NA"
   }
  },
  {
   "type": "Feature",
   "geometry": {
    "type": "Point",
    "coordinates": [
     150.90117516,
     -31.096426
    ]
   },
   "properties": {
    "name": "SHOP 1, 20 MACINTOSH STREET TAMINDA 2340",
    "locID": "LOC000030472692",
    "tech": "FTTN",
    "upgrade": "FTTP_SA",
    "gnaf_pid": "GANSW718055020",
    "tech_change_status": "Eligible to Order",
    "program_type": "On-Demand N2P SDU/MDU Simple",
    "target_eligibility_quarter": "NA"
   }
  },
  {
   "type": "Feature",
   "geometry": {
    "type": "Point",
    "coordinates": [
     150.90117516,
     -31.096426
    ]
   },
   "properties": {
    "name": "SHOP 2, 20 MACINTOSH STREET TAMINDA 2340",
    "locID": "LOC000030512683",
    "tech": "FTTP",
    "upgrade": "FTTP_NA",
    "gnaf_pid": "GANSW718055021",
    "tech_change_status": "Previous Tech Disconnected",
    "program_type": "On-Demand N2P SDU/MDU Simple",
    "target_eligibility_quarter": "NA"
   }
  },
  {
   "type": "Feature",
   "geometry": {
    "type": "Point",
    "coordinates": [
     150.89738759,
     -31.09253571
    ]
   },
   "properties": {
    "name": "UNIT 1, 3 WALLAMORE ROAD TAMINDA 2340",
    "locID": "LOC000018045956",
    "tech": "FTTN",
    "upgrade": "FTTP_NA",
    "gnaf_pid": "GANSW718060776",
    "tech_change_status": "MDU Complex Eligible To Apply",
    "program_type": "Customer-initiated N2P MDU Complex"
   }
  },
  {
   "type": "Feature",
   "geometry": {
    "type": "Point",
    "coordinates": [
     150.89738759,
     -31.09253571
    ]
   },
   "properties": {
    "name": "UNIT 2, 3 WALLAMORE ROAD TAMINDA 2340",
    "locID": "LOC000018045956",
    "tech": "FTTN",
    "upgrade": "FTTP_NA",
    "gnaf_pid": "GANSW718060777",
    "tech_change_status": "MDU Complex Eligible To Apply",
    "program_type": "Customer-initiated N2P MDU Complex"
   }
  },
  {
   "type": "Feature",
   "geometry": {
    "type": "Point",
    "coordinates": [
     150.89431183,
     -31.09146622
    ]
   },
   "properties": {
    "name": "UNIT 7, 19 WALLAMORE ROAD TAMINDA 2340",
    "locID": "LOC000018401233",
    "tech": "FTTN",
    "upgrade": "FTTP_NA",
    "gnaf_pid": "GANSW718060778",
    "tech_change_status": "MDU Complex Eligible To Apply",
    "program_type": "Customer-initiated N2P MDU Complex"
   }
  },
  {
   "type": "Feature",
   "geometry": {
    "type": "Point",
    "coordinates": [
     150.89431183,
     -31.09146622
    ]
   },
   "properties": {
    "name": "UNIT 8, 19 WALLAMORE ROAD TAMINDA 2340",
    "locID": "LOC000017941798",
    "tech": "FTTN",
    "upgrade": "FTTP_NA",
    "gnaf_pid": "GANSW718060779",
    "tech_change_status": "MDU Complex Eligible To Apply",
    "program_type": "Customer-initiated N2P MDU Complex"
   }
  },
  {
   "type": "Feature",
   "geometry": {
    "type": "Point",
    "coordinates": [
     150.9130841,
     -31.08640376
    ]
   },
   "properties": {
    "name": "51 PLAIN STREET TAMINDA 2340",
    "locID": "LOC000172728455",
    "tech": "FTTN",
    "upgrade": "FTTP_NA",
    "gnaf_pid": "GANSW718140724",
    "tech_change_status": "MDU Complex Eligible To Apply",
    "program_type": "Customer-initiated N2P MDU Complex"
   }
  },
  {
   "type": "Feature",
   "geometry": {
    "type": "Point",
    "coordinates": [
     150.90081129,
     -31.09565722
    ]
   },
   "properties": {
    "name": "19 HAWKER ROAD TAMINDA 2340",
    "locID": "LOC000114162716",
    "tech": "FTTN",
    "upgrade": "FTTP_NA",
    "gnaf_pid": "GANSW718168819",
    "tech_change_status": "Committed",
    "program_type": "On-Demand N2P SDU/MDU Simple",
    "target_eligibility_quarter": "Dec 2025"
   }
  },
  {
   "type": "Feature",
   "geometry": {
    "type": "Point",
    "coordinates": [
     150.90980097,
     -31.0858274
    ]
   },
   "properties": {
    "name": "UNIT 1, 1 AVRO STREET TAMINDA 2340",
    "locID": "LOC000120857572",
    "tech": "FTTN",
    "upgrade": "FTTP_SA",
    "gnaf_pid": "GANSW718185545",
    "tech_change_status": "Eligible to Order",
    "program_type": "On-Demand N2P SDU/MDU Simple",
    "target_eligibility_quarter": "NA"
   }
  },
  {
   "type": "Feature",
   "geometry": {
    "type": "Point",
    "coordinates": [
     150.91400139,
     -31.0852891
    ]
   },
   "properties": {
    "name": "2B BELMORE STREET TAMINDA 2340",
    "locID": "LOC000120879993",
    "tech": "FTTN",
    "upgrade": "FTTP_SA",
    "gnaf_pid": "GANSW718186231",
    "tech_change_status": "Eligible to Order",
    "program_type": "On-Demand N2P SDU/MDU Simple",
    "target_eligibility_quarter": "NA"
   }
  },
  {
   "type": "Feature",
   "geometry": {
    "type": "Point",
    "coordinates": [
     150.91400139,
     -31.0852891
    ]
   },
   "properties": {
    "name": "2C BELMORE STREET TAMINDA 2340",
    "locID": "LOC000120880008",
    "tech": "FTTP",
    "upgrade": "NULL_NA",
    "gnaf_pid": "GANSW718186232",
    "tech_change_status": "Previous Tech Disconnected"
   }
  },
  {
   "type": "Feature",
   "geometry": {
    "type": "Point",
    "coordinates": [
     150.91151219,
     -31.08673971
    ]
   },
   "properties": {
    "name": "14-18 AVRO STREET TAMINDA 2340",
    "locID": "LOC000057894483",
    "tech": "FTTN",
    "upgrade": "FTTP_SA",
    "gnaf_pid": "GANSW718257267",
    "tech_change_status": "Eligible to Order",
    "program_type": "On-Demand N2P SDU/MDU Simple",
    "target_eligibility_quarter": "NA"
   }
  },
  {
   "type": "Feature",
   "geometry": {
    "type": "Point",
    "coordinates": [
     150.91497882,
     -31.0890838
    ]
   },
   "properties": {
    "name": "24 BELMORE STREET TAMINDA 2340",
    "locID": "LOC000078852290",
    "tech": "FTTN",
    "upgrade": "FTTP_SA",
    "gnaf_pid": "GANSW718258023",
    "tech_change_status": "Eligible to Order",
    "program_type": "On-Demand N2P SDU/MDU Simple",
    "target_eligibility_quarter": "NA"
   }
  },
  {
   "type": "Feature",
   "geometry": {
    "type": "Point",
    "coordinates": [
     150.91581959,
     -31.08759599
    ]
   },
   "properties": {
    "name": "16 DENISON STREET TAMINDA 2340",
    "locID": "LOC000120860024",
    "tech": "FTTN",
    "upgrade": "FTTP_SA",
    "gnaf_pid": "GANSW718261584",
    "tech_change_status": "Eligible to Order",
    "program_type": "On-Demand N2P SDU/MDU Simple",
    "target_eligibility_quarter": "NA"
   }
  },
  {
   "type": "Feature",
   "geometry": {
    "type": "Point",
    "coordinates": [
     150.9095014,
     -31.08880057
    ]
   },
   "properties": {
    "name": "18 LOCKHEED STREET TAMINDA 2340",
    "locID": "LOC000120867993",
    "tech": "FTTN",
    "upgrade": "FTTP_NA",
    "gnaf_pid": "GANSW718265411",
    "tech_change_status": "Committed",
    "program_type": "On-Demand N2P SDU/MDU Simple",
    "target_eligibility_quarter": "Dec 2025"
   }
  },
  {
   "type": "Feature",
   "geometry": {
    "type": "Point",
    "coordinates": [
     150.91541023,
     -31.08660723
    ]
   },
   "properties": {
    "name": "40 PLAIN STREET TAMINDA 2340",
    "locID": "LOC000120858476",
    "tech": "FTTN",
    "upgrade": "FTTP_NA",
    "gnaf_pid": "GANSW718268412",
    "tech_change_status": "Committed",
    "program_type": "On-Demand N2P SDU/MDU Simple",
    "target_eligibility_quarter": "Dec 2025"
   }
  },
  {
   "type": "Feature",
   "geometry": {
    "type": "Point",
    "coordinates": [
     150.89743336,
     -31.09017827
    ]
   },
   "properties": {
    "name": "55 DAMPIER STREET TAMINDA 2340",
    "locID": "LOC000179067690",
    "tech": "WIRELESS",
    "upgrade": "NULL_NA",
    "gnaf_pid": "GANSW718309873",
    "tech_change_status": "Not Planned",
    "program_type": "Fixed Wireless and Satellite Upgrade Program",
    "target_eligibility_quarter": "NA"
   }
  },
  {
   "type": "Feature",
   "geometry": {
    "type": "Point",
    "coordinates": [
     150.91418834,
     -31.08576534
    ]
   },
   "properties": {
    "name": "49 PLAIN STREET TAMINDA 2340",
    "locID": "LOC000120871479",
    "tech": "FTTP",
    "upgrade": "FTTP_NA",
    "gnaf_pid": "GANSW718361893",
    "tech_change_status": "Previous Tech Disconnected",
    "program_type": "On-Demand N2P SDU/MDU Simple",
    "target_eligibility_quarter": "NA"
   }
  },
  {
   "type": "Feature",
   "geometry": {
    "type": "Point",
    "coordinates": [
     150.91326855,
     -31.08724406
    ]
   },
   "properties": {
    "name": "17-21 BELMORE STREET TAMINDA 2340",
    "locID": "LOC000152344761",
    "tech": "FTTN",
    "upgrade": "FTTP",
    "gnaf_pid": "GANSW718400679",
    "tech_change_status": "Eligible to Order",
    "program_type": "On-Demand N2P SDU/MDU Simple",
    "target_eligibility_quarter": "NA"
   }
  },
  {
   "type": "Feature",
   "geometry": {
    "type": "Point",
    "coordinates": [
     150.91403365,
     -31.08903865
    ]
   },
   "properties": {
    "name": "41-43 BELMORE STREET TAMINDA 2340",
    "locID": "LOC000152346342",
    "tech": "FTTP",
    "upgrade": "FTTP_NA",
    "gnaf_pid": "GANSW718400681",
    "tech_change_status": "Previous Tech Disconnected",
    "program_type": "On-Demand N2P SDU/MDU Simple",
    "target_eligibility_quarter": "NA"
   }
  },
  {
   "type": "Feature",
   "geometry": {
    "type": "Point",
    "coordinates": [
     150.89262175,
     -31.09628989
    ]
   },
   "properties": {
    "name": "13-17 COOK STREET TAMINDA 2340",
    "locID": "LOC000152344236",
    "tech": "FTTN",
    "upgrade": "FTTP",
    "gnaf_pid": "GANSW718405079",
    "tech_change_status": "Eligible to Order",
    "program_type": "On-Demand N2P SDU/MDU Simple",
    "target_eligibility_quarter": "NA"
   }
  },
  {
   "type": "Feature",
   "geometry": {
    "type": "Point",
    "coordinates": [
     150.91638527,
     -31.08761946
    ]
   },
   "properties": {
    "name": "13-19 CROWN STREET TAMINDA 2340",
    "locID": "LOC100055982246",
    "tech": "FTTN",
    "upgrade": "FTTP",
    "gnaf_pid": "GANSW718405829",
    "tech_change_status": "Eligible to Order",
    "program_type": "On-Demand N2P SDU/MDU Simple",
    "target_eligibility_quarter": "NA"
   }
  },
  {
   "type": "Feature",
   "geometry": {
    "type": "Point",
    "coordinates": [
     150.89783348,
     -31.09262034
    ]
   },
   "properties": {
    "name": "45 DAMPIER STREET TAMINDA 2340",
    "locID": "LOC000152344726",
    "tech": "FTTP",
    "upgrade": "NULL_NA",
    "gnaf_pid": "GANSW718406106"
   }
  },
  {
   "type": "Feature",
   "geometry": {
    "type": "Point",
    "coordinates": [
     150.89887899,
     -31.09164314
    ]
   },
   "properties": {
    "name": "68-72 DAMPIER STREET TAMINDA 2340",
    "locID": "LOC000035152823",
    "tech": "FTTN",
    "upgrade": "FTTP_SA",
    "gnaf_pid": "GANSW718406107",
    "tech_change_status": "Eligible to Order",
    "program_type": "On-Demand N2P SDU/MDU Simple",
    "target_eligibility_quarter": "NA"
   }
  },
  {
   "type": "Feature",
   "geometry": {
    "type": "Point",
    "coordinates": [
     150.9007507,
     -31.09505668
    ]
   },
   "properties": {
    "name": "19 EAST WEST PLACE TAMINDA 2340",
    "locID": "LOC000152344227",
    "tech": "FTTP",
    "upgrade": "FTTP_NA",
    "gnaf_pid": "GANSW718407285",
    "tech_change_status": "Previous Tech Disconnected",
    "program_type": "On-Demand N2P SDU/MDU Simple",
    "target_eligibility_quarter": "NA"
   }
  },
  {
   "type": "Feature",
   "geometry": {
    "type": "Point",
    "coordinates": [
     150.89089341,
     -31.09233653
    ]
   },
   "properties": {
    "name": "145-149 GUNNEDAH ROAD TAMINDA 2340",
    "locID": "LOC000152344243",
    "tech": "FTTN",
    "upgrade": "FTTP_NA",
    "gnaf_pid": "GANSW718410555",
    "tech_change_status": "Committed",
    "program_type": "On-Demand N2P SDU/MDU Simple",
    "target_eligibility_quarter": "Dec 2025"
   }
  },
  {
   "type": "Feature",
   "geometry": {
    "type": "Point",
    "coordinates": [
     150.90694651,
     -31.09645806
    ]
   },
   "properties": {
    "name": "19-23 GUNNEDAH ROAD TAMINDA 2340",
    "locID": "LOC000152344567",
    "tech": "FTTN",
    "upgrade": "FTTP_NA",
    "gnaf_pid": "GANSW718410556",
    "tech_change_status": "Committed",
    "program_type": "On-Demand N2P SDU/MDU Simple",
    "target_eligibility_quarter": "Dec 2025"
   }
  },
  {
   "type": "Feature",
   "geometry": {
    "type": "Point",
    "coordinates": [
     150.90180209,
     -31.09764945
    ]
   },
   "properties": {
    "name": "57-61 GUNNEDAH ROAD TAMINDA 2340",
    "locID": "LOC000152342804",
    "tech": "FTTN",
    "upgrade": "FTTP_NA",
    "gnaf_pid": "GANSW718410557",
    "tech_change_status": "Committed",
    "program_type": "On-Demand N2P SDU/MDU Simple",
    "target_eligibility_quarter": "Dec 2025"
   }
  },
  {
   "type": "Feature",
   "geometry": {
    "type": "Point",
    "coordinates": [
     150.90778207,
     -31.09530962
    ]
   },
   "properties": {
    "name": "9-13 GUNNEDAH ROAD TAMINDA 2340",
    "locID": "LOC000152342858",
    "tech": "FTTN",
    "upgrade": "FTTP_SA",
    "gnaf_pid": "GANSW718410558",
    "tech_change_status": "Eligible to Order",
    "program_type": "On-Demand N2P SDU/MDU Simple",
    "target_eligibility_quarter": "NA"
   }
  },
  {
   "type": "Feature",
   "geometry": {
    "type": "Point",
    "coordinates": [
     150.8961431,
     -31.09493846
    ]
   },
   "properties": {
    "name": "13-17 HUME STREET TAMINDA 2340",
    "locID": "LOC000152344178",
    "tech": "FTTP",
    "upgrade": "FTTP_NA",
    "gnaf_pid": "GANSW718412051",
    "tech_change_status": "Previous Tech Disconnected",
    "program_type": "On-Demand N2P SDU/MDU Simple",
    "target_eligibility_quarter": "NA"
   }
  },
  {
   "type": "Feature",
   "geometry": {
    "type": "Point",
    "coordinates": [
     150.89611174,
     -31.0941427
    ]
   },
   "properties": {
    "name": "14-18 HUME STREET TAMINDA 2340",
    "locID": "LOC000152345568",
    "tech": "FTTN",
    "upgrade": "FTTP_SA",
    "gnaf_pid": "GANSW718412052",
    "tech_change_status": "Eligible to Order",
    "program_type": "On-Demand N2P SDU/MDU Simple",
    "target_eligibility_quarter": "NA"
   }
  },
  {
   "type": "Feature",
   "geometry": {
    "type": "Point",
    "coordinates": [
     150.90939816,
     -31.09100181
    ]
   },
   "properties": {
    "name": "9-11 LOCKHEED STREET TAMINDA 2340",
    "locID": "LOC000152344800",
    "tech": "FTTN",
    "upgrade": "FTTP_SA",
    "gnaf_pid": "GANSW718414503",
    "tech_change_status": "Eligible to Order",
    "program_type": "On-Demand N2P SDU/MDU Simple",
    "target_eligibility_quarter": "NA"
   }
  },
  {
   "type": "Feature",
   "geometry": {
    "type": "Point",
    "coordinates": [
     150.90235152,
     -31.09050858
    ]
   },
   "properties": {
    "name": "49 SHOWGROUND ROAD TAMINDA 2340",
    "locID": "LOC000074700679",
    "tech": "WIRELESS",
    "upgrade": "NULL_NA",
    "gnaf_pid": "GANSW718423746",
    "tech_change_status": "Not Planned",
    "program_type": "Fixed Wireless and Satellite Upgrade Program",
    "target_eligibility_quarter": "NA"
   }
  },
  {
   "type": "Feature",
   "geometry": {
    "type": "Point",
    "coordinates": [
     150.90801643,
     -31.09214921
    ]
   },
   "properties": {
    "name": "17-19 WIRRAWAY STREET TAMINDA 2340",
    "locID": "LOC000152344816",
    "tech": "FTTN",
    "upgrade": "FTTP_SA",
    "gnaf_pid": "GANSW718429183",
    "tech_change_status": "Eligible to Order",
    "program_type": "On-Demand N2P SDU/MDU Simple",
    "target_eligibility_quarter": "NA"
   }
  },
  {
   "type": "Feature",
   "geometry": {
    "type": "Point",
    "coordinates": [
     150.90855629,
     -31.0903226
    ]
   },
   "properties": {
    "name": "2 WIRRAWAY STREET TAMINDA 2340",
    "locID": "LOC000152342870",
    "tech": "FTTN",
    "upgrade": "FTTP_SA",
    "gnaf_pid": "GANSW718429185",
    "tech_change_status": "Eligible to Order",
    "program_type": "On-Demand N2P SDU/MDU Simple",
    "target_eligibility_quarter": "NA"
   }
  },
  {
   "type": "Feature",
   "geometry": {
    "type": "Point",
    "coordinates": [
     150.90931406,
     -31.09330637
    ]
   },
   "properties": {
    "name": "35-37 WIRRAWAY STREET TAMINDA 2340",
    "locID": "LOC000152344742",
    "tech": "FTTN",
    "upgrade": "FTTP_SA",
    "gnaf_pid": "GANSW718467856",
    "tech_change_status": "Eligible to Order",
    "program_type": "On-Demand N2P SDU/MDU Simple",
    "target_eligibility_quarter": "NA"
   }
  },
  {
   "type": "Feature",
   "geometry": {
    "type": "Point",
    "coordinates": [
     150.9129798,
     -31.09020849
    ]
   },
   "properties": {
    "name": "37 BARNES STREET TAMINDA 2340",
    "locID": "LOC000152346303",
    "tech": "FTTN",
    "upgrade": "FTTP_NA",
    "gnaf_pid": "GANSW718554464",
    "tech_change_status": "Committed",
    "program_type": "On-Demand N2P SDU/MDU Simple",
    "target_eligibility_quarter": "Dec 2025"
   }
  },
  {
   "type": "Feature",
   "geometry": {
    "type": "Point",
    "coordinates": [
     150.90673716,
     -31.08982161
    ]
   },
   "properties": {
    "name": "5 BEAUFORT STREET TAMINDA 2340",
    "locID": "LOC000152351542",
    "tech": "FTTN",
    "upgrade": "FTTP",
    "gnaf_pid": "GANSW718554546",
    "tech_change_status": "Eligible to Order",
    "program_type": "On-Demand N2P SDU/MDU Simple",
    "target_eligibility_quarter": "NA"
   }
  },
  {
   "type": "Feature",
   "geometry": {
    "type": "Point",
    "coordinates": [
     150.91643235,
     -31.08948393
    ]
   },
   "properties": {
    "name": "38 DENISON STREET TAMINDA 2340",
    "locID": "LOC000152346326",
    "tech": "FTTN",
    "upgrade": "FTTP_SA",
    "gnaf_pid": "GANSW718558795",
    "tech_change_status": "Eligible to Order",
    "program_type": "On-Demand N2P SDU/MDU Simple",
    "target_eligibility_quarter": "NA"
   }
  },
  {
   "type": "Feature",
   "geometry": {
    "type": "Point",
    "coordinates": [
     150.89934898,
     -31.0943321
    ]
   },
   "properties": {
    "name": "7 EAST WEST PLACE TAMINDA 2340",
    "locID": "LOC000152344258",
    "tech": "FTTN",
    "upgrade": "FTTP_SA",
    "gnaf_pid": "GANSW718559037",
    "tech_change_status": "Eligible to Order",
    "program_type": "On-Demand N2P SDU/MDU Simple",
    "target_eligibility_quarter": "NA"
   }
  },
  {
   "type": "Feature",
   "geometry": {
    "type": "Point",
    "coordinates": [
     150.89205095,
     -31.09231964
    ]
   },
   "properties": {
    "name": "26 GOONAN STREET TAMINDA 2340",
    "locID": "LOC000152342862",
    "tech": "FTTN",
    "upgrade": "FTTP_NA",
    "gnaf_pid": "GANSW718560387",
    "tech_change_status": "Committed",
    "program_type": "On-Demand N2P SDU/MDU Simple",
    "target_eligibility_quarter": "Dec 2025"
   }
  },
  {
   "type": "Feature",
   "geometry": {
    "type": "Point",
    "coordinates": [
     150.90795014,
     -31.0886646
    ]
   },
   "properties": {
    "name": "1-3 LOCKHEED STREET TAMINDA 2340",
    "locID": "LOC000152351463",
    "tech": "FTTN",
    "upgrade": "FTTP",
    "gnaf_pid": "GANSW718562667",
    "tech_change_status": "Eligible to Order",
    "program_type": "On-Demand N2P SDU/MDU Simple",
    "target_eligibility_quarter": "NA"
   }
  },
  {
   "type": "Feature",
   "geometry": {
    "type": "Point",
    "coordinates": [
     150.90894571,
     -31.08924412
    ]
   },
   "properties": {
    "name": "5 LOCKHEED STREET TAMINDA 2340",
    "locID": "LOC000152351471",
    "tech": "FTTN",
    "upgrade": "FTTP_SA",
    "gnaf_pid": "GANSW718562668",
    "tech_change_status": "Eligible to Order",
    "program_type": "On-Demand N2P SDU/MDU Simple",
    "target_eligibility_quarter": "NA"
   }
  },
  {
   "type": "Feature",
   "geometry": {
    "type": "Point",
    "coordinates": [
     150.88786346,
     -31.08870792
    ]
   },
   "properties": {
    "name": "102 WALLAMORE ROAD TAMINDA 2340",
    "locID": "LOC000072185554",
    "tech": "WIRELESS",
    "upgrade": "NULL_NA",
    "gnaf_pid": "GANSW718607822",
    "tech_change_status": "Not Planned",
    "program_type": "Fixed Wireless and Satellite Upgrade Program",
    "target_eligibility_quarter": "NA"
   }
  },
  {
   "type": "Feature",
   "geometry": {
    "type": "Point",
    "coordinates": [
     150.90581226,
     -31.08966263
    ]
   },
   "properties": {
    "name": "7 BEAUFORT STREET TAMINDA 2340",
    "locID": "LOC000152352260",
    "tech": "FTTN",
    "upgrade": "FTTP_SA",
    "gnaf_pid": "GANSW718641847",
    "tech_change_status": "Eligible to Order",
    "program_type": "On-Demand N2P SDU/MDU Simple",
    "target_eligibility_quarter": "NA"
   }
  },
  {
   "type": "Feature",
   "geometry": {
    "type": "Point",
    "coordinates": [
     150.91515095,
     -31.08577845
    ]
   },
   "properties": {
    "name": "47 PLAIN STREET TAMINDA 2340",
    "locID": "LOC000152351733",
    "tech": "FTTN",
    "upgrade": "FTTP_SA",
    "gnaf_pid": "GANSW718692236",
    "tech_change_status": "Eligible to Order",
    "program_type": "On-Demand N2P SDU/MDU Simple",
    "target_eligibility_quarter": "NA"
   }
  },
  {
   "type": "Feature",
   "geometry": {
    "type": "Point",
    "coordinates": [
     150.91655092,
     -31.08981941
    ]
   },
   "properties": {
    "name": "42-48 DENISON STREET TAMINDA 2340",
    "locID": "LOC000152347544",
    "tech": "FTTP",
    "upgrade": "FTTP_NA",
    "gnaf_pid": "GANSW718723561",
    "tech_change_status": "Previous Tech Disconnected",
    "program_type": "On-Demand N2P SDU/MDU Simple",
    "target_eligibility_quarter": "NA"
   }
  },
  {
   "type": "Feature",
   "geometry": {
    "type": "Point",
    "coordinates": [
     150.913551,
     -31.08797457
    ]
   },
   "properties": {
    "name": "29 BELMORE STREET TAMINDA 2340",
    "locID": "LOC000152352327",
    "tech": "FTTP",
    "upgrade": "FTTP_NA",
    "gnaf_pid": "GANSW718838894",
    "tech_change_status": "Previous Tech Disconnected",
    "program_type": "On-Demand N2P SDU/MDU Simple",
    "target_eligibility_quarter": "NA"
   }
  },
  {
   "type": "Feature",
   "geometry": {
    "type": "Point",
    "coordinates": [
     150.90634351,
     -31.08855281
    ]
   },
   "properties": {
    "name": "1A WIRRAWAY STREET TAMINDA 2340",
    "locID": "LOC000172672788",
    "tech": "FTTN",
    "upgrade": "FTTP_NA",
    "gnaf_pid": "GANSW718908050",
    "tech_change_status": "MDU Complex Eligible To Apply",
    "program_type": "Customer-initiated N2P MDU Complex"
   }
  },
  {
   "type": "Feature",
   "geometry": {
    "type": "Point",
    "coordinates": [
     150.8924627,
     -31.09532954
    ]
   },
   "properties": {
    "name": "19-23 COOK STREET TAMINDA 2340",
    "locID": "LOC000152352512",
    "tech": "FTTN",
    "upgrade": "FTTP_NA",
    "gnaf_pid": "GANSW718920740",
    "tech_change_status": "Committed",
    "program_type": "On-Demand N2P SDU/MDU Simple",
    "target_eligibility_quarter": "Dec 2025"
   }
  },
  {
   "type": "Feature",
   "geometry": {
    "type": "Point",
    "coordinates": [
     150.89311555,
     -31.09556148
    ]
   },
   "properties": {
    "name": "25 COOK STREET TAMINDA 2340",
    "locID": "LOC000152352508",
    "tech": "FTTN",
    "upgrade": "FTTP_NA",
    "gnaf_pid": "GANSW718920741",
    "tech_change_status": "Committed",
    "program_type": "On-Demand N2P SDU/MDU Simple",
    "target_eligibility_quarter": "Dec 2025"
   }
  },
  {
   "type": "Feature",
   "geometry": {
    "type": "Point",
    "coordinates": [
     150.91326503,
     -31.08465736
    ]
   },
   "properties": {
    "name": "1A BELMORE STREET TAMINDA 2340",
    "locID": "LOC000190290377",
    "tech": "FTTP",
    "upgrade": "NULL_NA",
    "gnaf_pid": "GANSW719033703"
   }
  },
  {
   "type": "Feature",
   "geometry": {
    "type": "Point",
    "coordinates": [
     150.90327316,
     -31.09348191
    ]
   },
   "properties": {
    "name": "24-60 SHOWGROUND ROAD TAMINDA 2340",
    "locID": "LOC000120851898",
    "tech": "FTTN",
    "upgrade": "FTTP_NA",
    "gnaf_pid": "GANSW719352335",
    "tech_change_status": "Committed",
    "program_type": "On-Demand N2P SDU/MDU Simple",
    "target_eligibility_quarter": "Dec 2025"
   }
  },
  {
   "type": "Feature",
   "geometry": {
    "type": "Point",
    "coordinates": [
     150.90681082,
     -31.09393211
    ]
   },
   "properties": {
    "name": "22 SHOWGROUND ROAD TAMINDA 2340",
    "locID": "LOC000180037111",
    "tech": "FTTN",
    "upgrade": "FTTP_NA",
    "gnaf_pid": "GANSW719355016",
    "tech_change_status": "Committed",
    "program_type": "On-Demand N2P SDU/MDU Simple",
    "target_eligibility_quarter": "Dec 2025"
   }
  },
  {
   "type": "Feature",
   "geometry": {
    "type": "Point",
    "coordinates": [
     150.9117753,
     -31.08703877
    ]
   },
   "properties": {
    "name": "65-67 PLAIN STREET TAMINDA 2340",
    "locID": "LOC000086320686",
    "tech": "FTTN",
    "upgrade": "FTTP_SA",
    "gnaf_pid": "GANSW719471646",
    "tech_change_status": "Eligible to Order",
    "program_type": "On-Demand N2P SDU/MDU Simple",
    "target_eligibility_quarter": "NA"
   }
  },
  {
   "type": "Feature",
   "geometry": {
    "type": "Point",
    "coordinates": [
     150.89859868,
     -31.09392086
    ]
   },
   "properties": {
    "name": "46A DAMPIER STREET TAMINDA 2340",
    "locID": "LOC000099803228",
    "tech": "FTTN",
    "upgrade": "FTTP",
    "gnaf_pid": "GANSW719691343",
    "tech_change_status": "New Tech Connected",
    "program_type": "On-Demand N2P SDU/MDU Simple",
    "target_eligibility_quarter": "NA"
   }
  },
  {
   "type": "Feature",
   "geometry": {
    "type": "Point",
    "coordinates": [
     150.91353051,
     -31.0849504
    ]
   },
   "properties": {
    "name": "1B BELMORE STREET TAMINDA 2340",
    "locID": "LOC000152352078",
    "tech": "FTTP",
    "upgrade": "FTTP_NA",
    "gnaf_pid": "GANSW719693866",
    "tech_change_status": "Eligible to Order",
    "program_type": "On-Demand N2P SDU/MDU Simple",
    "target_eligibility_quarter": "NA"
   }
  },
  {
   "type": "Feature",
   "geometry": {
    "type": "Point",
    "coordinates": [
     150.91276083,
     -31.08429279
    ]
   },
   "properties": {
    "name": "1C BELMORE STREET TAMINDA 2340",
    "locID": "LOC000179311997",
    "tech": "FTTN",
    "upgrade": "FTTP",
    "gnaf_pid": "GANSW719875370",
    "tech_change_status": "Eligible to Order",
    "program_type": "On-Demand N2P SDU/MDU Simple",
    "target_eligibility_quarter": "NA"
   }
  },
  {
   "type": "Feature",
   "geometry": {
    "type": "Point",
    "coordinates": [
     150.90550986,
     -31.08906351
    ]
   },
   "properties": {
    "name": "UNIT 7, 1 WIRRAWAY STREET TAMINDA 2340",
    "locID": "LOC000152352241",
    "tech": "FTTN",
    "upgrade": "FTTP_NA",
    "gnaf_pid": "GANSW720004389",
    "tech_change_status": "MDU Complex Eligible To Apply",
    "program_type": "Customer-initiated N2P MDU Complex"
   }
  },
  {
   "type": "Feature",
   "geometry": {
    "type": "Point",
    "coordinates": [
     150.90596135,
     -31.08916652
    ]
   },
   "properties": {
    "name": "UNIT 5, 1 WIRRAWAY STREET TAMINDA 2340",
    "locID": "LOC000169187059",
    "tech": "FTTN",
    "upgrade": "FTTP_NA",
    "gnaf_pid": "GANSW720005373",
    "tech_change_status": "MDU Complex Eligible To Apply",
    "program_type": "Customer-initiated N2P MDU Complex"
   }
  },
  {
   "type": "Feature",
   "geometry": {
    "type": "Point",
    "coordinates": [
     150.9059674,
     -31.08853326
    ]
   },
   "properties": {
    "name": "UNIT 9, 1 WIRRAWAY STREET TAMINDA 2340",
    "locID": "LOC000009574398",
    "tech": "FTTN",
    "upgrade": "FTTP_NA",
    "gnaf_pid": "GANSW720007766",
    "tech_change_status": "Committed",
    "program_type": "On-Demand N2P SDU/MDU Simple",
    "target_eligibility_quarter": "Dec 2025"
   }
  },
  {
   "type": "Feature",
   "geometry": {
    "type": "Point",
    "coordinates": [
     150.90619532,
     -31.08921804
    ]
   },
   "properties": {
    "name": "UNIT 4, 1 WIRRAWAY STREET TAMINDA 2340",
    "locID": "LOC000009574398",
    "tech": "FTTN",
    "upgrade": "FTTP_NA",
    "gnaf_pid": "GANSW720009646",
    "tech_change_status": "Committed",
    "program_type": "On-Demand N2P SDU/MDU Simple",
    "target_eligibility_quarter": "Dec 2025"
   }
  },
  {
   "type": "Feature",
   "geometry": {
    "type": "Point",
    "coordinates": [
     150.90572697,
     -31.08911493
    ]
   },
   "properties": {
    "name": "UNIT 6, 1 WIRRAWAY STREET TAMINDA 2340",
    "locID": "LOC000009574398",
    "tech": "FTTN",
    "upgrade": "FTTP_NA",
    "gnaf_pid": "GANSW720011961",
    "tech_change_status": "Committed",
    "program_type": "On-Demand N2P SDU/MDU Simple",
    "target_eligibility_quarter": "Dec 2025"
   }
  },
  {
   "type": "Feature",
   "geometry": {
    "type": "Point",
    "coordinates": [
     150.90008843,
     -31.09320358
    ]
   },
   "properties": {
    "name": "5 MAYDAY PLACE TAMINDA 2340",
    "locID": "LOC000176436645",
    "tech": "FTTP",
    "upgrade": "NULL_NA",
    "gnaf_pid": "GANSW720012359"
   }
  },
  {
   "type": "Feature",
   "geometry": {
    "type": "Point",
    "coordinates": [
     150.90682116,
     -31.08936474
    ]
   },
   "properties": {
    "name": "UNIT 2, 1 WIRRAWAY STREET TAMINDA 2340",
    "locID": "LOC000169187063",
    "tech": "FTTN",
    "upgrade": "FTTP_NA",
    "gnaf_pid": "GANSW720014670",
    "tech_change_status": "MDU Complex Eligible To Apply",
    "program_type": "Customer-initiated N2P MDU Complex"
   }
  },
  {
   "type": "Feature",
   "geometry": {
    "type": "Point",
    "coordinates": [
     150.89895595,
     -31.0928601
    ]
   },
   "properties": {
    "name": "2 MAYDAY PLACE TAMINDA 2340",
    "locID": "LOC000176436650",
    "tech": "FTTP",
    "upgrade": "NULL_NA",
    "gnaf_pid": "GANSW720015099"
   }
  },
  {
   "type": "Feature",
   "geometry": {
    "type": "Point",
    "coordinates": [
     150.90642064,
     -31.08929542
    ]
   },
   "properties": {
    "name": "UNIT 3, 1 WIRRAWAY STREET TAMINDA 2340",
    "locID": "LOC000169187063",
    "tech": "FTTN",
    "upgrade": "FTTP_NA",
    "gnaf_pid": "GANSW720015457",
    "tech_change_status": "MDU Complex Eligible To Apply",
    "program_type": "Customer-initiated N2P MDU Complex"
   }
  },
  {
   "type": "Feature",
   "geometry": {
    "type": "Point",
    "coordinates": [
     150.90676102,
     -31.08883672
    ]
   },
   "properties": {
    "name": "UNIT 12, 1 WIRRAWAY STREET TAMINDA 2340",
    "locID": "LOC000169187071",
    "tech": "FTTN",
    "upgrade": "FTTP_NA",
    "gnaf_pid": "GANSW720015733",
    "tech_change_status": "MDU Complex Eligible To Apply",
    "program_type": "Customer-initiated N2P MDU Complex"
   }
  },
  {
   "type": "Feature",
   "geometry": {
    "type": "Point",
    "coordinates": [
     150.90663037,
     -31.08872306
    ]
   },
   "properties": {
    "name": "UNIT 11, 1 WIRRAWAY STREET TAMINDA 2340",
    "locID": "LOC000172672761",
    "tech": "FTTN",
    "upgrade": "FTTP_NA",
    "gnaf_pid": "GANSW720016763",
    "tech_change_status": "MDU Complex Eligible To Apply",
    "program_type": "Customer-initiated N2P MDU Complex"
   }
  },
  {
   "type": "Feature",
   "geometry": {
    "type": "Point",
    "coordinates": [
     150.90548459,
     -31.08873813
    ]
   },
   "properties": {
    "name": "UNIT 8, 1 WIRRAWAY STREET TAMINDA 2340",
    "locID": "LOC000172672682",
    "tech": "FTTN",
    "upgrade": "FTTP_NA",
    "gnaf_pid": "GANSW720017751",
    "tech_change_status": "MDU Complex Eligible To Apply",
    "program_type": "Customer-initiated N2P MDU Complex"
   }
  },
  {
   "type": "Feature",
   "geometry": {
    "type": "Point",
    "coordinates": [
     150.90959707,
     -31.08553298
    ]
   },
   "properties": {
    "name": "LOT 2 JEWRY STREET TAMINDA 2340",
    "locID": "LOC000182525084",
    "tech": "FTTP",
    "upgrade": "NULL_NA",
    "gnaf_pid": "GANSW720101031"
   }
  },
  {
   "type": "Feature",
   "geometry": {
    "type": "Point",
    "coordinates": [
     150.90979077,
     -31.08442797
    ]
   },
   "properties": {
    "name": "5 CURTISS CLOSE TAMINDA 2340",
    "locID": "LOC000182525066",
    "tech": "FTTP",
    "upgrade": "NULL_NA",
    "gnaf_pid": "GANSW720319405"
   }
  },
  {
   "type": "Feature",
   "geometry": {
    "type": "Point",
    "coordinates": [
     150.90765755,
     -31.08435329
    ]
   },
   "properties": {
    "name": "8 CURTISS CLOSE TAMINDA 2340",
    "locID": "LOC000182524991",
    "tech": "FTTP",
    "upgrade": "NULL_NA",
    "gnaf_pid": "GANSW720319618"
   }
  },
  {
   "type": "Feature",
   "geometry": {
    "type": "Point",
    "coordinates": [
     150.90874132,
     -31.08531857
    ]
   },
   "properties": {
    "name": "9 CURTISS CLOSE TAMINDA 2340",
    "locID": "LOC000182524970",
    "tech": "FTTP",
    "upgrade": "NULL_NA",
    "gnaf_pid": "GANSW720320191"
   }
  },
  {
   "type": "Feature",
   "geometry": {
    "type": "Point",
    "coordinates": [
     150.90830834,
     -31.08393943
    ]
   },
   "properties": {
    "name": "6 CURTISS CLOSE TAMINDA 2340",
    "locID": "LOC000182525009",
    "tech": "FTTP",
    "upgrade": "NULL_NA",
    "gnaf_pid": "GANSW720322787"
   }
  },
  {
   "type": "Feature",
   "geometry": {
    "type": "Point",
    "coordinates": [
     150.91007437,
     -31.08387404
    ]
   },
   "properties": {
    "name": "3 CURTISS CLOSE TAMINDA 2340",
    "locID": "LOC000188758860",
    "tech": "FTTP",
    "upgrade": "NULL_NA",
    "gnaf_pid": "GANSW720323044"
   }
  },
  {
   "type": "Feature",
   "geometry": {
    "type": "Point",
    "coordinates": [
     150.91021713,
     -31.0834293
    ]
   },
   "properties": {
    "name": "1 CURTISS CLOSE TAMINDA 2340",
    "locID": "LOC000188758860",
    "tech": "FTTP",
    "upgrade": "NULL_NA",
    "gnaf_pid": "GANSW720323592"
   }
  },
  {
   "type": "Feature",
   "geometry": {
    "type": "Point",
    "coordinates": [
     150.91055946,
     -31.08413214
    ]
   },
   "properties": {
    "name": "45 JEWRY STREET TAMINDA 2340",
    "locID": "LOC000182525050",
    "tech": "FTTP",
    "upgrade": "NULL_NA",
    "gnaf_pid": "GANSW720324284"
   }
  },
  {
   "type": "Feature",
   "geometry": {
    "type": "Point",
    "coordinates": [
     150.90803466,
     -31.08482425
    ]
   },
   "properties": {
    "name": "10 CURTISS CLOSE TAMINDA 2340",
    "locID": "LOC000182524989",
    "tech": "FTTP",
    "upgrade": "NULL_NA",
    "gnaf_pid": "GANSW720324347"
   }
  },
  {
   "type": "Feature",
   "geometry": {
    "type": "Point",
    "coordinates": [
     150.90918856,
     -31.08353952
    ]
   },
   "properties": {
    "name": "2 CURTISS CLOSE TAMINDA 2340",
    "locID": "LOC000182525021",
    "tech": "FTTP",
    "upgrade": "NULL_NA",
    "gnaf_pid": "GANSW720324854"
   }
  },
  {
   "type": "Feature",
   "geometry": {
    "type": "Point",
    "coordinates": [
     150.90962727,
     -31.08496585
    ]
   },
   "properties": {
    "name": "41 JEWRY STREET TAMINDA 2340",
    "locID": "LOC000182525084",
    "tech": "FTTP",
    "upgrade": "NULL_NA",
    "gnaf_pid": "GANSW720325539"
   }
  },
  {
   "type": "Feature",
   "geometry": {
    "type": "Point",
    "coordinates": [
     150.90880627,
     -31.08375281
    ]
   },
   "properties": {
    "name": "4 CURTISS CLOSE TAMINDA 2340",
    "locID": "LOC000191618179",
    "tech": "FTTP",
    "upgrade": "NULL_NA",
    "gnaf_pid": "GANSW720326858"
   }
  },
  {
   "type": "Feature",
   "geometry": {
    "type": "Point",
    "coordinates": [
     150.90920342,
     -31.08459201
    ]
   },
   "properties": {
    "name": "7 CURTISS CLOSE TAMINDA 2340",
    "locID": "LOC000189051017",
    "tech": "FTTP",
    "upgrade": "NULL_NA",
    "gnaf_pid": "GANSW720328111"
   }
  },
  {
   "type": "Feature",
   "geometry": {
    "type": "Point",
    "coordinates": [
     150.91586049,
     -31.0898929
    ]
   },
   "properties": {
    "name": "31-33 DENISON STREET TAMINDA 2340",
    "locID": "LOC000099920827",
    "tech": "FTTN",
    "upgrade": "FTTP_SA",
    "gnaf_pid": "GANSW720384479",
    "tech_change_status": "Eligible to Order",
    "program_type": "On-Demand N2P SDU/MDU Simple",
    "target_eligibility_quarter": "NA"
   }
  },
  {
   "type": "Feature",
   "geometry": {
    "type": "Point",
    "coordinates": [
     150.90309766,
     -31.096212
    ]
   },
   "properties": {
    "name": "10-12 HINKLER ROAD TAMINDA 2340",
    "locID": "LOC000097145320",
    "tech": "FTTP",
    "upgrade": "FTTP_NA",
    "gnaf_pid": "GANSW720777605",
    "tech_change_status": "Previous Tech Disconnected",
    "program_type": "On-Demand N2P SDU/MDU Simple",
    "target_eligibility_quarter": "NA"
   }
  },
  {
   "type": "Feature",
   "geometry": {
    "type": "Point",
    "coordinates": [
     150.89395154,
     -31.0977464
    ]
   },
   "properties": {
    "name": "UNIT 1, 125 GUNNEDAH ROAD TAMINDA 2340",
    "locID": "LOC000053971177",
    "tech": "FTTN",
    "upgrade": "FTTP_SA",
    "gnaf_pid": "GANSW720991914",
    "tech_change_status": "Eligible to Order",
    "program_type": "On-Demand N2P SDU/MDU Simple",
    "target_eligibility_quarter": "NA"
   }
  },
  {
   "type": "Feature",
   "geometry": {
    "type": "Point",
    "coordinates": [
     150.89395154,
     -31.0977464
    ]
   },
   "properties": {
    "name": "UNIT 2, 125 GUNNEDAH ROAD TAMINDA 2340",
    "locID": "LOC000053971177",
    "tech": "FTTN",
    "upgrade": "FTTP_SA",
    "gnaf_pid": "GANSW720999427",
    "tech_change_status": "Eligible to Order",
    "program_type": "On-Demand N2P SDU/MDU Simple",
    "target_eligibility_quarter": "NA"
   }
  },
  {
   "type": "Feature",
   "geometry": {
    "type": "Point",
    "coordinates": [
     150.91021713,
     -31.0834293
    ]
   },
   "properties": {
    "name": "UNIT 4, 1 CURTISS CLOSE TAMINDA 2340",
    "locID": "LOC000191618133",
    "tech": "FTTP",
    "upgrade": "NULL_NA",
    "gnaf_pid": "GANSW721047082"
   }
  },
  {
   "type": "Feature",
   "geometry": {
    "type": "Point",
    "coordinates": [
     150.91021713,
     -31.0834293
    ]
   },
   "properties": {
    "name": "UNIT 2, 1 CURTISS CLOSE TAMINDA 2340",
    "locID": "LOC000191618133",
    "tech": "FTTP",
    "upgrade": "NULL_NA",
    "gnaf_pid": "GANSW721048302"
   }
  },
  {
   "type": "Feature",
   "geometry": {
    "type": "Point",
    "coordinates": [
     150.91021713,
     -31.0834293
    ]
   },
   "properties": {
    "name": "UNIT 3, 1 CURTISS CLOSE TAMINDA 2340",
    "locID": "LOC000188758860",
    "tech": "FTTP",
    "upgrade": "NULL_NA",
    "gnaf_pid": "GANSW721049148"
   }
  },
  {
   "type": "Feature",
   "geometry": {
    "type": "Point",
    "coordinates": [
     150.91021713,
     -31.0834293
    ]
   },
   "properties": {
    "name": "UNIT 1, 1 CURTISS CLOSE TAMINDA 2340",
    "locID": "LOC000191618133",
    "tech": "FTTP",
    "upgrade": "NULL_NA",
    "gnaf_pid": "GANSW721051149"
   }
  },
  {
   "type": "Feature",
   "geometry": {
    "type": "Point",
    "coordinates": [
     150.90880627,
     -31.08375281
    ]
   },
   "properties": {
    "name": "UNIT 7, 4 CURTISS CLOSE TAMINDA 2340",
    "locID": "LOC000191618198",
    "tech": "FTTP",
    "upgrade": "NULL_NA",
    "gnaf_pid": "GANSW721171142"
   }
  },
  {
   "type": "Feature",
   "geometry": {
    "type": "Point",
    "coordinates": [
     150.90880627,
     -31.08375281
    ]
   },
   "properties": {
    "name": "UNIT 8, 4 CURTISS CLOSE TAMINDA 2340",
    "locID": "LOC000191618200",
    "tech": "FTTP",
    "upgrade": "NULL_NA",
    "gnaf_pid": "GANSW721171716"
   }
  },
  {
   "type": "Feature",
   "geometry": {
    "type": "Point",
    "coordinates": [
     150.90880627,
     -31.08375281
    ]
   },
   "properties": {
    "name": "UNIT 6, 4 CURTISS CLOSE TAMINDA 2340",
    "locID": "LOC000191618180",
    "tech": "FTTP",
    "upgrade": "NULL_NA",
    "gnaf_pid": "GANSW721173028"
   }
  },
  {
   "type": "Feature",
   "geometry": {
    "type": "Point",
    "coordinates": [
     150.90880627,
     -31.08375281
    ]
   },
   "properties": {
    "name": "UNIT 4, 4 CURTISS CLOSE TAMINDA 2340",
    "locID": "LOC000191618179",
    "tech": "FTTP",
    "upgrade": "NULL_NA",
    "gnaf_pid": "GANSW721174260"
   }
  },
  {
   "type": "Feature",
   "geometry": {
    "type": "Point",
    "coordinates": [
     150.90880627,
     -31.08375281
    ]
   },
   "properties": {
    "name": "UNIT 2, 4 CURTISS CLOSE TAMINDA 2340",
    "locID": "LOC000191618179",
    "tech": "FTTP",
    "upgrade": "NULL_NA",
    "gnaf_pid": "GANSW721175284"
   }
  },
  {
   "type": "Feature",
   "geometry": {
    "type": "Point",
    "coordinates": [
     150.90880627,
     -31.08375281
    ]
   },
   "properties": {
    "name": "UNIT 5, 4 CURTISS CLOSE TAMINDA 2340",
    "locID": "LOC000191618179",
    "tech": "FTTP",
    "upgrade": "NULL_NA",
    "gnaf_pid": "GANSW721175816"
   }
  },
  {
   "type": "Feature",
   "geometry": {
    "type": "Point",
    "coordinates": [
     150.90880627,
     -31.08375281
    ]
   },
   "properties": {
    "name": "UNIT 3, 4 CURTISS CLOSE TAMINDA 2340",
    "locID": "LOC000191618151",
    "tech": "FTTP",
    "upgrade": "NULL_NA",
    "gnaf_pid": "GANSW721175923"
   }
  },
  {
   "type": "Feature",
   "geometry": {
    "type": "Point",
    "coordinates": [
     150.90880627,
     -31.08375281
    ]
   },
   "properties": {
    "name": "UNIT 10, 4 CURTISS CLOSE TAMINDA 2340",
    "locID": "LOC000191618228",
    "tech": "FTTP",
    "upgrade": "NULL_NA",
    "gnaf_pid": "GANSW721177847"
   }
  },
  {
   "type": "Feature",
   "geometry": {
    "type": "Point",
    "coordinates": [
     150.90880627,
     -31.08375281
    ]
   },
   "properties": {
    "name": "UNIT 9, 4 CURTISS CLOSE TAMINDA 2340",
    "locID": "LOC000191618216",
    "tech": "FTTP",
    "upgrade": "NULL_NA",
    "gnaf_pid": "GANSW721177956"
   }
  },
  {
   "type": "Feature",
   "geometry": {
    "type": "Point",
    "coordinates": [
     150.90880627,
     -31.08375281
    ]
   },
   "properties": {
    "name": "UNIT 1, 4 CURTISS CLOSE TAMINDA 2340",
    "locID": "LOC000191618133",
    "tech": "FTTP",
    "upgrade": "NULL_NA",
    "gnaf_pid": "GANSW721178195"
   }
  },
  {
   "type": "Feature",
   "geometry": {
    "type": "Point",
    "coordinates": [
     150.90880627,
     -31.08375281
    ]
   },
   "properties": {
    "name": "UNIT 11, 4 CURTISS CLOSE TAMINDA 2340",
    "locID": "LOC000191618237",
    "tech": "FTTP",
    "upgrade": "NULL_NA",
    "gnaf_pid": "GANSW721178436"
   }
  },
  {
   "type": "Feature",
   "geometry": {
    "type": "Point",
    "coordinates": [
     150.90803466,
     -31.08482425
    ]
   },
   "properties": {
    "name": "UNIT 12, 10 CURTISS CLOSE TAMINDA 2340",
    "locID": "LOC000194611945",
    "tech": "FTTP",
    "upgrade": "NULL_NA",
    "gnaf_pid": "GANSW721565824"
   }
  },
  {
   "type": "Feature",
   "geometry": {
    "type": "Point",
    "coordinates": [
     150.90803466,
     -31.08482425
    ]
   },
   "properties": {
    "name": "UNIT 7, 10 CURTISS CLOSE TAMINDA 2340",
    "locID": "LOC000194611899",
    "tech": "FTTP",
    "upgrade": "NULL_NA",
    "gnaf_pid": "GANSW721566586"
   }
  },
  {
   "type": "Feature",
   "geometry": {
    "type": "Point",
    "coordinates": [
     150.90803466,
     -31.08482425
    ]
   },
   "properties": {
    "name": "UNIT 10, 10 CURTISS CLOSE TAMINDA 2340",
    "locID": "LOC000194611932",
    "tech": "FTTP",
    "upgrade": "NULL_NA",
    "gnaf_pid": "GANSW721567231"
   }
  },
  {
   "type": "Feature",
   "geometry": {
    "type": "Point",
    "coordinates": [
     150.90803466,
     -31.08482425
    ]
   },
   "properties": {
    "name": "UNIT 13, 10 CURTISS CLOSE TAMINDA 2340",
    "locID": "LOC000194611950",
    "tech": "FTTP",
    "upgrade": "NULL_NA",
    "gnaf_pid": "GANSW721567281"
   }
  },
  {
   "type": "Feature",
   "geometry": {
    "type": "Point",
    "coordinates": [
     150.90803466,
     -31.08482425
    ]
   },
   "properties": {
    "name": "UNIT 1, 10 CURTISS CLOSE TAMINDA 2340",
    "locID": "LOC000194611932",
    "tech": "FTTP",
    "upgrade": "NULL_NA",
    "gnaf_pid": "GANSW721567443"
   }
  },
  {
   "type": "Feature",
   "geometry": {
    "type": "Point",
    "coordinates": [
     150.90803466,
     -31.08482425
    ]
   },
   "properties": {
    "name": "UNIT 11, 10 CURTISS CLOSE TAMINDA 2340",
    "locID": "LOC000194611932",
    "tech": "FTTP",
    "upgrade": "NULL_NA",
    "gnaf_pid": "GANSW721567752"
   }
  },
  {
   "type": "Feature",
   "geometry": {
    "type": "Point",
    "coordinates": [
     150.90803466,
     -31.08482425
    ]
   },
   "properties": {
    "name": "UNIT 2, 10 CURTISS CLOSE TAMINDA 2340",
    "locID": "LOC000194611932",
    "tech": "FTTP",
    "upgrade": "NULL_NA",
    "gnaf_pid": "GANSW721568782"
   }
  },
  {
   "type": "Feature",
   "geometry": {
    "type": "Point",
    "coordinates": [
     150.90803466,
     -31.08482425
    ]
   },
   "properties": {
    "name": "UNIT 6, 10 CURTISS CLOSE TAMINDA 2340",
    "locID": "LOC000194611881",
    "tech": "FTTP",
    "upgrade": "NULL_NA",
    "gnaf_pid": "GANSW721569010"
   }
  },
  {
   "type": "Feature",
   "geometry": {
    "type": "Point",
    "coordinates": [
     150.90803466,
     -31.08482425
    ]
   },
   "properties": {
    "name": "UNIT 4, 10 CURTISS CLOSE TAMINDA 2340",
    "locID": "LOC000194611868",
    "tech": "FTTP",
    "upgrade": "NULL_NA",
    "gnaf_pid": "GANSW721569022"
   }
  },
  {
   "type": "Feature",
   "geometry": {
    "type": "Point",
    "coordinates": [
     150.90803466,
     -31.08482425
    ]
   },
   "properties": {
    "name": "UNIT 3, 10 CURTISS CLOSE TAMINDA 2340",
    "locID": "LOC000194611852",
    "tech": "FTTP",
    "upgrade": "NULL_NA",
    "gnaf_pid": "GANSW721571280"
   }
  },
  {
   "type": "Feature",
   "geometry": {
    "type": "Point",
    "coordinates": [
     150.91264029,
     -31.08654077
    ]
   },
   "properties": {
    "name": "53 PLAIN STREET TAMINDA 2340",
    "locID": "LOC000193393949",
    "tech": "FTTP",
    "upgrade": "NULL_NA",
    "gnaf_pid": "GANSW721573052"
   }
  },
  {
   "type": "Feature",
   "geometry": {
    "type": "Point",
    "coordinates": [
     150.90803466,
     -31.08482425
    ]
   },
   "properties": {
    "name": "UNIT 8, 10 CURTISS CLOSE TAMINDA 2340",
    "locID": "LOC000194611909",
    "tech": "FTTP",
    "upgrade": "NULL_NA",
    "gnaf_pid": "GANSW721573535"
   }
  },
  {
   "type": "Feature",
   "geometry": {
    "type": "Point",
    "coordinates": [
     150.90803466,
     -31.08482425
    ]
   },
   "properties": {
    "name": "UNIT 5, 10 CURTISS CLOSE TAMINDA 2340",
    "locID": "LOC000194611875",
    "tech": "FTTP",
    "upgrade": "NULL_NA",
    "gnaf_pid": "GANSW721575754"
   }
  },
  {
   "type": "Feature",
   "geometry": {
    "type": "Point",
    "coordinates": [
     150.90803466,
     -31.08482425
    ]
   },
   "properties": {
    "name": "UNIT 9, 10 CURTISS CLOSE TAMINDA 2340",
    "locID": "LOC000194611913",
    "tech": "FTTP",
    "upgrade": "NULL_NA",
    "gnaf_pid": "GANSW721576657"
   }
  },
  {
   "type": "Feature",
   "geometry": {
    "type": "Point",
    "coordinates": [
     150.90803466,
     -31.08482425
    ]
   },
   "properties": {
    "name": "UNIT 14, 10 CURTISS CLOSE TAMINDA 2340",
    "locID": "LOC000194611966",
    "tech": "FTTP",
    "upgrade": "NULL_NA",
    "gnaf_pid": "GANSW721579530"
   }
  }
 ]
}