{
 "type": "FeatureCollection",
 "generated": "2025-02-15T04:23:47.918001",
 "suburb": "WARIALDA",
 "features": [
  {
   "type": "Feature",
   "geometry": {
    "type": "Point",
    "coordinates": [
     150.56872257,
     -29.54442283
    ]
   },
   "properties": {
    "name": "21 QUEEN STREET WARIALDA 2402",
    "locID": "LOC000092140562",
    "tech": "FTTC",
    "upgrade": "FTTP_SA",
    "gnaf_pid": "GANSW706185863",
    "tech_change_status": "Eligible to Order"
   }
  },
  {
   "type": "Feature",
   "geometry": {
    "type": "Point",
    "coordinates": [
     150.56902338,
     -29.54447455
    ]
   },
   "properties": {
    "name": "23 QUEEN STREET WARIALDA 2402",
    "locID": "LOC000010577922",
    "tech": "FTTC",
    "upgrade": "FTTP_SA",
    "gnaf_pid": "GANSW706185864",
    "tech_change_status": "Eligible to Order"
   }
  },
  {
   "type": "Feature",
   "geometry": {
    "type": "Point",
    "coordinates": [
     150.57022821,
     -29.54468663
    ]
   },
   "properties": {
    "name": "25 QUEEN STREET WARIALDA 2402",
    "locID": "LOC000045541247",
    "tech": "FTTC",
    "upgrade": "FTTP_SA",
    "gnaf_pid": "GANSW706185865",
    "tech_change_status": "Eligible to Order"
   }
  },
  {
   "type": "Feature",
   "geometry": {
    "type": "Point",
    "coordinates": [
     150.5703925,
     -29.54494251
    ]
   },
   "properties": {
    "name": "27 QUEEN STREET WARIALDA 2402",
    "locID": "LOC000040043372",
    "tech": "FTTP",
    "upgrade": "NULL_NA",
    "gnaf_pid": "GANSW706185866"
   }
  },
  {
   "type": "Feature",
   "geometry": {
    "type": "Point",
    "coordinates": [
     150.57055917,
     -29.54411282
    ]
   },
   "properties": {
    "name": "28 QUEEN STREET WARIALDA 2402",
    "locID": "LOC000061503099",
    "tech": "FTTC",
    "upgrade": "FTTP_SA",
    "gnaf_pid": "GANSW706185867",
    "tech_change_status": "Eligible to Order"
   }
  },
  {
   "type": "Feature",
   "geometry": {
    "type": "Point",
    "coordinates": [
     150.57060685,
     -29.54497409
    ]
   },
   "properties": {
    "name": "29 QUEEN STREET WARIALDA 2402",
    "locID": "LOC000077699444",
    "tech": "FTTP",
    "upgrade": "NULL_NA",
    "gnaf_pid": "GANSW706185868"
   }
  },
  {
   "type": "Feature",
   "geometry": {
    "type": "Point",
    "coordinates": [
     150.57075859,
     -29.54416721
    ]
   },
   "properties": {
    "name": "30 QUEEN STREET WARIALDA 2402",
    "locID": "LOC000080240314",
    "tech": "FTTC",
    "upgrade": "FTTP_SA",
    "gnaf_pid": "GANSW706185869",
    "tech_change_status": "Eligible to Order"
   }
  },
  {
   "type": "Feature",
   "geometry": {
    "type": "Point",
    "coordinates": [
     150.57081946,
     -29.54500542
    ]
   },
   "properties": {
    "name": "31 QUEEN STREET WARIALDA 2402",
    "locID": "LOC000014030530",
    "tech": "FTTC",
    "upgrade": "FTTP_SA",
    "gnaf_pid": "GANSW706185870",
    "tech_change_status": "Eligible to Order"
   }
  },
  {
   "type": "Feature",
   "geometry": {
    "type": "Point",
    "coordinates": [
     150.57096,
     -29.54422423
    ]
   },
   "properties": {
    "name": "32 QUEEN STREET WARIALDA 2402",
    "locID": "LOC000054373256",
    "tech": "FTTC",
    "upgrade": "FTTP_SA",
    "gnaf_pid": "GANSW706185871",
    "tech_change_status": "Eligible to Order"
   }
  },
  {
   "type": "Feature",
   "geometry": {
    "type": "Point",
    "coordinates": [
     150.57102719,
     -29.54503602
    ]
   },
   "properties": {
    "name": "33 QUEEN STREET WARIALDA 2402",
    "locID": "LOC000041741717",
    "tech": "FTTC",
    "upgrade": "FTTP_SA",
    "gnaf_pid": "GANSW706185872",
    "tech_change_status": "Eligible to Order"
   }
  },
  {
   "type": "Feature",
   "geometry": {
    "type": "Point",
    "coordinates": [
     150.5711771,
     -29.54423716
    ]
   },
   "properties": {
    "name": "34 QUEEN STREET WARIALDA 2402",
    "locID": "LOC000075547988",
    "tech": "FTTC",
    "upgrade": "FTTP_SA",
    "gnaf_pid": "GANSW706185873",
    "tech_change_status": "Eligible to Order"
   }
  },
  {
   "type": "Feature",
   "geometry": {
    "type": "Point",
    "coordinates": [
     150.5712683,
     -29.54483948
    ]
   },
   "properties": {
    "name": "35 QUEEN STREET WARIALDA 2402",
    "locID": "LOC000065489334",
    "tech": "FTTC",
    "upgrade": "FTTP_SA",
    "gnaf_pid": "GANSW706185874",
    "tech_change_status": "Eligible to Order"
   }
  },
  {
   "type": "Feature",
   "geometry": {
    "type": "Point",
    "coordinates": [
     150.5754742,
     -29.54482204
    ]
   },
   "properties": {
    "name": "60 QUEEN STREET WARIALDA 2402",
    "locID": "LOC000098975021",
    "tech": "FTTP",
    "upgrade": "NULL_NA",
    "gnaf_pid": "GANSW706185883"
   }
  },
  {
   "type": "Feature",
   "geometry": {
    "type": "Point",
    "coordinates": [
     150.57364776,
     -29.53727693
    ]
   },
   "properties": {
    "name": "1 SHORT STREET WARIALDA 2402",
    "locID": "LOC000092432574",
    "tech": "FTTC",
    "upgrade": "FTTP_SA",
    "gnaf_pid": "GANSW706185912",
    "tech_change_status": "Eligible to Order"
   }
  },
  {
   "type": "Feature",
   "geometry": {
    "type": "Point",
    "coordinates": [
     150.57465871,
     -29.54481565
    ]
   },
   "properties": {
    "name": "1 STEPHEN STREET WARIALDA 2402",
    "locID": "LOC000084275391",
    "tech": "FTTC",
    "upgrade": "FTTP_SA",
    "gnaf_pid": "GANSW706185913",
    "tech_change_status": "Eligible to Order"
   }
  },
  {
   "type": "Feature",
   "geometry": {
    "type": "Point",
    "coordinates": [
     150.57531872,
     -29.53543181
    ]
   },
   "properties": {
    "name": "100 STEPHEN STREET WARIALDA 2402",
    "locID": "LOC000049670387",
    "tech": "FTTN",
    "upgrade": "NULL_NA",
    "gnaf_pid": "GANSW706185914",
    "tech_change_status": "Not Planned"
   }
  },
  {
   "type": "Feature",
   "geometry": {
    "type": "Point",
    "coordinates": [
     150.57625557,
     -29.53620503
    ]
   },
   "properties": {
    "name": "101 STEPHEN STREET WARIALDA 2402",
    "locID": "LOC000020603597",
    "tech": "FTTN",
    "upgrade": "NULL_NA",
    "gnaf_pid": "GANSW706185915",
    "tech_change_status": "Not Planned"
   }
  },
  {
   "type": "Feature",
   "geometry": {
    "type": "Point",
    "coordinates": [
     150.57556703,
     -29.54541525
    ]
   },
   "properties": {
    "name": "65 QUEEN STREET WARIALDA 2402",
    "locID": "LOC000041679514",
    "tech": "FTTC",
    "upgrade": "FTTP_SA",
    "gnaf_pid": "GANSW706185919",
    "tech_change_status": "Eligible to Order"
   }
  },
  {
   "type": "Feature",
   "geometry": {
    "type": "Point",
    "coordinates": [
     150.57577209,
     -29.54544447
    ]
   },
   "properties": {
    "name": "67 QUEEN STREET WARIALDA 2402",
    "locID": "LOC000015537800",
    "tech": "FTTC",
    "upgrade": "FTTP_SA",
    "gnaf_pid": "GANSW706185920",
    "tech_change_status": "Eligible to Order"
   }
  },
  {
   "type": "Feature",
   "geometry": {
    "type": "Point",
    "coordinates": [
     150.5759769,
     -29.54547364
    ]
   },
   "properties": {
    "name": "69 QUEEN STREET WARIALDA 2402",
    "locID": "LOC000022885964",
    "tech": "FTTC",
    "upgrade": "FTTP_SA",
    "gnaf_pid": "GANSW706185921",
    "tech_change_status": "Eligible to Order"
   }
  },
  {
   "type": "Feature",
   "geometry": {
    "type": "Point",
    "coordinates": [
     150.57704147,
     -29.54498238
    ]
   },
   "properties": {
    "name": "70 QUEEN STREET WARIALDA 2402",
    "locID": "LOC000045145211",
    "tech": "FTTC",
    "upgrade": "FTTP_SA",
    "gnaf_pid": "GANSW706185922",
    "tech_change_status": "Eligible to Order"
   }
  },
  {
   "type": "Feature",
   "geometry": {
    "type": "Point",
    "coordinates": [
     150.5761815,
     -29.54550278
    ]
   },
   "properties": {
    "name": "71 QUEEN STREET WARIALDA 2402",
    "locID": "LOC000090588853",
    "tech": "FTTP",
    "upgrade": "NULL_NA",
    "gnaf_pid": "GANSW706185923"
   }
  },
  {
   "type": "Feature",
   "geometry": {
    "type": "Point",
    "coordinates": [
     150.57727338,
     -29.54501582
    ]
   },
   "properties": {
    "name": "72 QUEEN STREET WARIALDA 2402",
    "locID": "LOC000055114084",
    "tech": "FTTC",
    "upgrade": "FTTP_SA",
    "gnaf_pid": "GANSW706185924",
    "tech_change_status": "Eligible to Order"
   }
  },
  {
   "type": "Feature",
   "geometry": {
    "type": "Point",
    "coordinates": [
     150.57691539,
     -29.54560781
    ]
   },
   "properties": {
    "name": "73 QUEEN STREET WARIALDA 2402",
    "locID": "LOC000095901515",
    "tech": "FTTC",
    "upgrade": "FTTP_SA",
    "gnaf_pid": "GANSW706185925",
    "tech_change_status": "Eligible to Order"
   }
  },
  {
   "type": "Feature",
   "geometry": {
    "type": "Point",
    "coordinates": [
     150.57749656,
     -29.54504801
    ]
   },
   "properties": {
    "name": "74 QUEEN STREET WARIALDA 2402",
    "locID": "LOC000046775099",
    "tech": "FTTC",
    "upgrade": "FTTP_SA",
    "gnaf_pid": "GANSW706185926",
    "tech_change_status": "Eligible to Order"
   }
  },
  {
   "type": "Feature",
   "geometry": {
    "type": "Point",
    "coordinates": [
     150.5771588,
     -29.54564356
    ]
   },
   "properties": {
    "name": "75 QUEEN STREET WARIALDA 2402",
    "locID": "LOC000056237813",
    "tech": "FTTC",
    "upgrade": "FTTP_SA",
    "gnaf_pid": "GANSW706185927",
    "tech_change_status": "Eligible to Order"
   }
  },
  {
   "type": "Feature",
   "geometry": {
    "type": "Point",
    "coordinates": [
     150.57777926,
     -29.54508877
    ]
   },
   "properties": {
    "name": "76 QUEEN STREET WARIALDA 2402",
    "locID": "LOC000091654478",
    "tech": "FTTC",
    "upgrade": "FTTP_SA",
    "gnaf_pid": "GANSW706185928",
    "tech_change_status": "Eligible to Order"
   }
  },
  {
   "type": "Feature",
   "geometry": {
    "type": "Point",
    "coordinates": [
     150.58434213,
     -29.54034465
    ]
   },
   "properties": {
    "name": "173 LONG STREET WARIALDA 2402",
    "locID": "LOC000073826999",
    "tech": "FTTC",
    "upgrade": "FTTP_SA",
    "gnaf_pid": "GANSW706186545",
    "tech_change_status": "Eligible to Order"
   }
  },
  {
   "type": "Feature",
   "geometry": {
    "type": "Point",
    "coordinates": [
     150.58481342,
     -29.54036486
    ]
   },
   "properties": {
    "name": "177 LONG STREET WARIALDA 2402",
    "locID": "LOC000098031553",
    "tech": "FTTC",
    "upgrade": "FTTP_SA",
    "gnaf_pid": "GANSW706186546",
    "tech_change_status": "Eligible to Order"
   }
  },
  {
   "type": "Feature",
   "geometry": {
    "type": "Point",
    "coordinates": [
     150.56336186,
     -29.53630198
    ]
   },
   "properties": {
    "name": "20 LONG STREET WARIALDA 2402",
    "locID": "LOC000047735008",
    "tech": "FTTC",
    "upgrade": "FTTP_SA",
    "gnaf_pid": "GANSW706186548",
    "tech_change_status": "Eligible to Order"
   }
  },
  {
   "type": "Feature",
   "geometry": {
    "type": "Point",
    "coordinates": [
     150.56377734,
     -29.53636052
    ]
   },
   "properties": {
    "name": "22-24 LONG STREET WARIALDA 2402",
    "locID": "LOC000163169184",
    "tech": "FTTB",
    "upgrade": "NULL_NA",
    "gnaf_pid": "GANSW706186550"
   }
  },
  {
   "type": "Feature",
   "geometry": {
    "type": "Point",
    "coordinates": [
     150.56563376,
     -29.53662501
    ]
   },
   "properties": {
    "name": "36 LONG STREET WARIALDA 2402",
    "locID": "LOC000104287349",
    "tech": "FTTC",
    "upgrade": "FTTP_SA",
    "gnaf_pid": "GANSW706186554",
    "tech_change_status": "Eligible to Order"
   }
  },
  {
   "type": "Feature",
   "geometry": {
    "type": "Point",
    "coordinates": [
     150.5655384,
     -29.53769279
    ]
   },
   "properties": {
    "name": "37 LONG STREET WARIALDA 2402",
    "locID": "LOC000062252420",
    "tech": "FTTC",
    "upgrade": "FTTP_SA",
    "gnaf_pid": "GANSW706186555",
    "tech_change_status": "Eligible to Order"
   }
  },
  {
   "type": "Feature",
   "geometry": {
    "type": "Point",
    "coordinates": [
     150.56583975,
     -29.53665401
    ]
   },
   "properties": {
    "name": "38 LONG STREET WARIALDA 2402",
    "locID": "LOC000011392703",
    "tech": "FTTC",
    "upgrade": "FTTP_SA",
    "gnaf_pid": "GANSW706186556",
    "tech_change_status": "Eligible to Order"
   }
  },
  {
   "type": "Feature",
   "geometry": {
    "type": "Point",
    "coordinates": [
     150.56708886,
     -29.53792473
    ]
   },
   "properties": {
    "name": "47 LONG STREET WARIALDA 2402",
    "locID": "LOC000027108253",
    "tech": "FTTC",
    "upgrade": "FTTP_SA",
    "gnaf_pid": "GANSW706186560",
    "tech_change_status": "Eligible to Order"
   }
  },
  {
   "type": "Feature",
   "geometry": {
    "type": "Point",
    "coordinates": [
     150.56993743,
     -29.53845859
    ]
   },
   "properties": {
    "name": "77 LONG STREET WARIALDA 2402",
    "locID": "LOC000068922540",
    "tech": "FTTC",
    "upgrade": "FTTP_SA",
    "gnaf_pid": "GANSW706186565",
    "tech_change_status": "Eligible to Order"
   }
  },
  {
   "type": "Feature",
   "geometry": {
    "type": "Point",
    "coordinates": [
     150.57014265,
     -29.53847666
    ]
   },
   "properties": {
    "name": "79 LONG STREET WARIALDA 2402",
    "locID": "LOC000041899618",
    "tech": "FTTC",
    "upgrade": "FTTP_SA",
    "gnaf_pid": "GANSW706186566",
    "tech_change_status": "Eligible to Order"
   }
  },
  {
   "type": "Feature",
   "geometry": {
    "type": "Point",
    "coordinates": [
     150.57018527,
     -29.53700344
    ]
   },
   "properties": {
    "name": "80 LONG STREET WARIALDA 2402",
    "locID": "LOC000077649458",
    "tech": "FTTC",
    "upgrade": "FTTP_SA",
    "gnaf_pid": "GANSW706186568",
    "tech_change_status": "Eligible to Order"
   }
  },
  {
   "type": "Feature",
   "geometry": {
    "type": "Point",
    "coordinates": [
     150.57119887,
     -29.53733493
    ]
   },
   "properties": {
    "name": "86 LONG STREET WARIALDA 2402",
    "locID": "LOC000049471378",
    "tech": "FTTC",
    "upgrade": "FTTP_SA",
    "gnaf_pid": "GANSW706186572",
    "tech_change_status": "Eligible to Order"
   }
  },
  {
   "type": "Feature",
   "geometry": {
    "type": "Point",
    "coordinates": [
     150.57586847,
     -29.5457703
    ]
   },
   "properties": {
    "name": "24 MARKET STREET WARIALDA 2402",
    "locID": "LOC000079194782",
    "tech": "FTTC",
    "upgrade": "FTTP_SA",
    "gnaf_pid": "GANSW706186573",
    "tech_change_status": "Eligible to Order"
   }
  },
  {
   "type": "Feature",
   "geometry": {
    "type": "Point",
    "coordinates": [
     150.57617069,
     -29.54502137
    ]
   },
   "properties": {
    "name": "26 MARKET STREET WARIALDA 2402",
    "locID": "LOC000087438424",
    "tech": "FTTC",
    "upgrade": "FTTP_SA",
    "gnaf_pid": "GANSW706186574",
    "tech_change_status": "Eligible to Order"
   }
  },
  {
   "type": "Feature",
   "geometry": {
    "type": "Point",
    "coordinates": [
     150.57674678,
     -29.54504632
    ]
   },
   "properties": {
    "name": "27 MARKET STREET WARIALDA 2402",
    "locID": "LOC000071355651",
    "tech": "FTTC",
    "upgrade": "FTTP_SA",
    "gnaf_pid": "GANSW706186575",
    "tech_change_status": "Eligible to Order"
   }
  },
  {
   "type": "Feature",
   "geometry": {
    "type": "Point",
    "coordinates": [
     150.57662197,
     -29.54265661
    ]
   },
   "properties": {
    "name": "42 MARKET STREET WARIALDA 2402",
    "locID": "LOC000019788642",
    "tech": "FTTC",
    "upgrade": "FTTP_SA",
    "gnaf_pid": "GANSW706186579",
    "tech_change_status": "Eligible to Order"
   }
  },
  {
   "type": "Feature",
   "geometry": {
    "type": "Point",
    "coordinates": [
     150.57719439,
     -29.54292715
    ]
   },
   "properties": {
    "name": "43 MARKET STREET WARIALDA 2402",
    "locID": "LOC000102292615",
    "tech": "FTTC",
    "upgrade": "FTTP_SA",
    "gnaf_pid": "GANSW706186580",
    "tech_change_status": "Eligible to Order"
   }
  },
  {
   "type": "Feature",
   "geometry": {
    "type": "Point",
    "coordinates": [
     150.5766471,
     -29.54249675
    ]
   },
   "properties": {
    "name": "44 MARKET STREET WARIALDA 2402",
    "locID": "LOC000070035871",
    "tech": "FTTC",
    "upgrade": "FTTP_SA",
    "gnaf_pid": "GANSW706186581",
    "tech_change_status": "Eligible to Order"
   }
  },
  {
   "type": "Feature",
   "geometry": {
    "type": "Point",
    "coordinates": [
     150.57723545,
     -29.54270657
    ]
   },
   "properties": {
    "name": "45 MARKET STREET WARIALDA 2402",
    "locID": "LOC000065342674",
    "tech": "FTTC",
    "upgrade": "FTTP_SA",
    "gnaf_pid": "GANSW706186582",
    "tech_change_status": "Eligible to Order"
   }
  },
  {
   "type": "Feature",
   "geometry": {
    "type": "Point",
    "coordinates": [
     150.57667794,
     -29.54235151
    ]
   },
   "properties": {
    "name": "46 MARKET STREET WARIALDA 2402",
    "locID": "LOC000018796796",
    "tech": "FTTC",
    "upgrade": "FTTP_SA",
    "gnaf_pid": "GANSW706186583",
    "tech_change_status": "Eligible to Order"
   }
  },
  {
   "type": "Feature",
   "geometry": {
    "type": "Point",
    "coordinates": [
     150.57963009,
     -29.53391832
    ]
   },
   "properties": {
    "name": "12 OLIVE PYRKE TERRACE WARIALDA 2402",
    "locID": "LOC000102131783",
    "tech": "FTTN",
    "upgrade": "NULL_NA",
    "gnaf_pid": "GANSW706186613",
    "tech_change_status": "Not Planned"
   }
  },
  {
   "type": "Feature",
   "geometry": {
    "type": "Point",
    "coordinates": [
     150.5800426,
     -29.53467571
    ]
   },
   "properties": {
    "name": "2 OLIVE PYRKE TERRACE WARIALDA 2402",
    "locID": "LOC000018392540",
    "tech": "FTTN",
    "upgrade": "NULL_NA",
    "gnaf_pid": "GANSW706186614",
    "tech_change_status": "Not Planned"
   }
  },
  {
   "type": "Feature",
   "geometry": {
    "type": "Point",
    "coordinates": [
     150.58057868,
     -29.53448605
    ]
   },
   "properties": {
    "name": "3 OLIVE PYRKE TERRACE WARIALDA 2402",
    "locID": "LOC000063392063",
    "tech": "FTTN",
    "upgrade": "NULL_NA",
    "gnaf_pid": "GANSW706186615",
    "tech_change_status": "Not Planned"
   }
  },
  {
   "type": "Feature",
   "geometry": {
    "type": "Point",
    "coordinates": [
     150.58008761,
     -29.53441964
    ]
   },
   "properties": {
    "name": "4 OLIVE PYRKE TERRACE WARIALDA 2402",
    "locID": "LOC000043712239",
    "tech": "FTTN",
    "upgrade": "NULL_NA",
    "gnaf_pid": "GANSW706186616",
    "tech_change_status": "Not Planned"
   }
  },
  {
   "type": "Feature",
   "geometry": {
    "type": "Point",
    "coordinates": [
     150.58062488,
     -29.53423225
    ]
   },
   "properties": {
    "name": "5 OLIVE PYRKE TERRACE WARIALDA 2402",
    "locID": "LOC000043461261",
    "tech": "FTTN",
    "upgrade": "NULL_NA",
    "gnaf_pid": "GANSW706186617",
    "tech_change_status": "Not Planned"
   }
  },
  {
   "type": "Feature",
   "geometry": {
    "type": "Point",
    "coordinates": [
     150.58013342,
     -29.53416174
    ]
   },
   "properties": {
    "name": "6 OLIVE PYRKE TERRACE WARIALDA 2402",
    "locID": "LOC000049557130",
    "tech": "FTTN",
    "upgrade": "NULL_NA",
    "gnaf_pid": "GANSW706186618",
    "tech_change_status": "Not Planned"
   }
  },
  {
   "type": "Feature",
   "geometry": {
    "type": "Point",
    "coordinates": [
     150.58067163,
     -29.53397652
    ]
   },
   "properties": {
    "name": "7 OLIVE PYRKE TERRACE WARIALDA 2402",
    "locID": "LOC000052600559",
    "tech": "FTTN",
    "upgrade": "NULL_NA",
    "gnaf_pid": "GANSW706186619",
    "tech_change_status": "Not Planned"
   }
  },
  {
   "type": "Feature",
   "geometry": {
    "type": "Point",
    "coordinates": [
     150.57603176,
     -29.53685728
    ]
   },
   "properties": {
    "name": "97 STEPHEN STREET WARIALDA 2402",
    "locID": "LOC000055072948",
    "tech": "FTTC",
    "upgrade": "FTTP_SA",
    "gnaf_pid": "GANSW706190432",
    "tech_change_status": "Eligible to Order"
   }
  },
  {
   "type": "Feature",
   "geometry": {
    "type": "Point",
    "coordinates": [
     150.57524954,
     -29.53554033
    ]
   },
   "properties": {
    "name": "98 STEPHEN STREET WARIALDA 2402",
    "locID": "LOC000101020697",
    "tech": "FTTN",
    "upgrade": "NULL_NA",
    "gnaf_pid": "GANSW706190433",
    "tech_change_status": "Not Planned"
   }
  },
  {
   "type": "Feature",
   "geometry": {
    "type": "Point",
    "coordinates": [
     150.57620164,
     -29.53648969
    ]
   },
   "properties": {
    "name": "99 STEPHEN STREET WARIALDA 2402",
    "locID": "LOC000028953557",
    "tech": "FTTN",
    "upgrade": "NULL_NA",
    "gnaf_pid": "GANSW706190434",
    "tech_change_status": "Not Planned"
   }
  },
  {
   "type": "Feature",
   "geometry": {
    "type": "Point",
    "coordinates": [
     150.56476134,
     -29.53984536
    ]
   },
   "properties": {
    "name": "25 WATER STREET WARIALDA 2402",
    "locID": "LOC000064542339",
    "tech": "FTTC",
    "upgrade": "FTTP_SA",
    "gnaf_pid": "GANSW706190459",
    "tech_change_status": "Eligible to Order"
   }
  },
  {
   "type": "Feature",
   "geometry": {
    "type": "Point",
    "coordinates": [
     150.5622669,
     -29.53591597
    ]
   },
   "properties": {
    "name": "17 WEST STREET WARIALDA 2402",
    "locID": "LOC000100351687",
    "tech": "FTTC",
    "upgrade": "FTTP_SA",
    "gnaf_pid": "GANSW706190465",
    "tech_change_status": "Eligible to Order"
   }
  },
  {
   "type": "Feature",
   "geometry": {
    "type": "Point",
    "coordinates": [
     150.57658535,
     -29.54055928
    ]
   },
   "properties": {
    "name": "1 HALL STREET WARIALDA 2402",
    "locID": "LOC000182697190",
    "tech": "FTTC",
    "upgrade": "FTTP_SA",
    "gnaf_pid": "GANSW706193173",
    "tech_change_status": "Eligible to Order"
   }
  },
  {
   "type": "Feature",
   "geometry": {
    "type": "Point",
    "coordinates": [
     150.57496572,
     -29.53692355
    ]
   },
   "properties": {
    "name": "105 HIGH STREET WARIALDA 2402",
    "locID": "LOC000102120737",
    "tech": "FTTN",
    "upgrade": "NULL_NA",
    "gnaf_pid": "GANSW706193179",
    "tech_change_status": "Not Planned"
   }
  },
  {
   "type": "Feature",
   "geometry": {
    "type": "Point",
    "coordinates": [
     150.57668159,
     -29.53632457
    ]
   },
   "properties": {
    "name": "108 HIGH STREET WARIALDA 2402",
    "locID": "LOC000088625648",
    "tech": "FTTN",
    "upgrade": "NULL_NA",
    "gnaf_pid": "GANSW706193181",
    "tech_change_status": "Not Planned"
   }
  },
  {
   "type": "Feature",
   "geometry": {
    "type": "Point",
    "coordinates": [
     150.57659732,
     -29.53727142
    ]
   },
   "properties": {
    "name": "109 HIGH STREET WARIALDA 2402",
    "locID": "LOC000079798181",
    "tech": "FTTN",
    "upgrade": "NULL_NA",
    "gnaf_pid": "GANSW706193182",
    "tech_change_status": "Not Planned"
   }
  },
  {
   "type": "Feature",
   "geometry": {
    "type": "Point",
    "coordinates": [
     150.57706483,
     -29.53638731
    ]
   },
   "properties": {
    "name": "110 HIGH STREET WARIALDA 2402",
    "locID": "LOC000099465583",
    "tech": "FTTN",
    "upgrade": "NULL_NA",
    "gnaf_pid": "GANSW706193183",
    "tech_change_status": "Not Planned"
   }
  },
  {
   "type": "Feature",
   "geometry": {
    "type": "Point",
    "coordinates": [
     150.57739402,
     -29.53632983
    ]
   },
   "properties": {
    "name": "112 HIGH STREET WARIALDA 2402",
    "locID": "LOC000068442245",
    "tech": "FTTN",
    "upgrade": "NULL_NA",
    "gnaf_pid": "GANSW706193184",
    "tech_change_status": "Not Planned"
   }
  },
  {
   "type": "Feature",
   "geometry": {
    "type": "Point",
    "coordinates": [
     150.57699591,
     -29.53709544
    ]
   },
   "properties": {
    "name": "113 HIGH STREET WARIALDA 2402",
    "locID": "LOC000083114504",
    "tech": "FTTN",
    "upgrade": "NULL_NA",
    "gnaf_pid": "GANSW706193185",
    "tech_change_status": "Not Planned"
   }
  },
  {
   "type": "Feature",
   "geometry": {
    "type": "Point",
    "coordinates": [
     150.57761405,
     -29.53651787
    ]
   },
   "properties": {
    "name": "114 HIGH STREET WARIALDA 2402",
    "locID": "LOC000086680863",
    "tech": "FTTN",
    "upgrade": "NULL_NA",
    "gnaf_pid": "GANSW706193186",
    "tech_change_status": "Not Planned"
   }
  },
  {
   "type": "Feature",
   "geometry": {
    "type": "Point",
    "coordinates": [
     150.57787155,
     -29.53655449
    ]
   },
   "properties": {
    "name": "116 HIGH STREET WARIALDA 2402",
    "locID": "LOC000028849224",
    "tech": "FTTN",
    "upgrade": "NULL_NA",
    "gnaf_pid": "GANSW706193188",
    "tech_change_status": "Not Planned"
   }
  },
  {
   "type": "Feature",
   "geometry": {
    "type": "Point",
    "coordinates": [
     150.5789862,
     -29.53737807
    ]
   },
   "properties": {
    "name": "123 HIGH STREET WARIALDA 2402",
    "locID": "LOC000097559186",
    "tech": "FTTN",
    "upgrade": "NULL_NA",
    "gnaf_pid": "GANSW706193190",
    "tech_change_status": "Not Planned"
   }
  },
  {
   "type": "Feature",
   "geometry": {
    "type": "Point",
    "coordinates": [
     150.57944082,
     -29.53744226
    ]
   },
   "properties": {
    "name": "125 HIGH STREET WARIALDA 2402",
    "locID": "LOC000051833153",
    "tech": "FTTN",
    "upgrade": "NULL_NA",
    "gnaf_pid": "GANSW706193192",
    "tech_change_status": "Not Planned"
   }
  },
  {
   "type": "Feature",
   "geometry": {
    "type": "Point",
    "coordinates": [
     150.57987928,
     -29.53751508
    ]
   },
   "properties": {
    "name": "127 HIGH STREET WARIALDA 2402",
    "locID": "LOC000038230280",
    "tech": "FTTN",
    "upgrade": "NULL_NA",
    "gnaf_pid": "GANSW706193193",
    "tech_change_status": "Not Planned"
   }
  },
  {
   "type": "Feature",
   "geometry": {
    "type": "Point",
    "coordinates": [
     150.58061698,
     -29.53676121
    ]
   },
   "properties": {
    "name": "134 HIGH STREET WARIALDA 2402",
    "locID": "LOC000120921916",
    "tech": "FTTN",
    "upgrade": "NULL_NA",
    "gnaf_pid": "GANSW706193194",
    "tech_change_status": "Not Planned"
   }
  },
  {
   "type": "Feature",
   "geometry": {
    "type": "Point",
    "coordinates": [
     150.57075332,
     -29.53603587
    ]
   },
   "properties": {
    "name": "69 HIGH STREET WARIALDA 2402",
    "locID": "LOC000173726941",
    "tech": "FTTC",
    "upgrade": "FTTP_SA",
    "gnaf_pid": "GANSW706193195",
    "tech_change_status": "Eligible to Order"
   }
  },
  {
   "type": "Feature",
   "geometry": {
    "type": "Point",
    "coordinates": [
     150.57169666,
     -29.53548167
    ]
   },
   "properties": {
    "name": "70 HIGH STREET WARIALDA 2402",
    "locID": "LOC000024676445",
    "tech": "FTTN",
    "upgrade": "NULL_NA",
    "gnaf_pid": "GANSW706193196",
    "tech_change_status": "Not Planned"
   }
  },
  {
   "type": "Feature",
   "geometry": {
    "type": "Point",
    "coordinates": [
     150.57139558,
     -29.53629498
    ]
   },
   "properties": {
    "name": "71 HIGH STREET WARIALDA 2402",
    "locID": "LOC000033114070",
    "tech": "FTTN",
    "upgrade": "NULL_NA",
    "gnaf_pid": "GANSW706193197",
    "tech_change_status": "Not Planned"
   }
  },
  {
   "type": "Feature",
   "geometry": {
    "type": "Point",
    "coordinates": [
     150.57169666,
     -29.53548167
    ]
   },
   "properties": {
    "name": "72 HIGH STREET WARIALDA 2402",
    "locID": "LOC000014030841",
    "tech": "FTTN",
    "upgrade": "NULL_NA",
    "gnaf_pid": "GANSW706193198",
    "tech_change_status": "Not Planned"
   }
  },
  {
   "type": "Feature",
   "geometry": {
    "type": "Point",
    "coordinates": [
     150.57159398,
     -29.53632365
    ]
   },
   "properties": {
    "name": "73 HIGH STREET WARIALDA 2402",
    "locID": "LOC000084305364",
    "tech": "FTTN",
    "upgrade": "NULL_NA",
    "gnaf_pid": "GANSW706193199",
    "tech_change_status": "Not Planned"
   }
  },
  {
   "type": "Feature",
   "geometry": {
    "type": "Point",
    "coordinates": [
     150.57204468,
     -29.5355304
    ]
   },
   "properties": {
    "name": "74 HIGH STREET WARIALDA 2402",
    "locID": "LOC000044065306",
    "tech": "FTTN",
    "upgrade": "NULL_NA",
    "gnaf_pid": "GANSW706193200",
    "tech_change_status": "Not Planned"
   }
  },
  {
   "type": "Feature",
   "geometry": {
    "type": "Point",
    "coordinates": [
     150.57178582,
     -29.53646326
    ]
   },
   "properties": {
    "name": "75 HIGH STREET WARIALDA 2402",
    "locID": "LOC000080114353",
    "tech": "FTTN",
    "upgrade": "NULL_NA",
    "gnaf_pid": "GANSW706193201",
    "tech_change_status": "Not Planned"
   }
  },
  {
   "type": "Feature",
   "geometry": {
    "type": "Point",
    "coordinates": [
     150.57199765,
     -29.53649405
    ]
   },
   "properties": {
    "name": "77 HIGH STREET WARIALDA 2402",
    "locID": "LOC000072252620",
    "tech": "FTTN",
    "upgrade": "NULL_NA",
    "gnaf_pid": "GANSW706193203",
    "tech_change_status": "Not Planned"
   }
  },
  {
   "type": "Feature",
   "geometry": {
    "type": "Point",
    "coordinates": [
     150.57219872,
     -29.53652328
    ]
   },
   "properties": {
    "name": "79 HIGH STREET WARIALDA 2402",
    "locID": "LOC000071529665",
    "tech": "FTTN",
    "upgrade": "NULL_NA",
    "gnaf_pid": "GANSW706193204",
    "tech_change_status": "Not Planned"
   }
  },
  {
   "type": "Feature",
   "geometry": {
    "type": "Point",
    "coordinates": [
     150.57274787,
     -29.53574632
    ]
   },
   "properties": {
    "name": "80 HIGH STREET WARIALDA 2402",
    "locID": "LOC000013061533",
    "tech": "FTTN",
    "upgrade": "NULL_NA",
    "gnaf_pid": "GANSW706193205",
    "tech_change_status": "Not Planned"
   }
  },
  {
   "type": "Feature",
   "geometry": {
    "type": "Point",
    "coordinates": [
     150.57240821,
     -29.53655372
    ]
   },
   "properties": {
    "name": "81 HIGH STREET WARIALDA 2402",
    "locID": "LOC000064708616",
    "tech": "FTTN",
    "upgrade": "NULL_NA",
    "gnaf_pid": "GANSW706193206",
    "tech_change_status": "Not Planned"
   }
  },
  {
   "type": "Feature",
   "geometry": {
    "type": "Point",
    "coordinates": [
     150.57435065,
     -29.5360595
    ]
   },
   "properties": {
    "name": "92 HIGH STREET WARIALDA 2402",
    "locID": "LOC000066584143",
    "tech": "FTTN",
    "upgrade": "NULL_NA",
    "gnaf_pid": "GANSW706193207",
    "tech_change_status": "Not Planned"
   }
  },
  {
   "type": "Feature",
   "geometry": {
    "type": "Point",
    "coordinates": [
     150.57384837,
     -29.5367654
    ]
   },
   "properties": {
    "name": "93 HIGH STREET WARIALDA 2402",
    "locID": "LOC000092201277",
    "tech": "FTTN",
    "upgrade": "NULL_NA",
    "gnaf_pid": "GANSW706193208",
    "tech_change_status": "Not Planned"
   }
  },
  {
   "type": "Feature",
   "geometry": {
    "type": "Point",
    "coordinates": [
     150.57460213,
     -29.5361288
    ]
   },
   "properties": {
    "name": "94 HIGH STREET WARIALDA 2402",
    "locID": "LOC000097077353",
    "tech": "FTTN",
    "upgrade": "NULL_NA",
    "gnaf_pid": "GANSW706193209",
    "tech_change_status": "Not Planned"
   }
  },
  {
   "type": "Feature",
   "geometry": {
    "type": "Point",
    "coordinates": [
     150.57405698,
     -29.53679493
    ]
   },
   "properties": {
    "name": "95 HIGH STREET WARIALDA 2402",
    "locID": "LOC000095480839",
    "tech": "FTTN",
    "upgrade": "NULL_NA",
    "gnaf_pid": "GANSW706193210",
    "tech_change_status": "Not Planned"
   }
  },
  {
   "type": "Feature",
   "geometry": {
    "type": "Point",
    "coordinates": [
     150.57446492,
     -29.53685267
    ]
   },
   "properties": {
    "name": "99 HIGH STREET WARIALDA 2402",
    "locID": "LOC000110070343",
    "tech": "FTTN",
    "upgrade": "NULL_NA",
    "gnaf_pid": "GANSW706193215",
    "tech_change_status": "Not Planned"
   }
  },
  {
   "type": "Feature",
   "geometry": {
    "type": "Point",
    "coordinates": [
     150.56999978,
     -29.54603136
    ]
   },
   "properties": {
    "name": "1 HOLDEN STREET WARIALDA 2402",
    "locID": "LOC000012200414",
    "tech": "FTTC",
    "upgrade": "FTTP_SA",
    "gnaf_pid": "GANSW706193216",
    "tech_change_status": "Eligible to Order"
   }
  },
  {
   "type": "Feature",
   "geometry": {
    "type": "Point",
    "coordinates": [
     150.56898308,
     -29.54473003
    ]
   },
   "properties": {
    "name": "10 HOLDEN STREET WARIALDA 2402",
    "locID": "LOC000077164307",
    "tech": "FTTC",
    "upgrade": "FTTP_SA",
    "gnaf_pid": "GANSW706193217",
    "tech_change_status": "Eligible to Order"
   }
  },
  {
   "type": "Feature",
   "geometry": {
    "type": "Point",
    "coordinates": [
     150.56931849,
     -29.54459948
    ]
   },
   "properties": {
    "name": "12 HOLDEN STREET WARIALDA 2402",
    "locID": "LOC000076233185",
    "tech": "FTTP",
    "upgrade": "NULL_NA",
    "gnaf_pid": "GANSW706193218"
   }
  },
  {
   "type": "Feature",
   "geometry": {
    "type": "Point",
    "coordinates": [
     150.56991868,
     -29.54475222
    ]
   },
   "properties": {
    "name": "13 HOLDEN STREET WARIALDA 2402",
    "locID": "LOC000056258698",
    "tech": "FTTC",
    "upgrade": "FTTP_SA",
    "gnaf_pid": "GANSW706193219",
    "tech_change_status": "Eligible to Order"
   }
  },
  {
   "type": "Feature",
   "geometry": {
    "type": "Point",
    "coordinates": [
     150.5693517,
     -29.54442577
    ]
   },
   "properties": {
    "name": "14 HOLDEN STREET WARIALDA 2402",
    "locID": "LOC000042776182",
    "tech": "FTTP",
    "upgrade": "NULL_NA",
    "gnaf_pid": "GANSW706193220"
   }
  },
  {
   "type": "Feature",
   "geometry": {
    "type": "Point",
    "coordinates": [
     150.57183188,
     -29.54086461
    ]
   },
   "properties": {
    "name": "13 HOPE STREET WARIALDA 2402",
    "locID": "LOC000090632310",
    "tech": "FTTC",
    "upgrade": "FTTP_SA",
    "gnaf_pid": "GANSW706193248",
    "tech_change_status": "Eligible to Order"
   }
  },
  {
   "type": "Feature",
   "geometry": {
    "type": "Point",
    "coordinates": [
     150.57192767,
     -29.540242
    ]
   },
   "properties": {
    "name": "14 HOPE STREET WARIALDA 2402",
    "locID": "LOC000023230432",
    "tech": "FTTC",
    "upgrade": "FTTP_SA",
    "gnaf_pid": "GANSW706193249",
    "tech_change_status": "Eligible to Order"
   }
  },
  {
   "type": "Feature",
   "geometry": {
    "type": "Point",
    "coordinates": [
     150.57202097,
     -29.54089002
    ]
   },
   "properties": {
    "name": "15 HOPE STREET WARIALDA 2402",
    "locID": "LOC000031330719",
    "tech": "FTTC",
    "upgrade": "FTTP_SA",
    "gnaf_pid": "GANSW706193250",
    "tech_change_status": "Eligible to Order"
   }
  },
  {
   "type": "Feature",
   "geometry": {
    "type": "Point",
    "coordinates": [
     150.57213354,
     -29.54028347
    ]
   },
   "properties": {
    "name": "16 HOPE STREET WARIALDA 2402",
    "locID": "LOC000065475465",
    "tech": "FTTC",
    "upgrade": "FTTP_SA",
    "gnaf_pid": "GANSW706193251",
    "tech_change_status": "Eligible to Order"
   }
  },
  {
   "type": "Feature",
   "geometry": {
    "type": "Point",
    "coordinates": [
     150.57515745,
     -29.54535692
    ]
   },
   "properties": {
    "name": "61 QUEEN STREET WARIALDA 2402",
    "locID": "LOC000097963714",
    "tech": "FTTC",
    "upgrade": "FTTP_SA",
    "gnaf_pid": "GANSW706196159",
    "tech_change_status": "Eligible to Order"
   }
  },
  {
   "type": "Feature",
   "geometry": {
    "type": "Point",
    "coordinates": [
     150.57567559,
     -29.54485006
    ]
   },
   "properties": {
    "name": "62 QUEEN STREET WARIALDA 2402",
    "locID": "LOC000062909164",
    "tech": "FTTC",
    "upgrade": "FTTP_SA",
    "gnaf_pid": "GANSW706196160",
    "tech_change_status": "Eligible to Order"
   }
  },
  {
   "type": "Feature",
   "geometry": {
    "type": "Point",
    "coordinates": [
     150.57536234,
     -29.5453861
    ]
   },
   "properties": {
    "name": "63 QUEEN STREET WARIALDA 2402",
    "locID": "LOC000020949589",
    "tech": "FTTC",
    "upgrade": "FTTP_SA",
    "gnaf_pid": "GANSW706196161",
    "tech_change_status": "Eligible to Order"
   }
  },
  {
   "type": "Feature",
   "geometry": {
    "type": "Point",
    "coordinates": [
     150.57740314,
     -29.54567944
    ]
   },
   "properties": {
    "name": "77 QUEEN STREET WARIALDA 2402",
    "locID": "LOC000057482958",
    "tech": "FTTC",
    "upgrade": "FTTP_SA",
    "gnaf_pid": "GANSW706196205",
    "tech_change_status": "Eligible to Order"
   }
  },
  {
   "type": "Feature",
   "geometry": {
    "type": "Point",
    "coordinates": [
     150.57811995,
     -29.54513789
    ]
   },
   "properties": {
    "name": "78 QUEEN STREET WARIALDA 2402",
    "locID": "LOC000037056687",
    "tech": "FTTC",
    "upgrade": "FTTP_SA",
    "gnaf_pid": "GANSW706196206",
    "tech_change_status": "Eligible to Order"
   }
  },
  {
   "type": "Feature",
   "geometry": {
    "type": "Point",
    "coordinates": [
     150.57764711,
     -29.54571527
    ]
   },
   "properties": {
    "name": "79 QUEEN STREET WARIALDA 2402",
    "locID": "LOC000029985599",
    "tech": "FTTC",
    "upgrade": "FTTP_SA",
    "gnaf_pid": "GANSW706196207",
    "tech_change_status": "Eligible to Order"
   }
  },
  {
   "type": "Feature",
   "geometry": {
    "type": "Point",
    "coordinates": [
     150.57789129,
     -29.54575113
    ]
   },
   "properties": {
    "name": "81 QUEEN STREET WARIALDA 2402",
    "locID": "LOC000078584083",
    "tech": "FTTC",
    "upgrade": "FTTP_SA",
    "gnaf_pid": "GANSW706196208",
    "tech_change_status": "Eligible to Order"
   }
  },
  {
   "type": "Feature",
   "geometry": {
    "type": "Point",
    "coordinates": [
     150.57892178,
     -29.54594471
    ]
   },
   "properties": {
    "name": "83 QUEEN STREET WARIALDA 2402",
    "locID": "LOC000045856768",
    "tech": "FTTC",
    "upgrade": "FTTP_SA",
    "gnaf_pid": "GANSW706196209",
    "tech_change_status": "Eligible to Order"
   }
  },
  {
   "type": "Feature",
   "geometry": {
    "type": "Point",
    "coordinates": [
     150.57937558,
     -29.54635072
    ]
   },
   "properties": {
    "name": "85 QUEEN STREET WARIALDA 2402",
    "locID": "LOC000031436908",
    "tech": "FTTC",
    "upgrade": "FTTP_SA",
    "gnaf_pid": "GANSW706196210",
    "tech_change_status": "Eligible to Order"
   }
  },
  {
   "type": "Feature",
   "geometry": {
    "type": "Point",
    "coordinates": [
     150.57936375,
     -29.5472452
    ]
   },
   "properties": {
    "name": "87 QUEEN STREET WARIALDA 2402",
    "locID": "LOC000101278970",
    "tech": "FTTC",
    "upgrade": "FTTP_SA",
    "gnaf_pid": "GANSW706196211",
    "tech_change_status": "Eligible to Order"
   }
  },
  {
   "type": "Feature",
   "geometry": {
    "type": "Point",
    "coordinates": [
     150.58030615,
     -29.54708022
    ]
   },
   "properties": {
    "name": "89 QUEEN STREET WARIALDA 2402",
    "locID": "LOC000052424353",
    "tech": "FTTC",
    "upgrade": "FTTP_SA",
    "gnaf_pid": "GANSW706196212",
    "tech_change_status": "Eligible to Order"
   }
  },
  {
   "type": "Feature",
   "geometry": {
    "type": "Point",
    "coordinates": [
     150.56751481,
     -29.54459147
    ]
   },
   "properties": {
    "name": "9 QUEEN STREET WARIALDA 2402",
    "locID": "LOC000022465619",
    "tech": "FTTC",
    "upgrade": "FTTP_SA",
    "gnaf_pid": "GANSW706196213",
    "tech_change_status": "Eligible to Order"
   }
  },
  {
   "type": "Feature",
   "geometry": {
    "type": "Point",
    "coordinates": [
     150.58083597,
     -29.54623291
    ]
   },
   "properties": {
    "name": "91 QUEEN STREET WARIALDA 2402",
    "locID": "LOC000040397309",
    "tech": "FTTP",
    "upgrade": "NULL_NA",
    "gnaf_pid": "GANSW706196214"
   }
  },
  {
   "type": "Feature",
   "geometry": {
    "type": "Point",
    "coordinates": [
     150.58096467,
     -29.5463463
    ]
   },
   "properties": {
    "name": "93 QUEEN STREET WARIALDA 2402",
    "locID": "LOC000037984993",
    "tech": "FTTP",
    "upgrade": "NULL_NA",
    "gnaf_pid": "GANSW706196215"
   }
  },
  {
   "type": "Feature",
   "geometry": {
    "type": "Point",
    "coordinates": [
     150.58157757,
     -29.54726976
    ]
   },
   "properties": {
    "name": "99 QUEEN STREET WARIALDA 2402",
    "locID": "LOC000022465619",
    "tech": "FTTC",
    "upgrade": "FTTP_SA",
    "gnaf_pid": "GANSW706196218",
    "tech_change_status": "Eligible to Order"
   }
  },
  {
   "type": "Feature",
   "geometry": {
    "type": "Point",
    "coordinates": [
     150.57649926,
     -29.53587118
    ]
   },
   "properties": {
    "name": "103 STEPHEN STREET WARIALDA 2402",
    "locID": "LOC000091854870",
    "tech": "FTTN",
    "upgrade": "NULL_NA",
    "gnaf_pid": "GANSW706196238",
    "tech_change_status": "Not Planned"
   }
  },
  {
   "type": "Feature",
   "geometry": {
    "type": "Point",
    "coordinates": [
     150.57545156,
     -29.53413984
    ]
   },
   "properties": {
    "name": "106 STEPHEN STREET WARIALDA 2402",
    "locID": "LOC000026813364",
    "tech": "FTTN",
    "upgrade": "NULL_NA",
    "gnaf_pid": "GANSW706196240",
    "tech_change_status": "Not Planned"
   }
  },
  {
   "type": "Feature",
   "geometry": {
    "type": "Point",
    "coordinates": [
     150.57457835,
     -29.54456699
    ]
   },
   "properties": {
    "name": "3 STEPHEN STREET WARIALDA 2402",
    "locID": "LOC000031288985",
    "tech": "FTTC",
    "upgrade": "FTTP_SA",
    "gnaf_pid": "GANSW706196262",
    "tech_change_status": "Eligible to Order"
   }
  },
  {
   "type": "Feature",
   "geometry": {
    "type": "Point",
    "coordinates": [
     150.57400199,
     -29.54430846
    ]
   },
   "properties": {
    "name": "4 STEPHEN STREET WARIALDA 2402",
    "locID": "LOC000030432917",
    "tech": "FTTN",
    "upgrade": "NULL_NA",
    "gnaf_pid": "GANSW706196264",
    "tech_change_status": "Not Planned"
   }
  },
  {
   "type": "Feature",
   "geometry": {
    "type": "Point",
    "coordinates": [
     150.57461979,
     -29.54434154
    ]
   },
   "properties": {
    "name": "5 STEPHEN STREET WARIALDA 2402",
    "locID": "LOC000006420992",
    "tech": "FTTC",
    "upgrade": "FTTP_SA",
    "gnaf_pid": "GANSW706196267",
    "tech_change_status": "Eligible to Order"
   }
  },
  {
   "type": "Feature",
   "geometry": {
    "type": "Point",
    "coordinates": [
     150.57402978,
     -29.54416128
    ]
   },
   "properties": {
    "name": "6 STEPHEN STREET WARIALDA 2402",
    "locID": "LOC000031353409",
    "tech": "FTTC",
    "upgrade": "FTTP_SA",
    "gnaf_pid": "GANSW706196268",
    "tech_change_status": "Eligible to Order"
   }
  },
  {
   "type": "Feature",
   "geometry": {
    "type": "Point",
    "coordinates": [
     150.57465382,
     -29.54415541
    ]
   },
   "properties": {
    "name": "7 STEPHEN STREET WARIALDA 2402",
    "locID": "LOC000040414229",
    "tech": "FTTC",
    "upgrade": "FTTP_SA",
    "gnaf_pid": "GANSW706196269",
    "tech_change_status": "Eligible to Order"
   }
  },
  {
   "type": "Feature",
   "geometry": {
    "type": "Point",
    "coordinates": [
     150.56206921,
     -29.53696583
    ]
   },
   "properties": {
    "name": "9 LONG STREET WARIALDA 2402",
    "locID": "LOC000090043675",
    "tech": "FTTC",
    "upgrade": "FTTP_SA",
    "gnaf_pid": "GANSW706196844",
    "tech_change_status": "Eligible to Order"
   }
  },
  {
   "type": "Feature",
   "geometry": {
    "type": "Point",
    "coordinates": [
     150.57621127,
     -29.54480041
    ]
   },
   "properties": {
    "name": "28 MARKET STREET WARIALDA 2402",
    "locID": "LOC000036279556",
    "tech": "FTTC",
    "upgrade": "FTTP_SA",
    "gnaf_pid": "GANSW706196855",
    "tech_change_status": "Eligible to Order"
   }
  },
  {
   "type": "Feature",
   "geometry": {
    "type": "Point",
    "coordinates": [
     150.57703238,
     -29.54446773
    ]
   },
   "properties": {
    "name": "31 MARKET STREET WARIALDA 2402",
    "locID": "LOC000075711335",
    "tech": "FTTC",
    "upgrade": "FTTP_SA",
    "gnaf_pid": "GANSW706196856",
    "tech_change_status": "Eligible to Order"
   }
  },
  {
   "type": "Feature",
   "geometry": {
    "type": "Point",
    "coordinates": [
     150.57715356,
     -29.54314526
    ]
   },
   "properties": {
    "name": "41 MARKET STREET WARIALDA 2402",
    "locID": "LOC000088513913",
    "tech": "FTTC",
    "upgrade": "FTTP_SA",
    "gnaf_pid": "GANSW706196857",
    "tech_change_status": "Eligible to Order"
   }
  },
  {
   "type": "Feature",
   "geometry": {
    "type": "Point",
    "coordinates": [
     150.57748091,
     -29.54284618
    ]
   },
   "properties": {
    "name": "47 MARKET STREET WARIALDA 2402",
    "locID": "LOC000093397626",
    "tech": "FTTC",
    "upgrade": "FTTP_SA",
    "gnaf_pid": "GANSW706196860",
    "tech_change_status": "Eligible to Order"
   }
  },
  {
   "type": "Feature",
   "geometry": {
    "type": "Point",
    "coordinates": [
     150.57675956,
     -29.54221902
    ]
   },
   "properties": {
    "name": "48 MARKET STREET WARIALDA 2402",
    "locID": "LOC000053288653",
    "tech": "FTTC",
    "upgrade": "FTTP_SA",
    "gnaf_pid": "GANSW706196861",
    "tech_change_status": "Eligible to Order"
   }
  },
  {
   "type": "Feature",
   "geometry": {
    "type": "Point",
    "coordinates": [
     150.57785407,
     -29.54234919
    ]
   },
   "properties": {
    "name": "49 MARKET STREET WARIALDA 2402",
    "locID": "LOC000049213987",
    "tech": "FTTC",
    "upgrade": "FTTP_SA",
    "gnaf_pid": "GANSW706196862",
    "tech_change_status": "Eligible to Order"
   }
  },
  {
   "type": "Feature",
   "geometry": {
    "type": "Point",
    "coordinates": [
     150.57678933,
     -29.54206434
    ]
   },
   "properties": {
    "name": "50 MARKET STREET WARIALDA 2402",
    "locID": "LOC000015466095",
    "tech": "FTTP",
    "upgrade": "NULL_NA",
    "gnaf_pid": "GANSW706196863"
   }
  },
  {
   "type": "Feature",
   "geometry": {
    "type": "Point",
    "coordinates": [
     150.57785697,
     -29.54215794
    ]
   },
   "properties": {
    "name": "51 MARKET STREET WARIALDA 2402",
    "locID": "LOC000046254416",
    "tech": "FTTC",
    "upgrade": "FTTP_SA",
    "gnaf_pid": "GANSW706196864",
    "tech_change_status": "Eligible to Order"
   }
  },
  {
   "type": "Feature",
   "geometry": {
    "type": "Point",
    "coordinates": [
     150.57785704,
     -29.54197971
    ]
   },
   "properties": {
    "name": "53 MARKET STREET WARIALDA 2402",
    "locID": "LOC000034578496",
    "tech": "FTTC",
    "upgrade": "FTTP_SA",
    "gnaf_pid": "GANSW706196865",
    "tech_change_status": "Eligible to Order"
   }
  },
  {
   "type": "Feature",
   "geometry": {
    "type": "Point",
    "coordinates": [
     150.57698723,
     -29.54066448
    ]
   },
   "properties": {
    "name": "58 MARKET STREET WARIALDA 2402",
    "locID": "LOC000009607618",
    "tech": "FTTC",
    "upgrade": "FTTP_SA",
    "gnaf_pid": "GANSW706196866",
    "tech_change_status": "Eligible to Order"
   }
  },
  {
   "type": "Feature",
   "geometry": {
    "type": "Point",
    "coordinates": [
     150.57882557,
     -29.5365186
    ]
   },
   "properties": {
    "name": "85 MARKET STREET WARIALDA 2402",
    "locID": "LOC000060862745",
    "tech": "FTTN",
    "upgrade": "NULL_NA",
    "gnaf_pid": "GANSW706196871",
    "tech_change_status": "Not Planned"
   }
  },
  {
   "type": "Feature",
   "geometry": {
    "type": "Point",
    "coordinates": [
     150.57886037,
     -29.53633297
    ]
   },
   "properties": {
    "name": "87 MARKET STREET WARIALDA 2402",
    "locID": "LOC000103598719",
    "tech": "FTTN",
    "upgrade": "NULL_NA",
    "gnaf_pid": "GANSW706196872",
    "tech_change_status": "Not Planned"
   }
  },
  {
   "type": "Feature",
   "geometry": {
    "type": "Point",
    "coordinates": [
     150.57797416,
     -29.53601703
    ]
   },
   "properties": {
    "name": "88 MARKET STREET WARIALDA 2402",
    "locID": "LOC000063527224",
    "tech": "FTTN",
    "upgrade": "NULL_NA",
    "gnaf_pid": "GANSW706196873",
    "tech_change_status": "Not Planned"
   }
  },
  {
   "type": "Feature",
   "geometry": {
    "type": "Point",
    "coordinates": [
     150.5788946,
     -29.53615193
    ]
   },
   "properties": {
    "name": "89 MARKET STREET WARIALDA 2402",
    "locID": "LOC000006465141",
    "tech": "FTTN",
    "upgrade": "NULL_NA",
    "gnaf_pid": "GANSW706196874",
    "tech_change_status": "Not Planned"
   }
  },
  {
   "type": "Feature",
   "geometry": {
    "type": "Point",
    "coordinates": [
     150.57800742,
     -29.5358364
    ]
   },
   "properties": {
    "name": "90 MARKET STREET WARIALDA 2402",
    "locID": "LOC000027283214",
    "tech": "FTTN",
    "upgrade": "NULL_NA",
    "gnaf_pid": "GANSW706196875",
    "tech_change_status": "Not Planned"
   }
  },
  {
   "type": "Feature",
   "geometry": {
    "type": "Point",
    "coordinates": [
     150.57892927,
     -29.53597865
    ]
   },
   "properties": {
    "name": "91 MARKET STREET WARIALDA 2402",
    "locID": "LOC000005941600",
    "tech": "FTTN",
    "upgrade": "NULL_NA",
    "gnaf_pid": "GANSW706196876",
    "tech_change_status": "Not Planned"
   }
  },
  {
   "type": "Feature",
   "geometry": {
    "type": "Point",
    "coordinates": [
     150.57804016,
     -29.53565888
    ]
   },
   "properties": {
    "name": "92 MARKET STREET WARIALDA 2402",
    "locID": "LOC000041351151",
    "tech": "FTTN",
    "upgrade": "NULL_NA",
    "gnaf_pid": "GANSW706196877",
    "tech_change_status": "Not Planned"
   }
  },
  {
   "type": "Feature",
   "geometry": {
    "type": "Point",
    "coordinates": [
     150.57895906,
     -29.53580795
    ]
   },
   "properties": {
    "name": "93 MARKET STREET WARIALDA 2402",
    "locID": "LOC000001355052",
    "tech": "FTTN",
    "upgrade": "NULL_NA",
    "gnaf_pid": "GANSW706196878",
    "tech_change_status": "Not Planned"
   }
  },
  {
   "type": "Feature",
   "geometry": {
    "type": "Point",
    "coordinates": [
     150.57807392,
     -29.53547905
    ]
   },
   "properties": {
    "name": "94 MARKET STREET WARIALDA 2402",
    "locID": "LOC000067440523",
    "tech": "FTTN",
    "upgrade": "NULL_NA",
    "gnaf_pid": "GANSW706196879",
    "tech_change_status": "Not Planned"
   }
  },
  {
   "type": "Feature",
   "geometry": {
    "type": "Point",
    "coordinates": [
     150.57899333,
     -29.53562822
    ]
   },
   "properties": {
    "name": "95 MARKET STREET WARIALDA 2402",
    "locID": "LOC000041715591",
    "tech": "FTTN",
    "upgrade": "NULL_NA",
    "gnaf_pid": "GANSW706196880",
    "tech_change_status": "Not Planned"
   }
  },
  {
   "type": "Feature",
   "geometry": {
    "type": "Point",
    "coordinates": [
     150.57820158,
     -29.53531756
    ]
   },
   "properties": {
    "name": "96 MARKET STREET WARIALDA 2402",
    "locID": "LOC000088339976",
    "tech": "FTTN",
    "upgrade": "NULL_NA",
    "gnaf_pid": "GANSW706196881",
    "tech_change_status": "Not Planned"
   }
  },
  {
   "type": "Feature",
   "geometry": {
    "type": "Point",
    "coordinates": [
     150.57902789,
     -29.53544348
    ]
   },
   "properties": {
    "name": "97 MARKET STREET WARIALDA 2402",
    "locID": "LOC000002990374",
    "tech": "FTTN",
    "upgrade": "NULL_NA",
    "gnaf_pid": "GANSW706196882",
    "tech_change_status": "Not Planned"
   }
  },
  {
   "type": "Feature",
   "geometry": {
    "type": "Point",
    "coordinates": [
     150.57823454,
     -29.53513931
    ]
   },
   "properties": {
    "name": "98 MARKET STREET WARIALDA 2402",
    "locID": "LOC000088335985",
    "tech": "FTTN",
    "upgrade": "NULL_NA",
    "gnaf_pid": "GANSW706196883",
    "tech_change_status": "Not Planned"
   }
  },
  {
   "type": "Feature",
   "geometry": {
    "type": "Point",
    "coordinates": [
     150.57906205,
     -29.53525833
    ]
   },
   "properties": {
    "name": "99 MARKET STREET WARIALDA 2402",
    "locID": "LOC000017568483",
    "tech": "FTTN",
    "upgrade": "NULL_NA",
    "gnaf_pid": "GANSW706196884",
    "tech_change_status": "Not Planned"
   }
  },
  {
   "type": "Feature",
   "geometry": {
    "type": "Point",
    "coordinates": [
     150.56967169,
     -29.53640335
    ]
   },
   "properties": {
    "name": "11 NICHOLSON STREET WARIALDA 2402",
    "locID": "LOC000069441724",
    "tech": "FTTC",
    "upgrade": "FTTP_SA",
    "gnaf_pid": "GANSW706196885",
    "tech_change_status": "Eligible to Order"
   }
  },
  {
   "type": "Feature",
   "geometry": {
    "type": "Point",
    "coordinates": [
     150.56971099,
     -29.53618902
    ]
   },
   "properties": {
    "name": "13 NICHOLSON STREET WARIALDA 2402",
    "locID": "LOC000056192189",
    "tech": "FTTC",
    "upgrade": "FTTP_SA",
    "gnaf_pid": "GANSW706196886",
    "tech_change_status": "Eligible to Order"
   }
  },
  {
   "type": "Feature",
   "geometry": {
    "type": "Point",
    "coordinates": [
     150.56975546,
     -29.53595074
    ]
   },
   "properties": {
    "name": "15 NICHOLSON STREET WARIALDA 2402",
    "locID": "LOC000079889733",
    "tech": "FTTC",
    "upgrade": "FTTP_SA",
    "gnaf_pid": "GANSW706196887",
    "tech_change_status": "Eligible to Order"
   }
  },
  {
   "type": "Feature",
   "geometry": {
    "type": "Point",
    "coordinates": [
     150.58053147,
     -29.53474428
    ]
   },
   "properties": {
    "name": "1 OLIVE PYRKE TERRACE WARIALDA 2402",
    "locID": "LOC000042034260",
    "tech": "FTTN",
    "upgrade": "NULL_NA",
    "gnaf_pid": "GANSW706196888",
    "tech_change_status": "Not Planned"
   }
  },
  {
   "type": "Feature",
   "geometry": {
    "type": "Point",
    "coordinates": [
     150.58017457,
     -29.53390336
    ]
   },
   "properties": {
    "name": "8 OLIVE PYRKE TERRACE WARIALDA 2402",
    "locID": "LOC000102878470",
    "tech": "FTTN",
    "upgrade": "NULL_NA",
    "gnaf_pid": "GANSW706196890",
    "tech_change_status": "Not Planned"
   }
  },
  {
   "type": "Feature",
   "geometry": {
    "type": "Point",
    "coordinates": [
     150.58072788,
     -29.53360691
    ]
   },
   "properties": {
    "name": "9 OLIVE PYRKE TERRACE WARIALDA 2402",
    "locID": "LOC000160160010",
    "tech": "FTTN",
    "upgrade": "NULL_NA",
    "gnaf_pid": "GANSW706196891",
    "tech_change_status": "Not Planned"
   }
  },
  {
   "type": "Feature",
   "geometry": {
    "type": "Point",
    "coordinates": [
     150.57518037,
     -29.53564884
    ]
   },
   "properties": {
    "name": "96 STEPHEN STREET WARIALDA 2402",
    "locID": "LOC000075507125",
    "tech": "FTTN",
    "upgrade": "NULL_NA",
    "gnaf_pid": "GANSW706199509",
    "tech_change_status": "Not Planned"
   }
  },
  {
   "type": "Feature",
   "geometry": {
    "type": "Point",
    "coordinates": [
     150.57862609,
     -29.53460173
    ]
   },
   "properties": {
    "name": "36 CRANE STREET WARIALDA 2402",
    "locID": "LOC000002231685",
    "tech": "FTTN",
    "upgrade": "NULL_NA",
    "gnaf_pid": "GANSW706199892",
    "tech_change_status": "Not Planned"
   }
  },
  {
   "type": "Feature",
   "geometry": {
    "type": "Point",
    "coordinates": [
     150.57260816,
     -29.5444361
    ]
   },
   "properties": {
    "name": "38 QUEEN STREET WARIALDA 2402",
    "locID": "LOC000120888853",
    "tech": "FTTC",
    "upgrade": "FTTP_SA",
    "gnaf_pid": "GANSW706200122",
    "tech_change_status": "Eligible to Order"
   }
  },
  {
   "type": "Feature",
   "geometry": {
    "type": "Point",
    "coordinates": [
     150.57281881,
     -29.544436
    ]
   },
   "properties": {
    "name": "40 QUEEN STREET WARIALDA 2402",
    "locID": "LOC000068631205",
    "tech": "FTTP",
    "upgrade": "NULL_NA",
    "gnaf_pid": "GANSW706200123"
   }
  },
  {
   "type": "Feature",
   "geometry": {
    "type": "Point",
    "coordinates": [
     150.57302051,
     -29.54446456
    ]
   },
   "properties": {
    "name": "42 QUEEN STREET WARIALDA 2402",
    "locID": "LOC000090121966",
    "tech": "FTTC",
    "upgrade": "FTTP_SA",
    "gnaf_pid": "GANSW706200124",
    "tech_change_status": "Eligible to Order"
   }
  },
  {
   "type": "Feature",
   "geometry": {
    "type": "Point",
    "coordinates": [
     150.57322467,
     -29.54449347
    ]
   },
   "properties": {
    "name": "44 QUEEN STREET WARIALDA 2402",
    "locID": "LOC000006393000",
    "tech": "FTTC",
    "upgrade": "FTTP_SA",
    "gnaf_pid": "GANSW706200125",
    "tech_change_status": "Eligible to Order"
   }
  },
  {
   "type": "Feature",
   "geometry": {
    "type": "Point",
    "coordinates": [
     150.57340521,
     -29.54452532
    ]
   },
   "properties": {
    "name": "46 QUEEN STREET WARIALDA 2402",
    "locID": "LOC000013054484",
    "tech": "FTTC",
    "upgrade": "FTTP_SA",
    "gnaf_pid": "GANSW706200126",
    "tech_change_status": "Eligible to Order"
   }
  },
  {
   "type": "Feature",
   "geometry": {
    "type": "Point",
    "coordinates": [
     150.57362873,
     -29.54456498
    ]
   },
   "properties": {
    "name": "48 QUEEN STREET WARIALDA 2402",
    "locID": "LOC000103386831",
    "tech": "FTTC",
    "upgrade": "FTTP_SA",
    "gnaf_pid": "GANSW706200127",
    "tech_change_status": "Eligible to Order"
   }
  },
  {
   "type": "Feature",
   "geometry": {
    "type": "Point",
    "coordinates": [
     150.57393737,
     -29.54469116
    ]
   },
   "properties": {
    "name": "50 QUEEN STREET WARIALDA 2402",
    "locID": "LOC000090388557",
    "tech": "FTTC",
    "upgrade": "FTTP_SA",
    "gnaf_pid": "GANSW706200128",
    "tech_change_status": "Eligible to Order"
   }
  },
  {
   "type": "Feature",
   "geometry": {
    "type": "Point",
    "coordinates": [
     150.57506886,
     -29.54476565
    ]
   },
   "properties": {
    "name": "56 QUEEN STREET WARIALDA 2402",
    "locID": "LOC000040914670",
    "tech": "FTTC",
    "upgrade": "FTTP_SA",
    "gnaf_pid": "GANSW706200129",
    "tech_change_status": "Eligible to Order"
   }
  },
  {
   "type": "Feature",
   "geometry": {
    "type": "Point",
    "coordinates": [
     150.57527781,
     -29.54479471
    ]
   },
   "properties": {
    "name": "58 QUEEN STREET WARIALDA 2402",
    "locID": "LOC000033866735",
    "tech": "FTTC",
    "upgrade": "FTTP_SA",
    "gnaf_pid": "GANSW706200130",
    "tech_change_status": "Eligible to Order"
   }
  },
  {
   "type": "Feature",
   "geometry": {
    "type": "Point",
    "coordinates": [
     150.57588527,
     -29.54487924
    ]
   },
   "properties": {
    "name": "64 QUEEN STREET WARIALDA 2402",
    "locID": "LOC000009698366",
    "tech": "FTTC",
    "upgrade": "FTTP_SA",
    "gnaf_pid": "GANSW706200168",
    "tech_change_status": "Eligible to Order"
   }
  },
  {
   "type": "Feature",
   "geometry": {
    "type": "Point",
    "coordinates": [
     150.57291899,
     -29.53588671
    ]
   },
   "properties": {
    "name": "82 HIGH STREET WARIALDA 2402",
    "locID": "LOC000095967463",
    "tech": "FTTN",
    "upgrade": "NULL_NA",
    "gnaf_pid": "GANSW706203486",
    "tech_change_status": "Not Planned"
   }
  },
  {
   "type": "Feature",
   "geometry": {
    "type": "Point",
    "coordinates": [
     150.57481567,
     -29.53615965
    ]
   },
   "properties": {
    "name": "96 HIGH STREET WARIALDA 2402",
    "locID": "LOC000016773316",
    "tech": "FTTN",
    "upgrade": "NULL_NA",
    "gnaf_pid": "GANSW706203497",
    "tech_change_status": "Not Planned"
   }
  },
  {
   "type": "Feature",
   "geometry": {
    "type": "Point",
    "coordinates": [
     150.57426179,
     -29.53682392
    ]
   },
   "properties": {
    "name": "97 HIGH STREET WARIALDA 2402",
    "locID": "LOC000006440369",
    "tech": "FTTN",
    "upgrade": "NULL_NA",
    "gnaf_pid": "GANSW706203498",
    "tech_change_status": "Not Planned"
   }
  },
  {
   "type": "Feature",
   "geometry": {
    "type": "Point",
    "coordinates": [
     150.57503524,
     -29.53619138
    ]
   },
   "properties": {
    "name": "98 HIGH STREET WARIALDA 2402",
    "locID": "LOC000014626410",
    "tech": "FTTN",
    "upgrade": "NULL_NA",
    "gnaf_pid": "GANSW706203499",
    "tech_change_status": "Not Planned"
   }
  },
  {
   "type": "Feature",
   "geometry": {
    "type": "Point",
    "coordinates": [
     150.56996053,
     -29.5445347
    ]
   },
   "properties": {
    "name": "15 HOLDEN STREET WARIALDA 2402",
    "locID": "LOC000070299632",
    "tech": "FTTC",
    "upgrade": "FTTP_SA",
    "gnaf_pid": "GANSW706203508",
    "tech_change_status": "Eligible to Order"
   }
  },
  {
   "type": "Feature",
   "geometry": {
    "type": "Point",
    "coordinates": [
     150.57006299,
     -29.54397919
    ]
   },
   "properties": {
    "name": "19 HOLDEN STREET WARIALDA 2402",
    "locID": "LOC000026476981",
    "tech": "FTTC",
    "upgrade": "FTTP_SA",
    "gnaf_pid": "GANSW706203510",
    "tech_change_status": "Eligible to Order"
   }
  },
  {
   "type": "Feature",
   "geometry": {
    "type": "Point",
    "coordinates": [
     150.56876217,
     -29.54589541
    ]
   },
   "properties": {
    "name": "2 HOLDEN STREET WARIALDA 2402",
    "locID": "LOC000063977665",
    "tech": "FTTC",
    "upgrade": "FTTP_SA",
    "gnaf_pid": "GANSW706203511",
    "tech_change_status": "Eligible to Order"
   }
  },
  {
   "type": "Feature",
   "geometry": {
    "type": "Point",
    "coordinates": [
     150.57009212,
     -29.54381826
    ]
   },
   "properties": {
    "name": "21 HOLDEN STREET WARIALDA 2402",
    "locID": "LOC000047119737",
    "tech": "FTTC",
    "upgrade": "FTTP_SA",
    "gnaf_pid": "GANSW706203512",
    "tech_change_status": "Eligible to Order"
   }
  },
  {
   "type": "Feature",
   "geometry": {
    "type": "Point",
    "coordinates": [
     150.57012065,
     -29.54366082
    ]
   },
   "properties": {
    "name": "23 HOLDEN STREET WARIALDA 2402",
    "locID": "LOC000075710218",
    "tech": "FTTC",
    "upgrade": "FTTP_SA",
    "gnaf_pid": "GANSW706203513",
    "tech_change_status": "Eligible to Order"
   }
  },
  {
   "type": "Feature",
   "geometry": {
    "type": "Point",
    "coordinates": [
     150.57015093,
     -29.54349714
    ]
   },
   "properties": {
    "name": "25 HOLDEN STREET WARIALDA 2402",
    "locID": "LOC000033172582",
    "tech": "FTTC",
    "upgrade": "FTTP_SA",
    "gnaf_pid": "GANSW706203514",
    "tech_change_status": "Eligible to Order"
   }
  },
  {
   "type": "Feature",
   "geometry": {
    "type": "Point",
    "coordinates": [
     150.57020458,
     -29.54319876
    ]
   },
   "properties": {
    "name": "27 HOLDEN STREET WARIALDA 2402",
    "locID": "LOC000061171283",
    "tech": "FTTC",
    "upgrade": "FTTP_SA",
    "gnaf_pid": "GANSW706203515",
    "tech_change_status": "Eligible to Order"
   }
  },
  {
   "type": "Feature",
   "geometry": {
    "type": "Point",
    "coordinates": [
     150.57024403,
     -29.54298393
    ]
   },
   "properties": {
    "name": "29 HOLDEN STREET WARIALDA 2402",
    "locID": "LOC000101537584",
    "tech": "FTTC",
    "upgrade": "FTTP_SA",
    "gnaf_pid": "GANSW706203516",
    "tech_change_status": "Eligible to Order"
   }
  },
  {
   "type": "Feature",
   "geometry": {
    "type": "Point",
    "coordinates": [
     150.57044926,
     -29.54190947
    ]
   },
   "properties": {
    "name": "31 HOLDEN STREET WARIALDA 2402",
    "locID": "LOC000018894495",
    "tech": "FTTC",
    "upgrade": "FTTP_SA",
    "gnaf_pid": "GANSW706203518",
    "tech_change_status": "Eligible to Order"
   }
  },
  {
   "type": "Feature",
   "geometry": {
    "type": "Point",
    "coordinates": [
     150.57048985,
     -29.54169212
    ]
   },
   "properties": {
    "name": "33 HOLDEN STREET WARIALDA 2402",
    "locID": "LOC000063836107",
    "tech": "FTTC",
    "upgrade": "FTTP_SA",
    "gnaf_pid": "GANSW706203519",
    "tech_change_status": "Eligible to Order"
   }
  },
  {
   "type": "Feature",
   "geometry": {
    "type": "Point",
    "coordinates": [
     150.57053116,
     -29.54147083
    ]
   },
   "properties": {
    "name": "35 HOLDEN STREET WARIALDA 2402",
    "locID": "LOC000078489692",
    "tech": "FTTC",
    "upgrade": "FTTP_SA",
    "gnaf_pid": "GANSW706203521",
    "tech_change_status": "Eligible to Order"
   }
  },
  {
   "type": "Feature",
   "geometry": {
    "type": "Point",
    "coordinates": [
     150.57057076,
     -29.54126192
    ]
   },
   "properties": {
    "name": "37 HOLDEN STREET WARIALDA 2402",
    "locID": "LOC000044086671",
    "tech": "FTTC",
    "upgrade": "FTTP_SA",
    "gnaf_pid": "GANSW706203523",
    "tech_change_status": "Eligible to Order"
   }
  },
  {
   "type": "Feature",
   "geometry": {
    "type": "Point",
    "coordinates": [
     150.57061255,
     -29.54103495
    ]
   },
   "properties": {
    "name": "39 HOLDEN STREET WARIALDA 2402",
    "locID": "LOC000094745298",
    "tech": "FTTC",
    "upgrade": "FTTP_SA",
    "gnaf_pid": "GANSW706203524",
    "tech_change_status": "Eligible to Order"
   }
  },
  {
   "type": "Feature",
   "geometry": {
    "type": "Point",
    "coordinates": [
     150.56883054,
     -29.54553396
    ]
   },
   "properties": {
    "name": "4 HOLDEN STREET WARIALDA 2402",
    "locID": "LOC000007273784",
    "tech": "FTTC",
    "upgrade": "FTTP_SA",
    "gnaf_pid": "GANSW706203525",
    "tech_change_status": "Eligible to Order"
   }
  },
  {
   "type": "Feature",
   "geometry": {
    "type": "Point",
    "coordinates": [
     150.57006498,
     -29.54569817
    ]
   },
   "properties": {
    "name": "5 HOLDEN STREET WARIALDA 2402",
    "locID": "LOC000052015138",
    "tech": "FTTC",
    "upgrade": "FTTP_SA",
    "gnaf_pid": "GANSW706203526",
    "tech_change_status": "Eligible to Order"
   }
  },
  {
   "type": "Feature",
   "geometry": {
    "type": "Point",
    "coordinates": [
     150.57579097,
     -29.53417488
    ]
   },
   "properties": {
    "name": "108 STEPHEN STREET WARIALDA 2402",
    "locID": "LOC000057869005",
    "tech": "FTTN",
    "upgrade": "NULL_NA",
    "gnaf_pid": "GANSW706204249",
    "tech_change_status": "Not Planned"
   }
  },
  {
   "type": "Feature",
   "geometry": {
    "type": "Point",
    "coordinates": [
     150.5769916,
     -29.53563262
    ]
   },
   "properties": {
    "name": "109 STEPHEN STREET WARIALDA 2402",
    "locID": "LOC000092489536",
    "tech": "FTTN",
    "upgrade": "NULL_NA",
    "gnaf_pid": "GANSW706204250",
    "tech_change_status": "Not Planned"
   }
  },
  {
   "type": "Feature",
   "geometry": {
    "type": "Point",
    "coordinates": [
     150.57473504,
     -29.54372009
    ]
   },
   "properties": {
    "name": "11 STEPHEN STREET WARIALDA 2402",
    "locID": "LOC000019720050",
    "tech": "FTTC",
    "upgrade": "FTTP_SA",
    "gnaf_pid": "GANSW706204251",
    "tech_change_status": "Eligible to Order"
   }
  },
  {
   "type": "Feature",
   "geometry": {
    "type": "Point",
    "coordinates": [
     150.57583461,
     -29.53397275
    ]
   },
   "properties": {
    "name": "110 STEPHEN STREET WARIALDA 2402",
    "locID": "LOC000002326457",
    "tech": "FTTN",
    "upgrade": "NULL_NA",
    "gnaf_pid": "GANSW706204252",
    "tech_change_status": "Not Planned"
   }
  },
  {
   "type": "Feature",
   "geometry": {
    "type": "Point",
    "coordinates": [
     150.57663445,
     -29.53510527
    ]
   },
   "properties": {
    "name": "111 STEPHEN STREET WARIALDA 2402",
    "locID": "LOC000063417273",
    "tech": "FTTN",
    "upgrade": "NULL_NA",
    "gnaf_pid": "GANSW706204253",
    "tech_change_status": "Not Planned"
   }
  },
  {
   "type": "Feature",
   "geometry": {
    "type": "Point",
    "coordinates": [
     150.5756264,
     -29.53370232
    ]
   },
   "properties": {
    "name": "112 STEPHEN STREET WARIALDA 2402",
    "locID": "LOC000096305682",
    "tech": "FTTN",
    "upgrade": "NULL_NA",
    "gnaf_pid": "GANSW706204254",
    "tech_change_status": "Not Planned"
   }
  },
  {
   "type": "Feature",
   "geometry": {
    "type": "Point",
    "coordinates": [
     150.5766727,
     -29.53491354
    ]
   },
   "properties": {
    "name": "113 STEPHEN STREET WARIALDA 2402",
    "locID": "LOC000009813218",
    "tech": "FTTN",
    "upgrade": "NULL_NA",
    "gnaf_pid": "GANSW706204255",
    "tech_change_status": "Not Planned"
   }
  },
  {
   "type": "Feature",
   "geometry": {
    "type": "Point",
    "coordinates": [
     150.5756867,
     -29.5334072
    ]
   },
   "properties": {
    "name": "114 STEPHEN STREET WARIALDA 2402",
    "locID": "LOC000035913719",
    "tech": "FTTN",
    "upgrade": "NULL_NA",
    "gnaf_pid": "GANSW706204256",
    "tech_change_status": "Not Planned"
   }
  },
  {
   "type": "Feature",
   "geometry": {
    "type": "Point",
    "coordinates": [
     150.57668535,
     -29.53451508
    ]
   },
   "properties": {
    "name": "115 STEPHEN STREET WARIALDA 2402",
    "locID": "LOC000078614726",
    "tech": "FTTN",
    "upgrade": "NULL_NA",
    "gnaf_pid": "GANSW706204257",
    "tech_change_status": "Not Planned"
   }
  },
  {
   "type": "Feature",
   "geometry": {
    "type": "Point",
    "coordinates": [
     150.57574907,
     -29.53310839
    ]
   },
   "properties": {
    "name": "116 STEPHEN STREET WARIALDA 2402",
    "locID": "LOC000030432917",
    "tech": "FTTN",
    "upgrade": "NULL_NA",
    "gnaf_pid": "GANSW706204258",
    "tech_change_status": "Not Planned"
   }
  },
  {
   "type": "Feature",
   "geometry": {
    "type": "Point",
    "coordinates": [
     150.57586289,
     -29.5328138
    ]
   },
   "properties": {
    "name": "118 STEPHEN STREET WARIALDA 2402",
    "locID": "LOC000084953309",
    "tech": "FTTN",
    "upgrade": "NULL_NA",
    "gnaf_pid": "GANSW706204260",
    "tech_change_status": "Not Planned"
   }
  },
  {
   "type": "Feature",
   "geometry": {
    "type": "Point",
    "coordinates": [
     150.57428709,
     -29.54274088
    ]
   },
   "properties": {
    "name": "12 STEPHEN STREET WARIALDA 2402",
    "locID": "LOC000085501520",
    "tech": "FTTC",
    "upgrade": "FTTP_SA",
    "gnaf_pid": "GANSW706204261",
    "tech_change_status": "Eligible to Order"
   }
  },
  {
   "type": "Feature",
   "geometry": {
    "type": "Point",
    "coordinates": [
     150.57585689,
     -29.53113891
    ]
   },
   "properties": {
    "name": "122 STEPHEN STREET WARIALDA 2402",
    "locID": "LOC000120921698",
    "tech": "FTTN",
    "upgrade": "NULL_NA",
    "gnaf_pid": "GANSW706204263",
    "tech_change_status": "Not Planned"
   }
  },
  {
   "type": "Feature",
   "geometry": {
    "type": "Point",
    "coordinates": [
     150.57476749,
     -29.54354328
    ]
   },
   "properties": {
    "name": "13 STEPHEN STREET WARIALDA 2402",
    "locID": "LOC000006433781",
    "tech": "FTTC",
    "upgrade": "FTTP_SA",
    "gnaf_pid": "GANSW706204267",
    "tech_change_status": "Eligible to Order"
   }
  },
  {
   "type": "Feature",
   "geometry": {
    "type": "Point",
    "coordinates": [
     150.57432321,
     -29.5425842
    ]
   },
   "properties": {
    "name": "14 STEPHEN STREET WARIALDA 2402",
    "locID": "LOC000068724902",
    "tech": "FTTC",
    "upgrade": "FTTP_SA",
    "gnaf_pid": "GANSW706204268",
    "tech_change_status": "Eligible to Order"
   }
  },
  {
   "type": "Feature",
   "geometry": {
    "type": "Point",
    "coordinates": [
     150.5749365,
     -29.54255784
    ]
   },
   "properties": {
    "name": "15 STEPHEN STREET WARIALDA 2402",
    "locID": "LOC000078630455",
    "tech": "FTTP",
    "upgrade": "NULL_NA",
    "gnaf_pid": "GANSW706204270"
   }
  },
  {
   "type": "Feature",
   "geometry": {
    "type": "Point",
    "coordinates": [
     150.57498724,
     -29.54242188
    ]
   },
   "properties": {
    "name": "17 STEPHEN STREET WARIALDA 2402",
    "locID": "LOC000094207171",
    "tech": "FTTC",
    "upgrade": "FTTP_SA",
    "gnaf_pid": "GANSW706204271",
    "tech_change_status": "Eligible to Order"
   }
  },
  {
   "type": "Feature",
   "geometry": {
    "type": "Point",
    "coordinates": [
     150.57438034,
     -29.54228183
    ]
   },
   "properties": {
    "name": "18 STEPHEN STREET WARIALDA 2402",
    "locID": "LOC000062246794",
    "tech": "FTTC",
    "upgrade": "FTTP_SA",
    "gnaf_pid": "GANSW706204272",
    "tech_change_status": "Eligible to Order"
   }
  },
  {
   "type": "Feature",
   "geometry": {
    "type": "Point",
    "coordinates": [
     150.57499919,
     -29.54231703
    ]
   },
   "properties": {
    "name": "19 STEPHEN STREET WARIALDA 2402",
    "locID": "LOC000029576898",
    "tech": "FTTC",
    "upgrade": "FTTP_SA",
    "gnaf_pid": "GANSW706204273",
    "tech_change_status": "Eligible to Order"
   }
  },
  {
   "type": "Feature",
   "geometry": {
    "type": "Point",
    "coordinates": [
     150.57528667,
     -29.54216909
    ]
   },
   "properties": {
    "name": "23 STEPHEN STREET WARIALDA 2402",
    "locID": "LOC000163171243",
    "tech": "FTTC",
    "upgrade": "FTTP_SA",
    "gnaf_pid": "GANSW706204277",
    "tech_change_status": "Eligible to Order"
   }
  },
  {
   "type": "Feature",
   "geometry": {
    "type": "Point",
    "coordinates": [
     150.56889793,
     -29.54517826
    ]
   },
   "properties": {
    "name": "6 HOLDEN STREET WARIALDA 2402",
    "locID": "LOC000042611573",
    "tech": "FTTC",
    "upgrade": "FTTP_SA",
    "gnaf_pid": "GANSW706206723",
    "tech_change_status": "Eligible to Order"
   }
  },
  {
   "type": "Feature",
   "geometry": {
    "type": "Point",
    "coordinates": [
     150.57010631,
     -29.54547342
    ]
   },
   "properties": {
    "name": "7 HOLDEN STREET WARIALDA 2402",
    "locID": "LOC000120883385",
    "tech": "FTTC",
    "upgrade": "FTTP_SA",
    "gnaf_pid": "GANSW706206724",
    "tech_change_status": "Eligible to Order"
   }
  },
  {
   "type": "Feature",
   "geometry": {
    "type": "Point",
    "coordinates": [
     150.56894935,
     -29.54491091
    ]
   },
   "properties": {
    "name": "8 HOLDEN STREET WARIALDA 2402",
    "locID": "LOC000072455076",
    "tech": "FTTC",
    "upgrade": "FTTP_SA",
    "gnaf_pid": "GANSW706206725",
    "tech_change_status": "Eligible to Order"
   }
  },
  {
   "type": "Feature",
   "geometry": {
    "type": "Point",
    "coordinates": [
     150.5699538,
     -29.5451015
    ]
   },
   "properties": {
    "name": "9 HOLDEN STREET WARIALDA 2402",
    "locID": "LOC000160160068",
    "tech": "FTTC",
    "upgrade": "FTTP_SA",
    "gnaf_pid": "GANSW706206726",
    "tech_change_status": "Eligible to Order"
   }
  },
  {
   "type": "Feature",
   "geometry": {
    "type": "Point",
    "coordinates": [
     150.57606263,
     -29.54112209
    ]
   },
   "properties": {
    "name": "1 HOPE STREET WARIALDA 2402",
    "locID": "LOC000072152470",
    "tech": "FTTC",
    "upgrade": "FTTP_SA",
    "gnaf_pid": "GANSW706206727",
    "tech_change_status": "Eligible to Order"
   }
  },
  {
   "type": "Feature",
   "geometry": {
    "type": "Point",
    "coordinates": [
     150.57233049,
     -29.5402896
    ]
   },
   "properties": {
    "name": "18 HOPE STREET WARIALDA 2402",
    "locID": "LOC000080504625",
    "tech": "FTTP",
    "upgrade": "NULL_NA",
    "gnaf_pid": "GANSW706206728"
   }
  },
  {
   "type": "Feature",
   "geometry": {
    "type": "Point",
    "coordinates": [
     150.57069378,
     -29.5400676
    ]
   },
   "properties": {
    "name": "2 HOPE STREET WARIALDA 2402",
    "locID": "LOC000051918640",
    "tech": "FTTC",
    "upgrade": "FTTP_SA",
    "gnaf_pid": "GANSW706206729",
    "tech_change_status": "Eligible to Order"
   }
  },
  {
   "type": "Feature",
   "geometry": {
    "type": "Point",
    "coordinates": [
     150.57254183,
     -29.54030001
    ]
   },
   "properties": {
    "name": "20 HOPE STREET WARIALDA 2402",
    "locID": "LOC000051811179",
    "tech": "FTTC",
    "upgrade": "FTTP_SA",
    "gnaf_pid": "GANSW706206730",
    "tech_change_status": "Eligible to Order"
   }
  },
  {
   "type": "Feature",
   "geometry": {
    "type": "Point",
    "coordinates": [
     150.5733695,
     -29.54041049
    ]
   },
   "properties": {
    "name": "24 HOPE STREET WARIALDA 2402",
    "locID": "LOC000163167728",
    "tech": "FTTC",
    "upgrade": "FTTP_SA",
    "gnaf_pid": "GANSW706206732",
    "tech_change_status": "Eligible to Order"
   }
  },
  {
   "type": "Feature",
   "geometry": {
    "type": "Point",
    "coordinates": [
     150.57357136,
     -29.54041057
    ]
   },
   "properties": {
    "name": "28 HOPE STREET WARIALDA 2402",
    "locID": "LOC000027188845",
    "tech": "FTTP",
    "upgrade": "NULL_NA",
    "gnaf_pid": "GANSW706206737"
   }
  },
  {
   "type": "Feature",
   "geometry": {
    "type": "Point",
    "coordinates": [
     150.57077655,
     -29.54072136
    ]
   },
   "properties": {
    "name": "3 HOPE STREET WARIALDA 2402",
    "locID": "LOC000015590623",
    "tech": "FTTC",
    "upgrade": "FTTP_SA",
    "gnaf_pid": "GANSW706206738",
    "tech_change_status": "Eligible to Order"
   }
  },
  {
   "type": "Feature",
   "geometry": {
    "type": "Point",
    "coordinates": [
     150.57375206,
     -29.54043221
    ]
   },
   "properties": {
    "name": "30 HOPE STREET WARIALDA 2402",
    "locID": "LOC000092178732",
    "tech": "FTTC",
    "upgrade": "FTTP_SA",
    "gnaf_pid": "GANSW706206739",
    "tech_change_status": "Eligible to Order"
   }
  },
  {
   "type": "Feature",
   "geometry": {
    "type": "Point",
    "coordinates": [
     150.57390432,
     -29.54043163
    ]
   },
   "properties": {
    "name": "32 HOPE STREET WARIALDA 2402",
    "locID": "LOC000012390708",
    "tech": "FTTC",
    "upgrade": "NULL_NA",
    "gnaf_pid": "GANSW706206740"
   }
  },
  {
   "type": "Feature",
   "geometry": {
    "type": "Point",
    "coordinates": [
     150.57403334,
     -29.54043367
    ]
   },
   "properties": {
    "name": "34 HOPE STREET WARIALDA 2402",
    "locID": "LOC000066422878",
    "tech": "FTTC",
    "upgrade": "FTTP_SA",
    "gnaf_pid": "GANSW706206741",
    "tech_change_status": "Eligible to Order"
   }
  },
  {
   "type": "Feature",
   "geometry": {
    "type": "Point",
    "coordinates": [
     150.57446961,
     -29.54117109
    ]
   },
   "properties": {
    "name": "37 HOPE STREET WARIALDA 2402",
    "locID": "LOC000078332663",
    "tech": "FTTC",
    "upgrade": "FTTP_SA",
    "gnaf_pid": "GANSW706206743",
    "tech_change_status": "Eligible to Order"
   }
  },
  {
   "type": "Feature",
   "geometry": {
    "type": "Point",
    "coordinates": [
     150.57468586,
     -29.54120192
    ]
   },
   "properties": {
    "name": "39 HOPE STREET WARIALDA 2402",
    "locID": "LOC000038144043",
    "tech": "FTTP",
    "upgrade": "NULL_NA",
    "gnaf_pid": "GANSW706206744"
   }
  },
  {
   "type": "Feature",
   "geometry": {
    "type": "Point",
    "coordinates": [
     150.58102258,
     -29.54224449
    ]
   },
   "properties": {
    "name": "73 HOPE STREET WARIALDA 2402",
    "locID": "LOC000053126824",
    "tech": "FTTC",
    "upgrade": "FTTP_SA",
    "gnaf_pid": "GANSW706206771",
    "tech_change_status": "Eligible to Order"
   }
  },
  {
   "type": "Feature",
   "geometry": {
    "type": "Point",
    "coordinates": [
     150.57640343,
     -29.540941
    ]
   },
   "properties": {
    "name": "74 HOPE STREET WARIALDA 2402",
    "locID": "LOC000085136519",
    "tech": "FTTC",
    "upgrade": "FTTP_SA",
    "gnaf_pid": "GANSW706206772",
    "tech_change_status": "Eligible to Order"
   }
  },
  {
   "type": "Feature",
   "geometry": {
    "type": "Point",
    "coordinates": [
     150.58135417,
     -29.54229256
    ]
   },
   "properties": {
    "name": "75 HOPE STREET WARIALDA 2402",
    "locID": "LOC000049495136",
    "tech": "FTTP",
    "upgrade": "NULL_NA",
    "gnaf_pid": "GANSW706206773"
   }
  },
  {
   "type": "Feature",
   "geometry": {
    "type": "Point",
    "coordinates": [
     150.57130969,
     -29.5401242
    ]
   },
   "properties": {
    "name": "8 HOPE STREET WARIALDA 2402",
    "locID": "LOC000108505746",
    "tech": "FTTC",
    "upgrade": "FTTP_SA",
    "gnaf_pid": "GANSW706206775",
    "tech_change_status": "Eligible to Order"
   }
  },
  {
   "type": "Feature",
   "geometry": {
    "type": "Point",
    "coordinates": [
     150.57533412,
     -29.53720965
    ]
   },
   "properties": {
    "name": "88 STEPHEN STREET WARIALDA 2402",
    "locID": "LOC000095767885",
    "tech": "FTTC",
    "upgrade": "FTTP_SA",
    "gnaf_pid": "GANSW706209801",
    "tech_change_status": "Eligible to Order"
   }
  },
  {
   "type": "Feature",
   "geometry": {
    "type": "Point",
    "coordinates": [
     150.57470431,
     -29.54388494
    ]
   },
   "properties": {
    "name": "9 STEPHEN STREET WARIALDA 2402",
    "locID": "LOC000090709605",
    "tech": "FTTC",
    "upgrade": "FTTP_SA",
    "gnaf_pid": "GANSW706209802",
    "tech_change_status": "Eligible to Order"
   }
  },
  {
   "type": "Feature",
   "geometry": {
    "type": "Point",
    "coordinates": [
     150.57537293,
     -29.53700244
    ]
   },
   "properties": {
    "name": "90 STEPHEN STREET WARIALDA 2402",
    "locID": "LOC000086984268",
    "tech": "FTTC",
    "upgrade": "FTTP_SA",
    "gnaf_pid": "GANSW706209803",
    "tech_change_status": "Eligible to Order"
   }
  },
  {
   "type": "Feature",
   "geometry": {
    "type": "Point",
    "coordinates": [
     150.57541562,
     -29.53677452
    ]
   },
   "properties": {
    "name": "92 STEPHEN STREET WARIALDA 2402",
    "locID": "LOC000041821410",
    "tech": "FTTC",
    "upgrade": "FTTP_SA",
    "gnaf_pid": "GANSW706209804",
    "tech_change_status": "Eligible to Order"
   }
  },
  {
   "type": "Feature",
   "geometry": {
    "type": "Point",
    "coordinates": [
     150.57513447,
     -29.53587043
    ]
   },
   "properties": {
    "name": "94 STEPHEN STREET WARIALDA 2402",
    "locID": "LOC000185602936",
    "tech": "FTTN",
    "upgrade": "NULL_NA",
    "gnaf_pid": "GANSW706209805",
    "tech_change_status": "Not Planned"
   }
  },
  {
   "type": "Feature",
   "geometry": {
    "type": "Point",
    "coordinates": [
     150.57599215,
     -29.53707193
    ]
   },
   "properties": {
    "name": "95 STEPHEN STREET WARIALDA 2402",
    "locID": "LOC000053491771",
    "tech": "FTTC",
    "upgrade": "FTTP_SA",
    "gnaf_pid": "GANSW706209806",
    "tech_change_status": "Eligible to Order"
   }
  },
  {
   "type": "Feature",
   "geometry": {
    "type": "Point",
    "coordinates": [
     150.57515722,
     -29.54564609
    ]
   },
   "properties": {
    "name": "1 APOLLO AVENUE WARIALDA 2402",
    "locID": "LOC000073612272",
    "tech": "FTTC",
    "upgrade": "FTTP_NA",
    "gnaf_pid": "GANSW706213337",
    "tech_change_status": "MDU Complex Eligible To Apply"
   }
  },
  {
   "type": "Feature",
   "geometry": {
    "type": "Point",
    "coordinates": [
     150.57496103,
     -29.54667006
    ]
   },
   "properties": {
    "name": "11 APOLLO AVENUE WARIALDA 2402",
    "locID": "LOC000074425070",
    "tech": "FTTC",
    "upgrade": "FTTP_SA",
    "gnaf_pid": "GANSW706213338",
    "tech_change_status": "Eligible to Order"
   }
  },
  {
   "type": "Feature",
   "geometry": {
    "type": "Point",
    "coordinates": [
     150.57482191,
     -29.54684495
    ]
   },
   "properties": {
    "name": "13 APOLLO AVENUE WARIALDA 2402",
    "locID": "LOC000032138790",
    "tech": "FTTP",
    "upgrade": "NULL_NA",
    "gnaf_pid": "GANSW706213341"
   }
  },
  {
   "type": "Feature",
   "geometry": {
    "type": "Point",
    "coordinates": [
     150.57511775,
     -29.54585143
    ]
   },
   "properties": {
    "name": "3 APOLLO AVENUE WARIALDA 2402",
    "locID": "LOC000074809185",
    "tech": "FTTC",
    "upgrade": "FTTP_SA",
    "gnaf_pid": "GANSW706213342",
    "tech_change_status": "Eligible to Order"
   }
  },
  {
   "type": "Feature",
   "geometry": {
    "type": "Point",
    "coordinates": [
     150.57507857,
     -29.54605608
    ]
   },
   "properties": {
    "name": "5 APOLLO AVENUE WARIALDA 2402",
    "locID": "LOC000037985682",
    "tech": "FTTC",
    "upgrade": "FTTP_SA",
    "gnaf_pid": "GANSW706213343",
    "tech_change_status": "Eligible to Order"
   }
  },
  {
   "type": "Feature",
   "geometry": {
    "type": "Point",
    "coordinates": [
     150.57503939,
     -29.54626074
    ]
   },
   "properties": {
    "name": "7 APOLLO AVENUE WARIALDA 2402",
    "locID": "LOC000005964345",
    "tech": "FTTC",
    "upgrade": "FTTP_SA",
    "gnaf_pid": "GANSW706213344",
    "tech_change_status": "Eligible to Order"
   }
  },
  {
   "type": "Feature",
   "geometry": {
    "type": "Point",
    "coordinates": [
     150.57500022,
     -29.54646539
    ]
   },
   "properties": {
    "name": "9 APOLLO AVENUE WARIALDA 2402",
    "locID": "LOC000010910488",
    "tech": "FTTC",
    "upgrade": "FTTP_SA",
    "gnaf_pid": "GANSW706213345",
    "tech_change_status": "Eligible to Order"
   }
  },
  {
   "type": "Feature",
   "geometry": {
    "type": "Point",
    "coordinates": [
     150.5632349,
     -29.53867898
    ]
   },
   "properties": {
    "name": "10 CHRISTIE STREET WARIALDA 2402",
    "locID": "LOC000029608549",
    "tech": "FTTP",
    "upgrade": "NULL_NA",
    "gnaf_pid": "GANSW706213346"
   }
  },
  {
   "type": "Feature",
   "geometry": {
    "type": "Point",
    "coordinates": [
     150.56325789,
     -29.53855598
    ]
   },
   "properties": {
    "name": "12 CHRISTIE STREET WARIALDA 2402",
    "locID": "LOC000088157477",
    "tech": "FTTP",
    "upgrade": "NULL_NA",
    "gnaf_pid": "GANSW706213347"
   }
  },
  {
   "type": "Feature",
   "geometry": {
    "type": "Point",
    "coordinates": [
     150.56335787,
     -29.5382218
    ]
   },
   "properties": {
    "name": "16 CHRISTIE STREET WARIALDA 2402",
    "locID": "LOC000039915433",
    "tech": "FTTP",
    "upgrade": "NULL_NA",
    "gnaf_pid": "GANSW706213348"
   }
  },
  {
   "type": "Feature",
   "geometry": {
    "type": "Point",
    "coordinates": [
     150.56336288,
     -29.53799798
    ]
   },
   "properties": {
    "name": "18 CHRISTIE STREET WARIALDA 2402",
    "locID": "LOC000055670325",
    "tech": "FTTC",
    "upgrade": "FTTP_SA",
    "gnaf_pid": "GANSW706213349",
    "tech_change_status": "Eligible to Order"
   }
  },
  {
   "type": "Feature",
   "geometry": {
    "type": "Point",
    "coordinates": [
     150.56353737,
     -29.53763699
    ]
   },
   "properties": {
    "name": "20 CHRISTIE STREET WARIALDA 2402",
    "locID": "LOC000029608549",
    "tech": "FTTP",
    "upgrade": "NULL_NA",
    "gnaf_pid": "GANSW706213350"
   }
  },
  {
   "type": "Feature",
   "geometry": {
    "type": "Point",
    "coordinates": [
     150.57406646,
     -29.53466959
    ]
   },
   "properties": {
    "name": "11 CRANE STREET WARIALDA 2402",
    "locID": "LOC000008351512",
    "tech": "FTTN",
    "upgrade": "NULL_NA",
    "gnaf_pid": "GANSW706213352",
    "tech_change_status": "Not Planned"
   }
  },
  {
   "type": "Feature",
   "geometry": {
    "type": "Point",
    "coordinates": [
     150.57434375,
     -29.53471007
    ]
   },
   "properties": {
    "name": "13 CRANE STREET WARIALDA 2402",
    "locID": "LOC000057557972",
    "tech": "FTTN",
    "upgrade": "NULL_NA",
    "gnaf_pid": "GANSW706213353",
    "tech_change_status": "Not Planned"
   }
  },
  {
   "type": "Feature",
   "geometry": {
    "type": "Point",
    "coordinates": [
     150.57466583,
     -29.53402458
    ]
   },
   "properties": {
    "name": "14 CRANE STREET WARIALDA 2402",
    "locID": "LOC000022141177",
    "tech": "FTTN",
    "upgrade": "NULL_NA",
    "gnaf_pid": "GANSW706213354",
    "tech_change_status": "Not Planned"
   }
  },
  {
   "type": "Feature",
   "geometry": {
    "type": "Point",
    "coordinates": [
     150.57461541,
     -29.53474972
    ]
   },
   "properties": {
    "name": "15 CRANE STREET WARIALDA 2402",
    "locID": "LOC000079104216",
    "tech": "FTTN",
    "upgrade": "NULL_NA",
    "gnaf_pid": "GANSW706213355",
    "tech_change_status": "Not Planned"
   }
  },
  {
   "type": "Feature",
   "geometry": {
    "type": "Point",
    "coordinates": [
     150.57502314,
     -29.53480924
    ]
   },
   "properties": {
    "name": "17 CRANE STREET WARIALDA 2402",
    "locID": "LOC000099978998",
    "tech": "FTTN",
    "upgrade": "NULL_NA",
    "gnaf_pid": "GANSW706213357",
    "tech_change_status": "Not Planned"
   }
  },
  {
   "type": "Feature",
   "geometry": {
    "type": "Point",
    "coordinates": [
     150.57727766,
     -29.53518164
    ]
   },
   "properties": {
    "name": "23 CRANE STREET WARIALDA 2402",
    "locID": "LOC000076746478",
    "tech": "FTTN",
    "upgrade": "NULL_NA",
    "gnaf_pid": "GANSW706213360",
    "tech_change_status": "Not Planned"
   }
  },
  {
   "type": "Feature",
   "geometry": {
    "type": "Point",
    "coordinates": [
     150.57749151,
     -29.53521217
    ]
   },
   "properties": {
    "name": "25 CRANE STREET WARIALDA 2402",
    "locID": "LOC000101535278",
    "tech": "FTTN",
    "upgrade": "NULL_NA",
    "gnaf_pid": "GANSW706213361",
    "tech_change_status": "Not Planned"
   }
  },
  {
   "type": "Feature",
   "geometry": {
    "type": "Point",
    "coordinates": [
     150.5775485,
     -29.53469811
    ]
   },
   "properties": {
    "name": "26 CRANE STREET WARIALDA 2402",
    "locID": "LOC000020513453",
    "tech": "FTTN",
    "upgrade": "NULL_NA",
    "gnaf_pid": "GANSW706213362",
    "tech_change_status": "Not Planned"
   }
  },
  {
   "type": "Feature",
   "geometry": {
    "type": "Point",
    "coordinates": [
     150.57769584,
     -29.53524132
    ]
   },
   "properties": {
    "name": "27 CRANE STREET WARIALDA 2402",
    "locID": "LOC000076600754",
    "tech": "FTTN",
    "upgrade": "NULL_NA",
    "gnaf_pid": "GANSW706213363",
    "tech_change_status": "Not Planned"
   }
  },
  {
   "type": "Feature",
   "geometry": {
    "type": "Point",
    "coordinates": [
     150.57790473,
     -29.53517996
    ]
   },
   "properties": {
    "name": "29 CRANE STREET WARIALDA 2402",
    "locID": "LOC000034045033",
    "tech": "FTTN",
    "upgrade": "NULL_NA",
    "gnaf_pid": "GANSW706213365",
    "tech_change_status": "Not Planned"
   }
  },
  {
   "type": "Feature",
   "geometry": {
    "type": "Point",
    "coordinates": [
     150.57817029,
     -29.53453448
    ]
   },
   "properties": {
    "name": "32 CRANE STREET WARIALDA 2402",
    "locID": "LOC000103298005",
    "tech": "FTTN",
    "upgrade": "NULL_NA",
    "gnaf_pid": "GANSW706213367",
    "tech_change_status": "Not Planned"
   }
  },
  {
   "type": "Feature",
   "geometry": {
    "type": "Point",
    "coordinates": [
     150.5783839,
     -29.534566
    ]
   },
   "properties": {
    "name": "34 CRANE STREET WARIALDA 2402",
    "locID": "LOC000076114965",
    "tech": "FTTN",
    "upgrade": "NULL_NA",
    "gnaf_pid": "GANSW706213369",
    "tech_change_status": "Not Planned"
   }
  },
  {
   "type": "Feature",
   "geometry": {
    "type": "Point",
    "coordinates": [
     150.57999342,
     -29.53495021
    ]
   },
   "properties": {
    "name": "46 CRANE STREET WARIALDA 2402",
    "locID": "LOC000075606157",
    "tech": "FTTN",
    "upgrade": "NULL_NA",
    "gnaf_pid": "GANSW706213372",
    "tech_change_status": "Not Planned"
   }
  },
  {
   "type": "Feature",
   "geometry": {
    "type": "Point",
    "coordinates": [
     150.58048318,
     -29.53502122
    ]
   },
   "properties": {
    "name": "48 CRANE STREET WARIALDA 2402",
    "locID": "LOC000008105846",
    "tech": "FTTN",
    "upgrade": "NULL_NA",
    "gnaf_pid": "GANSW706213373",
    "tech_change_status": "Not Planned"
   }
  },
  {
   "type": "Feature",
   "geometry": {
    "type": "Point",
    "coordinates": [
     150.58082652,
     -29.53501911
    ]
   },
   "properties": {
    "name": "52 CRANE STREET WARIALDA 2402",
    "locID": "LOC000100988788",
    "tech": "FTTN",
    "upgrade": "NULL_NA",
    "gnaf_pid": "GANSW706213374",
    "tech_change_status": "Not Planned"
   }
  },
  {
   "type": "Feature",
   "geometry": {
    "type": "Point",
    "coordinates": [
     150.58111636,
     -29.53506054
    ]
   },
   "properties": {
    "name": "54 CRANE STREET WARIALDA 2402",
    "locID": "LOC000054588185",
    "tech": "FTTN",
    "upgrade": "NULL_NA",
    "gnaf_pid": "GANSW706213375",
    "tech_change_status": "Not Planned"
   }
  },
  {
   "type": "Feature",
   "geometry": {
    "type": "Point",
    "coordinates": [
     150.5813533,
     -29.5350942
    ]
   },
   "properties": {
    "name": "56 CRANE STREET WARIALDA 2402",
    "locID": "LOC000027339718",
    "tech": "FTTN",
    "upgrade": "NULL_NA",
    "gnaf_pid": "GANSW706213376",
    "tech_change_status": "Not Planned"
   }
  },
  {
   "type": "Feature",
   "geometry": {
    "type": "Point",
    "coordinates": [
     150.57883646,
     -29.54638297
    ]
   },
   "properties": {
    "name": "2 CROSS STREET WARIALDA 2402",
    "locID": "LOC000014152629",
    "tech": "FTTC",
    "upgrade": "FTTP_SA",
    "gnaf_pid": "GANSW706213377",
    "tech_change_status": "Eligible to Order"
   }
  },
  {
   "type": "Feature",
   "geometry": {
    "type": "Point",
    "coordinates": [
     150.58252464,
     -29.54063145
    ]
   },
   "properties": {
    "name": "23 EAST STREET WARIALDA 2402",
    "locID": "LOC000017596085",
    "tech": "FTTP",
    "upgrade": "NULL_NA",
    "gnaf_pid": "GANSW706213384"
   }
  },
  {
   "type": "Feature",
   "geometry": {
    "type": "Point",
    "coordinates": [
     150.58256455,
     -29.54041594
    ]
   },
   "properties": {
    "name": "25 EAST STREET WARIALDA 2402",
    "locID": "LOC000088285527",
    "tech": "FTTC",
    "upgrade": "FTTP_SA",
    "gnaf_pid": "GANSW706213385",
    "tech_change_status": "Eligible to Order"
   }
  },
  {
   "type": "Feature",
   "geometry": {
    "type": "Point",
    "coordinates": [
     150.57526679,
     -29.54264478
    ]
   },
   "properties": {
    "name": "48 GEDDES STREET WARIALDA 2402",
    "locID": "LOC000038807471",
    "tech": "FTTC",
    "upgrade": "FTTP_SA",
    "gnaf_pid": "GANSW706213413",
    "tech_change_status": "Eligible to Order"
   }
  },
  {
   "type": "Feature",
   "geometry": {
    "type": "Point",
    "coordinates": [
     150.57056153,
     -29.54293318
    ]
   },
   "properties": {
    "name": "5 GEDDES STREET WARIALDA 2402",
    "locID": "LOC000003769659",
    "tech": "FTTC",
    "upgrade": "FTTP_SA",
    "gnaf_pid": "GANSW706213414",
    "tech_change_status": "Eligible to Order"
   }
  },
  {
   "type": "Feature",
   "geometry": {
    "type": "Point",
    "coordinates": [
     150.57546772,
     -29.54257362
    ]
   },
   "properties": {
    "name": "50 GEDDES STREET WARIALDA 2402",
    "locID": "LOC000070626230",
    "tech": "FTTC",
    "upgrade": "FTTP_SA",
    "gnaf_pid": "GANSW706213415",
    "tech_change_status": "Eligible to Order"
   }
  },
  {
   "type": "Feature",
   "geometry": {
    "type": "Point",
    "coordinates": [
     150.57551941,
     -29.54347078
    ]
   },
   "properties": {
    "name": "51 GEDDES STREET WARIALDA 2402",
    "locID": "LOC000057290669",
    "tech": "FTTC",
    "upgrade": "FTTP_SA",
    "gnaf_pid": "GANSW706213416",
    "tech_change_status": "Eligible to Order"
   }
  },
  {
   "type": "Feature",
   "geometry": {
    "type": "Point",
    "coordinates": [
     150.57589806,
     -29.54262523
    ]
   },
   "properties": {
    "name": "54 GEDDES STREET WARIALDA 2402",
    "locID": "LOC000059757170",
    "tech": "FTTC",
    "upgrade": "FTTP_SA",
    "gnaf_pid": "GANSW706213418",
    "tech_change_status": "Eligible to Order"
   }
  },
  {
   "type": "Feature",
   "geometry": {
    "type": "Point",
    "coordinates": [
     150.57152181,
     -29.5401608
    ]
   },
   "properties": {
    "name": "10 HOPE STREET WARIALDA 2402",
    "locID": "LOC000048710138",
    "tech": "FTTC",
    "upgrade": "FTTP_SA",
    "gnaf_pid": "GANSW706217007",
    "tech_change_status": "Eligible to Order"
   }
  },
  {
   "type": "Feature",
   "geometry": {
    "type": "Point",
    "coordinates": [
     150.57161222,
     -29.54083155
    ]
   },
   "properties": {
    "name": "11 HOPE STREET WARIALDA 2402",
    "locID": "LOC000031877744",
    "tech": "FTTC",
    "upgrade": "FTTP_SA",
    "gnaf_pid": "GANSW706217008",
    "tech_change_status": "Eligible to Order"
   }
  },
  {
   "type": "Feature",
   "geometry": {
    "type": "Point",
    "coordinates": [
     150.5717271,
     -29.54019643
    ]
   },
   "properties": {
    "name": "12 HOPE STREET WARIALDA 2402",
    "locID": "LOC000077243666",
    "tech": "FTTC",
    "upgrade": "FTTP_SA",
    "gnaf_pid": "GANSW706217009",
    "tech_change_status": "Eligible to Order"
   }
  },
  {
   "type": "Feature",
   "geometry": {
    "type": "Point",
    "coordinates": [
     150.57323756,
     -29.54107371
    ]
   },
   "properties": {
    "name": "25 HOPE STREET WARIALDA 2402",
    "locID": "LOC000055862059",
    "tech": "FTTC",
    "upgrade": "FTTP_SA",
    "gnaf_pid": "GANSW706217020",
    "tech_change_status": "Eligible to Order"
   }
  },
  {
   "type": "Feature",
   "geometry": {
    "type": "Point",
    "coordinates": [
     150.57357136,
     -29.54041057
    ]
   },
   "properties": {
    "name": "26 HOPE STREET WARIALDA 2402",
    "locID": "LOC000037098139",
    "tech": "FTTC",
    "upgrade": "FTTP_NA",
    "gnaf_pid": "GANSW706217021",
    "tech_change_status": "MDU Complex Eligible To Apply"
   }
  },
  {
   "type": "Feature",
   "geometry": {
    "type": "Point",
    "coordinates": [
     150.57088813,
     -29.54007893
    ]
   },
   "properties": {
    "name": "4 HOPE STREET WARIALDA 2402",
    "locID": "LOC000013909107",
    "tech": "FTTC",
    "upgrade": "FTTP_SA",
    "gnaf_pid": "GANSW706217029",
    "tech_change_status": "Eligible to Order"
   }
  },
  {
   "type": "Feature",
   "geometry": {
    "type": "Point",
    "coordinates": [
     150.57566532,
     -29.54259096
    ]
   },
   "properties": {
    "name": "43 HOPE STREET WARIALDA 2402",
    "locID": "LOC000016498634",
    "tech": "FTTC",
    "upgrade": "FTTP_SA",
    "gnaf_pid": "GANSW706217033",
    "tech_change_status": "Eligible to Order"
   }
  },
  {
   "type": "Feature",
   "geometry": {
    "type": "Point",
    "coordinates": [
     150.57467611,
     -29.54074996
    ]
   },
   "properties": {
    "name": "44 HOPE STREET WARIALDA 2402",
    "locID": "LOC000044158761",
    "tech": "FTTC",
    "upgrade": "FTTP_SA",
    "gnaf_pid": "GANSW706217034",
    "tech_change_status": "Eligible to Order"
   }
  },
  {
   "type": "Feature",
   "geometry": {
    "type": "Point",
    "coordinates": [
     150.57581542,
     -29.54170912
    ]
   },
   "properties": {
    "name": "45 HOPE STREET WARIALDA 2402",
    "locID": "LOC000086940776",
    "tech": "FTTC",
    "upgrade": "FTTP_SA",
    "gnaf_pid": "GANSW706217035",
    "tech_change_status": "Eligible to Order"
   }
  },
  {
   "type": "Feature",
   "geometry": {
    "type": "Point",
    "coordinates": [
     150.57593247,
     -29.54170271
    ]
   },
   "properties": {
    "name": "47 HOPE STREET WARIALDA 2402",
    "locID": "LOC000062237730",
    "tech": "FTTC",
    "upgrade": "FTTP_SA",
    "gnaf_pid": "GANSW706217037",
    "tech_change_status": "Eligible to Order"
   }
  },
  {
   "type": "Feature",
   "geometry": {
    "type": "Point",
    "coordinates": [
     150.57098372,
     -29.54075014
    ]
   },
   "properties": {
    "name": "5 HOPE STREET WARIALDA 2402",
    "locID": "LOC000048710138",
    "tech": "FTTC",
    "upgrade": "FTTP_SA",
    "gnaf_pid": "GANSW706217039",
    "tech_change_status": "Eligible to Order"
   }
  },
  {
   "type": "Feature",
   "geometry": {
    "type": "Point",
    "coordinates": [
     150.57519983,
     -29.54063606
    ]
   },
   "properties": {
    "name": "52 HOPE STREET WARIALDA 2402",
    "locID": "LOC000069363237",
    "tech": "FTTP",
    "upgrade": "NULL_NA",
    "gnaf_pid": "GANSW706217041"
   }
  },
  {
   "type": "Feature",
   "geometry": {
    "type": "Point",
    "coordinates": [
     150.57687407,
     -29.54160334
    ]
   },
   "properties": {
    "name": "57 HOPE STREET WARIALDA 2402",
    "locID": "LOC000007321269",
    "tech": "FTTP",
    "upgrade": "NULL_NA",
    "gnaf_pid": "GANSW706217044"
   }
  },
  {
   "type": "Feature",
   "geometry": {
    "type": "Point",
    "coordinates": [
     150.57550938,
     -29.54088392
    ]
   },
   "properties": {
    "name": "58 HOPE STREET WARIALDA 2402",
    "locID": "LOC000052598756",
    "tech": "FTTC",
    "upgrade": "FTTP_SA",
    "gnaf_pid": "GANSW706217045",
    "tech_change_status": "Eligible to Order"
   }
  },
  {
   "type": "Feature",
   "geometry": {
    "type": "Point",
    "coordinates": [
     150.57735339,
     -29.54163099
    ]
   },
   "properties": {
    "name": "59 HOPE STREET WARIALDA 2402",
    "locID": "LOC000016264948",
    "tech": "FTTC",
    "upgrade": "FTTP_SA",
    "gnaf_pid": "GANSW706217046",
    "tech_change_status": "Eligible to Order"
   }
  },
  {
   "type": "Feature",
   "geometry": {
    "type": "Point",
    "coordinates": [
     150.57109563,
     -29.54010874
    ]
   },
   "properties": {
    "name": "6 HOPE STREET WARIALDA 2402",
    "locID": "LOC000087311278",
    "tech": "FTTC",
    "upgrade": "FTTP_SA",
    "gnaf_pid": "GANSW706217047",
    "tech_change_status": "Eligible to Order"
   }
  },
  {
   "type": "Feature",
   "geometry": {
    "type": "Point",
    "coordinates": [
     150.57758528,
     -29.5416649
    ]
   },
   "properties": {
    "name": "61 HOPE STREET WARIALDA 2402",
    "locID": "LOC000109947775",
    "tech": "FTTP",
    "upgrade": "NULL_NA",
    "gnaf_pid": "GANSW706217049"
   }
  },
  {
   "type": "Feature",
   "geometry": {
    "type": "Point",
    "coordinates": [
     150.5781451,
     -29.54174677
    ]
   },
   "properties": {
    "name": "63 HOPE STREET WARIALDA 2402",
    "locID": "LOC000120895606",
    "tech": "FTTP",
    "upgrade": "NULL_NA",
    "gnaf_pid": "GANSW706217050"
   }
  },
  {
   "type": "Feature",
   "geometry": {
    "type": "Point",
    "coordinates": [
     150.57579684,
     -29.54082223
    ]
   },
   "properties": {
    "name": "64 HOPE STREET WARIALDA 2402",
    "locID": "LOC000120895623",
    "tech": "FTTC",
    "upgrade": "FTTP_SA",
    "gnaf_pid": "GANSW706217051",
    "tech_change_status": "Eligible to Order"
   }
  },
  {
   "type": "Feature",
   "geometry": {
    "type": "Point",
    "coordinates": [
     150.57579684,
     -29.54082223
    ]
   },
   "properties": {
    "name": "66 HOPE STREET WARIALDA 2402",
    "locID": "LOC000120895623",
    "tech": "FTTC",
    "upgrade": "FTTP_SA",
    "gnaf_pid": "GANSW706217053",
    "tech_change_status": "Eligible to Order"
   }
  },
  {
   "type": "Feature",
   "geometry": {
    "type": "Point",
    "coordinates": [
     150.57579684,
     -29.54082223
    ]
   },
   "properties": {
    "name": "68 HOPE STREET WARIALDA 2402",
    "locID": "LOC000092409161",
    "tech": "FTTC",
    "upgrade": "FTTP_SA",
    "gnaf_pid": "GANSW706217054",
    "tech_change_status": "Eligible to Order"
   }
  },
  {
   "type": "Feature",
   "geometry": {
    "type": "Point",
    "coordinates": [
     150.57682076,
     -29.54100088
    ]
   },
   "properties": {
    "name": "80 HOPE STREET WARIALDA 2402",
    "locID": "LOC000120898649",
    "tech": "FTTC",
    "upgrade": "FTTP",
    "gnaf_pid": "GANSW706217055",
    "tech_change_status": "New Tech Connected"
   }
  },
  {
   "type": "Feature",
   "geometry": {
    "type": "Point",
    "coordinates": [
     150.5774524,
     -29.54101751
    ]
   },
   "properties": {
    "name": "82 HOPE STREET WARIALDA 2402",
    "locID": "LOC000091719342",
    "tech": "FTTC",
    "upgrade": "FTTP_SA",
    "gnaf_pid": "GANSW706217056",
    "tech_change_status": "Eligible to Order"
   }
  },
  {
   "type": "Feature",
   "geometry": {
    "type": "Point",
    "coordinates": [
     150.57768862,
     -29.54114728
    ]
   },
   "properties": {
    "name": "84 HOPE STREET WARIALDA 2402",
    "locID": "LOC000005496250",
    "tech": "FTTP",
    "upgrade": "NULL_NA",
    "gnaf_pid": "GANSW706217057"
   }
  },
  {
   "type": "Feature",
   "geometry": {
    "type": "Point",
    "coordinates": [
     150.57138025,
     -29.5409293
    ]
   },
   "properties": {
    "name": "9 HOPE STREET WARIALDA 2402",
    "locID": "LOC000020688299",
    "tech": "FTTC",
    "upgrade": "FTTP_SA",
    "gnaf_pid": "GANSW706217058",
    "tech_change_status": "Eligible to Order"
   }
  },
  {
   "type": "Feature",
   "geometry": {
    "type": "Point",
    "coordinates": [
     150.56601373,
     -29.53573202
    ]
   },
   "properties": {
    "name": "35 JAMES STREET WARIALDA 2402",
    "locID": "LOC000010419973",
    "tech": "FTTC",
    "upgrade": "FTTP_SA",
    "gnaf_pid": "GANSW706217062",
    "tech_change_status": "Eligible to Order"
   }
  },
  {
   "type": "Feature",
   "geometry": {
    "type": "Point",
    "coordinates": [
     150.57314286,
     -29.53499178
    ]
   },
   "properties": {
    "name": "12 KULABA AVENUE WARIALDA 2402",
    "locID": "LOC000098010203",
    "tech": "FTTN",
    "upgrade": "NULL_NA",
    "gnaf_pid": "GANSW706217063",
    "tech_change_status": "Not Planned"
   }
  },
  {
   "type": "Feature",
   "geometry": {
    "type": "Point",
    "coordinates": [
     150.57434557,
     -29.53517315
    ]
   },
   "properties": {
    "name": "13 KULABA AVENUE WARIALDA 2402",
    "locID": "LOC000042816971",
    "tech": "FTTN",
    "upgrade": "NULL_NA",
    "gnaf_pid": "GANSW706217064",
    "tech_change_status": "Not Planned"
   }
  },
  {
   "type": "Feature",
   "geometry": {
    "type": "Point",
    "coordinates": [
     150.57483004,
     -29.53266348
    ]
   },
   "properties": {
    "name": "25 KULABA AVENUE WARIALDA 2402",
    "locID": "LOC000055714381",
    "tech": "FTTN",
    "upgrade": "NULL_NA",
    "gnaf_pid": "GANSW706217067",
    "tech_change_status": "Not Planned"
   }
  },
  {
   "type": "Feature",
   "geometry": {
    "type": "Point",
    "coordinates": [
     150.57417505,
     -29.53557637
    ]
   },
   "properties": {
    "name": "9 KULABA AVENUE WARIALDA 2402",
    "locID": "LOC000071237687",
    "tech": "FTTN",
    "upgrade": "NULL_NA",
    "gnaf_pid": "GANSW706217069",
    "tech_change_status": "Not Planned"
   }
  },
  {
   "type": "Feature",
   "geometry": {
    "type": "Point",
    "coordinates": [
     150.5791533,
     -29.53833038
    ]
   },
   "properties": {
    "name": "146-150 LONG STREET WARIALDA 2402",
    "locID": "LOC000120921971",
    "tech": "FTTC",
    "upgrade": "FTTP_SA",
    "gnaf_pid": "GANSW706217097",
    "tech_change_status": "Eligible to Order"
   }
  },
  {
   "type": "Feature",
   "geometry": {
    "type": "Point",
    "coordinates": [
     150.5791533,
     -29.53833038
    ]
   },
   "properties": {
    "name": "146 LONG STREET WARIALDA 2402",
    "locID": "LOC000120921971",
    "tech": "FTTC",
    "upgrade": "FTTP_SA",
    "gnaf_pid": "GANSW706217098",
    "tech_change_status": "Eligible to Order"
   }
  },
  {
   "type": "Feature",
   "geometry": {
    "type": "Point",
    "coordinates": [
     150.58035036,
     -29.53976947
    ]
   },
   "properties": {
    "name": "147 LONG STREET WARIALDA 2402",
    "locID": "LOC000107170750",
    "tech": "FTTC",
    "upgrade": "FTTP_SA",
    "gnaf_pid": "GANSW706217099",
    "tech_change_status": "Eligible to Order"
   }
  },
  {
   "type": "Feature",
   "geometry": {
    "type": "Point",
    "coordinates": [
     150.58064482,
     -29.53981151
    ]
   },
   "properties": {
    "name": "149 LONG STREET WARIALDA 2402",
    "locID": "LOC000009023313",
    "tech": "FTTC",
    "upgrade": "FTTP_SA",
    "gnaf_pid": "GANSW706217100",
    "tech_change_status": "Eligible to Order"
   }
  },
  {
   "type": "Feature",
   "geometry": {
    "type": "Point",
    "coordinates": [
     150.5788912,
     -29.54472854
    ]
   },
   "properties": {
    "name": "3 CROSS STREET WARIALDA 2402",
    "locID": "LOC000076418826",
    "tech": "FTTC",
    "upgrade": "FTTP_SA",
    "gnaf_pid": "GANSW706223646",
    "tech_change_status": "Eligible to Order"
   }
  },
  {
   "type": "Feature",
   "geometry": {
    "type": "Point",
    "coordinates": [
     150.57878224,
     -29.54671319
    ]
   },
   "properties": {
    "name": "4 CROSS STREET WARIALDA 2402",
    "locID": "LOC000021290444",
    "tech": "FTTC",
    "upgrade": "FTTP_SA",
    "gnaf_pid": "GANSW706223647",
    "tech_change_status": "Eligible to Order"
   }
  },
  {
   "type": "Feature",
   "geometry": {
    "type": "Point",
    "coordinates": [
     150.5788912,
     -29.54472854
    ]
   },
   "properties": {
    "name": "5 CROSS STREET WARIALDA 2402",
    "locID": "LOC000021290444",
    "tech": "FTTC",
    "upgrade": "FTTP_SA",
    "gnaf_pid": "GANSW706223648",
    "tech_change_status": "Eligible to Order"
   }
  },
  {
   "type": "Feature",
   "geometry": {
    "type": "Point",
    "coordinates": [
     150.57873338,
     -29.54693066
    ]
   },
   "properties": {
    "name": "6 CROSS STREET WARIALDA 2402",
    "locID": "LOC000084172185",
    "tech": "FTTC",
    "upgrade": "FTTP_SA",
    "gnaf_pid": "GANSW706223649",
    "tech_change_status": "Eligible to Order"
   }
  },
  {
   "type": "Feature",
   "geometry": {
    "type": "Point",
    "coordinates": [
     150.58238543,
     -29.54013523
    ]
   },
   "properties": {
    "name": "27 EAST STREET WARIALDA 2402",
    "locID": "LOC000014752840",
    "tech": "FTTC",
    "upgrade": "FTTP_SA",
    "gnaf_pid": "GANSW706223655",
    "tech_change_status": "Eligible to Order"
   }
  },
  {
   "type": "Feature",
   "geometry": {
    "type": "Point",
    "coordinates": [
     150.5702999,
     -29.54267499
    ]
   },
   "properties": {
    "name": "1 GEDDES STREET WARIALDA 2402",
    "locID": "LOC000014629278",
    "tech": "FTTC",
    "upgrade": "FTTP_SA",
    "gnaf_pid": "GANSW706223661",
    "tech_change_status": "Eligible to Order"
   }
  },
  {
   "type": "Feature",
   "geometry": {
    "type": "Point",
    "coordinates": [
     150.57118531,
     -29.54193565
    ]
   },
   "properties": {
    "name": "10 GEDDES STREET WARIALDA 2402",
    "locID": "LOC000028680180",
    "tech": "FTTC",
    "upgrade": "FTTP_SA",
    "gnaf_pid": "GANSW706223662",
    "tech_change_status": "Eligible to Order"
   }
  },
  {
   "type": "Feature",
   "geometry": {
    "type": "Point",
    "coordinates": [
     150.57123291,
     -29.54280859
    ]
   },
   "properties": {
    "name": "11 GEDDES STREET WARIALDA 2402",
    "locID": "LOC000014629278",
    "tech": "FTTC",
    "upgrade": "FTTP_SA",
    "gnaf_pid": "GANSW706223663",
    "tech_change_status": "Eligible to Order"
   }
  },
  {
   "type": "Feature",
   "geometry": {
    "type": "Point",
    "coordinates": [
     150.57139416,
     -29.54196646
    ]
   },
   "properties": {
    "name": "12 GEDDES STREET WARIALDA 2402",
    "locID": "LOC000010498559",
    "tech": "FTTC",
    "upgrade": "FTTP_SA",
    "gnaf_pid": "GANSW706223664",
    "tech_change_status": "Eligible to Order"
   }
  },
  {
   "type": "Feature",
   "geometry": {
    "type": "Point",
    "coordinates": [
     150.57140039,
     -29.54305402
    ]
   },
   "properties": {
    "name": "13 GEDDES STREET WARIALDA 2402",
    "locID": "LOC000031249228",
    "tech": "FTTC",
    "upgrade": "FTTP_SA",
    "gnaf_pid": "GANSW706223665",
    "tech_change_status": "Eligible to Order"
   }
  },
  {
   "type": "Feature",
   "geometry": {
    "type": "Point",
    "coordinates": [
     150.57156279,
     -29.54221614
    ]
   },
   "properties": {
    "name": "14 GEDDES STREET WARIALDA 2402",
    "locID": "LOC000009733320",
    "tech": "FTTC",
    "upgrade": "FTTP_SA",
    "gnaf_pid": "GANSW706223666",
    "tech_change_status": "Eligible to Order"
   }
  },
  {
   "type": "Feature",
   "geometry": {
    "type": "Point",
    "coordinates": [
     150.57160095,
     -29.54308291
    ]
   },
   "properties": {
    "name": "15 GEDDES STREET WARIALDA 2402",
    "locID": "LOC000052761259",
    "tech": "FTTC",
    "upgrade": "FTTP_SA",
    "gnaf_pid": "GANSW706223667",
    "tech_change_status": "Eligible to Order"
   }
  },
  {
   "type": "Feature",
   "geometry": {
    "type": "Point",
    "coordinates": [
     150.57175922,
     -29.54224594
    ]
   },
   "properties": {
    "name": "16 GEDDES STREET WARIALDA 2402",
    "locID": "LOC000022137844",
    "tech": "FTTC",
    "upgrade": "FTTP_SA",
    "gnaf_pid": "GANSW706223668",
    "tech_change_status": "Eligible to Order"
   }
  },
  {
   "type": "Feature",
   "geometry": {
    "type": "Point",
    "coordinates": [
     150.57191524,
     -29.5429265
    ]
   },
   "properties": {
    "name": "17 GEDDES STREET WARIALDA 2402",
    "locID": "LOC000080716151",
    "tech": "FTTC",
    "upgrade": "FTTP_SA",
    "gnaf_pid": "GANSW706223669",
    "tech_change_status": "Eligible to Order"
   }
  },
  {
   "type": "Feature",
   "geometry": {
    "type": "Point",
    "coordinates": [
     150.57196287,
     -29.54227684
    ]
   },
   "properties": {
    "name": "18 GEDDES STREET WARIALDA 2402",
    "locID": "LOC000045639410",
    "tech": "FTTC",
    "upgrade": "FTTP_SA",
    "gnaf_pid": "GANSW706223670",
    "tech_change_status": "Eligible to Order"
   }
  },
  {
   "type": "Feature",
   "geometry": {
    "type": "Point",
    "coordinates": [
     150.57209073,
     -29.5428909
    ]
   },
   "properties": {
    "name": "19 GEDDES STREET WARIALDA 2402",
    "locID": "LOC000096267775",
    "tech": "FTTC",
    "upgrade": "FTTP_SA",
    "gnaf_pid": "GANSW706223671",
    "tech_change_status": "Eligible to Order"
   }
  },
  {
   "type": "Feature",
   "geometry": {
    "type": "Point",
    "coordinates": [
     150.57217316,
     -29.54230874
    ]
   },
   "properties": {
    "name": "20 GEDDES STREET WARIALDA 2402",
    "locID": "LOC000002292465",
    "tech": "FTTC",
    "upgrade": "FTTP_SA",
    "gnaf_pid": "GANSW706223673",
    "tech_change_status": "Eligible to Order"
   }
  },
  {
   "type": "Feature",
   "geometry": {
    "type": "Point",
    "coordinates": [
     150.57267394,
     -29.54238005
    ]
   },
   "properties": {
    "name": "22 GEDDES STREET WARIALDA 2402",
    "locID": "LOC000055604711",
    "tech": "FTTC",
    "upgrade": "FTTP_SA",
    "gnaf_pid": "GANSW706223675",
    "tech_change_status": "Eligible to Order"
   }
  },
  {
   "type": "Feature",
   "geometry": {
    "type": "Point",
    "coordinates": [
     150.57301797,
     -29.54221208
    ]
   },
   "properties": {
    "name": "24 GEDDES STREET WARIALDA 2402",
    "locID": "LOC000057704178",
    "tech": "FTTC",
    "upgrade": "FTTP_SA",
    "gnaf_pid": "GANSW706223676",
    "tech_change_status": "Eligible to Order"
   }
  },
  {
   "type": "Feature",
   "geometry": {
    "type": "Point",
    "coordinates": [
     150.57345456,
     -29.54313281
    ]
   },
   "properties": {
    "name": "29 GEDDES STREET WARIALDA 2402",
    "locID": "LOC000044498947",
    "tech": "FTTC",
    "upgrade": "FTTP_SA",
    "gnaf_pid": "GANSW706223677",
    "tech_change_status": "Eligible to Order"
   }
  },
  {
   "type": "Feature",
   "geometry": {
    "type": "Point",
    "coordinates": [
     150.5702999,
     -29.54267499
    ]
   },
   "properties": {
    "name": "3 GEDDES STREET WARIALDA 2402",
    "locID": "LOC000101238784",
    "tech": "FTTC",
    "upgrade": "FTTP_SA",
    "gnaf_pid": "GANSW706223678",
    "tech_change_status": "Eligible to Order"
   }
  },
  {
   "type": "Feature",
   "geometry": {
    "type": "Point",
    "coordinates": [
     150.57368881,
     -29.54317283
    ]
   },
   "properties": {
    "name": "31 GEDDES STREET WARIALDA 2402",
    "locID": "LOC000100121417",
    "tech": "FTTC",
    "upgrade": "FTTP_SA",
    "gnaf_pid": "GANSW706223679",
    "tech_change_status": "Eligible to Order"
   }
  },
  {
   "type": "Feature",
   "geometry": {
    "type": "Point",
    "coordinates": [
     150.57388549,
     -29.54320072
    ]
   },
   "properties": {
    "name": "33 GEDDES STREET WARIALDA 2402",
    "locID": "LOC000046105429",
    "tech": "FTTC",
    "upgrade": "FTTP_SA",
    "gnaf_pid": "GANSW706223680",
    "tech_change_status": "Eligible to Order"
   }
  },
  {
   "type": "Feature",
   "geometry": {
    "type": "Point",
    "coordinates": [
     150.57409614,
     -29.54323061
    ]
   },
   "properties": {
    "name": "35 GEDDES STREET WARIALDA 2402",
    "locID": "LOC000105480800",
    "tech": "FTTC",
    "upgrade": "FTTP_SA",
    "gnaf_pid": "GANSW706223681",
    "tech_change_status": "Eligible to Order"
   }
  },
  {
   "type": "Feature",
   "geometry": {
    "type": "Point",
    "coordinates": [
     150.57491093,
     -29.5432952
    ]
   },
   "properties": {
    "name": "45 GEDDES STREET WARIALDA 2402",
    "locID": "LOC000088002408",
    "tech": "FTTC",
    "upgrade": "FTTP_NA",
    "gnaf_pid": "GANSW706223683",
    "tech_change_status": "MDU Complex Eligible To Apply"
   }
  },
  {
   "type": "Feature",
   "geometry": {
    "type": "Point",
    "coordinates": [
     150.57510664,
     -29.54338244
    ]
   },
   "properties": {
    "name": "47 GEDDES STREET WARIALDA 2402",
    "locID": "LOC000092108250",
    "tech": "FTTC",
    "upgrade": "FTTP_SA",
    "gnaf_pid": "GANSW706223684",
    "tech_change_status": "Eligible to Order"
   }
  },
  {
   "type": "Feature",
   "geometry": {
    "type": "Point",
    "coordinates": [
     150.57610326,
     -29.54265545
    ]
   },
   "properties": {
    "name": "56 GEDDES STREET WARIALDA 2402",
    "locID": "LOC000088362399",
    "tech": "FTTC",
    "upgrade": "FTTP_SA",
    "gnaf_pid": "GANSW706223686",
    "tech_change_status": "Eligible to Order"
   }
  },
  {
   "type": "Feature",
   "geometry": {
    "type": "Point",
    "coordinates": [
     150.57630442,
     -29.54268508
    ]
   },
   "properties": {
    "name": "58 GEDDES STREET WARIALDA 2402",
    "locID": "LOC000101238784",
    "tech": "FTTC",
    "upgrade": "FTTP_SA",
    "gnaf_pid": "GANSW706223687",
    "tech_change_status": "Eligible to Order"
   }
  },
  {
   "type": "Feature",
   "geometry": {
    "type": "Point",
    "coordinates": [
     150.57076267,
     -29.5418733
    ]
   },
   "properties": {
    "name": "6 GEDDES STREET WARIALDA 2402",
    "locID": "LOC000089135696",
    "tech": "FTTC",
    "upgrade": "FTTP_SA",
    "gnaf_pid": "GANSW706223688",
    "tech_change_status": "Eligible to Order"
   }
  },
  {
   "type": "Feature",
   "geometry": {
    "type": "Point",
    "coordinates": [
     150.57097364,
     -29.54190442
    ]
   },
   "properties": {
    "name": "8 GEDDES STREET WARIALDA 2402",
    "locID": "LOC000087346521",
    "tech": "FTTC",
    "upgrade": "FTTP_SA",
    "gnaf_pid": "GANSW706223696",
    "tech_change_status": "Eligible to Order"
   }
  },
  {
   "type": "Feature",
   "geometry": {
    "type": "Point",
    "coordinates": [
     150.57102123,
     -29.54277731
    ]
   },
   "properties": {
    "name": "9 GEDDES STREET WARIALDA 2402",
    "locID": "LOC000019016118",
    "tech": "FTTC",
    "upgrade": "FTTP_SA",
    "gnaf_pid": "GANSW706223697",
    "tech_change_status": "Eligible to Order"
   }
  },
  {
   "type": "Feature",
   "geometry": {
    "type": "Point",
    "coordinates": [
     150.58012824,
     -29.54024066
    ]
   },
   "properties": {
    "name": "12 GRAGIN ROAD WARIALDA 2402",
    "locID": "LOC000101855888",
    "tech": "FTTC",
    "upgrade": "FTTP_SA",
    "gnaf_pid": "GANSW706223698",
    "tech_change_status": "Eligible to Order"
   }
  },
  {
   "type": "Feature",
   "geometry": {
    "type": "Point",
    "coordinates": [
     150.58060784,
     -29.54038964
    ]
   },
   "properties": {
    "name": "14 GRAGIN ROAD WARIALDA 2402",
    "locID": "LOC000003792038",
    "tech": "FTTC",
    "upgrade": "FTTP_SA",
    "gnaf_pid": "GANSW706223699",
    "tech_change_status": "Eligible to Order"
   }
  },
  {
   "type": "Feature",
   "geometry": {
    "type": "Point",
    "coordinates": [
     150.58008622,
     -29.54100938
    ]
   },
   "properties": {
    "name": "15 GRAGIN ROAD WARIALDA 2402",
    "locID": "LOC000053898972",
    "tech": "FTTC",
    "upgrade": "FTTP_SA",
    "gnaf_pid": "GANSW706223700",
    "tech_change_status": "Eligible to Order"
   }
  },
  {
   "type": "Feature",
   "geometry": {
    "type": "Point",
    "coordinates": [
     150.5711908,
     -29.54077894
    ]
   },
   "properties": {
    "name": "7 HOPE STREET WARIALDA 2402",
    "locID": "LOC000032237577",
    "tech": "FTTC",
    "upgrade": "FTTP_SA",
    "gnaf_pid": "GANSW706227329",
    "tech_change_status": "Eligible to Order"
   }
  },
  {
   "type": "Feature",
   "geometry": {
    "type": "Point",
    "coordinates": [
     150.57579684,
     -29.54082223
    ]
   },
   "properties": {
    "name": "70 HOPE STREET WARIALDA 2402",
    "locID": "LOC000056972524",
    "tech": "FTTC",
    "upgrade": "FTTP_SA",
    "gnaf_pid": "GANSW706227330",
    "tech_change_status": "Eligible to Order"
   }
  },
  {
   "type": "Feature",
   "geometry": {
    "type": "Point",
    "coordinates": [
     150.57606963,
     -29.54055276
    ]
   },
   "properties": {
    "name": "72 HOPE STREET WARIALDA 2402",
    "locID": "LOC000037991802",
    "tech": "FTTC",
    "upgrade": "FTTP_SA",
    "gnaf_pid": "GANSW706227331",
    "tech_change_status": "Eligible to Order"
   }
  },
  {
   "type": "Feature",
   "geometry": {
    "type": "Point",
    "coordinates": [
     150.57411059,
     -29.5387065
    ]
   },
   "properties": {
    "name": "113 LONG STREET WARIALDA 2402",
    "locID": "LOC000027303494",
    "tech": "FTTC",
    "upgrade": "FTTP_SA",
    "gnaf_pid": "GANSW706227349",
    "tech_change_status": "Eligible to Order"
   }
  },
  {
   "type": "Feature",
   "geometry": {
    "type": "Point",
    "coordinates": [
     150.57268609,
     -29.53736582
    ]
   },
   "properties": {
    "name": "100 LONG STREET WARIALDA 2402",
    "locID": "LOC000090554394",
    "tech": "FTTC",
    "upgrade": "FTTP_SA",
    "gnaf_pid": "GANSW706227350",
    "tech_change_status": "Eligible to Order"
   }
  },
  {
   "type": "Feature",
   "geometry": {
    "type": "Point",
    "coordinates": [
     150.57289269,
     -29.5373961
    ]
   },
   "properties": {
    "name": "102 LONG STREET WARIALDA 2402",
    "locID": "LOC000086779283",
    "tech": "FTTC",
    "upgrade": "FTTP_SA",
    "gnaf_pid": "GANSW706227351",
    "tech_change_status": "Eligible to Order"
   }
  },
  {
   "type": "Feature",
   "geometry": {
    "type": "Point",
    "coordinates": [
     150.57309643,
     -29.53742596
    ]
   },
   "properties": {
    "name": "104 LONG STREET WARIALDA 2402",
    "locID": "LOC000081717599",
    "tech": "FTTC",
    "upgrade": "FTTP_SA",
    "gnaf_pid": "GANSW706227352",
    "tech_change_status": "Eligible to Order"
   }
  },
  {
   "type": "Feature",
   "geometry": {
    "type": "Point",
    "coordinates": [
     150.57364986,
     -29.53892596
    ]
   },
   "properties": {
    "name": "109 LONG STREET WARIALDA 2402",
    "locID": "LOC000033034276",
    "tech": "FTTC",
    "upgrade": "FTTP_SA",
    "gnaf_pid": "GANSW706227355",
    "tech_change_status": "Eligible to Order"
   }
  },
  {
   "type": "Feature",
   "geometry": {
    "type": "Point",
    "coordinates": [
     150.56233392,
     -29.53723197
    ]
   },
   "properties": {
    "name": "11 LONG STREET WARIALDA 2402",
    "locID": "LOC000007211794",
    "tech": "FTTC",
    "upgrade": "FTTP_SA",
    "gnaf_pid": "GANSW706227356",
    "tech_change_status": "Eligible to Order"
   }
  },
  {
   "type": "Feature",
   "geometry": {
    "type": "Point",
    "coordinates": [
     150.57391604,
     -29.53754722
    ]
   },
   "properties": {
    "name": "110 LONG STREET WARIALDA 2402",
    "locID": "LOC000003130880",
    "tech": "FTTC",
    "upgrade": "FTTP_SA",
    "gnaf_pid": "GANSW706227357",
    "tech_change_status": "Eligible to Order"
   }
  },
  {
   "type": "Feature",
   "geometry": {
    "type": "Point",
    "coordinates": [
     150.57385751,
     -29.53893913
    ]
   },
   "properties": {
    "name": "111 LONG STREET WARIALDA 2402",
    "locID": "LOC000056493253",
    "tech": "FTTC",
    "upgrade": "FTTP_SA",
    "gnaf_pid": "GANSW706227358",
    "tech_change_status": "Eligible to Order"
   }
  },
  {
   "type": "Feature",
   "geometry": {
    "type": "Point",
    "coordinates": [
     150.57412501,
     -29.53757859
    ]
   },
   "properties": {
    "name": "112 LONG STREET WARIALDA 2402",
    "locID": "LOC000017619834",
    "tech": "FTTC",
    "upgrade": "FTTP_SA",
    "gnaf_pid": "GANSW706227359",
    "tech_change_status": "Eligible to Order"
   }
  },
  {
   "type": "Feature",
   "geometry": {
    "type": "Point",
    "coordinates": [
     150.57432342,
     -29.53760619
    ]
   },
   "properties": {
    "name": "114 LONG STREET WARIALDA 2402",
    "locID": "LOC000094229642",
    "tech": "FTTC",
    "upgrade": "FTTP_SA",
    "gnaf_pid": "GANSW706227361",
    "tech_change_status": "Eligible to Order"
   }
  },
  {
   "type": "Feature",
   "geometry": {
    "type": "Point",
    "coordinates": [
     150.57416453,
     -29.53915966
    ]
   },
   "properties": {
    "name": "115 LONG STREET WARIALDA 2402",
    "locID": "LOC000027345382",
    "tech": "FTTC",
    "upgrade": "FTTP_SA",
    "gnaf_pid": "GANSW706227362",
    "tech_change_status": "Eligible to Order"
   }
  },
  {
   "type": "Feature",
   "geometry": {
    "type": "Point",
    "coordinates": [
     150.57452127,
     -29.53763483
    ]
   },
   "properties": {
    "name": "116 LONG STREET WARIALDA 2402",
    "locID": "LOC000018137100",
    "tech": "FTTC",
    "upgrade": "FTTP_SA",
    "gnaf_pid": "GANSW706227363",
    "tech_change_status": "Eligible to Order"
   }
  },
  {
   "type": "Feature",
   "geometry": {
    "type": "Point",
    "coordinates": [
     150.57447364,
     -29.53898405
    ]
   },
   "properties": {
    "name": "117 LONG STREET WARIALDA 2402",
    "locID": "LOC000020482758",
    "tech": "FTTC",
    "upgrade": "FTTP_SA",
    "gnaf_pid": "GANSW706227364",
    "tech_change_status": "Eligible to Order"
   }
  },
  {
   "type": "Feature",
   "geometry": {
    "type": "Point",
    "coordinates": [
     150.57472673,
     -29.53766458
    ]
   },
   "properties": {
    "name": "118 LONG STREET WARIALDA 2402",
    "locID": "LOC000069218304",
    "tech": "FTTC",
    "upgrade": "FTTP_SA",
    "gnaf_pid": "GANSW706227365",
    "tech_change_status": "Eligible to Order"
   }
  },
  {
   "type": "Feature",
   "geometry": {
    "type": "Point",
    "coordinates": [
     150.57467559,
     -29.53899418
    ]
   },
   "properties": {
    "name": "119 LONG STREET WARIALDA 2402",
    "locID": "LOC000063432170",
    "tech": "FTTC",
    "upgrade": "FTTP_SA",
    "gnaf_pid": "GANSW706227366",
    "tech_change_status": "Eligible to Order"
   }
  },
  {
   "type": "Feature",
   "geometry": {
    "type": "Point",
    "coordinates": [
     150.56263539,
     -29.53619811
    ]
   },
   "properties": {
    "name": "12 LONG STREET WARIALDA 2402",
    "locID": "LOC000081027112",
    "tech": "FTTC",
    "upgrade": "FTTP_SA",
    "gnaf_pid": "GANSW706227367",
    "tech_change_status": "Eligible to Order"
   }
  },
  {
   "type": "Feature",
   "geometry": {
    "type": "Point",
    "coordinates": [
     150.57492987,
     -29.53769398
    ]
   },
   "properties": {
    "name": "120 LONG STREET WARIALDA 2402",
    "locID": "LOC000029664475",
    "tech": "FTTC",
    "upgrade": "FTTP_SA",
    "gnaf_pid": "GANSW706227368",
    "tech_change_status": "Eligible to Order"
   }
  },
  {
   "type": "Feature",
   "geometry": {
    "type": "Point",
    "coordinates": [
     150.57495678,
     -29.53902108
    ]
   },
   "properties": {
    "name": "121 LONG STREET WARIALDA 2402",
    "locID": "LOC000033324039",
    "tech": "FTTC",
    "upgrade": "FTTP_SA",
    "gnaf_pid": "GANSW706227369",
    "tech_change_status": "Eligible to Order"
   }
  },
  {
   "type": "Feature",
   "geometry": {
    "type": "Point",
    "coordinates": [
     150.57611352,
     -29.53815867
    ]
   },
   "properties": {
    "name": "128 LONG STREET WARIALDA 2402",
    "locID": "LOC000021323497",
    "tech": "FTTC",
    "upgrade": "FTTP_SA",
    "gnaf_pid": "GANSW706227373",
    "tech_change_status": "Eligible to Order"
   }
  },
  {
   "type": "Feature",
   "geometry": {
    "type": "Point",
    "coordinates": [
     150.5763099,
     -29.53819464
    ]
   },
   "properties": {
    "name": "130 LONG STREET WARIALDA 2402",
    "locID": "LOC000110170204",
    "tech": "FTTC",
    "upgrade": "FTTP_SA",
    "gnaf_pid": "GANSW706227375",
    "tech_change_status": "Eligible to Order"
   }
  },
  {
   "type": "Feature",
   "geometry": {
    "type": "Point",
    "coordinates": [
     150.57640849,
     -29.5390791
    ]
   },
   "properties": {
    "name": "131 LONG STREET WARIALDA 2402",
    "locID": "LOC000077217030",
    "tech": "FTTP",
    "upgrade": "NULL_NA",
    "gnaf_pid": "GANSW706227376"
   }
  },
  {
   "type": "Feature",
   "geometry": {
    "type": "Point",
    "coordinates": [
     150.58093494,
     -29.53985835
    ]
   },
   "properties": {
    "name": "151 LONG STREET WARIALDA 2402",
    "locID": "LOC000054389506",
    "tech": "FTTC",
    "upgrade": "FTTP_SA",
    "gnaf_pid": "GANSW706227377",
    "tech_change_status": "Eligible to Order"
   }
  },
  {
   "type": "Feature",
   "geometry": {
    "type": "Point",
    "coordinates": [
     150.58123649,
     -29.53989601
    ]
   },
   "properties": {
    "name": "153 LONG STREET WARIALDA 2402",
    "locID": "LOC000078697074",
    "tech": "FTTC",
    "upgrade": "FTTP_SA",
    "gnaf_pid": "GANSW706227379",
    "tech_change_status": "Eligible to Order"
   }
  },
  {
   "type": "Feature",
   "geometry": {
    "type": "Point",
    "coordinates": [
     150.58153096,
     -29.53993805
    ]
   },
   "properties": {
    "name": "155 LONG STREET WARIALDA 2402",
    "locID": "LOC000089064040",
    "tech": "FTTC",
    "upgrade": "FTTP_SA",
    "gnaf_pid": "GANSW706227380",
    "tech_change_status": "Eligible to Order"
   }
  },
  {
   "type": "Feature",
   "geometry": {
    "type": "Point",
    "coordinates": [
     150.58181386,
     -29.53997844
    ]
   },
   "properties": {
    "name": "157 LONG STREET WARIALDA 2402",
    "locID": "LOC000064355225",
    "tech": "FTTC",
    "upgrade": "FTTP_SA",
    "gnaf_pid": "GANSW706227381",
    "tech_change_status": "Eligible to Order"
   }
  },
  {
   "type": "Feature",
   "geometry": {
    "type": "Point",
    "coordinates": [
     150.58307591,
     -29.53933047
    ]
   },
   "properties": {
    "name": "162 LONG STREET WARIALDA 2402",
    "locID": "LOC000035009561",
    "tech": "FTTC",
    "upgrade": "FTTP_SA",
    "gnaf_pid": "GANSW706230579",
    "tech_change_status": "Eligible to Order"
   }
  },
  {
   "type": "Feature",
   "geometry": {
    "type": "Point",
    "coordinates": [
     150.58392095,
     -29.53880719
    ]
   },
   "properties": {
    "name": "164 LONG STREET WARIALDA 2402",
    "locID": "LOC000005112835",
    "tech": "FTTC",
    "upgrade": "FTTP_SA",
    "gnaf_pid": "GANSW706230581",
    "tech_change_status": "Eligible to Order"
   }
  },
  {
   "type": "Feature",
   "geometry": {
    "type": "Point",
    "coordinates": [
     150.5718547,
     -29.53724391
    ]
   },
   "properties": {
    "name": "92 LONG STREET WARIALDA 2402",
    "locID": "LOC000097676606",
    "tech": "FTTP",
    "upgrade": "NULL_NA",
    "gnaf_pid": "GANSW706230611"
   }
  },
  {
   "type": "Feature",
   "geometry": {
    "type": "Point",
    "coordinates": [
     150.57205593,
     -29.53727342
    ]
   },
   "properties": {
    "name": "94 LONG STREET WARIALDA 2402",
    "locID": "LOC000028038864",
    "tech": "FTTC",
    "upgrade": "FTTP_SA",
    "gnaf_pid": "GANSW706230612",
    "tech_change_status": "Eligible to Order"
   }
  },
  {
   "type": "Feature",
   "geometry": {
    "type": "Point",
    "coordinates": [
     150.57226601,
     -29.53730422
    ]
   },
   "properties": {
    "name": "96 LONG STREET WARIALDA 2402",
    "locID": "LOC000008101697",
    "tech": "FTTP",
    "upgrade": "NULL_NA",
    "gnaf_pid": "GANSW706230613"
   }
  },
  {
   "type": "Feature",
   "geometry": {
    "type": "Point",
    "coordinates": [
     150.57247631,
     -29.53733505
    ]
   },
   "properties": {
    "name": "98 LONG STREET WARIALDA 2402",
    "locID": "LOC000080333144",
    "tech": "FTTC",
    "upgrade": "FTTP_SA",
    "gnaf_pid": "GANSW706230614",
    "tech_change_status": "Eligible to Order"
   }
  },
  {
   "type": "Feature",
   "geometry": {
    "type": "Point",
    "coordinates": [
     150.5757633,
     -29.54625038
    ]
   },
   "properties": {
    "name": "10 MARKET STREET WARIALDA 2402",
    "locID": "LOC000061036100",
    "tech": "FTTC",
    "upgrade": "FTTP_SA",
    "gnaf_pid": "GANSW706230615",
    "tech_change_status": "Eligible to Order"
   }
  },
  {
   "type": "Feature",
   "geometry": {
    "type": "Point",
    "coordinates": [
     150.57077129,
     -29.5429634
    ]
   },
   "properties": {
    "name": "7 GEDDES STREET WARIALDA 2402",
    "locID": "LOC000105112693",
    "tech": "FTTC",
    "upgrade": "FTTP_SA",
    "gnaf_pid": "GANSW706233972",
    "tech_change_status": "Eligible to Order"
   }
  },
  {
   "type": "Feature",
   "geometry": {
    "type": "Point",
    "coordinates": [
     150.5809204,
     -29.54044572
    ]
   },
   "properties": {
    "name": "16 GRAGIN ROAD WARIALDA 2402",
    "locID": "LOC000055071196",
    "tech": "FTTC",
    "upgrade": "FTTP_SA",
    "gnaf_pid": "GANSW706233977",
    "tech_change_status": "Eligible to Order"
   }
  },
  {
   "type": "Feature",
   "geometry": {
    "type": "Point",
    "coordinates": [
     150.581159,
     -29.54053991
    ]
   },
   "properties": {
    "name": "18 GRAGIN ROAD WARIALDA 2402",
    "locID": "LOC000023057135",
    "tech": "FTTC",
    "upgrade": "FTTP_SA",
    "gnaf_pid": "GANSW706233978",
    "tech_change_status": "Eligible to Order"
   }
  },
  {
   "type": "Feature",
   "geometry": {
    "type": "Point",
    "coordinates": [
     150.58033909,
     -29.54113771
    ]
   },
   "properties": {
    "name": "19 GRAGIN ROAD WARIALDA 2402",
    "locID": "LOC000061347876",
    "tech": "FTTC",
    "upgrade": "FTTP_SA",
    "gnaf_pid": "GANSW706233979",
    "tech_change_status": "Eligible to Order"
   }
  },
  {
   "type": "Feature",
   "geometry": {
    "type": "Point",
    "coordinates": [
     150.58136862,
     -29.54060607
    ]
   },
   "properties": {
    "name": "20 GRAGIN ROAD WARIALDA 2402",
    "locID": "LOC000008037296",
    "tech": "FTTC",
    "upgrade": "FTTP_SA",
    "gnaf_pid": "GANSW706233980",
    "tech_change_status": "Eligible to Order"
   }
  },
  {
   "type": "Feature",
   "geometry": {
    "type": "Point",
    "coordinates": [
     150.58053144,
     -29.54129388
    ]
   },
   "properties": {
    "name": "21 GRAGIN ROAD WARIALDA 2402",
    "locID": "LOC000083929125",
    "tech": "FTTC",
    "upgrade": "FTTP_SA",
    "gnaf_pid": "GANSW706233981",
    "tech_change_status": "Eligible to Order"
   }
  },
  {
   "type": "Feature",
   "geometry": {
    "type": "Point",
    "coordinates": [
     150.58148826,
     -29.54100722
    ]
   },
   "properties": {
    "name": "22-24 GRAGIN ROAD WARIALDA 2402",
    "locID": "LOC000113478620",
    "tech": "FTTC",
    "upgrade": "FTTP_SA",
    "gnaf_pid": "GANSW706233982",
    "tech_change_status": "Eligible to Order"
   }
  },
  {
   "type": "Feature",
   "geometry": {
    "type": "Point",
    "coordinates": [
     150.58068035,
     -29.54146816
    ]
   },
   "properties": {
    "name": "23 GRAGIN ROAD WARIALDA 2402",
    "locID": "LOC000072040165",
    "tech": "FTTC",
    "upgrade": "FTTP_SA",
    "gnaf_pid": "GANSW706233983",
    "tech_change_status": "Eligible to Order"
   }
  },
  {
   "type": "Feature",
   "geometry": {
    "type": "Point",
    "coordinates": [
     150.58208277,
     -29.54118005
    ]
   },
   "properties": {
    "name": "26 GRAGIN ROAD WARIALDA 2402",
    "locID": "LOC000061340345",
    "tech": "FTTC",
    "upgrade": "FTTP_SA",
    "gnaf_pid": "GANSW706233985",
    "tech_change_status": "Eligible to Order"
   }
  },
  {
   "type": "Feature",
   "geometry": {
    "type": "Point",
    "coordinates": [
     150.58233401,
     -29.54116225
    ]
   },
   "properties": {
    "name": "28 GRAGIN ROAD WARIALDA 2402",
    "locID": "LOC000067439363",
    "tech": "FTTC",
    "upgrade": "FTTP_SA",
    "gnaf_pid": "GANSW706237181",
    "tech_change_status": "Eligible to Order"
   }
  },
  {
   "type": "Feature",
   "geometry": {
    "type": "Point",
    "coordinates": [
     150.58256161,
     -29.54114612
    ]
   },
   "properties": {
    "name": "30 GRAGIN ROAD WARIALDA 2402",
    "locID": "LOC000072537587",
    "tech": "FTTC",
    "upgrade": "FTTP_SA",
    "gnaf_pid": "GANSW706237182",
    "tech_change_status": "Eligible to Order"
   }
  },
  {
   "type": "Feature",
   "geometry": {
    "type": "Point",
    "coordinates": [
     150.5827873,
     -29.54113013
    ]
   },
   "properties": {
    "name": "32 GRAGIN ROAD WARIALDA 2402",
    "locID": "LOC000026257489",
    "tech": "FTTC",
    "upgrade": "FTTP_SA",
    "gnaf_pid": "GANSW706237183",
    "tech_change_status": "Eligible to Order"
   }
  },
  {
   "type": "Feature",
   "geometry": {
    "type": "Point",
    "coordinates": [
     150.58303243,
     -29.54105742
    ]
   },
   "properties": {
    "name": "34 GRAGIN ROAD WARIALDA 2402",
    "locID": "LOC000035936865",
    "tech": "FTTC",
    "upgrade": "FTTP_SA",
    "gnaf_pid": "GANSW706237186",
    "tech_change_status": "Eligible to Order"
   }
  },
  {
   "type": "Feature",
   "geometry": {
    "type": "Point",
    "coordinates": [
     150.58326538,
     -29.54104055
    ]
   },
   "properties": {
    "name": "36 GRAGIN ROAD WARIALDA 2402",
    "locID": "LOC000009722882",
    "tech": "FTTC",
    "upgrade": "FTTP_SA",
    "gnaf_pid": "GANSW706237188",
    "tech_change_status": "Eligible to Order"
   }
  },
  {
   "type": "Feature",
   "geometry": {
    "type": "Point",
    "coordinates": [
     150.58350537,
     -29.54102318
    ]
   },
   "properties": {
    "name": "38 GRAGIN ROAD WARIALDA 2402",
    "locID": "LOC000098982065",
    "tech": "FTTC",
    "upgrade": "FTTP_SA",
    "gnaf_pid": "GANSW706237190",
    "tech_change_status": "Eligible to Order"
   }
  },
  {
   "type": "Feature",
   "geometry": {
    "type": "Point",
    "coordinates": [
     150.5786165,
     -29.54004839
    ]
   },
   "properties": {
    "name": "7 GRAGIN ROAD WARIALDA 2402",
    "locID": "LOC000052760915",
    "tech": "FTTC",
    "upgrade": "NULL_NA",
    "gnaf_pid": "GANSW706237199"
   }
  },
  {
   "type": "Feature",
   "geometry": {
    "type": "Point",
    "coordinates": [
     150.57524649,
     -29.53634391
    ]
   },
   "properties": {
    "name": "100 HIGH STREET WARIALDA 2402",
    "locID": "LOC000095776058",
    "tech": "FTTN",
    "upgrade": "NULL_NA",
    "gnaf_pid": "GANSW706237210",
    "tech_change_status": "Not Planned"
   }
  },
  {
   "type": "Feature",
   "geometry": {
    "type": "Point",
    "coordinates": [
     150.57466273,
     -29.53688067
    ]
   },
   "properties": {
    "name": "101 HIGH STREET WARIALDA 2402",
    "locID": "LOC000099702530",
    "tech": "FTTN",
    "upgrade": "NULL_NA",
    "gnaf_pid": "GANSW706237211",
    "tech_change_status": "Not Planned"
   }
  },
  {
   "type": "Feature",
   "geometry": {
    "type": "Point",
    "coordinates": [
     150.57549106,
     -29.53637866
    ]
   },
   "properties": {
    "name": "102 HIGH STREET WARIALDA 2402",
    "locID": "LOC000088912784",
    "tech": "FTTN",
    "upgrade": "NULL_NA",
    "gnaf_pid": "GANSW706237212",
    "tech_change_status": "Not Planned"
   }
  },
  {
   "type": "Feature",
   "geometry": {
    "type": "Point",
    "coordinates": [
     150.57496572,
     -29.53692355
    ]
   },
   "properties": {
    "name": "103 HIGH STREET WARIALDA 2402",
    "locID": "LOC000046819211",
    "tech": "FTTN",
    "upgrade": "NULL_NA",
    "gnaf_pid": "GANSW706237213",
    "tech_change_status": "Not Planned"
   }
  },
  {
   "type": "Feature",
   "geometry": {
    "type": "Point",
    "coordinates": [
     150.57332947,
     -29.53590323
    ]
   },
   "properties": {
    "name": "84 HIGH STREET WARIALDA 2402",
    "locID": "LOC000023997922",
    "tech": "FTTN",
    "upgrade": "NULL_NA",
    "gnaf_pid": "GANSW706237243",
    "tech_change_status": "Not Planned"
   }
  },
  {
   "type": "Feature",
   "geometry": {
    "type": "Point",
    "coordinates": [
     150.57404334,
     -29.5360145
    ]
   },
   "properties": {
    "name": "88 HIGH STREET WARIALDA 2402",
    "locID": "LOC000075438906",
    "tech": "FTTN",
    "upgrade": "NULL_NA",
    "gnaf_pid": "GANSW706237244",
    "tech_change_status": "Not Planned"
   }
  },
  {
   "type": "Feature",
   "geometry": {
    "type": "Point",
    "coordinates": [
     150.57324038,
     -29.53667468
    ]
   },
   "properties": {
    "name": "89 HIGH STREET WARIALDA 2402",
    "locID": "LOC000097094810",
    "tech": "FTTN",
    "upgrade": "NULL_NA",
    "gnaf_pid": "GANSW706237245",
    "tech_change_status": "Not Planned"
   }
  },
  {
   "type": "Feature",
   "geometry": {
    "type": "Point",
    "coordinates": [
     150.57419699,
     -29.536037
    ]
   },
   "properties": {
    "name": "90 HIGH STREET WARIALDA 2402",
    "locID": "LOC000063760846",
    "tech": "FTTN",
    "upgrade": "NULL_NA",
    "gnaf_pid": "GANSW706237246",
    "tech_change_status": "Not Planned"
   }
  },
  {
   "type": "Feature",
   "geometry": {
    "type": "Point",
    "coordinates": [
     150.57364672,
     -29.53673686
    ]
   },
   "properties": {
    "name": "91 HIGH STREET WARIALDA 2402",
    "locID": "LOC000007433343",
    "tech": "FTTN",
    "upgrade": "NULL_NA",
    "gnaf_pid": "GANSW706237247",
    "tech_change_status": "Not Planned"
   }
  },
  {
   "type": "Feature",
   "geometry": {
    "type": "Point",
    "coordinates": [
     150.57495601,
     -29.54533333
    ]
   },
   "properties": {
    "name": "59 QUEEN STREET WARIALDA 2402",
    "locID": "LOC000103051180",
    "tech": "FTTC",
    "upgrade": "FTTP_SA",
    "gnaf_pid": "GANSW706240365",
    "tech_change_status": "Eligible to Order"
   }
  },
  {
   "type": "Feature",
   "geometry": {
    "type": "Point",
    "coordinates": [
     150.57357136,
     -29.54041057
    ]
   },
   "properties": {
    "name": "UNIT 3, 26 HOPE STREET WARIALDA 2402",
    "locID": "LOC000037370407",
    "tech": "FTTC",
    "upgrade": "FTTP_NA",
    "gnaf_pid": "GANSW712039327",
    "tech_change_status": "MDU Complex Eligible To Apply"
   }
  },
  {
   "type": "Feature",
   "geometry": {
    "type": "Point",
    "coordinates": [
     150.58061459,
     -29.54624324
    ]
   },
   "properties": {
    "name": "89B QUEEN STREET WARIALDA 2402",
    "locID": "LOC000051891147",
    "tech": "FTTC",
    "upgrade": "FTTP_SA",
    "gnaf_pid": "GANSW712062295",
    "tech_change_status": "Eligible to Order"
   }
  },
  {
   "type": "Feature",
   "geometry": {
    "type": "Point",
    "coordinates": [
     150.5757562,
     -29.53832839
    ]
   },
   "properties": {
    "name": "89 STEPHEN STREET WARIALDA 2402",
    "locID": "LOC000120901511",
    "tech": "FTTC",
    "upgrade": "FTTP_SA",
    "gnaf_pid": "GANSW712062306",
    "tech_change_status": "Eligible to Order"
   }
  },
  {
   "type": "Feature",
   "geometry": {
    "type": "Point",
    "coordinates": [
     150.57653832,
     -29.53558129
    ]
   },
   "properties": {
    "name": "107 STEPHEN STREET WARIALDA 2402",
    "locID": "LOC000002228278",
    "tech": "FTTN",
    "upgrade": "NULL_NA",
    "gnaf_pid": "GANSW712062311",
    "tech_change_status": "Not Planned"
   }
  },
  {
   "type": "Feature",
   "geometry": {
    "type": "Point",
    "coordinates": [
     150.57674566,
     -29.5342137
    ]
   },
   "properties": {
    "name": "117 STEPHEN STREET WARIALDA 2402",
    "locID": "LOC000098996968",
    "tech": "FTTN",
    "upgrade": "NULL_NA",
    "gnaf_pid": "GANSW712062312",
    "tech_change_status": "Not Planned"
   }
  },
  {
   "type": "Feature",
   "geometry": {
    "type": "Point",
    "coordinates": [
     150.57765787,
     -29.53719716
    ]
   },
   "properties": {
    "name": "119 HIGH STREET WARIALDA 2402",
    "locID": "LOC000007310764",
    "tech": "FTTC",
    "upgrade": "FTTP_SA",
    "gnaf_pid": "GANSW712066574",
    "tech_change_status": "Eligible to Order"
   }
  },
  {
   "type": "Feature",
   "geometry": {
    "type": "Point",
    "coordinates": [
     150.57931397,
     -29.53664058
    ]
   },
   "properties": {
    "name": "120 HIGH STREET WARIALDA 2402",
    "locID": "LOC000019393425",
    "tech": "FTTN",
    "upgrade": "NULL_NA",
    "gnaf_pid": "GANSW712066576",
    "tech_change_status": "Not Planned"
   }
  },
  {
   "type": "Feature",
   "geometry": {
    "type": "Point",
    "coordinates": [
     150.57978897,
     -29.53664517
    ]
   },
   "properties": {
    "name": "122 HIGH STREET WARIALDA 2402",
    "locID": "LOC000059475490",
    "tech": "FTTN",
    "upgrade": "NULL_NA",
    "gnaf_pid": "GANSW712066578",
    "tech_change_status": "Not Planned"
   }
  },
  {
   "type": "Feature",
   "geometry": {
    "type": "Point",
    "coordinates": [
     150.56947519,
     -29.54376769
    ]
   },
   "properties": {
    "name": "UNIT 2, 16 HOLDEN STREET WARIALDA 2402",
    "locID": "LOC000120916496",
    "tech": "FTTC",
    "upgrade": "NULL_NA",
    "gnaf_pid": "GANSW712073098"
   }
  },
  {
   "type": "Feature",
   "geometry": {
    "type": "Point",
    "coordinates": [
     150.57003067,
     -29.54415447
    ]
   },
   "properties": {
    "name": "17 HOLDEN STREET WARIALDA 2402",
    "locID": "LOC000026856628",
    "tech": "FTTC",
    "upgrade": "FTTP_SA",
    "gnaf_pid": "GANSW712073100",
    "tech_change_status": "Eligible to Order"
   }
  },
  {
   "type": "Feature",
   "geometry": {
    "type": "Point",
    "coordinates": [
     150.56947519,
     -29.54376769
    ]
   },
   "properties": {
    "name": "18 HOLDEN STREET WARIALDA 2402",
    "locID": "LOC000028971959",
    "tech": "FTTC",
    "upgrade": "NULL_NA",
    "gnaf_pid": "GANSW712076301"
   }
  },
  {
   "type": "Feature",
   "geometry": {
    "type": "Point",
    "coordinates": [
     150.57357136,
     -29.54041057
    ]
   },
   "properties": {
    "name": "UNIT 4, 26 HOPE STREET WARIALDA 2402",
    "locID": "LOC000037198377",
    "tech": "FTTC",
    "upgrade": "FTTP_NA",
    "gnaf_pid": "GANSW712076307",
    "tech_change_status": "MDU Complex Eligible To Apply"
   }
  },
  {
   "type": "Feature",
   "geometry": {
    "type": "Point",
    "coordinates": [
     150.57357136,
     -29.54041057
    ]
   },
   "properties": {
    "name": "UNIT 1, 26 HOPE STREET WARIALDA 2402",
    "locID": "LOC000037357347",
    "tech": "FTTC",
    "upgrade": "FTTP_NA",
    "gnaf_pid": "GANSW712076309",
    "tech_change_status": "MDU Complex Eligible To Apply"
   }
  },
  {
   "type": "Feature",
   "geometry": {
    "type": "Point",
    "coordinates": [
     150.57357136,
     -29.54041057
    ]
   },
   "properties": {
    "name": "UNIT 2, 26 HOPE STREET WARIALDA 2402",
    "locID": "LOC000037098139",
    "tech": "FTTC",
    "upgrade": "FTTP_NA",
    "gnaf_pid": "GANSW712076316",
    "tech_change_status": "MDU Complex Eligible To Apply"
   }
  },
  {
   "type": "Feature",
   "geometry": {
    "type": "Point",
    "coordinates": [
     150.57697779,
     -29.53828322
    ]
   },
   "properties": {
    "name": "134 LONG STREET WARIALDA 2402",
    "locID": "LOC000043179039",
    "tech": "FTTC",
    "upgrade": "FTTP_SA",
    "gnaf_pid": "GANSW712092687",
    "tech_change_status": "Eligible to Order"
   }
  },
  {
   "type": "Feature",
   "geometry": {
    "type": "Point",
    "coordinates": [
     150.57740619,
     -29.53856685
    ]
   },
   "properties": {
    "name": "140 LONG STREET WARIALDA 2402",
    "locID": "LOC000025969014",
    "tech": "FTTP",
    "upgrade": "NULL_NA",
    "gnaf_pid": "GANSW712092689"
   }
  },
  {
   "type": "Feature",
   "geometry": {
    "type": "Point",
    "coordinates": [
     150.58317894,
     -29.54035288
    ]
   },
   "properties": {
    "name": "165 LONG STREET WARIALDA 2402",
    "locID": "LOC000106089133",
    "tech": "FTTC",
    "upgrade": "FTTP_SA",
    "gnaf_pid": "GANSW712092693",
    "tech_change_status": "Eligible to Order"
   }
  },
  {
   "type": "Feature",
   "geometry": {
    "type": "Point",
    "coordinates": [
     150.58458114,
     -29.5403298
    ]
   },
   "properties": {
    "name": "175 LONG STREET WARIALDA 2402",
    "locID": "LOC000043400577",
    "tech": "FTTC",
    "upgrade": "FTTP",
    "gnaf_pid": "GANSW712092694"
   }
  },
  {
   "type": "Feature",
   "geometry": {
    "type": "Point",
    "coordinates": [
     150.56305037,
     -29.53625697
    ]
   },
   "properties": {
    "name": "18 LONG STREET WARIALDA 2402",
    "locID": "LOC000090043675",
    "tech": "FTTC",
    "upgrade": "FTTP_SA",
    "gnaf_pid": "GANSW712092696",
    "tech_change_status": "Eligible to Order"
   }
  },
  {
   "type": "Feature",
   "geometry": {
    "type": "Point",
    "coordinates": [
     150.56377734,
     -29.53636052
    ]
   },
   "properties": {
    "name": "22 LONG STREET WARIALDA 2402",
    "locID": "LOC000163169184",
    "tech": "FTTB",
    "upgrade": "NULL_NA",
    "gnaf_pid": "GANSW712092697"
   }
  },
  {
   "type": "Feature",
   "geometry": {
    "type": "Point",
    "coordinates": [
     150.56377734,
     -29.53636052
    ]
   },
   "properties": {
    "name": "24 LONG STREET WARIALDA 2402",
    "locID": "LOC000086170199",
    "tech": "FTTC",
    "upgrade": "FTTP_SA",
    "gnaf_pid": "GANSW712092698",
    "tech_change_status": "Eligible to Order"
   }
  },
  {
   "type": "Feature",
   "geometry": {
    "type": "Point",
    "coordinates": [
     150.5646023,
     -29.53647894
    ]
   },
   "properties": {
    "name": "26 LONG STREET WARIALDA 2402",
    "locID": "LOC000040596677",
    "tech": "FTTC",
    "upgrade": "FTTP_SA",
    "gnaf_pid": "GANSW712092699",
    "tech_change_status": "Eligible to Order"
   }
  },
  {
   "type": "Feature",
   "geometry": {
    "type": "Point",
    "coordinates": [
     150.5646023,
     -29.53647894
    ]
   },
   "properties": {
    "name": "28 LONG STREET WARIALDA 2402",
    "locID": "LOC000173840037",
    "tech": "FTTB",
    "upgrade": "NULL_NA",
    "gnaf_pid": "GANSW712092700"
   }
  },
  {
   "type": "Feature",
   "geometry": {
    "type": "Point",
    "coordinates": [
     150.57490954,
     -29.54279563
    ]
   },
   "properties": {
    "name": "46 GEDDES STREET WARIALDA 2402",
    "locID": "LOC000014531967",
    "tech": "FTTC",
    "upgrade": "FTTP_SA",
    "gnaf_pid": "GANSW712094425",
    "tech_change_status": "Eligible to Order"
   }
  },
  {
   "type": "Feature",
   "geometry": {
    "type": "Point",
    "coordinates": [
     150.5788912,
     -29.54472854
    ]
   },
   "properties": {
    "name": "1 CROSS STREET WARIALDA 2402",
    "locID": "LOC000084611527",
    "tech": "FTTC",
    "upgrade": "FTTP_SA",
    "gnaf_pid": "GANSW712094456",
    "tech_change_status": "Eligible to Order"
   }
  },
  {
   "type": "Feature",
   "geometry": {
    "type": "Point",
    "coordinates": [
     150.58161291,
     -29.54065402
    ]
   },
   "properties": {
    "name": "28 EAST STREET WARIALDA 2402",
    "locID": "LOC000086923498",
    "tech": "FTTC",
    "upgrade": "FTTP_SA",
    "gnaf_pid": "GANSW712094467",
    "tech_change_status": "Eligible to Order"
   }
  },
  {
   "type": "Feature",
   "geometry": {
    "type": "Point",
    "coordinates": [
     150.5795461,
     -29.54433234
    ]
   },
   "properties": {
    "name": "4 GEDDES LANE WARIALDA 2402",
    "locID": "LOC000014844866",
    "tech": "FTTC",
    "upgrade": "FTTP_SA",
    "gnaf_pid": "GANSW712094469",
    "tech_change_status": "Eligible to Order"
   }
  },
  {
   "type": "Feature",
   "geometry": {
    "type": "Point",
    "coordinates": [
     150.57916655,
     -29.54427711
    ]
   },
   "properties": {
    "name": "2 GEDDES LANE WARIALDA 2402",
    "locID": "LOC000031288857",
    "tech": "FTTC",
    "upgrade": "FTTP_SA",
    "gnaf_pid": "GANSW712094470",
    "tech_change_status": "Eligible to Order"
   }
  },
  {
   "type": "Feature",
   "geometry": {
    "type": "Point",
    "coordinates": [
     150.58031475,
     -29.54444092
    ]
   },
   "properties": {
    "name": "8 GEDDES LANE WARIALDA 2402",
    "locID": "LOC000087356803",
    "tech": "FTTC",
    "upgrade": "FTTP_SA",
    "gnaf_pid": "GANSW712094474",
    "tech_change_status": "Eligible to Order"
   }
  },
  {
   "type": "Feature",
   "geometry": {
    "type": "Point",
    "coordinates": [
     150.57263979,
     -29.54322371
    ]
   },
   "properties": {
    "name": "23 GEDDES STREET WARIALDA 2402",
    "locID": "LOC000008921804",
    "tech": "FTTC",
    "upgrade": "FTTP_SA",
    "gnaf_pid": "GANSW712094504",
    "tech_change_status": "Eligible to Order"
   }
  },
  {
   "type": "Feature",
   "geometry": {
    "type": "Point",
    "coordinates": [
     150.58035527,
     -29.54508153
    ]
   },
   "properties": {
    "name": "22 INVERELL ROAD WARIALDA 2402",
    "locID": "LOC000017245687",
    "tech": "FTTC",
    "upgrade": "FTTP_SA",
    "gnaf_pid": "GANSW712095104",
    "tech_change_status": "Eligible to Order"
   }
  },
  {
   "type": "Feature",
   "geometry": {
    "type": "Point",
    "coordinates": [
     150.57697293,
     -29.5439739
    ]
   },
   "properties": {
    "name": "1 INVERELL ROAD WARIALDA 2402",
    "locID": "LOC000069322093",
    "tech": "FTTP",
    "upgrade": "NULL_NA",
    "gnaf_pid": "GANSW712095105"
   }
  },
  {
   "type": "Feature",
   "geometry": {
    "type": "Point",
    "coordinates": [
     150.57898008,
     -29.54526656
    ]
   },
   "properties": {
    "name": "17 INVERELL ROAD WARIALDA 2402",
    "locID": "LOC000080695061",
    "tech": "FTTC",
    "upgrade": "FTTP_SA",
    "gnaf_pid": "GANSW712095106",
    "tech_change_status": "Eligible to Order"
   }
  },
  {
   "type": "Feature",
   "geometry": {
    "type": "Point",
    "coordinates": [
     150.57964367,
     -29.54545964
    ]
   },
   "properties": {
    "name": "21 INVERELL ROAD WARIALDA 2402",
    "locID": "LOC000101959664",
    "tech": "FTTC",
    "upgrade": "FTTP_SA",
    "gnaf_pid": "GANSW712095107",
    "tech_change_status": "Eligible to Order"
   }
  },
  {
   "type": "Feature",
   "geometry": {
    "type": "Point",
    "coordinates": [
     150.57847461,
     -29.54508638
    ]
   },
   "properties": {
    "name": "15 INVERELL ROAD WARIALDA 2402",
    "locID": "LOC000018369765",
    "tech": "FTTC",
    "upgrade": "FTTP_SA",
    "gnaf_pid": "GANSW712095108",
    "tech_change_status": "Eligible to Order"
   }
  },
  {
   "type": "Feature",
   "geometry": {
    "type": "Point",
    "coordinates": [
     150.57927588,
     -29.54535262
    ]
   },
   "properties": {
    "name": "19 INVERELL ROAD WARIALDA 2402",
    "locID": "LOC000034075823",
    "tech": "FTTC",
    "upgrade": "FTTP_SA",
    "gnaf_pid": "GANSW712095109",
    "tech_change_status": "Eligible to Order"
   }
  },
  {
   "type": "Feature",
   "geometry": {
    "type": "Point",
    "coordinates": [
     150.58032719,
     -29.54565851
    ]
   },
   "properties": {
    "name": "23 INVERELL ROAD WARIALDA 2402",
    "locID": "LOC000048653986",
    "tech": "FTTC",
    "upgrade": "FTTP_SA",
    "gnaf_pid": "GANSW712095112",
    "tech_change_status": "Eligible to Order"
   }
  },
  {
   "type": "Feature",
   "geometry": {
    "type": "Point",
    "coordinates": [
     150.58060121,
     -29.54515823
    ]
   },
   "properties": {
    "name": "24 INVERELL ROAD WARIALDA 2402",
    "locID": "LOC000109740874",
    "tech": "FTTC",
    "upgrade": "FTTP_SA",
    "gnaf_pid": "GANSW712095113",
    "tech_change_status": "Eligible to Order"
   }
  },
  {
   "type": "Feature",
   "geometry": {
    "type": "Point",
    "coordinates": [
     150.58083251,
     -29.54521976
    ]
   },
   "properties": {
    "name": "26 INVERELL ROAD WARIALDA 2402",
    "locID": "LOC000028077448",
    "tech": "FTTC",
    "upgrade": "FTTP_SA",
    "gnaf_pid": "GANSW712095114",
    "tech_change_status": "Eligible to Order"
   }
  },
  {
   "type": "Feature",
   "geometry": {
    "type": "Point",
    "coordinates": [
     150.58381218,
     -29.54100096
    ]
   },
   "properties": {
    "name": "40 GRAGIN ROAD WARIALDA 2402",
    "locID": "LOC000105029587",
    "tech": "FTTC",
    "upgrade": "FTTP_SA",
    "gnaf_pid": "GANSW712095156",
    "tech_change_status": "Eligible to Order"
   }
  },
  {
   "type": "Feature",
   "geometry": {
    "type": "Point",
    "coordinates": [
     150.57699216,
     -29.53916106
    ]
   },
   "properties": {
    "name": "1 GRAGIN ROAD WARIALDA 2402",
    "locID": "LOC000035936865",
    "tech": "FTTC",
    "upgrade": "FTTP_SA",
    "gnaf_pid": "GANSW712095157",
    "tech_change_status": "Eligible to Order"
   }
  },
  {
   "type": "Feature",
   "geometry": {
    "type": "Point",
    "coordinates": [
     150.57809204,
     -29.5397484
    ]
   },
   "properties": {
    "name": "3 GRAGIN ROAD WARIALDA 2402",
    "locID": "LOC000083929125",
    "tech": "FTTC",
    "upgrade": "FTTP_SA",
    "gnaf_pid": "GANSW712095158",
    "tech_change_status": "Eligible to Order"
   }
  },
  {
   "type": "Feature",
   "geometry": {
    "type": "Point",
    "coordinates": [
     150.57836495,
     -29.53990191
    ]
   },
   "properties": {
    "name": "5 GRAGIN ROAD WARIALDA 2402",
    "locID": "LOC000052760915",
    "tech": "FTTC",
    "upgrade": "NULL_NA",
    "gnaf_pid": "GANSW712095159"
   }
  },
  {
   "type": "Feature",
   "geometry": {
    "type": "Point",
    "coordinates": [
     150.57913823,
     -29.54035679
    ]
   },
   "properties": {
    "name": "11 GRAGIN ROAD WARIALDA 2402",
    "locID": "LOC000023057135",
    "tech": "FTTC",
    "upgrade": "FTTP_SA",
    "gnaf_pid": "GANSW712095163",
    "tech_change_status": "Eligible to Order"
   }
  },
  {
   "type": "Feature",
   "geometry": {
    "type": "Point",
    "coordinates": [
     150.66467733,
     -29.53968019
    ]
   },
   "properties": {
    "name": "17 GRAGIN ROAD WARIALDA 2402",
    "locID": "LOC000148066261",
    "tech": "NULL",
    "upgrade": "NULL_NA",
    "gnaf_pid": "GANSW712095165",
    "tech_change_status": "Not Planned"
   }
  },
  {
   "type": "Feature",
   "geometry": {
    "type": "Point",
    "coordinates": [
     150.58113736,
     -29.54156248
    ]
   },
   "properties": {
    "name": "25 GRAGIN ROAD WARIALDA 2402",
    "locID": "LOC000042201808",
    "tech": "FTTC",
    "upgrade": "FTTP_SA",
    "gnaf_pid": "GANSW712095166",
    "tech_change_status": "Eligible to Order"
   }
  },
  {
   "type": "Feature",
   "geometry": {
    "type": "Point",
    "coordinates": [
     150.5828177,
     -29.541747
    ]
   },
   "properties": {
    "name": "35 GRAGIN ROAD WARIALDA 2402",
    "locID": "LOC000039827114",
    "tech": "FTTC",
    "upgrade": "FTTP_SA",
    "gnaf_pid": "GANSW712095167",
    "tech_change_status": "Eligible to Order"
   }
  },
  {
   "type": "Feature",
   "geometry": {
    "type": "Point",
    "coordinates": [
     150.56501276,
     -29.53653862
    ]
   },
   "properties": {
    "name": "30 LONG STREET WARIALDA 2402",
    "locID": "LOC000173840141",
    "tech": "FTTB",
    "upgrade": "NULL_NA",
    "gnaf_pid": "GANSW712095896"
   }
  },
  {
   "type": "Feature",
   "geometry": {
    "type": "Point",
    "coordinates": [
     150.5652194,
     -29.53656776
    ]
   },
   "properties": {
    "name": "32 LONG STREET WARIALDA 2402",
    "locID": "LOC000098665374",
    "tech": "FTTC",
    "upgrade": "FTTP_SA",
    "gnaf_pid": "GANSW712095897",
    "tech_change_status": "Eligible to Order"
   }
  },
  {
   "type": "Feature",
   "geometry": {
    "type": "Point",
    "coordinates": [
     150.57143272,
     -29.53718204
    ]
   },
   "properties": {
    "name": "88 LONG STREET WARIALDA 2402",
    "locID": "LOC000106075779",
    "tech": "FTTC",
    "upgrade": "FTTP_SA",
    "gnaf_pid": "GANSW712095901",
    "tech_change_status": "Eligible to Order"
   }
  },
  {
   "type": "Feature",
   "geometry": {
    "type": "Point",
    "coordinates": [
     150.58110209,
     -29.54507961
    ]
   },
   "properties": {
    "name": "8 PHILP STREET WARIALDA 2402",
    "locID": "LOC000023908686",
    "tech": "FTTC",
    "upgrade": "FTTP_SA",
    "gnaf_pid": "GANSW712095945",
    "tech_change_status": "Eligible to Order"
   }
  },
  {
   "type": "Feature",
   "geometry": {
    "type": "Point",
    "coordinates": [
     150.57518037,
     -29.53564884
    ]
   },
   "properties": {
    "name": "96A STEPHEN STREET WARIALDA 2402",
    "locID": "LOC000075864214",
    "tech": "FTTN",
    "upgrade": "NULL_NA",
    "gnaf_pid": "GANSW712097543",
    "tech_change_status": "Not Planned"
   }
  },
  {
   "type": "Feature",
   "geometry": {
    "type": "Point",
    "coordinates": [
     150.57608205,
     -29.53741722
    ]
   },
   "properties": {
    "name": "93 STEPHEN STREET WARIALDA 2402",
    "locID": "LOC000024557384",
    "tech": "FTTC",
    "upgrade": "FTTP_SA",
    "gnaf_pid": "GANSW712097547",
    "tech_change_status": "Eligible to Order"
   }
  },
  {
   "type": "Feature",
   "geometry": {
    "type": "Point",
    "coordinates": [
     150.57322608,
     -29.53454088
    ]
   },
   "properties": {
    "name": "16 KULABA AVENUE WARIALDA 2402",
    "locID": "LOC000055866170",
    "tech": "FTTN",
    "upgrade": "NULL_NA",
    "gnaf_pid": "GANSW712098278",
    "tech_change_status": "Not Planned"
   }
  },
  {
   "type": "Feature",
   "geometry": {
    "type": "Point",
    "coordinates": [
     150.57466745,
     -29.53325372
    ]
   },
   "properties": {
    "name": "19 KULABA AVENUE WARIALDA 2402",
    "locID": "LOC000103685133",
    "tech": "FTTN",
    "upgrade": "NULL_NA",
    "gnaf_pid": "GANSW712098282",
    "tech_change_status": "Not Planned"
   }
  },
  {
   "type": "Feature",
   "geometry": {
    "type": "Point",
    "coordinates": [
     150.57466745,
     -29.53325372
    ]
   },
   "properties": {
    "name": "23 KULABA AVENUE WARIALDA 2402",
    "locID": "LOC000098592167",
    "tech": "FTTN",
    "upgrade": "NULL_NA",
    "gnaf_pid": "GANSW712098284",
    "tech_change_status": "Not Planned"
   }
  },
  {
   "type": "Feature",
   "geometry": {
    "type": "Point",
    "coordinates": [
     150.57434557,
     -29.53517315
    ]
   },
   "properties": {
    "name": "11 KULABA AVENUE WARIALDA 2402",
    "locID": "LOC000075737607",
    "tech": "FTTN",
    "upgrade": "NULL_NA",
    "gnaf_pid": "GANSW712098286",
    "tech_change_status": "Not Planned"
   }
  },
  {
   "type": "Feature",
   "geometry": {
    "type": "Point",
    "coordinates": [
     150.57322608,
     -29.53454088
    ]
   },
   "properties": {
    "name": "14 KULABA AVENUE WARIALDA 2402",
    "locID": "LOC000066495424",
    "tech": "FTTN",
    "upgrade": "NULL_NA",
    "gnaf_pid": "GANSW712098287",
    "tech_change_status": "Not Planned"
   }
  },
  {
   "type": "Feature",
   "geometry": {
    "type": "Point",
    "coordinates": [
     150.57386363,
     -29.53812353
    ]
   },
   "properties": {
    "name": "2 LONG STREET WARIALDA 2402",
    "locID": "LOC000016790805",
    "tech": "FTTC",
    "upgrade": "FTTP_SA",
    "gnaf_pid": "GANSW712098288",
    "tech_change_status": "Eligible to Order"
   }
  },
  {
   "type": "Feature",
   "geometry": {
    "type": "Point",
    "coordinates": [
     150.57386363,
     -29.53812353
    ]
   },
   "properties": {
    "name": "1 LONG STREET WARIALDA 2402",
    "locID": "LOC000077649458",
    "tech": "FTTC",
    "upgrade": "FTTP_SA",
    "gnaf_pid": "GANSW712098289",
    "tech_change_status": "Eligible to Order"
   }
  },
  {
   "type": "Feature",
   "geometry": {
    "type": "Point",
    "coordinates": [
     150.56223319,
     -29.53636854
    ]
   },
   "properties": {
    "name": "10 LONG STREET WARIALDA 2402",
    "locID": "LOC000103972510",
    "tech": "FTTC",
    "upgrade": "FTTP_SA",
    "gnaf_pid": "GANSW712098291",
    "tech_change_status": "Eligible to Order"
   }
  },
  {
   "type": "Feature",
   "geometry": {
    "type": "Point",
    "coordinates": [
     150.57515722,
     -29.54564609
    ]
   },
   "properties": {
    "name": "UNIT 2, 1 APOLLO AVENUE WARIALDA 2402",
    "locID": "LOC000073612272",
    "tech": "FTTC",
    "upgrade": "FTTP_NA",
    "gnaf_pid": "GANSW712099659",
    "tech_change_status": "MDU Complex Eligible To Apply"
   }
  },
  {
   "type": "Feature",
   "geometry": {
    "type": "Point",
    "coordinates": [
     150.57515722,
     -29.54564609
    ]
   },
   "properties": {
    "name": "UNIT 1, 1 APOLLO AVENUE WARIALDA 2402",
    "locID": "LOC000073612272",
    "tech": "FTTC",
    "upgrade": "FTTP_NA",
    "gnaf_pid": "GANSW712099660",
    "tech_change_status": "MDU Complex Eligible To Apply"
   }
  },
  {
   "type": "Feature",
   "geometry": {
    "type": "Point",
    "coordinates": [
     150.57515722,
     -29.54564609
    ]
   },
   "properties": {
    "name": "UNIT 3, 1 APOLLO AVENUE WARIALDA 2402",
    "locID": "LOC000073612272",
    "tech": "FTTC",
    "upgrade": "FTTP_NA",
    "gnaf_pid": "GANSW712099661",
    "tech_change_status": "MDU Complex Eligible To Apply"
   }
  },
  {
   "type": "Feature",
   "geometry": {
    "type": "Point",
    "coordinates": [
     150.57515722,
     -29.54564609
    ]
   },
   "properties": {
    "name": "UNIT 4, 1 APOLLO AVENUE WARIALDA 2402",
    "locID": "LOC000120916483",
    "tech": "FTTC",
    "upgrade": "FTTP_NA",
    "gnaf_pid": "GANSW712099662",
    "tech_change_status": "MDU Complex Eligible To Apply"
   }
  },
  {
   "type": "Feature",
   "geometry": {
    "type": "Point",
    "coordinates": [
     150.57444197,
     -29.5468204
    ]
   },
   "properties": {
    "name": "2 APOLLO AVENUE WARIALDA 2402",
    "locID": "LOC000070500502",
    "tech": "FTTC",
    "upgrade": "FTTP_NA",
    "gnaf_pid": "GANSW712099663",
    "tech_change_status": "MDU Complex Eligible To Apply"
   }
  },
  {
   "type": "Feature",
   "geometry": {
    "type": "Point",
    "coordinates": [
     150.57434835,
     -29.54245144
    ]
   },
   "properties": {
    "name": "16 STEPHEN STREET WARIALDA 2402",
    "locID": "LOC000043171384",
    "tech": "FTTC",
    "upgrade": "FTTP_SA",
    "gnaf_pid": "GANSW712101805",
    "tech_change_status": "Eligible to Order"
   }
  },
  {
   "type": "Feature",
   "geometry": {
    "type": "Point",
    "coordinates": [
     150.57653832,
     -29.53558129
    ]
   },
   "properties": {
    "name": "105 STEPHEN STREET WARIALDA 2402",
    "locID": "LOC000080155571",
    "tech": "FTTN",
    "upgrade": "NULL_NA",
    "gnaf_pid": "GANSW712101812",
    "tech_change_status": "Not Planned"
   }
  },
  {
   "type": "Feature",
   "geometry": {
    "type": "Point",
    "coordinates": [
     150.57674566,
     -29.5342137
    ]
   },
   "properties": {
    "name": "119 STEPHEN STREET WARIALDA 2402",
    "locID": "LOC000120919252",
    "tech": "FTTN",
    "upgrade": "NULL_NA",
    "gnaf_pid": "GANSW712101814",
    "tech_change_status": "Not Planned"
   }
  },
  {
   "type": "Feature",
   "geometry": {
    "type": "Point",
    "coordinates": [
     150.56495332,
     -29.53855317
    ]
   },
   "properties": {
    "name": "28 WATER STREET WARIALDA 2402",
    "locID": "LOC000010011090",
    "tech": "FTTC",
    "upgrade": "FTTP_SA",
    "gnaf_pid": "GANSW712105059",
    "tech_change_status": "Eligible to Order"
   }
  },
  {
   "type": "Feature",
   "geometry": {
    "type": "Point",
    "coordinates": [
     150.56536629,
     -29.53861171
    ]
   },
   "properties": {
    "name": "32 WATER STREET WARIALDA 2402",
    "locID": "LOC000072506824",
    "tech": "FTTP",
    "upgrade": "NULL_NA",
    "gnaf_pid": "GANSW712105062"
   }
  },
  {
   "type": "Feature",
   "geometry": {
    "type": "Point",
    "coordinates": [
     150.57878772,
     -29.53458956
    ]
   },
   "properties": {
    "name": "38 CRANE STREET WARIALDA 2402",
    "locID": "LOC000034863475",
    "tech": "FTTN",
    "upgrade": "NULL_NA",
    "gnaf_pid": "GANSW712111033",
    "tech_change_status": "Not Planned"
   }
  },
  {
   "type": "Feature",
   "geometry": {
    "type": "Point",
    "coordinates": [
     150.57967109,
     -29.5346569
    ]
   },
   "properties": {
    "name": "44 CRANE STREET WARIALDA 2402",
    "locID": "LOC000034863475",
    "tech": "FTTN",
    "upgrade": "NULL_NA",
    "gnaf_pid": "GANSW712111036",
    "tech_change_status": "Not Planned"
   }
  },
  {
   "type": "Feature",
   "geometry": {
    "type": "Point",
    "coordinates": [
     150.57865396,
     -29.54738845
    ]
   },
   "properties": {
    "name": "10 CROSS STREET WARIALDA 2402",
    "locID": "LOC000084611527",
    "tech": "FTTC",
    "upgrade": "FTTP_SA",
    "gnaf_pid": "GANSW712111040",
    "tech_change_status": "Eligible to Order"
   }
  },
  {
   "type": "Feature",
   "geometry": {
    "type": "Point",
    "coordinates": [
     150.5787009,
     -29.54714309
    ]
   },
   "properties": {
    "name": "8 CROSS STREET WARIALDA 2402",
    "locID": "LOC000076418826",
    "tech": "FTTC",
    "upgrade": "FTTP_SA",
    "gnaf_pid": "GANSW712111041",
    "tech_change_status": "Eligible to Order"
   }
  },
  {
   "type": "Feature",
   "geometry": {
    "type": "Point",
    "coordinates": [
     150.58459241,
     -29.5408292
    ]
   },
   "properties": {
    "name": "44 GRAGIN ROAD WARIALDA 2402",
    "locID": "LOC000081906185",
    "tech": "FTTC",
    "upgrade": "FTTP_SA",
    "gnaf_pid": "GANSW712111544",
    "tech_change_status": "Eligible to Order"
   }
  },
  {
   "type": "Feature",
   "geometry": {
    "type": "Point",
    "coordinates": [
     150.58422965,
     -29.54089385
    ]
   },
   "properties": {
    "name": "42 GRAGIN ROAD WARIALDA 2402",
    "locID": "LOC000045884927",
    "tech": "FTTC",
    "upgrade": "FTTP_SA",
    "gnaf_pid": "GANSW712111549",
    "tech_change_status": "Eligible to Order"
   }
  },
  {
   "type": "Feature",
   "geometry": {
    "type": "Point",
    "coordinates": [
     150.572931,
     -29.54102985
    ]
   },
   "properties": {
    "name": "21 HOPE STREET WARIALDA 2402",
    "locID": "LOC000031330719",
    "tech": "FTTC",
    "upgrade": "FTTP_SA",
    "gnaf_pid": "GANSW712112233",
    "tech_change_status": "Eligible to Order"
   }
  },
  {
   "type": "Feature",
   "geometry": {
    "type": "Point",
    "coordinates": [
     150.572931,
     -29.54102985
    ]
   },
   "properties": {
    "name": "23 HOPE STREET WARIALDA 2402",
    "locID": "LOC000001362877",
    "tech": "FTTC",
    "upgrade": "FTTP_SA",
    "gnaf_pid": "GANSW712112234",
    "tech_change_status": "Eligible to Order"
   }
  },
  {
   "type": "Feature",
   "geometry": {
    "type": "Point",
    "coordinates": [
     150.57352267,
     -29.5418106
    ]
   },
   "properties": {
    "name": "27 HOPE STREET WARIALDA 2402",
    "locID": "LOC000079178204",
    "tech": "FTTC",
    "upgrade": "FTTP_SA",
    "gnaf_pid": "GANSW712112235",
    "tech_change_status": "Eligible to Order"
   }
  },
  {
   "type": "Feature",
   "geometry": {
    "type": "Point",
    "coordinates": [
     150.57548988,
     -29.54138474
    ]
   },
   "properties": {
    "name": "41 HOPE STREET WARIALDA 2402",
    "locID": "LOC000100077710",
    "tech": "FTTC",
    "upgrade": "FTTP_SA",
    "gnaf_pid": "GANSW712112238",
    "tech_change_status": "Eligible to Order"
   }
  },
  {
   "type": "Feature",
   "geometry": {
    "type": "Point",
    "coordinates": [
     150.57948844,
     -29.54483047
    ]
   },
   "properties": {
    "name": "20 INVERELL ROAD WARIALDA 2402",
    "locID": "LOC000160159914",
    "tech": "FTTC",
    "upgrade": "FTTP_SA",
    "gnaf_pid": "GANSW712112244",
    "tech_change_status": "Eligible to Order"
   }
  },
  {
   "type": "Feature",
   "geometry": {
    "type": "Point",
    "coordinates": [
     150.57741459,
     -29.54355924
    ]
   },
   "properties": {
    "name": "6 INVERELL ROAD WARIALDA 2402",
    "locID": "LOC000092939368",
    "tech": "FTTP",
    "upgrade": "NULL_NA",
    "gnaf_pid": "GANSW712112245"
   }
  },
  {
   "type": "Feature",
   "geometry": {
    "type": "Point",
    "coordinates": [
     150.57378627,
     -29.53597685
    ]
   },
   "properties": {
    "name": "86 HIGH STREET WARIALDA 2402",
    "locID": "LOC000017437741",
    "tech": "FTTN",
    "upgrade": "NULL_NA",
    "gnaf_pid": "GANSW712112283",
    "tech_change_status": "Not Planned"
   }
  },
  {
   "type": "Feature",
   "geometry": {
    "type": "Point",
    "coordinates": [
     150.57583267,
     -29.54596055
    ]
   },
   "properties": {
    "name": "22 MARKET STREET WARIALDA 2402",
    "locID": "LOC000044459926",
    "tech": "FTTC",
    "upgrade": "FTTP_SA",
    "gnaf_pid": "GANSW712113065",
    "tech_change_status": "Eligible to Order"
   }
  },
  {
   "type": "Feature",
   "geometry": {
    "type": "Point",
    "coordinates": [
     150.57659954,
     -29.54578341
    ]
   },
   "properties": {
    "name": "23 MARKET STREET WARIALDA 2402",
    "locID": "LOC000055325339",
    "tech": "FTTC",
    "upgrade": "FTTP_SA",
    "gnaf_pid": "GANSW712113066",
    "tech_change_status": "Eligible to Order"
   }
  },
  {
   "type": "Feature",
   "geometry": {
    "type": "Point",
    "coordinates": [
     150.57664924,
     -29.54552398
    ]
   },
   "properties": {
    "name": "25 MARKET STREET WARIALDA 2402",
    "locID": "LOC000061421669",
    "tech": "FTTC",
    "upgrade": "FTTP_SA",
    "gnaf_pid": "GANSW712113067",
    "tech_change_status": "Eligible to Order"
   }
  },
  {
   "type": "Feature",
   "geometry": {
    "type": "Point",
    "coordinates": [
     150.57748526,
     -29.53812656
    ]
   },
   "properties": {
    "name": "72 MARKET STREET WARIALDA 2402",
    "locID": "LOC000101212732",
    "tech": "FTTC",
    "upgrade": "FTTP_SA",
    "gnaf_pid": "GANSW712113077",
    "tech_change_status": "Eligible to Order"
   }
  },
  {
   "type": "Feature",
   "geometry": {
    "type": "Point",
    "coordinates": [
     150.57755747,
     -29.53774448
    ]
   },
   "properties": {
    "name": "74 MARKET STREET WARIALDA 2402",
    "locID": "LOC000051641302",
    "tech": "FTTC",
    "upgrade": "FTTP_SA",
    "gnaf_pid": "GANSW712113107",
    "tech_change_status": "Eligible to Order"
   }
  },
  {
   "type": "Feature",
   "geometry": {
    "type": "Point",
    "coordinates": [
     150.57126855,
     -29.53696782
    ]
   },
   "properties": {
    "name": "38 HOLDEN STREET WARIALDA 2402",
    "locID": "LOC000096336969",
    "tech": "FTTC",
    "upgrade": "FTTP_SA",
    "gnaf_pid": "GANSW712114983",
    "tech_change_status": "Eligible to Order"
   }
  },
  {
   "type": "Feature",
   "geometry": {
    "type": "Point",
    "coordinates": [
     150.56947519,
     -29.54376769
    ]
   },
   "properties": {
    "name": "UNIT 2, 18 HOLDEN STREET WARIALDA 2402",
    "locID": "LOC000029009039",
    "tech": "FTTC",
    "upgrade": "FTTP_NA",
    "gnaf_pid": "GANSW712114985",
    "tech_change_status": "MDU Complex Eligible To Apply"
   }
  },
  {
   "type": "Feature",
   "geometry": {
    "type": "Point",
    "coordinates": [
     150.56947519,
     -29.54376769
    ]
   },
   "properties": {
    "name": "UNIT 1, 16 HOLDEN STREET WARIALDA 2402",
    "locID": "LOC000120916496",
    "tech": "FTTC",
    "upgrade": "NULL_NA",
    "gnaf_pid": "GANSW712114989"
   }
  },
  {
   "type": "Feature",
   "geometry": {
    "type": "Point",
    "coordinates": [
     150.5699538,
     -29.5451015
    ]
   },
   "properties": {
    "name": "11 HOLDEN STREET WARIALDA 2402",
    "locID": "LOC000070299632",
    "tech": "FTTC",
    "upgrade": "FTTP_SA",
    "gnaf_pid": "GANSW712114991",
    "tech_change_status": "Eligible to Order"
   }
  },
  {
   "type": "Feature",
   "geometry": {
    "type": "Point",
    "coordinates": [
     150.56947519,
     -29.54376769
    ]
   },
   "properties": {
    "name": "UNIT 1, 18 HOLDEN STREET WARIALDA 2402",
    "locID": "LOC000028971959",
    "tech": "FTTC",
    "upgrade": "NULL_NA",
    "gnaf_pid": "GANSW712114998"
   }
  },
  {
   "type": "Feature",
   "geometry": {
    "type": "Point",
    "coordinates": [
     150.57502441,
     -29.53407717
    ]
   },
   "properties": {
    "name": "18 CRANE STREET WARIALDA 2402",
    "locID": "LOC000090832464",
    "tech": "FTTN",
    "upgrade": "NULL_NA",
    "gnaf_pid": "GANSW712116462",
    "tech_change_status": "Not Planned"
   }
  },
  {
   "type": "Feature",
   "geometry": {
    "type": "Point",
    "coordinates": [
     150.57431271,
     -29.53397277
    ]
   },
   "properties": {
    "name": "12 CRANE STREET WARIALDA 2402",
    "locID": "LOC000065377776",
    "tech": "FTTN",
    "upgrade": "NULL_NA",
    "gnaf_pid": "GANSW712116468",
    "tech_change_status": "Not Planned"
   }
  },
  {
   "type": "Feature",
   "geometry": {
    "type": "Point",
    "coordinates": [
     150.57560697,
     -29.53489446
    ]
   },
   "properties": {
    "name": "19 CRANE STREET WARIALDA 2402",
    "locID": "LOC000036447179",
    "tech": "FTTN",
    "upgrade": "NULL_NA",
    "gnaf_pid": "GANSW712116469",
    "tech_change_status": "Not Planned"
   }
  },
  {
   "type": "Feature",
   "geometry": {
    "type": "Point",
    "coordinates": [
     150.57707536,
     -29.53515278
    ]
   },
   "properties": {
    "name": "21 CRANE STREET WARIALDA 2402",
    "locID": "LOC000033970043",
    "tech": "FTTN",
    "upgrade": "NULL_NA",
    "gnaf_pid": "GANSW712116473",
    "tech_change_status": "Not Planned"
   }
  },
  {
   "type": "Feature",
   "geometry": {
    "type": "Point",
    "coordinates": [
     150.57982511,
     -29.53573473
    ]
   },
   "properties": {
    "name": "43 CRANE STREET WARIALDA 2402",
    "locID": "LOC000023167020",
    "tech": "FTTN",
    "upgrade": "NULL_NA",
    "gnaf_pid": "GANSW712116474",
    "tech_change_status": "Not Planned"
   }
  },
  {
   "type": "Feature",
   "geometry": {
    "type": "Point",
    "coordinates": [
     150.57784331,
     -29.53448624
    ]
   },
   "properties": {
    "name": "28 CRANE STREET WARIALDA 2402",
    "locID": "LOC000120883261",
    "tech": "FTTN",
    "upgrade": "NULL_NA",
    "gnaf_pid": "GANSW712116476",
    "tech_change_status": "Not Planned"
   }
  },
  {
   "type": "Feature",
   "geometry": {
    "type": "Point",
    "coordinates": [
     150.57784331,
     -29.53448624
    ]
   },
   "properties": {
    "name": "30 CRANE STREET WARIALDA 2402",
    "locID": "LOC000120883261",
    "tech": "FTTN",
    "upgrade": "NULL_NA",
    "gnaf_pid": "GANSW712116477",
    "tech_change_status": "Not Planned"
   }
  },
  {
   "type": "Feature",
   "geometry": {
    "type": "Point",
    "coordinates": [
     150.57747358,
     -29.5345864
    ]
   },
   "properties": {
    "name": "26A CRANE STREET WARIALDA 2402",
    "locID": "LOC000020554324",
    "tech": "FTTN",
    "upgrade": "NULL_NA",
    "gnaf_pid": "GANSW712116480",
    "tech_change_status": "Not Planned"
   }
  },
  {
   "type": "Feature",
   "geometry": {
    "type": "Point",
    "coordinates": [
     150.57719559,
     -29.53439066
    ]
   },
   "properties": {
    "name": "24 CRANE STREET WARIALDA 2402",
    "locID": "LOC000002404115",
    "tech": "FTTN",
    "upgrade": "NULL_NA",
    "gnaf_pid": "GANSW712116481",
    "tech_change_status": "Not Planned"
   }
  },
  {
   "type": "Feature",
   "geometry": {
    "type": "Point",
    "coordinates": [
     150.57431271,
     -29.53397277
    ]
   },
   "properties": {
    "name": "10 CRANE STREET WARIALDA 2402",
    "locID": "LOC000090010918",
    "tech": "FTTN",
    "upgrade": "NULL_NA",
    "gnaf_pid": "GANSW712116483",
    "tech_change_status": "Not Planned"
   }
  },
  {
   "type": "Feature",
   "geometry": {
    "type": "Point",
    "coordinates": [
     150.57502441,
     -29.53407717
    ]
   },
   "properties": {
    "name": "16 CRANE STREET WARIALDA 2402",
    "locID": "LOC000120924491",
    "tech": "FTTN",
    "upgrade": "NULL_NA",
    "gnaf_pid": "GANSW712116488",
    "tech_change_status": "Not Planned"
   }
  },
  {
   "type": "Feature",
   "geometry": {
    "type": "Point",
    "coordinates": [
     150.57611501,
     -29.5342398
    ]
   },
   "properties": {
    "name": "20 CRANE STREET WARIALDA 2402",
    "locID": "LOC000034045033",
    "tech": "FTTN",
    "upgrade": "NULL_NA",
    "gnaf_pid": "GANSW712116489",
    "tech_change_status": "Not Planned"
   }
  },
  {
   "type": "Feature",
   "geometry": {
    "type": "Point",
    "coordinates": [
     150.57719559,
     -29.53439066
    ]
   },
   "properties": {
    "name": "22 CRANE STREET WARIALDA 2402",
    "locID": "LOC000032007645",
    "tech": "FTTN",
    "upgrade": "NULL_NA",
    "gnaf_pid": "GANSW712116490",
    "tech_change_status": "Not Planned"
   }
  },
  {
   "type": "Feature",
   "geometry": {
    "type": "Point",
    "coordinates": [
     150.56595699,
     -29.53775391
    ]
   },
   "properties": {
    "name": "39 LONG STREET WARIALDA 2402",
    "locID": "LOC000077556997",
    "tech": "FTTC",
    "upgrade": "FTTP_SA",
    "gnaf_pid": "GANSW712118479",
    "tech_change_status": "Eligible to Order"
   }
  },
  {
   "type": "Feature",
   "geometry": {
    "type": "Point",
    "coordinates": [
     150.57386363,
     -29.53812353
    ]
   },
   "properties": {
    "name": "15 LONG STREET WARIALDA 2402",
    "locID": "LOC000163169695",
    "tech": "FTTB",
    "upgrade": "NULL_NA",
    "gnaf_pid": "GANSW712118480"
   }
  },
  {
   "type": "Feature",
   "geometry": {
    "type": "Point",
    "coordinates": [
     150.56305988,
     -29.53733528
    ]
   },
   "properties": {
    "name": "17 LONG STREET WARIALDA 2402",
    "locID": "LOC000107053902",
    "tech": "FTTC",
    "upgrade": "FTTP_SA",
    "gnaf_pid": "GANSW712118482",
    "tech_change_status": "Eligible to Order"
   }
  },
  {
   "type": "Feature",
   "geometry": {
    "type": "Point",
    "coordinates": [
     150.57188426,
     -29.53876289
    ]
   },
   "properties": {
    "name": "85 LONG STREET WARIALDA 2402",
    "locID": "LOC000011273926",
    "tech": "FTTC",
    "upgrade": "FTTP_SA",
    "gnaf_pid": "GANSW712118483",
    "tech_change_status": "Eligible to Order"
   }
  },
  {
   "type": "Feature",
   "geometry": {
    "type": "Point",
    "coordinates": [
     150.56542564,
     -29.53659809
    ]
   },
   "properties": {
    "name": "34 LONG STREET WARIALDA 2402",
    "locID": "LOC000059944403",
    "tech": "FTTC",
    "upgrade": "FTTP_SA",
    "gnaf_pid": "GANSW712118487",
    "tech_change_status": "Eligible to Order"
   }
  },
  {
   "type": "Feature",
   "geometry": {
    "type": "Point",
    "coordinates": [
     150.57357916,
     -29.5376468
    ]
   },
   "properties": {
    "name": "106 LONG STREET WARIALDA 2402",
    "locID": "LOC000004600397",
    "tech": "FTTC",
    "upgrade": "FTTP_SA",
    "gnaf_pid": "GANSW712118508",
    "tech_change_status": "Eligible to Order"
   }
  },
  {
   "type": "Feature",
   "geometry": {
    "type": "Point",
    "coordinates": [
     150.57564648,
     -29.539018
    ]
   },
   "properties": {
    "name": "UNIT 2, 125 LONG STREET WARIALDA 2402",
    "locID": "LOC000049492350",
    "tech": "FTTP",
    "upgrade": "NULL_NA",
    "gnaf_pid": "GANSW712118509"
   }
  },
  {
   "type": "Feature",
   "geometry": {
    "type": "Point",
    "coordinates": [
     150.57656654,
     -29.53822396
    ]
   },
   "properties": {
    "name": "132 LONG STREET WARIALDA 2402",
    "locID": "LOC000098964889",
    "tech": "FTTP",
    "upgrade": "NULL_NA",
    "gnaf_pid": "GANSW712118510"
   }
  },
  {
   "type": "Feature",
   "geometry": {
    "type": "Point",
    "coordinates": [
     150.57397497,
     -29.54445779
    ]
   },
   "properties": {
    "name": "2 STEPHEN STREET WARIALDA 2402",
    "locID": "LOC000001620307",
    "tech": "FTTP",
    "upgrade": "NULL_NA",
    "gnaf_pid": "GANSW712122076"
   }
  },
  {
   "type": "Feature",
   "geometry": {
    "type": "Point",
    "coordinates": [
     150.57450974,
     -29.54180229
    ]
   },
   "properties": {
    "name": "26 STEPHEN STREET WARIALDA 2402",
    "locID": "LOC000021557953",
    "tech": "FTTC",
    "upgrade": "FTTP_SA",
    "gnaf_pid": "GANSW712122079",
    "tech_change_status": "Eligible to Order"
   }
  },
  {
   "type": "Feature",
   "geometry": {
    "type": "Point",
    "coordinates": [
     150.5766576,
     -29.54296448
    ]
   },
   "properties": {
    "name": "62 GEDDES STREET WARIALDA 2402",
    "locID": "LOC000002271918",
    "tech": "FTTC",
    "upgrade": "FTTP_SA",
    "gnaf_pid": "GANSW712128442",
    "tech_change_status": "Eligible to Order"
   }
  },
  {
   "type": "Feature",
   "geometry": {
    "type": "Point",
    "coordinates": [
     150.57339734,
     -29.54279778
    ]
   },
   "properties": {
    "name": "61 GEDDES STREET WARIALDA 2402",
    "locID": "LOC000175547075",
    "tech": "FTTC",
    "upgrade": "FTTP_SA",
    "gnaf_pid": "GANSW712128447",
    "tech_change_status": "Eligible to Order"
   }
  },
  {
   "type": "Feature",
   "geometry": {
    "type": "Point",
    "coordinates": [
     150.57239412,
     -29.54306122
    ]
   },
   "properties": {
    "name": "21 GEDDES STREET WARIALDA 2402",
    "locID": "LOC000179998851",
    "tech": "FTTC",
    "upgrade": "FTTP_SA",
    "gnaf_pid": "GANSW712128449",
    "tech_change_status": "Eligible to Order"
   }
  },
  {
   "type": "Feature",
   "geometry": {
    "type": "Point",
    "coordinates": [
     150.57491093,
     -29.5432952
    ]
   },
   "properties": {
    "name": "UNIT 3, 45 GEDDES STREET WARIALDA 2402",
    "locID": "LOC000088182483",
    "tech": "FTTC",
    "upgrade": "FTTP_NA",
    "gnaf_pid": "GANSW712128451",
    "tech_change_status": "MDU Complex Eligible To Apply"
   }
  },
  {
   "type": "Feature",
   "geometry": {
    "type": "Point",
    "coordinates": [
     150.5757196,
     -29.54348821
    ]
   },
   "properties": {
    "name": "53 GEDDES STREET WARIALDA 2402",
    "locID": "LOC000028989080",
    "tech": "FTTC",
    "upgrade": "FTTP_SA",
    "gnaf_pid": "GANSW712128452",
    "tech_change_status": "Eligible to Order"
   }
  },
  {
   "type": "Feature",
   "geometry": {
    "type": "Point",
    "coordinates": [
     150.57491093,
     -29.5432952
    ]
   },
   "properties": {
    "name": "UNIT 2, 45 GEDDES STREET WARIALDA 2402",
    "locID": "LOC000088002408",
    "tech": "FTTC",
    "upgrade": "FTTP_NA",
    "gnaf_pid": "GANSW712128455",
    "tech_change_status": "MDU Complex Eligible To Apply"
   }
  },
  {
   "type": "Feature",
   "geometry": {
    "type": "Point",
    "coordinates": [
     150.57327906,
     -29.54313451
    ]
   },
   "properties": {
    "name": "27 GEDDES STREET WARIALDA 2402",
    "locID": "LOC000088514243",
    "tech": "FTTC",
    "upgrade": "FTTP_SA",
    "gnaf_pid": "GANSW712128456",
    "tech_change_status": "Eligible to Order"
   }
  },
  {
   "type": "Feature",
   "geometry": {
    "type": "Point",
    "coordinates": [
     150.5753187,
     -29.54340018
    ]
   },
   "properties": {
    "name": "49 GEDDES STREET WARIALDA 2402",
    "locID": "LOC000081162127",
    "tech": "FTTC",
    "upgrade": "FTTP_SA",
    "gnaf_pid": "GANSW712128459",
    "tech_change_status": "Eligible to Order"
   }
  },
  {
   "type": "Feature",
   "geometry": {
    "type": "Point",
    "coordinates": [
     150.58059179,
     -29.54218203
    ]
   },
   "properties": {
    "name": "71 HOPE STREET WARIALDA 2402",
    "locID": "LOC000055410364",
    "tech": "FTTC",
    "upgrade": "FTTP_SA",
    "gnaf_pid": "GANSW712129056",
    "tech_change_status": "Eligible to Order"
   }
  },
  {
   "type": "Feature",
   "geometry": {
    "type": "Point",
    "coordinates": [
     150.57653072,
     -29.54179446
    ]
   },
   "properties": {
    "name": "51 HOPE STREET WARIALDA 2402",
    "locID": "LOC000005044340",
    "tech": "FTTC",
    "upgrade": "FTTP_SA",
    "gnaf_pid": "GANSW712129057",
    "tech_change_status": "Eligible to Order"
   }
  },
  {
   "type": "Feature",
   "geometry": {
    "type": "Point",
    "coordinates": [
     150.57302285,
     -29.54058317
    ]
   },
   "properties": {
    "name": "22 HOPE STREET WARIALDA 2402",
    "locID": "LOC000049369662",
    "tech": "FTTP",
    "upgrade": "NULL_NA",
    "gnaf_pid": "GANSW712129061"
   }
  },
  {
   "type": "Feature",
   "geometry": {
    "type": "Point",
    "coordinates": [
     150.57441413,
     -29.54048998
    ]
   },
   "properties": {
    "name": "38 HOPE STREET WARIALDA 2402",
    "locID": "LOC000078847765",
    "tech": "FTTC",
    "upgrade": "FTTP_SA",
    "gnaf_pid": "GANSW712129062",
    "tech_change_status": "Eligible to Order"
   }
  },
  {
   "type": "Feature",
   "geometry": {
    "type": "Point",
    "coordinates": [
     150.57457337,
     -29.54067158
    ]
   },
   "properties": {
    "name": "42 HOPE STREET WARIALDA 2402",
    "locID": "LOC000120889009",
    "tech": "FTTC",
    "upgrade": "FTTP_SA",
    "gnaf_pid": "GANSW712129063",
    "tech_change_status": "Eligible to Order"
   }
  },
  {
   "type": "Feature",
   "geometry": {
    "type": "Point",
    "coordinates": [
     150.57479772,
     -29.54047154
    ]
   },
   "properties": {
    "name": "46 HOPE STREET WARIALDA 2402",
    "locID": "LOC000090199607",
    "tech": "FTTC",
    "upgrade": "FTTP_SA",
    "gnaf_pid": "GANSW712129065",
    "tech_change_status": "Eligible to Order"
   }
  },
  {
   "type": "Feature",
   "geometry": {
    "type": "Point",
    "coordinates": [
     150.57479772,
     -29.54047154
    ]
   },
   "properties": {
    "name": "48 HOPE STREET WARIALDA 2402",
    "locID": "LOC000031487427",
    "tech": "FTTC",
    "upgrade": "FTTP_SA",
    "gnaf_pid": "GANSW712129067",
    "tech_change_status": "Eligible to Order"
   }
  },
  {
   "type": "Feature",
   "geometry": {
    "type": "Point",
    "coordinates": [
     150.57560637,
     -29.54089256
    ]
   },
   "properties": {
    "name": "60 HOPE STREET WARIALDA 2402",
    "locID": "LOC000071921846",
    "tech": "FTTC",
    "upgrade": "FTTP_SA",
    "gnaf_pid": "GANSW712129069",
    "tech_change_status": "Eligible to Order"
   }
  },
  {
   "type": "Feature",
   "geometry": {
    "type": "Point",
    "coordinates": [
     150.57441413,
     -29.54048998
    ]
   },
   "properties": {
    "name": "36 HOPE STREET WARIALDA 2402",
    "locID": "LOC000069306981",
    "tech": "FTTC",
    "upgrade": "FTTP_SA",
    "gnaf_pid": "GANSW712129076",
    "tech_change_status": "Eligible to Order"
   }
  },
  {
   "type": "Feature",
   "geometry": {
    "type": "Point",
    "coordinates": [
     150.57457337,
     -29.54067158
    ]
   },
   "properties": {
    "name": "40 HOPE STREET WARIALDA 2402",
    "locID": "LOC000120889009",
    "tech": "FTTC",
    "upgrade": "FTTP_SA",
    "gnaf_pid": "GANSW712129077",
    "tech_change_status": "Eligible to Order"
   }
  },
  {
   "type": "Feature",
   "geometry": {
    "type": "Point",
    "coordinates": [
     150.57479772,
     -29.54047154
    ]
   },
   "properties": {
    "name": "50 HOPE STREET WARIALDA 2402",
    "locID": "LOC000088058019",
    "tech": "FTTC",
    "upgrade": "FTTP_SA",
    "gnaf_pid": "GANSW712129079",
    "tech_change_status": "Eligible to Order"
   }
  },
  {
   "type": "Feature",
   "geometry": {
    "type": "Point",
    "coordinates": [
     150.57560737,
     -29.54038747
    ]
   },
   "properties": {
    "name": "54 HOPE STREET WARIALDA 2402",
    "locID": "LOC000036946956",
    "tech": "FTTC",
    "upgrade": "FTTP_SA",
    "gnaf_pid": "GANSW712129080",
    "tech_change_status": "Eligible to Order"
   }
  },
  {
   "type": "Feature",
   "geometry": {
    "type": "Point",
    "coordinates": [
     150.57744314,
     -29.54435129
    ]
   },
   "properties": {
    "name": "7 INVERELL ROAD WARIALDA 2402",
    "locID": "LOC000051510330",
    "tech": "FTTC",
    "upgrade": "FTTP_SA",
    "gnaf_pid": "GANSW712129630",
    "tech_change_status": "Eligible to Order"
   }
  },
  {
   "type": "Feature",
   "geometry": {
    "type": "Point",
    "coordinates": [
     150.57795415,
     -29.54378543
    ]
   },
   "properties": {
    "name": "8 INVERELL ROAD WARIALDA 2402",
    "locID": "LOC000109740874",
    "tech": "FTTC",
    "upgrade": "FTTP_SA",
    "gnaf_pid": "GANSW712129631",
    "tech_change_status": "Eligible to Order"
   }
  },
  {
   "type": "Feature",
   "geometry": {
    "type": "Point",
    "coordinates": [
     150.57770276,
     -29.54446126
    ]
   },
   "properties": {
    "name": "9 INVERELL ROAD WARIALDA 2402",
    "locID": "LOC000049640503",
    "tech": "FTTC",
    "upgrade": "FTTP_SA",
    "gnaf_pid": "GANSW712129632",
    "tech_change_status": "Eligible to Order"
   }
  },
  {
   "type": "Feature",
   "geometry": {
    "type": "Point",
    "coordinates": [
     150.5780746,
     -29.54461877
    ]
   },
   "properties": {
    "name": "13 INVERELL ROAD WARIALDA 2402",
    "locID": "LOC000002449129",
    "tech": "FTTC",
    "upgrade": "FTTP_SA",
    "gnaf_pid": "GANSW712129636",
    "tech_change_status": "Eligible to Order"
   }
  },
  {
   "type": "Feature",
   "geometry": {
    "type": "Point",
    "coordinates": [
     150.56570374,
     -29.53568754
    ]
   },
   "properties": {
    "name": "31 JAMES STREET WARIALDA 2402",
    "locID": "LOC000051747461",
    "tech": "FTTC",
    "upgrade": "FTTP_SA",
    "gnaf_pid": "GANSW712129640",
    "tech_change_status": "Eligible to Order"
   }
  },
  {
   "type": "Feature",
   "geometry": {
    "type": "Point",
    "coordinates": [
     150.56498278,
     -29.53558531
    ]
   },
   "properties": {
    "name": "27 JAMES STREET WARIALDA 2402",
    "locID": "LOC000074227202",
    "tech": "FTTC",
    "upgrade": "FTTP_SA",
    "gnaf_pid": "GANSW712129643",
    "tech_change_status": "Eligible to Order"
   }
  },
  {
   "type": "Feature",
   "geometry": {
    "type": "Point",
    "coordinates": [
     150.56802114,
     -29.53806563
    ]
   },
   "properties": {
    "name": "69 LONG STREET WARIALDA 2402",
    "locID": "LOC000019714054",
    "tech": "FTTP",
    "upgrade": "NULL_NA",
    "gnaf_pid": "GANSW712129883"
   }
  },
  {
   "type": "Feature",
   "geometry": {
    "type": "Point",
    "coordinates": [
     150.57471627,
     -29.54326732
    ]
   },
   "properties": {
    "name": "43 GEDDES STREET WARIALDA 2402",
    "locID": "LOC000052862957",
    "tech": "FTTC",
    "upgrade": "FTTP_SA",
    "gnaf_pid": "GANSW712131687",
    "tech_change_status": "Eligible to Order"
   }
  },
  {
   "type": "Feature",
   "geometry": {
    "type": "Point",
    "coordinates": [
     150.57491093,
     -29.5432952
    ]
   },
   "properties": {
    "name": "UNIT 1, 45 GEDDES STREET WARIALDA 2402",
    "locID": "LOC000087977017",
    "tech": "FTTC",
    "upgrade": "FTTP_NA",
    "gnaf_pid": "GANSW712131689",
    "tech_change_status": "MDU Complex Eligible To Apply"
   }
  },
  {
   "type": "Feature",
   "geometry": {
    "type": "Point",
    "coordinates": [
     150.57058538,
     -29.54200282
    ]
   },
   "properties": {
    "name": "4 GEDDES STREET WARIALDA 2402",
    "locID": "LOC000052862957",
    "tech": "FTTC",
    "upgrade": "FTTP_SA",
    "gnaf_pid": "GANSW712131691",
    "tech_change_status": "Eligible to Order"
   }
  },
  {
   "type": "Feature",
   "geometry": {
    "type": "Point",
    "coordinates": [
     150.5703925,
     -29.54494251
    ]
   },
   "properties": {
    "name": "UNIT 2, 27 QUEEN STREET WARIALDA 2402",
    "locID": "LOC000040043372",
    "tech": "FTTP",
    "upgrade": "NULL_NA",
    "gnaf_pid": "GANSW712134933"
   }
  },
  {
   "type": "Feature",
   "geometry": {
    "type": "Point",
    "coordinates": [
     150.5703925,
     -29.54494251
    ]
   },
   "properties": {
    "name": "UNIT 1, 27 QUEEN STREET WARIALDA 2402",
    "locID": "LOC000040119075",
    "tech": "FTTP",
    "upgrade": "NULL_NA",
    "gnaf_pid": "GANSW712134934"
   }
  },
  {
   "type": "Feature",
   "geometry": {
    "type": "Point",
    "coordinates": [
     150.57811995,
     -29.54513789
    ]
   },
   "properties": {
    "name": "UNIT 2, 78 QUEEN STREET WARIALDA 2402",
    "locID": "LOC000037186621",
    "tech": "FTTC",
    "upgrade": "FTTP_SA",
    "gnaf_pid": "GANSW712134938",
    "tech_change_status": "Eligible to Order"
   }
  },
  {
   "type": "Feature",
   "geometry": {
    "type": "Point",
    "coordinates": [
     150.57811995,
     -29.54513789
    ]
   },
   "properties": {
    "name": "UNIT 1, 78 QUEEN STREET WARIALDA 2402",
    "locID": "LOC000037056687",
    "tech": "FTTC",
    "upgrade": "FTTP_SA",
    "gnaf_pid": "GANSW712134943",
    "tech_change_status": "Eligible to Order"
   }
  },
  {
   "type": "Feature",
   "geometry": {
    "type": "Point",
    "coordinates": [
     150.58283059,
     -29.54010602
    ]
   },
   "properties": {
    "name": "161 LONG STREET WARIALDA 2402",
    "locID": "LOC000047004651",
    "tech": "FTTC",
    "upgrade": "FTTP_SA",
    "gnaf_pid": "GANSW712135628",
    "tech_change_status": "Eligible to Order"
   }
  },
  {
   "type": "Feature",
   "geometry": {
    "type": "Point",
    "coordinates": [
     150.57564648,
     -29.539018
    ]
   },
   "properties": {
    "name": "UNIT 1, 125 LONG STREET WARIALDA 2402",
    "locID": "LOC000049692546",
    "tech": "FTTP",
    "upgrade": "NULL_NA",
    "gnaf_pid": "GANSW712135634"
   }
  },
  {
   "type": "Feature",
   "geometry": {
    "type": "Point",
    "coordinates": [
     150.57697779,
     -29.53828322
    ]
   },
   "properties": {
    "name": "136 LONG STREET WARIALDA 2402",
    "locID": "LOC000043179039",
    "tech": "FTTC",
    "upgrade": "FTTP_SA",
    "gnaf_pid": "GANSW712135637",
    "tech_change_status": "Eligible to Order"
   }
  },
  {
   "type": "Feature",
   "geometry": {
    "type": "Point",
    "coordinates": [
     150.58006087,
     -29.53972814
    ]
   },
   "properties": {
    "name": "145 LONG STREET WARIALDA 2402",
    "locID": "LOC000031786097",
    "tech": "FTTC",
    "upgrade": "FTTP_SA",
    "gnaf_pid": "GANSW712135638",
    "tech_change_status": "Eligible to Order"
   }
  },
  {
   "type": "Feature",
   "geometry": {
    "type": "Point",
    "coordinates": [
     150.56305037,
     -29.53625697
    ]
   },
   "properties": {
    "name": "16 LONG STREET WARIALDA 2402",
    "locID": "LOC000104143063",
    "tech": "FTTP",
    "upgrade": "NULL_NA",
    "gnaf_pid": "GANSW712135639"
   }
  },
  {
   "type": "Feature",
   "geometry": {
    "type": "Point",
    "coordinates": [
     150.58344608,
     -29.5403624
    ]
   },
   "properties": {
    "name": "167 LONG STREET WARIALDA 2402",
    "locID": "LOC000101170361",
    "tech": "FTTC",
    "upgrade": "FTTP_SA",
    "gnaf_pid": "GANSW712135640",
    "tech_change_status": "Eligible to Order"
   }
  },
  {
   "type": "Feature",
   "geometry": {
    "type": "Point",
    "coordinates": [
     150.58373586,
     -29.54037418
    ]
   },
   "properties": {
    "name": "169 LONG STREET WARIALDA 2402",
    "locID": "LOC000066577448",
    "tech": "FTTC",
    "upgrade": "FTTP_SA",
    "gnaf_pid": "GANSW712135641",
    "tech_change_status": "Eligible to Order"
   }
  },
  {
   "type": "Feature",
   "geometry": {
    "type": "Point",
    "coordinates": [
     150.58405764,
     -29.54063233
    ]
   },
   "properties": {
    "name": "171 LONG STREET WARIALDA 2402",
    "locID": "LOC000080714938",
    "tech": "FTTC",
    "upgrade": "FTTP_SA",
    "gnaf_pid": "GANSW712135642",
    "tech_change_status": "Eligible to Order"
   }
  },
  {
   "type": "Feature",
   "geometry": {
    "type": "Point",
    "coordinates": [
     150.58148826,
     -29.54100722
    ]
   },
   "properties": {
    "name": "22 GRAGIN ROAD WARIALDA 2402",
    "locID": "LOC000113478620",
    "tech": "FTTC",
    "upgrade": "FTTP_SA",
    "gnaf_pid": "GANSW712145624",
    "tech_change_status": "Eligible to Order"
   }
  },
  {
   "type": "Feature",
   "geometry": {
    "type": "Point",
    "coordinates": [
     150.57230078,
     -29.53556675
    ]
   },
   "properties": {
    "name": "76 HIGH STREET WARIALDA 2402",
    "locID": "LOC000013814327",
    "tech": "FTTN",
    "upgrade": "NULL_NA",
    "gnaf_pid": "GANSW712145652",
    "tech_change_status": "Not Planned"
   }
  },
  {
   "type": "Feature",
   "geometry": {
    "type": "Point",
    "coordinates": [
     150.57257676,
     -29.53560593
    ]
   },
   "properties": {
    "name": "78 HIGH STREET WARIALDA 2402",
    "locID": "LOC000090537309",
    "tech": "FTTN",
    "upgrade": "NULL_NA",
    "gnaf_pid": "GANSW712145658",
    "tech_change_status": "Not Planned"
   }
  },
  {
   "type": "Feature",
   "geometry": {
    "type": "Point",
    "coordinates": [
     150.57978897,
     -29.53664517
    ]
   },
   "properties": {
    "name": "126 HIGH STREET WARIALDA 2402",
    "locID": "LOC000094308121",
    "tech": "FTTN",
    "upgrade": "NULL_NA",
    "gnaf_pid": "GANSW712145673",
    "tech_change_status": "Not Planned"
   }
  },
  {
   "type": "Feature",
   "geometry": {
    "type": "Point",
    "coordinates": [
     150.57071406,
     -29.53723005
    ]
   },
   "properties": {
    "name": "84 LONG STREET WARIALDA 2402",
    "locID": "LOC000037962120",
    "tech": "FTTC",
    "upgrade": "FTTP_SA",
    "gnaf_pid": "GANSW712155712",
    "tech_change_status": "Eligible to Order"
   }
  },
  {
   "type": "Feature",
   "geometry": {
    "type": "Point",
    "coordinates": [
     150.56615625,
     -29.53670349
    ]
   },
   "properties": {
    "name": "40 LONG STREET WARIALDA 2402",
    "locID": "LOC000018448784",
    "tech": "FTTC",
    "upgrade": "FTTP_SA",
    "gnaf_pid": "GANSW712155714",
    "tech_change_status": "Eligible to Order"
   }
  },
  {
   "type": "Feature",
   "geometry": {
    "type": "Point",
    "coordinates": [
     150.57044868,
     -29.53853194
    ]
   },
   "properties": {
    "name": "81 LONG STREET WARIALDA 2402",
    "locID": "LOC000011542045",
    "tech": "FTTC",
    "upgrade": "FTTP_SA",
    "gnaf_pid": "GANSW712155715",
    "tech_change_status": "Eligible to Order"
   }
  },
  {
   "type": "Feature",
   "geometry": {
    "type": "Point",
    "coordinates": [
     150.57164501,
     -29.53721317
    ]
   },
   "properties": {
    "name": "90 LONG STREET WARIALDA 2402",
    "locID": "LOC000075817543",
    "tech": "FTTC",
    "upgrade": "FTTP_SA",
    "gnaf_pid": "GANSW712155718",
    "tech_change_status": "Eligible to Order"
   }
  },
  {
   "type": "Feature",
   "geometry": {
    "type": "Point",
    "coordinates": [
     150.56684874,
     -29.53788802
    ]
   },
   "properties": {
    "name": "43 LONG STREET WARIALDA 2402",
    "locID": "LOC000020985267",
    "tech": "FTTC",
    "upgrade": "FTTP_SA",
    "gnaf_pid": "GANSW712155719",
    "tech_change_status": "Eligible to Order"
   }
  },
  {
   "type": "Feature",
   "geometry": {
    "type": "Point",
    "coordinates": [
     150.57518871,
     -29.53799171
    ]
   },
   "properties": {
    "name": "122 LONG STREET WARIALDA 2402",
    "locID": "LOC000077163342",
    "tech": "FTTC",
    "upgrade": "FTTP_SA",
    "gnaf_pid": "GANSW712192844",
    "tech_change_status": "Eligible to Order"
   }
  },
  {
   "type": "Feature",
   "geometry": {
    "type": "Point",
    "coordinates": [
     150.57040411,
     -29.53718659
    ]
   },
   "properties": {
    "name": "82 LONG STREET WARIALDA 2402",
    "locID": "LOC000016790805",
    "tech": "FTTC",
    "upgrade": "FTTP_SA",
    "gnaf_pid": "GANSW712192850",
    "tech_change_status": "Eligible to Order"
   }
  },
  {
   "type": "Feature",
   "geometry": {
    "type": "Point",
    "coordinates": [
     150.57761693,
     -29.53882602
    ]
   },
   "properties": {
    "name": "84 MARKET STREET WARIALDA 2402",
    "locID": "LOC000062624836",
    "tech": "FTTN",
    "upgrade": "NULL_NA",
    "gnaf_pid": "GANSW712192946",
    "tech_change_status": "Not Planned"
   }
  },
  {
   "type": "Feature",
   "geometry": {
    "type": "Point",
    "coordinates": [
     150.57856423,
     -29.53674987
    ]
   },
   "properties": {
    "name": "81 MARKET STREET WARIALDA 2402",
    "locID": "LOC000060071939",
    "tech": "FTTN",
    "upgrade": "NULL_NA",
    "gnaf_pid": "GANSW712192958",
    "tech_change_status": "Not Planned"
   }
  },
  {
   "type": "Feature",
   "geometry": {
    "type": "Point",
    "coordinates": [
     150.58408958,
     -29.5425092
    ]
   },
   "properties": {
    "name": "43 GRAGIN ROAD WARIALDA 2402",
    "locID": "LOC000112678599",
    "tech": "FTTC",
    "upgrade": "FTTP_SA",
    "gnaf_pid": "GANSW713130239",
    "tech_change_status": "Eligible to Order"
   }
  },
  {
   "type": "Feature",
   "geometry": {
    "type": "Point",
    "coordinates": [
     150.57978897,
     -29.53664517
    ]
   },
   "properties": {
    "name": "128 HIGH STREET WARIALDA 2402",
    "locID": "LOC000024753312",
    "tech": "FTTN",
    "upgrade": "NULL_NA",
    "gnaf_pid": "GANSW713140141",
    "tech_change_status": "Not Planned"
   }
  },
  {
   "type": "Feature",
   "geometry": {
    "type": "Point",
    "coordinates": [
     150.5733397,
     -29.53890124
    ]
   },
   "properties": {
    "name": "107 LONG STREET WARIALDA 2402",
    "locID": "LOC000028813922",
    "tech": "FTTC",
    "upgrade": "FTTP_SA",
    "gnaf_pid": "GANSW713142839",
    "tech_change_status": "Eligible to Order"
   }
  },
  {
   "type": "Feature",
   "geometry": {
    "type": "Point",
    "coordinates": [
     150.58289182,
     -29.53859956
    ]
   },
   "properties": {
    "name": "160 LONG STREET WARIALDA 2402",
    "locID": "LOC000078580996",
    "tech": "FTTC",
    "upgrade": "FTTP_SA",
    "gnaf_pid": "GANSW713142840",
    "tech_change_status": "Eligible to Order"
   }
  },
  {
   "type": "Feature",
   "geometry": {
    "type": "Point",
    "coordinates": [
     150.57316103,
     -29.53545999
    ]
   },
   "properties": {
    "name": "10 KULABA AVENUE WARIALDA 2402",
    "locID": "LOC000101617882",
    "tech": "FTTN",
    "upgrade": "NULL_NA",
    "gnaf_pid": "GANSW713155616",
    "tech_change_status": "Not Planned"
   }
  },
  {
   "type": "Feature",
   "geometry": {
    "type": "Point",
    "coordinates": [
     150.57466745,
     -29.53325372
    ]
   },
   "properties": {
    "name": "21 KULABA AVENUE WARIALDA 2402",
    "locID": "LOC000080224144",
    "tech": "FTTN",
    "upgrade": "NULL_NA",
    "gnaf_pid": "GANSW713155617",
    "tech_change_status": "Not Planned"
   }
  },
  {
   "type": "Feature",
   "geometry": {
    "type": "Point",
    "coordinates": [
     150.56454034,
     -29.53849441
    ]
   },
   "properties": {
    "name": "24 WATER STREET WARIALDA 2402",
    "locID": "LOC000027379895",
    "tech": "FTTC",
    "upgrade": "FTTP_SA",
    "gnaf_pid": "GANSW713155629",
    "tech_change_status": "Eligible to Order"
   }
  },
  {
   "type": "Feature",
   "geometry": {
    "type": "Point",
    "coordinates": [
     150.56274674,
     -29.54577549
    ]
   },
   "properties": {
    "name": "LOT 193 GWYDIR HIGHWAY WARIALDA 2402",
    "locID": "LOC000150152552",
    "tech": "NULL",
    "upgrade": "NULL_NA",
    "gnaf_pid": "GANSW715454128",
    "tech_change_status": "Not Planned"
   }
  },
  {
   "type": "Feature",
   "geometry": {
    "type": "Point",
    "coordinates": [
     150.56274674,
     -29.54577549
    ]
   },
   "properties": {
    "name": "1 GWYDIR HIGHWAY WARIALDA 2402",
    "locID": "LOC000150152552",
    "tech": "NULL",
    "upgrade": "NULL_NA",
    "gnaf_pid": "GANSW715454129",
    "tech_change_status": "Not Planned"
   }
  },
  {
   "type": "Feature",
   "geometry": {
    "type": "Point",
    "coordinates": [
     150.56274674,
     -29.54577549
    ]
   },
   "properties": {
    "name": "LOT 1 GWYDIR HIGHWAY WARIALDA 2402",
    "locID": "LOC000153048738",
    "tech": "SATELLITE",
    "upgrade": "NULL_NA",
    "gnaf_pid": "GANSW715454130",
    "tech_change_status": "Not Planned"
   }
  },
  {
   "type": "Feature",
   "geometry": {
    "type": "Point",
    "coordinates": [
     150.57730567,
     -29.5373739
    ]
   },
   "properties": {
    "name": "117 HIGH STREET WARIALDA 2402",
    "locID": "LOC000037103982",
    "tech": "FTTC",
    "upgrade": "FTTP_SA",
    "gnaf_pid": "GANSW715457058",
    "tech_change_status": "Eligible to Order"
   }
  },
  {
   "type": "Feature",
   "geometry": {
    "type": "Point",
    "coordinates": [
     150.57282474,
     -29.53661427
    ]
   },
   "properties": {
    "name": "85 HIGH STREET WARIALDA 2402",
    "locID": "LOC000066194036",
    "tech": "FTTN",
    "upgrade": "NULL_NA",
    "gnaf_pid": "GANSW715457061",
    "tech_change_status": "Not Planned"
   }
  },
  {
   "type": "Feature",
   "geometry": {
    "type": "Point",
    "coordinates": [
     150.57679731,
     -29.54477354
    ]
   },
   "properties": {
    "name": "29 MARKET STREET WARIALDA 2402",
    "locID": "LOC000017314572",
    "tech": "FTTC",
    "upgrade": "FTTP_SA",
    "gnaf_pid": "GANSW715473737",
    "tech_change_status": "Eligible to Order"
   }
  },
  {
   "type": "Feature",
   "geometry": {
    "type": "Point",
    "coordinates": [
     150.58095873,
     -29.5445379
    ]
   },
   "properties": {
    "name": "2 PHILP STREET WARIALDA 2402",
    "locID": "LOC000023908686",
    "tech": "FTTC",
    "upgrade": "FTTP_SA",
    "gnaf_pid": "GANSW715488617",
    "tech_change_status": "Eligible to Order"
   }
  },
  {
   "type": "Feature",
   "geometry": {
    "type": "Point",
    "coordinates": [
     150.56578516,
     -29.53867122
    ]
   },
   "properties": {
    "name": "10 RIDDELL STREET WARIALDA 2402",
    "locID": "LOC000005573210",
    "tech": "FTTP",
    "upgrade": "NULL_NA",
    "gnaf_pid": "GANSW715494631"
   }
  },
  {
   "type": "Feature",
   "geometry": {
    "type": "Point",
    "coordinates": [
     150.56644775,
     -29.53853801
    ]
   },
   "properties": {
    "name": "11 RIDDELL STREET WARIALDA 2402",
    "locID": "LOC000034150895",
    "tech": "FTTC",
    "upgrade": "FTTP_SA",
    "gnaf_pid": "GANSW715494632",
    "tech_change_status": "Eligible to Order"
   }
  },
  {
   "type": "Feature",
   "geometry": {
    "type": "Point",
    "coordinates": [
     150.56583828,
     -29.53838949
    ]
   },
   "properties": {
    "name": "12 RIDDELL STREET WARIALDA 2402",
    "locID": "LOC000003784149",
    "tech": "FTTP",
    "upgrade": "NULL_NA",
    "gnaf_pid": "GANSW715494633"
   }
  },
  {
   "type": "Feature",
   "geometry": {
    "type": "Point",
    "coordinates": [
     150.56651674,
     -29.53817301
    ]
   },
   "properties": {
    "name": "13 RIDDELL STREET WARIALDA 2402",
    "locID": "LOC000022995912",
    "tech": "FTTC",
    "upgrade": "FTTP_SA",
    "gnaf_pid": "GANSW715494634",
    "tech_change_status": "Eligible to Order"
   }
  },
  {
   "type": "Feature",
   "geometry": {
    "type": "Point",
    "coordinates": [
     150.56655883,
     -29.53795433
    ]
   },
   "properties": {
    "name": "15 RIDDELL STREET WARIALDA 2402",
    "locID": "LOC000076388190",
    "tech": "FTTC",
    "upgrade": "FTTP_SA",
    "gnaf_pid": "GANSW715494635",
    "tech_change_status": "Eligible to Order"
   }
  },
  {
   "type": "Feature",
   "geometry": {
    "type": "Point",
    "coordinates": [
     150.56628572,
     -29.53600502
    ]
   },
   "properties": {
    "name": "16 RIDDELL STREET WARIALDA 2402",
    "locID": "LOC000007887959",
    "tech": "FTTC",
    "upgrade": "FTTP_SA",
    "gnaf_pid": "GANSW715494636",
    "tech_change_status": "Eligible to Order"
   }
  },
  {
   "type": "Feature",
   "geometry": {
    "type": "Point",
    "coordinates": [
     150.56655424,
     -29.53761638
    ]
   },
   "properties": {
    "name": "17 RIDDELL STREET WARIALDA 2402",
    "locID": "LOC000077177551",
    "tech": "FTTC",
    "upgrade": "FTTP_SA",
    "gnaf_pid": "GANSW715494637",
    "tech_change_status": "Eligible to Order"
   }
  },
  {
   "type": "Feature",
   "geometry": {
    "type": "Point",
    "coordinates": [
     150.56573229,
     -29.53895296
    ]
   },
   "properties": {
    "name": "8 RIDDELL STREET WARIALDA 2402",
    "locID": "LOC000038057468",
    "tech": "FTTP",
    "upgrade": "NULL_NA",
    "gnaf_pid": "GANSW715494639"
   }
  },
  {
   "type": "Feature",
   "geometry": {
    "type": "Point",
    "coordinates": [
     150.57509514,
     -29.54180478
    ]
   },
   "properties": {
    "name": "25 STEPHEN STREET WARIALDA 2402",
    "locID": "LOC000120930560",
    "tech": "FTTP",
    "upgrade": "NULL_NA",
    "gnaf_pid": "GANSW715502169"
   }
  },
  {
   "type": "Feature",
   "geometry": {
    "type": "Point",
    "coordinates": [
     150.57564648,
     -29.539018
    ]
   },
   "properties": {
    "name": "125 LONG STREET WARIALDA 2402",
    "locID": "LOC000049492350",
    "tech": "FTTP",
    "upgrade": "NULL_NA",
    "gnaf_pid": "GANSW715630018"
   }
  },
  {
   "type": "Feature",
   "geometry": {
    "type": "Point",
    "coordinates": [
     150.57999847,
     -29.54478011
    ]
   },
   "properties": {
    "name": "24 GEDDES LANE WARIALDA 2402",
    "locID": "LOC000031288857",
    "tech": "FTTC",
    "upgrade": "FTTP_SA",
    "gnaf_pid": "GANSW716398014",
    "tech_change_status": "Eligible to Order"
   }
  },
  {
   "type": "Feature",
   "geometry": {
    "type": "Point",
    "coordinates": [
     150.57551933,
     -29.53781928
    ]
   },
   "properties": {
    "name": "LOT 347 STEPHEN STREET WARIALDA 2402",
    "locID": "LOC000120930560",
    "tech": "FTTP",
    "upgrade": "NULL_NA",
    "gnaf_pid": "GANSW716689266"
   }
  },
  {
   "type": "Feature",
   "geometry": {
    "type": "Point",
    "coordinates": [
     150.57652397,
     -29.53103535
    ]
   },
   "properties": {
    "name": "124 STEPHEN STREET WARIALDA 2402",
    "locID": "LOC000120921786",
    "tech": "FTTN",
    "upgrade": "NULL_NA",
    "gnaf_pid": "GANSW716742777",
    "tech_change_status": "Not Planned"
   }
  },
  {
   "type": "Feature",
   "geometry": {
    "type": "Point",
    "coordinates": [
     150.57682076,
     -29.54100088
    ]
   },
   "properties": {
    "name": "76 HOPE STREET WARIALDA 2402",
    "locID": "LOC000120898649",
    "tech": "FTTC",
    "upgrade": "FTTP",
    "gnaf_pid": "GANSW716801000",
    "tech_change_status": "New Tech Connected"
   }
  },
  {
   "type": "Feature",
   "geometry": {
    "type": "Point",
    "coordinates": [
     150.57682076,
     -29.54100088
    ]
   },
   "properties": {
    "name": "76-80 HOPE STREET WARIALDA 2402",
    "locID": "LOC000120898649",
    "tech": "FTTC",
    "upgrade": "FTTP",
    "gnaf_pid": "GANSW716859768",
    "tech_change_status": "New Tech Connected"
   }
  },
  {
   "type": "Feature",
   "geometry": {
    "type": "Point",
    "coordinates": [
     150.57809605,
     -29.53649548
    ]
   },
   "properties": {
    "name": "82 MARKET STREET WARIALDA 2402",
    "locID": "LOC000120901467",
    "tech": "FTTN",
    "upgrade": "NULL_NA",
    "gnaf_pid": "GANSW716861916",
    "tech_change_status": "Not Planned"
   }
  },
  {
   "type": "Feature",
   "geometry": {
    "type": "Point",
    "coordinates": [
     150.580545,
     -29.53526239
    ]
   },
   "properties": {
    "name": "1 CRANE STREET WARIALDA 2402",
    "locID": "LOC000076746478",
    "tech": "FTTN",
    "upgrade": "NULL_NA",
    "gnaf_pid": "GANSW716872836",
    "tech_change_status": "Not Planned"
   }
  },
  {
   "type": "Feature",
   "geometry": {
    "type": "Point",
    "coordinates": [
     150.58264906,
     -29.54175977
    ]
   },
   "properties": {
    "name": "UNIT 3, 33 GRAGIN ROAD WARIALDA 2402",
    "locID": "LOC000115486870",
    "tech": "NULL",
    "upgrade": "NULL_NA",
    "gnaf_pid": "GANSW716875776",
    "tech_change_status": "Not Planned"
   }
  },
  {
   "type": "Feature",
   "geometry": {
    "type": "Point",
    "coordinates": [
     150.58202019,
     -29.54180737
    ]
   },
   "properties": {
    "name": "29 GRAGIN ROAD WARIALDA 2402",
    "locID": "LOC000041906655",
    "tech": "FTTP",
    "upgrade": "NULL_NA",
    "gnaf_pid": "GANSW716875778"
   }
  },
  {
   "type": "Feature",
   "geometry": {
    "type": "Point",
    "coordinates": [
     150.58237211,
     -29.54178073
    ]
   },
   "properties": {
    "name": "31 GRAGIN ROAD WARIALDA 2402",
    "locID": "LOC000061740489",
    "tech": "FTTC",
    "upgrade": "FTTP_SA",
    "gnaf_pid": "GANSW716875779",
    "tech_change_status": "Eligible to Order"
   }
  },
  {
   "type": "Feature",
   "geometry": {
    "type": "Point",
    "coordinates": [
     150.57517935,
     -29.54134897
    ]
   },
   "properties": {
    "name": "29 STEPHEN STREET WARIALDA 2402",
    "locID": "LOC000076705733",
    "tech": "FTTP",
    "upgrade": "NULL_NA",
    "gnaf_pid": "GANSW716886664"
   }
  },
  {
   "type": "Feature",
   "geometry": {
    "type": "Point",
    "coordinates": [
     150.57517935,
     -29.54134897
    ]
   },
   "properties": {
    "name": "31 STEPHEN STREET WARIALDA 2402",
    "locID": "LOC000002258839",
    "tech": "FTTP",
    "upgrade": "NULL_NA",
    "gnaf_pid": "GANSW716886665"
   }
  },
  {
   "type": "Feature",
   "geometry": {
    "type": "Point",
    "coordinates": [
     150.61391402,
     -29.55640115
    ]
   },
   "properties": {
    "name": "12418 GWYDIR HIGHWAY WARIALDA 2402",
    "locID": "LOC000074593851",
    "tech": "NULL",
    "upgrade": "NULL_NA",
    "gnaf_pid": "GANSW717080896",
    "tech_change_status": "Not Planned"
   }
  },
  {
   "type": "Feature",
   "geometry": {
    "type": "Point",
    "coordinates": [
     150.49702653,
     -29.39068499
    ]
   },
   "properties": {
    "name": "1590 OREGON ROAD WARIALDA 2402",
    "locID": "LOC000030939408",
    "tech": "NULL",
    "upgrade": "NULL_NA",
    "gnaf_pid": "GANSW717086212",
    "tech_change_status": "Not Planned"
   }
  },
  {
   "type": "Feature",
   "geometry": {
    "type": "Point",
    "coordinates": [
     150.56947519,
     -29.54376769
    ]
   },
   "properties": {
    "name": "16 HOLDEN STREET WARIALDA 2402",
    "locID": "LOC000120916496",
    "tech": "FTTC",
    "upgrade": "NULL_NA",
    "gnaf_pid": "GANSW717214853"
   }
  },
  {
   "type": "Feature",
   "geometry": {
    "type": "Point",
    "coordinates": [
     150.56636971,
     -29.53555502
    ]
   },
   "properties": {
    "name": "18 RIDDELL STREET WARIALDA 2402",
    "locID": "LOC000049311726",
    "tech": "FTTC",
    "upgrade": "FTTP_SA",
    "gnaf_pid": "GANSW717223533",
    "tech_change_status": "Eligible to Order"
   }
  },
  {
   "type": "Feature",
   "geometry": {
    "type": "Point",
    "coordinates": [
     150.47475446,
     -29.38399278
    ]
   },
   "properties": {
    "name": "1798 OREGON ROAD WARIALDA 2402",
    "locID": "LOC000070732061",
    "tech": "NULL",
    "upgrade": "NULL_NA",
    "gnaf_pid": "GANSW717288779",
    "tech_change_status": "Not Planned"
   }
  },
  {
   "type": "Feature",
   "geometry": {
    "type": "Point",
    "coordinates": [
     150.57502911,
     -29.54215512
    ]
   },
   "properties": {
    "name": "23A STEPHEN STREET WARIALDA 2402",
    "locID": "LOC000075545036",
    "tech": "FTTC",
    "upgrade": "FTTP_SA",
    "gnaf_pid": "GANSW717384357",
    "tech_change_status": "Eligible to Order"
   }
  },
  {
   "type": "Feature",
   "geometry": {
    "type": "Point",
    "coordinates": [
     150.57502911,
     -29.54215512
    ]
   },
   "properties": {
    "name": "23B STEPHEN STREET WARIALDA 2402",
    "locID": "LOC000075669046",
    "tech": "FTTC",
    "upgrade": "FTTP_SA",
    "gnaf_pid": "GANSW717384358",
    "tech_change_status": "Eligible to Order"
   }
  },
  {
   "type": "Feature",
   "geometry": {
    "type": "Point",
    "coordinates": [
     150.57502911,
     -29.54215512
    ]
   },
   "properties": {
    "name": "23C STEPHEN STREET WARIALDA 2402",
    "locID": "LOC000075941563",
    "tech": "FTTC",
    "upgrade": "FTTP_SA",
    "gnaf_pid": "GANSW717384359",
    "tech_change_status": "Eligible to Order"
   }
  },
  {
   "type": "Feature",
   "geometry": {
    "type": "Point",
    "coordinates": [
     150.57502911,
     -29.54215512
    ]
   },
   "properties": {
    "name": "23D STEPHEN STREET WARIALDA 2402",
    "locID": "LOC000075707561",
    "tech": "FTTC",
    "upgrade": "FTTP_SA",
    "gnaf_pid": "GANSW717384360",
    "tech_change_status": "Eligible to Order"
   }
  },
  {
   "type": "Feature",
   "geometry": {
    "type": "Point",
    "coordinates": [
     150.57502911,
     -29.54215512
    ]
   },
   "properties": {
    "name": "23E STEPHEN STREET WARIALDA 2402",
    "locID": "LOC000072895063",
    "tech": "FTTC",
    "upgrade": "FTTP_SA",
    "gnaf_pid": "GANSW717384361",
    "tech_change_status": "Eligible to Order"
   }
  },
  {
   "type": "Feature",
   "geometry": {
    "type": "Point",
    "coordinates": [
     150.59605475,
     -29.28989977
    ]
   },
   "properties": {
    "name": "198 UNIVERSITY ROAD WARIALDA 2402",
    "locID": "LOC000012240896",
    "tech": "NULL",
    "upgrade": "NULL_NA",
    "gnaf_pid": "GANSW717546308",
    "tech_change_status": "Not Planned"
   }
  },
  {
   "type": "Feature",
   "geometry": {
    "type": "Point",
    "coordinates": [
     150.54369745,
     -29.50860473
    ]
   },
   "properties": {
    "name": "108 MICHAELS LANE WARIALDA 2402",
    "locID": "LOC000024637431",
    "tech": "SATELLITE",
    "upgrade": "NULL_NA",
    "gnaf_pid": "GANSW717587514",
    "tech_change_status": "Not Planned"
   }
  },
  {
   "type": "Feature",
   "geometry": {
    "type": "Point",
    "coordinates": [
     150.43134369,
     -29.27491226
    ]
   },
   "properties": {
    "name": "368 KURRAJONG HILLS ROAD WARIALDA 2402",
    "locID": "LOC000021712647",
    "tech": "SATELLITE",
    "upgrade": "NULL_NA",
    "gnaf_pid": "GANSW717614082",
    "tech_change_status": "Not Planned"
   }
  },
  {
   "type": "Feature",
   "geometry": {
    "type": "Point",
    "coordinates": [
     150.42729657,
     -29.28736509
    ]
   },
   "properties": {
    "name": "633 KURRAJONG HILLS ROAD WARIALDA 2402",
    "locID": "LOC000048199166",
    "tech": "NULL",
    "upgrade": "NULL_NA",
    "gnaf_pid": "GANSW717614083",
    "tech_change_status": "Not Planned"
   }
  },
  {
   "type": "Feature",
   "geometry": {
    "type": "Point",
    "coordinates": [
     150.43730261,
     -29.22648013
    ]
   },
   "properties": {
    "name": "484 BAROMA DOWNS ROAD WARIALDA 2402",
    "locID": "LOC000062402426",
    "tech": "SATELLITE",
    "upgrade": "NULL_NA",
    "gnaf_pid": "GANSW717654073",
    "tech_change_status": "Not Planned"
   }
  },
  {
   "type": "Feature",
   "geometry": {
    "type": "Point",
    "coordinates": [
     150.58264906,
     -29.54175977
    ]
   },
   "properties": {
    "name": "33 GRAGIN ROAD WARIALDA 2402",
    "locID": "LOC000115486870",
    "tech": "NULL",
    "upgrade": "NULL_NA",
    "gnaf_pid": "GANSW717744524",
    "tech_change_status": "Not Planned"
   }
  },
  {
   "type": "Feature",
   "geometry": {
    "type": "Point",
    "coordinates": [
     150.46341088,
     -29.38583667
    ]
   },
   "properties": {
    "name": "LOT 148 OREGON ROAD WARIALDA 2402",
    "locID": "LOC000142816480",
    "tech": "NULL",
    "upgrade": "NULL_NA",
    "gnaf_pid": "GANSW717825974",
    "tech_change_status": "Not Planned"
   }
  },
  {
   "type": "Feature",
   "geometry": {
    "type": "Point",
    "coordinates": [
     150.57410624,
     -29.54376263
    ]
   },
   "properties": {
    "name": "8 STEPHEN STREET WARIALDA 2402",
    "locID": "LOC000038108169",
    "tech": "FTTC",
    "upgrade": "FTTP_SA",
    "gnaf_pid": "GANSW717833956",
    "tech_change_status": "Eligible to Order"
   }
  },
  {
   "type": "Feature",
   "geometry": {
    "type": "Point",
    "coordinates": [
     150.37272719,
     -29.22320492
    ]
   },
   "properties": {
    "name": "58 BARDIN ROAD WARIALDA 2402",
    "locID": "LOC000067238708",
    "tech": "NULL",
    "upgrade": "NULL_NA",
    "gnaf_pid": "GANSW717861218",
    "tech_change_status": "Not Planned"
   }
  },
  {
   "type": "Feature",
   "geometry": {
    "type": "Point",
    "coordinates": [
     150.56714417,
     -29.4860994
    ]
   },
   "properties": {
    "name": "158 OREGON ROAD WARIALDA 2402",
    "locID": "LOC000072485968",
    "tech": "NULL",
    "upgrade": "NULL_NA",
    "gnaf_pid": "GANSW717866187",
    "tech_change_status": "Not Planned"
   }
  },
  {
   "type": "Feature",
   "geometry": {
    "type": "Point",
    "coordinates": [
     150.53473301,
     -29.52369809
    ]
   },
   "properties": {
    "name": "107 RACECOURSE ROAD WARIALDA 2402",
    "locID": "LOC000081865250",
    "tech": "SATELLITE",
    "upgrade": "NULL_NA",
    "gnaf_pid": "GANSW717866657",
    "tech_change_status": "Not Planned"
   }
  },
  {
   "type": "Feature",
   "geometry": {
    "type": "Point",
    "coordinates": [
     150.57645805,
     -29.54294091
    ]
   },
   "properties": {
    "name": "60 GEDDES STREET WARIALDA 2402",
    "locID": "LOC000120895532",
    "tech": "FTTC",
    "upgrade": "FTTP_SA",
    "gnaf_pid": "GANSW717890869",
    "tech_change_status": "Eligible to Order"
   }
  },
  {
   "type": "Feature",
   "geometry": {
    "type": "Point",
    "coordinates": [
     150.57579684,
     -29.54082223
    ]
   },
   "properties": {
    "name": "64-66 HOPE STREET WARIALDA 2402",
    "locID": "LOC000120895623",
    "tech": "FTTC",
    "upgrade": "FTTP_SA",
    "gnaf_pid": "GANSW717892080",
    "tech_change_status": "Eligible to Order"
   }
  },
  {
   "type": "Feature",
   "geometry": {
    "type": "Point",
    "coordinates": [
     150.5819465,
     -29.53017017
    ]
   },
   "properties": {
    "name": "60 J A MCGREGOR DRIVE WARIALDA 2402",
    "locID": "LOC000078318734",
    "tech": "FTTN",
    "upgrade": "NULL_NA",
    "gnaf_pid": "GANSW717892366",
    "tech_change_status": "Not Planned"
   }
  },
  {
   "type": "Feature",
   "geometry": {
    "type": "Point",
    "coordinates": [
     150.40719597,
     -29.31598498
    ]
   },
   "properties": {
    "name": "923 KURRAJONG HILLS ROAD WARIALDA 2402",
    "locID": "LOC000036317676",
    "tech": "SATELLITE",
    "upgrade": "NULL_NA",
    "gnaf_pid": "GANSW717893591",
    "tech_change_status": "Not Planned"
   }
  },
  {
   "type": "Feature",
   "geometry": {
    "type": "Point",
    "coordinates": [
     150.562386,
     -29.53816528
    ]
   },
   "properties": {
    "name": "10-18 WATER STREET WARIALDA 2402",
    "locID": "LOC000120919091",
    "tech": "FTTC",
    "upgrade": "FTTP_SA",
    "gnaf_pid": "GANSW717902927",
    "tech_change_status": "Eligible to Order"
   }
  },
  {
   "type": "Feature",
   "geometry": {
    "type": "Point",
    "coordinates": [
     150.55834738,
     -29.31046847
    ]
   },
   "properties": {
    "name": "81 ALLANDALE ROAD WARIALDA 2402",
    "locID": "LOC100078039004",
    "tech": "NULL",
    "upgrade": "NULL_NA",
    "gnaf_pid": "GANSW717941598",
    "tech_change_status": "Not Planned"
   }
  },
  {
   "type": "Feature",
   "geometry": {
    "type": "Point",
    "coordinates": [
     150.64619878,
     -29.56120025
    ]
   },
   "properties": {
    "name": "296 CRANKY ROCK ROAD WARIALDA 2402",
    "locID": "LOC000120883359",
    "tech": "NULL",
    "upgrade": "NULL_NA",
    "gnaf_pid": "GANSW717948420",
    "tech_change_status": "Not Planned"
   }
  },
  {
   "type": "Feature",
   "geometry": {
    "type": "Point",
    "coordinates": [
     150.54682306,
     -29.39219613
    ]
   },
   "properties": {
    "name": "236 DEWRANG ROAD WARIALDA 2402",
    "locID": "LOC000120927744",
    "tech": "SATELLITE",
    "upgrade": "NULL_NA",
    "gnaf_pid": "GANSW717949347",
    "tech_change_status": "Not Planned"
   }
  },
  {
   "type": "Feature",
   "geometry": {
    "type": "Point",
    "coordinates": [
     150.54402361,
     -29.37786279
    ]
   },
   "properties": {
    "name": "412 DEWRANG ROAD WARIALDA 2402",
    "locID": "LOC000120883578",
    "tech": "SATELLITE",
    "upgrade": "NULL_NA",
    "gnaf_pid": "GANSW717949348",
    "tech_change_status": "Not Planned"
   }
  },
  {
   "type": "Feature",
   "geometry": {
    "type": "Point",
    "coordinates": [
     150.39588583,
     -29.21800349
    ]
   },
   "properties": {
    "name": "127 DUNOLLIE ROAD WARIALDA 2402",
    "locID": "LOC000120922143",
    "tech": "SATELLITE",
    "upgrade": "NULL_NA",
    "gnaf_pid": "GANSW717949981",
    "tech_change_status": "Not Planned"
   }
  },
  {
   "type": "Feature",
   "geometry": {
    "type": "Point",
    "coordinates": [
     150.65941521,
     -29.4976708
    ]
   },
   "properties": {
    "name": "1155 FAIRFORD ROAD WARIALDA 2402",
    "locID": "LOC000120919223",
    "tech": "NULL",
    "upgrade": "NULL_NA",
    "gnaf_pid": "GANSW717950952",
    "tech_change_status": "Not Planned"
   }
  },
  {
   "type": "Feature",
   "geometry": {
    "type": "Point",
    "coordinates": [
     150.6213687,
     -29.51131033
    ]
   },
   "properties": {
    "name": "410 FAIRFORD ROAD WARIALDA 2402",
    "locID": "LOC000120889050",
    "tech": "NULL",
    "upgrade": "NULL_NA",
    "gnaf_pid": "GANSW717950954",
    "tech_change_status": "Not Planned"
   }
  },
  {
   "type": "Feature",
   "geometry": {
    "type": "Point",
    "coordinates": [
     150.64616161,
     -29.48216436
    ]
   },
   "properties": {
    "name": "929 FAIRFORD ROAD WARIALDA 2402",
    "locID": "LOC000120901621",
    "tech": "NULL",
    "upgrade": "NULL_NA",
    "gnaf_pid": "GANSW717950955",
    "tech_change_status": "Not Planned"
   }
  },
  {
   "type": "Feature",
   "geometry": {
    "type": "Point",
    "coordinates": [
     150.57618412,
     -29.54374299
    ]
   },
   "properties": {
    "name": "55-57 GEDDES STREET WARIALDA 2402",
    "locID": "LOC000120892065",
    "tech": "FTTC",
    "upgrade": "FTTP_SA",
    "gnaf_pid": "GANSW717951917",
    "tech_change_status": "Eligible to Order"
   }
  },
  {
   "type": "Feature",
   "geometry": {
    "type": "Point",
    "coordinates": [
     150.61911193,
     -29.57644696
    ]
   },
   "properties": {
    "name": "12263 GWYDIR HIGHWAY WARIALDA 2402",
    "locID": "LOC000153048738",
    "tech": "SATELLITE",
    "upgrade": "NULL_NA",
    "gnaf_pid": "GANSW717953316",
    "tech_change_status": "Not Planned"
   }
  },
  {
   "type": "Feature",
   "geometry": {
    "type": "Point",
    "coordinates": [
     150.62017446,
     -29.55346972
    ]
   },
   "properties": {
    "name": "12370 GWYDIR HIGHWAY WARIALDA 2402",
    "locID": "LOC000120921755",
    "tech": "SATELLITE",
    "upgrade": "NULL_NA",
    "gnaf_pid": "GANSW717953318",
    "tech_change_status": "Not Planned"
   }
  },
  {
   "type": "Feature",
   "geometry": {
    "type": "Point",
    "coordinates": [
     150.59342523,
     -29.5469831
    ]
   },
   "properties": {
    "name": "12560 GWYDIR HIGHWAY WARIALDA 2402",
    "locID": "LOC000120921793",
    "tech": "SATELLITE",
    "upgrade": "NULL_NA",
    "gnaf_pid": "GANSW717953320",
    "tech_change_status": "Not Planned"
   }
  },
  {
   "type": "Feature",
   "geometry": {
    "type": "Point",
    "coordinates": [
     150.56073888,
     -29.544758
    ]
   },
   "properties": {
    "name": "12970 GWYDIR HIGHWAY WARIALDA 2402",
    "locID": "LOC100078041570",
    "tech": "NULL",
    "upgrade": "NULL_NA",
    "gnaf_pid": "GANSW717953321",
    "tech_change_status": "Not Planned"
   }
  },
  {
   "type": "Feature",
   "geometry": {
    "type": "Point",
    "coordinates": [
     150.5519346,
     -29.54345858
    ]
   },
   "properties": {
    "name": "13096 GWYDIR HIGHWAY WARIALDA 2402",
    "locID": "LOC000120921857",
    "tech": "NULL",
    "upgrade": "NULL_NA",
    "gnaf_pid": "GANSW717953322",
    "tech_change_status": "Not Planned"
   }
  },
  {
   "type": "Feature",
   "geometry": {
    "type": "Point",
    "coordinates": [
     150.53404125,
     -29.55721994
    ]
   },
   "properties": {
    "name": "13321 GWYDIR HIGHWAY WARIALDA 2402",
    "locID": "LOC000120921874",
    "tech": "NULL",
    "upgrade": "NULL_NA",
    "gnaf_pid": "GANSW717953324",
    "tech_change_status": "Not Planned"
   }
  },
  {
   "type": "Feature",
   "geometry": {
    "type": "Point",
    "coordinates": [
     150.46920743,
     -29.54386441
    ]
   },
   "properties": {
    "name": "578 INNESVALE ROAD WARIALDA 2402",
    "locID": "LOC000120895469",
    "tech": "SATELLITE",
    "upgrade": "NULL_NA",
    "gnaf_pid": "GANSW717954919",
    "tech_change_status": "Not Planned"
   }
  },
  {
   "type": "Feature",
   "geometry": {
    "type": "Point",
    "coordinates": [
     150.5359193,
     -29.50827571
    ]
   },
   "properties": {
    "name": "31 MELROSE ESTATE ROAD WARIALDA 2402",
    "locID": "LOC000120883448",
    "tech": "NULL",
    "upgrade": "NULL_NA",
    "gnaf_pid": "GANSW717959195",
    "tech_change_status": "Not Planned"
   }
  },
  {
   "type": "Feature",
   "geometry": {
    "type": "Point",
    "coordinates": [
     150.53454861,
     -29.48597986
    ]
   },
   "properties": {
    "name": "361 MELROSE ESTATE ROAD WARIALDA 2402",
    "locID": "LOC100078041061",
    "tech": "NULL",
    "upgrade": "NULL_NA",
    "gnaf_pid": "GANSW717959196",
    "tech_change_status": "Not Planned"
   }
  },
  {
   "type": "Feature",
   "geometry": {
    "type": "Point",
    "coordinates": [
     150.54606881,
     -29.50992301
    ]
   },
   "properties": {
    "name": "126 MICHAELS LANE WARIALDA 2402",
    "locID": "LOC000120922136",
    "tech": "NULL",
    "upgrade": "NULL_NA",
    "gnaf_pid": "GANSW717959430",
    "tech_change_status": "Not Planned"
   }
  },
  {
   "type": "Feature",
   "geometry": {
    "type": "Point",
    "coordinates": [
     150.55235436,
     -29.50408874
    ]
   },
   "properties": {
    "name": "151 MICHAELS LANE WARIALDA 2402",
    "locID": "LOC100078041312",
    "tech": "NULL",
    "upgrade": "NULL_NA",
    "gnaf_pid": "GANSW717959431",
    "tech_change_status": "Not Planned"
   }
  },
  {
   "type": "Feature",
   "geometry": {
    "type": "Point",
    "coordinates": [
     150.47521448,
     -29.47061351
    ]
   },
   "properties": {
    "name": "1230 MOSQUITO CREEK ROAD WARIALDA 2402",
    "locID": "LOC000110419940",
    "tech": "SATELLITE",
    "upgrade": "NULL_NA",
    "gnaf_pid": "GANSW717960132",
    "tech_change_status": "Not Planned"
   }
  },
  {
   "type": "Feature",
   "geometry": {
    "type": "Point",
    "coordinates": [
     150.47237887,
     -29.44247714
    ]
   },
   "properties": {
    "name": "1386 MOSQUITO CREEK ROAD WARIALDA 2402",
    "locID": "LOC000030381477",
    "tech": "SATELLITE",
    "upgrade": "NULL_NA",
    "gnaf_pid": "GANSW717960133",
    "tech_change_status": "Not Planned"
   }
  },
  {
   "type": "Feature",
   "geometry": {
    "type": "Point",
    "coordinates": [
     150.44390824,
     -29.45029481
    ]
   },
   "properties": {
    "name": "1564 MOSQUITO CREEK ROAD WARIALDA 2402",
    "locID": "LOC000032154195",
    "tech": "NULL",
    "upgrade": "NULL_NA",
    "gnaf_pid": "GANSW717960134",
    "tech_change_status": "Not Planned"
   }
  },
  {
   "type": "Feature",
   "geometry": {
    "type": "Point",
    "coordinates": [
     150.43406047,
     -29.46059838
    ]
   },
   "properties": {
    "name": "1675 MOSQUITO CREEK ROAD WARIALDA 2402",
    "locID": "LOC000110868487",
    "tech": "NULL",
    "upgrade": "NULL_NA",
    "gnaf_pid": "GANSW717960135",
    "tech_change_status": "Not Planned"
   }
  },
  {
   "type": "Feature",
   "geometry": {
    "type": "Point",
    "coordinates": [
     150.42766763,
     -29.42410267
    ]
   },
   "properties": {
    "name": "1704 MOSQUITO CREEK ROAD WARIALDA 2402",
    "locID": "LOC000112092428",
    "tech": "NULL",
    "upgrade": "NULL_NA",
    "gnaf_pid": "GANSW717960136",
    "tech_change_status": "Not Planned"
   }
  },
  {
   "type": "Feature",
   "geometry": {
    "type": "Point",
    "coordinates": [
     150.38621389,
     -29.46635957
    ]
   },
   "properties": {
    "name": "2173 MOSQUITO CREEK ROAD WARIALDA 2402",
    "locID": "LOC000110695579",
    "tech": "SATELLITE",
    "upgrade": "NULL_NA",
    "gnaf_pid": "GANSW717960138",
    "tech_change_status": "Not Planned"
   }
  },
  {
   "type": "Feature",
   "geometry": {
    "type": "Point",
    "coordinates": [
     150.33484049,
     -29.44649157
    ]
   },
   "properties": {
    "name": "2680 MOSQUITO CREEK ROAD WARIALDA 2402",
    "locID": "LOC000111532648",
    "tech": "SATELLITE",
    "upgrade": "NULL_NA",
    "gnaf_pid": "GANSW717960139",
    "tech_change_status": "Not Planned"
   }
  },
  {
   "type": "Feature",
   "geometry": {
    "type": "Point",
    "coordinates": [
     150.32897092,
     -29.45090527
    ]
   },
   "properties": {
    "name": "2828 MOSQUITO CREEK ROAD WARIALDA 2402",
    "locID": "LOC000120927904",
    "tech": "NULL",
    "upgrade": "NULL_NA",
    "gnaf_pid": "GANSW717960140",
    "tech_change_status": "Not Planned"
   }
  },
  {
   "type": "Feature",
   "geometry": {
    "type": "Point",
    "coordinates": [
     150.60712669,
     -29.20141986
    ]
   },
   "properties": {
    "name": "596 MUNSIES ROAD WARIALDA 2402",
    "locID": "LOC000120895482",
    "tech": "SATELLITE",
    "upgrade": "NULL_NA",
    "gnaf_pid": "GANSW717960418",
    "tech_change_status": "Not Planned"
   }
  },
  {
   "type": "Feature",
   "geometry": {
    "type": "Point",
    "coordinates": [
     150.41610819,
     -29.36136955
    ]
   },
   "properties": {
    "name": "2429 OREGON ROAD WARIALDA 2402",
    "locID": "LOC000120927771",
    "tech": "NULL",
    "upgrade": "NULL_NA",
    "gnaf_pid": "GANSW717961973",
    "tech_change_status": "Not Planned"
   }
  },
  {
   "type": "Feature",
   "geometry": {
    "type": "Point",
    "coordinates": [
     150.52877402,
     -29.46338809
    ]
   },
   "properties": {
    "name": "277 OREGON ROAD WARIALDA 2402",
    "locID": "LOC000120927860",
    "tech": "NULL",
    "upgrade": "NULL_NA",
    "gnaf_pid": "GANSW717961974",
    "tech_change_status": "Not Planned"
   }
  },
  {
   "type": "Feature",
   "geometry": {
    "type": "Point",
    "coordinates": [
     150.37139928,
     -29.2889049
    ]
   },
   "properties": {
    "name": "3449 OREGON ROAD WARIALDA 2402",
    "locID": "LOC000120928061",
    "tech": "NULL",
    "upgrade": "NULL_NA",
    "gnaf_pid": "GANSW717961975",
    "tech_change_status": "Not Planned"
   }
  },
  {
   "type": "Feature",
   "geometry": {
    "type": "Point",
    "coordinates": [
     150.55492446,
     -29.45200784
    ]
   },
   "properties": {
    "name": "584 OREGON ROAD WARIALDA 2402",
    "locID": "LOC000120886376",
    "tech": "SATELLITE",
    "upgrade": "NULL_NA",
    "gnaf_pid": "GANSW717961976",
    "tech_change_status": "Not Planned"
   }
  },
  {
   "type": "Feature",
   "geometry": {
    "type": "Point",
    "coordinates": [
     150.57366835,
     -29.48695469
    ]
   },
   "properties": {
    "name": "90 OREGON ROAD WARIALDA 2402",
    "locID": "LOC000120886503",
    "tech": "NULL",
    "upgrade": "NULL_NA",
    "gnaf_pid": "GANSW717961977",
    "tech_change_status": "Not Planned"
   }
  },
  {
   "type": "Feature",
   "geometry": {
    "type": "Point",
    "coordinates": [
     150.4127416,
     -29.43254705
    ]
   },
   "properties": {
    "name": "156 SPRING VALLEY ROAD WARIALDA 2402",
    "locID": "LOC000120924784",
    "tech": "NULL",
    "upgrade": "NULL_NA",
    "gnaf_pid": "GANSW717966864",
    "tech_change_status": "Not Planned"
   }
  },
  {
   "type": "Feature",
   "geometry": {
    "type": "Point",
    "coordinates": [
     150.47977147,
     -29.56524545
    ]
   },
   "properties": {
    "name": "289 TOOLIMBAH ROAD WARIALDA 2402",
    "locID": "LOC000120883300",
    "tech": "NULL",
    "upgrade": "NULL_NA",
    "gnaf_pid": "GANSW717968520",
    "tech_change_status": "Not Planned"
   }
  },
  {
   "type": "Feature",
   "geometry": {
    "type": "Point",
    "coordinates": [
     150.47457748,
     -29.55460402
    ]
   },
   "properties": {
    "name": "369 TOOLIMBAH ROAD WARIALDA 2402",
    "locID": "LOC000120888811",
    "tech": "NULL",
    "upgrade": "NULL_NA",
    "gnaf_pid": "GANSW717968521",
    "tech_change_status": "Not Planned"
   }
  },
  {
   "type": "Feature",
   "geometry": {
    "type": "Point",
    "coordinates": [
     150.49869841,
     -29.3561549
    ]
   },
   "properties": {
    "name": "572 YARRAN ROAD WARIALDA 2402",
    "locID": "LOC000120883699",
    "tech": "NULL",
    "upgrade": "NULL_NA",
    "gnaf_pid": "GANSW717971538",
    "tech_change_status": "Not Planned"
   }
  },
  {
   "type": "Feature",
   "geometry": {
    "type": "Point",
    "coordinates": [
     150.38934694,
     -29.31486284
    ]
   },
   "properties": {
    "name": "1067 KURRAJONG HILLS ROAD WARIALDA 2402",
    "locID": "LOC000107166032",
    "tech": "NULL",
    "upgrade": "NULL_NA",
    "gnaf_pid": "GANSW717982560",
    "tech_change_status": "Not Planned"
   }
  },
  {
   "type": "Feature",
   "geometry": {
    "type": "Point",
    "coordinates": [
     150.37341144,
     -29.3114093
    ]
   },
   "properties": {
    "name": "1222 KURRAJONG HILLS ROAD WARIALDA 2402",
    "locID": "LOC000096421351",
    "tech": "SATELLITE",
    "upgrade": "NULL_NA",
    "gnaf_pid": "GANSW717982561",
    "tech_change_status": "Not Planned"
   }
  },
  {
   "type": "Feature",
   "geometry": {
    "type": "Point",
    "coordinates": [
     150.56957453,
     -29.53691729
    ]
   },
   "properties": {
    "name": "72 LONG STREET WARIALDA 2402",
    "locID": "LOC000120898534",
    "tech": "FTTP",
    "upgrade": "NULL_NA",
    "gnaf_pid": "GANSW717996365"
   }
  },
  {
   "type": "Feature",
   "geometry": {
    "type": "Point",
    "coordinates": [
     150.57759855,
     -29.53752315
    ]
   },
   "properties": {
    "name": "76 MARKET STREET WARIALDA 2402",
    "locID": "LOC000120898631",
    "tech": "FTTC",
    "upgrade": "FTTP_SA",
    "gnaf_pid": "GANSW717996564",
    "tech_change_status": "Eligible to Order"
   }
  },
  {
   "type": "Feature",
   "geometry": {
    "type": "Point",
    "coordinates": [
     150.52972302,
     -29.49783849
    ]
   },
   "properties": {
    "name": "169 MELROSE ESTATE ROAD WARIALDA 2402",
    "locID": "LOC100078041233",
    "tech": "SATELLITE",
    "upgrade": "NULL_NA",
    "gnaf_pid": "GANSW717996706",
    "tech_change_status": "Not Planned"
   }
  },
  {
   "type": "Feature",
   "geometry": {
    "type": "Point",
    "coordinates": [
     150.63610657,
     -29.57791387
    ]
   },
   "properties": {
    "name": "12069 GWYDIR HIGHWAY WARIALDA 2402",
    "locID": "LOC000005699694",
    "tech": "NULL",
    "upgrade": "NULL_NA",
    "gnaf_pid": "GANSW718001305",
    "tech_change_status": "Not Planned"
   }
  },
  {
   "type": "Feature",
   "geometry": {
    "type": "Point",
    "coordinates": [
     150.57540658,
     -29.53192423
    ]
   },
   "properties": {
    "name": "26 ROGER MOORE CRESCENT WARIALDA 2402",
    "locID": "LOC000004182286",
    "tech": "FTTN",
    "upgrade": "NULL_NA",
    "gnaf_pid": "GANSW718037039",
    "tech_change_status": "Not Planned"
   }
  },
  {
   "type": "Feature",
   "geometry": {
    "type": "Point",
    "coordinates": [
     150.57629521,
     -29.53175918
    ]
   },
   "properties": {
    "name": "120 STEPHEN STREET WARIALDA 2402",
    "locID": "LOC000120919313",
    "tech": "FTTN",
    "upgrade": "NULL_NA",
    "gnaf_pid": "GANSW718038240",
    "tech_change_status": "Not Planned"
   }
  },
  {
   "type": "Feature",
   "geometry": {
    "type": "Point",
    "coordinates": [
     150.57724322,
     -29.53169818
    ]
   },
   "properties": {
    "name": "131 STEPHEN STREET WARIALDA 2402",
    "locID": "LOC000120921861",
    "tech": "FTTN",
    "upgrade": "NULL_NA",
    "gnaf_pid": "GANSW718038241",
    "tech_change_status": "Not Planned"
   }
  },
  {
   "type": "Feature",
   "geometry": {
    "type": "Point",
    "coordinates": [
     150.46164283,
     -29.34437272
    ]
   },
   "properties": {
    "name": "289 DEWRANG ROAD WARIALDA 2402",
    "locID": "LOC000061691032",
    "tech": "SATELLITE",
    "upgrade": "NULL_NA",
    "gnaf_pid": "GANSW718042820",
    "tech_change_status": "Not Planned"
   }
  },
  {
   "type": "Feature",
   "geometry": {
    "type": "Point",
    "coordinates": [
     150.57582951,
     -29.28912878
    ]
   },
   "properties": {
    "name": "40 UNIVERSITY ROAD WARIALDA 2402",
    "locID": "LOC000067138649",
    "tech": "NULL",
    "upgrade": "NULL_NA",
    "gnaf_pid": "GANSW718047374",
    "tech_change_status": "Not Planned"
   }
  },
  {
   "type": "Feature",
   "geometry": {
    "type": "Point",
    "coordinates": [
     150.57287153,
     -29.54752882
    ]
   },
   "properties": {
    "name": "17 APOLLO AVENUE WARIALDA 2402",
    "locID": "LOC000043746760",
    "tech": "FTTC",
    "upgrade": "FTTP_SA",
    "gnaf_pid": "GANSW718048195",
    "tech_change_status": "Eligible to Order"
   }
  },
  {
   "type": "Feature",
   "geometry": {
    "type": "Point",
    "coordinates": [
     150.57441413,
     -29.54048998
    ]
   },
   "properties": {
    "name": "36C HOPE STREET WARIALDA 2402",
    "locID": "LOC000069306981",
    "tech": "FTTC",
    "upgrade": "FTTP_SA",
    "gnaf_pid": "GANSW718053705",
    "tech_change_status": "Eligible to Order"
   }
  },
  {
   "type": "Feature",
   "geometry": {
    "type": "Point",
    "coordinates": [
     150.58013342,
     -29.53416174
    ]
   },
   "properties": {
    "name": "UNIT 1, 6 OLIVE PYRKE TERRACE WARIALDA 2402",
    "locID": "LOC000049557130",
    "tech": "FTTN",
    "upgrade": "NULL_NA",
    "gnaf_pid": "GANSW718056768",
    "tech_change_status": "Not Planned"
   }
  },
  {
   "type": "Feature",
   "geometry": {
    "type": "Point",
    "coordinates": [
     150.58013342,
     -29.53416174
    ]
   },
   "properties": {
    "name": "UNIT 2, 6 OLIVE PYRKE TERRACE WARIALDA 2402",
    "locID": "LOC000049557130",
    "tech": "FTTN",
    "upgrade": "NULL_NA",
    "gnaf_pid": "GANSW718056769",
    "tech_change_status": "Not Planned"
   }
  },
  {
   "type": "Feature",
   "geometry": {
    "type": "Point",
    "coordinates": [
     150.57620367,
     -29.53222412
    ]
   },
   "properties": {
    "name": "28 ROGER MOORE CRESCENT WARIALDA 2402",
    "locID": "LOC000015487191",
    "tech": "FTTN",
    "upgrade": "NULL_NA",
    "gnaf_pid": "GANSW718058809",
    "tech_change_status": "Not Planned"
   }
  },
  {
   "type": "Feature",
   "geometry": {
    "type": "Point",
    "coordinates": [
     150.57724209,
     -29.53342286
    ]
   },
   "properties": {
    "name": "123 STEPHEN STREET WARIALDA 2402",
    "locID": "LOC000160159560",
    "tech": "FTTN",
    "upgrade": "NULL_NA",
    "gnaf_pid": "GANSW718059488",
    "tech_change_status": "Not Planned"
   }
  },
  {
   "type": "Feature",
   "geometry": {
    "type": "Point",
    "coordinates": [
     150.57448,
     -29.54164168
    ]
   },
   "properties": {
    "name": "22 STEPHEN STREET WARIALDA 2402",
    "locID": "LOC000023151705",
    "tech": "FTTC",
    "upgrade": "FTTP_SA",
    "gnaf_pid": "GANSW718059489",
    "tech_change_status": "Eligible to Order"
   }
  },
  {
   "type": "Feature",
   "geometry": {
    "type": "Point",
    "coordinates": [
     150.57448,
     -29.54164168
    ]
   },
   "properties": {
    "name": "24 STEPHEN STREET WARIALDA 2402",
    "locID": "LOC000095861224",
    "tech": "FTTC",
    "upgrade": "FTTP_SA",
    "gnaf_pid": "GANSW718059490",
    "tech_change_status": "Eligible to Order"
   }
  },
  {
   "type": "Feature",
   "geometry": {
    "type": "Point",
    "coordinates": [
     150.57448,
     -29.54164168
    ]
   },
   "properties": {
    "name": "24A STEPHEN STREET WARIALDA 2402",
    "locID": "LOC000095538552",
    "tech": "FTTC",
    "upgrade": "FTTP_SA",
    "gnaf_pid": "GANSW718059491",
    "tech_change_status": "Eligible to Order"
   }
  },
  {
   "type": "Feature",
   "geometry": {
    "type": "Point",
    "coordinates": [
     150.57448,
     -29.54164168
    ]
   },
   "properties": {
    "name": "24B STEPHEN STREET WARIALDA 2402",
    "locID": "LOC000094781593",
    "tech": "FTTC",
    "upgrade": "FTTP_SA",
    "gnaf_pid": "GANSW718059492",
    "tech_change_status": "Eligible to Order"
   }
  },
  {
   "type": "Feature",
   "geometry": {
    "type": "Point",
    "coordinates": [
     150.5835758,
     -29.54240502
    ]
   },
   "properties": {
    "name": "41 GRAGIN ROAD WARIALDA 2402",
    "locID": "LOC000112741093",
    "tech": "FTTC",
    "upgrade": "FTTP_SA",
    "gnaf_pid": "GANSW718099505",
    "tech_change_status": "Eligible to Order"
   }
  },
  {
   "type": "Feature",
   "geometry": {
    "type": "Point",
    "coordinates": [
     150.58468996,
     -29.54194237
    ]
   },
   "properties": {
    "name": "45 GRAGIN ROAD WARIALDA 2402",
    "locID": "LOC000111014878",
    "tech": "FTTC",
    "upgrade": "FTTP_SA",
    "gnaf_pid": "GANSW718099506",
    "tech_change_status": "Eligible to Order"
   }
  },
  {
   "type": "Feature",
   "geometry": {
    "type": "Point",
    "coordinates": [
     150.58555296,
     -29.54057057
    ]
   },
   "properties": {
    "name": "50 GRAGIN ROAD WARIALDA 2402",
    "locID": "LOC000115486891",
    "tech": "FTTC",
    "upgrade": "FTTP_SA",
    "gnaf_pid": "GANSW718099508",
    "tech_change_status": "Eligible to Order"
   }
  },
  {
   "type": "Feature",
   "geometry": {
    "type": "Point",
    "coordinates": [
     150.6084232,
     -29.48554221
    ]
   },
   "properties": {
    "name": "1168 WARIALDA ROAD WARIALDA 2402",
    "locID": "LOC000110841920",
    "tech": "NULL",
    "upgrade": "NULL_NA",
    "gnaf_pid": "GANSW718108312",
    "tech_change_status": "Not Planned"
   }
  },
  {
   "type": "Feature",
   "geometry": {
    "type": "Point",
    "coordinates": [
     150.60627375,
     -29.43815425
    ]
   },
   "properties": {
    "name": "1229 WARIALDA ROAD WARIALDA 2402",
    "locID": "LOC000110468079",
    "tech": "NULL",
    "upgrade": "NULL_NA",
    "gnaf_pid": "GANSW718108313",
    "tech_change_status": "Not Planned"
   }
  },
  {
   "type": "Feature",
   "geometry": {
    "type": "Point",
    "coordinates": [
     150.5785296,
     -29.5276825
    ]
   },
   "properties": {
    "name": "168 WARIALDA ROAD WARIALDA 2402",
    "locID": "LOC000150152990",
    "tech": "SATELLITE",
    "upgrade": "NULL_NA",
    "gnaf_pid": "GANSW718108314",
    "tech_change_status": "Not Planned"
   }
  },
  {
   "type": "Feature",
   "geometry": {
    "type": "Point",
    "coordinates": [
     150.60781349,
     -29.40748851
    ]
   },
   "properties": {
    "name": "1717 WARIALDA ROAD WARIALDA 2402",
    "locID": "LOC000113944718",
    "tech": "SATELLITE",
    "upgrade": "NULL_NA",
    "gnaf_pid": "GANSW718108315",
    "tech_change_status": "Not Planned"
   }
  },
  {
   "type": "Feature",
   "geometry": {
    "type": "Point",
    "coordinates": [
     150.62275399,
     -29.39607716
    ]
   },
   "properties": {
    "name": "1862 WARIALDA ROAD WARIALDA 2402",
    "locID": "LOC000112763739",
    "tech": "SATELLITE",
    "upgrade": "NULL_NA",
    "gnaf_pid": "GANSW718108316",
    "tech_change_status": "Not Planned"
   }
  },
  {
   "type": "Feature",
   "geometry": {
    "type": "Point",
    "coordinates": [
     150.65499101,
     -29.36468097
    ]
   },
   "properties": {
    "name": "2274 WARIALDA ROAD WARIALDA 2402",
    "locID": "LOC000112152115",
    "tech": "SATELLITE",
    "upgrade": "NULL_NA",
    "gnaf_pid": "GANSW718108317",
    "tech_change_status": "Not Planned"
   }
  },
  {
   "type": "Feature",
   "geometry": {
    "type": "Point",
    "coordinates": [
     150.6456574,
     -29.35117059
    ]
   },
   "properties": {
    "name": "2429 WARIALDA ROAD WARIALDA 2402",
    "locID": "LOC000112070914",
    "tech": "SATELLITE",
    "upgrade": "NULL_NA",
    "gnaf_pid": "GANSW718108318",
    "tech_change_status": "Not Planned"
   }
  },
  {
   "type": "Feature",
   "geometry": {
    "type": "Point",
    "coordinates": [
     150.6618451,
     -29.34847185
    ]
   },
   "properties": {
    "name": "2606 WARIALDA ROAD WARIALDA 2402",
    "locID": "LOC000112693669",
    "tech": "SATELLITE",
    "upgrade": "NULL_NA",
    "gnaf_pid": "GANSW718108319",
    "tech_change_status": "Not Planned"
   }
  },
  {
   "type": "Feature",
   "geometry": {
    "type": "Point",
    "coordinates": [
     150.58074499,
     -29.51960474
    ]
   },
   "properties": {
    "name": "260 WARIALDA ROAD WARIALDA 2402",
    "locID": "LOC000111761938",
    "tech": "NULL",
    "upgrade": "NULL_NA",
    "gnaf_pid": "GANSW718108320",
    "tech_change_status": "Not Planned"
   }
  },
  {
   "type": "Feature",
   "geometry": {
    "type": "Point",
    "coordinates": [
     150.58075459,
     -29.51827971
    ]
   },
   "properties": {
    "name": "272 WARIALDA ROAD WARIALDA 2402",
    "locID": "LOC000111110149",
    "tech": "NULL",
    "upgrade": "NULL_NA",
    "gnaf_pid": "GANSW718108321",
    "tech_change_status": "Not Planned"
   }
  },
  {
   "type": "Feature",
   "geometry": {
    "type": "Point",
    "coordinates": [
     150.57961976,
     -29.49714559
    ]
   },
   "properties": {
    "name": "548 WARIALDA ROAD WARIALDA 2402",
    "locID": "LOC000110577248",
    "tech": "NULL",
    "upgrade": "NULL_NA",
    "gnaf_pid": "GANSW718108322",
    "tech_change_status": "Not Planned"
   }
  },
  {
   "type": "Feature",
   "geometry": {
    "type": "Point",
    "coordinates": [
     150.58255881,
     -29.49539289
    ]
   },
   "properties": {
    "name": "588 WARIALDA ROAD WARIALDA 2402",
    "locID": "LOC000112681952",
    "tech": "NULL",
    "upgrade": "NULL_NA",
    "gnaf_pid": "GANSW718108323",
    "tech_change_status": "Not Planned"
   }
  },
  {
   "type": "Feature",
   "geometry": {
    "type": "Point",
    "coordinates": [
     150.59984902,
     -29.48708433
    ]
   },
   "properties": {
    "name": "740 WARIALDA ROAD WARIALDA 2402",
    "locID": "LOC000113833558",
    "tech": "NULL",
    "upgrade": "NULL_NA",
    "gnaf_pid": "GANSW718108324",
    "tech_change_status": "Not Planned"
   }
  },
  {
   "type": "Feature",
   "geometry": {
    "type": "Point",
    "coordinates": [
     150.5920616,
     -29.45492802
    ]
   },
   "properties": {
    "name": "993 WARIALDA ROAD WARIALDA 2402",
    "locID": "LOC000111969463",
    "tech": "NULL",
    "upgrade": "NULL_NA",
    "gnaf_pid": "GANSW718108326",
    "tech_change_status": "Not Planned"
   }
  },
  {
   "type": "Feature",
   "geometry": {
    "type": "Point",
    "coordinates": [
     150.58147504,
     -29.5173353
    ]
   },
   "properties": {
    "name": "276 WARIALDA ROAD WARIALDA 2402",
    "locID": "LOC000112315929",
    "tech": "NULL",
    "upgrade": "NULL_NA",
    "gnaf_pid": "GANSW718138200",
    "tech_change_status": "Not Planned"
   }
  },
  {
   "type": "Feature",
   "geometry": {
    "type": "Point",
    "coordinates": [
     150.62514246,
     -29.49495538
    ]
   },
   "properties": {
    "name": "626 FAIRFORD ROAD WARIALDA 2402",
    "locID": "LOC000113028171",
    "tech": "NULL",
    "upgrade": "NULL_NA",
    "gnaf_pid": "GANSW718176876",
    "tech_change_status": "Not Planned"
   }
  },
  {
   "type": "Feature",
   "geometry": {
    "type": "Point",
    "coordinates": [
     150.54999813,
     -29.52438872
    ]
   },
   "properties": {
    "name": "237 MOSQUITO CREEK ROAD WARIALDA 2402",
    "locID": "LOC000114813121",
    "tech": "SATELLITE",
    "upgrade": "NULL_NA",
    "gnaf_pid": "GANSW718178542",
    "tech_change_status": "Not Planned"
   }
  },
  {
   "type": "Feature",
   "geometry": {
    "type": "Point",
    "coordinates": [
     150.54039566,
     -29.51915606
    ]
   },
   "properties": {
    "name": "245 MOSQUITO CREEK ROAD WARIALDA 2402",
    "locID": "LOC000114722128",
    "tech": "SATELLITE",
    "upgrade": "NULL_NA",
    "gnaf_pid": "GANSW718178543",
    "tech_change_status": "Not Planned"
   }
  },
  {
   "type": "Feature",
   "geometry": {
    "type": "Point",
    "coordinates": [
     150.55080167,
     -29.51846007
    ]
   },
   "properties": {
    "name": "262 MOSQUITO CREEK ROAD WARIALDA 2402",
    "locID": "LOC000114093653",
    "tech": "NULL",
    "upgrade": "NULL_NA",
    "gnaf_pid": "GANSW718178544",
    "tech_change_status": "Not Planned"
   }
  },
  {
   "type": "Feature",
   "geometry": {
    "type": "Point",
    "coordinates": [
     150.58039561,
     -29.5387649
    ]
   },
   "properties": {
    "name": "152 LONG STREET WARIALDA 2402",
    "locID": "LOC100057428758",
    "tech": "FTTB",
    "upgrade": "NULL_NA",
    "gnaf_pid": "GANSW718199102"
   }
  },
  {
   "type": "Feature",
   "geometry": {
    "type": "Point",
    "coordinates": [
     150.57144096,
     -29.53663655
    ]
   },
   "properties": {
    "name": "2 VALS LANE WARIALDA 2402",
    "locID": "LOC000115486858",
    "tech": "FTTC",
    "upgrade": "FTTP_SA",
    "gnaf_pid": "GANSW718208401",
    "tech_change_status": "Eligible to Order"
   }
  },
  {
   "type": "Feature",
   "geometry": {
    "type": "Point",
    "coordinates": [
     150.57144096,
     -29.53663655
    ]
   },
   "properties": {
    "name": "2A VALS LANE WARIALDA 2402",
    "locID": "LOC000115486836",
    "tech": "FTTC",
    "upgrade": "FTTP_SA",
    "gnaf_pid": "GANSW718208402",
    "tech_change_status": "Eligible to Order"
   }
  },
  {
   "type": "Feature",
   "geometry": {
    "type": "Point",
    "coordinates": [
     150.57144096,
     -29.53663655
    ]
   },
   "properties": {
    "name": "2B VALS LANE WARIALDA 2402",
    "locID": "LOC000115486843",
    "tech": "FTTC",
    "upgrade": "FTTP_SA",
    "gnaf_pid": "GANSW718208403",
    "tech_change_status": "Eligible to Order"
   }
  },
  {
   "type": "Feature",
   "geometry": {
    "type": "Point",
    "coordinates": [
     150.57144096,
     -29.53663655
    ]
   },
   "properties": {
    "name": "2C VALS LANE WARIALDA 2402",
    "locID": "LOC000115486858",
    "tech": "FTTC",
    "upgrade": "FTTP_SA",
    "gnaf_pid": "GANSW718208404",
    "tech_change_status": "Eligible to Order"
   }
  },
  {
   "type": "Feature",
   "geometry": {
    "type": "Point",
    "coordinates": [
     150.60172739,
     -29.5359545
    ]
   },
   "properties": {
    "name": "3328 GRAGIN ROAD WARIALDA 2402",
    "locID": "LOC000115486870",
    "tech": "NULL",
    "upgrade": "NULL_NA",
    "gnaf_pid": "GANSW718226542",
    "tech_change_status": "Not Planned"
   }
  },
  {
   "type": "Feature",
   "geometry": {
    "type": "Point",
    "coordinates": [
     150.62421782,
     -29.25157024
    ]
   },
   "properties": {
    "name": "1082 AGINCOURT ROAD WARIALDA 2402",
    "locID": "LOC000120919140",
    "tech": "SATELLITE",
    "upgrade": "NULL_NA",
    "gnaf_pid": "GANSW718256776",
    "tech_change_status": "Not Planned"
   }
  },
  {
   "type": "Feature",
   "geometry": {
    "type": "Point",
    "coordinates": [
     150.57784331,
     -29.53448624
    ]
   },
   "properties": {
    "name": "28-30 CRANE STREET WARIALDA 2402",
    "locID": "LOC000120883261",
    "tech": "FTTN",
    "upgrade": "NULL_NA",
    "gnaf_pid": "GANSW718261242",
    "tech_change_status": "Not Planned"
   }
  },
  {
   "type": "Feature",
   "geometry": {
    "type": "Point",
    "coordinates": [
     150.57528667,
     -29.54216909
    ]
   },
   "properties": {
    "name": "UNIT 1, 48 GEDDES STREET WARIALDA 2402",
    "locID": "LOC000038807471",
    "tech": "FTTC",
    "upgrade": "FTTP_SA",
    "gnaf_pid": "GANSW718262865",
    "tech_change_status": "Eligible to Order"
   }
  },
  {
   "type": "Feature",
   "geometry": {
    "type": "Point",
    "coordinates": [
     150.56947519,
     -29.54376769
    ]
   },
   "properties": {
    "name": "UNIT 3, 16 HOLDEN STREET WARIALDA 2402",
    "locID": "LOC000120916496",
    "tech": "FTTC",
    "upgrade": "NULL_NA",
    "gnaf_pid": "GANSW718264080"
   }
  },
  {
   "type": "Feature",
   "geometry": {
    "type": "Point",
    "coordinates": [
     150.53226693,
     -29.49756894
    ]
   },
   "properties": {
    "name": "150 MELROSE ESTATE ROAD WARIALDA 2402",
    "locID": "LOC000120924732",
    "tech": "NULL",
    "upgrade": "NULL_NA",
    "gnaf_pid": "GANSW718266365",
    "tech_change_status": "Not Planned"
   }
  },
  {
   "type": "Feature",
   "geometry": {
    "type": "Point",
    "coordinates": [
     150.58008761,
     -29.53441964
    ]
   },
   "properties": {
    "name": "4B OLIVE PYRKE TERRACE WARIALDA 2402",
    "locID": "LOC000120891933",
    "tech": "FTTN",
    "upgrade": "NULL_NA",
    "gnaf_pid": "GANSW718267630",
    "tech_change_status": "Not Planned"
   }
  },
  {
   "type": "Feature",
   "geometry": {
    "type": "Point",
    "coordinates": [
     150.57807938,
     -29.53239037
    ]
   },
   "properties": {
    "name": "32 ROGER MOORE CRESCENT WARIALDA 2402",
    "locID": "LOC000163171075",
    "tech": "FTTN",
    "upgrade": "NULL_NA",
    "gnaf_pid": "GANSW718269249",
    "tech_change_status": "Not Planned"
   }
  },
  {
   "type": "Feature",
   "geometry": {
    "type": "Point",
    "coordinates": [
     150.57827734,
     -29.53338626
    ]
   },
   "properties": {
    "name": "35 ROGER MOORE CRESCENT WARIALDA 2402",
    "locID": "LOC000120886330",
    "tech": "FTTN",
    "upgrade": "NULL_NA",
    "gnaf_pid": "GANSW718269250",
    "tech_change_status": "Not Planned"
   }
  },
  {
   "type": "Feature",
   "geometry": {
    "type": "Point",
    "coordinates": [
     150.57886037,
     -29.53263716
    ]
   },
   "properties": {
    "name": "40 ROGER MOORE CRESCENT WARIALDA 2402",
    "locID": "LOC000120888998",
    "tech": "FTTN",
    "upgrade": "NULL_NA",
    "gnaf_pid": "GANSW718269251",
    "tech_change_status": "Not Planned"
   }
  },
  {
   "type": "Feature",
   "geometry": {
    "type": "Point",
    "coordinates": [
     150.57142161,
     -29.54402188
    ]
   },
   "properties": {
    "name": "11 STEWART AVENUE WARIALDA 2402",
    "locID": "LOC000120919193",
    "tech": "FTTC",
    "upgrade": "FTTP_SA",
    "gnaf_pid": "GANSW718269967",
    "tech_change_status": "Eligible to Order"
   }
  },
  {
   "type": "Feature",
   "geometry": {
    "type": "Point",
    "coordinates": [
     150.57225894,
     -29.54391606
    ]
   },
   "properties": {
    "name": "13 STEWART AVENUE WARIALDA 2402",
    "locID": "LOC000120921842",
    "tech": "FTTP",
    "upgrade": "NULL_NA",
    "gnaf_pid": "GANSW718269968"
   }
  },
  {
   "type": "Feature",
   "geometry": {
    "type": "Point",
    "coordinates": [
     150.57246641,
     -29.54394591
    ]
   },
   "properties": {
    "name": "15 STEWART AVENUE WARIALDA 2402",
    "locID": "LOC000120924436",
    "tech": "FTTP",
    "upgrade": "NULL_NA",
    "gnaf_pid": "GANSW718269969"
   }
  },
  {
   "type": "Feature",
   "geometry": {
    "type": "Point",
    "coordinates": [
     150.57268266,
     -29.54401851
    ]
   },
   "properties": {
    "name": "17 STEWART AVENUE WARIALDA 2402",
    "locID": "LOC000120924573",
    "tech": "FTTP",
    "upgrade": "NULL_NA",
    "gnaf_pid": "GANSW718269970"
   }
  },
  {
   "type": "Feature",
   "geometry": {
    "type": "Point",
    "coordinates": [
     150.57289385,
     -29.54401886
    ]
   },
   "properties": {
    "name": "19 STEWART AVENUE WARIALDA 2402",
    "locID": "LOC000120927335",
    "tech": "FTTP",
    "upgrade": "NULL_NA",
    "gnaf_pid": "GANSW718269971"
   }
  },
  {
   "type": "Feature",
   "geometry": {
    "type": "Point",
    "coordinates": [
     150.57038948,
     -29.54387306
    ]
   },
   "properties": {
    "name": "1 STEWART AVENUE WARIALDA 2402",
    "locID": "LOC000120916533",
    "tech": "FTTC",
    "upgrade": "FTTP_SA",
    "gnaf_pid": "GANSW718269972",
    "tech_change_status": "Eligible to Order"
   }
  },
  {
   "type": "Feature",
   "geometry": {
    "type": "Point",
    "coordinates": [
     150.57309695,
     -29.54404754
    ]
   },
   "properties": {
    "name": "21 STEWART AVENUE WARIALDA 2402",
    "locID": "LOC000120927511",
    "tech": "FTTC",
    "upgrade": "FTTP_SA",
    "gnaf_pid": "GANSW718269973",
    "tech_change_status": "Eligible to Order"
   }
  },
  {
   "type": "Feature",
   "geometry": {
    "type": "Point",
    "coordinates": [
     150.57330187,
     -29.54407648
    ]
   },
   "properties": {
    "name": "23 STEWART AVENUE WARIALDA 2402",
    "locID": "LOC000120930443",
    "tech": "FTTC",
    "upgrade": "FTTP_SA",
    "gnaf_pid": "GANSW718269974",
    "tech_change_status": "Eligible to Order"
   }
  },
  {
   "type": "Feature",
   "geometry": {
    "type": "Point",
    "coordinates": [
     150.57410624,
     -29.54376263
    ]
   },
   "properties": {
    "name": "24 STEWART AVENUE WARIALDA 2402",
    "locID": "LOC000120916533",
    "tech": "FTTC",
    "upgrade": "FTTP_SA",
    "gnaf_pid": "GANSW718269975",
    "tech_change_status": "Eligible to Order"
   }
  },
  {
   "type": "Feature",
   "geometry": {
    "type": "Point",
    "coordinates": [
     150.57348275,
     -29.54411535
    ]
   },
   "properties": {
    "name": "25 STEWART AVENUE WARIALDA 2402",
    "locID": "LOC000120930573",
    "tech": "FTTC",
    "upgrade": "FTTP_SA",
    "gnaf_pid": "GANSW718269976",
    "tech_change_status": "Eligible to Order"
   }
  },
  {
   "type": "Feature",
   "geometry": {
    "type": "Point",
    "coordinates": [
     150.57370531,
     -29.54414789
    ]
   },
   "properties": {
    "name": "27 STEWART AVENUE WARIALDA 2402",
    "locID": "LOC000120883219",
    "tech": "FTTP",
    "upgrade": "NULL_NA",
    "gnaf_pid": "GANSW718269977"
   }
  },
  {
   "type": "Feature",
   "geometry": {
    "type": "Point",
    "coordinates": [
     150.57493455,
     -29.54431843
    ]
   },
   "properties": {
    "name": "29 STEWART AVENUE WARIALDA 2402",
    "locID": "LOC000120883337",
    "tech": "FTTP",
    "upgrade": "NULL_NA",
    "gnaf_pid": "GANSW718269978"
   }
  },
  {
   "type": "Feature",
   "geometry": {
    "type": "Point",
    "coordinates": [
     150.5709397,
     -29.54320767
    ]
   },
   "properties": {
    "name": "2 STEWART AVENUE WARIALDA 2402",
    "locID": "LOC000120927390",
    "tech": "FTTC",
    "upgrade": "FTTP_SA",
    "gnaf_pid": "GANSW718269979",
    "tech_change_status": "Eligible to Order"
   }
  },
  {
   "type": "Feature",
   "geometry": {
    "type": "Point",
    "coordinates": [
     150.57502851,
     -29.54380908
    ]
   },
   "properties": {
    "name": "30 STEWART AVENUE WARIALDA 2402",
    "locID": "LOC000120883411",
    "tech": "FTTC",
    "upgrade": "FTTP_SA",
    "gnaf_pid": "GANSW718269980",
    "tech_change_status": "Eligible to Order"
   }
  },
  {
   "type": "Feature",
   "geometry": {
    "type": "Point",
    "coordinates": [
     150.57514343,
     -29.54434742
    ]
   },
   "properties": {
    "name": "31 STEWART AVENUE WARIALDA 2402",
    "locID": "LOC000120886170",
    "tech": "FTTC",
    "upgrade": "FTTP_SA",
    "gnaf_pid": "GANSW718269981",
    "tech_change_status": "Eligible to Order"
   }
  },
  {
   "type": "Feature",
   "geometry": {
    "type": "Point",
    "coordinates": [
     150.57523995,
     -29.54382612
    ]
   },
   "properties": {
    "name": "32 STEWART AVENUE WARIALDA 2402",
    "locID": "LOC000120886209",
    "tech": "FTTC",
    "upgrade": "FTTP_SA",
    "gnaf_pid": "GANSW718269982",
    "tech_change_status": "Eligible to Order"
   }
  },
  {
   "type": "Feature",
   "geometry": {
    "type": "Point",
    "coordinates": [
     150.57535257,
     -29.54437644
    ]
   },
   "properties": {
    "name": "33 STEWART AVENUE WARIALDA 2402",
    "locID": "LOC000120886250",
    "tech": "FTTC",
    "upgrade": "FTTP_SA",
    "gnaf_pid": "GANSW718269983",
    "tech_change_status": "Eligible to Order"
   }
  },
  {
   "type": "Feature",
   "geometry": {
    "type": "Point",
    "coordinates": [
     150.5754406,
     -29.54389649
    ]
   },
   "properties": {
    "name": "34 STEWART AVENUE WARIALDA 2402",
    "locID": "LOC000120886284",
    "tech": "FTTC",
    "upgrade": "FTTP_SA",
    "gnaf_pid": "GANSW718269984",
    "tech_change_status": "Eligible to Order"
   }
  },
  {
   "type": "Feature",
   "geometry": {
    "type": "Point",
    "coordinates": [
     150.57554886,
     -29.54440366
    ]
   },
   "properties": {
    "name": "35 STEWART AVENUE WARIALDA 2402",
    "locID": "LOC000120886348",
    "tech": "FTTP",
    "upgrade": "NULL_NA",
    "gnaf_pid": "GANSW718269985"
   }
  },
  {
   "type": "Feature",
   "geometry": {
    "type": "Point",
    "coordinates": [
     150.57564032,
     -29.54391347
    ]
   },
   "properties": {
    "name": "36 STEWART AVENUE WARIALDA 2402",
    "locID": "LOC000120888784",
    "tech": "FTTC",
    "upgrade": "FTTP_SA",
    "gnaf_pid": "GANSW718269986",
    "tech_change_status": "Eligible to Order"
   }
  },
  {
   "type": "Feature",
   "geometry": {
    "type": "Point",
    "coordinates": [
     150.57574867,
     -29.5444314
    ]
   },
   "properties": {
    "name": "37 STEWART AVENUE WARIALDA 2402",
    "locID": "LOC000120888830",
    "tech": "FTTC",
    "upgrade": "FTTP_SA",
    "gnaf_pid": "GANSW718269987",
    "tech_change_status": "Eligible to Order"
   }
  },
  {
   "type": "Feature",
   "geometry": {
    "type": "Point",
    "coordinates": [
     150.57595935,
     -29.54446063
    ]
   },
   "properties": {
    "name": "39 STEWART AVENUE WARIALDA 2402",
    "locID": "LOC000120888914",
    "tech": "FTTC",
    "upgrade": "FTTP_SA",
    "gnaf_pid": "GANSW718269988",
    "tech_change_status": "Eligible to Order"
   }
  },
  {
   "type": "Feature",
   "geometry": {
    "type": "Point",
    "coordinates": [
     150.57616782,
     -29.54447993
    ]
   },
   "properties": {
    "name": "39A STEWART AVENUE WARIALDA 2402",
    "locID": "LOC000120888946",
    "tech": "FTTC",
    "upgrade": "FTTP_SA",
    "gnaf_pid": "GANSW718269989",
    "tech_change_status": "Eligible to Order"
   }
  },
  {
   "type": "Feature",
   "geometry": {
    "type": "Point",
    "coordinates": [
     150.57063536,
     -29.54369508
    ]
   },
   "properties": {
    "name": "3 STEWART AVENUE WARIALDA 2402",
    "locID": "LOC000120883407",
    "tech": "FTTC",
    "upgrade": "FTTP_SA",
    "gnaf_pid": "GANSW718269990",
    "tech_change_status": "Eligible to Order"
   }
  },
  {
   "type": "Feature",
   "geometry": {
    "type": "Point",
    "coordinates": [
     150.57636498,
     -29.54450653
    ]
   },
   "properties": {
    "name": "41 STEWART AVENUE WARIALDA 2402",
    "locID": "LOC000120889032",
    "tech": "FTTC",
    "upgrade": "FTTP_SA",
    "gnaf_pid": "GANSW718269991",
    "tech_change_status": "Eligible to Order"
   }
  },
  {
   "type": "Feature",
   "geometry": {
    "type": "Point",
    "coordinates": [
     150.5708369,
     -29.54375033
    ]
   },
   "properties": {
    "name": "5 STEWART AVENUE WARIALDA 2402",
    "locID": "LOC000120891951",
    "tech": "FTTC",
    "upgrade": "FTTP_SA",
    "gnaf_pid": "GANSW718269992",
    "tech_change_status": "Eligible to Order"
   }
  },
  {
   "type": "Feature",
   "geometry": {
    "type": "Point",
    "coordinates": [
     150.5709397,
     -29.54320767
    ]
   },
   "properties": {
    "name": "6 STEWART AVENUE WARIALDA 2402",
    "locID": "LOC000163171580",
    "tech": "FTTC",
    "upgrade": "FTTP_SA",
    "gnaf_pid": "GANSW718269993",
    "tech_change_status": "Eligible to Order"
   }
  },
  {
   "type": "Feature",
   "geometry": {
    "type": "Point",
    "coordinates": [
     150.57103998,
     -29.54380877
    ]
   },
   "properties": {
    "name": "7 STEWART AVENUE WARIALDA 2402",
    "locID": "LOC000120898506",
    "tech": "FTTC",
    "upgrade": "FTTP_SA",
    "gnaf_pid": "GANSW718269994",
    "tech_change_status": "Eligible to Order"
   }
  },
  {
   "type": "Feature",
   "geometry": {
    "type": "Point",
    "coordinates": [
     150.57114985,
     -29.54323849
    ]
   },
   "properties": {
    "name": "8 STEWART AVENUE WARIALDA 2402",
    "locID": "LOC000120898704",
    "tech": "FTTC",
    "upgrade": "FTTP_SA",
    "gnaf_pid": "GANSW718269995",
    "tech_change_status": "Eligible to Order"
   }
  },
  {
   "type": "Feature",
   "geometry": {
    "type": "Point",
    "coordinates": [
     150.57125498,
     -29.54381954
    ]
   },
   "properties": {
    "name": "9 STEWART AVENUE WARIALDA 2402",
    "locID": "LOC000120901595",
    "tech": "FTTC",
    "upgrade": "FTTP_SA",
    "gnaf_pid": "GANSW718269996",
    "tech_change_status": "Eligible to Order"
   }
  },
  {
   "type": "Feature",
   "geometry": {
    "type": "Point",
    "coordinates": [
     150.57322848,
     -29.54377667
    ]
   },
   "properties": {
    "name": "4 STEWART AVENUE WARIALDA 2402",
    "locID": "LOC000173726925",
    "tech": "FTTC",
    "upgrade": "FTTP_SA",
    "gnaf_pid": "GANSW718287879",
    "tech_change_status": "Eligible to Order"
   }
  },
  {
   "type": "Feature",
   "geometry": {
    "type": "Point",
    "coordinates": [
     150.53921334,
     -29.56611242
    ]
   },
   "properties": {
    "name": "3433 ALLAN CUNNINGHAM ROAD WARIALDA 2402",
    "locID": "LOC000120886307",
    "tech": "NULL",
    "upgrade": "NULL_NA",
    "gnaf_pid": "GANSW718304945",
    "tech_change_status": "Not Planned"
   }
  },
  {
   "type": "Feature",
   "geometry": {
    "type": "Point",
    "coordinates": [
     150.55565272,
     -29.56505412
    ]
   },
   "properties": {
    "name": "3494 ALLAN CUNNINGHAM ROAD WARIALDA 2402",
    "locID": "LOC000120886311",
    "tech": "NULL",
    "upgrade": "NULL_NA",
    "gnaf_pid": "GANSW718304946",
    "tech_change_status": "Not Planned"
   }
  },
  {
   "type": "Feature",
   "geometry": {
    "type": "Point",
    "coordinates": [
     150.53636001,
     -29.56006797
    ]
   },
   "properties": {
    "name": "3525 ALLAN CUNNINGHAM ROAD WARIALDA 2402",
    "locID": "LOC000120886369",
    "tech": "SATELLITE",
    "upgrade": "NULL_NA",
    "gnaf_pid": "GANSW718304947",
    "tech_change_status": "Not Planned"
   }
  },
  {
   "type": "Feature",
   "geometry": {
    "type": "Point",
    "coordinates": [
     150.54946663,
     -29.55202158
    ]
   },
   "properties": {
    "name": "3616 ALLAN CUNNINGHAM ROAD WARIALDA 2402",
    "locID": "LOC000120888797",
    "tech": "SATELLITE",
    "upgrade": "NULL_NA",
    "gnaf_pid": "GANSW718304948",
    "tech_change_status": "Not Planned"
   }
  },
  {
   "type": "Feature",
   "geometry": {
    "type": "Point",
    "coordinates": [
     150.54773141,
     -29.54868765
    ]
   },
   "properties": {
    "name": "3645 ALLAN CUNNINGHAM ROAD WARIALDA 2402",
    "locID": "LOC000120888807",
    "tech": "NULL",
    "upgrade": "NULL_NA",
    "gnaf_pid": "GANSW718304949",
    "tech_change_status": "Not Planned"
   }
  },
  {
   "type": "Feature",
   "geometry": {
    "type": "Point",
    "coordinates": [
     150.57489771,
     -29.54701827
    ]
   },
   "properties": {
    "name": "15 APOLLO AVENUE WARIALDA 2402",
    "locID": "LOC000120924415",
    "tech": "FTTC",
    "upgrade": "FTTP_SA",
    "gnaf_pid": "GANSW718305020",
    "tech_change_status": "Eligible to Order"
   }
  },
  {
   "type": "Feature",
   "geometry": {
    "type": "Point",
    "coordinates": [
     150.57502441,
     -29.53407717
    ]
   },
   "properties": {
    "name": "16-18 CRANE STREET WARIALDA 2402",
    "locID": "LOC000120924491",
    "tech": "FTTN",
    "upgrade": "NULL_NA",
    "gnaf_pid": "GANSW718309738",
    "tech_change_status": "Not Planned"
   }
  },
  {
   "type": "Feature",
   "geometry": {
    "type": "Point",
    "coordinates": [
     150.54298913,
     -29.54267593
    ]
   },
   "properties": {
    "name": "40 FRAZER ROAD WARIALDA 2402",
    "locID": "LOC100078041536",
    "tech": "NULL",
    "upgrade": "NULL_NA",
    "gnaf_pid": "GANSW718311240",
    "tech_change_status": "Not Planned"
   }
  },
  {
   "type": "Feature",
   "geometry": {
    "type": "Point",
    "coordinates": [
     150.52682711,
     -29.55813018
    ]
   },
   "properties": {
    "name": "13360 GWYDIR HIGHWAY WARIALDA 2402",
    "locID": "LOC000120921890",
    "tech": "NULL",
    "upgrade": "NULL_NA",
    "gnaf_pid": "GANSW718311995",
    "tech_change_status": "Not Planned"
   }
  },
  {
   "type": "Feature",
   "geometry": {
    "type": "Point",
    "coordinates": [
     150.57978897,
     -29.53664517
    ]
   },
   "properties": {
    "name": "124 HIGH STREET WARIALDA 2402",
    "locID": "LOC000120921772",
    "tech": "FTTN",
    "upgrade": "NULL_NA",
    "gnaf_pid": "GANSW718312409",
    "tech_change_status": "Not Planned"
   }
  },
  {
   "type": "Feature",
   "geometry": {
    "type": "Point",
    "coordinates": [
     150.57457337,
     -29.54067158
    ]
   },
   "properties": {
    "name": "40-42 HOPE STREET WARIALDA 2402",
    "locID": "LOC000120889009",
    "tech": "FTTC",
    "upgrade": "FTTP_SA",
    "gnaf_pid": "GANSW718312602",
    "tech_change_status": "Eligible to Order"
   }
  },
  {
   "type": "Feature",
   "geometry": {
    "type": "Point",
    "coordinates": [
     150.50449183,
     -29.54070433
    ]
   },
   "properties": {
    "name": "286 INNESVALE ROAD WARIALDA 2402",
    "locID": "LOC000120883290",
    "tech": "NULL",
    "upgrade": "NULL_NA",
    "gnaf_pid": "GANSW718313030",
    "tech_change_status": "Not Planned"
   }
  },
  {
   "type": "Feature",
   "geometry": {
    "type": "Point",
    "coordinates": [
     150.5801147,
     -29.53223515
    ]
   },
   "properties": {
    "name": "15 J A MCGREGOR DRIVE WARIALDA 2402",
    "locID": "LOC000120924427",
    "tech": "FTTN",
    "upgrade": "NULL_NA",
    "gnaf_pid": "GANSW718313059",
    "tech_change_status": "Not Planned"
   }
  },
  {
   "type": "Feature",
   "geometry": {
    "type": "Point",
    "coordinates": [
     150.61387627,
     -29.23597102
    ]
   },
   "properties": {
    "name": "155 LACHALLAN ROAD WARIALDA 2402",
    "locID": "LOC000120924462",
    "tech": "NULL",
    "upgrade": "NULL_NA",
    "gnaf_pid": "GANSW718314175",
    "tech_change_status": "Not Planned"
   }
  },
  {
   "type": "Feature",
   "geometry": {
    "type": "Point",
    "coordinates": [
     150.53466724,
     -29.48733037
    ]
   },
   "properties": {
    "name": "354 MELROSE ESTATE ROAD WARIALDA 2402",
    "locID": "LOC000120883495",
    "tech": "SATELLITE",
    "upgrade": "NULL_NA",
    "gnaf_pid": "GANSW718315516",
    "tech_change_status": "Not Planned"
   }
  },
  {
   "type": "Feature",
   "geometry": {
    "type": "Point",
    "coordinates": [
     150.53301803,
     -29.48502875
    ]
   },
   "properties": {
    "name": "357 MELROSE ESTATE ROAD WARIALDA 2402",
    "locID": "LOC000120883521",
    "tech": "NULL",
    "upgrade": "NULL_NA",
    "gnaf_pid": "GANSW718315517",
    "tech_change_status": "Not Planned"
   }
  },
  {
   "type": "Feature",
   "geometry": {
    "type": "Point",
    "coordinates": [
     150.61356197,
     -29.37188178
    ]
   },
   "properties": {
    "name": "166 NORTH STAR ROAD WARIALDA 2402",
    "locID": "LOC000120924539",
    "tech": "SATELLITE",
    "upgrade": "NULL_NA",
    "gnaf_pid": "GANSW718316397",
    "tech_change_status": "Not Planned"
   }
  },
  {
   "type": "Feature",
   "geometry": {
    "type": "Point",
    "coordinates": [
     150.49724599,
     -29.30629983
    ]
   },
   "properties": {
    "name": "1729 NORTH STAR ROAD WARIALDA 2402",
    "locID": "LOC000120924848",
    "tech": "NULL",
    "upgrade": "NULL_NA",
    "gnaf_pid": "GANSW718316398",
    "tech_change_status": "Not Planned"
   }
  },
  {
   "type": "Feature",
   "geometry": {
    "type": "Point",
    "coordinates": [
     150.58613774,
     -29.32878459
    ]
   },
   "properties": {
    "name": "748 NORTH STAR ROAD WARIALDA 2402",
    "locID": "LOC000120898608",
    "tech": "NULL",
    "upgrade": "NULL_NA",
    "gnaf_pid": "GANSW718316399",
    "tech_change_status": "Not Planned"
   }
  },
  {
   "type": "Feature",
   "geometry": {
    "type": "Point",
    "coordinates": [
     150.57583821,
     -29.53789111
    ]
   },
   "properties": {
    "name": "87 STEPHEN STREET WARIALDA 2402",
    "locID": "LOC000173726956",
    "tech": "FTTC",
    "upgrade": "FTTP_SA",
    "gnaf_pid": "GANSW718319716",
    "tech_change_status": "Eligible to Order"
   }
  },
  {
   "type": "Feature",
   "geometry": {
    "type": "Point",
    "coordinates": [
     150.58115866,
     -29.53452809
    ]
   },
   "properties": {
    "name": "2 THOMSONS LANE WARIALDA 2402",
    "locID": "LOC000120927405",
    "tech": "FTTN",
    "upgrade": "NULL_NA",
    "gnaf_pid": "GANSW718320869",
    "tech_change_status": "Not Planned"
   }
  },
  {
   "type": "Feature",
   "geometry": {
    "type": "Point",
    "coordinates": [
     150.53966907,
     -29.31913248
    ]
   },
   "properties": {
    "name": "127 YARRAN ROAD WARIALDA 2402",
    "locID": "LOC000120922158",
    "tech": "SATELLITE",
    "upgrade": "NULL_NA",
    "gnaf_pid": "GANSW718322769",
    "tech_change_status": "Not Planned"
   }
  },
  {
   "type": "Feature",
   "geometry": {
    "type": "Point",
    "coordinates": [
     150.48821266,
     -29.31900214
    ]
   },
   "properties": {
    "name": "1450 NORTH STAR ROAD WARIALDA 2402",
    "locID": "LOC000172144429",
    "tech": "SATELLITE",
    "upgrade": "NULL_NA",
    "gnaf_pid": "GANSW718325650",
    "tech_change_status": "Not Planned"
   }
  },
  {
   "type": "Feature",
   "geometry": {
    "type": "Point",
    "coordinates": [
     150.59966257,
     -29.37566174
    ]
   },
   "properties": {
    "name": "241 NORTH STAR ROAD WARIALDA 2402",
    "locID": "LOC000120927763",
    "tech": "NULL",
    "upgrade": "NULL_NA",
    "gnaf_pid": "GANSW718325651",
    "tech_change_status": "Not Planned"
   }
  },
  {
   "type": "Feature",
   "geometry": {
    "type": "Point",
    "coordinates": [
     150.5702999,
     -29.54267499
    ]
   },
   "properties": {
    "name": "1-3 GEDDES STREET WARIALDA 2402",
    "locID": "LOC000173726844",
    "tech": "FTTC",
    "upgrade": "FTTP_SA",
    "gnaf_pid": "GANSW718409111",
    "tech_change_status": "Eligible to Order"
   }
  },
  {
   "type": "Feature",
   "geometry": {
    "type": "Point",
    "coordinates": [
     150.57040809,
     -29.54213234
    ]
   },
   "properties": {
    "name": "2 GEDDES STREET WARIALDA 2402",
    "locID": "LOC000163166275",
    "tech": "FTTC",
    "upgrade": "FTTP_SA",
    "gnaf_pid": "GANSW718409112",
    "tech_change_status": "Eligible to Order"
   }
  },
  {
   "type": "Feature",
   "geometry": {
    "type": "Point",
    "coordinates": [
     150.57418513,
     -29.54348092
    ]
   },
   "properties": {
    "name": "41 GEDDES STREET WARIALDA 2402",
    "locID": "LOC000163166313",
    "tech": "FTTC",
    "upgrade": "FTTP_SA",
    "gnaf_pid": "GANSW718409113",
    "tech_change_status": "Eligible to Order"
   }
  },
  {
   "type": "Feature",
   "geometry": {
    "type": "Point",
    "coordinates": [
     150.58821257,
     -29.54083462
    ]
   },
   "properties": {
    "name": "3445 GRAGIN ROAD WARIALDA 2402",
    "locID": "LOC000150152534",
    "tech": "NULL",
    "upgrade": "NULL_NA",
    "gnaf_pid": "GANSW718409964",
    "tech_change_status": "Not Planned"
   }
  },
  {
   "type": "Feature",
   "geometry": {
    "type": "Point",
    "coordinates": [
     150.57282474,
     -29.53661427
    ]
   },
   "properties": {
    "name": "83-87 HIGH STREET WARIALDA 2402",
    "locID": "LOC000163166908",
    "tech": "FTTN",
    "upgrade": "NULL_NA",
    "gnaf_pid": "GANSW718411461",
    "tech_change_status": "Not Planned"
   }
  },
  {
   "type": "Feature",
   "geometry": {
    "type": "Point",
    "coordinates": [
     150.5626449,
     -29.53727673
    ]
   },
   "properties": {
    "name": "13 LONG STREET WARIALDA 2402",
    "locID": "LOC000160159600",
    "tech": "FTTC",
    "upgrade": "FTTP_SA",
    "gnaf_pid": "GANSW718414579",
    "tech_change_status": "Eligible to Order"
   }
  },
  {
   "type": "Feature",
   "geometry": {
    "type": "Point",
    "coordinates": [
     150.56372535,
     -29.53720188
    ]
   },
   "properties": {
    "name": "21 LONG STREET WARIALDA 2402",
    "locID": "LOC000160159644",
    "tech": "FTTC",
    "upgrade": "FTTP_SA",
    "gnaf_pid": "GANSW718414580",
    "tech_change_status": "Eligible to Order"
   }
  },
  {
   "type": "Feature",
   "geometry": {
    "type": "Point",
    "coordinates": [
     150.56471475,
     -29.53757218
    ]
   },
   "properties": {
    "name": "25 LONG STREET WARIALDA 2402",
    "locID": "LOC000163169262",
    "tech": "FTTB",
    "upgrade": "NULL_NA",
    "gnaf_pid": "GANSW718414581"
   }
  },
  {
   "type": "Feature",
   "geometry": {
    "type": "Point",
    "coordinates": [
     150.57726266,
     -29.53304969
    ]
   },
   "properties": {
    "name": "127 STEPHEN STREET WARIALDA 2402",
    "locID": "LOC000160159616",
    "tech": "FTTN",
    "upgrade": "NULL_NA",
    "gnaf_pid": "GANSW718424825",
    "tech_change_status": "Not Planned"
   }
  },
  {
   "type": "Feature",
   "geometry": {
    "type": "Point",
    "coordinates": [
     150.56412986,
     -29.53843587
    ]
   },
   "properties": {
    "name": "20 WATER STREET WARIALDA 2402",
    "locID": "LOC000160159967",
    "tech": "FTTC",
    "upgrade": "FTTP_SA",
    "gnaf_pid": "GANSW718428230",
    "tech_change_status": "Eligible to Order"
   }
  },
  {
   "type": "Feature",
   "geometry": {
    "type": "Point",
    "coordinates": [
     150.64407492,
     -29.56040709
    ]
   },
   "properties": {
    "name": "288 CRANKY ROCK ROAD WARIALDA 2402",
    "locID": "LOC000148078701",
    "tech": "NULL",
    "upgrade": "NULL_NA",
    "gnaf_pid": "GANSW718456622",
    "tech_change_status": "Not Planned"
   }
  },
  {
   "type": "Feature",
   "geometry": {
    "type": "Point",
    "coordinates": [
     150.62025833,
     -29.16843875
    ]
   },
   "properties": {
    "name": "93 FAIRVIEW ROAD WARIALDA 2402",
    "locID": "LOC000148105447",
    "tech": "SATELLITE",
    "upgrade": "NULL_NA",
    "gnaf_pid": "GANSW718457832",
    "tech_change_status": "Not Planned"
   }
  },
  {
   "type": "Feature",
   "geometry": {
    "type": "Point",
    "coordinates": [
     150.51203823,
     -29.18784782
    ]
   },
   "properties": {
    "name": "227 GLENCOE ROAD WARIALDA 2402",
    "locID": "LOC000148073211",
    "tech": "NULL",
    "upgrade": "NULL_NA",
    "gnaf_pid": "GANSW718458669",
    "tech_change_status": "Not Planned"
   }
  },
  {
   "type": "Feature",
   "geometry": {
    "type": "Point",
    "coordinates": [
     150.7032592,
     -29.47061548
    ]
   },
   "properties": {
    "name": "1038 GOURNAMA ROAD WARIALDA 2402",
    "locID": "LOC000148053513",
    "tech": "SATELLITE",
    "upgrade": "NULL_NA",
    "gnaf_pid": "GANSW718458799",
    "tech_change_status": "Not Planned"
   }
  },
  {
   "type": "Feature",
   "geometry": {
    "type": "Point",
    "coordinates": [
     150.69682395,
     -29.45380532
    ]
   },
   "properties": {
    "name": "874 GOURNAMA ROAD WARIALDA 2402",
    "locID": "LOC100078040444",
    "tech": "NULL",
    "upgrade": "NULL_NA",
    "gnaf_pid": "GANSW718458801",
    "tech_change_status": "Not Planned"
   }
  },
  {
   "type": "Feature",
   "geometry": {
    "type": "Point",
    "coordinates": [
     150.73876937,
     -29.51039386
    ]
   },
   "properties": {
    "name": "1724 GRAGIN ROAD WARIALDA 2402",
    "locID": "LOC000148066261",
    "tech": "NULL",
    "upgrade": "NULL_NA",
    "gnaf_pid": "GANSW718458951",
    "tech_change_status": "Not Planned"
   }
  },
  {
   "type": "Feature",
   "geometry": {
    "type": "Point",
    "coordinates": [
     150.70613844,
     -29.53096544
    ]
   },
   "properties": {
    "name": "2154 GRAGIN ROAD WARIALDA 2402",
    "locID": "LOC000148072046",
    "tech": "NULL",
    "upgrade": "NULL_NA",
    "gnaf_pid": "GANSW718458952",
    "tech_change_status": "Not Planned"
   }
  },
  {
   "type": "Feature",
   "geometry": {
    "type": "Point",
    "coordinates": [
     150.63436976,
     -29.56843532
    ]
   },
   "properties": {
    "name": "12134 GWYDIR HIGHWAY WARIALDA 2402",
    "locID": "LOC000150152552",
    "tech": "NULL",
    "upgrade": "NULL_NA",
    "gnaf_pid": "GANSW718459334",
    "tech_change_status": "Not Planned"
   }
  },
  {
   "type": "Feature",
   "geometry": {
    "type": "Point",
    "coordinates": [
     150.61495834,
     -29.54487078
    ]
   },
   "properties": {
    "name": "12420 GWYDIR HIGHWAY WARIALDA 2402",
    "locID": "LOC000148057939",
    "tech": "SATELLITE",
    "upgrade": "NULL_NA",
    "gnaf_pid": "GANSW718459335",
    "tech_change_status": "Not Planned"
   }
  },
  {
   "type": "Feature",
   "geometry": {
    "type": "Point",
    "coordinates": [
     150.50569963,
     -29.55859644
    ]
   },
   "properties": {
    "name": "13484 GWYDIR HIGHWAY WARIALDA 2402",
    "locID": "LOC000150152568",
    "tech": "SATELLITE",
    "upgrade": "NULL_NA",
    "gnaf_pid": "GANSW718459337",
    "tech_change_status": "Not Planned"
   }
  },
  {
   "type": "Feature",
   "geometry": {
    "type": "Point",
    "coordinates": [
     150.49138229,
     -29.59897507
    ]
   },
   "properties": {
    "name": "13805 GWYDIR HIGHWAY WARIALDA 2402",
    "locID": "LOC100016590058",
    "tech": "NULL",
    "upgrade": "NULL_NA",
    "gnaf_pid": "GANSW718459338",
    "tech_change_status": "Not Planned"
   }
  },
  {
   "type": "Feature",
   "geometry": {
    "type": "Point",
    "coordinates": [
     150.62751412,
     -29.32163268
    ]
   },
   "properties": {
    "name": "196 INVERNESS ROAD WARIALDA 2402",
    "locID": "LOC000148069455",
    "tech": "NULL",
    "upgrade": "NULL_NA",
    "gnaf_pid": "GANSW718459889",
    "tech_change_status": "Not Planned"
   }
  },
  {
   "type": "Feature",
   "geometry": {
    "type": "Point",
    "coordinates": [
     150.58703223,
     -29.2347885
    ]
   },
   "properties": {
    "name": "1080 MUNSIES ROAD WARIALDA 2402",
    "locID": "LOC000148054441",
    "tech": "NULL",
    "upgrade": "NULL_NA",
    "gnaf_pid": "GANSW718462710",
    "tech_change_status": "Not Planned"
   }
  },
  {
   "type": "Feature",
   "geometry": {
    "type": "Point",
    "coordinates": [
     150.55412778,
     -29.23715969
    ]
   },
   "properties": {
    "name": "1244 MUNSIES ROAD WARIALDA 2402",
    "locID": "LOC000148057973",
    "tech": "SATELLITE",
    "upgrade": "NULL_NA",
    "gnaf_pid": "GANSW718462711",
    "tech_change_status": "Not Planned"
   }
  },
  {
   "type": "Feature",
   "geometry": {
    "type": "Point",
    "coordinates": [
     150.46222894,
     -29.27158399
    ]
   },
   "properties": {
    "name": "2069 NORTH STAR ROAD WARIALDA 2402",
    "locID": "LOC000148071003",
    "tech": "SATELLITE",
    "upgrade": "NULL_NA",
    "gnaf_pid": "GANSW718463047",
    "tech_change_status": "Not Planned"
   }
  },
  {
   "type": "Feature",
   "geometry": {
    "type": "Point",
    "coordinates": [
     150.44229046,
     -29.19334521
    ]
   },
   "properties": {
    "name": "2911 NORTH STAR ROAD WARIALDA 2402",
    "locID": "LOC000148079038",
    "tech": "SATELLITE",
    "upgrade": "NULL_NA",
    "gnaf_pid": "GANSW718463048",
    "tech_change_status": "Not Planned"
   }
  },
  {
   "type": "Feature",
   "geometry": {
    "type": "Point",
    "coordinates": [
     150.57744092,
     -29.34486689
    ]
   },
   "properties": {
    "name": "669 NORTH STAR ROAD WARIALDA 2402",
    "locID": "LOC000148098004",
    "tech": "SATELLITE",
    "upgrade": "NULL_NA",
    "gnaf_pid": "GANSW718463050",
    "tech_change_status": "Not Planned"
   }
  },
  {
   "type": "Feature",
   "geometry": {
    "type": "Point",
    "coordinates": [
     150.50575732,
     -29.39457129
    ]
   },
   "properties": {
    "name": "1462 OREGON ROAD WARIALDA 2402",
    "locID": "LOC000148061881",
    "tech": "SATELLITE",
    "upgrade": "NULL_NA",
    "gnaf_pid": "GANSW718463415",
    "tech_change_status": "Not Planned"
   }
  },
  {
   "type": "Feature",
   "geometry": {
    "type": "Point",
    "coordinates": [
     150.47210578,
     -29.3865308
    ]
   },
   "properties": {
    "name": "1842 OREGON ROAD WARIALDA 2402",
    "locID": "LOC000148067732",
    "tech": "NULL",
    "upgrade": "NULL_NA",
    "gnaf_pid": "GANSW718463416",
    "tech_change_status": "Not Planned"
   }
  },
  {
   "type": "Feature",
   "geometry": {
    "type": "Point",
    "coordinates": [
     150.43875311,
     -29.3338478
    ]
   },
   "properties": {
    "name": "2544 OREGON ROAD WARIALDA 2402",
    "locID": "LOC000142486469",
    "tech": "SATELLITE",
    "upgrade": "NULL_NA",
    "gnaf_pid": "GANSW718463417",
    "tech_change_status": "Not Planned"
   }
  },
  {
   "type": "Feature",
   "geometry": {
    "type": "Point",
    "coordinates": [
     150.55543555,
     -29.45985698
    ]
   },
   "properties": {
    "name": "495 OREGON ROAD WARIALDA 2402",
    "locID": "LOC000142816480",
    "tech": "NULL",
    "upgrade": "NULL_NA",
    "gnaf_pid": "GANSW718463418",
    "tech_change_status": "Not Planned"
   }
  },
  {
   "type": "Feature",
   "geometry": {
    "type": "Point",
    "coordinates": [
     150.56223399,
     -29.42954495
    ]
   },
   "properties": {
    "name": "811 OREGON ROAD WARIALDA 2402",
    "locID": "LOC000150152581",
    "tech": "NULL",
    "upgrade": "NULL_NA",
    "gnaf_pid": "GANSW718463419",
    "tech_change_status": "Not Planned"
   }
  },
  {
   "type": "Feature",
   "geometry": {
    "type": "Point",
    "coordinates": [
     150.49959505,
     -29.5696911
    ]
   },
   "properties": {
    "name": "40 TOOLIMBAH ROAD WARIALDA 2402",
    "locID": "LOC000150152599",
    "tech": "NULL",
    "upgrade": "NULL_NA",
    "gnaf_pid": "GANSW718466322",
    "tech_change_status": "Not Planned"
   }
  },
  {
   "type": "Feature",
   "geometry": {
    "type": "Point",
    "coordinates": [
     150.58112246,
     -29.50316567
    ]
   },
   "properties": {
    "name": "48 ACACIA CRESCENT WARIALDA 2402",
    "locID": "LOC000150152608",
    "tech": "SATELLITE",
    "upgrade": "NULL_NA",
    "gnaf_pid": "GANSW718489614",
    "tech_change_status": "Not Planned"
   }
  },
  {
   "type": "Feature",
   "geometry": {
    "type": "Point",
    "coordinates": [
     150.56840882,
     -29.28817048
    ]
   },
   "properties": {
    "name": "359 ALLANDALE ROAD WARIALDA 2402",
    "locID": "LOC000148083869",
    "tech": "SATELLITE",
    "upgrade": "NULL_NA",
    "gnaf_pid": "GANSW718489750",
    "tech_change_status": "Not Planned"
   }
  },
  {
   "type": "Feature",
   "geometry": {
    "type": "Point",
    "coordinates": [
     150.44594401,
     -29.2445403
    ]
   },
   "properties": {
    "name": "309 BAROMA DOWNS ROAD WARIALDA 2402",
    "locID": "LOC000142855294",
    "tech": "NULL",
    "upgrade": "NULL_NA",
    "gnaf_pid": "GANSW718490118",
    "tech_change_status": "Not Planned"
   }
  },
  {
   "type": "Feature",
   "geometry": {
    "type": "Point",
    "coordinates": [
     150.67501465,
     -29.50177344
    ]
   },
   "properties": {
    "name": "1280 FAIRFORD ROAD WARIALDA 2402",
    "locID": "LOC000148058692",
    "tech": "NULL",
    "upgrade": "NULL_NA",
    "gnaf_pid": "GANSW718493966",
    "tech_change_status": "Not Planned"
   }
  },
  {
   "type": "Feature",
   "geometry": {
    "type": "Point",
    "coordinates": [
     150.62211839,
     -29.489454
    ]
   },
   "properties": {
    "name": "691 FAIRFORD ROAD WARIALDA 2402",
    "locID": "LOC000150152620",
    "tech": "SATELLITE",
    "upgrade": "NULL_NA",
    "gnaf_pid": "GANSW718493967",
    "tech_change_status": "Not Planned"
   }
  },
  {
   "type": "Feature",
   "geometry": {
    "type": "Point",
    "coordinates": [
     150.66580919,
     -29.52612416
    ]
   },
   "properties": {
    "name": "2442 GRAGIN ROAD WARIALDA 2402",
    "locID": "LOC000148075048",
    "tech": "SATELLITE",
    "upgrade": "NULL_NA",
    "gnaf_pid": "GANSW718495013",
    "tech_change_status": "Not Planned"
   }
  },
  {
   "type": "Feature",
   "geometry": {
    "type": "Point",
    "coordinates": [
     150.53465844,
     -29.54649024
    ]
   },
   "properties": {
    "name": "13212 GWYDIR HIGHWAY WARIALDA 2402",
    "locID": "LOC000150152631",
    "tech": "NULL",
    "upgrade": "NULL_NA",
    "gnaf_pid": "GANSW718495379",
    "tech_change_status": "Not Planned"
   }
  },
  {
   "type": "Feature",
   "geometry": {
    "type": "Point",
    "coordinates": [
     150.53497258,
     -29.50199754
    ]
   },
   "properties": {
    "name": "100 MELROSE ESTATE ROAD WARIALDA 2402",
    "locID": "LOC000150152654",
    "tech": "NULL",
    "upgrade": "NULL_NA",
    "gnaf_pid": "GANSW718497909",
    "tech_change_status": "Not Planned"
   }
  },
  {
   "type": "Feature",
   "geometry": {
    "type": "Point",
    "coordinates": [
     150.57963009,
     -29.53391832
    ]
   },
   "properties": {
    "name": "10 OLIVE PYRKE TERRACE WARIALDA 2402",
    "locID": "LOC000160160034",
    "tech": "FTTN",
    "upgrade": "NULL_NA",
    "gnaf_pid": "GANSW718498604",
    "tech_change_status": "Not Planned"
   }
  },
  {
   "type": "Feature",
   "geometry": {
    "type": "Point",
    "coordinates": [
     150.58008761,
     -29.53441964
    ]
   },
   "properties": {
    "name": "4A OLIVE PYRKE TERRACE WARIALDA 2402",
    "locID": "LOC000160160099",
    "tech": "FTTN",
    "upgrade": "NULL_NA",
    "gnaf_pid": "GANSW718498605",
    "tech_change_status": "Not Planned"
   }
  },
  {
   "type": "Feature",
   "geometry": {
    "type": "Point",
    "coordinates": [
     150.45453726,
     -29.38637594
    ]
   },
   "properties": {
    "name": "1967 OREGON ROAD WARIALDA 2402",
    "locID": "LOC000148069570",
    "tech": "NULL",
    "upgrade": "NULL_NA",
    "gnaf_pid": "GANSW718498648",
    "tech_change_status": "Not Planned"
   }
  },
  {
   "type": "Feature",
   "geometry": {
    "type": "Point",
    "coordinates": [
     150.54974215,
     -29.52646107
    ]
   },
   "properties": {
    "name": "120 RACECOURSE ROAD WARIALDA 2402",
    "locID": "LOC000150152665",
    "tech": "NULL",
    "upgrade": "NULL_NA",
    "gnaf_pid": "GANSW718499907",
    "tech_change_status": "Not Planned"
   }
  },
  {
   "type": "Feature",
   "geometry": {
    "type": "Point",
    "coordinates": [
     150.69761287,
     -29.4381425
    ]
   },
   "properties": {
    "name": "123 TAROON ROAD WARIALDA 2402",
    "locID": "LOC000148057695",
    "tech": "NULL",
    "upgrade": "NULL_NA",
    "gnaf_pid": "GANSW718501316",
    "tech_change_status": "Not Planned"
   }
  },
  {
   "type": "Feature",
   "geometry": {
    "type": "Point",
    "coordinates": [
     150.71130306,
     -29.40816095
    ]
   },
   "properties": {
    "name": "396 TAROON ROAD WARIALDA 2402",
    "locID": "LOC000148086050",
    "tech": "NULL",
    "upgrade": "NULL_NA",
    "gnaf_pid": "GANSW718501317",
    "tech_change_status": "Not Planned"
   }
  },
  {
   "type": "Feature",
   "geometry": {
    "type": "Point",
    "coordinates": [
     150.58850126,
     -29.23711615
    ]
   },
   "properties": {
    "name": "1055 MUNSIES ROAD WARIALDA 2402",
    "locID": "LOC000148053858",
    "tech": "SATELLITE",
    "upgrade": "NULL_NA",
    "gnaf_pid": "GANSW718540235",
    "tech_change_status": "Not Planned"
   }
  },
  {
   "type": "Feature",
   "geometry": {
    "type": "Point",
    "coordinates": [
     150.46341088,
     -29.38583667
    ]
   },
   "properties": {
    "name": "LOT 8 OREGON ROAD WARIALDA 2402",
    "locID": "LOC000142816480",
    "tech": "NULL",
    "upgrade": "NULL_NA",
    "gnaf_pid": "GANSW718540322",
    "tech_change_status": "Not Planned"
   }
  },
  {
   "type": "Feature",
   "geometry": {
    "type": "Point",
    "coordinates": [
     150.60416272,
     -29.37645675
    ]
   },
   "properties": {
    "name": "227 NORTH STAR ROAD WARIALDA 2402",
    "locID": "LOC000148073224",
    "tech": "NULL",
    "upgrade": "NULL_NA",
    "gnaf_pid": "GANSW718563991",
    "tech_change_status": "Not Planned"
   }
  },
  {
   "type": "Feature",
   "geometry": {
    "type": "Point",
    "coordinates": [
     150.55636456,
     -29.32624979
    ]
   },
   "properties": {
    "name": "957 NORTH STAR ROAD WARIALDA 2402",
    "locID": "LOC000148106022",
    "tech": "SATELLITE",
    "upgrade": "NULL_NA",
    "gnaf_pid": "GANSW718586360",
    "tech_change_status": "Not Planned"
   }
  },
  {
   "type": "Feature",
   "geometry": {
    "type": "Point",
    "coordinates": [
     150.57707099,
     -29.50541288
    ]
   },
   "properties": {
    "name": "35 ACACIA CRESCENT WARIALDA 2402",
    "locID": "LOC000150152683",
    "tech": "SATELLITE",
    "upgrade": "NULL_NA",
    "gnaf_pid": "GANSW718594686",
    "tech_change_status": "Not Planned"
   }
  },
  {
   "type": "Feature",
   "geometry": {
    "type": "Point",
    "coordinates": [
     150.55838161,
     -29.45383624
    ]
   },
   "properties": {
    "name": "582 OREGON ROAD WARIALDA 2402",
    "locID": "LOC000142996844",
    "tech": "SATELLITE",
    "upgrade": "NULL_NA",
    "gnaf_pid": "GANSW718647437",
    "tech_change_status": "Not Planned"
   }
  },
  {
   "type": "Feature",
   "geometry": {
    "type": "Point",
    "coordinates": [
     150.57807938,
     -29.53239037
    ]
   },
   "properties": {
    "name": "34 ROGER MOORE CRESCENT WARIALDA 2402",
    "locID": "LOC000160159922",
    "tech": "FTTN",
    "upgrade": "NULL_NA",
    "gnaf_pid": "GANSW718648715",
    "tech_change_status": "Not Planned"
   }
  },
  {
   "type": "Feature",
   "geometry": {
    "type": "Point",
    "coordinates": [
     150.55149686,
     -29.48729097
    ]
   },
   "properties": {
    "name": "157 OREGON ROAD WARIALDA 2402",
    "locID": "LOC100021190522",
    "tech": "NULL",
    "upgrade": "NULL_NA",
    "gnaf_pid": "GANSW718656630",
    "tech_change_status": "Not Planned"
   }
  },
  {
   "type": "Feature",
   "geometry": {
    "type": "Point",
    "coordinates": [
     150.36967116,
     -29.20746722
    ]
   },
   "properties": {
    "name": "54 BARDIN ROAD WARIALDA 2402",
    "locID": "LOC000148093326",
    "tech": "SATELLITE",
    "upgrade": "NULL_NA",
    "gnaf_pid": "GANSW718684413",
    "tech_change_status": "Not Planned"
   }
  },
  {
   "type": "Feature",
   "geometry": {
    "type": "Point",
    "coordinates": [
     150.66845813,
     -29.41807803
    ]
   },
   "properties": {
    "name": "256 BLACKJACK ROAD WARIALDA 2402",
    "locID": "LOC000148075961",
    "tech": "SATELLITE",
    "upgrade": "NULL_NA",
    "gnaf_pid": "GANSW718684819",
    "tech_change_status": "Not Planned"
   }
  },
  {
   "type": "Feature",
   "geometry": {
    "type": "Point",
    "coordinates": [
     150.49074997,
     -29.3290469
    ]
   },
   "properties": {
    "name": "355 BUNDAWARRA ROAD WARIALDA 2402",
    "locID": "LOC000148083616",
    "tech": "NULL",
    "upgrade": "NULL_NA",
    "gnaf_pid": "GANSW718685326",
    "tech_change_status": "Not Planned"
   }
  },
  {
   "type": "Feature",
   "geometry": {
    "type": "Point",
    "coordinates": [
     150.63837395,
     -29.54818553
    ]
   },
   "properties": {
    "name": "2953 GRAGIN ROAD WARIALDA 2402",
    "locID": "LOC000148079399",
    "tech": "SATELLITE",
    "upgrade": "NULL_NA",
    "gnaf_pid": "GANSW718688427",
    "tech_change_status": "Not Planned"
   }
  },
  {
   "type": "Feature",
   "geometry": {
    "type": "Point",
    "coordinates": [
     150.61579271,
     -29.53858869
    ]
   },
   "properties": {
    "name": "3171 GRAGIN ROAD WARIALDA 2402",
    "locID": "LOC000150152715",
    "tech": "NULL",
    "upgrade": "NULL_NA",
    "gnaf_pid": "GANSW718688428",
    "tech_change_status": "Not Planned"
   }
  },
  {
   "type": "Feature",
   "geometry": {
    "type": "Point",
    "coordinates": [
     150.61128043,
     -29.53819706
    ]
   },
   "properties": {
    "name": "3209 GRAGIN ROAD WARIALDA 2402",
    "locID": "LOC000150152727",
    "tech": "SATELLITE",
    "upgrade": "NULL_NA",
    "gnaf_pid": "GANSW718688429",
    "tech_change_status": "Not Planned"
   }
  },
  {
   "type": "Feature",
   "geometry": {
    "type": "Point",
    "coordinates": [
     150.56947519,
     -29.54376769
    ]
   },
   "properties": {
    "name": "UNIT 3, 18 HOLDEN STREET WARIALDA 2402",
    "locID": "LOC000160159594",
    "tech": "FTTC",
    "upgrade": "NULL_NA",
    "gnaf_pid": "GANSW718698916"
   }
  },
  {
   "type": "Feature",
   "geometry": {
    "type": "Point",
    "coordinates": [
     150.41359369,
     -29.25465339
    ]
   },
   "properties": {
    "name": "165 DUNOLLIE ROAD WARIALDA 2402",
    "locID": "LOC000148065084",
    "tech": "NULL",
    "upgrade": "NULL_NA",
    "gnaf_pid": "GANSW718706249",
    "tech_change_status": "Not Planned"
   }
  },
  {
   "type": "Feature",
   "geometry": {
    "type": "Point",
    "coordinates": [
     150.59927027,
     -29.53683752
    ]
   },
   "properties": {
    "name": "28 FAIRFORD ROAD WARIALDA 2402",
    "locID": "LOC000150152736",
    "tech": "SATELLITE",
    "upgrade": "NULL_NA",
    "gnaf_pid": "GANSW718706366",
    "tech_change_status": "Not Planned"
   }
  },
  {
   "type": "Feature",
   "geometry": {
    "type": "Point",
    "coordinates": [
     150.61127681,
     -29.50572363
    ]
   },
   "properties": {
    "name": "389 FAIRFORD ROAD WARIALDA 2402",
    "locID": "LOC100078041279",
    "tech": "NULL",
    "upgrade": "NULL_NA",
    "gnaf_pid": "GANSW718706367",
    "tech_change_status": "Not Planned"
   }
  },
  {
   "type": "Feature",
   "geometry": {
    "type": "Point",
    "coordinates": [
     150.61940351,
     -29.49047116
    ]
   },
   "properties": {
    "name": "667 FAIRFORD ROAD WARIALDA 2402",
    "locID": "LOC000150152743",
    "tech": "NULL",
    "upgrade": "NULL_NA",
    "gnaf_pid": "GANSW718706368",
    "tech_change_status": "Not Planned"
   }
  },
  {
   "type": "Feature",
   "geometry": {
    "type": "Point",
    "coordinates": [
     150.53675145,
     -29.54081004
    ]
   },
   "properties": {
    "name": "15 FRAZER ROAD WARIALDA 2402",
    "locID": "LOC100079386281",
    "tech": "NULL",
    "upgrade": "NULL_NA",
    "gnaf_pid": "GANSW718706575",
    "tech_change_status": "Not Planned"
   }
  },
  {
   "type": "Feature",
   "geometry": {
    "type": "Point",
    "coordinates": [
     150.66647881,
     -29.5494662
    ]
   },
   "properties": {
    "name": "2519 GRAGIN ROAD WARIALDA 2402",
    "locID": "LOC000142531546",
    "tech": "SATELLITE",
    "upgrade": "NULL_NA",
    "gnaf_pid": "GANSW718706807",
    "tech_change_status": "Not Planned"
   }
  },
  {
   "type": "Feature",
   "geometry": {
    "type": "Point",
    "coordinates": [
     150.56576968,
     -29.54514886
    ]
   },
   "properties": {
    "name": "12923 GWYDIR HIGHWAY WARIALDA 2402",
    "locID": "LOC100078041589",
    "tech": "SATELLITE",
    "upgrade": "NULL_NA",
    "gnaf_pid": "GANSW718706944",
    "tech_change_status": "Not Planned"
   }
  },
  {
   "type": "Feature",
   "geometry": {
    "type": "Point",
    "coordinates": [
     150.56168672,
     -29.55306997
    ]
   },
   "properties": {
    "name": "12943 GWYDIR HIGHWAY WARIALDA 2402",
    "locID": "LOC100078041673",
    "tech": "NULL",
    "upgrade": "NULL_NA",
    "gnaf_pid": "GANSW718706945",
    "tech_change_status": "Not Planned"
   }
  },
  {
   "type": "Feature",
   "geometry": {
    "type": "Point",
    "coordinates": [
     150.55818241,
     -29.55300392
    ]
   },
   "properties": {
    "name": "12945 GWYDIR HIGHWAY WARIALDA 2402",
    "locID": "LOC000150152762",
    "tech": "NULL",
    "upgrade": "NULL_NA",
    "gnaf_pid": "GANSW718706946",
    "tech_change_status": "Not Planned"
   }
  },
  {
   "type": "Feature",
   "geometry": {
    "type": "Point",
    "coordinates": [
     150.55906215,
     -29.54545125
    ]
   },
   "properties": {
    "name": "12980 GWYDIR HIGHWAY WARIALDA 2402",
    "locID": "LOC100055382522",
    "tech": "NULL",
    "upgrade": "NULL_NA",
    "gnaf_pid": "GANSW718706947",
    "tech_change_status": "Not Planned"
   }
  },
  {
   "type": "Feature",
   "geometry": {
    "type": "Point",
    "coordinates": [
     150.35750762,
     -29.44560346
    ]
   },
   "properties": {
    "name": "2427 MOSQUITO CREEK ROAD WARIALDA 2402",
    "locID": "LOC000150152770",
    "tech": "NULL",
    "upgrade": "NULL_NA",
    "gnaf_pid": "GANSW718707592",
    "tech_change_status": "Not Planned"
   }
  },
  {
   "type": "Feature",
   "geometry": {
    "type": "Point",
    "coordinates": [
     150.46690919,
     -29.51466588
    ]
   },
   "properties": {
    "name": "857 MOSQUITO CREEK ROAD WARIALDA 2402",
    "locID": "LOC000150152789",
    "tech": "NULL",
    "upgrade": "NULL_NA",
    "gnaf_pid": "GANSW718707593",
    "tech_change_status": "Not Planned"
   }
  },
  {
   "type": "Feature",
   "geometry": {
    "type": "Point",
    "coordinates": [
     150.31599382,
     -29.48051759
    ]
   },
   "properties": {
    "name": "37 NUNGA ROAD WARIALDA 2402",
    "locID": "LOC000150152817",
    "tech": "NULL",
    "upgrade": "NULL_NA",
    "gnaf_pid": "GANSW718729446",
    "tech_change_status": "Not Planned"
   }
  },
  {
   "type": "Feature",
   "geometry": {
    "type": "Point",
    "coordinates": [
     150.52349567,
     -29.38503716
    ]
   },
   "properties": {
    "name": "2216 OREGON ROAD WARIALDA 2402",
    "locID": "LOC000143044823",
    "tech": "NULL",
    "upgrade": "NULL_NA",
    "gnaf_pid": "GANSW718729670",
    "tech_change_status": "Not Planned"
   }
  },
  {
   "type": "Feature",
   "geometry": {
    "type": "Point",
    "coordinates": [
     150.43412199,
     -29.36557863
    ]
   },
   "properties": {
    "name": "2266 OREGON ROAD WARIALDA 2402",
    "locID": "LOC000142540290",
    "tech": "SATELLITE",
    "upgrade": "NULL_NA",
    "gnaf_pid": "GANSW718729671",
    "tech_change_status": "Not Planned"
   }
  },
  {
   "type": "Feature",
   "geometry": {
    "type": "Point",
    "coordinates": [
     150.40094728,
     -29.33631217
    ]
   },
   "properties": {
    "name": "2775 OREGON ROAD WARIALDA 2402",
    "locID": "LOC000148077920",
    "tech": "NULL",
    "upgrade": "NULL_NA",
    "gnaf_pid": "GANSW718729672",
    "tech_change_status": "Not Planned"
   }
  },
  {
   "type": "Feature",
   "geometry": {
    "type": "Point",
    "coordinates": [
     150.55701881,
     -29.45934846
    ]
   },
   "properties": {
    "name": "508 OREGON ROAD WARIALDA 2402",
    "locID": "LOC000150152829",
    "tech": "NULL",
    "upgrade": "NULL_NA",
    "gnaf_pid": "GANSW718729673",
    "tech_change_status": "Not Planned"
   }
  },
  {
   "type": "Feature",
   "geometry": {
    "type": "Point",
    "coordinates": [
     150.54877484,
     -29.44466022
    ]
   },
   "properties": {
    "name": "662 OREGON ROAD WARIALDA 2402",
    "locID": "LOC000150152838",
    "tech": "NULL",
    "upgrade": "NULL_NA",
    "gnaf_pid": "GANSW718729674",
    "tech_change_status": "Not Planned"
   }
  },
  {
   "type": "Feature",
   "geometry": {
    "type": "Point",
    "coordinates": [
     150.56225845,
     -29.43877443
    ]
   },
   "properties": {
    "name": "814 OREGON ROAD WARIALDA 2402",
    "locID": "LOC000150152840",
    "tech": "NULL",
    "upgrade": "NULL_NA",
    "gnaf_pid": "GANSW718729676",
    "tech_change_status": "Not Planned"
   }
  },
  {
   "type": "Feature",
   "geometry": {
    "type": "Point",
    "coordinates": [
     150.4974333,
     -29.34659936
    ]
   },
   "properties": {
    "name": "109 STRATHALLAN ROAD WARIALDA 2402",
    "locID": "LOC000148054642",
    "tech": "SATELLITE",
    "upgrade": "NULL_NA",
    "gnaf_pid": "GANSW718732913",
    "tech_change_status": "Not Planned"
   }
  },
  {
   "type": "Feature",
   "geometry": {
    "type": "Point",
    "coordinates": [
     150.64270524,
     -29.52339343
    ]
   },
   "properties": {
    "name": "128 TOLGA ROAD WARIALDA 2402",
    "locID": "LOC000148058663",
    "tech": "SATELLITE",
    "upgrade": "NULL_NA",
    "gnaf_pid": "GANSW718733844",
    "tech_change_status": "Not Planned"
   }
  },
  {
   "type": "Feature",
   "geometry": {
    "type": "Point",
    "coordinates": [
     150.5782808,
     -29.52972504
    ]
   },
   "properties": {
    "name": "161 WARIALDA ROAD WARIALDA 2402",
    "locID": "LOC000160159541",
    "tech": "FTTN",
    "upgrade": "NULL_NA",
    "gnaf_pid": "GANSW718734454",
    "tech_change_status": "Not Planned"
   }
  },
  {
   "type": "Feature",
   "geometry": {
    "type": "Point",
    "coordinates": [
     150.64862751,
     -29.38249628
    ]
   },
   "properties": {
    "name": "1908 WARIALDA ROAD WARIALDA 2402",
    "locID": "LOC000148068788",
    "tech": "NULL",
    "upgrade": "NULL_NA",
    "gnaf_pid": "GANSW718734455",
    "tech_change_status": "Not Planned"
   }
  },
  {
   "type": "Feature",
   "geometry": {
    "type": "Point",
    "coordinates": [
     150.5140584,
     -29.34102249
    ]
   },
   "properties": {
    "name": "458 YARRAN ROAD WARIALDA 2402",
    "locID": "LOC000148089535",
    "tech": "NULL",
    "upgrade": "NULL_NA",
    "gnaf_pid": "GANSW718735166",
    "tech_change_status": "Not Planned"
   }
  },
  {
   "type": "Feature",
   "geometry": {
    "type": "Point",
    "coordinates": [
     150.5699538,
     -29.5451015
    ]
   },
   "properties": {
    "name": "9-11 HOLDEN STREET WARIALDA 2402",
    "locID": "LOC000160160068",
    "tech": "FTTC",
    "upgrade": "FTTP_SA",
    "gnaf_pid": "GANSW718802466",
    "tech_change_status": "Eligible to Order"
   }
  },
  {
   "type": "Feature",
   "geometry": {
    "type": "Point",
    "coordinates": [
     150.56654637,
     -29.54480073
    ]
   },
   "properties": {
    "name": "12921 GWYDIR HIGHWAY WARIALDA 2402",
    "locID": "LOC100055382533",
    "tech": "NULL",
    "upgrade": "NULL_NA",
    "gnaf_pid": "GANSW718844115",
    "tech_change_status": "Not Planned"
   }
  },
  {
   "type": "Feature",
   "geometry": {
    "type": "Point",
    "coordinates": [
     150.56702087,
     -29.54470048
    ]
   },
   "properties": {
    "name": "12927 GWYDIR HIGHWAY WARIALDA 2402",
    "locID": "LOC100055382579",
    "tech": "NULL",
    "upgrade": "NULL_NA",
    "gnaf_pid": "GANSW718844117",
    "tech_change_status": "Not Planned"
   }
  },
  {
   "type": "Feature",
   "geometry": {
    "type": "Point",
    "coordinates": [
     150.5754158,
     -29.53613658
    ]
   },
   "properties": {
    "name": "94A STEPHEN STREET WARIALDA 2402",
    "locID": "LOC000185602936",
    "tech": "FTTN",
    "upgrade": "NULL_NA",
    "gnaf_pid": "GANSW718853630",
    "tech_change_status": "Not Planned"
   }
  },
  {
   "type": "Feature",
   "geometry": {
    "type": "Point",
    "coordinates": [
     150.57513447,
     -29.53587043
    ]
   },
   "properties": {
    "name": "94B STEPHEN STREET WARIALDA 2402",
    "locID": "LOC000160159659",
    "tech": "FTTN",
    "upgrade": "NULL_NA",
    "gnaf_pid": "GANSW718853631",
    "tech_change_status": "Not Planned"
   }
  },
  {
   "type": "Feature",
   "geometry": {
    "type": "Point",
    "coordinates": [
     150.64149011,
     -29.5749205
    ]
   },
   "properties": {
    "name": "12042 GWYDIR HIGHWAY WARIALDA 2402",
    "locID": "LOC100080003984",
    "tech": "NULL",
    "upgrade": "NULL_NA",
    "gnaf_pid": "GANSW718886855",
    "tech_change_status": "Not Planned"
   }
  },
  {
   "type": "Feature",
   "geometry": {
    "type": "Point",
    "coordinates": [
     150.56947519,
     -29.54376769
    ]
   },
   "properties": {
    "name": "UNIT 4, 18 HOLDEN STREET WARIALDA 2402",
    "locID": "LOC000163167065",
    "tech": "FTTC",
    "upgrade": "FTTP_NA",
    "gnaf_pid": "GANSW718937967",
    "tech_change_status": "MDU Complex Eligible To Apply"
   }
  },
  {
   "type": "Feature",
   "geometry": {
    "type": "Point",
    "coordinates": [
     150.56947519,
     -29.54376769
    ]
   },
   "properties": {
    "name": "UNIT 5, 18 HOLDEN STREET WARIALDA 2402",
    "locID": "LOC000163167083",
    "tech": "FTTC",
    "upgrade": "NULL_NA",
    "gnaf_pid": "GANSW718937968"
   }
  },
  {
   "type": "Feature",
   "geometry": {
    "type": "Point",
    "coordinates": [
     150.56947519,
     -29.54376769
    ]
   },
   "properties": {
    "name": "UNIT 6, 18 HOLDEN STREET WARIALDA 2402",
    "locID": "LOC000163167106",
    "tech": "FTTC",
    "upgrade": "FTTP_NA",
    "gnaf_pid": "GANSW718937969",
    "tech_change_status": "MDU Complex Eligible To Apply"
   }
  },
  {
   "type": "Feature",
   "geometry": {
    "type": "Point",
    "coordinates": [
     150.54208892,
     -29.55516545
    ]
   },
   "properties": {
    "name": "3575 ALLAN CUNNINGHAM ROAD WARIALDA 2402",
    "locID": "LOC000159862151",
    "tech": "SATELLITE",
    "upgrade": "NULL_NA",
    "gnaf_pid": "GANSW719031526",
    "tech_change_status": "Not Planned"
   }
  },
  {
   "type": "Feature",
   "geometry": {
    "type": "Point",
    "coordinates": [
     150.58059434,
     -29.49991346
    ]
   },
   "properties": {
    "name": "62 ACACIA CRESCENT WARIALDA 2402",
    "locID": "LOC100078041246",
    "tech": "NULL",
    "upgrade": "NULL_NA",
    "gnaf_pid": "GANSW719062069",
    "tech_change_status": "Not Planned"
   }
  },
  {
   "type": "Feature",
   "geometry": {
    "type": "Point",
    "coordinates": [
     150.55148794,
     -29.51207525
    ]
   },
   "properties": {
    "name": "164 MICHAELS LANE WARIALDA 2402",
    "locID": "LOC100071934525",
    "tech": "NULL",
    "upgrade": "NULL_NA",
    "gnaf_pid": "GANSW719062632",
    "tech_change_status": "Not Planned"
   }
  },
  {
   "type": "Feature",
   "geometry": {
    "type": "Point",
    "coordinates": [
     150.58064672,
     -29.53585223
    ]
   },
   "properties": {
    "name": "45 CRANE STREET WARIALDA 2402",
    "locID": "LOC000005651948",
    "tech": "FTTN",
    "upgrade": "NULL_NA",
    "gnaf_pid": "GANSW719178385",
    "tech_change_status": "Not Planned"
   }
  },
  {
   "type": "Feature",
   "geometry": {
    "type": "Point",
    "coordinates": [
     150.58509986,
     -29.54229318
    ]
   },
   "properties": {
    "name": "47 GRAGIN ROAD WARIALDA 2402",
    "locID": "LOC000120892012",
    "tech": "FTTC",
    "upgrade": "FTTP_SA",
    "gnaf_pid": "GANSW719361427",
    "tech_change_status": "Eligible to Order"
   }
  },
  {
   "type": "Feature",
   "geometry": {
    "type": "Point",
    "coordinates": [
     150.54354503,
     -29.50221549
    ]
   },
   "properties": {
    "name": "51 MICHAELS LANE WARIALDA 2402",
    "locID": "LOC000178031999",
    "tech": "SATELLITE",
    "upgrade": "NULL_NA",
    "gnaf_pid": "GANSW719463855",
    "tech_change_status": "Not Planned"
   }
  },
  {
   "type": "Feature",
   "geometry": {
    "type": "Point",
    "coordinates": [
     150.54807022,
     -29.34771165
    ]
   },
   "properties": {
    "name": "358 DEWRANG ROAD WARIALDA 2402",
    "locID": "LOC100071933510",
    "tech": "NULL",
    "upgrade": "NULL_NA",
    "gnaf_pid": "GANSW719659334",
    "tech_change_status": "Not Planned"
   }
  },
  {
   "type": "Feature",
   "geometry": {
    "type": "Point",
    "coordinates": [
     150.56787728,
     -29.54354622
    ]
   },
   "properties": {
    "name": "12885 GWYDIR HIGHWAY WARIALDA 2402",
    "locID": "LOC100057989077",
    "tech": "FTTC",
    "upgrade": "FTTP_SA",
    "gnaf_pid": "GANSW719807057",
    "tech_change_status": "Eligible to Order"
   }
  },
  {
   "type": "Feature",
   "geometry": {
    "type": "Point",
    "coordinates": [
     150.57159674,
     -29.54476827
    ]
   },
   "properties": {
    "name": "18 PLUNKETT STREET WARIALDA 2402",
    "locID": "LOC000030604106",
    "tech": "HFC",
    "upgrade": "NULL_NA",
    "gnaf_pid": "GANSW719867300"
   }
  },
  {
   "type": "Feature",
   "geometry": {
    "type": "Point",
    "coordinates": [
     150.57307541,
     -29.54033973
    ]
   },
   "properties": {
    "name": "41 PLUNKETT STREET WARIALDA 2402",
    "locID": "LOC000041610094",
    "tech": "HFC",
    "upgrade": "NULL_NA",
    "gnaf_pid": "GANSW719868137"
   }
  },
  {
   "type": "Feature",
   "geometry": {
    "type": "Point",
    "coordinates": [
     150.57282607,
     -29.54157793
    ]
   },
   "properties": {
    "name": "35 PLUNKETT STREET WARIALDA 2402",
    "locID": "LOC000105022940",
    "tech": "HFC",
    "upgrade": "NULL_NA",
    "gnaf_pid": "GANSW719871789"
   }
  },
  {
   "type": "Feature",
   "geometry": {
    "type": "Point",
    "coordinates": [
     150.5718622,
     -29.54334358
    ]
   },
   "properties": {
    "name": "28 PLUNKETT STREET WARIALDA 2402",
    "locID": "LOC000088211395",
    "tech": "HFC",
    "upgrade": "NULL_NA",
    "gnaf_pid": "GANSW719873492"
   }
  },
  {
   "type": "Feature",
   "geometry": {
    "type": "Point",
    "coordinates": [
     150.57221671,
     -29.54151297
    ]
   },
   "properties": {
    "name": "36 PLUNKETT STREET WARIALDA 2402",
    "locID": "LOC000016614519",
    "tech": "HFC",
    "upgrade": "NULL_NA",
    "gnaf_pid": "GANSW719874180"
   }
  },
  {
   "type": "Feature",
   "geometry": {
    "type": "Point",
    "coordinates": [
     150.57219328,
     -29.5420329
    ]
   },
   "properties": {
    "name": "32 PLUNKETT STREET WARIALDA 2402",
    "locID": "LOC000026897147",
    "tech": "HFC",
    "upgrade": "NULL_NA",
    "gnaf_pid": "GANSW719874523"
   }
  },
  {
   "type": "Feature",
   "geometry": {
    "type": "Point",
    "coordinates": [
     150.5721418,
     -29.54519321
    ]
   },
   "properties": {
    "name": "15 PLUNKETT STREET WARIALDA 2402",
    "locID": "LOC000095487145",
    "tech": "HFC",
    "upgrade": "NULL_NA",
    "gnaf_pid": "GANSW719876353"
   }
  },
  {
   "type": "Feature",
   "geometry": {
    "type": "Point",
    "coordinates": [
     150.57155664,
     -29.54498851
    ]
   },
   "properties": {
    "name": "16 PLUNKETT STREET WARIALDA 2402",
    "locID": "LOC000096293046",
    "tech": "FTTP",
    "upgrade": "NULL_NA",
    "gnaf_pid": "GANSW719876804"
   }
  },
  {
   "type": "Feature",
   "geometry": {
    "type": "Point",
    "coordinates": [
     150.57170936,
     -29.54413719
    ]
   },
   "properties": {
    "name": "22 PLUNKETT STREET WARIALDA 2402",
    "locID": "LOC000033519062",
    "tech": "HFC",
    "upgrade": "NULL_NA",
    "gnaf_pid": "GANSW719877100"
   }
  },
  {
   "type": "Feature",
   "geometry": {
    "type": "Point",
    "coordinates": [
     150.57147196,
     -29.54543944
    ]
   },
   "properties": {
    "name": "12 PLUNKETT STREET WARIALDA 2402",
    "locID": "LOC000026468402",
    "tech": "FTTC",
    "upgrade": "FTTP",
    "gnaf_pid": "GANSW719879102",
    "tech_change_status": "Eligible to Order"
   }
  },
  {
   "type": "Feature",
   "geometry": {
    "type": "Point",
    "coordinates": [
     150.57233035,
     -29.54421004
    ]
   },
   "properties": {
    "name": "21 PLUNKETT STREET WARIALDA 2402",
    "locID": "LOC000060838006",
    "tech": "HFC",
    "upgrade": "NULL_NA",
    "gnaf_pid": "GANSW719880444"
   }
  },
  {
   "type": "Feature",
   "geometry": {
    "type": "Point",
    "coordinates": [
     150.57229272,
     -29.54443119
    ]
   },
   "properties": {
    "name": "19 PLUNKETT STREET WARIALDA 2402",
    "locID": "LOC000111335512",
    "tech": "NULL",
    "upgrade": "NULL_NA",
    "gnaf_pid": "GANSW719882705",
    "tech_change_status": "Not Planned"
   }
  },
  {
   "type": "Feature",
   "geometry": {
    "type": "Point",
    "coordinates": [
     150.57210692,
     -29.54536982
    ]
   },
   "properties": {
    "name": "13 PLUNKETT STREET WARIALDA 2402",
    "locID": "LOC000098933569",
    "tech": "HFC",
    "upgrade": "NULL_NA",
    "gnaf_pid": "GANSW719887821"
   }
  },
  {
   "type": "Feature",
   "geometry": {
    "type": "Point",
    "coordinates": [
     150.57230811,
     -29.54103865
    ]
   },
   "properties": {
    "name": "42 PLUNKETT STREET WARIALDA 2402",
    "locID": "LOC000062848543",
    "tech": "HFC",
    "upgrade": "NULL_NA",
    "gnaf_pid": "GANSW719889129"
   }
  },
  {
   "type": "Feature",
   "geometry": {
    "type": "Point",
    "coordinates": [
     150.5720722,
     -29.5455479
    ]
   },
   "properties": {
    "name": "11 PLUNKETT STREET WARIALDA 2402",
    "locID": "LOC000087902023",
    "tech": "HFC",
    "upgrade": "NULL_NA",
    "gnaf_pid": "GANSW719891048"
   }
  },
  {
   "type": "Feature",
   "geometry": {
    "type": "Point",
    "coordinates": [
     150.57224463,
     -29.54136744
    ]
   },
   "properties": {
    "name": "38 PLUNKETT STREET WARIALDA 2402",
    "locID": "LOC000049789307",
    "tech": "HFC",
    "upgrade": "NULL_NA",
    "gnaf_pid": "GANSW719892033"
   }
  },
  {
   "type": "Feature",
   "geometry": {
    "type": "Point",
    "coordinates": [
     150.59838744,
     -29.51770642
    ]
   },
   "properties": {
    "name": "221 FAIRFORD ROAD WARIALDA 2402",
    "locID": "LOC100071934573",
    "tech": "NULL",
    "upgrade": "NULL_NA",
    "gnaf_pid": "GANSW719892352",
    "tech_change_status": "Not Planned"
   }
  },
  {
   "type": "Feature",
   "geometry": {
    "type": "Point",
    "coordinates": [
     150.57174255,
     -29.54385645
    ]
   },
   "properties": {
    "name": "24 PLUNKETT STREET WARIALDA 2402",
    "locID": "LOC000039163108",
    "tech": "HFC",
    "upgrade": "NULL_NA",
    "gnaf_pid": "GANSW719892371"
   }
  },
  {
   "type": "Feature",
   "geometry": {
    "type": "Point",
    "coordinates": [
     150.57302285,
     -29.54058317
    ]
   },
   "properties": {
    "name": "39 PLUNKETT STREET WARIALDA 2402",
    "locID": "LOC000041666655",
    "tech": "HFC",
    "upgrade": "NULL_NA",
    "gnaf_pid": "GANSW719895149"
   }
  },
  {
   "type": "Feature",
   "geometry": {
    "type": "Point",
    "coordinates": [
     150.57281193,
     -29.54163796
    ]
   },
   "properties": {
    "name": "33 PLUNKETT STREET WARIALDA 2402",
    "locID": "LOC000077474373",
    "tech": "HFC",
    "upgrade": "NULL_NA",
    "gnaf_pid": "GANSW719901435"
   }
  },
  {
   "type": "Feature",
   "geometry": {
    "type": "Point",
    "coordinates": [
     150.57099593,
     -29.54612462
    ]
   },
   "properties": {
    "name": "6 PLUNKETT STREET WARIALDA 2402",
    "locID": "LOC000038457851",
    "tech": "FTTC",
    "upgrade": "FTTP_NA",
    "gnaf_pid": "GANSW719903518",
    "tech_change_status": "MDU Complex Eligible To Apply"
   }
  },
  {
   "type": "Feature",
   "geometry": {
    "type": "Point",
    "coordinates": [
     150.57277027,
     -29.54187712
    ]
   },
   "properties": {
    "name": "29 PLUNKETT STREET WARIALDA 2402",
    "locID": "LOC000067854263",
    "tech": "FTTP",
    "upgrade": "NULL_NA",
    "gnaf_pid": "GANSW719944903"
   }
  },
  {
   "type": "Feature",
   "geometry": {
    "type": "Point",
    "coordinates": [
     150.57221605,
     -29.54481078
    ]
   },
   "properties": {
    "name": "17 PLUNKETT STREET WARIALDA 2402",
    "locID": "LOC000113931852",
    "tech": "SATELLITE",
    "upgrade": "NULL_NA",
    "gnaf_pid": "GANSW719944905",
    "tech_change_status": "Not Planned"
   }
  },
  {
   "type": "Feature",
   "geometry": {
    "type": "Point",
    "coordinates": [
     150.5729218,
     -29.54110742
    ]
   },
   "properties": {
    "name": "37 PLUNKETT STREET WARIALDA 2402",
    "locID": "LOC000091256090",
    "tech": "HFC",
    "upgrade": "NULL_NA",
    "gnaf_pid": "GANSW719944906"
   }
  },
  {
   "type": "Feature",
   "geometry": {
    "type": "Point",
    "coordinates": [
     150.57227592,
     -29.5412045
    ]
   },
   "properties": {
    "name": "40 PLUNKETT STREET WARIALDA 2402",
    "locID": "LOC000193480242",
    "tech": "FTTP",
    "upgrade": "NULL_NA",
    "gnaf_pid": "GANSW719947064"
   }
  },
  {
   "type": "Feature",
   "geometry": {
    "type": "Point",
    "coordinates": [
     150.57193397,
     -29.54178835
    ]
   },
   "properties": {
    "name": "34 PLUNKETT STREET WARIALDA 2402",
    "locID": "LOC000106577159",
    "tech": "HFC",
    "upgrade": "NULL_NA",
    "gnaf_pid": "GANSW719948136"
   }
  },
  {
   "type": "Feature",
   "geometry": {
    "type": "Point",
    "coordinates": [
     150.59897182,
     -29.52227655
    ]
   },
   "properties": {
    "name": "181 FAIRFORD ROAD WARIALDA 2402",
    "locID": "LOC100071934587",
    "tech": "NULL",
    "upgrade": "NULL_NA",
    "gnaf_pid": "GANSW720011636",
    "tech_change_status": "Not Planned"
   }
  },
  {
   "type": "Feature",
   "geometry": {
    "type": "Point",
    "coordinates": [
     150.57186254,
     -29.53127287
    ]
   },
   "properties": {
    "name": "44 HOLDEN STREET WARIALDA 2402",
    "locID": "LOC000183941761",
    "tech": "FTTC",
    "upgrade": "FTTP_SA",
    "gnaf_pid": "GANSW720013394",
    "tech_change_status": "Eligible to Order"
   }
  },
  {
   "type": "Feature",
   "geometry": {
    "type": "Point",
    "coordinates": [
     150.46146465,
     -29.22068292
    ]
   },
   "properties": {
    "name": "2665 NORTH STAR ROAD WARIALDA 2402",
    "locID": "LOC100078038919",
    "tech": "NULL",
    "upgrade": "NULL_NA",
    "gnaf_pid": "GANSW720084307",
    "tech_change_status": "Not Planned"
   }
  },
  {
   "type": "Feature",
   "geometry": {
    "type": "Point",
    "coordinates": [
     150.57610143,
     -29.54028747
    ]
   },
   "properties": {
    "name": "UNIT 1, 2 HALL STREET WARIALDA 2402",
    "locID": "LOC000182697190",
    "tech": "FTTC",
    "upgrade": "FTTP_SA",
    "gnaf_pid": "GANSW720254433",
    "tech_change_status": "Eligible to Order"
   }
  },
  {
   "type": "Feature",
   "geometry": {
    "type": "Point",
    "coordinates": [
     150.57587057,
     -29.54035747
    ]
   },
   "properties": {
    "name": "UNIT 2, 2 HALL STREET WARIALDA 2402",
    "locID": "LOC000182699706",
    "tech": "FTTC",
    "upgrade": "FTTP_SA",
    "gnaf_pid": "GANSW720262488",
    "tech_change_status": "Eligible to Order"
   }
  },
  {
   "type": "Feature",
   "geometry": {
    "type": "Point",
    "coordinates": [
     150.57610143,
     -29.54028747
    ]
   },
   "properties": {
    "name": "2 HALL STREET WARIALDA 2402",
    "locID": "LOC000182699706",
    "tech": "FTTC",
    "upgrade": "FTTP_SA",
    "gnaf_pid": "GANSW720274949",
    "tech_change_status": "Eligible to Order"
   }
  },
  {
   "type": "Feature",
   "geometry": {
    "type": "Point",
    "coordinates": [
     150.56918491,
     -29.54309915
    ]
   },
   "properties": {
    "name": "12869 GWYDIR HIGHWAY WARIALDA 2402",
    "locID": "LOC000160159573",
    "tech": "FTTP",
    "upgrade": "NULL_NA",
    "gnaf_pid": "GANSW720327875"
   }
  },
  {
   "type": "Feature",
   "geometry": {
    "type": "Point",
    "coordinates": [
     150.60578159,
     -29.5924805
    ]
   },
   "properties": {
    "name": "841 KELLYS GULLY ROAD WARIALDA 2402",
    "locID": "LOC100078041982",
    "tech": "NULL",
    "upgrade": "NULL_NA",
    "gnaf_pid": "GANSW720419279",
    "tech_change_status": "Not Planned"
   }
  },
  {
   "type": "Feature",
   "geometry": {
    "type": "Point",
    "coordinates": [
     150.73732487,
     -29.48809755
    ]
   },
   "properties": {
    "name": "1531 GOURNAMA ROAD WARIALDA 2402",
    "locID": "LOC100078655146",
    "tech": "NULL",
    "upgrade": "NULL_NA",
    "gnaf_pid": "GANSW720532279",
    "tech_change_status": "Not Planned"
   }
  },
  {
   "type": "Feature",
   "geometry": {
    "type": "Point",
    "coordinates": [
     150.56835253,
     -29.53325999
    ]
   },
   "properties": {
    "name": "16 NICHOLSON STREET WARIALDA 2402",
    "locID": "LOC000163170082",
    "tech": "NULL",
    "upgrade": "NULL_NA",
    "gnaf_pid": "GANSW720686788",
    "tech_change_status": "Not Planned"
   }
  },
  {
   "type": "Feature",
   "geometry": {
    "type": "Point",
    "coordinates": [
     150.58237211,
     -29.54178073
    ]
   },
   "properties": {
    "name": "UNIT 5, 31 GRAGIN ROAD WARIALDA 2402",
    "locID": "LOC000061740489",
    "tech": "FTTC",
    "upgrade": "FTTP_SA",
    "gnaf_pid": "GANSW720702313",
    "tech_change_status": "Eligible to Order"
   }
  },
  {
   "type": "Feature",
   "geometry": {
    "type": "Point",
    "coordinates": [
     150.59853376,
     -29.53905023
    ]
   },
   "properties": {
    "name": "2 GRAGIN ROAD WARIALDA 2402",
    "locID": "LOC000072040165",
    "tech": "FTTC",
    "upgrade": "FTTP_SA",
    "gnaf_pid": "GANSW720995275",
    "tech_change_status": "Eligible to Order"
   }
  },
  {
   "type": "Feature",
   "geometry": {
    "type": "Point",
    "coordinates": [
     150.57108032,
     -29.54567716
    ]
   },
   "properties": {
    "name": "8-10 PLUNKETT STREET WARIALDA 2402",
    "locID": "LOC000054738835",
    "tech": "HFC",
    "upgrade": "NULL_NA",
    "gnaf_pid": "GANSW721044287"
   }
  },
  {
   "type": "Feature",
   "geometry": {
    "type": "Point",
    "coordinates": [
     150.59015538,
     -29.51239964
    ]
   },
   "properties": {
    "name": "38 IRONBARK DRIVE WARIALDA 2402",
    "locID": "LOC100082570689",
    "tech": "SATELLITE",
    "upgrade": "NULL_NA",
    "gnaf_pid": "GANSW721049379",
    "tech_change_status": "Not Planned"
   }
  },
  {
   "type": "Feature",
   "geometry": {
    "type": "Point",
    "coordinates": [
     150.57626264,
     -29.50667902
    ]
   },
   "properties": {
    "name": "3 ACACIA CRESCENT WARIALDA 2402",
    "locID": "LOC000150152683",
    "tech": "SATELLITE",
    "upgrade": "NULL_NA",
    "gnaf_pid": "GANSW721050794",
    "tech_change_status": "Not Planned"
   }
  },
  {
   "type": "Feature",
   "geometry": {
    "type": "Point",
    "coordinates": [
     150.53122915,
     -29.49838471
    ]
   },
   "properties": {
    "name": "LOT 3 MELROSE ESTATE ROAD WARIALDA 2402",
    "locID": "LOC000120883448",
    "tech": "NULL",
    "upgrade": "NULL_NA",
    "gnaf_pid": "GANSW721054292",
    "tech_change_status": "Not Planned"
   }
  },
  {
   "type": "Feature",
   "geometry": {
    "type": "Point",
    "coordinates": [
     150.52537602,
     -29.47203812
    ]
   },
   "properties": {
    "name": "1 MELROSE ESTATE ROAD WARIALDA 2402",
    "locID": "LOC000150152654",
    "tech": "NULL",
    "upgrade": "NULL_NA",
    "gnaf_pid": "GANSW721170403",
    "tech_change_status": "Not Planned"
   }
  },
  {
   "type": "Feature",
   "geometry": {
    "type": "Point",
    "coordinates": [
     150.53312546,
     -29.53069603
    ]
   },
   "properties": {
    "name": "50 INNESVALE ROAD WARIALDA 2402",
    "locID": "LOC000120895469",
    "tech": "SATELLITE",
    "upgrade": "NULL_NA",
    "gnaf_pid": "GANSW721248324",
    "tech_change_status": "Not Planned"
   }
  },
  {
   "type": "Feature",
   "geometry": {
    "type": "Point",
    "coordinates": [
     150.58237211,
     -29.54178073
    ]
   },
   "properties": {
    "name": "UNIT 2, 31 GRAGIN ROAD WARIALDA 2402",
    "locID": "LOC000061740489",
    "tech": "FTTC",
    "upgrade": "FTTP_SA",
    "gnaf_pid": "GANSW721331582",
    "tech_change_status": "Eligible to Order"
   }
  },
  {
   "type": "Feature",
   "geometry": {
    "type": "Point",
    "coordinates": [
     150.58258443,
     -29.54243059
    ]
   },
   "properties": {
    "name": "24 GRAGIN ROAD WARIALDA 2402",
    "locID": "LOC000045884927",
    "tech": "FTTC",
    "upgrade": "FTTP_SA",
    "gnaf_pid": "GANSW721360173",
    "tech_change_status": "Eligible to Order"
   }
  },
  {
   "type": "Feature",
   "geometry": {
    "type": "Point",
    "coordinates": [
     150.49606677,
     -29.61366866
    ]
   },
   "properties": {
    "name": "2615 GINEROI ROAD WARIALDA 2402",
    "locID": "LOC100086300967",
    "tech": "NULL",
    "upgrade": "NULL_NA",
    "gnaf_pid": "GANSW721442880",
    "tech_change_status": "Not Planned"
   }
  }
 ]
}