{
 "type": "FeatureCollection",
 "generated": "2025-03-09T03:35:35.358332",
 "suburb": "CARRICK",
 "features": [
  {
   "type": "Feature",
   "geometry": {
    "type": "Point",
    "coordinates": [
     147.00967404,
     -41.53402765
    ]
   },
   "properties": {
    "name": "11 ASHBURNER STREET CARRICK 7291",
    "locID": "LOC000033561165",
    "tech": "WIRELESS",
    "upgrade": "NULL_NA",
    "gnaf_pid": "GATAS702189773",
    "tech_change_status": "Not Planned",
    "program_type": "Fixed Wireless and Satellite Upgrade Program",
    "target_eligibility_quarter": "NA"
   }
  },
  {
   "type": "Feature",
   "geometry": {
    "type": "Point",
    "coordinates": [
     147.00826607,
     -41.53639423
    ]
   },
   "properties": {
    "name": "32 ASHBURNER STREET CARRICK 7291",
    "locID": "LOC000089088898",
    "tech": "WIRELESS",
    "upgrade": "NULL_NA",
    "gnaf_pid": "GATAS702190777",
    "tech_change_status": "Not Planned",
    "program_type": "Fixed Wireless and Satellite Upgrade Program",
    "target_eligibility_quarter": "NA"
   }
  },
  {
   "type": "Feature",
   "geometry": {
    "type": "Point",
    "coordinates": [
     147.00962612,
     -41.53422581
    ]
   },
   "properties": {
    "name": "15 ASHBURNER STREET CARRICK 7291",
    "locID": "LOC000015086777",
    "tech": "WIRELESS",
    "upgrade": "NULL_NA",
    "gnaf_pid": "GATAS702191138",
    "tech_change_status": "Not Planned",
    "program_type": "Fixed Wireless and Satellite Upgrade Program",
    "target_eligibility_quarter": "NA"
   }
  },
  {
   "type": "Feature",
   "geometry": {
    "type": "Point",
    "coordinates": [
     147.00895512,
     -41.53647772
    ]
   },
   "properties": {
    "name": "31 ASHBURNER STREET CARRICK 7291",
    "locID": "LOC000083397539",
    "tech": "WIRELESS",
    "upgrade": "NULL_NA",
    "gnaf_pid": "GATAS702191139",
    "tech_change_status": "Not Planned",
    "program_type": "Fixed Wireless and Satellite Upgrade Program",
    "target_eligibility_quarter": "NA"
   }
  },
  {
   "type": "Feature",
   "geometry": {
    "type": "Point",
    "coordinates": [
     147.0092183,
     -41.53253246
    ]
   },
   "properties": {
    "name": "4 ASHBURNER STREET CARRICK 7291",
    "locID": "LOC000100189642",
    "tech": "WIRELESS",
    "upgrade": "NULL_NA",
    "gnaf_pid": "GATAS702191140",
    "tech_change_status": "Not Planned",
    "program_type": "Fixed Wireless and Satellite Upgrade Program",
    "target_eligibility_quarter": "NA"
   }
  },
  {
   "type": "Feature",
   "geometry": {
    "type": "Point",
    "coordinates": [
     147.0091584,
     -41.53280268
    ]
   },
   "properties": {
    "name": "6 ASHBURNER STREET CARRICK 7291",
    "locID": "LOC000050889168",
    "tech": "WIRELESS",
    "upgrade": "NULL_NA",
    "gnaf_pid": "GATAS702191141",
    "tech_change_status": "Not Planned",
    "program_type": "Fixed Wireless and Satellite Upgrade Program",
    "target_eligibility_quarter": "NA"
   }
  },
  {
   "type": "Feature",
   "geometry": {
    "type": "Point",
    "coordinates": [
     147.00905096,
     -41.53603635
    ]
   },
   "properties": {
    "name": "29 ASHBURNER STREET CARRICK 7291",
    "locID": "LOC000032477799",
    "tech": "WIRELESS",
    "upgrade": "NULL_NA",
    "gnaf_pid": "GATAS702191143",
    "tech_change_status": "Not Planned",
    "program_type": "Fixed Wireless and Satellite Upgrade Program",
    "target_eligibility_quarter": "NA"
   }
  },
  {
   "type": "Feature",
   "geometry": {
    "type": "Point",
    "coordinates": [
     147.00843957,
     -41.53598235
    ]
   },
   "properties": {
    "name": "30 ASHBURNER STREET CARRICK 7291",
    "locID": "LOC000074194104",
    "tech": "WIRELESS",
    "upgrade": "NULL_NA",
    "gnaf_pid": "GATAS702191144",
    "tech_change_status": "Not Planned",
    "program_type": "Fixed Wireless and Satellite Upgrade Program",
    "target_eligibility_quarter": "NA"
   }
  },
  {
   "type": "Feature",
   "geometry": {
    "type": "Point",
    "coordinates": [
     147.00806793,
     -41.5358833
    ]
   },
   "properties": {
    "name": "26 ASHBURNER STREET CARRICK 7291",
    "locID": "LOC000009271801",
    "tech": "WIRELESS",
    "upgrade": "NULL_NA",
    "gnaf_pid": "GATAS702191145",
    "tech_change_status": "Not Planned",
    "program_type": "Fixed Wireless and Satellite Upgrade Program",
    "target_eligibility_quarter": "NA"
   }
  },
  {
   "type": "Feature",
   "geometry": {
    "type": "Point",
    "coordinates": [
     147.00955283,
     -41.534594
    ]
   },
   "properties": {
    "name": "19 ASHBURNER STREET CARRICK 7291",
    "locID": "LOC000005151711",
    "tech": "WIRELESS",
    "upgrade": "NULL_NA",
    "gnaf_pid": "GATAS702191146",
    "tech_change_status": "Not Planned",
    "program_type": "Fixed Wireless and Satellite Upgrade Program",
    "target_eligibility_quarter": "NA"
   }
  },
  {
   "type": "Feature",
   "geometry": {
    "type": "Point",
    "coordinates": [
     147.00936259,
     -41.53562198
    ]
   },
   "properties": {
    "name": "27 ASHBURNER STREET CARRICK 7291",
    "locID": "LOC000083074177",
    "tech": "WIRELESS",
    "upgrade": "NULL_NA",
    "gnaf_pid": "GATAS702191147",
    "tech_change_status": "Not Planned",
    "program_type": "Fixed Wireless and Satellite Upgrade Program",
    "target_eligibility_quarter": "NA"
   }
  },
  {
   "type": "Feature",
   "geometry": {
    "type": "Point",
    "coordinates": [
     147.00825965,
     -41.53525276
    ]
   },
   "properties": {
    "name": "22 ASHBURNER STREET CARRICK 7291",
    "locID": "LOC000017026247",
    "tech": "WIRELESS",
    "upgrade": "NULL_NA",
    "gnaf_pid": "GATAS702191148",
    "tech_change_status": "Not Planned",
    "program_type": "Fixed Wireless and Satellite Upgrade Program",
    "target_eligibility_quarter": "NA"
   }
  },
  {
   "type": "Feature",
   "geometry": {
    "type": "Point",
    "coordinates": [
     147.00819975,
     -41.53551398
    ]
   },
   "properties": {
    "name": "24 ASHBURNER STREET CARRICK 7291",
    "locID": "LOC000008452103",
    "tech": "WIRELESS",
    "upgrade": "NULL_NA",
    "gnaf_pid": "GATAS702191149",
    "tech_change_status": "Not Planned",
    "program_type": "Fixed Wireless and Satellite Upgrade Program",
    "target_eligibility_quarter": "NA"
   }
  },
  {
   "type": "Feature",
   "geometry": {
    "type": "Point",
    "coordinates": [
     147.00863124,
     -41.53497351
    ]
   },
   "properties": {
    "name": "20 ASHBURNER STREET CARRICK 7291",
    "locID": "LOC000105659964",
    "tech": "WIRELESS",
    "upgrade": "NULL_NA",
    "gnaf_pid": "GATAS702191150",
    "tech_change_status": "Not Planned",
    "program_type": "Fixed Wireless and Satellite Upgrade Program",
    "target_eligibility_quarter": "NA"
   }
  },
  {
   "type": "Feature",
   "geometry": {
    "type": "Point",
    "coordinates": [
     147.01386858,
     -41.57077494
    ]
   },
   "properties": {
    "name": "410 BISHOPSBOURNE ROAD CARRICK 7291",
    "locID": "LOC000060266344",
    "tech": "WIRELESS",
    "upgrade": "NULL_NA",
    "gnaf_pid": "GATAS702197089",
    "tech_change_status": "Not Planned",
    "program_type": "Fixed Wireless and Satellite Upgrade Program",
    "target_eligibility_quarter": "NA"
   }
  },
  {
   "type": "Feature",
   "geometry": {
    "type": "Point",
    "coordinates": [
     147.01103298,
     -41.55289399
    ]
   },
   "properties": {
    "name": "247 BISHOPSBOURNE ROAD CARRICK 7291",
    "locID": "LOC000083562557",
    "tech": "WIRELESS",
    "upgrade": "NULL_NA",
    "gnaf_pid": "GATAS702197091",
    "tech_change_status": "Not Planned",
    "program_type": "Fixed Wireless and Satellite Upgrade Program",
    "target_eligibility_quarter": "NA"
   }
  },
  {
   "type": "Feature",
   "geometry": {
    "type": "Point",
    "coordinates": [
     147.006368,
     -41.53767917
    ]
   },
   "properties": {
    "name": "51 BISHOPSBOURNE ROAD CARRICK 7291",
    "locID": "LOC000071809854",
    "tech": "WIRELESS",
    "upgrade": "NULL_NA",
    "gnaf_pid": "GATAS702197092",
    "tech_change_status": "Not Planned",
    "program_type": "Fixed Wireless and Satellite Upgrade Program",
    "target_eligibility_quarter": "NA"
   }
  },
  {
   "type": "Feature",
   "geometry": {
    "type": "Point",
    "coordinates": [
     147.0164945,
     -41.56198427
    ]
   },
   "properties": {
    "name": "341 BISHOPSBOURNE ROAD CARRICK 7291",
    "locID": "LOC000028427036",
    "tech": "WIRELESS",
    "upgrade": "NULL_NA",
    "gnaf_pid": "GATAS702197093",
    "tech_change_status": "Not Planned",
    "program_type": "Fixed Wireless and Satellite Upgrade Program",
    "target_eligibility_quarter": "NA"
   }
  },
  {
   "type": "Feature",
   "geometry": {
    "type": "Point",
    "coordinates": [
     147.01681242,
     -41.56498487
    ]
   },
   "properties": {
    "name": "369 BISHOPSBOURNE ROAD CARRICK 7291",
    "locID": "LOC000048465661",
    "tech": "WIRELESS",
    "upgrade": "NULL_NA",
    "gnaf_pid": "GATAS702197094",
    "tech_change_status": "Not Planned",
    "program_type": "Fixed Wireless and Satellite Upgrade Program",
    "target_eligibility_quarter": "NA"
   }
  },
  {
   "type": "Feature",
   "geometry": {
    "type": "Point",
    "coordinates": [
     147.00542057,
     -41.5574817
    ]
   },
   "properties": {
    "name": "270 BISHOPSBOURNE ROAD CARRICK 7291",
    "locID": "LOC000037130077",
    "tech": "WIRELESS",
    "upgrade": "NULL_NA",
    "gnaf_pid": "GATAS702197095",
    "tech_change_status": "Not Planned",
    "program_type": "Fixed Wireless and Satellite Upgrade Program",
    "target_eligibility_quarter": "NA"
   }
  },
  {
   "type": "Feature",
   "geometry": {
    "type": "Point",
    "coordinates": [
     147.01696257,
     -41.56982126
    ]
   },
   "properties": {
    "name": "431 BISHOPSBOURNE ROAD CARRICK 7291",
    "locID": "LOC000071374637",
    "tech": "WIRELESS",
    "upgrade": "NULL_NA",
    "gnaf_pid": "GATAS702197097",
    "tech_change_status": "Not Planned",
    "program_type": "Fixed Wireless and Satellite Upgrade Program",
    "target_eligibility_quarter": "NA"
   }
  },
  {
   "type": "Feature",
   "geometry": {
    "type": "Point",
    "coordinates": [
     147.00252755,
     -41.54600006
    ]
   },
   "properties": {
    "name": "154 BISHOPSBOURNE ROAD CARRICK 7291",
    "locID": "LOC000103893218",
    "tech": "WIRELESS",
    "upgrade": "NULL_NA",
    "gnaf_pid": "GATAS702197098",
    "tech_change_status": "Not Planned",
    "program_type": "Fixed Wireless and Satellite Upgrade Program",
    "target_eligibility_quarter": "NA"
   }
  },
  {
   "type": "Feature",
   "geometry": {
    "type": "Point",
    "coordinates": [
     147.01444385,
     -41.57775253
    ]
   },
   "properties": {
    "name": "500 BISHOPSBOURNE ROAD CARRICK 7291",
    "locID": "LOC000074114208",
    "tech": "WIRELESS",
    "upgrade": "NULL_NA",
    "gnaf_pid": "GATAS702198007",
    "tech_change_status": "Not Planned",
    "program_type": "Fixed Wireless and Satellite Upgrade Program",
    "target_eligibility_quarter": "NA"
   }
  },
  {
   "type": "Feature",
   "geometry": {
    "type": "Point",
    "coordinates": [
     147.01656314,
     -41.5546928
    ]
   },
   "properties": {
    "name": "269 BISHOPSBOURNE ROAD CARRICK 7291",
    "locID": "LOC000065902712",
    "tech": "WIRELESS",
    "upgrade": "NULL_NA",
    "gnaf_pid": "GATAS702200311",
    "tech_change_status": "Not Planned",
    "program_type": "Fixed Wireless and Satellite Upgrade Program",
    "target_eligibility_quarter": "NA"
   }
  },
  {
   "type": "Feature",
   "geometry": {
    "type": "Point",
    "coordinates": [
     147.00886212,
     -41.57035878
    ]
   },
   "properties": {
    "name": "408 BISHOPSBOURNE ROAD CARRICK 7291",
    "locID": "LOC000097225798",
    "tech": "WIRELESS",
    "upgrade": "NULL_NA",
    "gnaf_pid": "GATAS702200312",
    "tech_change_status": "Not Planned",
    "program_type": "Fixed Wireless and Satellite Upgrade Program",
    "target_eligibility_quarter": "NA"
   }
  },
  {
   "type": "Feature",
   "geometry": {
    "type": "Point",
    "coordinates": [
     147.01036674,
     -41.58102681
    ]
   },
   "properties": {
    "name": "558 BISHOPSBOURNE ROAD CARRICK 7291",
    "locID": "LOC000058450894",
    "tech": "WIRELESS",
    "upgrade": "NULL_NA",
    "gnaf_pid": "GATAS702201384",
    "tech_change_status": "Not Planned",
    "program_type": "Fixed Wireless and Satellite Upgrade Program",
    "target_eligibility_quarter": "NA"
   }
  },
  {
   "type": "Feature",
   "geometry": {
    "type": "Point",
    "coordinates": [
     147.00460332,
     -41.53495572
    ]
   },
   "properties": {
    "name": "9 CHURCH STREET CARRICK 7291",
    "locID": "LOC000069987847",
    "tech": "WIRELESS",
    "upgrade": "NULL_NA",
    "gnaf_pid": "GATAS702212959",
    "tech_change_status": "Not Planned",
    "program_type": "Fixed Wireless and Satellite Upgrade Program",
    "target_eligibility_quarter": "NA"
   }
  },
  {
   "type": "Feature",
   "geometry": {
    "type": "Point",
    "coordinates": [
     147.00589425,
     -41.53462718
    ]
   },
   "properties": {
    "name": "8 CHURCH STREET CARRICK 7291",
    "locID": "LOC000088931649",
    "tech": "WIRELESS",
    "upgrade": "NULL_NA",
    "gnaf_pid": "GATAS702212970",
    "tech_change_status": "Not Planned",
    "program_type": "Fixed Wireless and Satellite Upgrade Program",
    "target_eligibility_quarter": "NA"
   }
  },
  {
   "type": "Feature",
   "geometry": {
    "type": "Point",
    "coordinates": [
     147.00332022,
     -41.5346025
    ]
   },
   "properties": {
    "name": "3 CHURCH STREET CARRICK 7291",
    "locID": "LOC000071361387",
    "tech": "WIRELESS",
    "upgrade": "NULL_NA",
    "gnaf_pid": "GATAS702215072",
    "tech_change_status": "Not Planned",
    "program_type": "Fixed Wireless and Satellite Upgrade Program",
    "target_eligibility_quarter": "NA"
   }
  },
  {
   "type": "Feature",
   "geometry": {
    "type": "Point",
    "coordinates": [
     147.0043876,
     -41.53580243
    ]
   },
   "properties": {
    "name": "15 CHURCH STREET CARRICK 7291",
    "locID": "LOC000006273735",
    "tech": "WIRELESS",
    "upgrade": "NULL_NA",
    "gnaf_pid": "GATAS702219282",
    "tech_change_status": "Not Planned",
    "program_type": "Fixed Wireless and Satellite Upgrade Program",
    "target_eligibility_quarter": "NA"
   }
  },
  {
   "type": "Feature",
   "geometry": {
    "type": "Point",
    "coordinates": [
     147.00588706,
     -41.53516406
    ]
   },
   "properties": {
    "name": "12 CHURCH STREET CARRICK 7291",
    "locID": "LOC000012587550",
    "tech": "WIRELESS",
    "upgrade": "NULL_NA",
    "gnaf_pid": "GATAS702219301",
    "tech_change_status": "Not Planned",
    "program_type": "Fixed Wireless and Satellite Upgrade Program",
    "target_eligibility_quarter": "NA"
   }
  },
  {
   "type": "Feature",
   "geometry": {
    "type": "Point",
    "coordinates": [
     147.00573614,
     -41.53379043
    ]
   },
   "properties": {
    "name": "2 CHURCH STREET CARRICK 7291",
    "locID": "LOC000099171788",
    "tech": "WIRELESS",
    "upgrade": "NULL_NA",
    "gnaf_pid": "GATAS702219303",
    "tech_change_status": "Not Planned",
    "program_type": "Fixed Wireless and Satellite Upgrade Program",
    "target_eligibility_quarter": "NA"
   }
  },
  {
   "type": "Feature",
   "geometry": {
    "type": "Point",
    "coordinates": [
     147.00532173,
     -41.53570641
    ]
   },
   "properties": {
    "name": "18 CHURCH STREET CARRICK 7291",
    "locID": "LOC000024280408",
    "tech": "WIRELESS",
    "upgrade": "NULL_NA",
    "gnaf_pid": "GATAS702219331",
    "tech_change_status": "Not Planned",
    "program_type": "Fixed Wireless and Satellite Upgrade Program",
    "target_eligibility_quarter": "NA"
   }
  },
  {
   "type": "Feature",
   "geometry": {
    "type": "Point",
    "coordinates": [
     147.00528671,
     -41.53589246
    ]
   },
   "properties": {
    "name": "20 CHURCH STREET CARRICK 7291",
    "locID": "LOC000074218792",
    "tech": "WIRELESS",
    "upgrade": "NULL_NA",
    "gnaf_pid": "GATAS702219332",
    "tech_change_status": "Not Planned",
    "program_type": "Fixed Wireless and Satellite Upgrade Program",
    "target_eligibility_quarter": "NA"
   }
  },
  {
   "type": "Feature",
   "geometry": {
    "type": "Point",
    "coordinates": [
     147.00541853,
     -41.53534301
    ]
   },
   "properties": {
    "name": "14 CHURCH STREET CARRICK 7291",
    "locID": "LOC000037990755",
    "tech": "WIRELESS",
    "upgrade": "NULL_NA",
    "gnaf_pid": "GATAS702220318",
    "tech_change_status": "Not Planned",
    "program_type": "Fixed Wireless and Satellite Upgrade Program",
    "target_eligibility_quarter": "NA"
   }
  },
  {
   "type": "Feature",
   "geometry": {
    "type": "Point",
    "coordinates": [
     147.00537059,
     -41.53552316
    ]
   },
   "properties": {
    "name": "16 CHURCH STREET CARRICK 7291",
    "locID": "LOC000095189879",
    "tech": "WIRELESS",
    "upgrade": "NULL_NA",
    "gnaf_pid": "GATAS702220319",
    "tech_change_status": "Not Planned",
    "program_type": "Fixed Wireless and Satellite Upgrade Program",
    "target_eligibility_quarter": "NA"
   }
  },
  {
   "type": "Feature",
   "geometry": {
    "type": "Point",
    "coordinates": [
     147.01142428,
     -41.53426168
    ]
   },
   "properties": {
    "name": "22 EAST STREET CARRICK 7291",
    "locID": "LOC000105986201",
    "tech": "WIRELESS",
    "upgrade": "NULL_NA",
    "gnaf_pid": "GATAS702221756",
    "tech_change_status": "Not Planned",
    "program_type": "Fixed Wireless and Satellite Upgrade Program",
    "target_eligibility_quarter": "NA"
   }
  },
  {
   "type": "Feature",
   "geometry": {
    "type": "Point",
    "coordinates": [
     147.01252676,
     -41.53222589
    ]
   },
   "properties": {
    "name": "11 EAST STREET CARRICK 7291",
    "locID": "LOC000033574898",
    "tech": "WIRELESS",
    "upgrade": "NULL_NA",
    "gnaf_pid": "GATAS702223671",
    "tech_change_status": "Not Planned",
    "program_type": "Fixed Wireless and Satellite Upgrade Program",
    "target_eligibility_quarter": "NA"
   }
  },
  {
   "type": "Feature",
   "geometry": {
    "type": "Point",
    "coordinates": [
     147.00550333,
     -41.53492346
    ]
   },
   "properties": {
    "name": "10 CHURCH STREET CARRICK 7291",
    "locID": "LOC000037566518",
    "tech": "WIRELESS",
    "upgrade": "NULL_NA",
    "gnaf_pid": "GATAS702227456",
    "tech_change_status": "Not Planned",
    "program_type": "Fixed Wireless and Satellite Upgrade Program",
    "target_eligibility_quarter": "NA"
   }
  },
  {
   "type": "Feature",
   "geometry": {
    "type": "Point",
    "coordinates": [
     147.01217963,
     -41.53492815
    ]
   },
   "properties": {
    "name": "33 EAST STREET CARRICK 7291",
    "locID": "LOC000074148102",
    "tech": "WIRELESS",
    "upgrade": "NULL_NA",
    "gnaf_pid": "GATAS702236136",
    "tech_change_status": "Not Planned",
    "program_type": "Fixed Wireless and Satellite Upgrade Program",
    "target_eligibility_quarter": "NA"
   }
  },
  {
   "type": "Feature",
   "geometry": {
    "type": "Point",
    "coordinates": [
     147.01282693,
     -41.53470289
    ]
   },
   "properties": {
    "name": "33A EAST STREET CARRICK 7291",
    "locID": "LOC000074231486",
    "tech": "WIRELESS",
    "upgrade": "NULL_NA",
    "gnaf_pid": "GATAS702244691",
    "tech_change_status": "Not Planned",
    "program_type": "Fixed Wireless and Satellite Upgrade Program",
    "target_eligibility_quarter": "NA"
   }
  },
  {
   "type": "Feature",
   "geometry": {
    "type": "Point",
    "coordinates": [
     147.01227548,
     -41.5346399
    ]
   },
   "properties": {
    "name": "29 EAST STREET CARRICK 7291",
    "locID": "LOC000081917444",
    "tech": "WIRELESS",
    "upgrade": "NULL_NA",
    "gnaf_pid": "GATAS702244693",
    "tech_change_status": "Not Planned",
    "program_type": "Fixed Wireless and Satellite Upgrade Program",
    "target_eligibility_quarter": "NA"
   }
  },
  {
   "type": "Feature",
   "geometry": {
    "type": "Point",
    "coordinates": [
     147.01247481,
     -41.53274831
    ]
   },
   "properties": {
    "name": "15 EAST STREET CARRICK 7291",
    "locID": "LOC000082563245",
    "tech": "WIRELESS",
    "upgrade": "NULL_NA",
    "gnaf_pid": "GATAS702244694",
    "tech_change_status": "Not Planned",
    "program_type": "Fixed Wireless and Satellite Upgrade Program",
    "target_eligibility_quarter": "NA"
   }
  },
  {
   "type": "Feature",
   "geometry": {
    "type": "Point",
    "coordinates": [
     147.01132846,
     -41.53469404
    ]
   },
   "properties": {
    "name": "24 EAST STREET CARRICK 7291",
    "locID": "LOC000006729774",
    "tech": "WIRELESS",
    "upgrade": "NULL_NA",
    "gnaf_pid": "GATAS702244695",
    "tech_change_status": "Not Planned",
    "program_type": "Fixed Wireless and Satellite Upgrade Program",
    "target_eligibility_quarter": "NA"
   }
  },
  {
   "type": "Feature",
   "geometry": {
    "type": "Point",
    "coordinates": [
     147.01171081,
     -41.53347908
    ]
   },
   "properties": {
    "name": "18 EAST STREET CARRICK 7291",
    "locID": "LOC000035903057",
    "tech": "WIRELESS",
    "upgrade": "NULL_NA",
    "gnaf_pid": "GATAS702244696",
    "tech_change_status": "Not Planned",
    "program_type": "Fixed Wireless and Satellite Upgrade Program",
    "target_eligibility_quarter": "NA"
   }
  },
  {
   "type": "Feature",
   "geometry": {
    "type": "Point",
    "coordinates": [
     147.01237128,
     -41.53410846
    ]
   },
   "properties": {
    "name": "27 EAST STREET CARRICK 7291",
    "locID": "LOC000038576950",
    "tech": "WIRELESS",
    "upgrade": "NULL_NA",
    "gnaf_pid": "GATAS702244698",
    "tech_change_status": "Not Planned",
    "program_type": "Fixed Wireless and Satellite Upgrade Program",
    "target_eligibility_quarter": "NA"
   }
  },
  {
   "type": "Feature",
   "geometry": {
    "type": "Point",
    "coordinates": [
     147.01262288,
     -41.5333428
    ]
   },
   "properties": {
    "name": "17 EAST STREET CARRICK 7291",
    "locID": "LOC000058482871",
    "tech": "WIRELESS",
    "upgrade": "NULL_NA",
    "gnaf_pid": "GATAS702245713",
    "tech_change_status": "Not Planned",
    "program_type": "Fixed Wireless and Satellite Upgrade Program",
    "target_eligibility_quarter": "NA"
   }
  },
  {
   "type": "Feature",
   "geometry": {
    "type": "Point",
    "coordinates": [
     147.01192729,
     -41.53164047
    ]
   },
   "properties": {
    "name": "6 EAST STREET CARRICK 7291",
    "locID": "LOC000103842092",
    "tech": "WIRELESS",
    "upgrade": "NULL_NA",
    "gnaf_pid": "GATAS702245714",
    "tech_change_status": "Not Planned",
    "program_type": "Fixed Wireless and Satellite Upgrade Program",
    "target_eligibility_quarter": "NA"
   }
  },
  {
   "type": "Feature",
   "geometry": {
    "type": "Point",
    "coordinates": [
     147.01310322,
     -41.5326999
    ]
   },
   "properties": {
    "name": "26 LIFFEY STREET CARRICK 7291",
    "locID": "LOC000034957234",
    "tech": "WIRELESS",
    "upgrade": "NULL_NA",
    "gnaf_pid": "GATAS702290201",
    "tech_change_status": "Not Planned",
    "program_type": "Fixed Wireless and Satellite Upgrade Program",
    "target_eligibility_quarter": "NA"
   }
  },
  {
   "type": "Feature",
   "geometry": {
    "type": "Point",
    "coordinates": [
     147.00864288,
     -41.53231632
    ]
   },
   "properties": {
    "name": "2 LIFFEY STREET CARRICK 7291",
    "locID": "LOC000095504439",
    "tech": "WIRELESS",
    "upgrade": "NULL_NA",
    "gnaf_pid": "GATAS702290202",
    "tech_change_status": "Not Planned",
    "program_type": "Fixed Wireless and Satellite Upgrade Program",
    "target_eligibility_quarter": "NA"
   }
  },
  {
   "type": "Feature",
   "geometry": {
    "type": "Point",
    "coordinates": [
     147.0092782,
     -41.53226223
    ]
   },
   "properties": {
    "name": "6 LIFFEY STREET CARRICK 7291",
    "locID": "LOC000060481784",
    "tech": "WIRELESS",
    "upgrade": "NULL_NA",
    "gnaf_pid": "GATAS702290203",
    "tech_change_status": "Not Planned",
    "program_type": "Fixed Wireless and Satellite Upgrade Program",
    "target_eligibility_quarter": "NA"
   }
  },
  {
   "type": "Feature",
   "geometry": {
    "type": "Point",
    "coordinates": [
     147.01286239,
     -41.5321628
    ]
   },
   "properties": {
    "name": "19 LIFFEY STREET CARRICK 7291",
    "locID": "LOC000104527592",
    "tech": "WIRELESS",
    "upgrade": "NULL_NA",
    "gnaf_pid": "GATAS702290204",
    "tech_change_status": "Not Planned",
    "program_type": "Fixed Wireless and Satellite Upgrade Program",
    "target_eligibility_quarter": "NA"
   }
  },
  {
   "type": "Feature",
   "geometry": {
    "type": "Point",
    "coordinates": [
     147.00887064,
     -41.53233432
    ]
   },
   "properties": {
    "name": "4 LIFFEY STREET CARRICK 7291",
    "locID": "LOC000035120141",
    "tech": "WIRELESS",
    "upgrade": "NULL_NA",
    "gnaf_pid": "GATAS702290205",
    "tech_change_status": "Not Planned",
    "program_type": "Fixed Wireless and Satellite Upgrade Program",
    "target_eligibility_quarter": "NA"
   }
  },
  {
   "type": "Feature",
   "geometry": {
    "type": "Point",
    "coordinates": [
     147.01132811,
     -41.53270341
    ]
   },
   "properties": {
    "name": "18 LIFFEY STREET CARRICK 7291",
    "locID": "LOC000006217570",
    "tech": "WIRELESS",
    "upgrade": "NULL_NA",
    "gnaf_pid": "GATAS702290206",
    "tech_change_status": "Not Planned",
    "program_type": "Fixed Wireless and Satellite Upgrade Program",
    "target_eligibility_quarter": "NA"
   }
  },
  {
   "type": "Feature",
   "geometry": {
    "type": "Point",
    "coordinates": [
     147.0107527,
     -41.53261339
    ]
   },
   "properties": {
    "name": "14 LIFFEY STREET CARRICK 7291",
    "locID": "LOC000103032458",
    "tech": "WIRELESS",
    "upgrade": "NULL_NA",
    "gnaf_pid": "GATAS702290207",
    "tech_change_status": "Not Planned",
    "program_type": "Fixed Wireless and Satellite Upgrade Program",
    "target_eligibility_quarter": "NA"
   }
  },
  {
   "type": "Feature",
   "geometry": {
    "type": "Point",
    "coordinates": [
     147.01046499,
     -41.53256838
    ]
   },
   "properties": {
    "name": "12 LIFFEY STREET CARRICK 7291",
    "locID": "LOC000001867852",
    "tech": "WIRELESS",
    "upgrade": "NULL_NA",
    "gnaf_pid": "GATAS702290208",
    "tech_change_status": "Not Planned",
    "program_type": "Fixed Wireless and Satellite Upgrade Program",
    "target_eligibility_quarter": "NA"
   }
  },
  {
   "type": "Feature",
   "geometry": {
    "type": "Point",
    "coordinates": [
     147.01337241,
     -41.53278017
    ]
   },
   "properties": {
    "name": "28 LIFFEY STREET CARRICK 7291",
    "locID": "LOC000039779752",
    "tech": "WIRELESS",
    "upgrade": "NULL_NA",
    "gnaf_pid": "GATAS702290209",
    "tech_change_status": "Not Planned",
    "program_type": "Fixed Wireless and Satellite Upgrade Program",
    "target_eligibility_quarter": "NA"
   }
  },
  {
   "type": "Feature",
   "geometry": {
    "type": "Point",
    "coordinates": [
     147.01555966,
     -41.53266688
    ]
   },
   "properties": {
    "name": "36 LIFFEY STREET CARRICK 7291",
    "locID": "LOC000071544201",
    "tech": "WIRELESS",
    "upgrade": "NULL_NA",
    "gnaf_pid": "GATAS702290210",
    "tech_change_status": "Not Planned",
    "program_type": "Fixed Wireless and Satellite Upgrade Program",
    "target_eligibility_quarter": "NA"
   }
  },
  {
   "type": "Feature",
   "geometry": {
    "type": "Point",
    "coordinates": [
     147.01068227,
     -41.53179781
    ]
   },
   "properties": {
    "name": "9 LIFFEY STREET CARRICK 7291",
    "locID": "LOC000074097270",
    "tech": "WIRELESS",
    "upgrade": "NULL_NA",
    "gnaf_pid": "GATAS702290211",
    "tech_change_status": "Not Planned",
    "program_type": "Fixed Wireless and Satellite Upgrade Program",
    "target_eligibility_quarter": "NA"
   }
  },
  {
   "type": "Feature",
   "geometry": {
    "type": "Point",
    "coordinates": [
     147.01102843,
     -41.53272145
    ]
   },
   "properties": {
    "name": "16 LIFFEY STREET CARRICK 7291",
    "locID": "LOC000077404227",
    "tech": "WIRELESS",
    "upgrade": "NULL_NA",
    "gnaf_pid": "GATAS702292097",
    "tech_change_status": "Not Planned",
    "program_type": "Fixed Wireless and Satellite Upgrade Program",
    "target_eligibility_quarter": "NA"
   }
  },
  {
   "type": "Feature",
   "geometry": {
    "type": "Point",
    "coordinates": [
     147.01594325,
     -41.53264882
    ]
   },
   "properties": {
    "name": "38 LIFFEY STREET CARRICK 7291",
    "locID": "LOC000086790624",
    "tech": "WIRELESS",
    "upgrade": "NULL_NA",
    "gnaf_pid": "GATAS702292098",
    "tech_change_status": "Not Planned",
    "program_type": "Fixed Wireless and Satellite Upgrade Program",
    "target_eligibility_quarter": "NA"
   }
  },
  {
   "type": "Feature",
   "geometry": {
    "type": "Point",
    "coordinates": [
     147.01374958,
     -41.5327662
    ]
   },
   "properties": {
    "name": "30 LIFFEY STREET CARRICK 7291",
    "locID": "LOC000029230780",
    "tech": "WIRELESS",
    "upgrade": "NULL_NA",
    "gnaf_pid": "GATAS702292099",
    "tech_change_status": "Not Planned",
    "program_type": "Fixed Wireless and Satellite Upgrade Program",
    "target_eligibility_quarter": "NA"
   }
  },
  {
   "type": "Feature",
   "geometry": {
    "type": "Point",
    "coordinates": [
     147.00725887,
     -41.53126527
    ]
   },
   "properties": {
    "name": "1 LIFFEY STREET CARRICK 7291",
    "locID": "LOC000039309585",
    "tech": "WIRELESS",
    "upgrade": "NULL_NA",
    "gnaf_pid": "GATAS702292100",
    "tech_change_status": "Not Planned",
    "program_type": "Fixed Wireless and Satellite Upgrade Program",
    "target_eligibility_quarter": "NA"
   }
  },
  {
   "type": "Feature",
   "geometry": {
    "type": "Point",
    "coordinates": [
     147.01175967,
     -41.53276642
    ]
   },
   "properties": {
    "name": "20 LIFFEY STREET CARRICK 7291",
    "locID": "LOC000073897186",
    "tech": "WIRELESS",
    "upgrade": "NULL_NA",
    "gnaf_pid": "GATAS702292101",
    "tech_change_status": "Not Planned",
    "program_type": "Fixed Wireless and Satellite Upgrade Program",
    "target_eligibility_quarter": "NA"
   }
  },
  {
   "type": "Feature",
   "geometry": {
    "type": "Point",
    "coordinates": [
     147.01464844,
     -41.53188336
    ]
   },
   "properties": {
    "name": "31 LIFFEY STREET CARRICK 7291",
    "locID": "LOC000026770452",
    "tech": "WIRELESS",
    "upgrade": "NULL_NA",
    "gnaf_pid": "GATAS702292102",
    "tech_change_status": "Not Planned",
    "program_type": "Fixed Wireless and Satellite Upgrade Program",
    "target_eligibility_quarter": "NA"
   }
  },
  {
   "type": "Feature",
   "geometry": {
    "type": "Point",
    "coordinates": [
     147.01137591,
     -41.53186572
    ]
   },
   "properties": {
    "name": "13 LIFFEY STREET CARRICK 7291",
    "locID": "LOC000008460346",
    "tech": "WIRELESS",
    "upgrade": "NULL_NA",
    "gnaf_pid": "GATAS702292103",
    "tech_change_status": "Not Planned",
    "program_type": "Fixed Wireless and Satellite Upgrade Program",
    "target_eligibility_quarter": "NA"
   }
  },
  {
   "type": "Feature",
   "geometry": {
    "type": "Point",
    "coordinates": [
     147.01600293,
     -41.53160395
    ]
   },
   "properties": {
    "name": "37 LIFFEY STREET CARRICK 7291",
    "locID": "LOC000089043852",
    "tech": "WIRELESS",
    "upgrade": "NULL_NA",
    "gnaf_pid": "GATAS702292104",
    "tech_change_status": "Not Planned",
    "program_type": "Fixed Wireless and Satellite Upgrade Program",
    "target_eligibility_quarter": "NA"
   }
  },
  {
   "type": "Feature",
   "geometry": {
    "type": "Point",
    "coordinates": [
     147.01543866,
     -41.53204228
    ]
   },
   "properties": {
    "name": "35 LIFFEY STREET CARRICK 7291",
    "locID": "LOC000078710272",
    "tech": "WIRELESS",
    "upgrade": "NULL_NA",
    "gnaf_pid": "GATAS702292105",
    "tech_change_status": "Not Planned",
    "program_type": "Fixed Wireless and Satellite Upgrade Program",
    "target_eligibility_quarter": "NA"
   }
  },
  {
   "type": "Feature",
   "geometry": {
    "type": "Point",
    "coordinates": [
     147.0193834,
     -41.53329806
    ]
   },
   "properties": {
    "name": "40 LIFFEY STREET CARRICK 7291",
    "locID": "LOC000081553990",
    "tech": "WIRELESS",
    "upgrade": "NULL_NA",
    "gnaf_pid": "GATAS702292107",
    "tech_change_status": "Not Planned",
    "program_type": "Fixed Wireless and Satellite Upgrade Program",
    "target_eligibility_quarter": "NA"
   }
  },
  {
   "type": "Feature",
   "geometry": {
    "type": "Point",
    "coordinates": [
     146.99998216,
     -41.53282405
    ]
   },
   "properties": {
    "name": "9 OAKS ROAD CARRICK 7291",
    "locID": "LOC000025144861",
    "tech": "WIRELESS",
    "upgrade": "NULL_NA",
    "gnaf_pid": "GATAS702295536",
    "tech_change_status": "Not Planned",
    "program_type": "Fixed Wireless and Satellite Upgrade Program",
    "target_eligibility_quarter": "NA"
   }
  },
  {
   "type": "Feature",
   "geometry": {
    "type": "Point",
    "coordinates": [
     147.00126859,
     -41.53260272
    ]
   },
   "properties": {
    "name": "10 MONDS LANE CARRICK 7291",
    "locID": "LOC000066843857",
    "tech": "WIRELESS",
    "upgrade": "NULL_NA",
    "gnaf_pid": "GATAS702305822",
    "tech_change_status": "Not Planned",
    "program_type": "Fixed Wireless and Satellite Upgrade Program",
    "target_eligibility_quarter": "NA"
   }
  },
  {
   "type": "Feature",
   "geometry": {
    "type": "Point",
    "coordinates": [
     147.00095033,
     -41.53248794
    ]
   },
   "properties": {
    "name": "8 MONDS LANE CARRICK 7291",
    "locID": "LOC000042317150",
    "tech": "WIRELESS",
    "upgrade": "NULL_NA",
    "gnaf_pid": "GATAS702305823",
    "tech_change_status": "Not Planned",
    "program_type": "Fixed Wireless and Satellite Upgrade Program",
    "target_eligibility_quarter": "NA"
   }
  },
  {
   "type": "Feature",
   "geometry": {
    "type": "Point",
    "coordinates": [
     147.00210431,
     -41.53289318
    ]
   },
   "properties": {
    "name": "16 MONDS LANE CARRICK 7291",
    "locID": "LOC000014264059",
    "tech": "WIRELESS",
    "upgrade": "NULL_NA",
    "gnaf_pid": "GATAS702305824",
    "tech_change_status": "Not Planned",
    "program_type": "Fixed Wireless and Satellite Upgrade Program",
    "target_eligibility_quarter": "NA"
   }
  },
  {
   "type": "Feature",
   "geometry": {
    "type": "Point",
    "coordinates": [
     147.00068235,
     -41.53317964
    ]
   },
   "properties": {
    "name": "9 MONDS LANE CARRICK 7291",
    "locID": "LOC000026306535",
    "tech": "WIRELESS",
    "upgrade": "NULL_NA",
    "gnaf_pid": "GATAS702305825",
    "tech_change_status": "Not Planned",
    "program_type": "Fixed Wireless and Satellite Upgrade Program",
    "target_eligibility_quarter": "NA"
   }
  },
  {
   "type": "Feature",
   "geometry": {
    "type": "Point",
    "coordinates": [
     147.00081323,
     -41.53423506
    ]
   },
   "properties": {
    "name": "13 MONDS LANE CARRICK 7291",
    "locID": "LOC000081950158",
    "tech": "WIRELESS",
    "upgrade": "NULL_NA",
    "gnaf_pid": "GATAS702305826",
    "tech_change_status": "Not Planned",
    "program_type": "Fixed Wireless and Satellite Upgrade Program",
    "target_eligibility_quarter": "NA"
   }
  },
  {
   "type": "Feature",
   "geometry": {
    "type": "Point",
    "coordinates": [
     147.01108235,
     -41.53653413
    ]
   },
   "properties": {
    "name": "41 PERCY STREET CARRICK 7291",
    "locID": "LOC000030208913",
    "tech": "WIRELESS",
    "upgrade": "NULL_NA",
    "gnaf_pid": "GATAS702307677",
    "tech_change_status": "Not Planned",
    "program_type": "Fixed Wireless and Satellite Upgrade Program",
    "target_eligibility_quarter": "NA"
   }
  },
  {
   "type": "Feature",
   "geometry": {
    "type": "Point",
    "coordinates": [
     147.00914395,
     -41.53713535
    ]
   },
   "properties": {
    "name": "24 PERCY STREET CARRICK 7291",
    "locID": "LOC000019607267",
    "tech": "WIRELESS",
    "upgrade": "NULL_NA",
    "gnaf_pid": "GATAS702307705",
    "tech_change_status": "Not Planned",
    "program_type": "Fixed Wireless and Satellite Upgrade Program",
    "target_eligibility_quarter": "NA"
   }
  },
  {
   "type": "Feature",
   "geometry": {
    "type": "Point",
    "coordinates": [
     147.00990217,
     -41.53636955
    ]
   },
   "properties": {
    "name": "33 PERCY STREET CARRICK 7291",
    "locID": "LOC000082131117",
    "tech": "WIRELESS",
    "upgrade": "NULL_NA",
    "gnaf_pid": "GATAS702308128",
    "tech_change_status": "Not Planned",
    "program_type": "Fixed Wireless and Satellite Upgrade Program",
    "target_eligibility_quarter": "NA"
   }
  },
  {
   "type": "Feature",
   "geometry": {
    "type": "Point",
    "coordinates": [
     147.00960246,
     -41.53632454
    ]
   },
   "properties": {
    "name": "31 PERCY STREET CARRICK 7291",
    "locID": "LOC000011244434",
    "tech": "WIRELESS",
    "upgrade": "NULL_NA",
    "gnaf_pid": "GATAS702308129",
    "tech_change_status": "Not Planned",
    "program_type": "Fixed Wireless and Satellite Upgrade Program",
    "target_eligibility_quarter": "NA"
   }
  },
  {
   "type": "Feature",
   "geometry": {
    "type": "Point",
    "coordinates": [
     147.00930275,
     -41.53627953
    ]
   },
   "properties": {
    "name": "29 PERCY STREET CARRICK 7291",
    "locID": "LOC000050594222",
    "tech": "WIRELESS",
    "upgrade": "NULL_NA",
    "gnaf_pid": "GATAS702308130",
    "tech_change_status": "Not Planned",
    "program_type": "Fixed Wireless and Satellite Upgrade Program",
    "target_eligibility_quarter": "NA"
   }
  },
  {
   "type": "Feature",
   "geometry": {
    "type": "Point",
    "coordinates": [
     146.99906323,
     -41.53375424
    ]
   },
   "properties": {
    "name": "13 OAKS ROAD CARRICK 7291",
    "locID": "LOC000058904875",
    "tech": "WIRELESS",
    "upgrade": "NULL_NA",
    "gnaf_pid": "GATAS702311555",
    "tech_change_status": "Not Planned",
    "program_type": "Fixed Wireless and Satellite Upgrade Program",
    "target_eligibility_quarter": "NA"
   }
  },
  {
   "type": "Feature",
   "geometry": {
    "type": "Point",
    "coordinates": [
     146.99534908,
     -41.55416928
    ]
   },
   "properties": {
    "name": "287 OAKS ROAD CARRICK 7291",
    "locID": "LOC000044704082",
    "tech": "WIRELESS",
    "upgrade": "NULL_NA",
    "gnaf_pid": "GATAS702311559",
    "tech_change_status": "Not Planned",
    "program_type": "Fixed Wireless and Satellite Upgrade Program",
    "target_eligibility_quarter": "NA"
   }
  },
  {
   "type": "Feature",
   "geometry": {
    "type": "Point",
    "coordinates": [
     146.9907606,
     -41.55643027
    ]
   },
   "properties": {
    "name": "289 OAKS ROAD CARRICK 7291",
    "locID": "LOC000024231174",
    "tech": "WIRELESS",
    "upgrade": "NULL_NA",
    "gnaf_pid": "GATAS702311561",
    "tech_change_status": "Not Planned",
    "program_type": "Fixed Wireless and Satellite Upgrade Program",
    "target_eligibility_quarter": "NA"
   }
  },
  {
   "type": "Feature",
   "geometry": {
    "type": "Point",
    "coordinates": [
     146.99387712,
     -41.56019134
    ]
   },
   "properties": {
    "name": "315 OAKS ROAD CARRICK 7291",
    "locID": "LOC000060179718",
    "tech": "WIRELESS",
    "upgrade": "NULL_NA",
    "gnaf_pid": "GATAS702311565",
    "tech_change_status": "Not Planned",
    "program_type": "Fixed Wireless and Satellite Upgrade Program",
    "target_eligibility_quarter": "NA"
   }
  },
  {
   "type": "Feature",
   "geometry": {
    "type": "Point",
    "coordinates": [
     146.9909963,
     -41.56471614
    ]
   },
   "properties": {
    "name": "415 OAKS ROAD CARRICK 7291",
    "locID": "LOC000094533634",
    "tech": "WIRELESS",
    "upgrade": "NULL_NA",
    "gnaf_pid": "GATAS702311569",
    "tech_change_status": "Not Planned",
    "program_type": "Fixed Wireless and Satellite Upgrade Program",
    "target_eligibility_quarter": "NA"
   }
  },
  {
   "type": "Feature",
   "geometry": {
    "type": "Point",
    "coordinates": [
     146.9952764,
     -41.54402722
    ]
   },
   "properties": {
    "name": "89 OAKS ROAD CARRICK 7291",
    "locID": "LOC000013490242",
    "tech": "WIRELESS",
    "upgrade": "NULL_NA",
    "gnaf_pid": "GATAS702311570",
    "tech_change_status": "Not Planned",
    "program_type": "Fixed Wireless and Satellite Upgrade Program",
    "target_eligibility_quarter": "NA"
   }
  },
  {
   "type": "Feature",
   "geometry": {
    "type": "Point",
    "coordinates": [
     147.00960863,
     -41.53719909
    ]
   },
   "properties": {
    "name": "28 PERCY STREET CARRICK 7291",
    "locID": "LOC000047644208",
    "tech": "WIRELESS",
    "upgrade": "NULL_NA",
    "gnaf_pid": "GATAS702312608",
    "tech_change_status": "Not Planned",
    "program_type": "Fixed Wireless and Satellite Upgrade Program",
    "target_eligibility_quarter": "NA"
   }
  },
  {
   "type": "Feature",
   "geometry": {
    "type": "Point",
    "coordinates": [
     147.00617003,
     -41.53671483
    ]
   },
   "properties": {
    "name": "10 PERCY STREET CARRICK 7291",
    "locID": "LOC000025094326",
    "tech": "WIRELESS",
    "upgrade": "NULL_NA",
    "gnaf_pid": "GATAS702312612",
    "tech_change_status": "Not Planned",
    "program_type": "Fixed Wireless and Satellite Upgrade Program",
    "target_eligibility_quarter": "NA"
   }
  },
  {
   "type": "Feature",
   "geometry": {
    "type": "Point",
    "coordinates": [
     147.00523145,
     -41.53658283
    ]
   },
   "properties": {
    "name": "4 PERCY STREET CARRICK 7291",
    "locID": "LOC000006322932",
    "tech": "WIRELESS",
    "upgrade": "NULL_NA",
    "gnaf_pid": "GATAS702312618",
    "tech_change_status": "Not Planned",
    "program_type": "Fixed Wireless and Satellite Upgrade Program",
    "target_eligibility_quarter": "NA"
   }
  },
  {
   "type": "Feature",
   "geometry": {
    "type": "Point",
    "coordinates": [
     147.00546692,
     -41.53661708
    ]
   },
   "properties": {
    "name": "6 PERCY STREET CARRICK 7291",
    "locID": "LOC000061830080",
    "tech": "WIRELESS",
    "upgrade": "NULL_NA",
    "gnaf_pid": "GATAS702312620",
    "tech_change_status": "Not Planned",
    "program_type": "Fixed Wireless and Satellite Upgrade Program",
    "target_eligibility_quarter": "NA"
   }
  },
  {
   "type": "Feature",
   "geometry": {
    "type": "Point",
    "coordinates": [
     146.98959759,
     -41.54377359
    ]
   },
   "properties": {
    "name": "160 OAKS ROAD CARRICK 7291",
    "locID": "LOC000020188194",
    "tech": "WIRELESS",
    "upgrade": "NULL_NA",
    "gnaf_pid": "GATAS702314159",
    "tech_change_status": "Not Planned",
    "program_type": "Fixed Wireless and Satellite Upgrade Program",
    "target_eligibility_quarter": "NA"
   }
  },
  {
   "type": "Feature",
   "geometry": {
    "type": "Point",
    "coordinates": [
     147.00938191,
     -41.53716889
    ]
   },
   "properties": {
    "name": "26 PERCY STREET CARRICK 7291",
    "locID": "LOC000098017217",
    "tech": "WIRELESS",
    "upgrade": "NULL_NA",
    "gnaf_pid": "GATAS702315367",
    "tech_change_status": "Not Planned",
    "program_type": "Fixed Wireless and Satellite Upgrade Program",
    "target_eligibility_quarter": "NA"
   }
  },
  {
   "type": "Feature",
   "geometry": {
    "type": "Point",
    "coordinates": [
     147.0063177,
     -41.53612661
    ]
   },
   "properties": {
    "name": "9 PERCY STREET CARRICK 7291",
    "locID": "LOC000105835714",
    "tech": "WIRELESS",
    "upgrade": "NULL_NA",
    "gnaf_pid": "GATAS702319156",
    "tech_change_status": "Not Planned",
    "program_type": "Fixed Wireless and Satellite Upgrade Program",
    "target_eligibility_quarter": "NA"
   }
  },
  {
   "type": "Feature",
   "geometry": {
    "type": "Point",
    "coordinates": [
     147.00654548,
     -41.53615361
    ]
   },
   "properties": {
    "name": "11 PERCY STREET CARRICK 7291",
    "locID": "LOC000022616688",
    "tech": "WIRELESS",
    "upgrade": "NULL_NA",
    "gnaf_pid": "GATAS702319157",
    "tech_change_status": "Not Planned",
    "program_type": "Fixed Wireless and Satellite Upgrade Program",
    "target_eligibility_quarter": "NA"
   }
  },
  {
   "type": "Feature",
   "geometry": {
    "type": "Point",
    "coordinates": [
     147.00620976,
     -41.53564021
    ]
   },
   "properties": {
    "name": "13 PERCY STREET CARRICK 7291",
    "locID": "LOC000003585531",
    "tech": "WIRELESS",
    "upgrade": "NULL_NA",
    "gnaf_pid": "GATAS702319678",
    "tech_change_status": "Not Planned",
    "program_type": "Fixed Wireless and Satellite Upgrade Program",
    "target_eligibility_quarter": "NA"
   }
  },
  {
   "type": "Feature",
   "geometry": {
    "type": "Point",
    "coordinates": [
     147.00950064,
     -41.53830094
    ]
   },
   "properties": {
    "name": "30 PERCY STREET CARRICK 7291",
    "locID": "LOC000011290347",
    "tech": "WIRELESS",
    "upgrade": "NULL_NA",
    "gnaf_pid": "GATAS702319682",
    "tech_change_status": "Not Planned",
    "program_type": "Fixed Wireless and Satellite Upgrade Program",
    "target_eligibility_quarter": "NA"
   }
  },
  {
   "type": "Feature",
   "geometry": {
    "type": "Point",
    "coordinates": [
     147.01088211,
     -41.53738681
    ]
   },
   "properties": {
    "name": "36 PERCY STREET CARRICK 7291",
    "locID": "LOC000067903204",
    "tech": "WIRELESS",
    "upgrade": "NULL_NA",
    "gnaf_pid": "GATAS702319683",
    "tech_change_status": "Not Planned",
    "program_type": "Fixed Wireless and Satellite Upgrade Program",
    "target_eligibility_quarter": "NA"
   }
  },
  {
   "type": "Feature",
   "geometry": {
    "type": "Point",
    "coordinates": [
     147.00576624,
     -41.53604557
    ]
   },
   "properties": {
    "name": "5 PERCY STREET CARRICK 7291",
    "locID": "LOC000019971135",
    "tech": "WIRELESS",
    "upgrade": "NULL_NA",
    "gnaf_pid": "GATAS702322048",
    "tech_change_status": "Not Planned",
    "program_type": "Fixed Wireless and Satellite Upgrade Program",
    "target_eligibility_quarter": "NA"
   }
  },
  {
   "type": "Feature",
   "geometry": {
    "type": "Point",
    "coordinates": [
     147.00582003,
     -41.53666549
    ]
   },
   "properties": {
    "name": "8 PERCY STREET CARRICK 7291",
    "locID": "LOC000042566971",
    "tech": "WIRELESS",
    "upgrade": "NULL_NA",
    "gnaf_pid": "GATAS702322055",
    "tech_change_status": "Not Planned",
    "program_type": "Fixed Wireless and Satellite Upgrade Program",
    "target_eligibility_quarter": "NA"
   }
  },
  {
   "type": "Feature",
   "geometry": {
    "type": "Point",
    "coordinates": [
     147.00713526,
     -41.53619205
    ]
   },
   "properties": {
    "name": "23 PERCY STREET CARRICK 7291",
    "locID": "LOC000031165573",
    "tech": "WIRELESS",
    "upgrade": "NULL_NA",
    "gnaf_pid": "GATAS702322056",
    "tech_change_status": "Not Planned",
    "program_type": "Fixed Wireless and Satellite Upgrade Program",
    "target_eligibility_quarter": "NA"
   }
  },
  {
   "type": "Feature",
   "geometry": {
    "type": "Point",
    "coordinates": [
     147.0076318,
     -41.535872
    ]
   },
   "properties": {
    "name": "27 PERCY STREET CARRICK 7291",
    "locID": "LOC000015950954",
    "tech": "WIRELESS",
    "upgrade": "NULL_NA",
    "gnaf_pid": "GATAS702322058",
    "tech_change_status": "Not Planned",
    "program_type": "Fixed Wireless and Satellite Upgrade Program",
    "target_eligibility_quarter": "NA"
   }
  },
  {
   "type": "Feature",
   "geometry": {
    "type": "Point",
    "coordinates": [
     147.0104896,
     -41.53645057
    ]
   },
   "properties": {
    "name": "37 PERCY STREET CARRICK 7291",
    "locID": "LOC000102668368",
    "tech": "WIRELESS",
    "upgrade": "NULL_NA",
    "gnaf_pid": "GATAS702322061",
    "tech_change_status": "Not Planned",
    "program_type": "Fixed Wireless and Satellite Upgrade Program",
    "target_eligibility_quarter": "NA"
   }
  },
  {
   "type": "Feature",
   "geometry": {
    "type": "Point",
    "coordinates": [
     147.01077732,
     -41.53649558
    ]
   },
   "properties": {
    "name": "39 PERCY STREET CARRICK 7291",
    "locID": "LOC000011204638",
    "tech": "WIRELESS",
    "upgrade": "NULL_NA",
    "gnaf_pid": "GATAS702322062",
    "tech_change_status": "Not Planned",
    "program_type": "Fixed Wireless and Satellite Upgrade Program",
    "target_eligibility_quarter": "NA"
   }
  },
  {
   "type": "Feature",
   "geometry": {
    "type": "Point",
    "coordinates": [
     147.01020187,
     -41.53640556
    ]
   },
   "properties": {
    "name": "35 PERCY STREET CARRICK 7291",
    "locID": "LOC000015235004",
    "tech": "WIRELESS",
    "upgrade": "NULL_NA",
    "gnaf_pid": "GATAS702322063",
    "tech_change_status": "Not Planned",
    "program_type": "Fixed Wireless and Satellite Upgrade Program",
    "target_eligibility_quarter": "NA"
   }
  },
  {
   "type": "Feature",
   "geometry": {
    "type": "Point",
    "coordinates": [
     147.01002175,
     -41.53444196
    ]
   },
   "properties": {
    "name": "3 SEYMOUR STREET CARRICK 7291",
    "locID": "LOC000056477531",
    "tech": "WIRELESS",
    "upgrade": "NULL_NA",
    "gnaf_pid": "GATAS702324083",
    "tech_change_status": "Not Planned",
    "program_type": "Fixed Wireless and Satellite Upgrade Program",
    "target_eligibility_quarter": "NA"
   }
  },
  {
   "type": "Feature",
   "geometry": {
    "type": "Point",
    "coordinates": [
     147.01059718,
     -41.53457702
    ]
   },
   "properties": {
    "name": "7 SEYMOUR STREET CARRICK 7291",
    "locID": "LOC000066949256",
    "tech": "WIRELESS",
    "upgrade": "NULL_NA",
    "gnaf_pid": "GATAS702324084",
    "tech_change_status": "Not Planned",
    "program_type": "Fixed Wireless and Satellite Upgrade Program",
    "target_eligibility_quarter": "NA"
   }
  },
  {
   "type": "Feature",
   "geometry": {
    "type": "Point",
    "coordinates": [
     147.01089688,
     -41.53462203
    ]
   },
   "properties": {
    "name": "9 SEYMOUR STREET CARRICK 7291",
    "locID": "LOC000098949430",
    "tech": "WIRELESS",
    "upgrade": "NULL_NA",
    "gnaf_pid": "GATAS702324085",
    "tech_change_status": "Not Planned",
    "program_type": "Fixed Wireless and Satellite Upgrade Program",
    "target_eligibility_quarter": "NA"
   }
  },
  {
   "type": "Feature",
   "geometry": {
    "type": "Point",
    "coordinates": [
     147.01026152,
     -41.53456804
    ]
   },
   "properties": {
    "name": "5 SEYMOUR STREET CARRICK 7291",
    "locID": "LOC000103348372",
    "tech": "WIRELESS",
    "upgrade": "NULL_NA",
    "gnaf_pid": "GATAS702324086",
    "tech_change_status": "Not Planned",
    "program_type": "Fixed Wireless and Satellite Upgrade Program",
    "target_eligibility_quarter": "NA"
   }
  },
  {
   "type": "Feature",
   "geometry": {
    "type": "Point",
    "coordinates": [
     147.00804356,
     -41.53277574
    ]
   },
   "properties": {
    "name": "5 SOUTH STREET CARRICK 7291",
    "locID": "LOC000006753490",
    "tech": "WIRELESS",
    "upgrade": "NULL_NA",
    "gnaf_pid": "GATAS702336668",
    "tech_change_status": "Not Planned",
    "program_type": "Fixed Wireless and Satellite Upgrade Program",
    "target_eligibility_quarter": "NA"
   }
  },
  {
   "type": "Feature",
   "geometry": {
    "type": "Point",
    "coordinates": [
     147.00828332,
     -41.53281176
    ]
   },
   "properties": {
    "name": "7 SOUTH STREET CARRICK 7291",
    "locID": "LOC000011293805",
    "tech": "WIRELESS",
    "upgrade": "NULL_NA",
    "gnaf_pid": "GATAS702336669",
    "tech_change_status": "Not Planned",
    "program_type": "Fixed Wireless and Satellite Upgrade Program",
    "target_eligibility_quarter": "NA"
   }
  },
  {
   "type": "Feature",
   "geometry": {
    "type": "Point",
    "coordinates": [
     147.01090864,
     -41.53327092
    ]
   },
   "properties": {
    "name": "19 SOUTH STREET CARRICK 7291",
    "locID": "LOC000049021082",
    "tech": "WIRELESS",
    "upgrade": "NULL_NA",
    "gnaf_pid": "GATAS702336670",
    "tech_change_status": "Not Planned",
    "program_type": "Fixed Wireless and Satellite Upgrade Program",
    "target_eligibility_quarter": "NA"
   }
  },
  {
   "type": "Feature",
   "geometry": {
    "type": "Point",
    "coordinates": [
     147.01127889,
     -41.52941476
    ]
   },
   "properties": {
    "name": "9 SIMMONS STREET CARRICK 7291",
    "locID": "LOC000023384887",
    "tech": "WIRELESS",
    "upgrade": "NULL_NA",
    "gnaf_pid": "GATAS702338457",
    "tech_change_status": "Not Planned",
    "program_type": "Fixed Wireless and Satellite Upgrade Program",
    "target_eligibility_quarter": "NA"
   }
  },
  {
   "type": "Feature",
   "geometry": {
    "type": "Point",
    "coordinates": [
     147.01088416,
     -41.53023542
    ]
   },
   "properties": {
    "name": "6 SIMMONS STREET CARRICK 7291",
    "locID": "LOC000030095351",
    "tech": "WIRELESS",
    "upgrade": "NULL_NA",
    "gnaf_pid": "GATAS702338458",
    "tech_change_status": "Not Planned",
    "program_type": "Fixed Wireless and Satellite Upgrade Program",
    "target_eligibility_quarter": "NA"
   }
  },
  {
   "type": "Feature",
   "geometry": {
    "type": "Point",
    "coordinates": [
     147.01065635,
     -41.52984813
    ]
   },
   "properties": {
    "name": "12 SIMMONS STREET CARRICK 7291",
    "locID": "LOC000023447469",
    "tech": "WIRELESS",
    "upgrade": "NULL_NA",
    "gnaf_pid": "GATAS702338459",
    "tech_change_status": "Not Planned",
    "program_type": "Fixed Wireless and Satellite Upgrade Program",
    "target_eligibility_quarter": "NA"
   }
  },
  {
   "type": "Feature",
   "geometry": {
    "type": "Point",
    "coordinates": [
     147.01042855,
     -41.52959594
    ]
   },
   "properties": {
    "name": "18 SIMMONS STREET CARRICK 7291",
    "locID": "LOC000085294335",
    "tech": "WIRELESS",
    "upgrade": "NULL_NA",
    "gnaf_pid": "GATAS702338460",
    "tech_change_status": "Not Planned",
    "program_type": "Fixed Wireless and Satellite Upgrade Program",
    "target_eligibility_quarter": "NA"
   }
  },
  {
   "type": "Feature",
   "geometry": {
    "type": "Point",
    "coordinates": [
     147.01059644,
     -41.53002828
    ]
   },
   "properties": {
    "name": "10 SIMMONS STREET CARRICK 7291",
    "locID": "LOC000039678542",
    "tech": "WIRELESS",
    "upgrade": "NULL_NA",
    "gnaf_pid": "GATAS702338461",
    "tech_change_status": "Not Planned",
    "program_type": "Fixed Wireless and Satellite Upgrade Program",
    "target_eligibility_quarter": "NA"
   }
  },
  {
   "type": "Feature",
   "geometry": {
    "type": "Point",
    "coordinates": [
     147.01008094,
     -41.52965902
    ]
   },
   "properties": {
    "name": "16 SIMMONS STREET CARRICK 7291",
    "locID": "LOC000039483015",
    "tech": "WIRELESS",
    "upgrade": "NULL_NA",
    "gnaf_pid": "GATAS702338462",
    "tech_change_status": "Not Planned",
    "program_type": "Fixed Wireless and Satellite Upgrade Program",
    "target_eligibility_quarter": "NA"
   }
  },
  {
   "type": "Feature",
   "geometry": {
    "type": "Point",
    "coordinates": [
     147.01027268,
     -41.5292897
    ]
   },
   "properties": {
    "name": "20 SIMMONS STREET CARRICK 7291",
    "locID": "LOC000052544109",
    "tech": "WIRELESS",
    "upgrade": "NULL_NA",
    "gnaf_pid": "GATAS702338463",
    "tech_change_status": "Not Planned",
    "program_type": "Fixed Wireless and Satellite Upgrade Program",
    "target_eligibility_quarter": "NA"
   }
  },
  {
   "type": "Feature",
   "geometry": {
    "type": "Point",
    "coordinates": [
     147.01096782,
     -41.52895255
    ]
   },
   "properties": {
    "name": "13 SIMMONS STREET CARRICK 7291",
    "locID": "LOC000031169736",
    "tech": "WIRELESS",
    "upgrade": "NULL_NA",
    "gnaf_pid": "GATAS702338464",
    "tech_change_status": "Not Planned",
    "program_type": "Fixed Wireless and Satellite Upgrade Program",
    "target_eligibility_quarter": "NA"
   }
  },
  {
   "type": "Feature",
   "geometry": {
    "type": "Point",
    "coordinates": [
     147.00969741,
     -41.52992928
    ]
   },
   "properties": {
    "name": "14 SIMMONS STREET CARRICK 7291",
    "locID": "LOC000053066834",
    "tech": "WIRELESS",
    "upgrade": "NULL_NA",
    "gnaf_pid": "GATAS702338465",
    "tech_change_status": "Not Planned",
    "program_type": "Fixed Wireless and Satellite Upgrade Program",
    "target_eligibility_quarter": "NA"
   }
  },
  {
   "type": "Feature",
   "geometry": {
    "type": "Point",
    "coordinates": [
     147.01184728,
     -41.52959909
    ]
   },
   "properties": {
    "name": "7 SIMMONS STREET CARRICK 7291",
    "locID": "LOC000084895447",
    "tech": "WIRELESS",
    "upgrade": "NULL_NA",
    "gnaf_pid": "GATAS702338466",
    "tech_change_status": "Not Planned",
    "program_type": "Fixed Wireless and Satellite Upgrade Program",
    "target_eligibility_quarter": "NA"
   }
  },
  {
   "type": "Feature",
   "geometry": {
    "type": "Point",
    "coordinates": [
     147.00786228,
     -41.52655983
    ]
   },
   "properties": {
    "name": "22 SIMMONS STREET CARRICK 7291",
    "locID": "LOC000004292482",
    "tech": "WIRELESS",
    "upgrade": "NULL_NA",
    "gnaf_pid": "GATAS702338467",
    "tech_change_status": "Not Planned",
    "program_type": "Fixed Wireless and Satellite Upgrade Program",
    "target_eligibility_quarter": "NA"
   }
  },
  {
   "type": "Feature",
   "geometry": {
    "type": "Point",
    "coordinates": [
     147.01134031,
     -41.53393742
    ]
   },
   "properties": {
    "name": "24 SOUTH STREET CARRICK 7291",
    "locID": "LOC000016022203",
    "tech": "WIRELESS",
    "upgrade": "NULL_NA",
    "gnaf_pid": "GATAS702339396",
    "tech_change_status": "Not Planned",
    "program_type": "Fixed Wireless and Satellite Upgrade Program",
    "target_eligibility_quarter": "NA"
   }
  },
  {
   "type": "Feature",
   "geometry": {
    "type": "Point",
    "coordinates": [
     147.01102865,
     -41.53401852
    ]
   },
   "properties": {
    "name": "22 SOUTH STREET CARRICK 7291",
    "locID": "LOC000078663328",
    "tech": "WIRELESS",
    "upgrade": "NULL_NA",
    "gnaf_pid": "GATAS702341329",
    "tech_change_status": "Not Planned",
    "program_type": "Fixed Wireless and Satellite Upgrade Program",
    "target_eligibility_quarter": "NA"
   }
  },
  {
   "type": "Feature",
   "geometry": {
    "type": "Point",
    "coordinates": [
     147.01072895,
     -41.53397351
    ]
   },
   "properties": {
    "name": "20 SOUTH STREET CARRICK 7291",
    "locID": "LOC000099052394",
    "tech": "WIRELESS",
    "upgrade": "NULL_NA",
    "gnaf_pid": "GATAS702341330",
    "tech_change_status": "Not Planned",
    "program_type": "Fixed Wireless and Satellite Upgrade Program",
    "target_eligibility_quarter": "NA"
   }
  },
  {
   "type": "Feature",
   "geometry": {
    "type": "Point",
    "coordinates": [
     147.00976841,
     -41.53364492
    ]
   },
   "properties": {
    "name": "14 SOUTH STREET CARRICK 7291",
    "locID": "LOC000056345773",
    "tech": "WIRELESS",
    "upgrade": "NULL_NA",
    "gnaf_pid": "GATAS702342150",
    "tech_change_status": "Not Planned",
    "program_type": "Fixed Wireless and Satellite Upgrade Program",
    "target_eligibility_quarter": "NA"
   }
  },
  {
   "type": "Feature",
   "geometry": {
    "type": "Point",
    "coordinates": [
     147.01063292,
     -41.53317186
    ]
   },
   "properties": {
    "name": "17 SOUTH STREET CARRICK 7291",
    "locID": "LOC000066553965",
    "tech": "WIRELESS",
    "upgrade": "NULL_NA",
    "gnaf_pid": "GATAS702344076",
    "tech_change_status": "Not Planned",
    "program_type": "Fixed Wireless and Satellite Upgrade Program",
    "target_eligibility_quarter": "NA"
   }
  },
  {
   "type": "Feature",
   "geometry": {
    "type": "Point",
    "coordinates": [
     147.01164001,
     -41.53398243
    ]
   },
   "properties": {
    "name": "26 SOUTH STREET CARRICK 7291",
    "locID": "LOC000075579026",
    "tech": "WIRELESS",
    "upgrade": "NULL_NA",
    "gnaf_pid": "GATAS702344077",
    "tech_change_status": "Not Planned",
    "program_type": "Fixed Wireless and Satellite Upgrade Program",
    "target_eligibility_quarter": "NA"
   }
  },
  {
   "type": "Feature",
   "geometry": {
    "type": "Point",
    "coordinates": [
     147.00777985,
     -41.53282981
    ]
   },
   "properties": {
    "name": "3 SOUTH STREET CARRICK 7291",
    "locID": "LOC000039433045",
    "tech": "WIRELESS",
    "upgrade": "NULL_NA",
    "gnaf_pid": "GATAS702349361",
    "tech_change_status": "Not Planned",
    "program_type": "Fixed Wireless and Satellite Upgrade Program",
    "target_eligibility_quarter": "NA"
   }
  },
  {
   "type": "Feature",
   "geometry": {
    "type": "Point",
    "coordinates": [
     147.00864295,
     -41.53286578
    ]
   },
   "properties": {
    "name": "9 SOUTH STREET CARRICK 7291",
    "locID": "LOC000026695349",
    "tech": "WIRELESS",
    "upgrade": "NULL_NA",
    "gnaf_pid": "GATAS702350030",
    "tech_change_status": "Not Planned",
    "program_type": "Fixed Wireless and Satellite Upgrade Program",
    "target_eligibility_quarter": "NA"
   }
  },
  {
   "type": "Feature",
   "geometry": {
    "type": "Point",
    "coordinates": [
     147.01014807,
     -41.53388666
    ]
   },
   "properties": {
    "name": "16 SOUTH STREET CARRICK 7291",
    "locID": "LOC000011148038",
    "tech": "WIRELESS",
    "upgrade": "NULL_NA",
    "gnaf_pid": "GATAS702350031",
    "tech_change_status": "Not Planned",
    "program_type": "Fixed Wireless and Satellite Upgrade Program",
    "target_eligibility_quarter": "NA"
   }
  },
  {
   "type": "Feature",
   "geometry": {
    "type": "Point",
    "coordinates": [
     146.98806302,
     -41.53161447
    ]
   },
   "properties": {
    "name": "20 WHITEMORE ROAD CARRICK 7291",
    "locID": "LOC000079851552",
    "tech": "WIRELESS",
    "upgrade": "NULL_NA",
    "gnaf_pid": "GATAS702367287",
    "tech_change_status": "Not Planned",
    "program_type": "Fixed Wireless and Satellite Upgrade Program",
    "target_eligibility_quarter": "NA"
   }
  },
  {
   "type": "Feature",
   "geometry": {
    "type": "Point",
    "coordinates": [
     146.98519441,
     -41.53419954
    ]
   },
   "properties": {
    "name": "80 WHITEMORE ROAD CARRICK 7291",
    "locID": "LOC000021694997",
    "tech": "WIRELESS",
    "upgrade": "NULL_NA",
    "gnaf_pid": "GATAS702367288",
    "tech_change_status": "Not Planned",
    "program_type": "Fixed Wireless and Satellite Upgrade Program",
    "target_eligibility_quarter": "NA"
   }
  },
  {
   "type": "Feature",
   "geometry": {
    "type": "Point",
    "coordinates": [
     147.00953036,
     -41.53518061
    ]
   },
   "properties": {
    "name": "12 SEYMOUR STREET CARRICK 7291",
    "locID": "LOC000014309014",
    "tech": "WIRELESS",
    "upgrade": "NULL_NA",
    "gnaf_pid": "GATAS702403946",
    "tech_change_status": "Not Planned",
    "program_type": "Fixed Wireless and Satellite Upgrade Program",
    "target_eligibility_quarter": "NA"
   }
  },
  {
   "type": "Feature",
   "geometry": {
    "type": "Point",
    "coordinates": [
     147.00677283,
     -41.53212729
    ]
   },
   "properties": {
    "name": "56 MEANDER VALLEY ROAD CARRICK 7291",
    "locID": "LOC000035856658",
    "tech": "WIRELESS",
    "upgrade": "NULL_NA",
    "gnaf_pid": "GATAS702404054",
    "tech_change_status": "Not Planned",
    "program_type": "Fixed Wireless and Satellite Upgrade Program",
    "target_eligibility_quarter": "NA"
   }
  },
  {
   "type": "Feature",
   "geometry": {
    "type": "Point",
    "coordinates": [
     147.01777108,
     -41.52132922
    ]
   },
   "properties": {
    "name": "1032 MEANDER VALLEY ROAD CARRICK 7291",
    "locID": "LOC000023501516",
    "tech": "WIRELESS",
    "upgrade": "NULL_NA",
    "gnaf_pid": "GATAS702404530",
    "tech_change_status": "Not Planned",
    "program_type": "Fixed Wireless and Satellite Upgrade Program",
    "target_eligibility_quarter": "NA"
   }
  },
  {
   "type": "Feature",
   "geometry": {
    "type": "Point",
    "coordinates": [
     146.97364281,
     -41.51900984
    ]
   },
   "properties": {
    "name": "1428 MEANDER VALLEY ROAD CARRICK 7291",
    "locID": "LOC000022719809",
    "tech": "WIRELESS",
    "upgrade": "NULL_NA",
    "gnaf_pid": "GATAS702404531",
    "tech_change_status": "Not Planned",
    "program_type": "Fixed Wireless and Satellite Upgrade Program",
    "target_eligibility_quarter": "NA"
   }
  },
  {
   "type": "Feature",
   "geometry": {
    "type": "Point",
    "coordinates": [
     147.01104016,
     -41.53123523
    ]
   },
   "properties": {
    "name": "31 MEANDER VALLEY ROAD CARRICK 7291",
    "locID": "LOC000062076120",
    "tech": "WIRELESS",
    "upgrade": "NULL_NA",
    "gnaf_pid": "GATAS702405752",
    "tech_change_status": "Not Planned",
    "program_type": "Fixed Wireless and Satellite Upgrade Program",
    "target_eligibility_quarter": "NA"
   }
  },
  {
   "type": "Feature",
   "geometry": {
    "type": "Point",
    "coordinates": [
     147.01117188,
     -41.53044257
    ]
   },
   "properties": {
    "name": "30 MEANDER VALLEY ROAD CARRICK 7291",
    "locID": "LOC000034409691",
    "tech": "WIRELESS",
    "upgrade": "NULL_NA",
    "gnaf_pid": "GATAS702405753",
    "tech_change_status": "Not Planned",
    "program_type": "Fixed Wireless and Satellite Upgrade Program",
    "target_eligibility_quarter": "NA"
   }
  },
  {
   "type": "Feature",
   "geometry": {
    "type": "Point",
    "coordinates": [
     147.01024885,
     -41.5302535
    ]
   },
   "properties": {
    "name": "8 SIMMONS STREET CARRICK 7291",
    "locID": "LOC000027636256",
    "tech": "WIRELESS",
    "upgrade": "NULL_NA",
    "gnaf_pid": "GATAS702405918",
    "tech_change_status": "Not Planned",
    "program_type": "Fixed Wireless and Satellite Upgrade Program",
    "target_eligibility_quarter": "NA"
   }
  },
  {
   "type": "Feature",
   "geometry": {
    "type": "Point",
    "coordinates": [
     147.00371625,
     -41.53545116
    ]
   },
   "properties": {
    "name": "11 CHURCH STREET CARRICK 7291",
    "locID": "LOC000014311323",
    "tech": "WIRELESS",
    "upgrade": "NULL_NA",
    "gnaf_pid": "GATAS702406027",
    "tech_change_status": "Not Planned",
    "program_type": "Fixed Wireless and Satellite Upgrade Program",
    "target_eligibility_quarter": "NA"
   }
  },
  {
   "type": "Feature",
   "geometry": {
    "type": "Point",
    "coordinates": [
     147.00902639,
     -41.53175784
    ]
   },
   "properties": {
    "name": "45 MEANDER VALLEY ROAD CARRICK 7291",
    "locID": "LOC000104677531",
    "tech": "WIRELESS",
    "upgrade": "NULL_NA",
    "gnaf_pid": "GATAS702406028",
    "tech_change_status": "Not Planned",
    "program_type": "Fixed Wireless and Satellite Upgrade Program",
    "target_eligibility_quarter": "NA"
   }
  },
  {
   "type": "Feature",
   "geometry": {
    "type": "Point",
    "coordinates": [
     147.0049268,
     -41.53237959
    ]
   },
   "properties": {
    "name": "64 MEANDER VALLEY ROAD CARRICK 7291",
    "locID": "LOC000057657707",
    "tech": "WIRELESS",
    "upgrade": "NULL_NA",
    "gnaf_pid": "GATAS702406032",
    "tech_change_status": "Not Planned",
    "program_type": "Fixed Wireless and Satellite Upgrade Program",
    "target_eligibility_quarter": "NA"
   }
  },
  {
   "type": "Feature",
   "geometry": {
    "type": "Point",
    "coordinates": [
     147.015523,
     -41.5297575
    ]
   },
   "properties": {
    "name": "3 MEANDER VALLEY ROAD CARRICK 7291",
    "locID": "LOC000044594278",
    "tech": "WIRELESS",
    "upgrade": "NULL_NA",
    "gnaf_pid": "GATAS702406033",
    "tech_change_status": "Not Planned",
    "program_type": "Fixed Wireless and Satellite Upgrade Program",
    "target_eligibility_quarter": "NA"
   }
  },
  {
   "type": "Feature",
   "geometry": {
    "type": "Point",
    "coordinates": [
     147.0102729,
     -41.53069486
    ]
   },
   "properties": {
    "name": "36 MEANDER VALLEY ROAD CARRICK 7291",
    "locID": "LOC000012620101",
    "tech": "WIRELESS",
    "upgrade": "NULL_NA",
    "gnaf_pid": "GATAS702406034",
    "tech_change_status": "Not Planned",
    "program_type": "Fixed Wireless and Satellite Upgrade Program",
    "target_eligibility_quarter": "NA"
   }
  },
  {
   "type": "Feature",
   "geometry": {
    "type": "Point",
    "coordinates": [
     147.04180751,
     -41.55572611
    ]
   },
   "properties": {
    "name": "1179 ILLAWARRA ROAD CARRICK 7291",
    "locID": "LOC000098231525",
    "tech": "WIRELESS",
    "upgrade": "NULL_NA",
    "gnaf_pid": "GATAS702406136",
    "tech_change_status": "Not Planned",
    "program_type": "Fixed Wireless and Satellite Upgrade Program",
    "target_eligibility_quarter": "NA"
   }
  },
  {
   "type": "Feature",
   "geometry": {
    "type": "Point",
    "coordinates": [
     147.02657396,
     -41.52884098
    ]
   },
   "properties": {
    "name": "1521 ILLAWARRA ROAD CARRICK 7291",
    "locID": "LOC000007605881",
    "tech": "WIRELESS",
    "upgrade": "NULL_NA",
    "gnaf_pid": "GATAS702406137",
    "tech_change_status": "Not Planned",
    "program_type": "Fixed Wireless and Satellite Upgrade Program",
    "target_eligibility_quarter": "NA"
   }
  },
  {
   "type": "Feature",
   "geometry": {
    "type": "Point",
    "coordinates": [
     147.03320261,
     -41.52694072
    ]
   },
   "properties": {
    "name": "1520 ILLAWARRA ROAD CARRICK 7291",
    "locID": "LOC000042334543",
    "tech": "WIRELESS",
    "upgrade": "NULL_NA",
    "gnaf_pid": "GATAS702406138",
    "tech_change_status": "Not Planned",
    "program_type": "Fixed Wireless and Satellite Upgrade Program",
    "target_eligibility_quarter": "NA"
   }
  },
  {
   "type": "Feature",
   "geometry": {
    "type": "Point",
    "coordinates": [
     147.04843229,
     -41.54711691
    ]
   },
   "properties": {
    "name": "1243 ILLAWARRA ROAD CARRICK 7291",
    "locID": "LOC000029136570",
    "tech": "WIRELESS",
    "upgrade": "NULL_NA",
    "gnaf_pid": "GATAS702406139",
    "tech_change_status": "Not Planned",
    "program_type": "Fixed Wireless and Satellite Upgrade Program",
    "target_eligibility_quarter": "NA"
   }
  },
  {
   "type": "Feature",
   "geometry": {
    "type": "Point",
    "coordinates": [
     146.98767035,
     -41.53205166
    ]
   },
   "properties": {
    "name": "30 WHITEMORE ROAD CARRICK 7291",
    "locID": "LOC000060603925",
    "tech": "WIRELESS",
    "upgrade": "NULL_NA",
    "gnaf_pid": "GATAS702406140",
    "tech_change_status": "Not Planned",
    "program_type": "Fixed Wireless and Satellite Upgrade Program",
    "target_eligibility_quarter": "NA"
   }
  },
  {
   "type": "Feature",
   "geometry": {
    "type": "Point",
    "coordinates": [
     147.03158178,
     -41.52651175
    ]
   },
   "properties": {
    "name": "1540 ILLAWARRA ROAD CARRICK 7291",
    "locID": "LOC000075480536",
    "tech": "WIRELESS",
    "upgrade": "NULL_NA",
    "gnaf_pid": "GATAS702406141",
    "tech_change_status": "Not Planned",
    "program_type": "Fixed Wireless and Satellite Upgrade Program",
    "target_eligibility_quarter": "NA"
   }
  },
  {
   "type": "Feature",
   "geometry": {
    "type": "Point",
    "coordinates": [
     147.00498681,
     -41.53656535
    ]
   },
   "properties": {
    "name": "41 BISHOPSBOURNE ROAD CARRICK 7291",
    "locID": "LOC000079299914",
    "tech": "WIRELESS",
    "upgrade": "NULL_NA",
    "gnaf_pid": "GATAS702406412",
    "tech_change_status": "Not Planned",
    "program_type": "Fixed Wireless and Satellite Upgrade Program",
    "target_eligibility_quarter": "NA"
   }
  },
  {
   "type": "Feature",
   "geometry": {
    "type": "Point",
    "coordinates": [
     147.05237553,
     -41.55969583
    ]
   },
   "properties": {
    "name": "1129 ILLAWARRA ROAD CARRICK 7291",
    "locID": "LOC000018710424",
    "tech": "WIRELESS",
    "upgrade": "NULL_NA",
    "gnaf_pid": "GATAS702406415",
    "tech_change_status": "Not Planned",
    "program_type": "Fixed Wireless and Satellite Upgrade Program",
    "target_eligibility_quarter": "NA"
   }
  },
  {
   "type": "Feature",
   "geometry": {
    "type": "Point",
    "coordinates": [
     147.01199778,
     -41.5302208
    ]
   },
   "properties": {
    "name": "24 MEANDER VALLEY ROAD CARRICK 7291",
    "locID": "LOC000100494549",
    "tech": "WIRELESS",
    "upgrade": "NULL_NA",
    "gnaf_pid": "GATAS702406523",
    "tech_change_status": "Not Planned",
    "program_type": "Fixed Wireless and Satellite Upgrade Program",
    "target_eligibility_quarter": "NA"
   }
  },
  {
   "type": "Feature",
   "geometry": {
    "type": "Point",
    "coordinates": [
     147.05658233,
     -41.56199134
    ]
   },
   "properties": {
    "name": "1061 ILLAWARRA ROAD CARRICK 7291",
    "locID": "LOC000008444425",
    "tech": "WIRELESS",
    "upgrade": "NULL_NA",
    "gnaf_pid": "GATAS702406728",
    "tech_change_status": "Not Planned",
    "program_type": "Fixed Wireless and Satellite Upgrade Program",
    "target_eligibility_quarter": "NA"
   }
  },
  {
   "type": "Feature",
   "geometry": {
    "type": "Point",
    "coordinates": [
     147.00098769,
     -41.53127498
    ]
   },
   "properties": {
    "name": "1282 MEANDER VALLEY ROAD CARRICK 7291",
    "locID": "LOC000038637565",
    "tech": "WIRELESS",
    "upgrade": "NULL_NA",
    "gnaf_pid": "GATAS702408008",
    "tech_change_status": "Not Planned",
    "program_type": "Fixed Wireless and Satellite Upgrade Program",
    "target_eligibility_quarter": "NA"
   }
  },
  {
   "type": "Feature",
   "geometry": {
    "type": "Point",
    "coordinates": [
     147.01470204,
     -41.52999995
    ]
   },
   "properties": {
    "name": "7 MEANDER VALLEY ROAD CARRICK 7291",
    "locID": "LOC000037997076",
    "tech": "WIRELESS",
    "upgrade": "NULL_NA",
    "gnaf_pid": "GATAS702408547",
    "tech_change_status": "Not Planned",
    "program_type": "Fixed Wireless and Satellite Upgrade Program",
    "target_eligibility_quarter": "NA"
   }
  },
  {
   "type": "Feature",
   "geometry": {
    "type": "Point",
    "coordinates": [
     147.01002145,
     -41.53250537
    ]
   },
   "properties": {
    "name": "1 ASHBURNER STREET CARRICK 7291",
    "locID": "LOC000013442331",
    "tech": "WIRELESS",
    "upgrade": "NULL_NA",
    "gnaf_pid": "GATAS702408549",
    "tech_change_status": "Not Planned",
    "program_type": "Fixed Wireless and Satellite Upgrade Program",
    "target_eligibility_quarter": "NA"
   }
  },
  {
   "type": "Feature",
   "geometry": {
    "type": "Point",
    "coordinates": [
     147.01099743,
     -41.53163827
    ]
   },
   "properties": {
    "name": "11 LIFFEY STREET CARRICK 7291",
    "locID": "LOC000094482825",
    "tech": "WIRELESS",
    "upgrade": "NULL_NA",
    "gnaf_pid": "GATAS702408550",
    "tech_change_status": "Not Planned",
    "program_type": "Fixed Wireless and Satellite Upgrade Program",
    "target_eligibility_quarter": "NA"
   }
  },
  {
   "type": "Feature",
   "geometry": {
    "type": "Point",
    "coordinates": [
     147.04199007,
     -41.5358544
    ]
   },
   "properties": {
    "name": "1399 ILLAWARRA ROAD CARRICK 7291",
    "locID": "LOC000072389478",
    "tech": "WIRELESS",
    "upgrade": "NULL_NA",
    "gnaf_pid": "GATAS702412686",
    "tech_change_status": "Not Planned",
    "program_type": "Fixed Wireless and Satellite Upgrade Program",
    "target_eligibility_quarter": "NA"
   }
  },
  {
   "type": "Feature",
   "geometry": {
    "type": "Point",
    "coordinates": [
     146.9998975,
     -41.53456208
    ]
   },
   "properties": {
    "name": "15 OAKS ROAD CARRICK 7291",
    "locID": "LOC000105999262",
    "tech": "WIRELESS",
    "upgrade": "NULL_NA",
    "gnaf_pid": "GATAS702413437",
    "tech_change_status": "Not Planned",
    "program_type": "Fixed Wireless and Satellite Upgrade Program",
    "target_eligibility_quarter": "NA"
   }
  },
  {
   "type": "Feature",
   "geometry": {
    "type": "Point",
    "coordinates": [
     147.00804352,
     -41.53239743
    ]
   },
   "properties": {
    "name": "51 MEANDER VALLEY ROAD CARRICK 7291",
    "locID": "LOC000001910079",
    "tech": "WIRELESS",
    "upgrade": "NULL_NA",
    "gnaf_pid": "GATAS702413438",
    "tech_change_status": "Not Planned",
    "program_type": "Fixed Wireless and Satellite Upgrade Program",
    "target_eligibility_quarter": "NA"
   }
  },
  {
   "type": "Feature",
   "geometry": {
    "type": "Point",
    "coordinates": [
     147.01133981,
     -41.53105505
    ]
   },
   "properties": {
    "name": "29 MEANDER VALLEY ROAD CARRICK 7291",
    "locID": "LOC000080322135",
    "tech": "WIRELESS",
    "upgrade": "NULL_NA",
    "gnaf_pid": "GATAS702413439",
    "tech_change_status": "Not Planned",
    "program_type": "Fixed Wireless and Satellite Upgrade Program",
    "target_eligibility_quarter": "NA"
   }
  },
  {
   "type": "Feature",
   "geometry": {
    "type": "Point",
    "coordinates": [
     147.00631505,
     -41.53336209
    ]
   },
   "properties": {
    "name": "57 MEANDER VALLEY ROAD CARRICK 7291",
    "locID": "LOC000006270032",
    "tech": "WIRELESS",
    "upgrade": "NULL_NA",
    "gnaf_pid": "GATAS702413440",
    "tech_change_status": "Not Planned",
    "program_type": "Fixed Wireless and Satellite Upgrade Program",
    "target_eligibility_quarter": "NA"
   }
  },
  {
   "type": "Feature",
   "geometry": {
    "type": "Point",
    "coordinates": [
     147.01074048,
     -41.53124427
    ]
   },
   "properties": {
    "name": "35 MEANDER VALLEY ROAD CARRICK 7291",
    "locID": "LOC000059826974",
    "tech": "WIRELESS",
    "upgrade": "NULL_NA",
    "gnaf_pid": "GATAS702413441",
    "tech_change_status": "Not Planned",
    "program_type": "Fixed Wireless and Satellite Upgrade Program",
    "target_eligibility_quarter": "NA"
   }
  },
  {
   "type": "Feature",
   "geometry": {
    "type": "Point",
    "coordinates": [
     147.01086033,
     -41.53110914
    ]
   },
   "properties": {
    "name": "33 MEANDER VALLEY ROAD CARRICK 7291",
    "locID": "LOC000043938714",
    "tech": "WIRELESS",
    "upgrade": "NULL_NA",
    "gnaf_pid": "GATAS702413442",
    "tech_change_status": "Not Planned",
    "program_type": "Fixed Wireless and Satellite Upgrade Program",
    "target_eligibility_quarter": "NA"
   }
  },
  {
   "type": "Feature",
   "geometry": {
    "type": "Point",
    "coordinates": [
     147.01386878,
     -41.52959558
    ]
   },
   "properties": {
    "name": "12 MEANDER VALLEY ROAD CARRICK 7291",
    "locID": "LOC000080412697",
    "tech": "WIRELESS",
    "upgrade": "NULL_NA",
    "gnaf_pid": "GATAS702413570",
    "tech_change_status": "Not Planned",
    "program_type": "Fixed Wireless and Satellite Upgrade Program",
    "target_eligibility_quarter": "NA"
   }
  },
  {
   "type": "Feature",
   "geometry": {
    "type": "Point",
    "coordinates": [
     147.01332939,
     -41.52970373
    ]
   },
   "properties": {
    "name": "16 MEANDER VALLEY ROAD CARRICK 7291",
    "locID": "LOC000058333581",
    "tech": "WIRELESS",
    "upgrade": "NULL_NA",
    "gnaf_pid": "GATAS702413571",
    "tech_change_status": "Not Planned",
    "program_type": "Fixed Wireless and Satellite Upgrade Program",
    "target_eligibility_quarter": "NA"
   }
  },
  {
   "type": "Feature",
   "geometry": {
    "type": "Point",
    "coordinates": [
     147.00272584,
     -41.53369762
    ]
   },
   "properties": {
    "name": "67 MEANDER VALLEY ROAD CARRICK 7291",
    "locID": "LOC000018690320",
    "tech": "WIRELESS",
    "upgrade": "NULL_NA",
    "gnaf_pid": "GATAS702413572",
    "tech_change_status": "Not Planned",
    "program_type": "Fixed Wireless and Satellite Upgrade Program",
    "target_eligibility_quarter": "NA"
   }
  },
  {
   "type": "Feature",
   "geometry": {
    "type": "Point",
    "coordinates": [
     147.01416373,
     -41.529532
    ]
   },
   "properties": {
    "name": "10 MEANDER VALLEY ROAD CARRICK 7291",
    "locID": "LOC000082586304",
    "tech": "WIRELESS",
    "upgrade": "NULL_NA",
    "gnaf_pid": "GATAS702414299",
    "tech_change_status": "Not Planned",
    "program_type": "Fixed Wireless and Satellite Upgrade Program",
    "target_eligibility_quarter": "NA"
   }
  },
  {
   "type": "Feature",
   "geometry": {
    "type": "Point",
    "coordinates": [
     147.00559808,
     -41.53226247
    ]
   },
   "properties": {
    "name": "60 MEANDER VALLEY ROAD CARRICK 7291",
    "locID": "LOC000034164208",
    "tech": "WIRELESS",
    "upgrade": "NULL_NA",
    "gnaf_pid": "GATAS702414301",
    "tech_change_status": "Not Planned",
    "program_type": "Fixed Wireless and Satellite Upgrade Program",
    "target_eligibility_quarter": "NA"
   }
  },
  {
   "type": "Feature",
   "geometry": {
    "type": "Point",
    "coordinates": [
     147.00763847,
     -41.53253605
    ]
   },
   "properties": {
    "name": "53 MEANDER VALLEY ROAD CARRICK 7291",
    "locID": "LOC000039714074",
    "tech": "WIRELESS",
    "upgrade": "NULL_NA",
    "gnaf_pid": "GATAS702414304",
    "tech_change_status": "Not Planned",
    "program_type": "Fixed Wireless and Satellite Upgrade Program",
    "target_eligibility_quarter": "NA"
   }
  },
  {
   "type": "Feature",
   "geometry": {
    "type": "Point",
    "coordinates": [
     147.00803151,
     -41.53219927
    ]
   },
   "properties": {
    "name": "49 MEANDER VALLEY ROAD CARRICK 7291",
    "locID": "LOC000062558372",
    "tech": "WIRELESS",
    "upgrade": "NULL_NA",
    "gnaf_pid": "GATAS702414305",
    "tech_change_status": "Not Planned",
    "program_type": "Fixed Wireless and Satellite Upgrade Program",
    "target_eligibility_quarter": "NA"
   }
  },
  {
   "type": "Feature",
   "geometry": {
    "type": "Point",
    "coordinates": [
     147.0123946,
     -41.53067663
    ]
   },
   "properties": {
    "name": "21 MEANDER VALLEY ROAD CARRICK 7291",
    "locID": "LOC000010134937",
    "tech": "WIRELESS",
    "upgrade": "NULL_NA",
    "gnaf_pid": "GATAS702414326",
    "tech_change_status": "Not Planned",
    "program_type": "Fixed Wireless and Satellite Upgrade Program",
    "target_eligibility_quarter": "NA"
   }
  },
  {
   "type": "Feature",
   "geometry": {
    "type": "Point",
    "coordinates": [
     147.01042883,
     -41.53133437
    ]
   },
   "properties": {
    "name": "37 MEANDER VALLEY ROAD CARRICK 7291",
    "locID": "LOC000060949949",
    "tech": "WIRELESS",
    "upgrade": "NULL_NA",
    "gnaf_pid": "GATAS702415218",
    "tech_change_status": "Not Planned",
    "program_type": "Fixed Wireless and Satellite Upgrade Program",
    "target_eligibility_quarter": "NA"
   }
  },
  {
   "type": "Feature",
   "geometry": {
    "type": "Point",
    "coordinates": [
     147.01265815,
     -41.52983892
    ]
   },
   "properties": {
    "name": "20 MEANDER VALLEY ROAD CARRICK 7291",
    "locID": "LOC000039631809",
    "tech": "WIRELESS",
    "upgrade": "NULL_NA",
    "gnaf_pid": "GATAS702415219",
    "tech_change_status": "Not Planned",
    "program_type": "Fixed Wireless and Satellite Upgrade Program",
    "target_eligibility_quarter": "NA"
   }
  },
  {
   "type": "Feature",
   "geometry": {
    "type": "Point",
    "coordinates": [
     147.00853985,
     -41.53029192
    ]
   },
   "properties": {
    "name": "42 MEANDER VALLEY ROAD CARRICK 7291",
    "locID": "LOC000186910211",
    "tech": "WIRELESS",
    "upgrade": "NULL_NA",
    "gnaf_pid": "GATAS702415222",
    "tech_change_status": "Not Planned",
    "program_type": "Fixed Wireless and Satellite Upgrade Program",
    "target_eligibility_quarter": "NA"
   }
  },
  {
   "type": "Feature",
   "geometry": {
    "type": "Point",
    "coordinates": [
     147.04311691,
     -41.54393908
    ]
   },
   "properties": {
    "name": "1315 ILLAWARRA ROAD CARRICK 7291",
    "locID": "LOC000104250653",
    "tech": "WIRELESS",
    "upgrade": "NULL_NA",
    "gnaf_pid": "GATAS702415225",
    "tech_change_status": "Not Planned",
    "program_type": "Fixed Wireless and Satellite Upgrade Program",
    "target_eligibility_quarter": "NA"
   }
  },
  {
   "type": "Feature",
   "geometry": {
    "type": "Point",
    "coordinates": [
     147.02505476,
     -41.53856628
    ]
   },
   "properties": {
    "name": "1425 ILLAWARRA ROAD CARRICK 7291",
    "locID": "LOC000026742903",
    "tech": "WIRELESS",
    "upgrade": "NULL_NA",
    "gnaf_pid": "GATAS702415228",
    "tech_change_status": "Not Planned",
    "program_type": "Fixed Wireless and Satellite Upgrade Program",
    "target_eligibility_quarter": "NA"
   }
  },
  {
   "type": "Feature",
   "geometry": {
    "type": "Point",
    "coordinates": [
     147.01026893,
     -41.53729088
    ]
   },
   "properties": {
    "name": "32 PERCY STREET CARRICK 7291",
    "locID": "LOC100078161816",
    "tech": "WIRELESS",
    "upgrade": "NULL_NA",
    "gnaf_pid": "GATAS702418116",
    "tech_change_status": "Not Planned",
    "program_type": "Fixed Wireless and Satellite Upgrade Program",
    "target_eligibility_quarter": "NA"
   }
  },
  {
   "type": "Feature",
   "geometry": {
    "type": "Point",
    "coordinates": [
     147.00997334,
     -41.53147853
    ]
   },
   "properties": {
    "name": "41 MEANDER VALLEY ROAD CARRICK 7291",
    "locID": "LOC000032437719",
    "tech": "WIRELESS",
    "upgrade": "NULL_NA",
    "gnaf_pid": "GATAS702418125",
    "tech_change_status": "Not Planned",
    "program_type": "Fixed Wireless and Satellite Upgrade Program",
    "target_eligibility_quarter": "NA"
   }
  },
  {
   "type": "Feature",
   "geometry": {
    "type": "Point",
    "coordinates": [
     147.01361706,
     -41.52964064
    ]
   },
   "properties": {
    "name": "14 MEANDER VALLEY ROAD CARRICK 7291",
    "locID": "LOC000099614409",
    "tech": "WIRELESS",
    "upgrade": "NULL_NA",
    "gnaf_pid": "GATAS702418126",
    "tech_change_status": "Not Planned",
    "program_type": "Fixed Wireless and Satellite Upgrade Program",
    "target_eligibility_quarter": "NA"
   }
  },
  {
   "type": "Feature",
   "geometry": {
    "type": "Point",
    "coordinates": [
     147.01059654,
     -41.53063178
    ]
   },
   "properties": {
    "name": "34 MEANDER VALLEY ROAD CARRICK 7291",
    "locID": "LOC000062377842",
    "tech": "WIRELESS",
    "upgrade": "NULL_NA",
    "gnaf_pid": "GATAS702418128",
    "tech_change_status": "Not Planned",
    "program_type": "Fixed Wireless and Satellite Upgrade Program",
    "target_eligibility_quarter": "NA"
   }
  },
  {
   "type": "Feature",
   "geometry": {
    "type": "Point",
    "coordinates": [
     147.0052984,
     -41.53232553
    ]
   },
   "properties": {
    "name": "62 MEANDER VALLEY ROAD CARRICK 7291",
    "locID": "LOC000006267862",
    "tech": "WIRELESS",
    "upgrade": "NULL_NA",
    "gnaf_pid": "GATAS702418132",
    "tech_change_status": "Not Planned",
    "program_type": "Fixed Wireless and Satellite Upgrade Program",
    "target_eligibility_quarter": "NA"
   }
  },
  {
   "type": "Feature",
   "geometry": {
    "type": "Point",
    "coordinates": [
     147.00990128,
     -41.53056879
    ]
   },
   "properties": {
    "name": "38 MEANDER VALLEY ROAD CARRICK 7291",
    "locID": "LOC000007135096",
    "tech": "WIRELESS",
    "upgrade": "NULL_NA",
    "gnaf_pid": "GATAS702418133",
    "tech_change_status": "Not Planned",
    "program_type": "Fixed Wireless and Satellite Upgrade Program",
    "target_eligibility_quarter": "NA"
   }
  },
  {
   "type": "Feature",
   "geometry": {
    "type": "Point",
    "coordinates": [
     147.01331756,
     -41.53043333
    ]
   },
   "properties": {
    "name": "17 MEANDER VALLEY ROAD CARRICK 7291",
    "locID": "LOC000063594426",
    "tech": "WIRELESS",
    "upgrade": "NULL_NA",
    "gnaf_pid": "GATAS702418134",
    "tech_change_status": "Not Planned",
    "program_type": "Fixed Wireless and Satellite Upgrade Program",
    "target_eligibility_quarter": "NA"
   }
  },
  {
   "type": "Feature",
   "geometry": {
    "type": "Point",
    "coordinates": [
     147.00836715,
     -41.53215421
    ]
   },
   "properties": {
    "name": "47 MEANDER VALLEY ROAD CARRICK 7291",
    "locID": "LOC000026750706",
    "tech": "WIRELESS",
    "upgrade": "NULL_NA",
    "gnaf_pid": "GATAS702418932",
    "tech_change_status": "Not Planned",
    "program_type": "Fixed Wireless and Satellite Upgrade Program",
    "target_eligibility_quarter": "NA"
   }
  },
  {
   "type": "Feature",
   "geometry": {
    "type": "Point",
    "coordinates": [
     147.00642524,
     -41.53255967
    ]
   },
   "properties": {
    "name": "58 MEANDER VALLEY ROAD CARRICK 7291",
    "locID": "LOC000005192199",
    "tech": "WIRELESS",
    "upgrade": "NULL_NA",
    "gnaf_pid": "GATAS702418933",
    "tech_change_status": "Not Planned",
    "program_type": "Fixed Wireless and Satellite Upgrade Program",
    "target_eligibility_quarter": "NA"
   }
  },
  {
   "type": "Feature",
   "geometry": {
    "type": "Point",
    "coordinates": [
     147.01219085,
     -41.53079375
    ]
   },
   "properties": {
    "name": "23 MEANDER VALLEY ROAD CARRICK 7291",
    "locID": "LOC000093759491",
    "tech": "WIRELESS",
    "upgrade": "NULL_NA",
    "gnaf_pid": "GATAS702418939",
    "tech_change_status": "Not Planned",
    "program_type": "Fixed Wireless and Satellite Upgrade Program",
    "target_eligibility_quarter": "NA"
   }
  },
  {
   "type": "Feature",
   "geometry": {
    "type": "Point",
    "coordinates": [
     147.00967354,
     -41.53064086
    ]
   },
   "properties": {
    "name": "40 MEANDER VALLEY ROAD CARRICK 7291",
    "locID": "LOC000097066887",
    "tech": "WIRELESS",
    "upgrade": "NULL_NA",
    "gnaf_pid": "GATAS702418944",
    "tech_change_status": "Not Planned",
    "program_type": "Fixed Wireless and Satellite Upgrade Program",
    "target_eligibility_quarter": "NA"
   }
  },
  {
   "type": "Feature",
   "geometry": {
    "type": "Point",
    "coordinates": [
     147.01444435,
     -41.53051426
    ]
   },
   "properties": {
    "name": "9 MEANDER VALLEY ROAD CARRICK 7291",
    "locID": "LOC000104230727",
    "tech": "WIRELESS",
    "upgrade": "NULL_NA",
    "gnaf_pid": "GATAS702419896",
    "tech_change_status": "Not Planned",
    "program_type": "Fixed Wireless and Satellite Upgrade Program",
    "target_eligibility_quarter": "NA"
   }
  },
  {
   "type": "Feature",
   "geometry": {
    "type": "Point",
    "coordinates": [
     146.98962327,
     -41.54094295
    ]
   },
   "properties": {
    "name": "126 OAKS ROAD CARRICK 7291",
    "locID": "LOC000047457403",
    "tech": "WIRELESS",
    "upgrade": "NULL_NA",
    "gnaf_pid": "GATAS702419927",
    "tech_change_status": "Not Planned",
    "program_type": "Fixed Wireless and Satellite Upgrade Program",
    "target_eligibility_quarter": "NA"
   }
  },
  {
   "type": "Feature",
   "geometry": {
    "type": "Point",
    "coordinates": [
     147.01146947,
     -41.53006087
    ]
   },
   "properties": {
    "name": "3 SIMMONS STREET CARRICK 7291",
    "locID": "LOC000133750657",
    "tech": "WIRELESS",
    "upgrade": "NULL_NA",
    "gnaf_pid": "GATAS702422572",
    "tech_change_status": "Not Planned",
    "program_type": "Fixed Wireless and Satellite Upgrade Program",
    "target_eligibility_quarter": "NA"
   }
  },
  {
   "type": "Feature",
   "geometry": {
    "type": "Point",
    "coordinates": [
     147.01181927,
     -41.53090188
    ]
   },
   "properties": {
    "name": "25 MEANDER VALLEY ROAD CARRICK 7291",
    "locID": "LOC000069909997",
    "tech": "WIRELESS",
    "upgrade": "NULL_NA",
    "gnaf_pid": "GATAS702422576",
    "tech_change_status": "Not Planned",
    "program_type": "Fixed Wireless and Satellite Upgrade Program",
    "target_eligibility_quarter": "NA"
   }
  },
  {
   "type": "Feature",
   "geometry": {
    "type": "Point",
    "coordinates": [
     147.00724041,
     -41.53276679
    ]
   },
   "properties": {
    "name": "55 MEANDER VALLEY ROAD CARRICK 7291",
    "locID": "LOC000038533561",
    "tech": "WIRELESS",
    "upgrade": "NULL_NA",
    "gnaf_pid": "GATAS702422577",
    "tech_change_status": "Not Planned",
    "program_type": "Fixed Wireless and Satellite Upgrade Program",
    "target_eligibility_quarter": "NA"
   }
  },
  {
   "type": "Feature",
   "geometry": {
    "type": "Point",
    "coordinates": [
     147.00848692,
     -41.5314246
    ]
   },
   "properties": {
    "name": "44 MEANDER VALLEY ROAD CARRICK 7291",
    "locID": "LOC000070853439",
    "tech": "WIRELESS",
    "upgrade": "NULL_NA",
    "gnaf_pid": "GATAS702422578",
    "tech_change_status": "Not Planned",
    "program_type": "Fixed Wireless and Satellite Upgrade Program",
    "target_eligibility_quarter": "NA"
   }
  },
  {
   "type": "Feature",
   "geometry": {
    "type": "Point",
    "coordinates": [
     147.01370112,
     -41.53031619
    ]
   },
   "properties": {
    "name": "15 MEANDER VALLEY ROAD CARRICK 7291",
    "locID": "LOC000016034221",
    "tech": "WIRELESS",
    "upgrade": "NULL_NA",
    "gnaf_pid": "GATAS702422580",
    "tech_change_status": "Not Planned",
    "program_type": "Fixed Wireless and Satellite Upgrade Program",
    "target_eligibility_quarter": "NA"
   }
  },
  {
   "type": "Feature",
   "geometry": {
    "type": "Point",
    "coordinates": [
     147.00990617,
     -41.53310963
    ]
   },
   "properties": {
    "name": "7 ASHBURNER STREET CARRICK 7291",
    "locID": "LOC000098678077",
    "tech": "WIRELESS",
    "upgrade": "NULL_NA",
    "gnaf_pid": "GATAS702422583",
    "tech_change_status": "Not Planned",
    "program_type": "Fixed Wireless and Satellite Upgrade Program",
    "target_eligibility_quarter": "NA"
   }
  },
  {
   "type": "Feature",
   "geometry": {
    "type": "Point",
    "coordinates": [
     147.0155112,
     -41.53053214
    ]
   },
   "properties": {
    "name": "1 MEANDER VALLEY ROAD CARRICK 7291",
    "locID": "LOC000002666009",
    "tech": "WIRELESS",
    "upgrade": "NULL_NA",
    "gnaf_pid": "GATAS702422588",
    "tech_change_status": "Not Planned",
    "program_type": "Fixed Wireless and Satellite Upgrade Program",
    "target_eligibility_quarter": "NA"
   }
  },
  {
   "type": "Feature",
   "geometry": {
    "type": "Point",
    "coordinates": [
     147.00959908,
     -41.53170547
    ]
   },
   "properties": {
    "name": "43 MEANDER VALLEY ROAD CARRICK 7291",
    "locID": "LOC000062378661",
    "tech": "WIRELESS",
    "upgrade": "NULL_NA",
    "gnaf_pid": "GATAS702422662",
    "tech_change_status": "Not Planned",
    "program_type": "Fixed Wireless and Satellite Upgrade Program",
    "target_eligibility_quarter": "NA"
   }
  },
  {
   "type": "Feature",
   "geometry": {
    "type": "Point",
    "coordinates": [
     146.99108559,
     -41.54925725
    ]
   },
   "properties": {
    "name": "4 OAKS ROAD CARRICK 7291",
    "locID": "LOC000094533634",
    "tech": "WIRELESS",
    "upgrade": "NULL_NA",
    "gnaf_pid": "GATAS702784606",
    "tech_change_status": "Not Planned",
    "program_type": "Fixed Wireless and Satellite Upgrade Program",
    "target_eligibility_quarter": "NA"
   }
  },
  {
   "type": "Feature",
   "geometry": {
    "type": "Point",
    "coordinates": [
     146.99108559,
     -41.54925725
    ]
   },
   "properties": {
    "name": "3 OAKS ROAD CARRICK 7291",
    "locID": "LOC000060179718",
    "tech": "WIRELESS",
    "upgrade": "NULL_NA",
    "gnaf_pid": "GATAS702784607",
    "tech_change_status": "Not Planned",
    "program_type": "Fixed Wireless and Satellite Upgrade Program",
    "target_eligibility_quarter": "NA"
   }
  },
  {
   "type": "Feature",
   "geometry": {
    "type": "Point",
    "coordinates": [
     147.06482168,
     -41.55041224
    ]
   },
   "properties": {
    "name": "1130 ILLAWARRA ROAD CARRICK 7291",
    "locID": "LOC000103647389",
    "tech": "WIRELESS",
    "upgrade": "NULL_NA",
    "gnaf_pid": "GATAS702801003",
    "tech_change_status": "Not Planned",
    "program_type": "Fixed Wireless and Satellite Upgrade Program",
    "target_eligibility_quarter": "NA"
   }
  },
  {
   "type": "Feature",
   "geometry": {
    "type": "Point",
    "coordinates": [
     147.0350073,
     -41.53937944
    ]
   },
   "properties": {
    "name": "1401 ILLAWARRA ROAD CARRICK 7291",
    "locID": "LOC100078161828",
    "tech": "WIRELESS",
    "upgrade": "NULL_NA",
    "gnaf_pid": "GATAS702801009",
    "tech_change_status": "Not Planned",
    "program_type": "Fixed Wireless and Satellite Upgrade Program",
    "target_eligibility_quarter": "NA"
   }
  },
  {
   "type": "Feature",
   "geometry": {
    "type": "Point",
    "coordinates": [
     147.00467418,
     -41.53424436
    ]
   },
   "properties": {
    "name": "5 CHURCH STREET CARRICK 7291",
    "locID": "LOC000006729757",
    "tech": "WIRELESS",
    "upgrade": "NULL_NA",
    "gnaf_pid": "GATAS715255240",
    "tech_change_status": "Not Planned",
    "program_type": "Fixed Wireless and Satellite Upgrade Program",
    "target_eligibility_quarter": "NA"
   }
  },
  {
   "type": "Feature",
   "geometry": {
    "type": "Point",
    "coordinates": [
     147.0090985,
     -41.53308192
    ]
   },
   "properties": {
    "name": "8 ASHBURNER STREET CARRICK 7291",
    "locID": "LOC000040762660",
    "tech": "WIRELESS",
    "upgrade": "NULL_NA",
    "gnaf_pid": "GATAS715255241",
    "tech_change_status": "Not Planned",
    "program_type": "Fixed Wireless and Satellite Upgrade Program",
    "target_eligibility_quarter": "NA"
   }
  },
  {
   "type": "Feature",
   "geometry": {
    "type": "Point",
    "coordinates": [
     147.00995,
     -41.53563094
    ]
   },
   "properties": {
    "name": "16 SEYMOUR STREET CARRICK 7291",
    "locID": "LOC000029194672",
    "tech": "WIRELESS",
    "upgrade": "NULL_NA",
    "gnaf_pid": "GATAS715255256",
    "tech_change_status": "Not Planned",
    "program_type": "Fixed Wireless and Satellite Upgrade Program",
    "target_eligibility_quarter": "NA"
   }
  },
  {
   "type": "Feature",
   "geometry": {
    "type": "Point",
    "coordinates": [
     147.00741673,
     -41.5347522
    ]
   },
   "properties": {
    "name": "2 SEYMOUR STREET CARRICK 7291",
    "locID": "LOC000072539159",
    "tech": "WIRELESS",
    "upgrade": "NULL_NA",
    "gnaf_pid": "GATAS715256779",
    "tech_change_status": "Not Planned",
    "program_type": "Fixed Wireless and Satellite Upgrade Program",
    "target_eligibility_quarter": "NA"
   }
  },
  {
   "type": "Feature",
   "geometry": {
    "type": "Point",
    "coordinates": [
     147.00971329,
     -41.533854
    ]
   },
   "properties": {
    "name": "9 ASHBURNER STREET CARRICK 7291",
    "locID": "LOC000022606801",
    "tech": "WIRELESS",
    "upgrade": "NULL_NA",
    "gnaf_pid": "GATAS715257154",
    "tech_change_status": "Not Planned",
    "program_type": "Fixed Wireless and Satellite Upgrade Program",
    "target_eligibility_quarter": "NA"
   }
  },
  {
   "type": "Feature",
   "geometry": {
    "type": "Point",
    "coordinates": [
     147.01097939,
     -41.52980303
    ]
   },
   "properties": {
    "name": "LOT 2 SIMMONS STREET CARRICK 7291",
    "locID": "LOC000133750674",
    "tech": "WIRELESS",
    "upgrade": "NULL_NA",
    "gnaf_pid": "GATAS715257156",
    "tech_change_status": "Not Planned",
    "program_type": "Fixed Wireless and Satellite Upgrade Program",
    "target_eligibility_quarter": "NA"
   }
  },
  {
   "type": "Feature",
   "geometry": {
    "type": "Point",
    "coordinates": [
     147.0097941,
     -41.53521661
    ]
   },
   "properties": {
    "name": "14 SEYMOUR STREET CARRICK 7291",
    "locID": "LOC000061985760",
    "tech": "WIRELESS",
    "upgrade": "NULL_NA",
    "gnaf_pid": "GATAS715257159",
    "tech_change_status": "Not Planned",
    "program_type": "Fixed Wireless and Satellite Upgrade Program",
    "target_eligibility_quarter": "NA"
   }
  },
  {
   "type": "Feature",
   "geometry": {
    "type": "Point",
    "coordinates": [
     147.01014176,
     -41.53527063
    ]
   },
   "properties": {
    "name": "18 SEYMOUR STREET CARRICK 7291",
    "locID": "LOC000021736842",
    "tech": "WIRELESS",
    "upgrade": "NULL_NA",
    "gnaf_pid": "GATAS715257160",
    "tech_change_status": "Not Planned",
    "program_type": "Fixed Wireless and Satellite Upgrade Program",
    "target_eligibility_quarter": "NA"
   }
  },
  {
   "type": "Feature",
   "geometry": {
    "type": "Point",
    "coordinates": [
     147.00826707,
     -41.53783672
    ]
   },
   "properties": {
    "name": "22 PERCY STREET CARRICK 7291",
    "locID": "LOC000029233346",
    "tech": "WIRELESS",
    "upgrade": "NULL_NA",
    "gnaf_pid": "GATAS715257161",
    "tech_change_status": "Not Planned",
    "program_type": "Fixed Wireless and Satellite Upgrade Program",
    "target_eligibility_quarter": "NA"
   }
  },
  {
   "type": "Feature",
   "geometry": {
    "type": "Point",
    "coordinates": [
     147.00957727,
     -41.53440869
    ]
   },
   "properties": {
    "name": "17 ASHBURNER STREET CARRICK 7291",
    "locID": "LOC000051264279",
    "tech": "WIRELESS",
    "upgrade": "NULL_NA",
    "gnaf_pid": "GATAS715257162",
    "tech_change_status": "Not Planned",
    "program_type": "Fixed Wireless and Satellite Upgrade Program",
    "target_eligibility_quarter": "NA"
   }
  },
  {
   "type": "Feature",
   "geometry": {
    "type": "Point",
    "coordinates": [
     147.00447149,
     -41.53538809
    ]
   },
   "properties": {
    "name": "13 CHURCH STREET CARRICK 7291",
    "locID": "LOC000091093906",
    "tech": "WIRELESS",
    "upgrade": "NULL_NA",
    "gnaf_pid": "GATAS715257163",
    "tech_change_status": "Not Planned",
    "program_type": "Fixed Wireless and Satellite Upgrade Program",
    "target_eligibility_quarter": "NA"
   }
  },
  {
   "type": "Feature",
   "geometry": {
    "type": "Point",
    "coordinates": [
     147.00463927,
     -41.53466749
    ]
   },
   "properties": {
    "name": "7 CHURCH STREET CARRICK 7291",
    "locID": "LOC000051402118",
    "tech": "WIRELESS",
    "upgrade": "NULL_NA",
    "gnaf_pid": "GATAS715257164",
    "tech_change_status": "Not Planned",
    "program_type": "Fixed Wireless and Satellite Upgrade Program",
    "target_eligibility_quarter": "NA"
   }
  },
  {
   "type": "Feature",
   "geometry": {
    "type": "Point",
    "coordinates": [
     147.01219249,
     -41.53244453
    ]
   },
   "properties": {
    "name": "3 LIFFEY STREET CARRICK 7291",
    "locID": "LOC000186754747",
    "tech": "WIRELESS",
    "upgrade": "NULL_NA",
    "gnaf_pid": "GATAS715257165",
    "tech_change_status": "Not Planned",
    "program_type": "Fixed Wireless and Satellite Upgrade Program",
    "target_eligibility_quarter": "NA"
   }
  },
  {
   "type": "Feature",
   "geometry": {
    "type": "Point",
    "coordinates": [
     147.01219249,
     -41.53244453
    ]
   },
   "properties": {
    "name": "5 LIFFEY STREET CARRICK 7291",
    "locID": "LOC100080421608",
    "tech": "WIRELESS",
    "upgrade": "NULL_NA",
    "gnaf_pid": "GATAS715257166",
    "tech_change_status": "Not Planned",
    "program_type": "Fixed Wireless and Satellite Upgrade Program",
    "target_eligibility_quarter": "NA"
   }
  },
  {
   "type": "Feature",
   "geometry": {
    "type": "Point",
    "coordinates": [
     147.01024164,
     -41.53183381
    ]
   },
   "properties": {
    "name": "7 LIFFEY STREET CARRICK 7291",
    "locID": "LOC000094559083",
    "tech": "WIRELESS",
    "upgrade": "NULL_NA",
    "gnaf_pid": "GATAS715257167",
    "tech_change_status": "Not Planned",
    "program_type": "Fixed Wireless and Satellite Upgrade Program",
    "target_eligibility_quarter": "NA"
   }
  },
  {
   "type": "Feature",
   "geometry": {
    "type": "Point",
    "coordinates": [
     147.01093216,
     -41.53052366
    ]
   },
   "properties": {
    "name": "32 MEANDER VALLEY ROAD CARRICK 7291",
    "locID": "LOC000061923749",
    "tech": "WIRELESS",
    "upgrade": "NULL_NA",
    "gnaf_pid": "GATAS715257973",
    "tech_change_status": "Not Planned",
    "program_type": "Fixed Wireless and Satellite Upgrade Program",
    "target_eligibility_quarter": "NA"
   }
  },
  {
   "type": "Feature",
   "geometry": {
    "type": "Point",
    "coordinates": [
     147.01504024,
     -41.52990564
    ]
   },
   "properties": {
    "name": "5 MEANDER VALLEY ROAD CARRICK 7291",
    "locID": "LOC100077378651",
    "tech": "WIRELESS",
    "upgrade": "NULL_NA",
    "gnaf_pid": "GATAS715257975",
    "tech_change_status": "Not Planned",
    "program_type": "Fixed Wireless and Satellite Upgrade Program",
    "target_eligibility_quarter": "NA"
   }
  },
  {
   "type": "Feature",
   "geometry": {
    "type": "Point",
    "coordinates": [
     147.00726111,
     -41.53580066
    ]
   },
   "properties": {
    "name": "25 PERCY STREET CARRICK 7291",
    "locID": "LOC000033372161",
    "tech": "WIRELESS",
    "upgrade": "NULL_NA",
    "gnaf_pid": "GATAS715278023",
    "tech_change_status": "Not Planned",
    "program_type": "Fixed Wireless and Satellite Upgrade Program",
    "target_eligibility_quarter": "NA"
   }
  },
  {
   "type": "Feature",
   "geometry": {
    "type": "Point",
    "coordinates": [
     147.01713109,
     -41.57450146
    ]
   },
   "properties": {
    "name": "469 BISHOPSBOURNE ROAD CARRICK 7291",
    "locID": "LOC000094379707",
    "tech": "WIRELESS",
    "upgrade": "NULL_NA",
    "gnaf_pid": "GATAS716458612",
    "tech_change_status": "Not Planned",
    "program_type": "Fixed Wireless and Satellite Upgrade Program",
    "target_eligibility_quarter": "NA"
   }
  },
  {
   "type": "Feature",
   "geometry": {
    "type": "Point",
    "coordinates": [
     147.00460323,
     -41.53367667
    ]
   },
   "properties": {
    "name": "1 CHURCH STREET CARRICK 7291",
    "locID": "LOC000093236229",
    "tech": "WIRELESS",
    "upgrade": "NULL_NA",
    "gnaf_pid": "GATAS716458991",
    "tech_change_status": "Not Planned",
    "program_type": "Fixed Wireless and Satellite Upgrade Program",
    "target_eligibility_quarter": "NA"
   }
  },
  {
   "type": "Feature",
   "geometry": {
    "type": "Point",
    "coordinates": [
     147.03066194,
     -41.52552637
    ]
   },
   "properties": {
    "name": "1542 ILLAWARRA ROAD CARRICK 7291",
    "locID": "LOC000094883285",
    "tech": "WIRELESS",
    "upgrade": "NULL_NA",
    "gnaf_pid": "GATAS716460388",
    "tech_change_status": "Not Planned",
    "program_type": "Fixed Wireless and Satellite Upgrade Program",
    "target_eligibility_quarter": "NA"
   }
  },
  {
   "type": "Feature",
   "geometry": {
    "type": "Point",
    "coordinates": [
     147.00095733,
     -41.52792359
    ]
   },
   "properties": {
    "name": "1302 MEANDER VALLEY ROAD CARRICK 7291",
    "locID": "LOC000085029796",
    "tech": "WIRELESS",
    "upgrade": "NULL_NA",
    "gnaf_pid": "GATAS716461043",
    "tech_change_status": "Not Planned",
    "program_type": "Fixed Wireless and Satellite Upgrade Program",
    "target_eligibility_quarter": "NA"
   }
  },
  {
   "type": "Feature",
   "geometry": {
    "type": "Point",
    "coordinates": [
     147.00639476,
     -41.53674552
    ]
   },
   "properties": {
    "name": "12 PERCY STREET CARRICK 7291",
    "locID": "LOC000058937618",
    "tech": "WIRELESS",
    "upgrade": "NULL_NA",
    "gnaf_pid": "GATAS716461720",
    "tech_change_status": "Not Planned",
    "program_type": "Fixed Wireless and Satellite Upgrade Program",
    "target_eligibility_quarter": "NA"
   }
  },
  {
   "type": "Feature",
   "geometry": {
    "type": "Point",
    "coordinates": [
     147.00610191,
     -41.53609059
    ]
   },
   "properties": {
    "name": "7 PERCY STREET CARRICK 7291",
    "locID": "LOC100077378667",
    "tech": "WIRELESS",
    "upgrade": "NULL_NA",
    "gnaf_pid": "GATAS716461721",
    "tech_change_status": "Not Planned",
    "program_type": "Fixed Wireless and Satellite Upgrade Program",
    "target_eligibility_quarter": "NA"
   }
  },
  {
   "type": "Feature",
   "geometry": {
    "type": "Point",
    "coordinates": [
     146.99902513,
     -41.53155391
    ]
   },
   "properties": {
    "name": "2 MEANDER VALLEY ROAD CARRICK 7291",
    "locID": "LOC000181328612",
    "tech": "WIRELESS",
    "upgrade": "NULL_NA",
    "gnaf_pid": "GATAS716584002",
    "tech_change_status": "Not Planned",
    "program_type": "Fixed Wireless and Satellite Upgrade Program",
    "target_eligibility_quarter": "NA"
   }
  },
  {
   "type": "Feature",
   "geometry": {
    "type": "Point",
    "coordinates": [
     147.00800339,
     -41.53159144
    ]
   },
   "properties": {
    "name": "46 MEANDER VALLEY ROAD CARRICK 7291",
    "locID": "LOC000056277386",
    "tech": "WIRELESS",
    "upgrade": "NULL_NA",
    "gnaf_pid": "GATAS716584003",
    "tech_change_status": "Not Planned",
    "program_type": "Fixed Wireless and Satellite Upgrade Program",
    "target_eligibility_quarter": "NA"
   }
  },
  {
   "type": "Feature",
   "geometry": {
    "type": "Point",
    "coordinates": [
     147.00807979,
     -41.53489248
    ]
   },
   "properties": {
    "name": "4 SEYMOUR STREET CARRICK 7291",
    "locID": "LOC000093714182",
    "tech": "WIRELESS",
    "upgrade": "NULL_NA",
    "gnaf_pid": "GATAS716584483",
    "tech_change_status": "Not Planned",
    "program_type": "Fixed Wireless and Satellite Upgrade Program",
    "target_eligibility_quarter": "NA"
   }
  },
  {
   "type": "Feature",
   "geometry": {
    "type": "Point",
    "coordinates": [
     147.01362329,
     -41.52834634
    ]
   },
   "properties": {
    "name": "11 SIMMONS STREET CARRICK 7291",
    "locID": "LOC000018718768",
    "tech": "WIRELESS",
    "upgrade": "NULL_NA",
    "gnaf_pid": "GATAS716584487",
    "tech_change_status": "Not Planned",
    "program_type": "Fixed Wireless and Satellite Upgrade Program",
    "target_eligibility_quarter": "NA"
   }
  },
  {
   "type": "Feature",
   "geometry": {
    "type": "Point",
    "coordinates": [
     147.00925463,
     -41.53513559
    ]
   },
   "properties": {
    "name": "25 ASHBURNER STREET CARRICK 7291",
    "locID": "LOC000026130972",
    "tech": "WIRELESS",
    "upgrade": "NULL_NA",
    "gnaf_pid": "GATAS716619332",
    "tech_change_status": "Not Planned",
    "program_type": "Fixed Wireless and Satellite Upgrade Program",
    "target_eligibility_quarter": "NA"
   }
  },
  {
   "type": "Feature",
   "geometry": {
    "type": "Point",
    "coordinates": [
     147.00525076,
     -41.53607261
    ]
   },
   "properties": {
    "name": "22 CHURCH STREET CARRICK 7291",
    "locID": "LOC000133750724",
    "tech": "WIRELESS",
    "upgrade": "NULL_NA",
    "gnaf_pid": "GATAS716619702",
    "tech_change_status": "Not Planned",
    "program_type": "Fixed Wireless and Satellite Upgrade Program",
    "target_eligibility_quarter": "NA"
   }
  },
  {
   "type": "Feature",
   "geometry": {
    "type": "Point",
    "coordinates": [
     147.0111687,
     -41.53325084
    ]
   },
   "properties": {
    "name": "21 SOUTH STREET CARRICK 7291",
    "locID": "LOC000133750711",
    "tech": "WIRELESS",
    "upgrade": "NULL_NA",
    "gnaf_pid": "GATAS717059390",
    "tech_change_status": "Not Planned",
    "program_type": "Fixed Wireless and Satellite Upgrade Program",
    "target_eligibility_quarter": "NA"
   }
  },
  {
   "type": "Feature",
   "geometry": {
    "type": "Point",
    "coordinates": [
     147.00867472,
     -41.56564974
    ]
   },
   "properties": {
    "name": "372 BISHOPSBOURNE ROAD CARRICK 7291",
    "locID": "LOC000088686242",
    "tech": "WIRELESS",
    "upgrade": "NULL_NA",
    "gnaf_pid": "GATAS717122805",
    "tech_change_status": "Not Planned",
    "program_type": "Fixed Wireless and Satellite Upgrade Program",
    "target_eligibility_quarter": "NA"
   }
  },
  {
   "type": "Feature",
   "geometry": {
    "type": "Point",
    "coordinates": [
     147.00037797,
     -41.53231368
    ]
   },
   "properties": {
    "name": "6 MONDS LANE CARRICK 7291",
    "locID": "LOC000021288074",
    "tech": "WIRELESS",
    "upgrade": "NULL_NA",
    "gnaf_pid": "GATAS717490885",
    "tech_change_status": "Not Planned",
    "program_type": "Fixed Wireless and Satellite Upgrade Program",
    "target_eligibility_quarter": "NA"
   }
  },
  {
   "type": "Feature",
   "geometry": {
    "type": "Point",
    "coordinates": [
     147.0116692,
     -41.5276227
    ]
   },
   "properties": {
    "name": "19 SIMMONS STREET CARRICK 7291",
    "locID": "LOC000045726056",
    "tech": "WIRELESS",
    "upgrade": "NULL_NA",
    "gnaf_pid": "GATAS717609973",
    "tech_change_status": "Not Planned",
    "program_type": "Fixed Wireless and Satellite Upgrade Program",
    "target_eligibility_quarter": "NA"
   }
  },
  {
   "type": "Feature",
   "geometry": {
    "type": "Point",
    "coordinates": [
     147.00295689,
     -41.537761
    ]
   },
   "properties": {
    "name": "54 BISHOPSBOURNE ROAD CARRICK 7291",
    "locID": "LOC000013500883",
    "tech": "WIRELESS",
    "upgrade": "NULL_NA",
    "gnaf_pid": "GATAS717648515",
    "tech_change_status": "Not Planned",
    "program_type": "Fixed Wireless and Satellite Upgrade Program",
    "target_eligibility_quarter": "NA"
   }
  },
  {
   "type": "Feature",
   "geometry": {
    "type": "Point",
    "coordinates": [
     147.01064332,
     -41.52886067
    ]
   },
   "properties": {
    "name": "UNIT 1, 15 SIMMONS STREET CARRICK 7291",
    "locID": "LOC000111485489",
    "tech": "WIRELESS",
    "upgrade": "NULL_NA",
    "gnaf_pid": "GATAS718063253",
    "tech_change_status": "Not Planned",
    "program_type": "Fixed Wireless and Satellite Upgrade Program",
    "target_eligibility_quarter": "NA"
   }
  },
  {
   "type": "Feature",
   "geometry": {
    "type": "Point",
    "coordinates": [
     147.0104785,
     -41.53378757
    ]
   },
   "properties": {
    "name": "18 SOUTH STREET CARRICK 7291",
    "locID": "LOC100077378646",
    "tech": "WIRELESS",
    "upgrade": "NULL_NA",
    "gnaf_pid": "GATAS718063256",
    "tech_change_status": "Not Planned",
    "program_type": "Fixed Wireless and Satellite Upgrade Program",
    "target_eligibility_quarter": "NA"
   }
  },
  {
   "type": "Feature",
   "geometry": {
    "type": "Point",
    "coordinates": [
     147.01104367,
     -41.5286592
    ]
   },
   "properties": {
    "name": "15 SIMMONS STREET CARRICK 7291",
    "locID": "LOC000111485489",
    "tech": "WIRELESS",
    "upgrade": "NULL_NA",
    "gnaf_pid": "GATAS718063702",
    "tech_change_status": "Not Planned",
    "program_type": "Fixed Wireless and Satellite Upgrade Program",
    "target_eligibility_quarter": "NA"
   }
  },
  {
   "type": "Feature",
   "geometry": {
    "type": "Point",
    "coordinates": [
     147.01084702,
     -41.52874187
    ]
   },
   "properties": {
    "name": "UNIT 2, 15 SIMMONS STREET CARRICK 7291",
    "locID": "LOC000133750674",
    "tech": "WIRELESS",
    "upgrade": "NULL_NA",
    "gnaf_pid": "GATAS718093768",
    "tech_change_status": "Not Planned",
    "program_type": "Fixed Wireless and Satellite Upgrade Program",
    "target_eligibility_quarter": "NA"
   }
  },
  {
   "type": "Feature",
   "geometry": {
    "type": "Point",
    "coordinates": [
     147.01104367,
     -41.5286592
    ]
   },
   "properties": {
    "name": "UNIT 3, 15 SIMMONS STREET CARRICK 7291",
    "locID": "LOC000133750688",
    "tech": "WIRELESS",
    "upgrade": "NULL_NA",
    "gnaf_pid": "GATAS718093769",
    "tech_change_status": "Not Planned",
    "program_type": "Fixed Wireless and Satellite Upgrade Program",
    "target_eligibility_quarter": "NA"
   }
  },
  {
   "type": "Feature",
   "geometry": {
    "type": "Point",
    "coordinates": [
     147.01184572,
     -41.53001354
    ]
   },
   "properties": {
    "name": "5 SIMMONS STREET CARRICK 7291",
    "locID": "LOC000028345173",
    "tech": "WIRELESS",
    "upgrade": "NULL_NA",
    "gnaf_pid": "GATAS718291654",
    "tech_change_status": "Not Planned",
    "program_type": "Fixed Wireless and Satellite Upgrade Program",
    "target_eligibility_quarter": "NA"
   }
  },
  {
   "type": "Feature",
   "geometry": {
    "type": "Point",
    "coordinates": [
     147.01189108,
     -41.52984909
    ]
   },
   "properties": {
    "name": "UNIT 1, 5 SIMMONS STREET CARRICK 7291",
    "locID": "LOC100071981461",
    "tech": "WIRELESS",
    "upgrade": "NULL_NA",
    "gnaf_pid": "GATAS718294939",
    "tech_change_status": "Not Planned",
    "program_type": "Fixed Wireless and Satellite Upgrade Program",
    "target_eligibility_quarter": "NA"
   }
  },
  {
   "type": "Feature",
   "geometry": {
    "type": "Point",
    "coordinates": [
     147.01184572,
     -41.53001354
    ]
   },
   "properties": {
    "name": "UNIT 2, 5 SIMMONS STREET CARRICK 7291",
    "locID": "LOC000133750661",
    "tech": "WIRELESS",
    "upgrade": "NULL_NA",
    "gnaf_pid": "GATAS718294940",
    "tech_change_status": "Not Planned",
    "program_type": "Fixed Wireless and Satellite Upgrade Program",
    "target_eligibility_quarter": "NA"
   }
  },
  {
   "type": "Feature",
   "geometry": {
    "type": "Point",
    "coordinates": [
     147.0060472,
     -41.53388252
    ]
   },
   "properties": {
    "name": "2A CHURCH STREET CARRICK 7291",
    "locID": "LOC000133750730",
    "tech": "WIRELESS",
    "upgrade": "NULL_NA",
    "gnaf_pid": "GATAS718336228",
    "tech_change_status": "Not Planned",
    "program_type": "Fixed Wireless and Satellite Upgrade Program",
    "target_eligibility_quarter": "NA"
   }
  },
  {
   "type": "Feature",
   "geometry": {
    "type": "Point",
    "coordinates": [
     147.00596061,
     -41.53417681
    ]
   },
   "properties": {
    "name": "4 CHURCH STREET CARRICK 7291",
    "locID": "LOC000133754569",
    "tech": "WIRELESS",
    "upgrade": "NULL_NA",
    "gnaf_pid": "GATAS718336229",
    "tech_change_status": "Not Planned",
    "program_type": "Fixed Wireless and Satellite Upgrade Program",
    "target_eligibility_quarter": "NA"
   }
  },
  {
   "type": "Feature",
   "geometry": {
    "type": "Point",
    "coordinates": [
     147.00561743,
     -41.53417738
    ]
   },
   "properties": {
    "name": "6 CHURCH STREET CARRICK 7291",
    "locID": "LOC000133754582",
    "tech": "WIRELESS",
    "upgrade": "NULL_NA",
    "gnaf_pid": "GATAS718336230",
    "tech_change_status": "Not Planned",
    "program_type": "Fixed Wireless and Satellite Upgrade Program",
    "target_eligibility_quarter": "NA"
   }
  },
  {
   "type": "Feature",
   "geometry": {
    "type": "Point",
    "coordinates": [
     147.0128157,
     -41.53274385
    ]
   },
   "properties": {
    "name": "24 LIFFEY STREET CARRICK 7291",
    "locID": "LOC100080615426",
    "tech": "WIRELESS",
    "upgrade": "NULL_NA",
    "gnaf_pid": "GATAS718386117",
    "tech_change_status": "Not Planned",
    "program_type": "Fixed Wireless and Satellite Upgrade Program",
    "target_eligibility_quarter": "NA"
   }
  },
  {
   "type": "Feature",
   "geometry": {
    "type": "Point",
    "coordinates": [
     147.01241686,
     -41.53009392
    ]
   },
   "properties": {
    "name": "22 MEANDER VALLEY ROAD CARRICK 7291",
    "locID": "LOC000146700931",
    "tech": "WIRELESS",
    "upgrade": "NULL_NA",
    "gnaf_pid": "GATAS718479748",
    "tech_change_status": "Not Planned",
    "program_type": "Fixed Wireless and Satellite Upgrade Program",
    "target_eligibility_quarter": "NA"
   }
  },
  {
   "type": "Feature",
   "geometry": {
    "type": "Point",
    "coordinates": [
     147.01221875,
     -41.52984608
    ]
   },
   "properties": {
    "name": "22A MEANDER VALLEY ROAD CARRICK 7291",
    "locID": "LOC000146700949",
    "tech": "WIRELESS",
    "upgrade": "NULL_NA",
    "gnaf_pid": "GATAS718479749",
    "tech_change_status": "Not Planned",
    "program_type": "Fixed Wireless and Satellite Upgrade Program",
    "target_eligibility_quarter": "NA"
   }
  },
  {
   "type": "Feature",
   "geometry": {
    "type": "Point",
    "coordinates": [
     147.01163116,
     -41.53033467
    ]
   },
   "properties": {
    "name": "26 MEANDER VALLEY ROAD CARRICK 7291",
    "locID": "LOC000139704757",
    "tech": "WIRELESS",
    "upgrade": "NULL_NA",
    "gnaf_pid": "GATAS718479750",
    "tech_change_status": "Not Planned",
    "program_type": "Fixed Wireless and Satellite Upgrade Program",
    "target_eligibility_quarter": "NA"
   }
  },
  {
   "type": "Feature",
   "geometry": {
    "type": "Point",
    "coordinates": [
     147.00760071,
     -41.53630101
    ]
   },
   "properties": {
    "name": "27A PERCY STREET CARRICK 7291",
    "locID": "LOC000172625010",
    "tech": "WIRELESS",
    "upgrade": "NULL_NA",
    "gnaf_pid": "GATAS718479874",
    "tech_change_status": "Not Planned",
    "program_type": "Fixed Wireless and Satellite Upgrade Program",
    "target_eligibility_quarter": "NA"
   }
  },
  {
   "type": "Feature",
   "geometry": {
    "type": "Point",
    "coordinates": [
     147.0111939,
     -41.52919551
    ]
   },
   "properties": {
    "name": "11A SIMMONS STREET CARRICK 7291",
    "locID": "LOC000143270738",
    "tech": "WIRELESS",
    "upgrade": "NULL_NA",
    "gnaf_pid": "GATAS718546891",
    "tech_change_status": "Not Planned",
    "program_type": "Fixed Wireless and Satellite Upgrade Program",
    "target_eligibility_quarter": "NA"
   }
  },
  {
   "type": "Feature",
   "geometry": {
    "type": "Point",
    "coordinates": [
     147.00767029,
     -41.52947432
    ]
   },
   "properties": {
    "name": "42A MEANDER VALLEY ROAD CARRICK 7291",
    "locID": "LOC000186910211",
    "tech": "WIRELESS",
    "upgrade": "NULL_NA",
    "gnaf_pid": "GATAS718570852",
    "tech_change_status": "Not Planned",
    "program_type": "Fixed Wireless and Satellite Upgrade Program",
    "target_eligibility_quarter": "NA"
   }
  },
  {
   "type": "Feature",
   "geometry": {
    "type": "Point",
    "coordinates": [
     147.006368,
     -41.53767917
    ]
   },
   "properties": {
    "name": "HOUSE 2, 51 BISHOPSBOURNE ROAD CARRICK 7291",
    "locID": "LOC000071809854",
    "tech": "WIRELESS",
    "upgrade": "NULL_NA",
    "gnaf_pid": "GATAS718579422",
    "tech_change_status": "Not Planned",
    "program_type": "Fixed Wireless and Satellite Upgrade Program",
    "target_eligibility_quarter": "NA"
   }
  },
  {
   "type": "Feature",
   "geometry": {
    "type": "Point",
    "coordinates": [
     147.00578673,
     -41.5617609
    ]
   },
   "properties": {
    "name": "292 BISHOPSBOURNE ROAD CARRICK 7291",
    "locID": "LOC000152207764",
    "tech": "WIRELESS",
    "upgrade": "NULL_NA",
    "gnaf_pid": "GATAS718819666",
    "tech_change_status": "Not Planned",
    "program_type": "Fixed Wireless and Satellite Upgrade Program",
    "target_eligibility_quarter": "NA"
   }
  },
  {
   "type": "Feature",
   "geometry": {
    "type": "Point",
    "coordinates": [
     147.00663379,
     -41.53680922
    ]
   },
   "properties": {
    "name": "14 PERCY STREET CARRICK 7291",
    "locID": "LOC100087451377",
    "tech": "WIRELESS",
    "upgrade": "NULL_NA",
    "gnaf_pid": "GATAS718878856",
    "tech_change_status": "Not Planned",
    "program_type": "Fixed Wireless and Satellite Upgrade Program",
    "target_eligibility_quarter": "NA"
   }
  },
  {
   "type": "Feature",
   "geometry": {
    "type": "Point",
    "coordinates": [
     147.01525649,
     -41.53558757
    ]
   },
   "properties": {
    "name": "35 EAST STREET CARRICK 7291",
    "locID": "LOC000185402354",
    "tech": "WIRELESS",
    "upgrade": "NULL_NA",
    "gnaf_pid": "GATAS719145650",
    "tech_change_status": "Not Planned",
    "program_type": "Fixed Wireless and Satellite Upgrade Program",
    "target_eligibility_quarter": "NA"
   }
  },
  {
   "type": "Feature",
   "geometry": {
    "type": "Point",
    "coordinates": [
     147.01096047,
     -41.52687823
    ]
   },
   "properties": {
    "name": "21 SIMMONS STREET CARRICK 7291",
    "locID": "LOC000160921509",
    "tech": "WIRELESS",
    "upgrade": "NULL_NA",
    "gnaf_pid": "GATAS719145824",
    "tech_change_status": "Not Planned",
    "program_type": "Fixed Wireless and Satellite Upgrade Program",
    "target_eligibility_quarter": "NA"
   }
  },
  {
   "type": "Feature",
   "geometry": {
    "type": "Point",
    "coordinates": [
     147.01900803,
     -41.5300113
    ]
   },
   "properties": {
    "name": "39 LIFFEY STREET CARRICK 7291",
    "locID": "LOC000186634530",
    "tech": "WIRELESS",
    "upgrade": "NULL_NA",
    "gnaf_pid": "GATAS719381794",
    "tech_change_status": "Not Planned",
    "program_type": "Fixed Wireless and Satellite Upgrade Program",
    "target_eligibility_quarter": "NA"
   }
  },
  {
   "type": "Feature",
   "geometry": {
    "type": "Point",
    "coordinates": [
     147.01353583,
     -41.53206171
    ]
   },
   "properties": {
    "name": "25 LIFFEY STREET CARRICK 7291",
    "locID": "LOC100072053204",
    "tech": "WIRELESS",
    "upgrade": "NULL_NA",
    "gnaf_pid": "GATAS719381798",
    "tech_change_status": "Not Planned",
    "program_type": "Fixed Wireless and Satellite Upgrade Program",
    "target_eligibility_quarter": "NA"
   }
  },
  {
   "type": "Feature",
   "geometry": {
    "type": "Point",
    "coordinates": [
     147.01083039,
     -41.53558055
    ]
   },
   "properties": {
    "name": "20 SEYMOUR STREET CARRICK 7291",
    "locID": "LOC100078161800",
    "tech": "WIRELESS",
    "upgrade": "NULL_NA",
    "gnaf_pid": "GATAS719381897",
    "tech_change_status": "Not Planned",
    "program_type": "Fixed Wireless and Satellite Upgrade Program",
    "target_eligibility_quarter": "NA"
   }
  },
  {
   "type": "Feature",
   "geometry": {
    "type": "Point",
    "coordinates": [
     147.01411243,
     -41.53200274
    ]
   },
   "properties": {
    "name": "29 LIFFEY STREET CARRICK 7291",
    "locID": "LOC100072053197",
    "tech": "WIRELESS",
    "upgrade": "NULL_NA",
    "gnaf_pid": "GATAS719385257",
    "tech_change_status": "Not Planned",
    "program_type": "Fixed Wireless and Satellite Upgrade Program",
    "target_eligibility_quarter": "NA"
   }
  },
  {
   "type": "Feature",
   "geometry": {
    "type": "Point",
    "coordinates": [
     147.00792807,
     -41.54657129
    ]
   },
   "properties": {
    "name": "4 CHARLIES LANE CARRICK 7291",
    "locID": "LOC100078161885",
    "tech": "WIRELESS",
    "upgrade": "NULL_NA",
    "gnaf_pid": "GATAS719497059",
    "tech_change_status": "Not Planned",
    "program_type": "Fixed Wireless and Satellite Upgrade Program",
    "target_eligibility_quarter": "NA"
   }
  },
  {
   "type": "Feature",
   "geometry": {
    "type": "Point",
    "coordinates": [
     147.01273805,
     -41.54652921
    ]
   },
   "properties": {
    "name": "10 CHARLIES LANE CARRICK 7291",
    "locID": "LOC100072053340",
    "tech": "WIRELESS",
    "upgrade": "NULL_NA",
    "gnaf_pid": "GATAS719497063",
    "tech_change_status": "Not Planned",
    "program_type": "Fixed Wireless and Satellite Upgrade Program",
    "target_eligibility_quarter": "NA"
   }
  },
  {
   "type": "Feature",
   "geometry": {
    "type": "Point",
    "coordinates": [
     147.0160239,
     -41.53947203
    ]
   },
   "properties": {
    "name": "22 CHARLIES LANE CARRICK 7291",
    "locID": "LOC100072053236",
    "tech": "WIRELESS",
    "upgrade": "NULL_NA",
    "gnaf_pid": "GATAS719497065",
    "tech_change_status": "Not Planned",
    "program_type": "Fixed Wireless and Satellite Upgrade Program",
    "target_eligibility_quarter": "NA"
   }
  },
  {
   "type": "Feature",
   "geometry": {
    "type": "Point",
    "coordinates": [
     147.01256317,
     -41.54102761
    ]
   },
   "properties": {
    "name": "18 CHARLIES LANE CARRICK 7291",
    "locID": "LOC100072053258",
    "tech": "WIRELESS",
    "upgrade": "NULL_NA",
    "gnaf_pid": "GATAS719497066",
    "tech_change_status": "Not Planned",
    "program_type": "Fixed Wireless and Satellite Upgrade Program",
    "target_eligibility_quarter": "NA"
   }
  },
  {
   "type": "Feature",
   "geometry": {
    "type": "Point",
    "coordinates": [
     147.0108604,
     -41.54770678
    ]
   },
   "properties": {
    "name": "8 CHARLIES LANE CARRICK 7291",
    "locID": "LOC100077434898",
    "tech": "WIRELESS",
    "upgrade": "NULL_NA",
    "gnaf_pid": "GATAS719497089",
    "tech_change_status": "Not Planned",
    "program_type": "Fixed Wireless and Satellite Upgrade Program",
    "target_eligibility_quarter": "NA"
   }
  },
  {
   "type": "Feature",
   "geometry": {
    "type": "Point",
    "coordinates": [
     147.00010312,
     -41.54175494
    ]
   },
   "properties": {
    "name": "106 BISHOPSBOURNE ROAD CARRICK 7291",
    "locID": "LOC100076898331",
    "tech": "WIRELESS",
    "upgrade": "NULL_NA",
    "gnaf_pid": "GATAS719497090",
    "tech_change_status": "Not Planned",
    "program_type": "Fixed Wireless and Satellite Upgrade Program",
    "target_eligibility_quarter": "NA"
   }
  },
  {
   "type": "Feature",
   "geometry": {
    "type": "Point",
    "coordinates": [
     147.00302427,
     -41.54125483
    ]
   },
   "properties": {
    "name": "98 BISHOPSBOURNE ROAD CARRICK 7291",
    "locID": "LOC000182955565",
    "tech": "WIRELESS",
    "upgrade": "NULL_NA",
    "gnaf_pid": "GATAS719497129",
    "tech_change_status": "Not Planned",
    "program_type": "Fixed Wireless and Satellite Upgrade Program",
    "target_eligibility_quarter": "NA"
   }
  },
  {
   "type": "Feature",
   "geometry": {
    "type": "Point",
    "coordinates": [
     147.00920239,
     -41.54048949
    ]
   },
   "properties": {
    "name": "13 CHARLIES LANE CARRICK 7291",
    "locID": "LOC000177712157",
    "tech": "WIRELESS",
    "upgrade": "NULL_NA",
    "gnaf_pid": "GATAS719497141",
    "tech_change_status": "Not Planned",
    "program_type": "Fixed Wireless and Satellite Upgrade Program",
    "target_eligibility_quarter": "NA"
   }
  },
  {
   "type": "Feature",
   "geometry": {
    "type": "Point",
    "coordinates": [
     147.00919175,
     -41.53977315
    ]
   },
   "properties": {
    "name": "15 CHARLIES LANE CARRICK 7291",
    "locID": "LOC000181752982",
    "tech": "WIRELESS",
    "upgrade": "NULL_NA",
    "gnaf_pid": "GATAS719497180",
    "tech_change_status": "Not Planned",
    "program_type": "Fixed Wireless and Satellite Upgrade Program",
    "target_eligibility_quarter": "NA"
   }
  },
  {
   "type": "Feature",
   "geometry": {
    "type": "Point",
    "coordinates": [
     147.00660406,
     -41.54674932
    ]
   },
   "properties": {
    "name": "2 CHARLIES LANE CARRICK 7291",
    "locID": "LOC000185086327",
    "tech": "WIRELESS",
    "upgrade": "NULL_NA",
    "gnaf_pid": "GATAS719497190",
    "tech_change_status": "Not Planned",
    "program_type": "Fixed Wireless and Satellite Upgrade Program",
    "target_eligibility_quarter": "NA"
   }
  },
  {
   "type": "Feature",
   "geometry": {
    "type": "Point",
    "coordinates": [
     147.00282431,
     -41.54214664
    ]
   },
   "properties": {
    "name": "104 BISHOPSBOURNE ROAD CARRICK 7291",
    "locID": "LOC000185179425",
    "tech": "WIRELESS",
    "upgrade": "NULL_NA",
    "gnaf_pid": "GATAS719497205",
    "tech_change_status": "Not Planned",
    "program_type": "Fixed Wireless and Satellite Upgrade Program",
    "target_eligibility_quarter": "NA"
   }
  },
  {
   "type": "Feature",
   "geometry": {
    "type": "Point",
    "coordinates": [
     147.00040352,
     -41.53756302
    ]
   },
   "properties": {
    "name": "68 BISHOPSBOURNE ROAD CARRICK 7291",
    "locID": "LOC000179030840",
    "tech": "WIRELESS",
    "upgrade": "NULL_NA",
    "gnaf_pid": "GATAS719497206",
    "tech_change_status": "Not Planned",
    "program_type": "Fixed Wireless and Satellite Upgrade Program",
    "target_eligibility_quarter": "NA"
   }
  },
  {
   "type": "Feature",
   "geometry": {
    "type": "Point",
    "coordinates": [
     147.00912622,
     -41.54120575
    ]
   },
   "properties": {
    "name": "11 CHARLIES LANE CARRICK 7291",
    "locID": "LOC000182434437",
    "tech": "WIRELESS",
    "upgrade": "NULL_NA",
    "gnaf_pid": "GATAS719497216",
    "tech_change_status": "Not Planned",
    "program_type": "Fixed Wireless and Satellite Upgrade Program",
    "target_eligibility_quarter": "NA"
   }
  },
  {
   "type": "Feature",
   "geometry": {
    "type": "Point",
    "coordinates": [
     147.00248492,
     -41.53651901
    ]
   },
   "properties": {
    "name": "48 BISHOPSBOURNE ROAD CARRICK 7291",
    "locID": "LOC100085337331",
    "tech": "WIRELESS",
    "upgrade": "NULL_NA",
    "gnaf_pid": "GATAS719497230",
    "tech_change_status": "Not Planned",
    "program_type": "Fixed Wireless and Satellite Upgrade Program",
    "target_eligibility_quarter": "NA"
   }
  },
  {
   "type": "Feature",
   "geometry": {
    "type": "Point",
    "coordinates": [
     147.00139595,
     -41.53908442
    ]
   },
   "properties": {
    "name": "70 BISHOPSBOURNE ROAD CARRICK 7291",
    "locID": "LOC000179990204",
    "tech": "WIRELESS",
    "upgrade": "NULL_NA",
    "gnaf_pid": "GATAS719497244",
    "tech_change_status": "Not Planned",
    "program_type": "Fixed Wireless and Satellite Upgrade Program",
    "target_eligibility_quarter": "NA"
   }
  },
  {
   "type": "Feature",
   "geometry": {
    "type": "Point",
    "coordinates": [
     147.01463849,
     -41.543036
    ]
   },
   "properties": {
    "name": "16 CHARLIES LANE CARRICK 7291",
    "locID": "LOC000180195347",
    "tech": "WIRELESS",
    "upgrade": "NULL_NA",
    "gnaf_pid": "GATAS719497292",
    "tech_change_status": "Not Planned",
    "program_type": "Fixed Wireless and Satellite Upgrade Program",
    "target_eligibility_quarter": "NA"
   }
  },
  {
   "type": "Feature",
   "geometry": {
    "type": "Point",
    "coordinates": [
     147.00887721,
     -41.5429038
    ]
   },
   "properties": {
    "name": "7 CHARLIES LANE CARRICK 7291",
    "locID": "LOC100072053270",
    "tech": "WIRELESS",
    "upgrade": "NULL_NA",
    "gnaf_pid": "GATAS719497297",
    "tech_change_status": "Not Planned",
    "program_type": "Fixed Wireless and Satellite Upgrade Program",
    "target_eligibility_quarter": "NA"
   }
  },
  {
   "type": "Feature",
   "geometry": {
    "type": "Point",
    "coordinates": [
     147.00265244,
     -41.5433002
    ]
   },
   "properties": {
    "name": "118 BISHOPSBOURNE ROAD CARRICK 7291",
    "locID": "LOC100087450849",
    "tech": "WIRELESS",
    "upgrade": "NULL_NA",
    "gnaf_pid": "GATAS719497323",
    "tech_change_status": "Not Planned",
    "program_type": "Fixed Wireless and Satellite Upgrade Program",
    "target_eligibility_quarter": "NA"
   }
  },
  {
   "type": "Feature",
   "geometry": {
    "type": "Point",
    "coordinates": [
     146.99980475,
     -41.54309921
    ]
   },
   "properties": {
    "name": "108 BISHOPSBOURNE ROAD CARRICK 7291",
    "locID": "LOC000179292358",
    "tech": "WIRELESS",
    "upgrade": "NULL_NA",
    "gnaf_pid": "GATAS719497333",
    "tech_change_status": "Not Planned",
    "program_type": "Fixed Wireless and Satellite Upgrade Program",
    "target_eligibility_quarter": "NA"
   }
  },
  {
   "type": "Feature",
   "geometry": {
    "type": "Point",
    "coordinates": [
     147.00742717,
     -41.5448071
    ]
   },
   "properties": {
    "name": "3 CHARLIES LANE CARRICK 7291",
    "locID": "LOC000189961338",
    "tech": "WIRELESS",
    "upgrade": "NULL_NA",
    "gnaf_pid": "GATAS719497334",
    "tech_change_status": "Not Planned",
    "program_type": "Fixed Wireless and Satellite Upgrade Program",
    "target_eligibility_quarter": "NA"
   }
  },
  {
   "type": "Feature",
   "geometry": {
    "type": "Point",
    "coordinates": [
     147.00902061,
     -41.54196077
    ]
   },
   "properties": {
    "name": "9 CHARLIES LANE CARRICK 7291",
    "locID": "LOC100072053262",
    "tech": "WIRELESS",
    "upgrade": "NULL_NA",
    "gnaf_pid": "GATAS719497336",
    "tech_change_status": "Not Planned",
    "program_type": "Fixed Wireless and Satellite Upgrade Program",
    "target_eligibility_quarter": "NA"
   }
  },
  {
   "type": "Feature",
   "geometry": {
    "type": "Point",
    "coordinates": [
     147.00399492,
     -41.5363604
    ]
   },
   "properties": {
    "name": "42 BISHOPSBOURNE ROAD CARRICK 7291",
    "locID": "LOC000183433748",
    "tech": "WIRELESS",
    "upgrade": "NULL_NA",
    "gnaf_pid": "GATAS719497337",
    "tech_change_status": "Not Planned",
    "program_type": "Fixed Wireless and Satellite Upgrade Program",
    "target_eligibility_quarter": "NA"
   }
  },
  {
   "type": "Feature",
   "geometry": {
    "type": "Point",
    "coordinates": [
     147.00038321,
     -41.5361176
    ]
   },
   "properties": {
    "name": "50 BISHOPSBOURNE ROAD CARRICK 7291",
    "locID": "LOC000186314115",
    "tech": "WIRELESS",
    "upgrade": "NULL_NA",
    "gnaf_pid": "GATAS719497338",
    "tech_change_status": "Not Planned",
    "program_type": "Fixed Wireless and Satellite Upgrade Program",
    "target_eligibility_quarter": "NA"
   }
  },
  {
   "type": "Feature",
   "geometry": {
    "type": "Point",
    "coordinates": [
     147.00385003,
     -41.53704703
    ]
   },
   "properties": {
    "name": "46 BISHOPSBOURNE ROAD CARRICK 7291",
    "locID": "LOC000187050082",
    "tech": "WIRELESS",
    "upgrade": "NULL_NA",
    "gnaf_pid": "GATAS719497352",
    "tech_change_status": "Not Planned",
    "program_type": "Fixed Wireless and Satellite Upgrade Program",
    "target_eligibility_quarter": "NA"
   }
  },
  {
   "type": "Feature",
   "geometry": {
    "type": "Point",
    "coordinates": [
     147.01496141,
     -41.54085891
    ]
   },
   "properties": {
    "name": "20 CHARLIES LANE CARRICK 7291",
    "locID": "LOC100072053243",
    "tech": "WIRELESS",
    "upgrade": "NULL_NA",
    "gnaf_pid": "GATAS719497359",
    "tech_change_status": "Not Planned",
    "program_type": "Fixed Wireless and Satellite Upgrade Program",
    "target_eligibility_quarter": "NA"
   }
  },
  {
   "type": "Feature",
   "geometry": {
    "type": "Point",
    "coordinates": [
     147.01224311,
     -41.54326545
    ]
   },
   "properties": {
    "name": "14 CHARLIES LANE CARRICK 7291",
    "locID": "LOC000179396738",
    "tech": "WIRELESS",
    "upgrade": "NULL_NA",
    "gnaf_pid": "GATAS719497380",
    "tech_change_status": "Not Planned",
    "program_type": "Fixed Wireless and Satellite Upgrade Program",
    "target_eligibility_quarter": "NA"
   }
  },
  {
   "type": "Feature",
   "geometry": {
    "type": "Point",
    "coordinates": [
     147.00575637,
     -41.54486733
    ]
   },
   "properties": {
    "name": "1 CHARLIES LANE CARRICK 7291",
    "locID": "LOC100072053340",
    "tech": "WIRELESS",
    "upgrade": "NULL_NA",
    "gnaf_pid": "GATAS719497400",
    "tech_change_status": "Not Planned",
    "program_type": "Fixed Wireless and Satellite Upgrade Program",
    "target_eligibility_quarter": "NA"
   }
  },
  {
   "type": "Feature",
   "geometry": {
    "type": "Point",
    "coordinates": [
     147.0013262,
     -41.54055039
    ]
   },
   "properties": {
    "name": "90 BISHOPSBOURNE ROAD CARRICK 7291",
    "locID": "LOC000186108998",
    "tech": "WIRELESS",
    "upgrade": "NULL_NA",
    "gnaf_pid": "GATAS719497401",
    "tech_change_status": "Not Planned",
    "program_type": "Fixed Wireless and Satellite Upgrade Program",
    "target_eligibility_quarter": "NA"
   }
  },
  {
   "type": "Feature",
   "geometry": {
    "type": "Point",
    "coordinates": [
     147.00393147,
     -41.53669073
    ]
   },
   "properties": {
    "name": "44 BISHOPSBOURNE ROAD CARRICK 7291",
    "locID": "LOC100087450812",
    "tech": "WIRELESS",
    "upgrade": "NULL_NA",
    "gnaf_pid": "GATAS719497402",
    "tech_change_status": "Not Planned",
    "program_type": "Fixed Wireless and Satellite Upgrade Program",
    "target_eligibility_quarter": "NA"
   }
  },
  {
   "type": "Feature",
   "geometry": {
    "type": "Point",
    "coordinates": [
     147.01434935,
     -41.54547739
    ]
   },
   "properties": {
    "name": "12 CHARLIES LANE CARRICK 7291",
    "locID": "LOC100072053289",
    "tech": "WIRELESS",
    "upgrade": "NULL_NA",
    "gnaf_pid": "GATAS719497403",
    "tech_change_status": "Not Planned",
    "program_type": "Fixed Wireless and Satellite Upgrade Program",
    "target_eligibility_quarter": "NA"
   }
  },
  {
   "type": "Feature",
   "geometry": {
    "type": "Point",
    "coordinates": [
     147.00333064,
     -41.53982364
    ]
   },
   "properties": {
    "name": "78 BISHOPSBOURNE ROAD CARRICK 7291",
    "locID": "LOC000182907772",
    "tech": "WIRELESS",
    "upgrade": "NULL_NA",
    "gnaf_pid": "GATAS719497404",
    "tech_change_status": "Not Planned",
    "program_type": "Fixed Wireless and Satellite Upgrade Program",
    "target_eligibility_quarter": "NA"
   }
  },
  {
   "type": "Feature",
   "geometry": {
    "type": "Point",
    "coordinates": [
     147.00494281,
     -41.53862062
    ]
   },
   "properties": {
    "name": "67 BISHOPSBOURNE ROAD CARRICK 7291",
    "locID": "LOC000052501497",
    "tech": "WIRELESS",
    "upgrade": "NULL_NA",
    "gnaf_pid": "GATAS719851333",
    "tech_change_status": "Not Planned",
    "program_type": "Fixed Wireless and Satellite Upgrade Program",
    "target_eligibility_quarter": "NA"
   }
  },
  {
   "type": "Feature",
   "geometry": {
    "type": "Point",
    "coordinates": [
     147.01269793,
     -41.53847502
    ]
   },
   "properties": {
    "name": "26 CHARLIES LANE CARRICK 7291",
    "locID": "LOC000189936839",
    "tech": "WIRELESS",
    "upgrade": "NULL_NA",
    "gnaf_pid": "GATAS720026758",
    "tech_change_status": "Not Planned",
    "program_type": "Fixed Wireless and Satellite Upgrade Program",
    "target_eligibility_quarter": "NA"
   }
  },
  {
   "type": "Feature",
   "geometry": {
    "type": "Point",
    "coordinates": [
     147.01285133,
     -41.53783306
    ]
   },
   "properties": {
    "name": "28 CHARLIES LANE CARRICK 7291",
    "locID": "LOC100078796157",
    "tech": "WIRELESS",
    "upgrade": "NULL_NA",
    "gnaf_pid": "GATAS720026870",
    "tech_change_status": "Not Planned",
    "program_type": "Fixed Wireless and Satellite Upgrade Program",
    "target_eligibility_quarter": "NA"
   }
  },
  {
   "type": "Feature",
   "geometry": {
    "type": "Point",
    "coordinates": [
     147.01617162,
     -41.53846958
    ]
   },
   "properties": {
    "name": "30 CHARLIES LANE CARRICK 7291",
    "locID": "LOC100076354532",
    "tech": "WIRELESS",
    "upgrade": "NULL_NA",
    "gnaf_pid": "GATAS720026902",
    "tech_change_status": "Not Planned",
    "program_type": "Fixed Wireless and Satellite Upgrade Program",
    "target_eligibility_quarter": "NA"
   }
  },
  {
   "type": "Feature",
   "geometry": {
    "type": "Point",
    "coordinates": [
     147.01090983,
     -41.53205727
    ]
   },
   "properties": {
    "name": "UNIT 1, 11 LIFFEY STREET CARRICK 7291",
    "locID": "LOC000187978203",
    "tech": "WIRELESS",
    "upgrade": "NULL_NA",
    "gnaf_pid": "GATAS720026986",
    "tech_change_status": "Not Planned",
    "program_type": "Fixed Wireless and Satellite Upgrade Program",
    "target_eligibility_quarter": "NA"
   }
  },
  {
   "type": "Feature",
   "geometry": {
    "type": "Point",
    "coordinates": [
     147.01252626,
     -41.53914982
    ]
   },
   "properties": {
    "name": "24 CHARLIES LANE CARRICK 7291",
    "locID": "LOC000185086327",
    "tech": "WIRELESS",
    "upgrade": "NULL_NA",
    "gnaf_pid": "GATAS720027063",
    "tech_change_status": "Not Planned",
    "program_type": "Fixed Wireless and Satellite Upgrade Program",
    "target_eligibility_quarter": "NA"
   }
  },
  {
   "type": "Feature",
   "geometry": {
    "type": "Point",
    "coordinates": [
     147.0109632,
     -41.53184585
    ]
   },
   "properties": {
    "name": "UNIT 2, 11 LIFFEY STREET CARRICK 7291",
    "locID": "LOC100078171335",
    "tech": "WIRELESS",
    "upgrade": "NULL_NA",
    "gnaf_pid": "GATAS720027234",
    "tech_change_status": "Not Planned",
    "program_type": "Fixed Wireless and Satellite Upgrade Program",
    "target_eligibility_quarter": "NA"
   }
  },
  {
   "type": "Feature",
   "geometry": {
    "type": "Point",
    "coordinates": [
     147.010352,
     -41.53311788
    ]
   },
   "properties": {
    "name": "15 SOUTH STREET CARRICK 7291",
    "locID": "LOC000187087949",
    "tech": "WIRELESS",
    "upgrade": "NULL_NA",
    "gnaf_pid": "GATAS720119138",
    "tech_change_status": "Not Planned",
    "program_type": "Fixed Wireless and Satellite Upgrade Program",
    "target_eligibility_quarter": "NA"
   }
  },
  {
   "type": "Feature",
   "geometry": {
    "type": "Point",
    "coordinates": [
     147.00995671,
     -41.53286117
    ]
   },
   "properties": {
    "name": "5 ASHBURNER STREET CARRICK 7291",
    "locID": "LOC100079135062",
    "tech": "WIRELESS",
    "upgrade": "NULL_NA",
    "gnaf_pid": "GATAS720119242",
    "tech_change_status": "Not Planned",
    "program_type": "Fixed Wireless and Satellite Upgrade Program",
    "target_eligibility_quarter": "NA"
   }
  },
  {
   "type": "Feature",
   "geometry": {
    "type": "Point",
    "coordinates": [
     147.00654721,
     -41.53399846
    ]
   },
   "properties": {
    "name": "1B SEYMOUR STREET CARRICK 7291",
    "locID": "LOC100079901283",
    "tech": "WIRELESS",
    "upgrade": "NULL_NA",
    "gnaf_pid": "GATAS720193327",
    "tech_change_status": "Not Planned",
    "program_type": "Fixed Wireless and Satellite Upgrade Program",
    "target_eligibility_quarter": "NA"
   }
  },
  {
   "type": "Feature",
   "geometry": {
    "type": "Point",
    "coordinates": [
     147.00656196,
     -41.53431911
    ]
   },
   "properties": {
    "name": "1A SEYMOUR STREET CARRICK 7291",
    "locID": "LOC000188549723",
    "tech": "WIRELESS",
    "upgrade": "NULL_NA",
    "gnaf_pid": "GATAS720193530",
    "tech_change_status": "Not Planned",
    "program_type": "Fixed Wireless and Satellite Upgrade Program",
    "target_eligibility_quarter": "NA"
   }
  },
  {
   "type": "Feature",
   "geometry": {
    "type": "Point",
    "coordinates": [
     147.00693588,
     -41.53403471
    ]
   },
   "properties": {
    "name": "1C SEYMOUR STREET CARRICK 7291",
    "locID": "LOC000182700444",
    "tech": "WIRELESS",
    "upgrade": "NULL_NA",
    "gnaf_pid": "GATAS720194020",
    "tech_change_status": "Not Planned",
    "program_type": "Fixed Wireless and Satellite Upgrade Program",
    "target_eligibility_quarter": "NA"
   }
  },
  {
   "type": "Feature",
   "geometry": {
    "type": "Point",
    "coordinates": [
     147.00829728,
     -41.52479707
    ]
   },
   "properties": {
    "name": "25 SIMMONS STREET CARRICK 7291",
    "locID": "LOC100078161788",
    "tech": "WIRELESS",
    "upgrade": "NULL_NA",
    "gnaf_pid": "GATAS720275042",
    "tech_change_status": "Not Planned",
    "program_type": "Fixed Wireless and Satellite Upgrade Program",
    "target_eligibility_quarter": "NA"
   }
  },
  {
   "type": "Feature",
   "geometry": {
    "type": "Point",
    "coordinates": [
     147.00870893,
     -41.54923994
    ]
   },
   "properties": {
    "name": "185 BISHOPSBOURNE ROAD CARRICK 7291",
    "locID": "LOC000189323586",
    "tech": "WIRELESS",
    "upgrade": "NULL_NA",
    "gnaf_pid": "GATAS720275827",
    "tech_change_status": "Not Planned",
    "program_type": "Fixed Wireless and Satellite Upgrade Program",
    "target_eligibility_quarter": "NA"
   }
  },
  {
   "type": "Feature",
   "geometry": {
    "type": "Point",
    "coordinates": [
     147.01271671,
     -41.54921059
    ]
   },
   "properties": {
    "name": "193 BISHOPSBOURNE ROAD CARRICK 7291",
    "locID": "LOC000187911891",
    "tech": "WIRELESS",
    "upgrade": "NULL_NA",
    "gnaf_pid": "GATAS720275859",
    "tech_change_status": "Not Planned",
    "program_type": "Fixed Wireless and Satellite Upgrade Program",
    "target_eligibility_quarter": "NA"
   }
  },
  {
   "type": "Feature",
   "geometry": {
    "type": "Point",
    "coordinates": [
     147.01009972,
     -41.52561596
    ]
   },
   "properties": {
    "name": "23 SIMMONS STREET CARRICK 7291",
    "locID": "LOC100087450854",
    "tech": "WIRELESS",
    "upgrade": "NULL_NA",
    "gnaf_pid": "GATAS720275957",
    "tech_change_status": "Not Planned",
    "program_type": "Fixed Wireless and Satellite Upgrade Program",
    "target_eligibility_quarter": "NA"
   }
  },
  {
   "type": "Feature",
   "geometry": {
    "type": "Point",
    "coordinates": [
     147.0109888,
     -41.53168089
    ]
   },
   "properties": {
    "name": "UNIT 3, 11 LIFFEY STREET CARRICK 7291",
    "locID": "LOC000186754747",
    "tech": "WIRELESS",
    "upgrade": "NULL_NA",
    "gnaf_pid": "GATAS720345554",
    "tech_change_status": "Not Planned",
    "program_type": "Fixed Wireless and Satellite Upgrade Program",
    "target_eligibility_quarter": "NA"
   }
  },
  {
   "type": "Feature",
   "geometry": {
    "type": "Point",
    "coordinates": [
     147.01107914,
     -41.53154727
    ]
   },
   "properties": {
    "name": "UNIT 4, 11 LIFFEY STREET CARRICK 7291",
    "locID": "LOC000187978203",
    "tech": "WIRELESS",
    "upgrade": "NULL_NA",
    "gnaf_pid": "GATAS720484760",
    "tech_change_status": "Not Planned",
    "program_type": "Fixed Wireless and Satellite Upgrade Program",
    "target_eligibility_quarter": "NA"
   }
  },
  {
   "type": "Feature",
   "geometry": {
    "type": "Point",
    "coordinates": [
     147.01372929,
     -41.53203318
    ]
   },
   "properties": {
    "name": "27 LIFFEY STREET CARRICK 7291",
    "locID": "LOC000189144762",
    "tech": "WIRELESS",
    "upgrade": "NULL_NA",
    "gnaf_pid": "GATAS720558644",
    "tech_change_status": "Not Planned",
    "program_type": "Fixed Wireless and Satellite Upgrade Program",
    "target_eligibility_quarter": "NA"
   }
  },
  {
   "type": "Feature",
   "geometry": {
    "type": "Point",
    "coordinates": [
     147.00584292,
     -41.54984777
    ]
   },
   "properties": {
    "name": "3 POPPY LANE CARRICK 7291",
    "locID": "LOC100084905296",
    "tech": "WIRELESS",
    "upgrade": "NULL_NA",
    "gnaf_pid": "GATAS720640063",
    "tech_change_status": "Not Planned",
    "program_type": "Fixed Wireless and Satellite Upgrade Program",
    "target_eligibility_quarter": "NA"
   }
  },
  {
   "type": "Feature",
   "geometry": {
    "type": "Point",
    "coordinates": [
     147.00489541,
     -41.54841888
    ]
   },
   "properties": {
    "name": "4 POPPY LANE CARRICK 7291",
    "locID": "LOC100078219682",
    "tech": "WIRELESS",
    "upgrade": "NULL_NA",
    "gnaf_pid": "GATAS720640355",
    "tech_change_status": "Not Planned",
    "program_type": "Fixed Wireless and Satellite Upgrade Program",
    "target_eligibility_quarter": "NA"
   }
  },
  {
   "type": "Feature",
   "geometry": {
    "type": "Point",
    "coordinates": [
     147.00465735,
     -41.53444596
    ]
   },
   "properties": {
    "name": "5A CHURCH STREET CARRICK 7291",
    "locID": "LOC100080401719",
    "tech": "WIRELESS",
    "upgrade": "NULL_NA",
    "gnaf_pid": "GATAS720712991",
    "tech_change_status": "Not Planned",
    "program_type": "Fixed Wireless and Satellite Upgrade Program",
    "target_eligibility_quarter": "NA"
   }
  },
  {
   "type": "Feature",
   "geometry": {
    "type": "Point",
    "coordinates": [
     147.00593961,
     -41.53875848
    ]
   },
   "properties": {
    "name": "69 BISHOPSBOURNE ROAD CARRICK 7291",
    "locID": "LOC100080698880",
    "tech": "WIRELESS",
    "upgrade": "NULL_NA",
    "gnaf_pid": "GATAS720882605",
    "tech_change_status": "Not Planned",
    "program_type": "Fixed Wireless and Satellite Upgrade Program",
    "target_eligibility_quarter": "NA"
   }
  },
  {
   "type": "Feature",
   "geometry": {
    "type": "Point",
    "coordinates": [
     147.00511704,
     -41.54051361
    ]
   },
   "properties": {
    "name": "81 BISHOPSBOURNE ROAD CARRICK 7291",
    "locID": "LOC100087450751",
    "tech": "WIRELESS",
    "upgrade": "NULL_NA",
    "gnaf_pid": "GATAS720882703",
    "tech_change_status": "Not Planned",
    "program_type": "Fixed Wireless and Satellite Upgrade Program",
    "target_eligibility_quarter": "NA"
   }
  },
  {
   "type": "Feature",
   "geometry": {
    "type": "Point",
    "coordinates": [
     147.00568429,
     -41.54202613
    ]
   },
   "properties": {
    "name": "97 BISHOPSBOURNE ROAD CARRICK 7291",
    "locID": "LOC000190392632",
    "tech": "WIRELESS",
    "upgrade": "NULL_NA",
    "gnaf_pid": "GATAS720882814",
    "tech_change_status": "Not Planned",
    "program_type": "Fixed Wireless and Satellite Upgrade Program",
    "target_eligibility_quarter": "NA"
   }
  },
  {
   "type": "Feature",
   "geometry": {
    "type": "Point",
    "coordinates": [
     147.01496888,
     -41.53258463
    ]
   },
   "properties": {
    "name": "34A LIFFEY STREET CARRICK 7291",
    "locID": "LOC000192180598",
    "tech": "WIRELESS",
    "upgrade": "NULL_NA",
    "gnaf_pid": "GATAS720882843",
    "tech_change_status": "Not Planned",
    "program_type": "Fixed Wireless and Satellite Upgrade Program",
    "target_eligibility_quarter": "NA"
   }
  },
  {
   "type": "Feature",
   "geometry": {
    "type": "Point",
    "coordinates": [
     147.00516129,
     -41.53995684
    ]
   },
   "properties": {
    "name": "79 BISHOPSBOURNE ROAD CARRICK 7291",
    "locID": "LOC100082332003",
    "tech": "WIRELESS",
    "upgrade": "NULL_NA",
    "gnaf_pid": "GATAS720882850",
    "tech_change_status": "Not Planned",
    "program_type": "Fixed Wireless and Satellite Upgrade Program",
    "target_eligibility_quarter": "NA"
   }
  },
  {
   "type": "Feature",
   "geometry": {
    "type": "Point",
    "coordinates": [
     147.00491087,
     -41.54119099
    ]
   },
   "properties": {
    "name": "95 BISHOPSBOURNE ROAD CARRICK 7291",
    "locID": "LOC100087450798",
    "tech": "WIRELESS",
    "upgrade": "NULL_NA",
    "gnaf_pid": "GATAS720882894",
    "tech_change_status": "Not Planned",
    "program_type": "Fixed Wireless and Satellite Upgrade Program",
    "target_eligibility_quarter": "NA"
   }
  },
  {
   "type": "Feature",
   "geometry": {
    "type": "Point",
    "coordinates": [
     147.00675801,
     -41.54011585
    ]
   },
   "properties": {
    "name": "75 BISHOPSBOURNE ROAD CARRICK 7291",
    "locID": "LOC100080063884",
    "tech": "WIRELESS",
    "upgrade": "NULL_NA",
    "gnaf_pid": "GATAS720882958",
    "tech_change_status": "Not Planned",
    "program_type": "Fixed Wireless and Satellite Upgrade Program",
    "target_eligibility_quarter": "NA"
   }
  },
  {
   "type": "Feature",
   "geometry": {
    "type": "Point",
    "coordinates": [
     147.01521506,
     -41.53257043
    ]
   },
   "properties": {
    "name": "34B LIFFEY STREET CARRICK 7291",
    "locID": "LOC000193371679",
    "tech": "WIRELESS",
    "upgrade": "NULL_NA",
    "gnaf_pid": "GATAS720883003",
    "tech_change_status": "Not Planned",
    "program_type": "Fixed Wireless and Satellite Upgrade Program",
    "target_eligibility_quarter": "NA"
   }
  },
  {
   "type": "Feature",
   "geometry": {
    "type": "Point",
    "coordinates": [
     147.00564472,
     -41.54356489
    ]
   },
   "properties": {
    "name": "113 BISHOPSBOURNE ROAD CARRICK 7291",
    "locID": "LOC100082418036",
    "tech": "WIRELESS",
    "upgrade": "NULL_NA",
    "gnaf_pid": "GATAS720883037",
    "tech_change_status": "Not Planned",
    "program_type": "Fixed Wireless and Satellite Upgrade Program",
    "target_eligibility_quarter": "NA"
   }
  },
  {
   "type": "Feature",
   "geometry": {
    "type": "Point",
    "coordinates": [
     147.01466647,
     -41.52944284
    ]
   },
   "properties": {
    "name": "8 MEANDER VALLEY ROAD CARRICK 7291",
    "locID": "LOC100087450590",
    "tech": "WIRELESS",
    "upgrade": "NULL_NA",
    "gnaf_pid": "GATAS720951048",
    "tech_change_status": "Not Planned",
    "program_type": "Fixed Wireless and Satellite Upgrade Program",
    "target_eligibility_quarter": "NA"
   }
  },
  {
   "type": "Feature",
   "geometry": {
    "type": "Point",
    "coordinates": [
     147.00410749,
     -41.55023796
    ]
   },
   "properties": {
    "name": "23 POPPY LANE CARRICK 7291",
    "locID": "LOC100087453586",
    "tech": "WIRELESS",
    "upgrade": "NULL_NA",
    "gnaf_pid": "GATAS721084061",
    "tech_change_status": "Not Planned",
    "program_type": "Fixed Wireless and Satellite Upgrade Program",
    "target_eligibility_quarter": "NA"
   }
  },
  {
   "type": "Feature",
   "geometry": {
    "type": "Point",
    "coordinates": [
     147.00070203,
     -41.55050988
    ]
   },
   "properties": {
    "name": "39 POPPY LANE CARRICK 7291",
    "locID": "LOC100087451383",
    "tech": "WIRELESS",
    "upgrade": "NULL_NA",
    "gnaf_pid": "GATAS721084094",
    "tech_change_status": "Not Planned",
    "program_type": "Fixed Wireless and Satellite Upgrade Program",
    "target_eligibility_quarter": "NA"
   }
  },
  {
   "type": "Feature",
   "geometry": {
    "type": "Point",
    "coordinates": [
     147.01285777,
     -41.53272215
    ]
   },
   "properties": {
    "name": "UNIT 2, 24 LIFFEY STREET CARRICK 7291",
    "locID": "LOC100080579606",
    "tech": "WIRELESS",
    "upgrade": "NULL_NA",
    "gnaf_pid": "GATAS721190404",
    "tech_change_status": "Not Planned",
    "program_type": "Fixed Wireless and Satellite Upgrade Program",
    "target_eligibility_quarter": "NA"
   }
  },
  {
   "type": "Feature",
   "geometry": {
    "type": "Point",
    "coordinates": [
     147.01028533,
     -41.53877909
    ]
   },
   "properties": {
    "name": "19 CHARLIES LANE CARRICK 7291",
    "locID": "LOC100082025969",
    "tech": "WIRELESS",
    "upgrade": "NULL_NA",
    "gnaf_pid": "GATAS721190466",
    "tech_change_status": "Not Planned",
    "program_type": "Fixed Wireless and Satellite Upgrade Program",
    "target_eligibility_quarter": "NA"
   }
  },
  {
   "type": "Feature",
   "geometry": {
    "type": "Point",
    "coordinates": [
     147.01280995,
     -41.53298034
    ]
   },
   "properties": {
    "name": "UNIT 4, 24 LIFFEY STREET CARRICK 7291",
    "locID": "LOC100080936064",
    "tech": "WIRELESS",
    "upgrade": "NULL_NA",
    "gnaf_pid": "GATAS721190552",
    "tech_change_status": "Not Planned",
    "program_type": "Fixed Wireless and Satellite Upgrade Program",
    "target_eligibility_quarter": "NA"
   }
  },
  {
   "type": "Feature",
   "geometry": {
    "type": "Point",
    "coordinates": [
     147.01056302,
     -41.53733284
    ]
   },
   "properties": {
    "name": "34 PERCY STREET CARRICK 7291",
    "locID": "LOC100085526308",
    "tech": "WIRELESS",
    "upgrade": "NULL_NA",
    "gnaf_pid": "GATAS721190661",
    "tech_change_status": "Not Planned",
    "program_type": "Fixed Wireless and Satellite Upgrade Program",
    "target_eligibility_quarter": "NA"
   }
  },
  {
   "type": "Feature",
   "geometry": {
    "type": "Point",
    "coordinates": [
     147.01286922,
     -41.53259204
    ]
   },
   "properties": {
    "name": "UNIT 1, 24 LIFFEY STREET CARRICK 7291",
    "locID": "LOC100080619075",
    "tech": "WIRELESS",
    "upgrade": "NULL_NA",
    "gnaf_pid": "GATAS721190666",
    "tech_change_status": "Not Planned",
    "program_type": "Fixed Wireless and Satellite Upgrade Program",
    "target_eligibility_quarter": "NA"
   }
  },
  {
   "type": "Feature",
   "geometry": {
    "type": "Point",
    "coordinates": [
     147.01308432,
     -41.53305373
    ]
   },
   "properties": {
    "name": "UNIT 5, 24 LIFFEY STREET CARRICK 7291",
    "locID": "LOC100080421608",
    "tech": "WIRELESS",
    "upgrade": "NULL_NA",
    "gnaf_pid": "GATAS721190847",
    "tech_change_status": "Not Planned",
    "program_type": "Fixed Wireless and Satellite Upgrade Program",
    "target_eligibility_quarter": "NA"
   }
  },
  {
   "type": "Feature",
   "geometry": {
    "type": "Point",
    "coordinates": [
     147.00768265,
     -41.53480395
    ]
   },
   "properties": {
    "name": "2A SEYMOUR STREET CARRICK 7291",
    "locID": "LOC000072539159",
    "tech": "WIRELESS",
    "upgrade": "NULL_NA",
    "gnaf_pid": "GATAS721190878",
    "tech_change_status": "Not Planned",
    "program_type": "Fixed Wireless and Satellite Upgrade Program",
    "target_eligibility_quarter": "NA"
   }
  },
  {
   "type": "Feature",
   "geometry": {
    "type": "Point",
    "coordinates": [
     147.01285697,
     -41.53283506
    ]
   },
   "properties": {
    "name": "UNIT 3, 24 LIFFEY STREET CARRICK 7291",
    "locID": "LOC100080615426",
    "tech": "WIRELESS",
    "upgrade": "NULL_NA",
    "gnaf_pid": "GATAS721190926",
    "tech_change_status": "Not Planned",
    "program_type": "Fixed Wireless and Satellite Upgrade Program",
    "target_eligibility_quarter": "NA"
   }
  },
  {
   "type": "Feature",
   "geometry": {
    "type": "Point",
    "coordinates": [
     147.01294165,
     -41.53056795
    ]
   },
   "properties": {
    "name": "1 EAST STREET CARRICK 7291",
    "locID": "LOC000035903057",
    "tech": "WIRELESS",
    "upgrade": "NULL_NA",
    "gnaf_pid": "GATAS721208723",
    "tech_change_status": "Not Planned",
    "program_type": "Fixed Wireless and Satellite Upgrade Program",
    "target_eligibility_quarter": "NA"
   }
  },
  {
   "type": "Feature",
   "geometry": {
    "type": "Point",
    "coordinates": [
     147.0117562,
     -41.53328221
    ]
   },
   "properties": {
    "name": "16 EAST STREET CARRICK 7291",
    "locID": "LOC100085390027",
    "tech": "WIRELESS",
    "upgrade": "NULL_NA",
    "gnaf_pid": "GATAS721272754",
    "tech_change_status": "Not Planned",
    "program_type": "Fixed Wireless and Satellite Upgrade Program",
    "target_eligibility_quarter": "NA"
   }
  },
  {
   "type": "Feature",
   "geometry": {
    "type": "Point",
    "coordinates": [
     147.01137893,
     -41.53341805
    ]
   },
   "properties": {
    "name": "23 SOUTH STREET CARRICK 7291",
    "locID": "LOC100085205831",
    "tech": "WIRELESS",
    "upgrade": "NULL_NA",
    "gnaf_pid": "GATAS721272981",
    "tech_change_status": "Not Planned",
    "program_type": "Fixed Wireless and Satellite Upgrade Program",
    "target_eligibility_quarter": "NA"
   }
  },
  {
   "type": "Feature",
   "geometry": {
    "type": "Point",
    "coordinates": [
     147.00740932,
     -41.53521975
    ]
   },
   "properties": {
    "name": "3 HORSEPOWER LANE CARRICK 7291",
    "locID": "LOC100086135013",
    "tech": "WIRELESS",
    "upgrade": "NULL_NA",
    "gnaf_pid": "GATAS721404224",
    "tech_change_status": "Not Planned",
    "program_type": "Fixed Wireless and Satellite Upgrade Program",
    "target_eligibility_quarter": "NA"
   }
  },
  {
   "type": "Feature",
   "geometry": {
    "type": "Point",
    "coordinates": [
     147.0066653,
     -41.53493352
    ]
   },
   "properties": {
    "name": "2 HORSEPOWER LANE CARRICK 7291",
    "locID": "LOC100086135009",
    "tech": "WIRELESS",
    "upgrade": "NULL_NA",
    "gnaf_pid": "GATAS721404535",
    "tech_change_status": "Not Planned",
    "program_type": "Fixed Wireless and Satellite Upgrade Program",
    "target_eligibility_quarter": "NA"
   }
  },
  {
   "type": "Feature",
   "geometry": {
    "type": "Point",
    "coordinates": [
     147.00757357,
     -41.53525482
    ]
   },
   "properties": {
    "name": "UNIT 3, 3 HORSEPOWER LANE CARRICK 7291",
    "locID": "LOC100086134991",
    "tech": "WIRELESS",
    "upgrade": "NULL_NA",
    "gnaf_pid": "GATAS721535494",
    "tech_change_status": "Not Planned",
    "program_type": "Fixed Wireless and Satellite Upgrade Program",
    "target_eligibility_quarter": "NA"
   }
  },
  {
   "type": "Feature",
   "geometry": {
    "type": "Point",
    "coordinates": [
     147.00720741,
     -41.53537042
    ]
   },
   "properties": {
    "name": "UNIT 6, 3 HORSEPOWER LANE CARRICK 7291",
    "locID": "LOC100086135078",
    "tech": "WIRELESS",
    "upgrade": "NULL_NA",
    "gnaf_pid": "GATAS721535560",
    "tech_change_status": "Not Planned",
    "program_type": "Fixed Wireless and Satellite Upgrade Program",
    "target_eligibility_quarter": "NA"
   }
  },
  {
   "type": "Feature",
   "geometry": {
    "type": "Point",
    "coordinates": [
     147.00752923,
     -41.5354476
    ]
   },
   "properties": {
    "name": "UNIT 5, 3 HORSEPOWER LANE CARRICK 7291",
    "locID": "LOC100086135050",
    "tech": "WIRELESS",
    "upgrade": "NULL_NA",
    "gnaf_pid": "GATAS721535621",
    "tech_change_status": "Not Planned",
    "program_type": "Fixed Wireless and Satellite Upgrade Program",
    "target_eligibility_quarter": "NA"
   }
  },
  {
   "type": "Feature",
   "geometry": {
    "type": "Point",
    "coordinates": [
     147.00761737,
     -41.5350669
    ]
   },
   "properties": {
    "name": "UNIT 1, 3 HORSEPOWER LANE CARRICK 7291",
    "locID": "LOC100086134991",
    "tech": "WIRELESS",
    "upgrade": "NULL_NA",
    "gnaf_pid": "GATAS721535973",
    "tech_change_status": "Not Planned",
    "program_type": "Fixed Wireless and Satellite Upgrade Program",
    "target_eligibility_quarter": "NA"
   }
  },
  {
   "type": "Feature",
   "geometry": {
    "type": "Point",
    "coordinates": [
     147.00726143,
     -41.53520239
    ]
   },
   "properties": {
    "name": "UNIT 4, 3 HORSEPOWER LANE CARRICK 7291",
    "locID": "LOC100086135032",
    "tech": "WIRELESS",
    "upgrade": "NULL_NA",
    "gnaf_pid": "GATAS721536131",
    "tech_change_status": "Not Planned",
    "program_type": "Fixed Wireless and Satellite Upgrade Program",
    "target_eligibility_quarter": "NA"
   }
  },
  {
   "type": "Feature",
   "geometry": {
    "type": "Point",
    "coordinates": [
     147.00730495,
     -41.53504052
    ]
   },
   "properties": {
    "name": "UNIT 2, 3 HORSEPOWER LANE CARRICK 7291",
    "locID": "LOC100086135009",
    "tech": "WIRELESS",
    "upgrade": "NULL_NA",
    "gnaf_pid": "GATAS721536175",
    "tech_change_status": "Not Planned",
    "program_type": "Fixed Wireless and Satellite Upgrade Program",
    "target_eligibility_quarter": "NA"
   }
  }
 ]
}